tempo,regiao,entidade,localizacao_geografica,taxa_de_utilizacao_global_de_consultas_medicas_1_ano,no_utentes_pelo_menos_1_consulta_medicas_presencial_ou_nao_presencial_1_ano,taxa_de_utilizacao_de_consultas_medicas_3_anos,no_utentes_com_pelo_menos_1_consulta_medica_em_3_anos,ano,mes
2015-01-01,Alentejo,Área dos CSP da ULS Alentejo Central,"38.8442031, -7.5826619",28.38318,47816.0,86.91843,146428.0,2015,1
2015-01-01,Centro,ACES Beira Interior Sul,"39.8211367, -7.5036651",23.06889,17462.0,79.71464,60340.0,2015,1
2015-01-01,Centro,ACES Pinhal Litoral,"39.7495331, -8.807683",20.25194,52218.0,78.50505,202419.0,2015,1
2015-01-01,Centro,ACES Baixo Mondego,"40.2150023, -8.4071805",20.63208,80116.0,77.35921,300392.0,2015,1
2015-01-01,Lisboa e Vale do Tejo,ACES Lisboa Norte,"38.7396924, -9.168506",15.86867,38472.0,71.59256,173569.0,2015,1
2015-01-01,Lisboa e Vale do Tejo,ACES Cascais,"38.69904, -9.3818008",15.02614,28887.0,53.75484,103341.0,2015,1
2015-01-01,Lisboa e Vale do Tejo,ACES Oeste Norte,"39.410844, -9.1396215",23.32234,41917.0,82.73901,148706.0,2015,1
2015-01-01,Lisboa e Vale do Tejo,Área dos CSP da ULS Arco Ribeirinho,"38.6672076, -9.0543329",18.59938,41567.0,70.31716,157149.0,2015,1
2015-01-01,Lisboa e Vale do Tejo,ACES Amadora,"38.7573081, -9.23429",15.00705,25438.0,66.50286,112727.0,2015,1
2015-01-01,Norte,ACES Ave / Famalicão,"41.3835805, -8.4157518",22.21744,28381.0,82.4169,105281.0,2015,1
2015-01-01,Norte,ACES Grande Porto V - Porto Ocidental,"41.1741353, -8.6691662",18.85459,32978.0,74.33493,130017.0,2015,1
2015-02-01,Centro,Área dos CSP da ULS Viseu Dão-Lafões,"40.6565861, -7.9124712",35.38558,98592.0,82.206,229044.0,2015,2
2015-02-01,Lisboa e Vale do Tejo,Área dos CSP da ULS Almada / Seixal,"38.6678522, -9.1875777",29.71793,104419.0,72.15874,253542.0,2015,2
2015-02-01,Lisboa e Vale do Tejo,ACES Oeste Sul,"39.0917759, -9.2600341",31.01227,62094.0,78.45913,157094.0,2015,2
2015-02-01,Lisboa e Vale do Tejo,ACES Lisboa Ocidental e Oeiras,"38.6914388, -9.3184304",25.70127,60307.0,72.63111,170426.0,2015,2
2015-02-01,Lisboa e Vale do Tejo,ACES Loures / Odivelas,"38.8012718, -9.1137868",25.23829,90264.0,66.71886,238618.0,2015,2
2015-02-01,Lisboa e Vale do Tejo,Área dos CSP da ULS Estuário do Tejo,"38.9528113, -8.9911154",26.73304,61251.0,73.87276,169258.0,2015,2
2015-02-01,Lisboa e Vale do Tejo,ACES Lisboa Norte,"38.7396924, -9.168506",25.12267,61131.0,71.95249,175082.0,2015,2
2015-02-01,Norte,ACES Tâmega I - Baixo Tâmega,"41.2719719, -8.0791631",34.72423,61864.0,83.15484,148147.0,2015,2
2015-02-01,Norte,ACES Grande Porto VII - Gaia,"41.1278433, -8.580396",32.93402,50833.0,82.52455,127375.0,2015,2
2015-02-01,Norte,Área dos CSP da ULS Nordeste,"41.8069684, -6.7587977",36.22713,50714.0,85.01454,119011.0,2015,2
2015-02-01,Norte,ACES Grande Porto VI - Porto Oriental,"41.1694498, -8.6126428",33.43623,40076.0,80.30836,96256.0,2015,2
2015-02-01,Norte,ACES Entre Douro e Vouga II - Aveiro Norte,"40.8472225, -8.4656674",34.70081,41481.0,84.29968,100771.0,2015,2
2015-02-01,Norte,ACES Grande Porto II - Gondomar,"41.1738444, -8.5612238",36.73371,61929.0,83.98057,141582.0,2015,2
2015-03-01,Centro,ACES Pinhal Interior Norte,"40.1151262, -8.2473136",53.42217,68632.0,90.69518,116517.0,2015,3
2015-03-01,Lisboa e Vale do Tejo,Área dos CSP da ULS Lezíria,"39.2371689, -8.6908895",43.35903,85677.0,81.75092,161539.0,2015,3
2015-03-01,Lisboa e Vale do Tejo,ACES Amadora,"38.7573081, -9.23429",30.98688,52797.0,68.5477,116795.0,2015,3
2015-03-01,Norte,"ACES Alto Ave - Guimarães, Vizela e Terras de Basto","41.4417064, -8.1722408",47.66202,131296.0,86.87675,239322.0,2015,3
2015-03-01,Norte,Área dos CSP da ULS Póvoa Varzim / Vila Conde,"41.355519, -8.746653",42.01937,64314.0,84.40852,129194.0,2015,3
2015-03-01,Norte,ACES Douro I - Marão e Douro Norte,"41.2968711, -7.7483727",48.43584,53943.0,85.20876,94897.0,2015,3
2015-03-01,Norte,ACES Grande Porto VII - Gaia,"41.1278433, -8.580396",41.71175,64760.0,82.62161,128275.0,2015,3
2015-03-01,Norte,ACES Grande Porto III - Maia / Valongo,"41.2333945, -8.6187474",43.25449,94768.0,83.17891,182240.0,2015,3
2015-03-01,Norte,ACES Tâmega III - Vale do Sousa Norte,"41.2793583, -8.2787457",44.70779,73999.0,83.45427,138131.0,2015,3
2015-03-01,Norte,ACES Cávado I - Braga,"41.5518714, -8.4126362",43.02474,80828.0,83.38745,156655.0,2015,3
2015-03-01,Norte,ACES Grande Porto I - Santo Tirso / Trofa,"41.3469246, -8.4822648",45.74995,54178.0,85.84976,101665.0,2015,3
2015-03-01,Norte,ACES Entre Douro e Vouga I - Feira e Arouca,"40.9263169, -8.5478813",45.18815,72170.0,83.77998,133805.0,2015,3
2015-04-01,Alentejo,Área dos CSP da ULS Alentejo Central,"38.8442031, -7.5826619",58.08473,95658.0,90.066,148327.0,2015,4
2015-04-01,Centro,Área dos CSP da ULS Região de Aveiro,"40.6405055, -8.6537539",51.54579,197991.0,84.42049,324265.0,2015,4
2015-04-01,Lisboa e Vale do Tejo,ACES Amadora,"38.7573081, -9.23429",35.24065,60209.0,68.84361,117620.0,2015,4
2015-04-01,Lisboa e Vale do Tejo,ACES Sintra,"38.7519209, -9.2753636",34.94175,127493.0,69.0876,252082.0,2015,4
2015-04-01,Lisboa e Vale do Tejo,ACES Oeste Sul,"39.0917759, -9.2600341",44.84642,90144.0,79.6026,160006.0,2015,4
2015-04-01,Lisboa e Vale do Tejo,ACES Médio Tejo,"39.478072, -8.5404429",49.42878,113487.0,83.23976,191116.0,2015,4
2015-04-01,Lisboa e Vale do Tejo,ACES Loures / Odivelas,"38.8012718, -9.1137868",37.62352,135281.0,68.95693,247945.0,2015,4
2015-04-01,Lisboa e Vale do Tejo,ACES Lisboa Ocidental e Oeiras,"38.6914388, -9.3184304",37.51664,88519.0,73.46469,173337.0,2015,4
2015-04-01,Lisboa e Vale do Tejo,ACES Lisboa Norte,"38.7396924, -9.168506",36.20437,88881.0,72.5065,178002.0,2015,4
2015-04-01,Lisboa e Vale do Tejo,Área dos CSP da ULS Lezíria,"39.2371689, -8.6908895",48.9986,96882.0,82.1706,162471.0,2015,4
2015-04-01,Lisboa e Vale do Tejo,Área dos CSP da ULS Almada / Seixal,"38.6678522, -9.1875777",40.83194,143884.0,73.50992,259035.0,2015,4
2015-04-01,Lisboa e Vale do Tejo,Área dos CSP da ULS Estuário do Tejo,"38.9528113, -8.9911154",35.94427,82743.0,74.40204,171272.0,2015,4
2015-04-01,Norte,Área dos CSP da ULS Matosinhos,"41.1918541, -8.6590693",51.50599,91162.0,84.14005,148922.0,2015,4
2015-04-01,Norte,ACES Grande Porto II - Gondomar,"41.1738444, -8.5612238",52.98705,89484.0,85.01708,143576.0,2015,4
2015-04-01,Norte,ACES Douro II - Douro Sul,"41.0953745, -7.8123805",54.09237,41319.0,83.39617,63703.0,2015,4
2015-04-01,Norte,Área dos CSP da ULS Póvoa Varzim / Vila Conde,"41.355519, -8.746653",48.45557,74216.0,84.89061,130021.0,2015,4
2015-05-01,Algarve,ACES Algarve I - Algarve Central,"37.0274264, -7.9395984",39.16939,90542.0,72.04041,166525.0,2015,5
2015-05-01,Centro,Área dos CSP da ULS Cova da Beira,"40.2677741, -7.4995083",52.31162,44083.0,82.66168,69659.0,2015,5
2015-05-01,Centro,ACES Baixo Mondego,"40.2150023, -8.4071805",47.93982,181004.0,80.55937,304164.0,2015,5
2015-05-01,Lisboa e Vale do Tejo,ACES Cascais,"38.69904, -9.3818008",39.01379,76096.0,61.16924,119310.0,2015,5
2015-05-01,Lisboa e Vale do Tejo,ACES Loures / Odivelas,"38.8012718, -9.1137868",41.65183,150002.0,69.82004,251445.0,2015,5
2015-05-01,Norte,Área dos CSP da ULS Barcelos / Esposende,"41.5317419, -8.6178922",57.63078,91826.0,87.77293,139853.0,2015,5
2015-05-01,Norte,ACES Grande Porto VII - Gaia,"41.1278433, -8.580396",52.74503,81970.0,83.45452,129695.0,2015,5
2015-05-01,Norte,ACES Alto Trás-os-Montes - Alto Tâmega e Barroso,"41.741781, -7.4731648",56.83844,54707.0,85.28416,82086.0,2015,5
2015-05-01,Norte,ACES Entre Douro e Vouga II - Aveiro Norte,"40.8472225, -8.4656674",54.2197,64882.0,85.82292,102700.0,2015,5
2015-05-01,Norte,Área dos CSP da ULS Nordeste,"41.8069684, -6.7587977",56.59844,79278.0,86.00638,120470.0,2015,5
2015-06-01,Algarve,ACES Algarve II - Algarve Barlavento,"37.1387554, -8.5445093",50.39518,78683.0,80.10978,125077.0,2015,6
2015-06-01,Lisboa e Vale do Tejo,Área dos CSP da ULS Arco Ribeirinho,"38.6672076, -9.0543329",47.59228,107036.0,74.16341,166795.0,2015,6
2015-06-01,Lisboa e Vale do Tejo,Área dos CSP da ULS Estuário do Tejo,"38.9528113, -8.9911154",45.05418,104104.0,75.32199,174042.0,2015,6
2015-06-01,Norte,ACES Tâmega III - Vale do Sousa Norte,"41.2793583, -8.2787457",59.25315,98125.0,85.11742,140957.0,2015,6
2015-06-01,Norte,ACES Tâmega II - Vale do Sousa Sul,"41.1548155, -8.2163769",60.29922,109103.0,87.37896,158100.0,2015,6
2015-06-01,Norte,Área dos CSP da ULS Póvoa Varzim / Vila Conde,"41.355519, -8.746653",57.3012,87833.0,86.10022,131977.0,2015,6
2015-07-01,Lisboa e Vale do Tejo,ACES Oeste Sul,"39.0917759, -9.2600341",56.04285,113322.0,81.24536,164283.0,2015,7
2015-07-01,Lisboa e Vale do Tejo,ACES Oeste Norte,"39.410844, -9.1396215",59.97153,108287.0,85.53754,154450.0,2015,7
2015-07-01,Lisboa e Vale do Tejo,Área dos CSP da ULS Arrábida,"38.5324373, -8.8627453",51.87541,121528.0,76.02073,178093.0,2015,7
2015-07-01,Norte,ACES Grande Porto V - Porto Ocidental,"41.1741353, -8.6691662",54.98011,93166.0,79.81989,135258.0,2015,7
2015-07-01,Norte,ACES Tâmega II - Vale do Sousa Sul,"41.1548155, -8.2163769",64.51444,114477.0,89.49359,158801.0,2015,7
2015-07-01,Norte,ACES Cávado II - Gerês / Cabreira,"41.6298661, -8.3596897",65.89617,70215.0,90.16086,96070.0,2015,7
2015-08-01,Alentejo,Área dos CSP da ULS Alto Alentejo,"39.2967086, -7.4284755",65.40039,77007.0,88.74536,104495.0,2015,8
2015-08-01,Algarve,ACES Algarve I - Algarve Central,"37.0274264, -7.9395984",46.66969,108914.0,73.45526,171424.0,2015,8
2015-08-01,Algarve,ACES Algarve III - Algarve Sotavento,"37.383008, -7.7293275",61.23223,28593.0,85.88744,40106.0,2015,8
2015-08-01,Centro,ACES Baixo Mondego,"40.2150023, -8.4071805",54.48094,203610.0,80.83146,302089.0,2015,8
2015-08-01,Centro,ACES Pinhal Interior Sul,"39.7510898, -7.9203657",74.20855,23300.0,92.16829,28939.0,2015,8
2015-08-01,Lisboa e Vale do Tejo,ACES Sintra,"38.7519209, -9.2753636",47.13454,173712.0,71.69844,264241.0,2015,8
2015-08-01,Norte,ACES Tâmega III - Vale do Sousa Norte,"41.2793583, -8.2787457",66.64706,107657.0,88.36956,142746.0,2015,8
2015-08-01,Norte,Área dos CSP da ULS Barcelos / Esposende,"41.5317419, -8.6178922",68.08117,107059.0,90.39058,142141.0,2015,8
2015-08-01,Norte,ACES Grande Porto VI - Porto Oriental,"41.1694498, -8.6126428",63.24519,73859.0,85.78634,100183.0,2015,8
2015-08-01,Norte,ACES Cávado I - Braga,"41.5518714, -8.4126362",65.58946,120316.0,88.46967,162287.0,2015,8
2015-09-01,Alentejo,Área dos CSP da ULS Litoral Alentejano,"38.3841359, -8.5132031",64.02176,58715.0,86.23393,79086.0,2015,9
2015-09-01,Algarve,ACES Algarve II - Algarve Barlavento,"37.1387554, -8.5445093",57.36674,89538.0,81.69913,127516.0,2015,9
2015-09-01,Centro,ACES Pinhal Interior Sul,"39.7510898, -7.9203657",76.20586,23825.0,92.70407,28983.0,2015,9
2015-09-01,Centro,ACES Pinhal Interior Norte,"40.1151262, -8.2473136",73.60426,86156.0,91.78065,107432.0,2015,9
2015-09-01,Lisboa e Vale do Tejo,ACES Amadora,"38.7573081, -9.23429",52.74874,87085.0,75.4976,124642.0,2015,9
2015-09-01,Lisboa e Vale do Tejo,Área dos CSP da ULS Lezíria,"39.2371689, -8.6908895",64.36088,124947.0,85.6744,166324.0,2015,9
2015-09-01,Lisboa e Vale do Tejo,ACES Lisboa Central,"38.7306317, -9.1510414",50.26764,135324.0,72.06351,194000.0,2015,9
2015-09-01,Norte,Área dos CSP da ULS Póvoa Varzim / Vila Conde,"41.355519, -8.746653",66.79616,100931.0,88.87514,134293.0,2015,9
2015-09-01,Norte,ACES Entre Douro e Vouga II - Aveiro Norte,"40.8472225, -8.4656674",67.39101,78958.0,89.74685,105151.0,2015,9
2015-09-01,Norte,ACES Tâmega II - Vale do Sousa Sul,"41.1548155, -8.2163769",69.47319,123449.0,90.18307,160249.0,2015,9
2015-09-01,Norte,Área dos CSP da ULS Alto Minho,"41.7056054, -8.8252713",69.99892,174697.0,89.23312,222700.0,2015,9
2015-10-01,Alentejo,Área dos CSP da ULS Baixo Alentejo,"38.0153039, -7.8627308",70.11281,88068.0,89.2444,112099.0,2015,10
2015-10-01,Algarve,ACES Algarve III - Algarve Sotavento,"37.383008, -7.7293275",65.03225,35492.0,87.42671,47714.0,2015,10
2015-10-01,Algarve,ACES Algarve II - Algarve Barlavento,"37.1387554, -8.5445093",59.19015,92690.0,82.00349,128415.0,2015,10
2015-10-01,Centro,ACES Baixo Mondego,"40.2150023, -8.4071805",58.04386,220753.0,81.70414,310738.0,2015,10
2015-10-01,Centro,Área dos CSP da ULS Cova da Beira,"40.2677741, -7.4995083",63.12039,54305.0,83.02532,71430.0,2015,10
2015-10-01,Centro,Área dos CSP da ULS Região de Aveiro,"40.6405055, -8.6537539",69.41109,263472.0,87.90801,333683.0,2015,10
2015-10-01,Centro,ACES Pinhal Litoral,"39.7495331, -8.807683",64.92198,170130.0,85.23314,223356.0,2015,10
2015-10-01,Lisboa e Vale do Tejo,Área dos CSP da ULS Estuário do Tejo,"38.9528113, -8.9911154",54.98723,124209.0,78.78364,177962.0,2015,10
2015-10-01,Lisboa e Vale do Tejo,ACES Sintra,"38.7519209, -9.2753636",53.20974,190642.0,75.1496,269249.0,2015,10
2015-10-01,Lisboa e Vale do Tejo,Área dos CSP da ULS Almada / Seixal,"38.6678522, -9.1875777",61.18149,209122.0,80.39151,274783.0,2015,10
2015-10-01,Lisboa e Vale do Tejo,ACES Cascais,"38.69904, -9.3818008",51.17032,97088.0,67.51416,128098.0,2015,10
2015-10-01,Lisboa e Vale do Tejo,ACES Oeste Norte,"39.410844, -9.1396215",68.15051,120608.0,88.55023,156710.0,2015,10
2015-10-01,Lisboa e Vale do Tejo,ACES Oeste Sul,"39.0917759, -9.2600341",63.67904,126969.0,83.95298,167393.0,2015,10
2015-10-01,Norte,ACES Entre Douro e Vouga I - Feira e Arouca,"40.9263169, -8.5478813",70.32869,109615.0,89.10824,138885.0,2015,10
2015-10-01,Norte,Área dos CSP da ULS Alto Minho,"41.7056054, -8.8252713",71.92811,179616.0,89.50888,223518.0,2015,10
2015-10-01,Norte,ACES Tâmega I - Baixo Tâmega,"41.2719719, -8.0791631",70.43819,121975.0,89.02152,154155.0,2015,10
2015-10-01,Norte,Área dos CSP da ULS Matosinhos,"41.1918541, -8.6590693",70.35737,122044.0,88.70307,153867.0,2015,10
2015-10-01,Norte,ACES Tâmega III - Vale do Sousa Norte,"41.2793583, -8.2787457",71.25049,115227.0,89.19683,144250.0,2015,10
2015-10-01,Norte,Área dos CSP da ULS Nordeste,"41.8069684, -6.7587977",71.58003,96749.0,90.61793,122481.0,2015,10
2015-11-01,Alentejo,Área dos CSP da ULS Baixo Alentejo,"38.0153039, -7.8627308",71.65002,90039.0,89.47997,112445.0,2015,11
2015-11-01,Algarve,ACES Algarve II - Algarve Barlavento,"37.1387554, -8.5445093",59.85892,95214.0,81.28301,129292.0,2015,11
2015-11-01,Centro,Área dos CSP da ULS Viseu Dão-Lafões,"40.6565861, -7.9124712",67.98552,184013.0,87.21963,236073.0,2015,11
2015-11-01,Centro,ACES Beira Interior Sul,"39.8211367, -7.5036651",68.48246,50538.0,86.65664,63950.0,2015,11
2015-11-01,Lisboa e Vale do Tejo,ACES Loures / Odivelas,"38.8012718, -9.1137868",56.67169,200968.0,75.19528,266656.0,2015,11
2015-11-01,Lisboa e Vale do Tejo,Área dos CSP da ULS Arco Ribeirinho,"38.6672076, -9.0543329",58.76588,129691.0,78.2302,172647.0,2015,11
2015-11-01,Lisboa e Vale do Tejo,ACES Lisboa Ocidental e Oeiras,"38.6914388, -9.3184304",56.80679,133659.0,77.75738,182953.0,2015,11
2015-11-01,Lisboa e Vale do Tejo,ACES Oeste Norte,"39.410844, -9.1396215",69.82279,123874.0,88.72455,157408.0,2015,11
2015-11-01,Lisboa e Vale do Tejo,ACES Oeste Sul,"39.0917759, -9.2600341",65.37168,130661.0,84.21305,168320.0,2015,11
2015-11-01,Norte,Área dos CSP da ULS Barcelos / Esposende,"41.5317419, -8.6178922",74.85349,117892.0,91.56174,144207.0,2015,11
2015-12-01,Alentejo,Área dos CSP da ULS Alentejo Central,"38.8442031, -7.5826619",77.10883,127986.0,91.69062,152189.0,2015,12
2015-12-01,Centro,Área dos CSP da ULS Guarda,"40.5353285, -7.2724426",72.33454,109521.0,88.83091,134498.0,2015,12
2015-12-01,Centro,ACES Pinhal Interior Norte,"40.1151262, -8.2473136",77.54878,101029.0,91.8743,119692.0,2015,12
2015-12-01,Lisboa e Vale do Tejo,ACES Oeste Norte,"39.410844, -9.1396215",71.31072,126722.0,88.95917,158084.0,2015,12
2015-12-01,Lisboa e Vale do Tejo,ACES Loures / Odivelas,"38.8012718, -9.1137868",58.14972,206749.0,75.65772,268998.0,2015,12
2015-12-01,Lisboa e Vale do Tejo,ACES Médio Tejo,"39.478072, -8.5404429",70.04745,158979.0,87.10913,197702.0,2015,12
2015-12-01,Lisboa e Vale do Tejo,ACES Lisboa Ocidental e Oeiras,"38.6914388, -9.3184304",58.13122,137335.0,77.92381,184095.0,2015,12
2015-12-01,Norte,ACES Grande Porto V - Porto Ocidental,"41.1741353, -8.6691662",66.12131,111706.0,83.0716,140342.0,2015,12
2015-12-01,Norte,"ACES Alto Ave - Guimarães, Vizela e Terras de Basto","41.4417064, -8.1722408",77.83938,209047.0,93.16359,250202.0,2015,12
2015-12-01,Norte,Área dos CSP da ULS Alto Minho,"41.7056054, -8.8252713",76.0029,187696.0,91.12484,225041.0,2015,12
2016-01-01,Alentejo,Área dos CSP da ULS Litoral Alentejano,"38.3841359, -8.5132031",21.43953,19838.0,80.42473,74417.0,2016,1
2016-01-01,Centro,ACES Pinhal Interior Sul,"39.7510898, -7.9203657",31.62685,9903.0,89.18306,27925.0,2016,1
2016-01-01,Centro,Área dos CSP da ULS Região de Aveiro,"40.6405055, -8.6537539",23.42139,89206.0,83.26822,317147.0,2016,1
2016-01-01,Lisboa e Vale do Tejo,ACES Médio Tejo,"39.478072, -8.5404429",21.64578,49137.0,81.56913,185166.0,2016,1
2016-01-01,Lisboa e Vale do Tejo,ACES Amadora,"38.7573081, -9.23429",15.82197,26470.0,70.05959,117209.0,2016,1
2016-01-01,Lisboa e Vale do Tejo,Área dos CSP da ULS Lezíria,"39.2371689, -8.6908895",22.75219,44372.0,80.95404,157879.0,2016,1
2016-01-01,Norte,ACES Grande Porto VII - Gaia,"41.1278433, -8.580396",21.17218,31981.0,83.44279,126042.0,2016,1
2016-01-01,Norte,ACES Douro I - Marão e Douro Norte,"41.2968711, -7.7483727",25.44273,27484.0,87.49618,94516.0,2016,1
2016-01-01,Norte,"ACES Alto Ave - Guimarães, Vizela e Terras de Basto","41.4417064, -8.1722408",24.73813,66504.0,88.68029,238401.0,2016,1
2016-01-01,Norte,ACES Alto Trás-os-Montes - Alto Tâmega e Barroso,"41.741781, -7.4731648",22.8516,21188.0,85.47994,79257.0,2016,1
2016-01-01,Norte,ACES Ave / Famalicão,"41.3835805, -8.4157518",22.35118,27751.0,85.0925,105650.0,2016,1
2016-01-01,Norte,ACES Entre Douro e Vouga I - Feira e Arouca,"40.9263169, -8.5478813",23.17634,35956.0,85.25535,132266.0,2016,1
2016-01-01,Norte,Área dos CSP da ULS Nordeste,"41.8069684, -6.7587977",22.73688,30346.0,86.96747,116072.0,2016,1
2016-02-01,Alentejo,Área dos CSP da ULS Litoral Alentejano,"38.3841359, -8.5132031",33.86937,31403.0,80.8473,74960.0,2016,2
2016-02-01,Alentejo,Área dos CSP da ULS Alto Alentejo,"39.2967086, -7.4284755",38.81704,45834.0,83.65643,98779.0,2016,2
2016-02-01,Alentejo,Área dos CSP da ULS Baixo Alentejo,"38.0153039, -7.8627308",37.77566,47501.0,84.76202,106584.0,2016,2
2016-02-01,Algarve,ACES Algarve I - Algarve Central,"37.0274264, -7.9395984",27.03808,64047.0,70.66452,167388.0,2016,2
2016-02-01,Centro,ACES Pinhal Litoral,"39.7495331, -8.807683",32.40867,85578.0,80.47368,212498.0,2016,2
2016-02-01,Centro,ACES Baixo Mondego,"40.2150023, -8.4071805",30.34579,116140.0,69.97664,267816.0,2016,2
2016-02-01,Lisboa e Vale do Tejo,ACES Lisboa Central,"38.7306317, -9.1510414",23.67431,65423.0,66.3896,183465.0,2016,2
2016-02-01,Lisboa e Vale do Tejo,ACES Amadora,"38.7573081, -9.23429",25.79467,43301.0,70.6299,118565.0,2016,2
2016-02-01,Lisboa e Vale do Tejo,ACES Oeste Norte,"39.410844, -9.1396215",35.5079,63214.0,83.96769,149486.0,2016,2
2016-02-01,Norte,Área dos CSP da ULS Nordeste,"41.8069684, -6.7587977",36.6819,48974.0,87.34252,116611.0,2016,2
2016-02-01,Norte,ACES Grande Porto I - Santo Tirso / Trofa,"41.3469246, -8.4822648",37.5774,43450.0,87.5307,101210.0,2016,2
2016-02-01,Norte,ACES Tâmega III - Vale do Sousa Norte,"41.2793583, -8.2787457",37.48629,60149.0,87.1404,139822.0,2016,2
2016-03-01,Alentejo,Área dos CSP da ULS Alto Alentejo,"39.2967086, -7.4284755",47.28517,55814.0,84.13464,99310.0,2016,3
2016-03-01,Alentejo,Área dos CSP da ULS Litoral Alentejano,"38.3841359, -8.5132031",43.09101,40035.0,81.33422,75566.0,2016,3
2016-03-01,Centro,ACES Beira Interior Sul,"39.8211367, -7.5036651",42.9278,31852.0,81.13586,60202.0,2016,3
2016-03-01,Lisboa e Vale do Tejo,Área dos CSP da ULS Arco Ribeirinho,"38.6672076, -9.0543329",35.43463,78813.0,73.02961,162431.0,2016,3
2016-03-01,Lisboa e Vale do Tejo,ACES Lisboa Ocidental e Oeiras,"38.6914388, -9.3184304",31.92675,76084.0,71.45836,170291.0,2016,3
2016-03-01,Lisboa e Vale do Tejo,Área dos CSP da ULS Almada / Seixal,"38.6678522, -9.1875777",38.51579,132368.0,76.80346,263952.0,2016,3
2016-03-01,Norte,ACES Grande Porto VI - Porto Oriental,"41.1694498, -8.6126428",44.23701,51560.0,84.0486,97962.0,2016,3
2016-03-01,Norte,ACES Grande Porto VIII - Espinho / Gaia,"41.0022421, -8.642018",47.19346,87365.0,87.60865,162182.0,2016,3
2016-03-01,Norte,ACES Tâmega III - Vale do Sousa Norte,"41.2793583, -8.2787457",47.01424,75495.0,87.63599,140725.0,2016,3
2016-03-01,Norte,ACES Cávado I - Braga,"41.5518714, -8.4126362",44.18833,80919.0,87.47072,160179.0,2016,3
2016-03-01,Norte,ACES Entre Douro e Vouga I - Feira e Arouca,"40.9263169, -8.5478813",46.87953,72810.0,86.02693,133611.0,2016,3
2016-03-01,Norte,ACES Entre Douro e Vouga II - Aveiro Norte,"40.8472225, -8.4656674",45.26594,52757.0,87.27402,101717.0,2016,3
2016-04-01,Algarve,ACES Algarve I - Algarve Central,"37.0274264, -7.9395984",39.5773,94247.0,72.04935,171574.0,2016,4
2016-04-01,Centro,ACES Pinhal Interior Sul,"39.7510898, -7.9203657",61.8685,19337.0,90.12638,28169.0,2016,4
2016-04-01,Centro,Área dos CSP da ULS Guarda,"40.5353285, -7.2724426",51.90701,78704.0,84.85474,128661.0,2016,4
2016-04-01,Centro,ACES Pinhal Litoral,"39.7495331, -8.807683",47.14043,124801.0,81.48166,215717.0,2016,4
2016-04-01,Lisboa e Vale do Tejo,ACES Oeste Norte,"39.410844, -9.1396215",49.94365,89077.0,84.79325,151233.0,2016,4
2016-04-01,Lisboa e Vale do Tejo,Área dos CSP da ULS Lezíria,"39.2371689, -8.6908895",49.79344,97267.0,82.31452,160794.0,2016,4
2016-04-01,Lisboa e Vale do Tejo,ACES Lisboa Ocidental e Oeiras,"38.6914388, -9.3184304",37.15489,88646.0,72.02967,171852.0,2016,4
2016-04-01,Norte,ACES Grande Porto I - Santo Tirso / Trofa,"41.3469246, -8.4822648",53.63584,62069.0,88.26076,102138.0,2016,4
2016-04-01,Norte,ACES Tâmega III - Vale do Sousa Norte,"41.2793583, -8.2787457",53.52587,86015.0,88.09195,141562.0,2016,4
2016-04-01,Norte,ACES Ave / Famalicão,"41.3835805, -8.4157518",51.68854,64238.0,86.71296,107766.0,2016,4
2016-04-01,Norte,ACES Douro II - Douro Sul,"41.0953745, -7.8123805",54.54276,40462.0,85.65324,63541.0,2016,4
2016-04-01,Norte,ACES Grande Porto VII - Gaia,"41.1278433, -8.580396",49.58022,75296.0,84.41794,128203.0,2016,4
2016-05-01,Centro,Área dos CSP da ULS Guarda,"40.5353285, -7.2724426",56.64261,85877.0,85.26502,129272.0,2016,5
2016-05-01,Centro,ACES Pinhal Interior Sul,"39.7510898, -7.9203657",66.38359,20715.0,90.46627,28230.0,2016,5
2016-05-01,Lisboa e Vale do Tejo,ACES Oeste Norte,"39.410844, -9.1396215",54.50545,97344.0,85.17092,152111.0,2016,5
2016-05-01,Lisboa e Vale do Tejo,ACES Lisboa Central,"38.7306317, -9.1510414",39.57114,110153.0,67.99333,189271.0,2016,5
2016-05-01,Lisboa e Vale do Tejo,Área dos CSP da ULS Almada / Seixal,"38.6678522, -9.1875777",48.79584,168250.0,77.72706,268006.0,2016,5
2016-05-01,Lisboa e Vale do Tejo,Área dos CSP da ULS Lezíria,"39.2371689, -8.6908895",54.18874,105868.0,82.76697,161701.0,2016,5
2016-05-01,Norte,ACES Douro II - Douro Sul,"41.0953745, -7.8123805",58.91665,43692.0,85.96664,63752.0,2016,5
2016-05-01,Norte,ACES Tâmega II - Vale do Sousa Sul,"41.1548155, -8.2163769",58.38545,103539.0,88.53426,157004.0,2016,5
2016-05-01,Norte,ACES Tâmega I - Baixo Tâmega,"41.2719719, -8.0791631",58.07651,98708.0,87.14948,148121.0,2016,5
2016-06-01,Lisboa e Vale do Tejo,ACES Loures / Odivelas,"38.8012718, -9.1137868",46.49544,167796.0,72.51965,261714.0,2016,6
2016-06-01,Lisboa e Vale do Tejo,Área dos CSP da ULS Lezíria,"39.2371689, -8.6908895",57.49914,112462.0,83.1105,162555.0,2016,6
2016-07-01,Centro,ACES Beira Interior Sul,"39.8211367, -7.5036651",58.41337,43605.0,82.53694,61613.0,2016,7
2016-07-01,Centro,ACES Pinhal Interior Norte,"40.1151262, -8.2473136",67.50015,88166.0,89.40712,116780.0,2016,7
2016-07-01,Lisboa e Vale do Tejo,ACES Lisboa Norte,"38.7396924, -9.168506",45.80128,116447.0,71.55646,181928.0,2016,7
2016-07-01,Lisboa e Vale do Tejo,Área dos CSP da ULS Lezíria,"39.2371689, -8.6908895",59.72258,116938.0,83.3827,163265.0,2016,7
2016-07-01,Lisboa e Vale do Tejo,ACES Lisboa Central,"38.7306317, -9.1510414",44.55033,124634.0,68.6996,192194.0,2016,7
2016-07-01,Norte,ACES Cávado I - Braga,"41.5518714, -8.4126362",63.39048,116809.0,88.97916,163961.0,2016,7
2016-07-01,Norte,ACES Grande Porto I - Santo Tirso / Trofa,"41.3469246, -8.4822648",64.81779,75129.0,89.21472,103407.0,2016,7
2016-07-01,Norte,ACES Tâmega II - Vale do Sousa Sul,"41.1548155, -8.2163769",64.65185,114876.0,89.06767,158259.0,2016,7
2016-07-01,Norte,Área dos CSP da ULS Póvoa Varzim / Vila Conde,"41.355519, -8.746653",61.9091,92473.0,89.21128,133254.0,2016,7
2016-07-01,Norte,ACES Grande Porto II - Gondomar,"41.1738444, -8.5612238",65.22107,108687.0,87.88795,146460.0,2016,7
2016-08-01,Alentejo,Área dos CSP da ULS Alto Alentejo,"39.2967086, -7.4284755",64.98038,76684.0,86.08858,101594.0,2016,8
2016-08-01,Algarve,ACES Algarve III - Algarve Sotavento,"37.383008, -7.7293275",59.90004,33438.0,82.34778,45969.0,2016,8
2016-08-01,Algarve,ACES Algarve II - Algarve Barlavento,"37.1387554, -8.5445093",51.02166,83100.0,76.88492,125224.0,2016,8
2016-08-01,Centro,ACES Pinhal Interior Norte,"40.1151262, -8.2473136",69.59424,91023.0,89.59944,117188.0,2016,8
2016-08-01,Lisboa e Vale do Tejo,ACES Amadora,"38.7573081, -9.23429",49.73621,84845.0,73.23583,124933.0,2016,8
2016-08-01,Lisboa e Vale do Tejo,Área dos CSP da ULS Estuário do Tejo,"38.9528113, -8.9911154",48.32357,111496.0,74.4292,171729.0,2016,8
2016-08-01,Lisboa e Vale do Tejo,ACES Loures / Odivelas,"38.8012718, -9.1137868",50.17514,182066.0,73.06351,265119.0,2016,8
2016-08-01,Norte,ACES Ave / Famalicão,"41.3835805, -8.4157518",65.7463,81841.0,88.43027,110078.0,2016,8
2016-08-01,Norte,ACES Grande Porto VI - Porto Oriental,"41.1694498, -8.6126428",62.96012,73771.0,85.75159,100476.0,2016,8
2016-08-01,Norte,ACES Entre Douro e Vouga II - Aveiro Norte,"40.8472225, -8.4656674",65.90732,77016.0,89.44076,104516.0,2016,8
2016-08-01,Norte,"ACES Alto Ave - Guimarães, Vizela e Terras de Basto","41.4417064, -8.1722408",68.5517,185274.0,90.98602,245907.0,2016,8
2016-08-01,Norte,ACES Tâmega II - Vale do Sousa Sul,"41.1548155, -8.2163769",67.43582,119911.0,89.43003,159020.0,2016,8
2016-08-01,Norte,ACES Douro I - Marão e Douro Norte,"41.2968711, -7.7483727",69.99685,75472.0,90.10963,97158.0,2016,8
2016-08-01,Norte,ACES Alto Trás-os-Montes - Alto Tâmega e Barroso,"41.741781, -7.4731648",66.60748,61899.0,87.74575,81543.0,2016,8
2016-08-01,Norte,ACES Douro II - Douro Sul,"41.0953745, -7.8123805",66.61109,49542.0,86.76571,64532.0,2016,8
2016-08-01,Norte,ACES Grande Porto V - Porto Ocidental,"41.1741353, -8.6691662",59.34083,100340.0,81.80565,138326.0,2016,8
2016-09-01,Centro,ACES Pinhal Interior Sul,"39.7510898, -7.9203657",75.74856,23679.0,91.34677,28555.0,2016,9
2016-09-01,Centro,Área dos CSP da ULS Viseu Dão-Lafões,"40.6565861, -7.9124712",64.29041,175147.0,82.35186,224352.0,2016,9
2016-09-01,Centro,ACES Pinhal Interior Norte,"40.1151262, -8.2473136",71.66971,93878.0,89.83869,117677.0,2016,9
2016-09-01,Lisboa e Vale do Tejo,ACES Médio Tejo,"39.478072, -8.5404429",64.40431,147017.0,84.65471,193243.0,2016,9
2016-09-01,Norte,ACES Tâmega III - Vale do Sousa Norte,"41.2793583, -8.2787457",70.53332,113474.0,90.17964,145081.0,2016,9
2016-09-01,Norte,ACES Alto Trás-os-Montes - Alto Tâmega e Barroso,"41.741781, -7.4731648",68.70205,63851.0,88.12447,81902.0,2016,9
2016-09-01,Norte,Área dos CSP da ULS Alto Minho,"41.7056054, -8.8252713",71.42671,175869.0,89.46402,220281.0,2016,9
2016-09-01,Norte,ACES Tâmega I - Baixo Tâmega,"41.2719719, -8.0791631",68.67394,117315.0,88.17355,150626.0,2016,9
2016-09-01,Norte,ACES Grande Porto II - Gondomar,"41.1738444, -8.5612238",69.50348,116157.0,88.47682,147866.0,2016,9
2016-09-01,Norte,Área dos CSP da ULS Nordeste,"41.8069684, -6.7587977",69.24099,92785.0,89.36889,119757.0,2016,9
2016-10-01,Centro,ACES Beira Interior Sul,"39.8211367, -7.5036651",64.50582,48251.0,83.70343,62611.0,2016,10
2016-10-01,Centro,Área dos CSP da ULS Viseu Dão-Lafões,"40.6565861, -7.9124712",65.97285,179745.0,82.68949,225290.0,2016,10
2016-10-01,Lisboa e Vale do Tejo,Área dos CSP da ULS Arrábida,"38.5324373, -8.8627453",57.96437,135028.0,78.14552,182040.0,2016,10
2016-10-01,Lisboa e Vale do Tejo,ACES Lisboa Norte,"38.7396924, -9.168506",51.37804,131965.0,72.35829,185853.0,2016,10
2016-10-01,Lisboa e Vale do Tejo,ACES Lisboa Central,"38.7306317, -9.1510414",49.97946,141123.0,69.64393,196648.0,2016,10
2016-10-01,Norte,ACES Tâmega II - Vale do Sousa Sul,"41.1548155, -8.2163769",71.55488,127787.0,89.84803,160456.0,2016,10
2016-10-01,Norte,Área dos CSP da ULS Matosinhos,"41.1918541, -8.6590693",70.62619,120828.0,89.38807,152926.0,2016,10
2016-10-01,Norte,ACES Tâmega I - Baixo Tâmega,"41.2719719, -8.0791631",70.64448,120730.0,88.52824,151293.0,2016,10
2016-10-01,Norte,Área dos CSP da ULS Póvoa Varzim / Vila Conde,"41.355519, -8.746653",69.42025,104020.0,90.49593,135600.0,2016,10
2016-10-01,Norte,Área dos CSP da ULS Nordeste,"41.8069684, -6.7587977",71.03335,95206.0,89.63665,120140.0,2016,10
2016-11-01,Alentejo,Área dos CSP da ULS Litoral Alentejano,"38.3841359, -8.5132031",67.01012,60549.0,86.86779,78492.0,2016,11
2016-11-01,Alentejo,Área dos CSP da ULS Baixo Alentejo,"38.0153039, -7.8627308",72.13129,88319.0,90.20107,110444.0,2016,11
2016-11-01,Algarve,ACES Algarve II - Algarve Barlavento,"37.1387554, -8.5445093",59.92473,92984.0,82.16965,127501.0,2016,11
2016-11-01,Algarve,ACES Algarve III - Algarve Sotavento,"37.383008, -7.7293275",67.96018,36655.0,86.03716,46405.0,2016,11
2016-11-01,Centro,Área dos CSP da ULS Guarda,"40.5353285, -7.2724426",72.14941,107069.0,89.12931,132267.0,2016,11
2016-11-01,Lisboa e Vale do Tejo,ACES Loures / Odivelas,"38.8012718, -9.1137868",56.83824,206424.0,74.6744,271201.0,2016,11
2016-11-01,Lisboa e Vale do Tejo,ACES Sintra,"38.7519209, -9.2753636",53.94717,197465.0,73.46339,268901.0,2016,11
2016-11-01,Norte,Área dos CSP da ULS Barcelos / Esposende,"41.5317419, -8.6178922",74.8247,117058.0,91.89865,143769.0,2016,11
2016-11-01,Norte,ACES Grande Porto II - Gondomar,"41.1738444, -8.5612238",74.04231,121827.0,90.28668,148555.0,2016,11
2016-11-01,Norte,"ACES Alto Ave - Guimarães, Vizela e Terras de Basto","41.4417064, -8.1722408",75.83362,203134.0,92.93458,248942.0,2016,11
2016-11-01,Norte,ACES Cávado I - Braga,"41.5518714, -8.4126362",73.30761,134150.0,91.51348,167466.0,2016,11
2016-11-01,Norte,Área dos CSP da ULS Póvoa Varzim / Vila Conde,"41.355519, -8.746653",72.60297,107419.0,92.16243,136358.0,2016,11
2016-11-01,Norte,ACES Tâmega II - Vale do Sousa Sul,"41.1548155, -8.2163769",74.54741,131275.0,91.39503,160943.0,2016,11
2016-11-01,Norte,ACES Grande Porto I - Santo Tirso / Trofa,"41.3469246, -8.4822648",74.70602,85764.0,91.64823,105214.0,2016,11
2016-11-01,Norte,Área dos CSP da ULS Alto Minho,"41.7056054, -8.8252713",75.88802,184417.0,91.22142,221679.0,2016,11
2016-11-01,Norte,ACES Grande Porto VIII - Espinho / Gaia,"41.0022421, -8.642018",73.62642,135237.0,91.03876,167220.0,2016,11
2016-11-01,Norte,ACES Douro I - Marão e Douro Norte,"41.2968711, -7.7483727",76.4216,81308.0,91.99109,97873.0,2016,11
2016-11-01,Norte,ACES Alto Trás-os-Montes - Alto Tâmega e Barroso,"41.741781, -7.4731648",73.47552,66970.0,90.21131,82224.0,2016,11
2016-12-01,Algarve,ACES Algarve II - Algarve Barlavento,"37.1387554, -8.5445093",61.13491,95184.0,82.30194,128140.0,2016,12
2016-12-01,Centro,ACES Pinhal Litoral,"39.7495331, -8.807683",70.04352,181564.0,87.2558,226181.0,2016,12
2016-12-01,Centro,ACES Baixo Mondego,"40.2150023, -8.4071805",68.36368,257835.0,81.28129,306554.0,2016,12
2016-12-01,Centro,ACES Beira Interior Sul,"39.8211367, -7.5036651",69.90593,50679.0,86.87514,62981.0,2016,12
2016-12-01,Centro,Área dos CSP da ULS Cova da Beira,"40.2677741, -7.4995083",67.9389,57335.0,84.34923,71184.0,2016,12
2016-12-01,Centro,ACES Pinhal Interior Norte,"40.1151262, -8.2473136",78.31947,100115.0,92.47745,118213.0,2016,12
2016-12-01,Lisboa e Vale do Tejo,ACES Lisboa Norte,"38.7396924, -9.168506",56.31546,141358.0,75.05727,188402.0,2016,12
2016-12-01,Lisboa e Vale do Tejo,Área dos CSP da ULS Lezíria,"39.2371689, -8.6908895",68.83469,134207.0,85.31774,166344.0,2016,12
2016-12-01,Lisboa e Vale do Tejo,Área dos CSP da ULS Arco Ribeirinho,"38.6672076, -9.0543329",58.6503,128938.0,77.72173,170865.0,2016,12
2016-12-01,Lisboa e Vale do Tejo,Área dos CSP da ULS Estuário do Tejo,"38.9528113, -8.9911154",59.71943,134693.0,78.35623,176727.0,2016,12
2016-12-01,Norte,ACES Tâmega I - Baixo Tâmega,"41.2719719, -8.0791631",74.86867,126412.0,90.17501,152256.0,2016,12
2016-12-01,Norte,Área dos CSP da ULS Nordeste,"41.8069684, -6.7587977",75.36765,98963.0,91.67219,120372.0,2016,12
2016-12-01,Norte,Área dos CSP da ULS Matosinhos,"41.1918541, -8.6590693",74.87388,128080.0,90.32567,154512.0,2016,12
2016-12-01,Norte,ACES Douro I - Marão e Douro Norte,"41.2968711, -7.7483727",77.92349,82948.0,92.1774,98121.0,2016,12
2016-12-01,Norte,ACES Entre Douro e Vouga I - Feira e Arouca,"40.9263169, -8.5478813",74.35884,114091.0,90.38212,138676.0,2016,12
2016-12-01,Norte,ACES Grande Porto VIII - Espinho / Gaia,"41.0022421, -8.642018",75.11566,138176.0,91.15688,167684.0,2016,12
2017-01-01,Alentejo,Área dos CSP da ULS Alentejo Central,"38.8442031, -7.5826619",27.45417,45558.0,86.68571,143848.0,2017,1
2017-01-01,Centro,ACES Pinhal Interior Sul,"39.7510898, -7.9203657",29.74292,9082.0,90.28983,27570.0,2017,1
2017-01-01,Centro,Área dos CSP da ULS Guarda,"40.5353285, -7.2724426",23.8194,35383.0,84.42109,125405.0,2017,1
2017-01-01,Lisboa e Vale do Tejo,ACES Oeste Norte,"39.410844, -9.1396215",23.26686,41593.0,82.64817,147746.0,2017,1
2017-01-01,Lisboa e Vale do Tejo,ACES Amadora,"38.7573081, -9.23429",16.69504,28147.0,70.56615,118971.0,2017,1
2017-01-01,Lisboa e Vale do Tejo,ACES Sintra,"38.7519209, -9.2753636",15.88674,56261.0,70.32936,249063.0,2017,1
2017-01-01,Lisboa e Vale do Tejo,Área dos CSP da ULS Almada / Seixal,"38.6678522, -9.1875777",18.53129,63453.0,76.18352,260860.0,2017,1
2017-01-01,Lisboa e Vale do Tejo,ACES Lisboa Ocidental e Oeiras,"38.6914388, -9.3184304",16.25823,39202.0,69.61194,167849.0,2017,1
2017-01-01,Lisboa e Vale do Tejo,Área dos CSP da ULS Lezíria,"39.2371689, -8.6908895",23.71277,45902.0,80.8157,156439.0,2017,1
2017-01-01,Norte,Área dos CSP da ULS Nordeste,"41.8069684, -6.7587977",24.2859,31773.0,86.86683,113647.0,2017,1
2017-01-01,Norte,ACES Entre Douro e Vouga II - Aveiro Norte,"40.8472225, -8.4656674",25.13024,29135.0,87.7786,101767.0,2017,1
2017-01-01,Norte,Área dos CSP da ULS Matosinhos,"41.1918541, -8.6590693",24.83938,42605.0,85.78491,147140.0,2017,1
2017-02-01,Algarve,ACES Algarve II - Algarve Barlavento,"37.1387554, -8.5445093",26.71672,42136.0,75.3928,118905.0,2017,2
2017-02-01,Centro,Área dos CSP da ULS Região de Aveiro,"40.6405055, -8.6537539",37.6248,142037.0,85.08724,321212.0,2017,2
2017-02-01,Lisboa e Vale do Tejo,ACES Cascais,"38.69904, -9.3818008",22.09268,43394.0,66.17265,129975.0,2017,2
2017-02-01,Lisboa e Vale do Tejo,ACES Médio Tejo,"39.478072, -8.5404429",35.32241,79622.0,82.33392,185593.0,2017,2
2017-02-01,Norte,ACES Grande Porto V - Porto Ocidental,"41.1741353, -8.6691662",33.05327,54605.0,81.57176,134759.0,2017,2
2017-02-01,Norte,ACES Douro I - Marão e Douro Norte,"41.2968711, -7.7483727",40.62905,43313.0,88.62822,94483.0,2017,2
2017-02-01,Norte,ACES Grande Porto III - Maia / Valongo,"41.2333945, -8.6187474",36.11138,78201.0,84.55773,183114.0,2017,2
2017-02-01,Norte,Área dos CSP da ULS Matosinhos,"41.1918541, -8.6590693",36.95613,63491.0,86.08332,147892.0,2017,2
2017-02-01,Norte,Área dos CSP da ULS Barcelos / Esposende,"41.5317419, -8.6178922",39.25704,61177.0,89.04689,138768.0,2017,2
2017-02-01,Norte,Área dos CSP da ULS Póvoa Varzim / Vila Conde,"41.355519, -8.746653",35.67832,52861.0,88.1196,130558.0,2017,2
2017-02-01,Norte,ACES Grande Porto II - Gondomar,"41.1738444, -8.5612238",37.89232,62636.0,86.52087,143019.0,2017,2
2017-02-01,Norte,ACES Cávado I - Braga,"41.5518714, -8.4126362",35.32755,65451.0,87.21805,161588.0,2017,2
2017-02-01,Norte,ACES Douro II - Douro Sul,"41.0953745, -7.8123805",40.18076,30009.0,83.68749,62502.0,2017,2
2017-03-01,Alentejo,Área dos CSP da ULS Alto Alentejo,"39.2967086, -7.4284755",49.35613,56878.0,86.13502,99262.0,2017,3
2017-03-01,Centro,Área dos CSP da ULS Cova da Beira,"40.2677741, -7.4995083",44.0975,37538.0,80.18326,68256.0,2017,3
2017-03-01,Lisboa e Vale do Tejo,ACES Loures / Odivelas,"38.8012718, -9.1137868",34.99341,123406.0,73.43012,258955.0,2017,3
2017-03-01,Lisboa e Vale do Tejo,ACES Oeste Sul,"39.0917759, -9.2600341",40.47015,80122.0,80.83878,160043.0,2017,3
2017-03-01,Norte,ACES Cávado I - Braga,"41.5518714, -8.4126362",45.47415,84355.0,87.63079,162556.0,2017,3
2017-03-01,Norte,ACES Grande Porto VIII - Espinho / Gaia,"41.0022421, -8.642018",47.1359,86550.0,87.36344,160415.0,2017,3
2017-03-01,Norte,Área dos CSP da ULS Matosinhos,"41.1918541, -8.6590693",46.89857,80651.0,86.46151,148687.0,2017,3
2017-03-01,Norte,ACES Alto Trás-os-Montes - Alto Tâmega e Barroso,"41.741781, -7.4731648",49.14583,44274.0,86.95372,78334.0,2017,3
2017-03-01,Norte,ACES Grande Porto II - Gondomar,"41.1738444, -8.5612238",48.15645,79684.0,86.87367,143749.0,2017,3
2017-04-01,Algarve,ACES Algarve I - Algarve Central,"37.0274264, -7.9395984",40.55574,95744.0,74.7522,176475.0,2017,4
2017-04-01,Centro,Área dos CSP da ULS Cova da Beira,"40.2677741, -7.4995083",48.97531,41773.0,80.52618,68684.0,2017,4
2017-04-01,Centro,ACES Pinhal Interior Sul,"39.7510898, -7.9203657",60.83001,18586.0,90.9799,27798.0,2017,4
2017-04-01,Centro,ACES Pinhal Interior Norte,"40.1151262, -8.2473136",57.3934,73894.0,88.85282,114398.0,2017,4
2017-04-01,Lisboa e Vale do Tejo,ACES Cascais,"38.69904, -9.3818008",33.48101,66279.0,66.95797,132550.0,2017,4
2017-04-01,Lisboa e Vale do Tejo,ACES Amadora,"38.7573081, -9.23429",38.19687,65055.0,71.76643,122229.0,2017,4
2017-04-01,Lisboa e Vale do Tejo,ACES Sintra,"38.7519209, -9.2753636",36.63146,130582.0,71.60699,255261.0,2017,4
2017-04-01,Lisboa e Vale do Tejo,Área dos CSP da ULS Lezíria,"39.2371689, -8.6908895",49.74035,96358.0,82.19304,159226.0,2017,4
2017-04-01,Lisboa e Vale do Tejo,ACES Oeste Sul,"39.0917759, -9.2600341",45.43919,90100.0,81.15005,160910.0,2017,4
2017-04-01,Lisboa e Vale do Tejo,ACES Loures / Odivelas,"38.8012718, -9.1137868",39.7014,140296.0,73.83906,260931.0,2017,4
2017-04-01,Norte,Área dos CSP da ULS Matosinhos,"41.1918541, -8.6590693",52.46981,90342.0,86.73415,149338.0,2017,4
2017-04-01,Norte,Área dos CSP da ULS Póvoa Varzim / Vila Conde,"41.355519, -8.746653",50.51577,74926.0,88.77375,131671.0,2017,4
2017-04-01,Norte,ACES Alto Trás-os-Montes - Alto Tâmega e Barroso,"41.741781, -7.4731648",54.77823,49376.0,87.1963,78597.0,2017,4
2017-04-01,Norte,ACES Cávado I - Braga,"41.5518714, -8.4126362",51.21465,95143.0,87.95842,163403.0,2017,4
2017-04-01,Norte,ACES Grande Porto II - Gondomar,"41.1738444, -8.5612238",53.75026,88990.0,87.18788,144350.0,2017,4
2017-04-01,Norte,ACES Grande Porto VII - Gaia,"41.1278433, -8.580396",49.56711,75228.0,84.60565,128406.0,2017,4
2017-05-01,Lisboa e Vale do Tejo,ACES Lisboa Central,"38.7306317, -9.1510414",39.04178,110270.0,67.35,190224.0,2017,5
2017-05-01,Norte,Área dos CSP da ULS Nordeste,"41.8069684, -6.7587977",59.2542,77703.0,88.15801,115606.0,2017,5
2017-05-01,Norte,ACES Grande Porto I - Santo Tirso / Trofa,"41.3469246, -8.4822648",57.9002,66961.0,88.74353,102631.0,2017,5
2017-05-01,Norte,ACES Grande Porto III - Maia / Valongo,"41.2333945, -8.6187474",56.30877,122230.0,85.73186,186099.0,2017,5
2017-05-01,Norte,ACES Cávado I - Braga,"41.5518714, -8.4126362",56.60832,105403.0,88.17113,164172.0,2017,5
2017-05-01,Norte,ACES Douro I - Marão e Douro Norte,"41.2968711, -7.7483727",61.37267,65322.0,89.76277,95539.0,2017,5
2017-06-01,Algarve,ACES Algarve I - Algarve Central,"37.0274264, -7.9395984",47.57898,112982.0,75.52493,179343.0,2017,6
2017-06-01,Lisboa e Vale do Tejo,Área dos CSP da ULS Lezíria,"39.2371689, -8.6908895",57.15745,110798.0,82.96543,160826.0,2017,6
2017-06-01,Lisboa e Vale do Tejo,ACES Oeste Sul,"39.0917759, -9.2600341",53.20894,106138.0,81.63069,162832.0,2017,6
2017-06-01,Norte,ACES Douro I - Marão e Douro Norte,"41.2968711, -7.7483727",64.84264,69060.0,90.06047,95918.0,2017,6
2017-06-01,Norte,Área dos CSP da ULS Matosinhos,"41.1918541, -8.6590693",60.93645,105169.0,87.30329,150675.0,2017,6
2017-06-01,Norte,ACES Ave / Famalicão,"41.3835805, -8.4157518",60.28164,74270.0,88.62708,109193.0,2017,6
2017-06-01,Norte,Área dos CSP da ULS Nordeste,"41.8069684, -6.7587977",62.94992,82601.0,88.44052,116049.0,2017,6
2017-06-01,Norte,ACES Grande Porto I - Santo Tirso / Trofa,"41.3469246, -8.4822648",61.78398,71468.0,89.08744,103051.0,2017,6
2017-06-01,Norte,ACES Grande Porto VI - Porto Oriental,"41.1694498, -8.6126428",57.74458,67560.0,84.60999,98992.0,2017,6
2017-06-01,Norte,ACES Grande Porto VII - Gaia,"41.1278433, -8.580396",58.56995,89113.0,85.31627,129807.0,2017,6
2017-07-01,Algarve,ACES Algarve I - Algarve Central,"37.0274264, -7.9395984",49.96493,118975.0,75.93452,180813.0,2017,7
2017-07-01,Algarve,ACES Algarve III - Algarve Sotavento,"37.383008, -7.7293275",57.79057,32120.0,82.29939,45742.0,2017,7
2017-07-01,Centro,Área dos CSP da ULS Guarda,"40.5353285, -7.2724426",62.71376,93515.0,86.46069,128925.0,2017,7
2017-07-01,Centro,Área dos CSP da ULS Viseu Dão-Lafões,"40.6565861, -7.9124712",61.04997,163932.0,82.74288,222182.0,2017,7
2017-07-01,Centro,ACES Pinhal Interior Norte,"40.1151262, -8.2473136",68.07144,87772.0,89.55414,115472.0,2017,7
2017-07-01,Lisboa e Vale do Tejo,ACES Oeste Norte,"39.410844, -9.1396215",59.07777,106057.0,84.86862,152357.0,2017,7
2017-07-01,Lisboa e Vale do Tejo,ACES Sintra,"38.7519209, -9.2753636",46.6465,167425.0,72.82565,261388.0,2017,7
2017-07-01,Norte,ACES Ave / Famalicão,"41.3835805, -8.4157518",63.08692,77754.0,88.91107,109582.0,2017,7
2017-07-01,Norte,ACES Tâmega I - Baixo Tâmega,"41.2719719, -8.0791631",65.35491,110423.0,88.11605,148880.0,2017,7
2017-07-01,Norte,ACES Grande Porto II - Gondomar,"41.1738444, -8.5612238",65.06661,107939.0,88.12888,146197.0,2017,7
2017-07-01,Norte,Área dos CSP da ULS Alto Minho,"41.7056054, -8.8252713",67.39639,164367.0,89.49939,218272.0,2017,7
2017-07-01,Norte,ACES Douro II - Douro Sul,"41.0953745, -7.8123805",64.66229,48337.0,85.25143,63728.0,2017,7
2017-08-01,Centro,Área dos CSP da ULS Cova da Beira,"40.2677741, -7.4995083",61.01931,52141.0,82.13341,70183.0,2017,8
2017-08-01,Lisboa e Vale do Tejo,ACES Sintra,"38.7519209, -9.2753636",48.7989,175556.0,73.16833,263226.0,2017,8
2017-08-01,Lisboa e Vale do Tejo,Área dos CSP da ULS Almada / Seixal,"38.6678522, -9.1875777",54.58766,189078.0,78.60296,272261.0,2017,8
2017-08-01,Lisboa e Vale do Tejo,ACES Lisboa Ocidental e Oeiras,"38.6914388, -9.3184304",48.81436,119459.0,72.6084,177688.0,2017,8
2017-08-01,Lisboa e Vale do Tejo,ACES Lisboa Central,"38.7306317, -9.1510414",45.78373,130306.0,68.30281,194398.0,2017,8
2017-08-01,Norte,Área dos CSP da ULS Nordeste,"41.8069684, -6.7587977",67.84725,89173.0,89.0217,117003.0,2017,8
2017-08-01,Norte,ACES Tâmega II - Vale do Sousa Sul,"41.1548155, -8.2163769",68.39655,119129.0,90.44748,157536.0,2017,8
2017-08-01,Norte,ACES Ave / Famalicão,"41.3835805, -8.4157518",65.29416,80509.0,89.13805,109909.0,2017,8
2017-09-01,Alentejo,Área dos CSP da ULS Alentejo Central,"38.8442031, -7.5826619",69.96449,116437.0,89.04058,148184.0,2017,9
2017-09-01,Algarve,ACES Algarve III - Algarve Sotavento,"37.383008, -7.7293275",61.64857,34411.0,82.87291,46258.0,2017,9
2017-09-01,Centro,ACES Baixo Mondego,"40.2150023, -8.4071805",65.46717,250571.0,82.7618,316765.0,2017,9
2017-09-01,Centro,ACES Pinhal Litoral,"39.7495331, -8.807683",63.8776,168718.0,84.97617,224445.0,2017,9
2017-09-01,Centro,ACES Pinhal Interior Sul,"39.7510898, -7.9203657",75.04489,22987.0,91.96892,28171.0,2017,9
2017-09-01,Lisboa e Vale do Tejo,ACES Amadora,"38.7573081, -9.23429",50.98994,88027.0,73.17361,126324.0,2017,9
2017-09-01,Lisboa e Vale do Tejo,ACES Sintra,"38.7519209, -9.2753636",50.57746,182311.0,73.46494,264811.0,2017,9
2017-09-01,Lisboa e Vale do Tejo,ACES Lisboa Norte,"38.7396924, -9.168506",48.28169,124939.0,71.02303,183787.0,2017,9
2017-09-01,Lisboa e Vale do Tejo,Área dos CSP da ULS Arco Ribeirinho,"38.6672076, -9.0543329",52.51496,115117.0,75.56522,165645.0,2017,9
2017-09-01,Norte,ACES Entre Douro e Vouga I - Feira e Arouca,"40.9263169, -8.5478813",69.12894,105329.0,89.42612,136255.0,2017,9
2017-09-01,Norte,Área dos CSP da ULS Barcelos / Esposende,"41.5317419, -8.6178922",70.00447,109571.0,91.00179,142436.0,2017,9
2017-09-01,Norte,Área dos CSP da ULS Nordeste,"41.8069684, -6.7587977",69.88752,91893.0,89.2727,117382.0,2017,9
2017-09-01,Norte,ACES Tâmega III - Vale do Sousa Norte,"41.2793583, -8.2787457",70.77072,113035.0,91.15139,145587.0,2017,9
2017-09-01,Norte,ACES Tâmega II - Vale do Sousa Sul,"41.1548155, -8.2163769",70.56145,122724.0,90.79718,157919.0,2017,9
2017-10-01,Alentejo,Área dos CSP da ULS Alentejo Central,"38.8442031, -7.5826619",71.84927,119647.0,89.27008,148657.0,2017,10
2017-10-01,Alentejo,Área dos CSP da ULS Baixo Alentejo,"38.0153039, -7.8627308",69.52148,86037.0,87.87938,108756.0,2017,10
2017-10-01,Alentejo,Área dos CSP da ULS Litoral Alentejano,"38.3841359, -8.5132031",61.31234,57129.0,83.34782,77661.0,2017,10
2017-10-01,Algarve,ACES Algarve III - Algarve Sotavento,"37.383008, -7.7293275",63.37691,35441.0,83.16911,46509.0,2017,10
2017-10-01,Centro,Área dos CSP da ULS Viseu Dão-Lafões,"40.6565861, -7.9124712",68.1008,183200.0,85.07061,228851.0,2017,10
2017-10-01,Lisboa e Vale do Tejo,ACES Médio Tejo,"39.478072, -8.5404429",65.98836,148941.0,85.10509,192089.0,2017,10
2017-10-01,Lisboa e Vale do Tejo,ACES Oeste Norte,"39.410844, -9.1396215",65.1766,117269.0,85.71905,154230.0,2017,10
2017-10-01,Lisboa e Vale do Tejo,ACES Cascais,"38.69904, -9.3818008",51.19891,103430.0,69.89743,141204.0,2017,10
2017-10-01,Lisboa e Vale do Tejo,Área dos CSP da ULS Arco Ribeirinho,"38.6672076, -9.0543329",54.49564,119752.0,75.85121,166680.0,2017,10
2017-10-01,Norte,ACES Tâmega III - Vale do Sousa Norte,"41.2793583, -8.2787457",72.66355,116104.0,91.36829,145991.0,2017,10
2017-10-01,Norte,ACES Grande Porto III - Maia / Valongo,"41.2333945, -8.6187474",68.53161,149427.0,87.1781,190084.0,2017,10
2017-10-01,Norte,ACES Grande Porto VI - Porto Oriental,"41.1694498, -8.6126428",66.31128,77807.0,85.74691,100612.0,2017,10
2017-10-01,Norte,ACES Grande Porto II - Gondomar,"41.1738444, -8.5612238",70.85241,117931.0,88.81018,147821.0,2017,10
2017-10-01,Norte,Área dos CSP da ULS Póvoa Varzim / Vila Conde,"41.355519, -8.746653",68.58044,102178.0,90.34298,134602.0,2017,10
2017-10-01,Norte,ACES Tâmega II - Vale do Sousa Sul,"41.1548155, -8.2163769",72.56321,126215.0,91.05716,158383.0,2017,10
2017-11-01,Alentejo,Área dos CSP da ULS Alentejo Central,"38.8442031, -7.5826619",73.4738,122328.0,89.51721,149039.0,2017,11
2017-11-01,Algarve,ACES Algarve II - Algarve Barlavento,"37.1387554, -8.5445093",56.36952,91375.0,78.38988,127070.0,2017,11
2017-11-01,Centro,Área dos CSP da ULS Cova da Beira,"40.2677741, -7.4995083",66.43478,56918.0,83.09659,71193.0,2017,11
2017-11-01,Centro,ACES Pinhal Interior Norte,"40.1151262, -8.2473136",75.17098,97163.0,90.33546,116764.0,2017,11
2017-11-01,Lisboa e Vale do Tejo,ACES Oeste Sul,"39.0917759, -9.2600341",63.32515,127673.0,82.82717,166992.0,2017,11
2017-11-01,Lisboa e Vale do Tejo,ACES Sintra,"38.7519209, -9.2753636",54.133,196119.0,74.10286,268468.0,2017,11
2017-11-01,Norte,ACES Entre Douro e Vouga I - Feira e Arouca,"40.9263169, -8.5478813",72.8279,111131.0,89.92949,137227.0,2017,11
2017-11-01,Norte,ACES Ave / Famalicão,"41.3835805, -8.4157518",71.01351,87598.0,89.9679,110979.0,2017,11
2017-11-01,Norte,ACES Grande Porto I - Santo Tirso / Trofa,"41.3469246, -8.4822648",72.5802,84164.0,90.39669,104824.0,2017,11
2017-11-01,Norte,ACES Entre Douro e Vouga II - Aveiro Norte,"40.8472225, -8.4656674",72.13822,84111.0,91.15157,106280.0,2017,11
2017-11-01,Norte,ACES Grande Porto VII - Gaia,"41.1278433, -8.580396",68.9014,105497.0,86.57854,132563.0,2017,11
2017-12-01,Algarve,ACES Algarve III - Algarve Sotavento,"37.383008, -7.7293275",65.99472,37027.0,83.63633,46925.0,2017,12
2017-12-01,Centro,ACES Baixo Mondego,"40.2150023, -8.4071805",70.61117,270695.0,84.48612,323886.0,2017,12
2017-12-01,Centro,Área dos CSP da ULS Viseu Dão-Lafões,"40.6565861, -7.9124712",71.31346,191518.0,86.17989,231443.0,2017,12
2017-12-01,Lisboa e Vale do Tejo,ACES Sintra,"38.7519209, -9.2753636",56.82668,200888.0,76.33787,269862.0,2017,12
2017-12-01,Lisboa e Vale do Tejo,Área dos CSP da ULS Lezíria,"39.2371689, -8.6908895",68.09881,131825.0,85.05778,164654.0,2017,12
2017-12-01,Lisboa e Vale do Tejo,ACES Cascais,"38.69904, -9.3818008",55.14102,109091.0,72.22149,142883.0,2017,12
2017-12-01,Lisboa e Vale do Tejo,Área dos CSP da ULS Arco Ribeirinho,"38.6672076, -9.0543329",58.4189,126415.0,77.82748,168414.0,2017,12
2017-12-01,Lisboa e Vale do Tejo,ACES Amadora,"38.7573081, -9.23429",56.68262,96170.0,75.73616,128497.0,2017,12
2017-12-01,Lisboa e Vale do Tejo,Área dos CSP da ULS Estuário do Tejo,"38.9528113, -8.9911154",59.36887,133558.0,78.24753,176028.0,2017,12
2017-12-01,Norte,ACES Grande Porto V - Porto Ocidental,"41.1741353, -8.6691662",66.88287,112396.0,84.57414,142126.0,2017,12
2017-12-01,Norte,ACES Ave / Famalicão,"41.3835805, -8.4157518",72.44864,89398.0,90.20706,111311.0,2017,12
2017-12-01,Norte,ACES Douro II - Douro Sul,"41.0953745, -7.8123805",73.23659,54354.0,87.0434,64601.0,2017,12
2017-12-01,Norte,ACES Douro I - Marão e Douro Norte,"41.2968711, -7.7483727",76.1253,81145.0,91.5408,97577.0,2017,12
2018-01-01,Alentejo,Área dos CSP da ULS Litoral Alentejano,"38.3841359, -8.5132031",21.24688,19780.0,77.5232,72171.0,2018,1
2018-01-01,Algarve,ACES Algarve II - Algarve Barlavento,"37.1387554, -8.5445093",17.42155,28071.0,72.15071,116255.0,2018,1
2018-01-01,Centro,ACES Baixo Mondego,"40.2150023, -8.4071805",25.65617,98443.0,81.05217,310998.0,2018,1
2018-01-01,Centro,ACES Pinhal Interior Norte,"40.1151262, -8.2473136",28.28304,36525.0,86.63244,111878.0,2018,1
2018-01-01,Lisboa e Vale do Tejo,ACES Oeste Norte,"39.410844, -9.1396215",24.42093,43691.0,81.52794,145860.0,2018,1
2018-01-01,Lisboa e Vale do Tejo,Área dos CSP da ULS Estuário do Tejo,"38.9528113, -8.9911154",17.77348,40135.0,72.48931,163691.0,2018,1
2018-01-01,Norte,ACES Douro II - Douro Sul,"41.0953745, -7.8123805",27.22459,20156.0,83.02583,61469.0,2018,1
2018-01-01,Norte,ACES Tâmega I - Baixo Tâmega,"41.2719719, -8.0791631",26.86816,45311.0,85.31208,143872.0,2018,1
2018-01-01,Norte,ACES Cávado II - Gerês / Cabreira,"41.6298661, -8.3596897",26.13917,27816.0,86.51976,92070.0,2018,1
2018-01-01,Norte,ACES Douro I - Marão e Douro Norte,"41.2968711, -7.7483727",27.25063,29032.0,87.23918,92942.0,2018,1
2018-01-01,Norte,ACES Grande Porto I - Santo Tirso / Trofa,"41.3469246, -8.4822648",25.07165,29043.0,86.25518,99918.0,2018,1
2018-01-01,Norte,ACES Grande Porto VIII - Espinho / Gaia,"41.0022421, -8.642018",25.52231,46714.0,85.4479,156397.0,2018,1
2018-02-01,Alentejo,Área dos CSP da ULS Baixo Alentejo,"38.0153039, -7.8627308",39.25897,48539.0,84.23381,104145.0,2018,2
2018-02-01,Algarve,ACES Algarve I - Algarve Central,"37.0274264, -7.9395984",28.24915,68470.0,72.33795,175332.0,2018,2
2018-02-01,Centro,Área dos CSP da ULS Guarda,"40.5353285, -7.2724426",36.89196,55031.0,83.85713,125088.0,2018,2
2018-02-01,Lisboa e Vale do Tejo,ACES Amadora,"38.7573081, -9.23429",25.79996,43991.0,70.23541,119757.0,2018,2
2018-02-01,Lisboa e Vale do Tejo,ACES Oeste Norte,"39.410844, -9.1396215",35.96552,64329.0,82.09244,146833.0,2018,2
2018-02-01,Lisboa e Vale do Tejo,Área dos CSP da ULS Lezíria,"39.2371689, -8.6908895",36.81802,71290.0,80.61437,156092.0,2018,2
2018-02-01,Norte,ACES Cávado I - Braga,"41.5518714, -8.4126362",35.46579,66753.0,85.7495,161396.0,2018,2
2018-02-01,Norte,ACES Grande Porto VII - Gaia,"41.1278433, -8.580396",34.13198,52282.0,82.53773,126428.0,2018,2
2018-02-01,Norte,ACES Grande Porto II - Gondomar,"41.1738444, -8.5612238",38.66133,64438.0,85.28016,142139.0,2018,2
2018-02-01,Norte,ACES Ave / Famalicão,"41.3835805, -8.4157518",36.34889,44828.0,85.82468,105845.0,2018,2
2018-03-01,Algarve,ACES Algarve I - Algarve Central,"37.0274264, -7.9395984",35.21945,85628.0,72.83436,177080.0,2018,3
2018-03-01,Algarve,ACES Algarve III - Algarve Sotavento,"37.383008, -7.7293275",42.35812,23937.0,79.2766,44800.0,2018,3
2018-03-01,Lisboa e Vale do Tejo,ACES Médio Tejo,"39.478072, -8.5404429",44.54607,100185.0,81.99883,184417.0,2018,3
2018-03-01,Lisboa e Vale do Tejo,ACES Cascais,"38.69904, -9.3818008",32.27872,64418.0,67.71076,135129.0,2018,3
2018-03-01,Norte,ACES Grande Porto III - Maia / Valongo,"41.2333945, -8.6187474",45.10542,98540.0,83.91008,183315.0,2018,3
2018-03-01,Norte,ACES Cávado I - Braga,"41.5518714, -8.4126362",44.5398,84023.0,86.0724,162373.0,2018,3
2018-03-01,Norte,ACES Douro II - Douro Sul,"41.0953745, -7.8123805",48.84746,36131.0,83.76709,61960.0,2018,3
2018-03-01,Norte,Área dos CSP da ULS Póvoa Varzim / Vila Conde,"41.355519, -8.746653",43.92082,65612.0,85.99343,128463.0,2018,3
2018-03-01,Norte,Área dos CSP da ULS Matosinhos,"41.1918541, -8.6590693",46.25147,80250.0,84.91597,147336.0,2018,3
2018-03-01,Norte,ACES Tâmega III - Vale do Sousa Norte,"41.2793583, -8.2787457",48.93439,78227.0,88.50063,141478.0,2018,3
2018-03-01,Norte,Área dos CSP da ULS Barcelos / Esposende,"41.5317419, -8.6178922",48.36762,75720.0,87.97389,137724.0,2018,3
2018-04-01,Algarve,ACES Algarve I - Algarve Central,"37.0274264, -7.9395984",40.22879,98114.0,73.29493,178759.0,2018,4
2018-04-01,Algarve,ACES Algarve III - Algarve Sotavento,"37.383008, -7.7293275",47.41942,26865.0,79.62545,45111.0,2018,4
2018-04-01,Algarve,ACES Algarve II - Algarve Barlavento,"37.1387554, -8.5445093",39.23009,63856.0,73.56625,119746.0,2018,4
2018-04-01,Centro,Área dos CSP da ULS Guarda,"40.5353285, -7.2724426",52.17485,77824.0,84.70904,126352.0,2018,4
2018-04-01,Centro,ACES Pinhal Litoral,"39.7495331, -8.807683",47.26529,125452.0,82.16645,218087.0,2018,4
2018-04-01,Lisboa e Vale do Tejo,ACES Amadora,"38.7573081, -9.23429",37.36564,63998.0,70.96716,121549.0,2018,4
2018-04-01,Lisboa e Vale do Tejo,ACES Lisboa Ocidental e Oeiras,"38.6914388, -9.3184304",37.15936,91755.0,70.01899,172893.0,2018,4
2018-04-01,Lisboa e Vale do Tejo,Área dos CSP da ULS Almada / Seixal,"38.6678522, -9.1875777",43.12765,148479.0,76.60786,263744.0,2018,4
2018-04-01,Norte,ACES Douro I - Marão e Douro Norte,"41.2968711, -7.7483727",55.41607,58930.0,88.40993,94016.0,2018,4
2018-04-01,Norte,ACES Grande Porto I - Santo Tirso / Trofa,"41.3469246, -8.4822648",52.90895,61222.0,87.4516,101192.0,2018,4
2018-05-01,Alentejo,Área dos CSP da ULS Alto Alentejo,"39.2967086, -7.4284755",59.45092,68516.0,86.14379,99279.0,2018,5
2018-05-01,Algarve,ACES Algarve II - Algarve Barlavento,"37.1387554, -8.5445093",43.31109,70740.0,74.04457,120937.0,2018,5
2018-05-01,Centro,ACES Pinhal Litoral,"39.7495331, -8.807683",51.74726,137538.0,82.51426,219313.0,2018,5
2018-05-01,Centro,ACES Pinhal Interior Sul,"39.7510898, -7.9203657",65.59898,20009.0,90.58422,27630.0,2018,5
2018-05-01,Lisboa e Vale do Tejo,Área dos CSP da ULS Estuário do Tejo,"38.9528113, -8.9911154",43.34906,98685.0,74.47552,169545.0,2018,5
2018-05-01,Lisboa e Vale do Tejo,ACES Loures / Odivelas,"38.8012718, -9.1137868",44.49746,159393.0,74.0756,265344.0,2018,5
2018-05-01,Norte,ACES Tâmega II - Vale do Sousa Sul,"41.1548155, -8.2163769",59.14025,102852.0,88.81216,154455.0,2018,5
2018-05-01,Norte,ACES Grande Porto III - Maia / Valongo,"41.2333945, -8.6187474",55.97954,122336.0,84.67719,185051.0,2018,5
2018-06-01,Alentejo,Área dos CSP da ULS Alentejo Central,"38.8442031, -7.5826619",64.1143,106758.0,87.21594,145225.0,2018,6
2018-06-01,Algarve,ACES Algarve I - Algarve Central,"37.0274264, -7.9395984",47.40496,116410.0,74.11683,182005.0,2018,6
2018-06-01,Centro,Área dos CSP da ULS Cova da Beira,"40.2677741, -7.4995083",57.0476,48936.0,80.99113,69475.0,2018,6
2018-06-01,Centro,ACES Beira Interior Sul,"39.8211367, -7.5036651",57.76224,42219.0,83.18671,60802.0,2018,6
2018-06-01,Lisboa e Vale do Tejo,ACES Cascais,"38.69904, -9.3818008",43.73948,88090.0,68.8044,138570.0,2018,6
2018-06-01,Norte,ACES Grande Porto V - Porto Ocidental,"41.1741353, -8.6691662",51.98802,87840.0,81.15138,137115.0,2018,6
2018-06-01,Norte,ACES Entre Douro e Vouga II - Aveiro Norte,"40.8472225, -8.4656674",60.93739,71287.0,88.4668,103492.0,2018,6
2018-06-01,Norte,ACES Tâmega I - Baixo Tâmega,"41.2719719, -8.0791631",63.46321,106919.0,87.33276,147133.0,2018,6
2018-06-01,Norte,ACES Grande Porto VII - Gaia,"41.1278433, -8.580396",57.52095,88389.0,84.03985,129139.0,2018,6
2018-06-01,Norte,Área dos CSP da ULS Alto Minho,"41.7056054, -8.8252713",65.0951,159317.0,88.63838,216938.0,2018,6
2018-06-01,Norte,ACES Alto Trás-os-Montes - Alto Tâmega e Barroso,"41.741781, -7.4731648",62.87597,56882.0,86.71339,78447.0,2018,6
2018-07-01,Algarve,ACES Algarve II - Algarve Barlavento,"37.1387554, -8.5445093",49.12322,80819.0,74.89226,123215.0,2018,7
2018-07-01,Algarve,ACES Algarve III - Algarve Sotavento,"37.383008, -7.7293275",57.37917,32744.0,80.78891,46103.0,2018,7
2018-07-01,Centro,Área dos CSP da ULS Região de Aveiro,"40.6405055, -8.6537539",63.10145,242644.0,85.6534,329363.0,2018,7
2018-07-01,Lisboa e Vale do Tejo,ACES Loures / Odivelas,"38.8012718, -9.1137868",50.46908,181454.0,74.85669,269136.0,2018,7
2018-07-01,Norte,ACES Douro II - Douro Sul,"41.0953745, -7.8123805",65.13544,48139.0,85.11217,62903.0,2018,7
2018-07-01,Norte,ACES Grande Porto V - Porto Ocidental,"41.1741353, -8.6691662",54.36928,91995.0,81.43956,137799.0,2018,7
2018-07-01,Norte,ACES Entre Douro e Vouga II - Aveiro Norte,"40.8472225, -8.4656674",63.84415,74803.0,88.80297,104046.0,2018,7
2018-07-01,Norte,ACES Grande Porto I - Santo Tirso / Trofa,"41.3469246, -8.4822648",64.63618,74839.0,88.61942,102608.0,2018,7
2018-07-01,Norte,ACES Alto Trás-os-Montes - Alto Tâmega e Barroso,"41.741781, -7.4731648",65.58042,59347.0,87.07774,78801.0,2018,7
2018-07-01,Norte,Área dos CSP da ULS Alto Minho,"41.7056054, -8.8252713",67.64298,165682.0,88.9167,217789.0,2018,7
2018-08-01,Alentejo,Área dos CSP da ULS Litoral Alentejano,"38.3841359, -8.5132031",57.07303,54063.0,79.9791,75761.0,2018,8
2018-08-01,Algarve,ACES Algarve III - Algarve Sotavento,"37.383008, -7.7293275",59.40217,33962.0,81.12046,46379.0,2018,8
2018-08-01,Centro,ACES Pinhal Litoral,"39.7495331, -8.807683",60.61292,161848.0,83.58768,223195.0,2018,8
2018-08-01,Centro,ACES Pinhal Interior Norte,"40.1151262, -8.2473136",68.15393,88320.0,87.67334,113615.0,2018,8
2018-08-01,Lisboa e Vale do Tejo,Área dos CSP da ULS Lezíria,"39.2371689, -8.6908895",62.34028,121192.0,83.0451,161443.0,2018,8
2018-08-01,Lisboa e Vale do Tejo,ACES Médio Tejo,"39.478072, -8.5404429",62.94843,141938.0,83.80366,188963.0,2018,8
2018-08-01,Norte,Área dos CSP da ULS Alto Minho,"41.7056054, -8.8252713",69.87464,171290.0,89.20572,218678.0,2018,8
2018-08-01,Norte,ACES Grande Porto V - Porto Ocidental,"41.1741353, -8.6691662",55.70187,94374.0,81.54013,138151.0,2018,8
2018-08-01,Norte,ACES Ave / Famalicão,"41.3835805, -8.4157518",64.7136,79909.0,88.01516,108682.0,2018,8
2018-08-01,Norte,Área dos CSP da ULS Nordeste,"41.8069684, -6.7587977",68.38962,90011.0,88.15409,116024.0,2018,8
2018-09-01,Alentejo,Área dos CSP da ULS Baixo Alentejo,"38.0153039, -7.8627308",67.48124,83533.0,86.87988,107546.0,2018,9
2018-09-01,Alentejo,Área dos CSP da ULS Alto Alentejo,"39.2967086, -7.4284755",68.22045,78592.0,87.39356,100680.0,2018,9
2018-09-01,Centro,ACES Beira Interior Sul,"39.8211367, -7.5036651",64.36399,47164.0,84.23789,61727.0,2018,9
2018-10-01,Alentejo,Área dos CSP da ULS Litoral Alentejano,"38.3841359, -8.5132031",61.0975,57874.0,80.94464,76674.0,2018,10
2018-10-01,Alentejo,Área dos CSP da ULS Baixo Alentejo,"38.0153039, -7.8627308",69.28266,85862.0,87.13064,107981.0,2018,10
2018-10-01,Lisboa e Vale do Tejo,ACES Oeste Sul,"39.0917759, -9.2600341",62.63124,126998.0,82.09754,166470.0,2018,10
2018-10-01,Lisboa e Vale do Tejo,ACES Oeste Norte,"39.410844, -9.1396215",66.05333,118536.0,85.18013,152860.0,2018,10
2018-10-01,Lisboa e Vale do Tejo,ACES Lisboa Central,"38.7306317, -9.1510414",49.82088,143106.0,68.85264,197773.0,2018,10
2018-10-01,Lisboa e Vale do Tejo,ACES Lisboa Norte,"38.7396924, -9.168506",51.45954,133061.0,71.55592,185025.0,2018,10
2018-10-01,Norte,Área dos CSP da ULS Póvoa Varzim / Vila Conde,"41.355519, -8.746653",67.97477,102370.0,88.22643,132869.0,2018,10
2018-10-01,Norte,ACES Grande Porto II - Gondomar,"41.1738444, -8.5612238",71.34144,119544.0,88.0465,147536.0,2018,10
2018-10-01,Norte,Área dos CSP da ULS Barcelos / Esposende,"41.5317419, -8.6178922",72.56915,114234.0,90.28422,142120.0,2018,10
2018-10-01,Norte,ACES Douro II - Douro Sul,"41.0953745, -7.8123805",71.02026,51957.0,86.74649,63462.0,2018,10
2018-11-01,Alentejo,Área dos CSP da ULS Litoral Alentejano,"38.3841359, -8.5132031",62.85395,59600.0,81.27986,77072.0,2018,11
2018-11-01,Alentejo,Área dos CSP da ULS Baixo Alentejo,"38.0153039, -7.8627308",70.73548,87741.0,87.37595,108382.0,2018,11
2018-11-01,Alentejo,Área dos CSP da ULS Alentejo Central,"38.8442031, -7.5826619",73.70528,123006.0,88.49295,147685.0,2018,11
2018-11-01,Centro,Área dos CSP da ULS Cova da Beira,"40.2677741, -7.4995083",66.67325,57419.0,82.69508,71217.0,2018,11
2018-11-01,Centro,ACES Pinhal Litoral,"39.7495331, -8.807683",66.35112,178030.0,84.55323,226869.0,2018,11
2018-11-01,Centro,Área dos CSP da ULS Região de Aveiro,"40.6405055, -8.6537539",70.67704,273224.0,86.8038,335567.0,2018,11
2018-11-01,Lisboa e Vale do Tejo,Área dos CSP da ULS Arrábida,"38.5324373, -8.8627453",60.81261,139076.0,79.56108,181953.0,2018,11
2018-11-01,Lisboa e Vale do Tejo,ACES Amadora,"38.7573081, -9.23429",55.15033,95056.0,74.20137,127892.0,2018,11
2018-11-01,Lisboa e Vale do Tejo,ACES Cascais,"38.69904, -9.3818008",53.57597,109018.0,70.85948,144187.0,2018,11
2018-11-01,Lisboa e Vale do Tejo,ACES Lisboa Ocidental e Oeiras,"38.6914388, -9.3184304",54.59355,135707.0,73.39215,182436.0,2018,11
2018-11-01,Lisboa e Vale do Tejo,ACES Lisboa Norte,"38.7396924, -9.168506",53.05042,137721.0,71.79782,186390.0,2018,11
2018-11-01,Norte,ACES Ave / Famalicão,"41.3835805, -8.4157518",70.74865,84343.0,89.02739,106134.0,2018,11
2018-11-01,Norte,Área dos CSP da ULS Nordeste,"41.8069684, -6.7587977",73.60708,96889.0,88.91134,117034.0,2018,11
2018-11-01,Norte,ACES Tâmega I - Baixo Tâmega,"41.2719719, -8.0791631",74.1662,124841.0,88.99932,149809.0,2018,11
2018-11-01,Norte,ACES Grande Porto VII - Gaia,"41.1278433, -8.580396",68.2058,99397.0,85.63861,124802.0,2018,11
2018-12-01,Alentejo,Área dos CSP da ULS Alentejo Central,"38.8442031, -7.5826619",74.99311,125186.0,88.74438,148141.0,2018,12
2018-12-01,Algarve,ACES Algarve III - Algarve Sotavento,"37.383008, -7.7293275",66.47447,38276.0,82.76832,47658.0,2018,12
2018-12-01,Algarve,ACES Algarve II - Algarve Barlavento,"37.1387554, -8.5445093",58.37903,96671.0,77.42403,128208.0,2018,12
2018-12-01,Centro,ACES Beira Interior Sul,"39.8211367, -7.5036651",69.32737,50844.0,85.17296,62465.0,2018,12
2018-12-01,Centro,Área dos CSP da ULS Região de Aveiro,"40.6405055, -8.6537539",71.8194,278135.0,86.9569,336758.0,2018,12
2018-12-01,Centro,Área dos CSP da ULS Viseu Dão-Lafões,"40.6565861, -7.9124712",71.59544,193375.0,85.88677,231975.0,2018,12
2018-12-01,Centro,ACES Baixo Mondego,"40.2150023, -8.4071805",71.40697,276265.0,85.45031,330597.0,2018,12
2018-12-01,Lisboa e Vale do Tejo,ACES Cascais,"38.69904, -9.3818008",54.72659,111680.0,71.10585,145105.0,2018,12
2018-12-01,Lisboa e Vale do Tejo,ACES Loures / Odivelas,"38.8012718, -9.1137868",59.39808,213624.0,76.99973,276928.0,2018,12
2018-12-01,Lisboa e Vale do Tejo,Área dos CSP da ULS Lezíria,"39.2371689, -8.6908895",69.10396,134354.0,84.59339,164469.0,2018,12
2018-12-01,Lisboa e Vale do Tejo,Área dos CSP da ULS Arrábida,"38.5324373, -8.8627453",62.12842,142225.0,79.87341,182847.0,2018,12
2018-12-01,Norte,ACES Grande Porto VIII - Espinho / Gaia,"41.0022421, -8.642018",73.30019,134618.0,88.95199,163363.0,2018,12
2018-12-01,Norte,Área dos CSP da ULS Matosinhos,"41.1918541, -8.6590693",72.72534,126521.0,87.82038,152782.0,2018,12
2018-12-01,Norte,Área dos CSP da ULS Barcelos / Esposende,"41.5317419, -8.6178922",76.09693,119807.0,90.93877,143174.0,2018,12
2018-12-01,Norte,ACES Grande Porto I - Santo Tirso / Trofa,"41.3469246, -8.4822648",74.19254,85843.0,90.05212,104193.0,2018,12
2018-12-01,Norte,ACES Grande Porto V - Porto Ocidental,"41.1741353, -8.6691662",60.03947,102222.0,82.00672,139623.0,2018,12
2018-12-01,Norte,ACES Alto Trás-os-Montes - Alto Tâmega e Barroso,"41.741781, -7.4731648",73.79977,66822.0,88.3892,80032.0,2018,12
2019-01-01,Centro,ACES Pinhal Litoral,"39.7495331, -8.807683",22.29922,59947.0,79.71804,214306.0,2019,1
2019-01-01,Lisboa e Vale do Tejo,Área dos CSP da ULS Lezíria,"39.2371689, -8.6908895",24.76517,48168.0,79.89913,155403.0,2019,1
2019-01-01,Lisboa e Vale do Tejo,Área dos CSP da ULS Almada / Seixal,"38.6678522, -9.1875777",20.3682,70486.0,74.44598,257627.0,2019,1
2019-01-01,Norte,ACES Grande Porto VI - Porto Oriental,"41.1694498, -8.6126428",24.21461,28519.0,80.34574,94628.0,2019,1
2019-01-01,Norte,Área dos CSP da ULS Póvoa Varzim / Vila Conde,"41.355519, -8.746653",23.61432,35600.0,83.72005,126213.0,2019,1
2019-01-01,Norte,ACES Entre Douro e Vouga II - Aveiro Norte,"40.8472225, -8.4656674",25.48026,30016.0,85.48399,100701.0,2019,1
2019-02-01,Centro,Área dos CSP da ULS Região de Aveiro,"40.6405055, -8.6537539",37.66972,146186.0,82.94702,321895.0,2019,2
2019-02-01,Centro,ACES Pinhal Interior Norte,"40.1151262, -8.2473136",39.86908,51953.0,84.70712,110381.0,2019,2
2019-02-01,Lisboa e Vale do Tejo,ACES Oeste Sul,"39.0917759, -9.2600341",32.79604,65068.0,80.1005,158921.0,2019,2
2019-02-01,Lisboa e Vale do Tejo,ACES Loures / Odivelas,"38.8012718, -9.1137868",26.63315,95943.0,71.99998,259372.0,2019,2
2019-02-01,Lisboa e Vale do Tejo,ACES Lisboa Norte,"38.7396924, -9.168506",24.79694,65056.0,66.60098,174731.0,2019,2
2019-02-01,Norte,Área dos CSP da ULS Nordeste,"41.8069684, -6.7587977",37.84803,49671.0,85.6505,112406.0,2019,2
2019-02-01,Norte,Área dos CSP da ULS Alto Minho,"41.7056054, -8.8252713",41.50576,102083.0,86.45654,212639.0,2019,2
2019-02-01,Norte,ACES Tâmega I - Baixo Tâmega,"41.2719719, -8.0791631",40.18589,67493.0,85.97456,144396.0,2019,2
2019-02-01,Norte,Área dos CSP da ULS Póvoa Varzim / Vila Conde,"41.355519, -8.746653",35.40334,53350.0,84.21615,126907.0,2019,2
2019-03-01,Centro,Área dos CSP da ULS Cova da Beira,"40.2677741, -7.4995083",42.53012,36638.0,79.54751,68527.0,2019,3
2019-03-01,Lisboa e Vale do Tejo,ACES Lisboa Central,"38.7306317, -9.1510414",30.40133,87651.0,65.12055,187751.0,2019,3
2019-03-01,Lisboa e Vale do Tejo,Área dos CSP da ULS Lezíria,"39.2371689, -8.6908895",44.88781,87441.0,80.86181,157518.0,2019,3
2019-03-01,Lisboa e Vale do Tejo,ACES Lisboa Norte,"38.7396924, -9.168506",30.94974,81521.0,67.01304,176511.0,2019,3
2019-03-01,Lisboa e Vale do Tejo,Área dos CSP da ULS Estuário do Tejo,"38.9528113, -8.9911154",36.54101,84166.0,73.65423,169650.0,2019,3
2019-03-01,Norte,ACES Douro II - Douro Sul,"41.0953745, -7.8123805",48.89758,35617.0,84.31356,61414.0,2019,3
2019-03-01,Norte,ACES Grande Porto VI - Porto Oriental,"41.1694498, -8.6126428",43.95951,51852.0,81.26558,95856.0,2019,3
2019-03-01,Norte,ACES Grande Porto VII - Gaia,"41.1278433, -8.580396",43.19799,67080.0,81.55649,126645.0,2019,3
2019-04-01,Algarve,ACES Algarve II - Algarve Barlavento,"37.1387554, -8.5445093",39.88479,67162.0,72.55419,122174.0,2019,4
2019-04-01,Algarve,ACES Algarve III - Algarve Sotavento,"37.383008, -7.7293275",47.56381,27675.0,78.99287,45962.0,2019,4
2019-04-01,Centro,ACES Baixo Mondego,"40.2150023, -8.4071805",51.68111,200532.0,82.77812,321194.0,2019,4
2019-04-01,Centro,Área dos CSP da ULS Cova da Beira,"40.2677741, -7.4995083",48.14845,41490.0,79.99907,68936.0,2019,4
2019-04-01,Centro,ACES Pinhal Interior Norte,"40.1151262, -8.2473136",54.58944,71189.0,85.3874,111352.0,2019,4
2019-04-01,Lisboa e Vale do Tejo,Área dos CSP da ULS Arco Ribeirinho,"38.6672076, -9.0543329",40.53506,89167.0,72.44414,159359.0,2019,4
2019-04-01,Norte,ACES Tâmega II - Vale do Sousa Sul,"41.1548155, -8.2163769",55.46389,96140.0,88.37301,153184.0,2019,4
2019-04-01,Norte,Área dos CSP da ULS Matosinhos,"41.1918541, -8.6590693",52.85298,92285.0,84.26924,147140.0,2019,4
2019-04-01,Norte,ACES Grande Porto II - Gondomar,"41.1738444, -8.5612238",53.91216,90353.0,85.60799,143473.0,2019,4
2019-05-01,Algarve,ACES Algarve I - Algarve Central,"37.0274264, -7.9395984",43.63906,110752.0,72.68106,184458.0,2019,5
2019-05-01,Centro,Área dos CSP da ULS Viseu Dão-Lafões,"40.6565861, -7.9124712",57.5579,155659.0,83.37,225465.0,2019,5
2019-05-01,Lisboa e Vale do Tejo,ACES Sintra,"38.7519209, -9.2753636",42.64758,154197.0,72.16486,260920.0,2019,5
2019-05-01,Lisboa e Vale do Tejo,ACES Loures / Odivelas,"38.8012718, -9.1137868",43.82726,158294.0,73.60435,265842.0,2019,5
2019-05-01,Lisboa e Vale do Tejo,Área dos CSP da ULS Lezíria,"39.2371689, -8.6908895",55.29337,107628.0,81.96292,159540.0,2019,5
2019-05-01,Lisboa e Vale do Tejo,ACES Médio Tejo,"39.478072, -8.5404429",55.51599,124423.0,82.49472,184888.0,2019,5
2019-05-01,Lisboa e Vale do Tejo,Área dos CSP da ULS Estuário do Tejo,"38.9528113, -8.9911154",46.28835,106815.0,74.9298,172908.0,2019,5
2019-05-01,Norte,ACES Ave / Famalicão,"41.3835805, -8.4157518",58.37043,65306.0,87.26337,97632.0,2019,5
2019-05-01,Norte,Área dos CSP da ULS Nordeste,"41.8069684, -6.7587977",59.28412,77811.0,86.74677,113856.0,2019,5
2019-05-01,Norte,ACES Cávado II - Gerês / Cabreira,"41.6298661, -8.3596897",60.49496,64533.0,87.08226,92895.0,2019,5
2019-06-01,Centro,ACES Pinhal Interior Sul,"39.7510898, -7.9203657",68.60001,21124.0,89.42617,27537.0,2019,6
2019-06-01,Lisboa e Vale do Tejo,ACES Oeste Sul,"39.0917759, -9.2600341",53.88913,108135.0,81.46435,163468.0,2019,6
2019-06-01,Lisboa e Vale do Tejo,ACES Médio Tejo,"39.478072, -8.5404429",58.3004,131598.0,82.70543,186686.0,2019,6
2019-06-01,Lisboa e Vale do Tejo,ACES Lisboa Ocidental e Oeiras,"38.6914388, -9.3184304",44.10849,110127.0,70.90074,177020.0,2019,6
2019-06-01,Lisboa e Vale do Tejo,ACES Lisboa Norte,"38.7396924, -9.168506",42.25059,112008.0,68.32111,181122.0,2019,6
2019-06-01,Lisboa e Vale do Tejo,ACES Sintra,"38.7519209, -9.2753636",45.71887,160262.0,72.60868,254521.0,2019,6
2019-06-01,Norte,ACES Grande Porto II - Gondomar,"41.1738444, -8.5612238",62.22725,104693.0,86.16584,144968.0,2019,6
2019-06-01,Norte,ACES Douro I - Marão e Douro Norte,"41.2968711, -7.7483727",62.40862,62232.0,88.07224,87823.0,2019,6
2019-06-01,Norte,ACES Entre Douro e Vouga I - Feira e Arouca,"40.9263169, -8.5478813",61.82748,94554.0,87.2185,133385.0,2019,6
2019-07-01,Alentejo,Área dos CSP da ULS Litoral Alentejano,"38.3841359, -8.5132031",53.73791,51633.0,77.72655,74682.0,2019,7
2019-07-01,Algarve,ACES Algarve II - Algarve Barlavento,"37.1387554, -8.5445093",49.90241,84631.0,74.28491,125982.0,2019,7
2019-07-01,Algarve,ACES Algarve I - Algarve Central,"37.0274264, -7.9395984",48.54971,123961.0,73.34448,187269.0,2019,7
2019-07-01,Centro,Área dos CSP da ULS Viseu Dão-Lafões,"40.6565861, -7.9124712",63.15457,171039.0,84.09237,227744.0,2019,7
2019-07-01,Centro,Área dos CSP da ULS Guarda,"40.5353285, -7.2724426",62.55334,92933.0,85.40851,126888.0,2019,7
2019-07-01,Lisboa e Vale do Tejo,ACES Oeste Norte,"39.410844, -9.1396215",60.09281,92067.0,84.32849,129198.0,2019,7
2019-07-01,Lisboa e Vale do Tejo,ACES Amadora,"38.7573081, -9.23429",46.50398,81049.0,71.15627,124014.0,2019,7
2019-07-01,Lisboa e Vale do Tejo,ACES Oeste Sul,"39.0917759, -9.2600341",56.89793,114560.0,81.832,164763.0,2019,7
2019-07-01,Norte,ACES Tâmega II - Vale do Sousa Sul,"41.1548155, -8.2163769",67.03437,116190.0,89.54358,155205.0,2019,7
2019-07-01,Norte,ACES Grande Porto I - Santo Tirso / Trofa,"41.3469246, -8.4822648",64.63591,74659.0,87.68733,101285.0,2019,7
2019-07-01,Norte,ACES Tâmega I - Baixo Tâmega,"41.2719719, -8.0791631",66.09678,110841.0,87.74203,147139.0,2019,7
2019-07-01,Norte,ACES Douro I - Marão e Douro Norte,"41.2968711, -7.7483727",65.306,65082.0,88.4554,88152.0,2019,7
2019-07-01,Norte,Área dos CSP da ULS Póvoa Varzim / Vila Conde,"41.355519, -8.746653",60.80143,92071.0,86.00928,130243.0,2019,7
2019-07-01,Norte,"ACES Alto Ave - Guimarães, Vizela e Terras de Basto","41.4417064, -8.1722408",66.23114,179801.0,89.42812,242775.0,2019,7
2019-07-01,Norte,Área dos CSP da ULS Alto Minho,"41.7056054, -8.8252713",67.29022,165828.0,88.09757,217105.0,2019,7
2019-08-01,Alentejo,Área dos CSP da ULS Alto Alentejo,"39.2967086, -7.4284755",65.68405,75536.0,86.22075,99153.0,2019,8
2019-08-01,Centro,Área dos CSP da ULS Região de Aveiro,"40.6405055, -8.6537539",64.35818,251905.0,84.99506,332680.0,2019,8
2019-08-01,Centro,Área dos CSP da ULS Viseu Dão-Lafões,"40.6565861, -7.9124712",65.23372,176861.0,84.42787,228900.0,2019,8
2019-08-01,Lisboa e Vale do Tejo,ACES Amadora,"38.7573081, -9.23429",48.48254,84699.0,71.53234,124967.0,2019,8
2019-08-01,Norte,ACES Ave / Famalicão,"41.3835805, -8.4157518",66.32273,82534.0,87.57423,108980.0,2019,8
2019-08-01,Norte,ACES Grande Porto VI - Porto Oriental,"41.1694498, -8.6126428",62.18402,73578.0,83.24417,98497.0,2019,8
2019-08-01,Norte,ACES Grande Porto II - Gondomar,"41.1738444, -8.5612238",66.9896,112986.0,86.77118,146350.0,2019,8
2019-08-01,Norte,Área dos CSP da ULS Barcelos / Esposende,"41.5317419, -8.6178922",68.69416,108409.0,89.29182,140915.0,2019,8
2019-09-01,Centro,ACES Pinhal Interior Sul,"39.7510898, -7.9203657",75.00323,23185.0,90.0977,27851.0,2019,9
2019-09-01,Centro,ACES Pinhal Interior Norte,"40.1151262, -8.2473136",69.23991,90356.0,86.99893,113531.0,2019,9
2019-09-01,Centro,ACES Pinhal Litoral,"39.7495331, -8.807683",63.34307,171362.0,83.34787,225481.0,2019,9
2019-09-01,Centro,Área dos CSP da ULS Guarda,"40.5353285, -7.2724426",66.69845,99340.0,85.90497,127946.0,2019,9
2019-09-01,Centro,Área dos CSP da ULS Cova da Beira,"40.2677741, -7.4995083",63.01349,54409.0,81.9619,70770.0,2019,9
2019-09-01,Lisboa e Vale do Tejo,Área dos CSP da ULS Arco Ribeirinho,"38.6672076, -9.0543329",54.30522,120014.0,75.06686,165897.0,2019,9
2019-09-01,Lisboa e Vale do Tejo,ACES Médio Tejo,"39.478072, -8.5404429",65.47109,147490.0,84.13628,189538.0,2019,9
2019-09-01,Norte,ACES Grande Porto VII - Gaia,"41.1278433, -8.580396",64.67394,101249.0,83.83167,131241.0,2019,9
2019-09-01,Norte,Área dos CSP da ULS Alto Minho,"41.7056054, -8.8252713",71.17868,175748.0,88.60521,218776.0,2019,9
2019-10-01,Alentejo,Área dos CSP da ULS Baixo Alentejo,"38.0153039, -7.8627308",70.0123,87117.0,87.00244,108258.0,2019,10
2019-10-01,Alentejo,Área dos CSP da ULS Litoral Alentejano,"38.3841359, -8.5132031",59.13373,57122.0,78.60411,75930.0,2019,10
2019-10-01,Algarve,ACES Algarve I - Algarve Central,"37.0274264, -7.9395984",54.28093,139426.0,74.58071,191568.0,2019,10
2019-10-01,Centro,Área dos CSP da ULS Região de Aveiro,"40.6405055, -8.6537539",68.57377,269198.0,85.73696,336575.0,2019,10
2019-10-01,Centro,ACES Baixo Mondego,"40.2150023, -8.4071805",68.20618,265601.0,84.85757,330443.0,2019,10
2019-10-01,Lisboa e Vale do Tejo,Área dos CSP da ULS Lezíria,"39.2371689, -8.6908895",66.74306,130476.0,83.94036,164095.0,2019,10
2019-10-01,Lisboa e Vale do Tejo,ACES Lisboa Central,"38.7306317, -9.1510414",49.33667,143324.0,68.37543,198632.0,2019,10
2019-10-01,Lisboa e Vale do Tejo,ACES Loures / Odivelas,"38.8012718, -9.1137868",55.6999,202800.0,75.54807,275066.0,2019,10
2019-10-01,Lisboa e Vale do Tejo,ACES Lisboa Norte,"38.7396924, -9.168506",50.92165,136138.0,70.13742,187511.0,2019,10
2019-10-01,Lisboa e Vale do Tejo,Área dos CSP da ULS Almada / Seixal,"38.6678522, -9.1875777",60.21563,210730.0,78.6415,275213.0,2019,10
2019-10-01,Norte,ACES Grande Porto VIII - Espinho / Gaia,"41.0022421, -8.642018",69.55936,128120.0,87.48398,161135.0,2019,10
2019-10-01,Norte,ACES Cávado II - Gerês / Cabreira,"41.6298661, -8.3596897",72.89467,78146.0,88.82971,95229.0,2019,10
2019-10-01,Norte,ACES Grande Porto II - Gondomar,"41.1738444, -8.5612238",71.15188,120125.0,87.52584,147769.0,2019,10
2019-10-01,Norte,Área dos CSP da ULS Barcelos / Esposende,"41.5317419, -8.6178922",73.17323,115542.0,90.00836,142125.0,2019,10
2019-10-01,Norte,Área dos CSP da ULS Póvoa Varzim / Vila Conde,"41.355519, -8.746653",67.41535,102292.0,87.024,132045.0,2019,10
2019-10-01,Norte,ACES Tâmega II - Vale do Sousa Sul,"41.1548155, -8.2163769",73.88309,128247.0,90.51624,157119.0,2019,10
2019-11-01,Alentejo,Área dos CSP da ULS Alto Alentejo,"39.2967086, -7.4284755",70.81306,81520.0,87.0648,100229.0,2019,11
2019-11-01,Alentejo,Área dos CSP da ULS Alentejo Central,"38.8442031, -7.5826619",73.91164,123734.0,88.9396,148892.0,2019,11
2019-11-01,Centro,Área dos CSP da ULS Viseu Dão-Lafões,"40.6565861, -7.9124712",70.71744,192111.0,85.47412,232199.0,2019,11
2019-11-01,Lisboa e Vale do Tejo,ACES Cascais,"38.69904, -9.3818008",54.38798,113722.0,71.0623,148587.0,2019,11
2019-11-01,Lisboa e Vale do Tejo,ACES Médio Tejo,"39.478072, -8.5404429",69.17529,155872.0,84.90385,191313.0,2019,11
2019-11-01,Norte,Área dos CSP da ULS Alto Minho,"41.7056054, -8.8252713",74.87038,185266.0,89.13796,220571.0,2019,11
2019-11-01,Norte,Área dos CSP da ULS Póvoa Varzim / Vila Conde,"41.355519, -8.746653",69.45509,105462.0,87.5298,132907.0,2019,11
2019-11-01,Norte,ACES Grande Porto III - Maia / Valongo,"41.2333945, -8.6187474",70.28008,154775.0,85.98531,189362.0,2019,11
2019-11-01,Norte,ACES Douro I - Marão e Douro Norte,"41.2968711, -7.7483727",74.02509,78474.0,89.80191,95199.0,2019,11
2019-11-01,Norte,ACES Cávado II - Gerês / Cabreira,"41.6298661, -8.3596897",74.65917,80063.0,89.19133,95647.0,2019,11
2019-11-01,Norte,ACES Ave / Famalicão,"41.3835805, -8.4157518",72.66827,90698.0,88.79346,110824.0,2019,11
2019-12-01,Alentejo,Área dos CSP da ULS Alentejo Central,"38.8442031, -7.5826619",75.10194,125798.0,89.14825,149326.0,2019,12
2019-12-01,Alentejo,Área dos CSP da ULS Litoral Alentejano,"38.3841359, -8.5132031",61.74539,59793.0,79.15591,76653.0,2019,12
2019-12-01,Algarve,ACES Algarve II - Algarve Barlavento,"37.1387554, -8.5445093",59.0856,101707.0,76.5591,131785.0,2019,12
2019-12-01,Algarve,ACES Algarve III - Algarve Sotavento,"37.383008, -7.7293275",66.65372,39457.0,82.07342,48585.0,2019,12
2019-12-01,Centro,Área dos CSP da ULS Viseu Dão-Lafões,"40.6565861, -7.9124712",72.00344,195678.0,85.76217,233069.0,2019,12
2019-12-01,Centro,ACES Pinhal Interior Norte,"40.1151262, -8.2473136",74.55491,97321.0,88.42005,115420.0,2019,12
2019-12-01,Lisboa e Vale do Tejo,ACES Lisboa Ocidental e Oeiras,"38.6914388, -9.3184304",55.99874,140269.0,73.68795,184578.0,2019,12
2019-12-01,Lisboa e Vale do Tejo,Área dos CSP da ULS Almada / Seixal,"38.6678522, -9.1875777",63.1976,221998.0,79.24652,278374.0,2019,12
2019-12-01,Lisboa e Vale do Tejo,ACES Cascais,"38.69904, -9.3818008",55.57102,116573.0,71.29802,149564.0,2019,12
2019-12-01,Lisboa e Vale do Tejo,Área dos CSP da ULS Arrábida,"38.5324373, -8.8627453",62.45927,145294.0,79.36223,184614.0,2019,12
2019-12-01,Lisboa e Vale do Tejo,ACES Loures / Odivelas,"38.8012718, -9.1137868",58.54042,214279.0,76.00974,278223.0,2019,12
2019-12-01,Norte,ACES Alto Trás-os-Montes - Alto Tâmega e Barroso,"41.741781, -7.4731648",73.93741,66886.0,87.72205,79356.0,2019,12
2019-12-01,Norte,Área dos CSP da ULS Matosinhos,"41.1918541, -8.6590693",72.62147,127853.0,86.85915,152919.0,2019,12
2019-12-01,Norte,ACES Cávado I - Braga,"41.5518714, -8.4126362",72.10198,143108.0,87.49748,173665.0,2019,12
2019-12-01,Norte,ACES Tâmega I - Baixo Tâmega,"41.2719719, -8.0791631",75.58474,126581.0,89.21532,149408.0,2019,12
2019-12-01,Norte,"ACES Alto Ave - Guimarães, Vizela e Terras de Basto","41.4417064, -8.1722408",76.27658,207708.0,90.92869,247607.0,2019,12
2020-01-01,Alentejo,Área dos CSP da ULS Alto Alentejo,"39.2967086, -7.4284755",26.0977,29992.0,82.84924,95212.0,2020,1
2020-01-01,Centro,Área dos CSP da ULS Guarda,"40.5353285, -7.2724426",23.28555,34600.0,82.52709,122627.0,2020,1
2020-01-01,Centro,Área dos CSP da ULS Cova da Beira,"40.2677741, -7.4995083",22.77285,19691.0,78.95729,68272.0,2020,1
2020-01-01,Centro,ACES Pinhal Interior Norte,"40.1151262, -8.2473136",24.9197,32508.0,84.46313,110183.0,2020,1
2020-01-01,Centro,Área dos CSP da ULS Viseu Dão-Lafões,"40.6565861, -7.9124712",24.52187,66648.0,82.50524,224241.0,2020,1
2020-01-01,Lisboa e Vale do Tejo,ACES Lisboa Central,"38.7306317, -9.1510414",14.8724,43323.0,63.90878,186165.0,2020,1
2020-01-01,Lisboa e Vale do Tejo,ACES Loures / Odivelas,"38.8012718, -9.1137868",16.77772,61387.0,70.8096,259081.0,2020,1
2020-01-01,Lisboa e Vale do Tejo,ACES Cascais,"38.69904, -9.3818008",16.16438,33946.0,66.54556,139749.0,2020,1
2020-01-01,Lisboa e Vale do Tejo,ACES Lisboa Ocidental e Oeiras,"38.6914388, -9.3184304",15.68182,39171.0,68.48102,171056.0,2020,1
2020-01-01,Lisboa e Vale do Tejo,ACES Médio Tejo,"39.478072, -8.5404429",23.34788,52582.0,81.09506,182635.0,2020,1
2020-01-01,Norte,ACES Entre Douro e Vouga II - Aveiro Norte,"40.8472225, -8.4656674",25.47958,30217.0,85.83475,101794.0,2020,1
2020-01-01,Norte,ACES Grande Porto VII - Gaia,"41.1278433, -8.580396",22.08303,34673.0,80.50722,126406.0,2020,1
2020-01-01,Norte,ACES Grande Porto VIII - Espinho / Gaia,"41.0022421, -8.642018",24.0394,44276.0,83.6829,154128.0,2020,1
2020-02-01,Alentejo,Área dos CSP da ULS Alentejo Central,"38.8442031, -7.5826619",39.98865,66931.0,85.91426,143799.0,2020,2
2020-02-01,Centro,ACES Pinhal Interior Sul,"39.7510898, -7.9203657",45.27106,13996.0,88.05796,27224.0,2020,2
2020-02-01,Centro,Área dos CSP da ULS Região de Aveiro,"40.6405055, -8.6537539",36.37739,143316.0,82.6002,325420.0,2020,2
2020-02-01,Centro,ACES Beira Interior Sul,"39.8211367, -7.5036651",34.8608,25744.0,80.92839,59764.0,2020,2
2020-02-01,Lisboa e Vale do Tejo,ACES Amadora,"38.7573081, -9.23429",25.47918,44572.0,68.6192,120039.0,2020,2
2020-02-01,Lisboa e Vale do Tejo,ACES Lisboa Ocidental e Oeiras,"38.6914388, -9.3184304",24.71351,61656.0,69.10651,172409.0,2020,2
2020-02-01,Lisboa e Vale do Tejo,ACES Oeste Sul,"39.0917759, -9.2600341",30.56098,62165.0,79.35137,161411.0,2020,2
2020-02-01,Lisboa e Vale do Tejo,ACES Loures / Odivelas,"38.8012718, -9.1137868",26.51195,97174.0,71.3185,261403.0,2020,2
2020-02-01,Lisboa e Vale do Tejo,Área dos CSP da ULS Almada / Seixal,"38.6678522, -9.1875777",29.85861,105105.0,75.10547,264378.0,2020,2
2020-02-01,Norte,Área dos CSP da ULS Matosinhos,"41.1918541, -8.6590693",37.24889,65640.0,83.26694,146733.0,2020,2
2020-02-01,Norte,ACES Grande Porto VIII - Espinho / Gaia,"41.0022421, -8.642018",36.22965,66789.0,84.05687,154958.0,2020,2
2020-02-01,Norte,ACES Tâmega II - Vale do Sousa Sul,"41.1548155, -8.2163769",39.49463,68428.0,87.84767,152204.0,2020,2
2020-02-01,Norte,Área dos CSP da ULS Póvoa Varzim / Vila Conde,"41.355519, -8.746653",34.39848,52199.0,83.70852,127026.0,2020,2
2020-02-01,Norte,ACES Tâmega I - Baixo Tâmega,"41.2719719, -8.0791631",39.81653,66580.0,85.9787,143771.0,2020,2
2020-03-01,Alentejo,Área dos CSP da ULS Alentejo Central,"38.8442031, -7.5826619",47.6444,79751.0,86.15731,144217.0,2020,3
2020-03-01,Algarve,ACES Algarve II - Algarve Barlavento,"37.1387554, -8.5445093",33.72299,58360.0,72.48421,125439.0,2020,3
2020-03-01,Centro,Área dos CSP da ULS Região de Aveiro,"40.6405055, -8.6537539",43.89085,172901.0,82.95933,326805.0,2020,3
2020-03-01,Centro,Área dos CSP da ULS Viseu Dão-Lafões,"40.6565861, -7.9124712",45.21867,122917.0,83.27803,226373.0,2020,3
2020-03-01,Lisboa e Vale do Tejo,ACES Cascais,"38.69904, -9.3818008",31.89117,67151.0,67.61872,142380.0,2020,3
2020-03-01,Lisboa e Vale do Tejo,ACES Lisboa Ocidental e Oeiras,"38.6914388, -9.3184304",31.18439,77709.0,69.65954,173586.0,2020,3
2020-03-01,Norte,Área dos CSP da ULS Póvoa Varzim / Vila Conde,"41.355519, -8.746653",42.45396,64412.0,84.06757,127549.0,2020,3
2020-03-01,Norte,ACES Tâmega II - Vale do Sousa Sul,"41.1548155, -8.2163769",47.08029,81528.0,88.21318,152757.0,2020,3
2020-03-01,Norte,ACES Tâmega III - Vale do Sousa Norte,"41.2793583, -8.2787457",47.02994,75761.0,88.48353,142539.0,2020,3
2020-03-01,Norte,ACES Douro I - Marão e Douro Norte,"41.2968711, -7.7483727",46.59273,49324.0,86.67416,91755.0,2020,3
2020-04-01,Alentejo,Área dos CSP da ULS Litoral Alentejano,"38.3841359, -8.5132031",38.81268,37573.0,75.2629,72859.0,2020,4
2020-04-01,Alentejo,Área dos CSP da ULS Alentejo Central,"38.8442031, -7.5826619",51.12966,85453.0,86.4016,144403.0,2020,4
2020-04-01,Algarve,ACES Algarve II - Algarve Barlavento,"37.1387554, -8.5445093",36.39533,62941.0,72.84965,125984.0,2020,4
2020-04-01,Algarve,ACES Algarve III - Algarve Sotavento,"37.383008, -7.7293275",43.9575,26189.0,78.74887,46917.0,2020,4
2020-04-01,Centro,Área dos CSP da ULS Cova da Beira,"40.2677741, -7.4995083",46.77726,40351.0,80.3239,69289.0,2020,4
2020-04-01,Lisboa e Vale do Tejo,ACES Lisboa Ocidental e Oeiras,"38.6914388, -9.3184304",34.74207,86300.0,70.26433,174538.0,2020,4
2020-04-01,Lisboa e Vale do Tejo,ACES Oeste Norte,"39.410844, -9.1396215",45.65737,82391.0,81.70624,147443.0,2020,4
2020-04-01,Lisboa e Vale do Tejo,ACES Sintra,"38.7519209, -9.2753636",35.02993,127386.0,72.01092,261867.0,2020,4
2020-04-01,Norte,ACES Tâmega I - Baixo Tâmega,"41.2719719, -8.0791631",50.95605,85091.0,86.52606,144489.0,2020,4
2020-04-01,Norte,ACES Cávado I - Braga,"41.5518714, -8.4126362",46.94456,93553.0,84.59134,168577.0,2020,4
2020-04-01,Norte,ACES Entre Douro e Vouga I - Feira e Arouca,"40.9263169, -8.5478813",50.28503,77183.0,86.25522,132394.0,2020,4
2020-04-01,Norte,Área dos CSP da ULS Barcelos / Esposende,"41.5317419, -8.6178922",49.94176,78889.0,87.84898,138768.0,2020,4
2020-04-01,Norte,"ACES Alto Ave - Guimarães, Vizela e Terras de Basto","41.4417064, -8.1722408",50.47278,137291.0,88.13536,239737.0,2020,4
2020-04-01,Norte,Área dos CSP da ULS Alto Minho,"41.7056054, -8.8252713",52.63203,130299.0,86.84149,214990.0,2020,4
2020-05-01,Alentejo,Área dos CSP da ULS Litoral Alentejano,"38.3841359, -8.5132031",41.7248,40370.0,75.61419,73159.0,2020,5
2020-05-01,Alentejo,Área dos CSP da ULS Alto Alentejo,"39.2967086, -7.4284755",53.67291,61485.0,84.36995,96650.0,2020,5
2020-05-01,Alentejo,Área dos CSP da ULS Baixo Alentejo,"38.0153039, -7.8627308",53.20906,66025.0,85.01604,105493.0,2020,5
2020-05-01,Lisboa e Vale do Tejo,Área dos CSP da ULS Estuário do Tejo,"38.9528113, -8.9911154",42.85436,99150.0,75.91165,175633.0,2020,5
2020-05-01,Lisboa e Vale do Tejo,Área dos CSP da ULS Almada / Seixal,"38.6678522, -9.1875777",43.23871,150731.0,76.93788,268207.0,2020,5
2020-05-01,Lisboa e Vale do Tejo,Área dos CSP da ULS Arrábida,"38.5324373, -8.8627453",43.43714,100087.0,76.84382,177062.0,2020,5
2020-05-01,Norte,ACES Entre Douro e Vouga I - Feira e Arouca,"40.9263169, -8.5478813",53.96783,82839.0,86.50853,132788.0,2020,5
2020-05-01,Norte,ACES Alto Trás-os-Montes - Alto Tâmega e Barroso,"41.741781, -7.4731648",54.23349,48930.0,85.00903,76696.0,2020,5
2020-05-01,Norte,ACES Grande Porto VI - Porto Oriental,"41.1694498, -8.6126428",49.53578,58742.0,82.02977,97275.0,2020,5
2020-05-01,Norte,Área dos CSP da ULS Barcelos / Esposende,"41.5317419, -8.6178922",52.8664,83503.0,88.09188,139142.0,2020,5
2020-05-01,Norte,Área dos CSP da ULS Alto Minho,"41.7056054, -8.8252713",56.1404,138943.0,87.01574,215357.0,2020,5
2020-06-01,Alentejo,Área dos CSP da ULS Baixo Alentejo,"38.0153039, -7.8627308",56.27172,69800.0,85.32824,105842.0,2020,6
2020-06-01,Algarve,ACES Algarve I - Algarve Central,"37.0274264, -7.9395984",41.58107,108011.0,72.03072,187107.0,2020,6
2020-06-01,Centro,Área dos CSP da ULS Viseu Dão-Lafões,"40.6565861, -7.9124712",55.5272,150808.0,84.00953,228164.0,2020,6
2020-06-01,Centro,ACES Baixo Mondego,"40.2150023, -8.4071805",54.97515,214115.0,83.13478,323790.0,2020,6
2020-06-01,Centro,ACES Beira Interior Sul,"39.8211367, -7.5036651",52.64747,38718.0,82.37606,60581.0,2020,6
2020-06-01,Centro,ACES Pinhal Litoral,"39.7495331, -8.807683",52.0927,141813.0,81.6796,222358.0,2020,6
2020-06-01,Lisboa e Vale do Tejo,ACES Oeste Norte,"39.410844, -9.1396215",52.18784,93876.0,82.524,148445.0,2020,6
2020-06-01,Lisboa e Vale do Tejo,Área dos CSP da ULS Almada / Seixal,"38.6678522, -9.1875777",45.80941,159802.0,77.22802,269403.0,2020,6
2020-06-01,Lisboa e Vale do Tejo,Área dos CSP da ULS Lezíria,"39.2371689, -8.6908895",55.16036,107459.0,82.86297,161427.0,2020,6
2020-06-01,Lisboa e Vale do Tejo,Área dos CSP da ULS Arrábida,"38.5324373, -8.8627453",46.26006,106709.0,77.20226,178084.0,2020,6
2020-06-01,Norte,ACES Tâmega II - Vale do Sousa Sul,"41.1548155, -8.2163769",58.92281,101841.0,89.16616,154113.0,2020,6
2020-06-01,Norte,ACES Tâmega I - Baixo Tâmega,"41.2719719, -8.0791631",58.20212,97105.0,87.12667,145363.0,2020,6
2020-06-01,Norte,ACES Entre Douro e Vouga I - Feira e Arouca,"40.9263169, -8.5478813",57.03171,87595.0,86.71789,133190.0,2020,6
2020-06-01,Norte,ACES Douro II - Douro Sul,"41.0953745, -7.8123805",60.70716,42271.0,87.181,60705.0,2020,6
2020-06-01,Norte,ACES Grande Porto I - Santo Tirso / Trofa,"41.3469246, -8.4822648",57.21842,65883.0,86.7417,99877.0,2020,6
2020-06-01,Norte,Área dos CSP da ULS Matosinhos,"41.1918541, -8.6590693",55.28627,97363.0,84.38279,148604.0,2020,6
2020-06-01,Norte,ACES Ave / Famalicão,"41.3835805, -8.4157518",54.49275,67862.0,86.64702,107905.0,2020,6
2020-07-01,Alentejo,Área dos CSP da ULS Alto Alentejo,"39.2967086, -7.4284755",59.25201,67808.0,85.01398,97290.0,2020,7
2020-07-01,Alentejo,Área dos CSP da ULS Alentejo Central,"38.8442031, -7.5826619",60.175,100544.0,87.11442,145556.0,2020,7
2020-07-01,Alentejo,Área dos CSP da ULS Litoral Alentejano,"38.3841359, -8.5132031",47.50583,46074.0,76.31308,74013.0,2020,7
2020-07-01,Algarve,ACES Algarve II - Algarve Barlavento,"37.1387554, -8.5445093",45.17332,78256.0,74.26906,128660.0,2020,7
2020-07-01,Algarve,ACES Algarve I - Algarve Central,"37.0274264, -7.9395984",44.06074,114702.0,72.40355,188486.0,2020,7
2020-07-01,Centro,ACES Baixo Mondego,"40.2150023, -8.4071805",57.75184,225011.0,83.43553,325079.0,2020,7
2020-07-01,Centro,ACES Pinhal Interior Sul,"39.7510898, -7.9203657",66.92962,20702.0,89.21147,27594.0,2020,7
2020-07-01,Lisboa e Vale do Tejo,Área dos CSP da ULS Almada / Seixal,"38.6678522, -9.1875777",48.22869,168512.0,77.5153,270840.0,2020,7
2020-07-01,Lisboa e Vale do Tejo,Área dos CSP da ULS Lezíria,"39.2371689, -8.6908895",57.76765,112733.0,83.18362,162332.0,2020,7
2020-07-01,Lisboa e Vale do Tejo,ACES Oeste Sul,"39.0917759, -9.2600341",51.44226,104221.0,81.58521,165290.0,2020,7
2020-07-01,Lisboa e Vale do Tejo,ACES Loures / Odivelas,"38.8012718, -9.1137868",45.16586,164733.0,73.88856,269493.0,2020,7
2020-07-01,Norte,ACES Grande Porto VIII - Espinho / Gaia,"41.0022421, -8.642018",57.51438,105777.0,85.68788,157592.0,2020,7
2020-07-01,Norte,ACES Grande Porto I - Santo Tirso / Trofa,"41.3469246, -8.4822648",59.77501,68810.0,87.01038,100162.0,2020,7
2020-07-01,Norte,Área dos CSP da ULS Póvoa Varzim / Vila Conde,"41.355519, -8.746653",55.99602,84979.0,85.19627,129293.0,2020,7
2020-07-01,Norte,ACES Grande Porto II - Gondomar,"41.1738444, -8.5612238",60.39478,102162.0,86.43923,146218.0,2020,7
2020-07-01,Norte,ACES Tâmega I - Baixo Tâmega,"41.2719719, -8.0791631",60.82209,101433.0,87.37063,145708.0,2020,7
2020-07-01,Norte,Área dos CSP da ULS Barcelos / Esposende,"41.5317419, -8.6178922",58.28096,92081.0,88.46229,139766.0,2020,7
2020-07-01,Norte,ACES Cávado I - Braga,"41.5518714, -8.4126362",57.12905,114089.0,85.49303,170733.0,2020,7
2020-07-01,Norte,ACES Entre Douro e Vouga I - Feira e Arouca,"40.9263169, -8.5478813",59.6715,91659.0,86.99335,133627.0,2020,7
2020-07-01,Norte,ACES Douro I - Marão e Douro Norte,"41.2968711, -7.7483727",60.71253,64246.0,87.6375,92738.0,2020,7
2020-08-01,Alentejo,Área dos CSP da ULS Litoral Alentejano,"38.3841359, -8.5132031",49.66791,48234.0,76.62208,74410.0,2020,8
2020-08-01,Alentejo,Área dos CSP da ULS Alto Alentejo,"39.2967086, -7.4284755",61.21855,70083.0,85.26555,97612.0,2020,8
2020-08-01,Algarve,ACES Algarve I - Algarve Central,"37.0274264, -7.9395984",45.96902,119861.0,72.7636,189726.0,2020,8
2020-08-01,Centro,ACES Pinhal Litoral,"39.7495331, -8.807683",57.29125,156200.0,82.39376,224640.0,2020,8
2020-08-01,Centro,Área dos CSP da ULS Guarda,"40.5353285, -7.2724426",59.69258,88425.0,84.73544,125522.0,2020,8
2020-08-01,Lisboa e Vale do Tejo,ACES Oeste Norte,"39.410844, -9.1396215",57.13578,102637.0,83.29075,149621.0,2020,8
2020-08-01,Lisboa e Vale do Tejo,ACES Lisboa Norte,"38.7396924, -9.168506",42.80079,114371.0,69.61346,186019.0,2020,8
2020-08-01,Norte,ACES Douro II - Douro Sul,"41.0953745, -7.8123805",65.35503,45459.0,87.77549,61054.0,2020,8
2020-08-01,Norte,Área dos CSP da ULS Póvoa Varzim / Vila Conde,"41.355519, -8.746653",58.25621,88437.0,85.52834,129838.0,2020,8
2020-08-01,Norte,ACES Grande Porto II - Gondomar,"41.1738444, -8.5612238",62.5017,105756.0,86.68479,146675.0,2020,8
2020-08-01,Norte,ACES Ave / Famalicão,"41.3835805, -8.4157518",59.47494,74126.0,87.21456,108699.0,2020,8
2020-08-01,Norte,ACES Grande Porto V - Porto Ocidental,"41.1741353, -8.6691662",54.49777,94649.0,79.37527,137855.0,2020,8
2020-08-01,Norte,ACES Tâmega II - Vale do Sousa Sul,"41.1548155, -8.2163769",63.72963,110200.0,89.65001,155021.0,2020,8
2020-08-01,Norte,ACES Cávado I - Braga,"41.5518714, -8.4126362",59.41878,118853.0,85.79085,171604.0,2020,8
2020-09-01,Alentejo,Área dos CSP da ULS Baixo Alentejo,"38.0153039, -7.8627308",63.14494,78253.0,86.31441,106966.0,2020,9
2020-09-01,Algarve,ACES Algarve III - Algarve Sotavento,"37.383008, -7.7293275",55.99887,33671.0,79.91784,48053.0,2020,9
2020-09-01,Centro,ACES Pinhal Litoral,"39.7495331, -8.807683",59.81543,163207.0,82.82652,225993.0,2020,9
2020-09-01,Centro,ACES Beira Interior Sul,"39.8211367, -7.5036651",59.89309,43810.0,83.59605,61148.0,2020,9
2020-09-01,Lisboa e Vale do Tejo,ACES Loures / Odivelas,"38.8012718, -9.1137868",49.20872,180098.0,74.50845,272692.0,2020,9
2020-09-01,Lisboa e Vale do Tejo,Área dos CSP da ULS Almada / Seixal,"38.6678522, -9.1875777",52.52599,183852.0,78.24873,273887.0,2020,9
2020-09-01,Norte,Área dos CSP da ULS Matosinhos,"41.1918541, -8.6590693",62.18942,109505.0,85.22004,150058.0,2020,9
2020-09-01,Norte,ACES Tâmega I - Baixo Tâmega,"41.2719719, -8.0791631",65.51927,108133.0,88.35919,145828.0,2020,9
2020-09-01,Norte,Área dos CSP da ULS Barcelos / Esposende,"41.5317419, -8.6178922",63.20044,99985.0,88.90729,140654.0,2020,9
2020-09-01,Norte,ACES Douro II - Douro Sul,"41.0953745, -7.8123805",67.53501,46976.0,88.11495,61291.0,2020,9
2020-09-01,Norte,Área dos CSP da ULS Póvoa Varzim / Vila Conde,"41.355519, -8.746653",60.9342,92517.0,85.96202,130517.0,2020,9
2020-10-01,Alentejo,Área dos CSP da ULS Baixo Alentejo,"38.0153039, -7.8627308",65.49507,81189.0,86.71367,107492.0,2020,10
2020-10-01,Centro,Área dos CSP da ULS Guarda,"40.5353285, -7.2724426",64.17407,96118.0,84.63382,126762.0,2020,10
2020-10-01,Lisboa e Vale do Tejo,ACES Lisboa Norte,"38.7396924, -9.168506",47.71474,127886.0,70.75651,189643.0,2020,10
2020-10-01,Lisboa e Vale do Tejo,ACES Médio Tejo,"39.478072, -8.5404429",65.0863,145943.0,84.70544,189935.0,2020,10
2020-10-01,Norte,ACES Grande Porto VII - Gaia,"41.1278433, -8.580396",62.47942,98645.0,83.72666,132191.0,2020,10
2020-10-01,Norte,Área dos CSP da ULS Alto Minho,"41.7056054, -8.8252713",68.81774,170487.0,88.4119,219029.0,2020,10
2020-10-01,Norte,ACES Cávado I - Braga,"41.5518714, -8.4126362",65.16092,130791.0,86.64458,173913.0,2020,10
2020-10-01,Norte,ACES Tâmega I - Baixo Tâmega,"41.2719719, -8.0791631",68.47494,112896.0,88.9302,146621.0,2020,10
2020-10-01,Norte,ACES Ave / Famalicão,"41.3835805, -8.4157518",65.32991,81486.0,88.17366,109979.0,2020,10
2020-10-01,Norte,ACES Cávado II - Gerês / Cabreira,"41.6298661, -8.3596897",67.28302,72412.0,88.43649,95178.0,2020,10
2020-10-01,Norte,ACES Grande Porto II - Gondomar,"41.1738444, -8.5612238",67.77935,114724.0,87.64157,148343.0,2020,10
2020-10-01,Norte,ACES Douro I - Marão e Douro Norte,"41.2968711, -7.7483727",67.45042,71488.0,88.44659,93741.0,2020,10
2020-10-01,Norte,ACES Entre Douro e Vouga I - Feira e Arouca,"40.9263169, -8.5478813",66.87404,102762.0,88.09488,135371.0,2020,10
2020-10-01,Norte,ACES Grande Porto VI - Porto Oriental,"41.1694498, -8.6126428",62.43515,74133.0,83.84567,99555.0,2020,10
2020-11-01,Alentejo,Área dos CSP da ULS Baixo Alentejo,"38.0153039, -7.8627308",67.43078,83629.0,87.10632,108031.0,2020,11
2020-11-01,Algarve,ACES Algarve I - Algarve Central,"37.0274264, -7.9395984",52.13867,137059.0,73.95292,194403.0,2020,11
2020-11-01,Centro,ACES Pinhal Interior Norte,"40.1151262, -8.2473136",68.06296,88944.0,86.89231,113550.0,2020,11
2020-11-01,Centro,Área dos CSP da ULS Região de Aveiro,"40.6405055, -8.6537539",66.08641,260697.0,85.54473,337456.0,2020,11
2020-11-01,Centro,ACES Pinhal Interior Sul,"39.7510898, -7.9203657",74.91472,23279.0,90.04312,27980.0,2020,11
2020-11-01,Centro,ACES Baixo Mondego,"40.2150023, -8.4071805",66.54693,259541.0,84.88405,331058.0,2020,11
2020-11-01,Centro,ACES Pinhal Litoral,"39.7495331, -8.807683",64.61747,176617.0,83.85597,229201.0,2020,11
2020-11-01,Lisboa e Vale do Tejo,ACES Médio Tejo,"39.478072, -8.5404429",67.5064,151321.0,85.29475,191195.0,2020,11
2020-11-01,Lisboa e Vale do Tejo,ACES Loures / Odivelas,"38.8012718, -9.1137868",53.89453,198202.0,75.48177,277591.0,2020,11
2020-11-01,Lisboa e Vale do Tejo,Área dos CSP da ULS Estuário do Tejo,"38.9528113, -8.9911154",58.03159,134418.0,79.43435,183993.0,2020,11
2020-11-01,Lisboa e Vale do Tejo,ACES Lisboa Central,"38.7306317, -9.1510414",47.40228,137560.0,69.22091,200877.0,2020,11
2020-11-01,Norte,ACES Cávado II - Gerês / Cabreira,"41.6298661, -8.3596897",70.23752,75643.0,88.92717,95771.0,2020,11
2020-11-01,Norte,Área dos CSP da ULS Alto Minho,"41.7056054, -8.8252713",71.20747,176393.0,88.88328,220179.0,2020,11
2020-11-01,Norte,ACES Grande Porto VI - Porto Oriental,"41.1694498, -8.6126428",64.94835,77019.0,84.50985,100216.0,2020,11
2020-11-01,Norte,ACES Tâmega III - Vale do Sousa Norte,"41.2793583, -8.2787457",74.07923,119192.0,91.42749,147105.0,2020,11
2020-11-01,Norte,Área dos CSP da ULS Matosinhos,"41.1918541, -8.6590693",68.25554,120241.0,86.58175,152525.0,2020,11
2020-11-01,Norte,Área dos CSP da ULS Barcelos / Esposende,"41.5317419, -8.6178922",69.15833,109497.0,89.79839,142176.0,2020,11
2020-12-01,Centro,ACES Beira Interior Sul,"39.8211367, -7.5036651",66.08532,48578.0,84.62752,62208.0,2020,12
2020-12-01,Centro,ACES Pinhal Interior Sul,"39.7510898, -7.9203657",76.46169,23749.0,90.39923,28078.0,2020,12
2020-12-01,Lisboa e Vale do Tejo,ACES Oeste Sul,"39.0917759, -9.2600341",61.76602,126713.0,83.18109,170646.0,2020,12
2020-12-01,Lisboa e Vale do Tejo,ACES Médio Tejo,"39.478072, -8.5404429",68.97998,154789.0,85.58314,192046.0,2020,12
2020-12-01,Lisboa e Vale do Tejo,ACES Lisboa Central,"38.7306317, -9.1510414",48.76502,141816.0,69.61023,202437.0,2020,12
2020-12-01,Lisboa e Vale do Tejo,ACES Lisboa Norte,"38.7396924, -9.168506",51.85477,138907.0,72.18537,193368.0,2020,12
2020-12-01,Norte,ACES Entre Douro e Vouga I - Feira e Arouca,"40.9263169, -8.5478813",71.83244,110400.0,89.12233,136973.0,2020,12
2020-12-01,Norte,ACES Douro I - Marão e Douro Norte,"41.2968711, -7.7483727",71.0276,75209.0,89.03831,94280.0,2020,12
2020-12-01,Norte,ACES Grande Porto III - Maia / Valongo,"41.2333945, -8.6187474",67.77429,149628.0,86.01828,189906.0,2020,12
2020-12-01,Norte,Área dos CSP da ULS Póvoa Varzim / Vila Conde,"41.355519, -8.746653",67.89748,103158.0,87.26799,132588.0,2020,12
2021-01-01,Algarve,ACES Algarve II - Algarve Barlavento,"37.1387554, -8.5445093",15.70384,27768.0,70.50836,124675.0,2021,1
2021-01-01,Lisboa e Vale do Tejo,Área dos CSP da ULS Estuário do Tejo,"38.9528113, -8.9911154",18.32284,42581.0,75.04701,174404.0,2021,1
2021-01-01,Lisboa e Vale do Tejo,ACES Oeste Sul,"39.0917759, -9.2600341",17.9374,36854.0,77.59845,159433.0,2021,1
2021-01-01,Norte,ACES Entre Douro e Vouga II - Aveiro Norte,"40.8472225, -8.4656674",26.35821,31264.0,86.0579,102075.0,2021,1
2021-01-01,Norte,Área dos CSP da ULS Nordeste,"41.8069684, -6.7587977",24.12934,31677.0,84.41423,110819.0,2021,1
2021-01-01,Norte,Área dos CSP da ULS Póvoa Varzim / Vila Conde,"41.355519, -8.746653",23.13965,35132.0,82.06565,124597.0,2021,1
2021-02-01,Alentejo,Área dos CSP da ULS Baixo Alentejo,"38.0153039, -7.8627308",35.97354,44541.0,83.54009,103436.0,2021,2
2021-02-01,Algarve,ACES Algarve I - Algarve Central,"37.0274264, -7.9395984",25.0506,66592.0,68.55171,182231.0,2021,2
2021-02-01,Centro,Área dos CSP da ULS Cova da Beira,"40.2677741, -7.4995083",36.71604,31654.0,80.92399,69767.0,2021,2
2021-02-01,Centro,Área dos CSP da ULS Guarda,"40.5353285, -7.2724426",32.36754,48595.0,81.11633,121784.0,2021,2
2021-02-01,Lisboa e Vale do Tejo,ACES Oeste Norte,"39.410844, -9.1396215",33.6564,60597.0,81.08872,145997.0,2021,2
2021-02-01,Lisboa e Vale do Tejo,Área dos CSP da ULS Estuário do Tejo,"38.9528113, -8.9911154",27.59278,64167.0,75.68523,176006.0,2021,2
2021-02-01,Lisboa e Vale do Tejo,ACES Sintra,"38.7519209, -9.2753636",23.19726,83679.0,70.69953,255033.0,2021,2
2021-02-01,Lisboa e Vale do Tejo,ACES Loures / Odivelas,"38.8012718, -9.1137868",24.92776,92046.0,70.91436,261852.0,2021,2
2021-02-01,Norte,ACES Tâmega II - Vale do Sousa Sul,"41.1548155, -8.2163769",36.20846,62746.0,87.11993,150971.0,2021,2
2021-02-01,Norte,ACES Tâmega III - Vale do Sousa Norte,"41.2793583, -8.2787457",37.32892,59923.0,88.58323,142200.0,2021,2
2021-02-01,Norte,Área dos CSP da ULS Matosinhos,"41.1918541, -8.6590693",35.8277,63156.0,83.4085,147030.0,2021,2
2021-03-01,Lisboa e Vale do Tejo,ACES Cascais,"38.69904, -9.3818008",31.42608,67353.0,68.71856,147279.0,2021,3
2021-03-01,Lisboa e Vale do Tejo,Área dos CSP da ULS Estuário do Tejo,"38.9528113, -8.9911154",34.67592,80832.0,76.07923,177346.0,2021,3
2021-03-01,Lisboa e Vale do Tejo,ACES Oeste Sul,"39.0917759, -9.2600341",36.14237,74694.0,78.46429,162159.0,2021,3
2021-03-01,Lisboa e Vale do Tejo,ACES Lisboa Norte,"38.7396924, -9.168506",30.38277,81805.0,68.44693,184292.0,2021,3
2021-03-01,Lisboa e Vale do Tejo,ACES Lisboa Ocidental e Oeiras,"38.6914388, -9.3184304",32.83847,81312.0,71.38022,176746.0,2021,3
2021-03-01,Norte,ACES Tâmega II - Vale do Sousa Sul,"41.1548155, -8.2163769",45.49906,78894.0,87.52862,151772.0,2021,3
2021-03-01,Norte,ACES Alto Trás-os-Montes - Alto Tâmega e Barroso,"41.741781, -7.4731648",44.5492,40166.0,83.61708,75390.0,2021,3
2021-03-01,Norte,ACES Douro I - Marão e Douro Norte,"41.2968711, -7.7483727",42.64064,45046.0,84.99636,89791.0,2021,3
2021-03-01,Norte,ACES Douro II - Douro Sul,"41.0953745, -7.8123805",51.9251,36049.0,86.84912,60295.0,2021,3
2021-03-01,Norte,Área dos CSP da ULS Alto Minho,"41.7056054, -8.8252713",48.91629,121172.0,86.21631,213569.0,2021,3
2021-04-01,Alentejo,Área dos CSP da ULS Alto Alentejo,"39.2967086, -7.4284755",49.26348,56419.0,83.45427,95576.0,2021,4
2021-04-01,Algarve,ACES Algarve I - Algarve Central,"37.0274264, -7.9395984",37.04475,99427.0,69.52313,186598.0,2021,4
2021-04-01,Lisboa e Vale do Tejo,Área dos CSP da ULS Arco Ribeirinho,"38.6672076, -9.0543329",39.58556,88294.0,74.24612,165603.0,2021,4
2021-04-01,Lisboa e Vale do Tejo,Área dos CSP da ULS Lezíria,"39.2371689, -8.6908895",51.78334,102037.0,83.4871,164508.0,2021,4
2021-04-01,Lisboa e Vale do Tejo,Área dos CSP da ULS Arrábida,"38.5324373, -8.8627453",43.23717,101584.0,77.13389,181223.0,2021,4
2021-04-01,Norte,ACES Entre Douro e Vouga I - Feira e Arouca,"40.9263169, -8.5478813",53.40545,82105.0,86.3665,132779.0,2021,4
2021-04-01,Norte,Área dos CSP da ULS Barcelos / Esposende,"41.5317419, -8.6178922",53.044,83879.0,87.39716,138202.0,2021,4
2021-04-01,Norte,ACES Douro I - Marão e Douro Norte,"41.2968711, -7.7483727",48.65164,51399.0,85.30957,90127.0,2021,4
2021-04-01,Norte,"ACES Alto Ave - Guimarães, Vizela e Terras de Basto","41.4417064, -8.1722408",53.83755,146843.0,87.90256,239756.0,2021,4
2021-04-01,Norte,ACES Grande Porto II - Gondomar,"41.1738444, -8.5612238",52.66383,88688.0,85.85426,144582.0,2021,4
2021-05-01,Alentejo,Área dos CSP da ULS Litoral Alentejano,"38.3841359, -8.5132031",47.54768,47522.0,75.10756,75067.0,2021,5
2021-05-01,Algarve,ACES Algarve I - Algarve Central,"37.0274264, -7.9395984",41.15951,110773.0,70.11493,188701.0,2021,5
2021-05-01,Centro,ACES Pinhal Interior Norte,"40.1151262, -8.2473136",58.08479,75875.0,84.73758,110691.0,2021,5
2021-05-01,Lisboa e Vale do Tejo,ACES Oeste Sul,"39.0917759, -9.2600341",46.68413,97138.0,79.34543,165098.0,2021,5
2021-05-01,Lisboa e Vale do Tejo,ACES Amadora,"38.7573081, -9.23429",37.76926,64874.0,70.00652,120246.0,2021,5
2021-05-01,Lisboa e Vale do Tejo,Área dos CSP da ULS Arrábida,"38.5324373, -8.8627453",47.64399,112153.0,77.6417,182767.0,2021,5
2021-05-01,Norte,Área dos CSP da ULS Nordeste,"41.8069684, -6.7587977",57.95222,76297.0,85.92837,113129.0,2021,5
2021-05-01,Norte,ACES Entre Douro e Vouga II - Aveiro Norte,"40.8472225, -8.4656674",58.58549,69507.0,87.96716,104366.0,2021,5
2021-05-01,Norte,ACES Entre Douro e Vouga I - Feira e Arouca,"40.9263169, -8.5478813",58.56925,90264.0,86.68916,133601.0,2021,5
2021-05-01,Norte,ACES Grande Porto V - Porto Ocidental,"41.1741353, -8.6691662",49.64063,88473.0,78.58293,140056.0,2021,5
2021-05-01,Norte,ACES Douro II - Douro Sul,"41.0953745, -7.8123805",64.61005,44736.0,88.16869,61048.0,2021,5
2021-06-01,Centro,Área dos CSP da ULS Cova da Beira,"40.2677741, -7.4995083",59.24636,51366.0,82.6261,71636.0,2021,6
2021-06-01,Centro,ACES Beira Interior Sul,"39.8211367, -7.5036651",57.63552,42667.0,82.27857,60910.0,2021,6
2021-06-01,Lisboa e Vale do Tejo,ACES Médio Tejo,"39.478072, -8.5404429",58.06297,130446.0,83.63148,187889.0,2021,6
2021-06-01,Lisboa e Vale do Tejo,Área dos CSP da ULS Almada / Seixal,"38.6678522, -9.1875777",49.54998,175895.0,77.17763,273969.0,2021,6
2021-06-01,Norte,ACES Alto Trás-os-Montes - Alto Tâmega e Barroso,"41.741781, -7.4731648",60.23948,54433.0,84.84523,76667.0,2021,6
2021-06-01,Norte,ACES Grande Porto VII - Gaia,"41.1278433, -8.580396",54.79342,87344.0,82.05776,130805.0,2021,6
2021-06-01,Norte,ACES Douro I - Marão e Douro Norte,"41.2968711, -7.7483727",57.64153,60817.0,86.19359,90942.0,2021,6
2021-06-01,Norte,"ACES Alto Ave - Guimarães, Vizela e Terras de Basto","41.4417064, -8.1722408",62.99069,171843.0,88.80124,242256.0,2021,6
2021-06-01,Norte,ACES Grande Porto III - Maia / Valongo,"41.2333945, -8.6187474",58.59623,129718.0,84.07054,186112.0,2021,6
2021-06-01,Norte,ACES Cávado I - Braga,"41.5518714, -8.4126362",60.33224,122174.0,86.25693,174672.0,2021,6
2021-07-01,Alentejo,Área dos CSP da ULS Alentejo Central,"38.8442031, -7.5826619",65.66624,109769.0,87.26266,145870.0,2021,7
2021-07-01,Alentejo,Área dos CSP da ULS Baixo Alentejo,"38.0153039, -7.8627308",61.99556,77058.0,85.78635,106629.0,2021,7
2021-07-01,Centro,ACES Pinhal Interior Sul,"39.7510898, -7.9203657",68.91619,21537.0,89.12675,27853.0,2021,7
2021-07-01,Centro,ACES Pinhal Litoral,"39.7495331, -8.807683",60.16285,165659.0,83.06017,228707.0,2021,7
2021-07-01,Lisboa e Vale do Tejo,Área dos CSP da ULS Estuário do Tejo,"38.9528113, -8.9911154",51.53738,121353.0,78.33275,184447.0,2021,7
2021-07-01,Norte,ACES Cávado II - Gerês / Cabreira,"41.6298661, -8.3596897",68.42387,74023.0,88.745,96007.0,2021,7
2021-07-01,Norte,ACES Alto Trás-os-Montes - Alto Tâmega e Barroso,"41.741781, -7.4731648",63.19887,57152.0,85.35032,77184.0,2021,7
2021-07-01,Norte,Área dos CSP da ULS Barcelos / Esposende,"41.5317419, -8.6178922",63.87397,102130.0,87.6974,140222.0,2021,7
2021-07-01,Norte,ACES Grande Porto I - Santo Tirso / Trofa,"41.3469246, -8.4822648",65.24029,75194.0,87.87753,101285.0,2021,7
2021-07-01,Norte,ACES Douro II - Douro Sul,"41.0953745, -7.8123805",70.75606,48758.0,89.27296,61518.0,2021,7
2021-07-01,Norte,ACES Grande Porto III - Maia / Valongo,"41.2333945, -8.6187474",61.66064,136529.0,84.55785,187228.0,2021,7
2021-07-01,Norte,ACES Grande Porto VI - Porto Oriental,"41.1694498, -8.6126428",59.97257,71272.0,83.36769,99075.0,2021,7
2021-08-01,Algarve,ACES Algarve II - Algarve Barlavento,"37.1387554, -8.5445093",49.97314,91169.0,73.77053,134584.0,2021,8
2021-08-01,Algarve,ACES Algarve III - Algarve Sotavento,"37.383008, -7.7293275",56.9765,35669.0,78.517,49154.0,2021,8
2021-08-01,Centro,Área dos CSP da ULS Região de Aveiro,"40.6405055, -8.6537539",62.96631,249487.0,84.50771,334839.0,2021,8
2021-08-01,Centro,ACES Pinhal Interior Sul,"39.7510898, -7.9203657",71.36812,22264.0,89.40569,27891.0,2021,8
2021-08-01,Centro,ACES Baixo Mondego,"40.2150023, -8.4071805",63.44218,247703.0,83.75854,327026.0,2021,8
2021-08-01,Centro,ACES Pinhal Litoral,"39.7495331, -8.807683",62.78801,173067.0,83.60452,230445.0,2021,8
2021-08-01,Centro,ACES Pinhal Interior Norte,"40.1151262, -8.2473136",66.97798,87709.0,85.81389,112375.0,2021,8
2021-08-01,Lisboa e Vale do Tejo,ACES Amadora,"38.7573081, -9.23429",47.02895,81678.0,71.57581,124310.0,2021,8
2021-08-01,Lisboa e Vale do Tejo,Área dos CSP da ULS Almada / Seixal,"38.6678522, -9.1875777",54.98643,195915.0,78.17748,278544.0,2021,8
2021-08-01,Norte,ACES Grande Porto VIII - Espinho / Gaia,"41.0022421, -8.642018",64.75332,119251.0,86.52491,159346.0,2021,8
2021-08-01,Norte,ACES Cávado II - Gerês / Cabreira,"41.6298661, -8.3596897",71.60286,77059.0,89.60788,96436.0,2021,8
2021-08-01,Norte,"ACES Alto Ave - Guimarães, Vizela e Terras de Basto","41.4417064, -8.1722408",68.50111,187019.0,89.55519,244500.0,2021,8
2021-08-01,Norte,ACES Grande Porto VI - Porto Oriental,"41.1694498, -8.6126428",62.35335,74140.0,83.80445,99646.0,2021,8
2021-09-01,Alentejo,Área dos CSP da ULS Alentejo Central,"38.8442031, -7.5826619",70.21411,117629.0,87.88031,147225.0,2021,9
2021-09-01,Lisboa e Vale do Tejo,Área dos CSP da ULS Arrábida,"38.5324373, -8.8627453",59.52794,141639.0,79.89216,190093.0,2021,9
2021-09-01,Lisboa e Vale do Tejo,ACES Loures / Odivelas,"38.8012718, -9.1137868",50.61728,189299.0,73.71899,275695.0,2021,9
2021-09-01,Lisboa e Vale do Tejo,ACES Cascais,"38.69904, -9.3818008",49.46037,109988.0,70.22026,156153.0,2021,9
2021-09-01,Lisboa e Vale do Tejo,ACES Amadora,"38.7573081, -9.23429",48.99246,85265.0,71.99446,125297.0,2021,9
2021-09-01,Norte,ACES Grande Porto I - Santo Tirso / Trofa,"41.3469246, -8.4822648",69.9747,80748.0,88.60792,102250.0,2021,9
2021-09-01,Norte,ACES Alto Trás-os-Montes - Alto Tâmega e Barroso,"41.741781, -7.4731648",67.77944,61337.0,86.13294,77946.0,2021,9
2021-09-01,Norte,ACES Tâmega III - Vale do Sousa Norte,"41.2793583, -8.2787457",71.38148,114543.0,91.30595,146515.0,2021,9
2021-09-01,Norte,ACES Tâmega I - Baixo Tâmega,"41.2719719, -8.0791631",69.7949,114985.0,88.86717,146406.0,2021,9
2021-09-01,Norte,ACES Grande Porto VIII - Espinho / Gaia,"41.0022421, -8.642018",66.87408,123380.0,86.74118,160034.0,2021,9
2021-09-01,Norte,Área dos CSP da ULS Nordeste,"41.8069684, -6.7587977",69.35765,91670.0,87.21268,115269.0,2021,9
2021-10-01,Alentejo,Área dos CSP da ULS Litoral Alentejano,"38.3841359, -8.5132031",59.34833,60562.0,76.92097,78494.0,2021,10
2021-10-01,Alentejo,Área dos CSP da ULS Baixo Alentejo,"38.0153039, -7.8627308",68.85137,85711.0,86.89743,108176.0,2021,10
2021-10-01,Algarve,ACES Algarve III - Algarve Sotavento,"37.383008, -7.7293275",60.65191,38164.0,79.2254,49851.0,2021,10
2021-10-01,Algarve,ACES Algarve I - Algarve Central,"37.0274264, -7.9395984",53.16339,145446.0,72.45882,198235.0,2021,10
2021-10-01,Algarve,ACES Algarve II - Algarve Barlavento,"37.1387554, -8.5445093",53.5137,98226.0,74.44171,136640.0,2021,10
2021-10-01,Centro,Área dos CSP da ULS Guarda,"40.5353285, -7.2724426",67.43336,102026.0,84.46189,127790.0,2021,10
2021-10-01,Lisboa e Vale do Tejo,ACES Lisboa Central,"38.7306317, -9.1510414",48.47963,146679.0,68.21601,206393.0,2021,10
2021-10-01,Lisboa e Vale do Tejo,ACES Cascais,"38.69904, -9.3818008",51.04644,114148.0,70.34067,157293.0,2021,10
2021-10-01,Lisboa e Vale do Tejo,ACES Sintra,"38.7519209, -9.2753636",52.43929,192932.0,74.57891,274387.0,2021,10
2021-10-01,Lisboa e Vale do Tejo,Área dos CSP da ULS Estuário do Tejo,"38.9528113, -8.9911154",57.90023,136963.0,79.53879,188149.0,2021,10
2021-10-01,Lisboa e Vale do Tejo,ACES Lisboa Norte,"38.7396924, -9.168506",53.06263,144099.0,72.81893,197750.0,2021,10
2021-10-01,Norte,ACES Grande Porto VIII - Espinho / Gaia,"41.0022421, -8.642018",69.00142,127240.0,87.15198,160710.0,2021,10
2021-10-01,Norte,"ACES Alto Ave - Guimarães, Vizela e Terras de Basto","41.4417064, -8.1722408",72.98278,199378.0,90.2103,246441.0,2021,10
2021-10-01,Norte,Área dos CSP da ULS Matosinhos,"41.1918541, -8.6590693",69.87976,123727.0,86.94714,153946.0,2021,10
2021-10-01,Norte,ACES Grande Porto VII - Gaia,"41.1278433, -8.580396",65.2351,104566.0,83.88681,134463.0,2021,10
2021-10-01,Norte,ACES Douro I - Marão e Douro Norte,"41.2968711, -7.7483727",68.0869,72023.0,87.40795,92461.0,2021,10
2021-11-01,Alentejo,Área dos CSP da ULS Baixo Alentejo,"38.0153039, -7.8627308",70.78819,88132.0,87.27882,108663.0,2021,11
2021-11-01,Algarve,ACES Algarve II - Algarve Barlavento,"37.1387554, -8.5445093",55.39716,101851.0,74.93799,137778.0,2021,11
2021-11-01,Algarve,ACES Algarve I - Algarve Central,"37.0274264, -7.9395984",55.2096,151430.0,73.05182,200368.0,2021,11
2021-11-01,Centro,Área dos CSP da ULS Viseu Dão-Lafões,"40.6565861, -7.9124712",72.02368,197584.0,86.52399,237363.0,2021,11
2021-11-01,Centro,Área dos CSP da ULS Cova da Beira,"40.2677741, -7.4995083",71.24575,62184.0,84.87414,74079.0,2021,11
2021-11-01,Lisboa e Vale do Tejo,ACES Amadora,"38.7573081, -9.23429",53.36242,93452.0,73.03957,127912.0,2021,11
2021-11-01,Norte,ACES Tâmega II - Vale do Sousa Sul,"41.1548155, -8.2163769",74.57674,130076.0,90.76133,158305.0,2021,11
2021-11-01,Norte,ACES Cávado I - Braga,"41.5518714, -8.4126362",72.34867,147613.0,88.04195,179632.0,2021,11
