tempo,regiao,instituicao,localizacao_geografica,no_intervencoes_cirurgicas_programadas,no_intervencoes_cirurgicas_convencionais,no_intervencoes_cirurgicas_de_ambulatorio,no_intervencoes_cirurgicas_urgentes,ano,mes
2013-01-01,Centro,"Centro Hospitalar Tondela-Viseu, EPE","40.516364, -8.0827433",1616.0,684.0,932.0,217.0,2013.0,1.0
2013-01-01,Centro,Hospital Arcebispo João Crisóstomo,"40.3470015, -8.5933462",95.0,,95.0,,2013.0,1.0
2013-01-01,Lisboa e Vale do Tejo,"Centro Hospitalar Universitário Lisboa Central, EPE","38.7166948, -9.1371248",3230.0,1488.0,1742.0,644.0,2013.0,1.0
2013-01-01,Lisboa e Vale do Tejo,"Centro Hospitalar de Setúbal, EPE","38.5283754, -8.8818638",649.0,317.0,332.0,112.0,2013.0,1.0
2013-01-01,Norte,"Centro Hospitalar Entre Douro e Vouga, EPE","40.9293884, -8.5458794",1399.0,719.0,680.0,206.0,2013.0,1.0
2013-01-01,Norte,"Unidade Local de Saúde de Matosinhos, EPE","41.1794456, -8.6745115",1070.0,475.0,595.0,146.0,2013.0,1.0
2013-02-01,Alentejo,"Unidade Local de Saúde do Litoral Alentejano, EPE","38.0162314, -8.6956768",767.0,251.0,516.0,128.0,2013.0,2.0
2013-02-01,Centro,Hospital Arcebispo João Crisóstomo,"40.3470015, -8.5933462",216.0,,216.0,,2013.0,2.0
2013-02-01,Lisboa e Vale do Tejo,"Centro Hospitalar Universitário de Lisboa Norte, EPE","38.7500861, -9.1616116",4159.0,2017.0,2142.0,837.0,2013.0,2.0
2013-02-01,Lisboa e Vale do Tejo,"Centro Hospitalar Médio Tejo, EPE","39.478072, -8.5404429",1066.0,486.0,580.0,279.0,2013.0,2.0
2013-02-01,Lisboa e Vale do Tejo,"Hospital de Loures, PPP","38.821455, -9.176296",1374.0,555.0,819.0,318.0,2013.0,2.0
2013-02-01,Lisboa e Vale do Tejo,"Hospital Garcia de Orta, EPE","38.6658713, -9.1822554",1793.0,812.0,981.0,351.0,2013.0,2.0
2013-02-01,Lisboa e Vale do Tejo,Instituto Gama Pinto,"38.7218793, -9.144249",577.0,,577.0,,2013.0,2.0
2013-02-01,Norte,"Centro Hospitalar Póvoa de Varzim/Vila do Conde, EPE","41.3828711, -8.7589945",1239.0,473.0,766.0,204.0,2013.0,2.0
2013-02-01,Norte,"Centro Hospitalar Trás-os-Montes e Alto Douro, EPE","41.3031784, -7.7515252",2012.0,800.0,1212.0,362.0,2013.0,2.0
2013-02-01,Norte,"Hospital de Braga, PPP","41.56785, -8.398982",3842.0,1656.0,2186.0,361.0,2013.0,2.0
2013-02-01,Norte,"Hospital Santa Maria Maior, EPE","41.5324234, -8.6171561",591.0,241.0,350.0,45.0,2013.0,2.0
2013-02-01,Norte,"Unidade Local de Saúde de Matosinhos, EPE","41.1794456, -8.6745115",2032.0,888.0,1144.0,275.0,2013.0,2.0
2013-03-01,Alentejo,"Hospital Espírito Santo de Évora, EPE","38.5684861, -7.9032848",3585.0,1437.0,2148.0,338.0,2013.0,3.0
2013-03-01,Centro,Hospital José Luciano de Castro,"40.4422767, -8.4438729",117.0,,117.0,,2013.0,3.0
2013-03-01,Centro,"Unidade Local de Saúde da Guarda, EPE","40.5309916, -7.2734793",1977.0,768.0,1209.0,292.0,2013.0,3.0
2013-03-01,Centro,"Unidade Local de Saúde de Castelo Branco, EPE","39.8212263, -7.4981271",1303.0,661.0,642.0,312.0,2013.0,3.0
2013-03-01,Lisboa e Vale do Tejo,"Centro Hospitalar Universitário Lisboa Central, EPE","38.7166948, -9.1371248",9207.0,4322.0,4885.0,1851.0,2013.0,3.0
2013-03-01,Lisboa e Vale do Tejo,"Centro Hospitalar Universitário de Lisboa Norte, EPE","38.7500861, -9.1616116",6432.0,3155.0,3277.0,1301.0,2013.0,3.0
2013-03-01,Lisboa e Vale do Tejo,"Instituto Português Oncologia de Lisboa, EPE","38.7396768, -9.1634516",1813.0,1174.0,639.0,71.0,2013.0,3.0
2013-03-01,Norte,"Centro Hospitalar Vila Nova de Gaia/Espinho, EPE","41.1094138, -8.5972617",5484.0,2373.0,3111.0,705.0,2013.0,3.0
2013-03-01,Norte,"Unidade Local de Saúde do Nordeste, EPE","41.8056532, -6.7888197",1455.0,749.0,706.0,444.0,2013.0,3.0
2013-04-01,Centro,"Centro Hospitalar Tondela-Viseu, EPE","40.516364, -8.0827433",5774.0,2291.0,3483.0,635.0,2013.0,4.0
2013-04-01,Centro,Hospital Dr. Francisco Zagalo,"40.8571967, -8.6318023",588.0,150.0,438.0,0.0,2013.0,4.0
2013-04-01,Lisboa e Vale do Tejo,"Hospital Distrital de Santarém, EPE","39.2410946, -8.6937515",1984.0,988.0,996.0,489.0,2013.0,4.0
2013-04-01,Lisboa e Vale do Tejo,Instituto Gama Pinto,"38.7218793, -9.144249",1163.0,,1163.0,,2013.0,4.0
2013-04-01,Norte,"Centro Hospitalar Entre Douro e Vouga, EPE","40.9293884, -8.5458794",5873.0,3020.0,2853.0,833.0,2013.0,4.0
2013-04-01,Norte,"Centro Hospitalar Trás-os-Montes e Alto Douro, EPE","41.3031784, -7.7515252",4010.0,1614.0,2396.0,729.0,2013.0,4.0
2013-04-01,Norte,"Centro Hospitalar Vila Nova de Gaia/Espinho, EPE","41.1094138, -8.5972617",7270.0,3144.0,4126.0,913.0,2013.0,4.0
2013-04-01,Norte,"Unidade Local de Saúde do Nordeste, EPE","41.8056532, -6.7888197",1942.0,983.0,959.0,603.0,2013.0,4.0
2013-05-01,Algarve,"Centro Hospitalar Universitário do Algarve,EPE","37.0238973, -7.9281554",5462.0,2752.0,2710.0,1664.0,2013.0,5.0
2013-05-01,Centro,"Centro Hospitalar e Universitário de Coimbra, EPE","40.2191523, -8.4098211",15131.0,7356.0,7775.0,3287.0,2013.0,5.0
2013-05-01,Centro,"Hospital Distrital da Figueira da Foz, EPE","40.117897, -8.8586755",2332.0,1101.0,1231.0,331.0,2013.0,5.0
2013-05-01,Centro,Hospital Dr. Francisco Zagalo,"40.8571967, -8.6318023",780.0,197.0,583.0,0.0,2013.0,5.0
2013-05-01,Lisboa e Vale do Tejo,"Centro Hospitalar Médio Tejo, EPE","39.478072, -8.5404429",3084.0,1487.0,1597.0,712.0,2013.0,5.0
2013-05-01,Norte,"Centro Hospitalar Universitário de São João, EPE","41.1831056, -8.6010558",16343.0,7380.0,8963.0,2058.0,2013.0,5.0
2013-05-01,Norte,"Centro Hospitalar Entre Douro e Vouga, EPE","40.9293884, -8.5458794",7477.0,3858.0,3619.0,1049.0,2013.0,5.0
2013-06-01,Centro,"Centro Hospitalar Universitário Cova da Beira, EPE","40.2804158, -7.4922407",2295.0,1182.0,1113.0,469.0,2013.0,6.0
2013-06-01,Centro,Hospital José Luciano de Castro,"40.4422767, -8.4438729",279.0,,279.0,,2013.0,6.0
2013-06-01,Centro,"Unidade Local de Saúde de Castelo Branco, EPE","39.8212263, -7.4981271",2717.0,1350.0,1367.0,629.0,2013.0,6.0
2013-06-01,Lisboa e Vale do Tejo,"Centro Hospitalar Universitário Lisboa Central, EPE","38.7166948, -9.1371248",18628.0,8505.0,10123.0,3714.0,2013.0,6.0
2013-06-01,Lisboa e Vale do Tejo,"Centro Hospitalar Universitário de Lisboa Norte, EPE","38.7500861, -9.1616116",13268.0,6428.0,6840.0,2714.0,2013.0,6.0
2013-07-01,Alentejo,"Unidade Local de Saúde do Norte Alentejano, EPE","39.3003425, -7.4263845",2858.0,1610.0,1248.0,658.0,2013.0,7.0
2013-07-01,Centro,Hospital Arcebispo João Crisóstomo,"40.3470015, -8.5933462",855.0,,855.0,,2013.0,7.0
2013-07-01,Centro,"Instituto Português Oncologia de Coimbra, EPE","40.2162514, -8.4103814",2968.0,1831.0,1137.0,,2013.0,7.0
2013-07-01,Lisboa e Vale do Tejo,"Centro Hospitalar de Lisboa Ocidental, EPE","38.708454, -9.216985",9023.0,4637.0,4386.0,2536.0,2013.0,7.0
2013-07-01,Lisboa e Vale do Tejo,"Centro Hospitalar Médio Tejo, EPE","39.478072, -8.5404429",4408.0,2149.0,2259.0,985.0,2013.0,7.0
2013-07-01,Lisboa e Vale do Tejo,"Hospital de Cascais, PPP","38.729006, -9.418267",3588.0,1154.0,2434.0,1315.0,2013.0,7.0
2013-07-01,Lisboa e Vale do Tejo,"Hospital Distrital de Santarém, EPE","39.2410946, -8.6937515",3441.0,1626.0,1815.0,953.0,2013.0,7.0
2013-07-01,Lisboa e Vale do Tejo,"Hospital Professor Doutor Fernando Fonseca, EPE","38.7422257, -9.2264834",9924.0,4522.0,5402.0,3048.0,2013.0,7.0
2013-07-01,Norte,"Centro Hospitalar do Alto Ave, EPE","41.4387173, -8.3086907",6900.0,3008.0,3892.0,1174.0,2013.0,7.0
2013-08-01,Centro,"Centro Hospitalar de Leiria, EPE","39.7414812, -8.7982706",7207.0,3560.0,3647.0,1575.0,2013.0,8.0
2013-08-01,Centro,"Centro Hospitalar e Universitário de Coimbra, EPE","40.2191523, -8.4098211",22132.0,10743.0,11389.0,5442.0,2013.0,8.0
2013-08-01,Lisboa e Vale do Tejo,"Centro Hospitalar Universitário Lisboa Central, EPE","38.7166948, -9.1371248",23814.0,10832.0,12982.0,5184.0,2013.0,8.0
2013-08-01,Lisboa e Vale do Tejo,"Centro Hospitalar do Oeste, EPE","39.4054629, -9.1258493",3896.0,2119.0,1777.0,1530.0,2013.0,8.0
2013-08-01,Lisboa e Vale do Tejo,"Centro Hospitalar Universitário de Lisboa Norte, EPE","38.7500861, -9.1616116",17025.0,8238.0,8787.0,3691.0,2013.0,8.0
2013-08-01,Lisboa e Vale do Tejo,"Hospital de Loures, PPP","38.821455, -9.176296",5927.0,2178.0,3749.0,1379.0,2013.0,8.0
2013-08-01,Lisboa e Vale do Tejo,"Hospital Distrital de Santarém, EPE","39.2410946, -8.6937515",3782.0,1741.0,2041.0,1099.0,2013.0,8.0
2013-08-01,Lisboa e Vale do Tejo,"Hospital Professor Doutor Fernando Fonseca, EPE","38.7422257, -9.2264834",11082.0,5179.0,5903.0,3391.0,2013.0,8.0
2013-08-01,Norte,"Centro Hospitalar Entre Douro e Vouga, EPE","40.9293884, -8.5458794",11263.0,5708.0,5555.0,1703.0,2013.0,8.0
2013-08-01,Norte,"Centro Hospitalar Tâmega e Sousa, EPE","41.2494561, -8.264901",11405.0,4705.0,6700.0,1910.0,2013.0,8.0
2013-08-01,Norte,"Instituto Português Oncologia do Porto, EPE","41.1785642, -8.6062881",7196.0,3813.0,3383.0,319.0,2013.0,8.0
2013-09-01,Algarve,"Centro Hospitalar Universitário do Algarve,EPE","37.0238973, -7.9281554",8979.0,4631.0,4348.0,3026.0,2013.0,9.0
2013-09-01,Centro,"Centro Hospitalar e Universitário de Coimbra, EPE","40.2191523, -8.4098211",24910.0,12032.0,12878.0,6108.0,2013.0,9.0
2013-09-01,Centro,"Centro Hospitalar Tondela-Viseu, EPE","40.516364, -8.0827433",13889.0,5361.0,8528.0,2299.0,2013.0,9.0
2013-09-01,Centro,Hospital Dr. Francisco Zagalo,"40.8571967, -8.6318023",1198.0,342.0,856.0,0.0,2013.0,9.0
2013-09-01,Centro,"Unidade Local de Saúde de Castelo Branco, EPE","39.8212263, -7.4981271",3718.0,1770.0,1948.0,912.0,2013.0,9.0
2013-09-01,Lisboa e Vale do Tejo,"Centro Hospitalar Médio Tejo, EPE","39.478072, -8.5404429",5620.0,2678.0,2942.0,1253.0,2013.0,9.0
2013-09-01,Lisboa e Vale do Tejo,"Hospital de Cascais, PPP","38.729006, -9.418267",4405.0,1397.0,3008.0,1720.0,2013.0,9.0
2013-09-01,Lisboa e Vale do Tejo,"Hospital Distrital de Santarém, EPE","39.2410946, -8.6937515",4265.0,1968.0,2297.0,1253.0,2013.0,9.0
2013-09-01,Lisboa e Vale do Tejo,"Hospital Professor Doutor Fernando Fonseca, EPE","38.7422257, -9.2264834",12391.0,5785.0,6606.0,3857.0,2013.0,9.0
2013-09-01,Lisboa e Vale do Tejo,Instituto Gama Pinto,"38.7218793, -9.144249",2954.0,,2954.0,,2013.0,9.0
2013-09-01,Lisboa e Vale do Tejo,"Instituto Português Oncologia de Lisboa, EPE","38.7396768, -9.1634516",5138.0,3390.0,1748.0,225.0,2013.0,9.0
2013-10-01,Centro,"Centro Hospitalar de Leiria, EPE","39.7414812, -8.7982706",9315.0,4546.0,4769.0,2030.0,2013.0,10.0
2013-10-01,Centro,"Centro Hospitalar e Universitário de Coimbra, EPE","40.2191523, -8.4098211",28315.0,13620.0,14695.0,6782.0,2013.0,10.0
2013-10-01,Lisboa e Vale do Tejo,"Centro Hospitalar de Lisboa Ocidental, EPE","38.708454, -9.216985",12649.0,6535.0,6114.0,3656.0,2013.0,10.0
2013-10-01,Lisboa e Vale do Tejo,"Hospital Garcia de Orta, EPE","38.6658713, -9.1822554",9554.0,3767.0,5787.0,1980.0,2013.0,10.0
2013-10-01,Lisboa e Vale do Tejo,"Instituto Português Oncologia de Lisboa, EPE","38.7396768, -9.1634516",5827.0,3847.0,1980.0,250.0,2013.0,10.0
2013-10-01,Norte,"Centro Hospitalar do Médio Ave, EPE","41.3423984, -8.4802503",10567.0,3733.0,6834.0,1544.0,2013.0,10.0
2013-10-01,Norte,"Centro Hospitalar Entre Douro e Vouga, EPE","40.9293884, -8.5458794",14425.0,7131.0,7294.0,2164.0,2013.0,10.0
2013-10-01,Norte,"Centro Hospitalar Trás-os-Montes e Alto Douro, EPE","41.3031784, -7.7515252",9024.0,3495.0,5529.0,1921.0,2013.0,10.0
2013-11-01,Centro,"Centro Hospitalar e Universitário de Coimbra, EPE","40.2191523, -8.4098211",31428.0,15040.0,16388.0,7470.0,2013.0,11.0
2013-11-01,Centro,"Instituto Português Oncologia de Coimbra, EPE","40.2162514, -8.4103814",4506.0,2831.0,1675.0,,2013.0,11.0
2013-11-01,Lisboa e Vale do Tejo,"Centro Hospitalar Barreiro/Montijo, EPE","38.6554005, -9.0592392",5135.0,2454.0,2681.0,922.0,2013.0,11.0
2013-11-01,Lisboa e Vale do Tejo,"Centro Hospitalar Universitário Lisboa Central, EPE","38.7166948, -9.1371248",32898.0,14914.0,17984.0,7223.0,2013.0,11.0
2013-11-01,Lisboa e Vale do Tejo,"Centro Hospitalar de Lisboa Ocidental, EPE","38.708454, -9.216985",14001.0,7205.0,6796.0,3983.0,2013.0,11.0
2013-11-01,Lisboa e Vale do Tejo,"Centro Hospitalar Médio Tejo, EPE","39.478072, -8.5404429",6889.0,3266.0,3623.0,1510.0,2013.0,11.0
2013-11-01,Norte,"Centro Hospitalar Tâmega e Sousa, EPE","41.2494561, -8.264901",16417.0,6753.0,9664.0,2590.0,2013.0,11.0
2013-11-01,Norte,"Unidade Local de Saúde do Nordeste, EPE","41.8056532, -6.7888197",5134.0,2248.0,2886.0,1809.0,2013.0,11.0
2013-12-01,Alentejo,"Hospital Espírito Santo de Évora, EPE","38.5684861, -7.9032848",13378.0,5290.0,8088.0,1592.0,2013.0,12.0
2013-12-01,Centro,"Centro Hospitalar Universitário Cova da Beira, EPE","40.2804158, -7.4922407",4577.0,2320.0,2257.0,934.0,2013.0,12.0
2013-12-01,Centro,Hospital Arcebispo João Crisóstomo,"40.3470015, -8.5933462",1390.0,,1390.0,,2013.0,12.0
2013-12-01,Centro,"Instituto Português Oncologia de Coimbra, EPE","40.2162514, -8.4103814",4854.0,3092.0,1762.0,,2013.0,12.0
2013-12-01,Lisboa e Vale do Tejo,"Centro Hospitalar Universitário Lisboa Central, EPE","38.7166948, -9.1371248",35248.0,16039.0,19209.0,7944.0,2013.0,12.0
2013-12-01,Lisboa e Vale do Tejo,"Hospital de Loures, PPP","38.821455, -9.176296",9417.0,3448.0,5969.0,2095.0,2013.0,12.0
2013-12-01,Norte,"Centro Hospitalar do Médio Ave, EPE","41.3423984, -8.4802503",12828.0,4479.0,8349.0,1848.0,2013.0,12.0
2013-12-01,Norte,"Unidade Local de Saúde do Alto Minho, EPE","41.7056054, -8.8252713",10263.0,4271.0,5992.0,2350.0,2013.0,12.0
2014-01-01,Algarve,"Centro Hospitalar Universitário do Algarve,EPE","37.0238973, -7.9281554",936.0,473.0,463.0,312.0,2014.0,1.0
2014-01-01,Centro,"Centro Hospitalar Tondela-Viseu, EPE","40.516364, -8.0827433",1715.0,587.0,1128.0,207.0,2014.0,1.0
2014-01-01,Centro,"Instituto Português Oncologia de Coimbra, EPE","40.2162514, -8.4103814",466.0,290.0,176.0,,2014.0,1.0
2014-01-01,Centro,"Unidade Local de Saúde de Castelo Branco, EPE","39.8212263, -7.4981271",411.0,186.0,225.0,118.0,2014.0,1.0
2014-01-01,Lisboa e Vale do Tejo,"Centro Hospitalar de Lisboa Ocidental, EPE","38.708454, -9.216985",1382.0,702.0,680.0,374.0,2014.0,1.0
2014-01-01,Lisboa e Vale do Tejo,"Centro Hospitalar Universitário de Lisboa Norte, EPE","38.7500861, -9.1616116",1843.0,864.0,979.0,513.0,2014.0,1.0
2014-01-01,Lisboa e Vale do Tejo,"Centro Hospitalar Médio Tejo, EPE","39.478072, -8.5404429",512.0,245.0,267.0,133.0,2014.0,1.0
2014-01-01,Lisboa e Vale do Tejo,"Hospital de Loures, PPP","38.821455, -9.176296",927.0,337.0,590.0,195.0,2014.0,1.0
2014-01-01,Lisboa e Vale do Tejo,"Hospital Distrital de Santarém, EPE","39.2410946, -8.6937515",542.0,264.0,278.0,137.0,2014.0,1.0
2014-01-01,Lisboa e Vale do Tejo,"Hospital Professor Doutor Fernando Fonseca, EPE","38.7422257, -9.2264834",1151.0,510.0,641.0,288.0,2014.0,1.0
2014-01-01,Lisboa e Vale do Tejo,Instituto Gama Pinto,"38.7218793, -9.144249",408.0,,408.0,,2014.0,1.0
2014-01-01,Norte,"Centro Hospitalar Universitário de São João, EPE","41.1831056, -8.6010558",3413.0,1533.0,1880.0,355.0,2014.0,1.0
2014-01-01,Norte,"Centro Hospitalar do Médio Ave, EPE","41.3423984, -8.4802503",1143.0,344.0,799.0,131.0,2014.0,1.0
2014-01-01,Norte,"Centro Hospitalar Póvoa de Varzim/Vila do Conde, EPE","41.3828711, -8.7589945",573.0,286.0,287.0,99.0,2014.0,1.0
2014-01-01,Norte,"Centro Hospitalar Trás-os-Montes e Alto Douro, EPE","41.3031784, -7.7515252",1052.0,347.0,705.0,203.0,2014.0,1.0
2014-01-01,Norte,"Hospital de Braga, PPP","41.56785, -8.398982",2108.0,777.0,1331.0,233.0,2014.0,1.0
2014-01-01,Norte,"Instituto Português Oncologia do Porto, EPE","41.1785642, -8.6062881",1031.0,534.0,497.0,40.0,2014.0,1.0
2014-01-01,Norte,"Unidade Local de Saúde do Alto Minho, EPE","41.7056054, -8.8252713",918.0,399.0,519.0,185.0,2014.0,1.0
2014-02-01,Alentejo,"Unidade Local de Saúde do Baixo Alentejo, EPE","38.014123, -7.8721227",623.0,228.0,395.0,211.0,2014.0,2.0
2014-02-01,Alentejo,"Unidade Local de Saúde do Norte Alentejano, EPE","39.3003425, -7.4263845",1069.0,472.0,597.0,152.0,2014.0,2.0
2014-02-01,Centro,"Unidade Local de Saúde de Castelo Branco, EPE","39.8212263, -7.4981271",910.0,390.0,520.0,210.0,2014.0,2.0
2014-02-01,Lisboa e Vale do Tejo,"Centro Hospitalar de Setúbal, EPE","38.5283754, -8.8818638",1493.0,585.0,908.0,258.0,2014.0,2.0
2014-02-01,Lisboa e Vale do Tejo,"Centro Hospitalar Universitário de Lisboa Norte, EPE","38.7500861, -9.1616116",3838.0,1781.0,2057.0,931.0,2014.0,2.0
2014-02-01,Lisboa e Vale do Tejo,"Hospital de Loures, PPP","38.821455, -9.176296",1844.0,667.0,1177.0,369.0,2014.0,2.0
2014-02-01,Norte,"Centro Hospitalar Vila Nova de Gaia/Espinho, EPE","41.1094138, -8.5972617",3626.0,1484.0,2142.0,398.0,2014.0,2.0
2014-02-01,Norte,"Hospital Santa Maria Maior, EPE","41.5324234, -8.6171561",521.0,147.0,374.0,28.0,2014.0,2.0
2014-03-01,Centro,Hospital Arcebispo João Crisóstomo,"40.3470015, -8.5933462",345.0,,345.0,,2014.0,3.0
2014-03-01,Centro,Hospital Dr. Francisco Zagalo,"40.8571967, -8.6318023",371.0,143.0,228.0,0.0,2014.0,3.0
2014-03-01,Centro,"Instituto Português Oncologia de Coimbra, EPE","40.2162514, -8.4103814",1275.0,834.0,441.0,,2014.0,3.0
2014-03-01,Centro,"Unidade Local de Saúde da Guarda, EPE","40.5309916, -7.2734793",1703.0,894.0,809.0,248.0,2014.0,3.0
2014-03-01,Lisboa e Vale do Tejo,"Hospital de Cascais, PPP","38.729006, -9.418267",1707.0,476.0,1231.0,590.0,2014.0,3.0
2014-03-01,Lisboa e Vale do Tejo,Instituto Gama Pinto,"38.7218793, -9.144249",1174.0,,1174.0,,2014.0,3.0
2014-03-01,Norte,"Hospital de Braga, PPP","41.56785, -8.398982",6415.0,2406.0,4009.0,637.0,2014.0,3.0
2014-03-01,Norte,"Unidade Local de Saúde do Alto Minho, EPE","41.7056054, -8.8252713",2751.0,1187.0,1564.0,538.0,2014.0,3.0
2014-04-01,Centro,Hospital José Luciano de Castro,"40.4422767, -8.4438729",181.0,,181.0,,2014.0,4.0
2014-04-01,Lisboa e Vale do Tejo,"Centro Hospitalar de Setúbal, EPE","38.5283754, -8.8818638",2846.0,1158.0,1688.0,546.0,2014.0,4.0
2014-04-01,Lisboa e Vale do Tejo,"Hospital de Cascais, PPP","38.729006, -9.418267",2226.0,625.0,1601.0,768.0,2014.0,4.0
2014-04-01,Lisboa e Vale do Tejo,"Hospital Professor Doutor Fernando Fonseca, EPE","38.7422257, -9.2264834",5015.0,1936.0,3079.0,1545.0,2014.0,4.0
2014-04-01,Norte,"Centro Hospitalar Universitário de São João, EPE","41.1831056, -8.6010558",13605.0,6066.0,7539.0,1690.0,2014.0,4.0
2014-04-01,Norte,"Unidade Local de Saúde de Matosinhos, EPE","41.1794456, -8.6745115",4175.0,1714.0,2461.0,576.0,2014.0,4.0
2014-05-01,Centro,"Centro Hospitalar e Universitário de Coimbra, EPE","40.2191523, -8.4098211",15523.0,7378.0,8145.0,2982.0,2014.0,5.0
2014-05-01,Centro,"Instituto Português Oncologia de Coimbra, EPE","40.2162514, -8.4103814",2079.0,1369.0,710.0,,2014.0,5.0
2014-05-01,Lisboa e Vale do Tejo,"Centro Hospitalar Barreiro/Montijo, EPE","38.6554005, -9.0592392",2487.0,1241.0,1246.0,367.0,2014.0,5.0
2014-05-01,Lisboa e Vale do Tejo,"Centro Hospitalar Médio Tejo, EPE","39.478072, -8.5404429",3083.0,1411.0,1672.0,699.0,2014.0,5.0
2014-05-01,Lisboa e Vale do Tejo,"Hospital de Vila Franca de Xira, PPP","38.977235, -8.984506",3296.0,1124.0,2172.0,643.0,2014.0,5.0
2014-05-01,Lisboa e Vale do Tejo,"Hospital Professor Doutor Fernando Fonseca, EPE","38.7422257, -9.2264834",6418.0,2486.0,3932.0,1877.0,2014.0,5.0
2014-05-01,Lisboa e Vale do Tejo,Instituto Gama Pinto,"38.7218793, -9.144249",1900.0,,1900.0,,2014.0,5.0
2014-05-01,Norte,"Centro Hospitalar Universitário do Porto, EPE","41.1472498, -8.6172617",12966.0,5252.0,7714.0,2099.0,2014.0,5.0
2014-05-01,Norte,"Centro Hospitalar Entre Douro e Vouga, EPE","40.9293884, -8.5458794",7228.0,3128.0,4100.0,1035.0,2014.0,5.0
2014-05-01,Norte,"Unidade Local de Saúde do Nordeste, EPE","41.8056532, -6.7888197",2295.0,874.0,1421.0,731.0,2014.0,5.0
2014-06-01,Centro,Hospital Arcebispo João Crisóstomo,"40.3470015, -8.5933462",675.0,,675.0,,2014.0,6.0
2014-06-01,Centro,Hospital José Luciano de Castro,"40.4422767, -8.4438729",274.0,,274.0,,2014.0,6.0
2014-06-01,Lisboa e Vale do Tejo,"Centro Hospitalar do Oeste, EPE","39.4054629, -9.1258493",2948.0,1335.0,1613.0,1109.0,2014.0,6.0
2014-06-01,Norte,"Centro Hospitalar do Médio Ave, EPE","41.3423984, -8.4802503",5469.0,1907.0,3562.0,777.0,2014.0,6.0
2014-06-01,Norte,"Centro Hospitalar Tâmega e Sousa, EPE","41.2494561, -8.264901",8904.0,3564.0,5340.0,1496.0,2014.0,6.0
2014-06-01,Norte,"Hospital Santa Maria Maior, EPE","41.5324234, -8.6171561",1499.0,446.0,1053.0,88.0,2014.0,6.0
2014-06-01,Norte,"Instituto Português Oncologia do Porto, EPE","41.1785642, -8.6062881",5615.0,2888.0,2727.0,237.0,2014.0,6.0
2014-07-01,Alentejo,"Hospital Espírito Santo de Évora, EPE","38.5684861, -7.9032848",8294.0,2982.0,5312.0,957.0,2014.0,7.0
2014-07-01,Alentejo,"Unidade Local de Saúde do Norte Alentejano, EPE","39.3003425, -7.4263845",3275.0,1415.0,1860.0,589.0,2014.0,7.0
2014-07-01,Centro,Hospital Arcebispo João Crisóstomo,"40.3470015, -8.5933462",717.0,,717.0,,2014.0,7.0
2014-07-01,Centro,Hospital José Luciano de Castro,"40.4422767, -8.4438729",315.0,,315.0,,2014.0,7.0
2014-07-01,Lisboa e Vale do Tejo,"Hospital de Vila Franca de Xira, PPP","38.977235, -8.984506",4682.0,1599.0,3083.0,897.0,2014.0,7.0
2014-07-01,Lisboa e Vale do Tejo,"Hospital Professor Doutor Fernando Fonseca, EPE","38.7422257, -9.2264834",9036.0,3559.0,5477.0,2857.0,2014.0,7.0
2014-07-01,Norte,"Centro Hospitalar Póvoa de Varzim/Vila do Conde, EPE","41.3828711, -8.7589945",3699.0,1897.0,1802.0,704.0,2014.0,7.0
2014-07-01,Norte,"Hospital Santa Maria Maior, EPE","41.5324234, -8.6171561",1684.0,499.0,1185.0,100.0,2014.0,7.0
2014-07-01,Norte,"Unidade Local de Saúde do Alto Minho, EPE","41.7056054, -8.8252713",6333.0,2566.0,3767.0,1286.0,2014.0,7.0
2014-08-01,Centro,"Centro Hospitalar do Baixo Vouga, EPE","40.6362453, -8.6543716",5611.0,2142.0,3469.0,1284.0,2014.0,8.0
2014-08-01,Centro,Hospital Arcebispo João Crisóstomo,"40.3470015, -8.5933462",792.0,,792.0,,2014.0,8.0
2014-08-01,Lisboa e Vale do Tejo,"Centro Hospitalar de Lisboa Ocidental, EPE","38.708454, -9.216985",9684.0,4915.0,4769.0,2746.0,2014.0,8.0
2014-08-01,Lisboa e Vale do Tejo,"Instituto Português Oncologia de Lisboa, EPE","38.7396768, -9.1634516",4744.0,3168.0,1576.0,160.0,2014.0,8.0
2014-08-01,Norte,"Centro Hospitalar Entre Douro e Vouga, EPE","40.9293884, -8.5458794",10842.0,4851.0,5991.0,1674.0,2014.0,8.0
2014-09-01,Alentejo,"Unidade Local de Saúde do Litoral Alentejano, EPE","38.0162314, -8.6956768",2676.0,979.0,1697.0,581.0,2014.0,9.0
2014-09-01,Alentejo,"Unidade Local de Saúde do Norte Alentejano, EPE","39.3003425, -7.4263845",4019.0,1698.0,2321.0,735.0,2014.0,9.0
2014-09-01,Centro,"Centro Hospitalar do Baixo Vouga, EPE","40.6362453, -8.6543716",6284.0,2401.0,3883.0,1486.0,2014.0,9.0
2014-09-01,Lisboa e Vale do Tejo,"Hospital Distrital de Santarém, EPE","39.2410946, -8.6937515",4354.0,1936.0,2418.0,1211.0,2014.0,9.0
2014-09-01,Lisboa e Vale do Tejo,"Instituto Português Oncologia de Lisboa, EPE","38.7396768, -9.1634516",5264.0,3520.0,1744.0,182.0,2014.0,9.0
2014-09-01,Norte,"Centro Hospitalar Universitário do Porto, EPE","41.1472498, -8.6172617",21468.0,8645.0,12823.0,3894.0,2014.0,9.0
2014-09-01,Norte,"Centro Hospitalar Trás-os-Montes e Alto Douro, EPE","41.3031784, -7.7515252",8186.0,2602.0,5584.0,1735.0,2014.0,9.0
2014-09-01,Norte,"Hospital Santa Maria Maior, EPE","41.5324234, -8.6171561",2121.0,651.0,1470.0,115.0,2014.0,9.0
2014-09-01,Norte,"Instituto Português Oncologia do Porto, EPE","41.1785642, -8.6062881",8768.0,4157.0,4611.0,367.0,2014.0,9.0
2014-10-01,Alentejo,"Hospital Espírito Santo de Évora, EPE","38.5684861, -7.9032848",11525.0,4149.0,7376.0,1346.0,2014.0,10.0
2014-10-01,Alentejo,"Unidade Local de Saúde do Norte Alentejano, EPE","39.3003425, -7.4263845",4505.0,1906.0,2599.0,809.0,2014.0,10.0
2014-10-01,Centro,"Centro Hospitalar do Baixo Vouga, EPE","40.6362453, -8.6543716",7185.0,2722.0,4463.0,1666.0,2014.0,10.0
2014-10-01,Centro,Hospital José Luciano de Castro,"40.4422767, -8.4438729",436.0,,436.0,,2014.0,10.0
2014-10-01,Centro,"Unidade Local de Saúde de Castelo Branco, EPE","39.8212263, -7.4981271",4301.0,1941.0,2360.0,945.0,2014.0,10.0
2014-10-01,Lisboa e Vale do Tejo,"Centro Hospitalar Médio Tejo, EPE","39.478072, -8.5404429",6049.0,2715.0,3334.0,1376.0,2014.0,10.0
2014-10-01,Lisboa e Vale do Tejo,"Hospital de Cascais, PPP","38.729006, -9.418267",5596.0,1565.0,4031.0,1925.0,2014.0,10.0
2014-10-01,Lisboa e Vale do Tejo,"Hospital de Loures, PPP","38.821455, -9.176296",9377.0,3240.0,6137.0,1799.0,2014.0,10.0
2014-10-01,Lisboa e Vale do Tejo,"Hospital de Vila Franca de Xira, PPP","38.977235, -8.984506",6880.0,2355.0,4525.0,1275.0,2014.0,10.0
2014-10-01,Norte,"Centro Hospitalar Entre Douro e Vouga, EPE","40.9293884, -8.5458794",13965.0,6337.0,7628.0,2105.0,2014.0,10.0
2014-10-01,Norte,"Centro Hospitalar Póvoa de Varzim/Vila do Conde, EPE","41.3828711, -8.7589945",4960.0,2617.0,2343.0,1010.0,2014.0,10.0
2014-11-01,Alentejo,"Hospital Espírito Santo de Évora, EPE","38.5684861, -7.9032848",12574.0,4547.0,8027.0,1480.0,2014.0,11.0
2014-11-01,Alentejo,"Unidade Local de Saúde do Litoral Alentejano, EPE","38.0162314, -8.6956768",3323.0,1214.0,2109.0,707.0,2014.0,11.0
2014-11-01,Centro,"Centro Hospitalar Tondela-Viseu, EPE","40.516364, -8.0827433",18398.0,6346.0,12052.0,2953.0,2014.0,11.0
2014-11-01,Centro,Hospital Dr. Francisco Zagalo,"40.8571967, -8.6318023",1251.0,473.0,778.0,0.0,2014.0,11.0
2014-11-01,Centro,Hospital José Luciano de Castro,"40.4422767, -8.4438729",490.0,,490.0,,2014.0,11.0
2014-11-01,Lisboa e Vale do Tejo,"Centro Hospitalar de Lisboa Ocidental, EPE","38.708454, -9.216985",13418.0,6658.0,6760.0,3857.0,2014.0,11.0
2014-11-01,Lisboa e Vale do Tejo,"Centro Hospitalar Universitário de Lisboa Norte, EPE","38.7500861, -9.1616116",21218.0,9432.0,11786.0,5181.0,2014.0,11.0
2014-11-01,Lisboa e Vale do Tejo,"Centro Hospitalar Médio Tejo, EPE","39.478072, -8.5404429",6049.0,2715.0,3334.0,1376.0,2014.0,11.0
2014-11-01,Lisboa e Vale do Tejo,"Hospital Professor Doutor Fernando Fonseca, EPE","38.7422257, -9.2264834",14575.0,6117.0,8458.0,4698.0,2014.0,11.0
2014-11-01,Lisboa e Vale do Tejo,"Hospital Garcia de Orta, EPE","38.6658713, -9.1822554",10642.0,4055.0,6587.0,2131.0,2014.0,11.0
2014-11-01,Norte,"Unidade Local de Saúde de Matosinhos, EPE","41.1794456, -8.6745115",11378.0,4561.0,6817.0,1628.0,2014.0,11.0
2014-12-01,Alentejo,"Unidade Local de Saúde do Norte Alentejano, EPE","39.3003425, -7.4263845",5084.0,2174.0,2910.0,941.0,2014.0,12.0
2014-12-01,Centro,"Centro Hospitalar Universitário Cova da Beira, EPE","40.2804158, -7.4922407",5434.0,2660.0,2774.0,858.0,2014.0,12.0
2014-12-01,Centro,"Unidade Local de Saúde de Castelo Branco, EPE","39.8212263, -7.4981271",5202.0,2335.0,2867.0,1155.0,2014.0,12.0
2014-12-01,Lisboa e Vale do Tejo,"Centro Hospitalar Universitário Lisboa Central, EPE","38.7166948, -9.1371248",33434.0,15324.0,18110.0,7976.0,2014.0,12.0
2014-12-01,Lisboa e Vale do Tejo,"Centro Hospitalar de Lisboa Ocidental, EPE","38.708454, -9.216985",14438.0,7210.0,7228.0,4228.0,2014.0,12.0
2014-12-01,Lisboa e Vale do Tejo,"Hospital Professor Doutor Fernando Fonseca, EPE","38.7422257, -9.2264834",16275.0,6797.0,9478.0,5398.0,2014.0,12.0
2014-12-01,Lisboa e Vale do Tejo,"Hospital Garcia de Orta, EPE","38.6658713, -9.1822554",11646.0,4344.0,7302.0,2297.0,2014.0,12.0
2014-12-01,Norte,"Centro Hospitalar Universitário de São João, EPE","41.1831056, -8.6010558",37982.0,16878.0,21104.0,5306.0,2014.0,12.0
2014-12-01,Norte,"Centro Hospitalar Póvoa de Varzim/Vila do Conde, EPE","41.3828711, -8.7589945",5873.0,3137.0,2736.0,1212.0,2014.0,12.0
2014-12-01,Norte,"Centro Hospitalar Tâmega e Sousa, EPE","41.2494561, -8.264901",18588.0,7513.0,11075.0,2939.0,2014.0,12.0
2014-12-01,Norte,"Centro Hospitalar Trás-os-Montes e Alto Douro, EPE","41.3031784, -7.7515252",11013.0,3533.0,7480.0,2351.0,2014.0,12.0
2014-12-01,Norte,"Hospital Santa Maria Maior, EPE","41.5324234, -8.6171561",2944.0,989.0,1955.0,143.0,2014.0,12.0
2014-12-01,Norte,"Unidade Local de Saúde de Matosinhos, EPE","41.1794456, -8.6745115",12380.0,4949.0,7431.0,1783.0,2014.0,12.0
2014-12-01,Norte,"Unidade Local de Saúde do Nordeste, EPE","41.8056532, -6.7888197",5378.0,1919.0,3459.0,1803.0,2014.0,12.0
2015-01-01,Alentejo,"Unidade Local de Saúde do Baixo Alentejo, EPE","38.014123, -7.8721227",329.0,167.0,162.0,85.0,2015.0,1.0
2015-01-01,Alentejo,"Unidade Local de Saúde do Norte Alentejano, EPE","39.3003425, -7.4263845",424.0,168.0,256.0,61.0,2015.0,1.0
2015-01-01,Centro,"Centro Hospitalar Universitário Cova da Beira, EPE","40.2804158, -7.4922407",472.0,178.0,294.0,88.0,2015.0,1.0
2015-01-01,Centro,"Centro Hospitalar de Leiria, EPE","39.7414812, -8.7982706",957.0,314.0,643.0,220.0,2015.0,1.0
2015-01-01,Centro,"Centro Hospitalar e Universitário de Coimbra, EPE","40.2191523, -8.4098211",3161.0,1507.0,1654.0,542.0,2015.0,1.0
2015-01-01,Centro,"Centro Hospitalar Tondela-Viseu, EPE","40.516364, -8.0827433",1671.0,494.0,1177.0,234.0,2015.0,1.0
2015-01-01,Centro,Hospital Arcebispo João Crisóstomo,"40.3470015, -8.5933462",74.0,,74.0,,2015.0,1.0
2015-01-01,Centro,"Instituto Português Oncologia de Coimbra, EPE","40.2162514, -8.4103814",445.0,292.0,153.0,,2015.0,1.0
2015-01-01,Lisboa e Vale do Tejo,"Centro Hospitalar Universitário de Lisboa Norte, EPE","38.7500861, -9.1616116",2642.0,1427.0,1215.0,419.0,2015.0,1.0
2015-01-01,Lisboa e Vale do Tejo,"Centro Hospitalar Médio Tejo, EPE","39.478072, -8.5404429",521.0,237.0,284.0,130.0,2015.0,1.0
2015-01-01,Lisboa e Vale do Tejo,Instituto Gama Pinto,"38.7218793, -9.144249",340.0,0.0,340.0,,2015.0,1.0
2015-01-01,Norte,"Centro Hospitalar Universitário de São João, EPE","41.1831056, -8.6010558",3236.0,1398.0,1838.0,502.0,2015.0,1.0
2015-01-01,Norte,"Hospital de Braga, PPP","41.56785, -8.398982",2086.0,761.0,1325.0,232.0,2015.0,1.0
2015-01-01,Norte,"Instituto Português Oncologia do Porto, EPE","41.1785642, -8.6062881",970.0,481.0,489.0,34.0,2015.0,1.0
2015-02-01,Alentejo,"Unidade Local de Saúde do Litoral Alentejano, EPE","38.0162314, -8.6956768",540.0,234.0,306.0,114.0,2015.0,2.0
2015-02-01,Centro,"Hospital Distrital da Figueira da Foz, EPE","40.117897, -8.8586755",918.0,341.0,577.0,112.0,2015.0,2.0
2015-02-01,Lisboa e Vale do Tejo,"Centro Hospitalar de Setúbal, EPE","38.5283754, -8.8818638",1416.0,506.0,910.0,262.0,2015.0,2.0
2015-02-01,Lisboa e Vale do Tejo,"Hospital Professor Doutor Fernando Fonseca, EPE","38.7422257, -9.2264834",1138.0,604.0,534.0,790.0,2015.0,2.0
2015-02-01,Lisboa e Vale do Tejo,"Instituto Português Oncologia de Lisboa, EPE","38.7396768, -9.1634516",1161.0,727.0,434.0,41.0,2015.0,2.0
2015-02-01,Norte,"Hospital Santa Maria Maior, EPE","41.5324234, -8.6171561",547.0,150.0,397.0,29.0,2015.0,2.0
2015-02-01,Norte,"Unidade Local de Saúde do Nordeste, EPE","41.8056532, -6.7888197",884.0,324.0,560.0,299.0,2015.0,2.0
2015-03-01,Algarve,"Centro Hospitalar Universitário do Algarve,EPE","37.0238973, -7.9281554",2590.0,1223.0,1367.0,938.0,2015.0,3.0
2015-03-01,Centro,"Centro Hospitalar Tondela-Viseu, EPE","40.516364, -8.0827433",5257.0,1593.0,3664.0,677.0,2015.0,3.0
2015-03-01,Centro,"Hospital Distrital da Figueira da Foz, EPE","40.117897, -8.8586755",1390.0,525.0,865.0,201.0,2015.0,3.0
2015-03-01,Centro,Hospital Dr. Francisco Zagalo,"40.8571967, -8.6318023",396.0,123.0,273.0,0.0,2015.0,3.0
2015-03-01,Centro,"Unidade Local de Saúde da Guarda, EPE","40.5309916, -7.2734793",1803.0,604.0,1199.0,237.0,2015.0,3.0
2015-03-01,Lisboa e Vale do Tejo,"Centro Hospitalar Barreiro/Montijo, EPE","38.6554005, -9.0592392",1522.0,712.0,810.0,225.0,2015.0,3.0
2015-03-01,Lisboa e Vale do Tejo,"Centro Hospitalar Universitário Lisboa Central, EPE","38.7166948, -9.1371248",8380.0,3784.0,4596.0,1871.0,2015.0,3.0
2015-03-01,Lisboa e Vale do Tejo,"Hospital Professor Doutor Fernando Fonseca, EPE","38.7422257, -9.2264834",1919.0,1002.0,917.0,1237.0,2015.0,3.0
2015-03-01,Lisboa e Vale do Tejo,"Instituto Português Oncologia de Lisboa, EPE","38.7396768, -9.1634516",1779.0,1121.0,658.0,71.0,2015.0,3.0
2015-03-01,Norte,"Hospital da Senhora da Oliveira, Guimarães, EPE","41.4387173, -8.3086907",2931.0,1375.0,1556.0,505.0,2015.0,3.0
2015-03-01,Norte,"Hospital de Braga, PPP","41.56785, -8.398982",6201.0,2324.0,3877.0,713.0,2015.0,3.0
2015-04-01,Alentejo,"Unidade Local de Saúde do Norte Alentejano, EPE","39.3003425, -7.4263845",1969.0,741.0,1228.0,279.0,2015.0,4.0
2015-04-01,Centro,"Centro Hospitalar e Universitário de Coimbra, EPE","40.2191523, -8.4098211",12626.0,5892.0,6734.0,2289.0,2015.0,4.0
2015-04-01,Centro,Hospital Dr. Francisco Zagalo,"40.8571967, -8.6318023",544.0,170.0,374.0,0.0,2015.0,4.0
2015-04-01,Centro,"Unidade Local de Saúde da Guarda, EPE","40.5309916, -7.2734793",2369.0,807.0,1562.0,307.0,2015.0,4.0
2015-04-01,Centro,"Unidade Local de Saúde de Castelo Branco, EPE","39.8212263, -7.4981271",1923.0,861.0,1062.0,369.0,2015.0,4.0
2015-04-01,Lisboa e Vale do Tejo,"Centro Hospitalar Barreiro/Montijo, EPE","38.6554005, -9.0592392",2050.0,974.0,1076.0,295.0,2015.0,4.0
2015-04-01,Lisboa e Vale do Tejo,"Hospital Distrital de Santarém, EPE","39.2410946, -8.6937515",1705.0,562.0,1143.0,562.0,2015.0,4.0
2015-05-01,Algarve,"Centro Hospitalar Universitário do Algarve,EPE","37.0238973, -7.9281554",4255.0,2145.0,2110.0,1614.0,2015.0,5.0
2015-05-01,Centro,"Centro Hospitalar e Universitário de Coimbra, EPE","40.2191523, -8.4098211",15565.0,7319.0,8246.0,2915.0,2015.0,5.0
2015-05-01,Centro,"Hospital Distrital da Figueira da Foz, EPE","40.117897, -8.8586755",2381.0,914.0,1467.0,343.0,2015.0,5.0
2015-05-01,Lisboa e Vale do Tejo,"Centro Hospitalar Barreiro/Montijo, EPE","38.6554005, -9.0592392",2468.0,1160.0,1308.0,362.0,2015.0,5.0
2015-05-01,Lisboa e Vale do Tejo,"Centro Hospitalar de Lisboa Ocidental, EPE","38.708454, -9.216985",6528.0,3158.0,3370.0,1840.0,2015.0,5.0
2015-05-01,Lisboa e Vale do Tejo,"Centro Hospitalar Universitário de Lisboa Norte, EPE","38.7500861, -9.1616116",14021.0,7534.0,6487.0,2106.0,2015.0,5.0
2015-05-01,Lisboa e Vale do Tejo,"Hospital Distrital de Santarém, EPE","39.2410946, -8.6937515",2197.0,724.0,1473.0,671.0,2015.0,5.0
2015-05-01,Norte,"Centro Hospitalar Universitário do Porto, EPE","41.1472498, -8.6172617",13157.0,5398.0,7759.0,2100.0,2015.0,5.0
2015-05-01,Norte,"Unidade Local de Saúde de Matosinhos, EPE","41.1794456, -8.6745115",5873.0,2081.0,3792.0,700.0,2015.0,5.0
2015-05-01,Norte,"Unidade Local de Saúde do Nordeste, EPE","41.8056532, -6.7888197",2278.0,824.0,1454.0,753.0,2015.0,5.0
2015-06-01,Alentejo,"Unidade Local de Saúde do Norte Alentejano, EPE","39.3003425, -7.4263845",3116.0,1099.0,2017.0,417.0,2015.0,6.0
2015-06-01,Algarve,"Centro Hospitalar Universitário do Algarve,EPE","37.0238973, -7.9281554",5058.0,2574.0,2484.0,1981.0,2015.0,6.0
2015-06-01,Centro,Hospital Dr. Francisco Zagalo,"40.8571967, -8.6318023",802.0,243.0,559.0,0.0,2015.0,6.0
2015-06-01,Centro,"Instituto Português Oncologia de Coimbra, EPE","40.2162514, -8.4103814",2372.0,1684.0,688.0,,2015.0,6.0
2015-06-01,Centro,"Unidade Local de Saúde da Guarda, EPE","40.5309916, -7.2734793",3440.0,1201.0,2239.0,479.0,2015.0,6.0
2015-06-01,Lisboa e Vale do Tejo,"Centro Hospitalar de Lisboa Ocidental, EPE","38.708454, -9.216985",7732.0,3754.0,3978.0,2225.0,2015.0,6.0
2015-06-01,Lisboa e Vale do Tejo,"Centro Hospitalar de Setúbal, EPE","38.5283754, -8.8818638",4806.0,1528.0,3278.0,830.0,2015.0,6.0
2015-06-01,Lisboa e Vale do Tejo,"Instituto Português Oncologia de Lisboa, EPE","38.7396768, -9.1634516",3691.0,2285.0,1406.0,145.0,2015.0,6.0
2015-06-01,Norte,"Centro Hospitalar Universitário do Porto, EPE","41.1472498, -8.6172617",15360.0,6253.0,9107.0,2551.0,2015.0,6.0
2015-06-01,Norte,"Centro Hospitalar Entre Douro e Vouga, EPE","40.9293884, -8.5458794",8254.0,3766.0,4488.0,1290.0,2015.0,6.0
2015-06-01,Norte,"Unidade Local de Saúde de Matosinhos, EPE","41.1794456, -8.6745115",7049.0,2482.0,4567.0,842.0,2015.0,6.0
2015-07-01,Alentejo,"Hospital Espírito Santo de Évora, EPE","38.5684861, -7.9032848",7741.0,3084.0,4657.0,870.0,2015.0,7.0
2015-07-01,Centro,"Centro Hospitalar de Leiria, EPE","39.7414812, -8.7982706",7175.0,2784.0,4391.0,1558.0,2015.0,7.0
2015-07-01,Centro,"Centro Hospitalar e Universitário de Coimbra, EPE","40.2191523, -8.4098211",21766.0,10110.0,11656.0,4114.0,2015.0,7.0
2015-07-01,Centro,Hospital Arcebispo João Crisóstomo,"40.3470015, -8.5933462",781.0,,781.0,,2015.0,7.0
2015-07-01,Lisboa e Vale do Tejo,"Hospital Distrital de Santarém, EPE","39.2410946, -8.6937515",2998.0,984.0,2014.0,940.0,2015.0,7.0
2015-07-01,Lisboa e Vale do Tejo,"Hospital Garcia de Orta, EPE","38.6658713, -9.1822554",7086.0,2697.0,4389.0,1280.0,2015.0,7.0
2015-07-01,Norte,"Centro Hospitalar Universitário de São João, EPE","41.1831056, -8.6010558",22999.0,10310.0,12689.0,3248.0,2015.0,7.0
2015-07-01,Norte,"Centro Hospitalar Universitário do Porto, EPE","41.1472498, -8.6172617",18095.0,7343.0,10752.0,2983.0,2015.0,7.0
2015-07-01,Norte,"Centro Hospitalar Tâmega e Sousa, EPE","41.2494561, -8.264901",12157.0,4720.0,7437.0,1581.0,2015.0,7.0
2015-07-01,Norte,"Centro Hospitalar Trás-os-Montes e Alto Douro, EPE","41.3031784, -7.7515252",6222.0,1927.0,4295.0,1341.0,2015.0,7.0
2015-07-01,Norte,"Centro Hospitalar Vila Nova de Gaia/Espinho, EPE","41.1094138, -8.5972617",12282.0,4379.0,7903.0,1543.0,2015.0,7.0
2015-08-01,Alentejo,"Unidade Local de Saúde do Baixo Alentejo, EPE","38.014123, -7.8721227",2775.0,1256.0,1519.0,766.0,2015.0,8.0
2015-08-01,Centro,"Centro Hospitalar do Baixo Vouga, EPE","40.6362453, -8.6543716",6027.0,2173.0,3854.0,1400.0,2015.0,8.0
2015-08-01,Lisboa e Vale do Tejo,"Centro Hospitalar de Lisboa Ocidental, EPE","38.708454, -9.216985",10009.0,4870.0,5139.0,3011.0,2015.0,8.0
2015-08-01,Lisboa e Vale do Tejo,"Centro Hospitalar Universitário de Lisboa Norte, EPE","38.7500861, -9.1616116",21011.0,10950.0,10061.0,3427.0,2015.0,8.0
2015-08-01,Norte,"Centro Hospitalar Trás-os-Montes e Alto Douro, EPE","41.3031784, -7.7515252",6789.0,2086.0,4703.0,1563.0,2015.0,8.0
2015-09-01,Alentejo,"Hospital Espírito Santo de Évora, EPE","38.5684861, -7.9032848",9567.0,3817.0,5750.0,1133.0,2015.0,9.0
2015-09-01,Centro,"Centro Hospitalar do Baixo Vouga, EPE","40.6362453, -8.6543716",6954.0,2422.0,4532.0,1590.0,2015.0,9.0
2015-09-01,Centro,"Centro Hospitalar e Universitário de Coimbra, EPE","40.2191523, -8.4098211",26613.0,12561.0,14052.0,5396.0,2015.0,9.0
2015-09-01,Centro,"Centro Hospitalar Tondela-Viseu, EPE","40.516364, -8.0827433",15357.0,4957.0,10400.0,2409.0,2015.0,9.0
2015-09-01,Centro,"Unidade Local de Saúde de Castelo Branco, EPE","39.8212263, -7.4981271",4054.0,1879.0,2175.0,879.0,2015.0,9.0
2015-09-01,Lisboa e Vale do Tejo,"Hospital de Vila Franca de Xira, PPP","38.977235, -8.984506",7210.0,2229.0,4981.0,909.0,2015.0,9.0
2015-09-01,Lisboa e Vale do Tejo,"Instituto Português Oncologia de Lisboa, EPE","38.7396768, -9.1634516",5537.0,3522.0,2015.0,219.0,2015.0,9.0
2015-09-01,Norte,"Centro Hospitalar Vila Nova de Gaia/Espinho, EPE","41.1094138, -8.5972617",15225.0,5448.0,9777.0,2031.0,2015.0,9.0
2015-09-01,Norte,"Hospital da Senhora da Oliveira, Guimarães, EPE","41.4387173, -8.3086907",8639.0,4080.0,4559.0,1475.0,2015.0,9.0
2015-09-01,Norte,"Hospital Santa Maria Maior, EPE","41.5324234, -8.6171561",2878.0,789.0,2089.0,110.0,2015.0,9.0
2015-09-01,Norte,"Unidade Local de Saúde de Matosinhos, EPE","41.1794456, -8.6745115",10394.0,3609.0,6785.0,1254.0,2015.0,9.0
2015-09-01,Norte,"Unidade Local de Saúde do Nordeste, EPE","41.8056532, -6.7888197",4329.0,1418.0,2911.0,1366.0,2015.0,9.0
2015-10-01,Alentejo,"Hospital Espírito Santo de Évora, EPE","38.5684861, -7.9032848",10729.0,4222.0,6507.0,1263.0,2015.0,10.0
2015-10-01,Centro,"Centro Hospitalar Universitário Cova da Beira, EPE","40.2804158, -7.4922407",4570.0,2118.0,2452.0,666.0,2015.0,10.0
2015-10-01,Centro,"Hospital Distrital da Figueira da Foz, EPE","40.117897, -8.8586755",4981.0,2016.0,2965.0,664.0,2015.0,10.0
2015-10-01,Centro,Hospital Dr. Francisco Zagalo,"40.8571967, -8.6318023",1360.0,422.0,938.0,0.0,2015.0,10.0
2015-10-01,Lisboa e Vale do Tejo,"Centro Hospitalar do Oeste, EPE","39.4054629, -9.1258493",4103.0,1545.0,2558.0,1806.0,2015.0,10.0
2015-10-01,Lisboa e Vale do Tejo,"Centro Hospitalar Médio Tejo, EPE","39.478072, -8.5404429",6381.0,2697.0,3684.0,1176.0,2015.0,10.0
2015-10-01,Lisboa e Vale do Tejo,"Hospital de Cascais, PPP","38.729006, -9.418267",5384.0,1400.0,3984.0,2027.0,2015.0,10.0
2015-10-01,Lisboa e Vale do Tejo,"Hospital de Loures, PPP","38.821455, -9.176296",10602.0,3307.0,7295.0,1964.0,2015.0,10.0
2015-10-01,Lisboa e Vale do Tejo,"Hospital Professor Doutor Fernando Fonseca, EPE","38.7422257, -9.2264834",9467.0,4820.0,4647.0,4053.0,2015.0,10.0
2015-10-01,Norte,"Centro Hospitalar Póvoa de Varzim/Vila do Conde, EPE","41.3828711, -8.7589945",4639.0,2658.0,1981.0,963.0,2015.0,10.0
2015-10-01,Norte,"Centro Hospitalar Trás-os-Montes e Alto Douro, EPE","41.3031784, -7.7515252",8551.0,2710.0,5841.0,1941.0,2015.0,10.0
2015-10-01,Norte,"Centro Hospitalar Vila Nova de Gaia/Espinho, EPE","41.1094138, -8.5972617",17299.0,6223.0,11076.0,2274.0,2015.0,10.0
2015-10-01,Norte,"Hospital de Braga, PPP","41.56785, -8.398982",20648.0,7589.0,13059.0,2378.0,2015.0,10.0
2015-11-01,Alentejo,"Hospital Espírito Santo de Évora, EPE","38.5684861, -7.9032848",11707.0,4621.0,7086.0,1375.0,2015.0,11.0
2015-11-01,Centro,"Centro Hospitalar Universitário Cova da Beira, EPE","40.2804158, -7.4922407",5074.0,2354.0,2720.0,742.0,2015.0,11.0
2015-11-01,Centro,"Centro Hospitalar do Baixo Vouga, EPE","40.6362453, -8.6543716",8937.0,2995.0,5942.0,2018.0,2015.0,11.0
2015-11-01,Centro,"Hospital Distrital da Figueira da Foz, EPE","40.117897, -8.8586755",5615.0,2280.0,3335.0,726.0,2015.0,11.0
2015-11-01,Lisboa e Vale do Tejo,"Hospital de Cascais, PPP","38.729006, -9.418267",6012.0,1562.0,4450.0,2228.0,2015.0,11.0
2015-11-01,Norte,"Centro Hospitalar Tâmega e Sousa, EPE","41.2494561, -8.264901",19183.0,7295.0,11888.0,2533.0,2015.0,11.0
2015-11-01,Norte,"Instituto Português Oncologia do Porto, EPE","41.1785642, -8.6062881",11249.0,5212.0,6037.0,456.0,2015.0,11.0
2015-12-01,Alentejo,"Hospital Espírito Santo de Évora, EPE","38.5684861, -7.9032848",12553.0,5005.0,7548.0,1487.0,2015.0,12.0
2015-12-01,Alentejo,"Unidade Local de Saúde do Baixo Alentejo, EPE","38.014123, -7.8721227",4210.0,1853.0,2357.0,1157.0,2015.0,12.0
2015-12-01,Alentejo,"Unidade Local de Saúde do Norte Alentejano, EPE","39.3003425, -7.4263845",6043.0,2150.0,3893.0,865.0,2015.0,12.0
2015-12-01,Algarve,"Centro Hospitalar Universitário do Algarve,EPE","37.0238973, -7.9281554",9430.0,4599.0,4831.0,4256.0,2015.0,12.0
2015-12-01,Centro,"Centro Hospitalar do Baixo Vouga, EPE","40.6362453, -8.6543716",9754.0,3241.0,6513.0,2200.0,2015.0,12.0
2015-12-01,Centro,"Instituto Português Oncologia de Coimbra, EPE","40.2162514, -8.4103814",4503.0,3160.0,1343.0,,2015.0,12.0
2015-12-01,Lisboa e Vale do Tejo,"Hospital de Cascais, PPP","38.729006, -9.418267",6589.0,1689.0,4900.0,2435.0,2015.0,12.0
2015-12-01,Lisboa e Vale do Tejo,Instituto Gama Pinto,"38.7218793, -9.144249",4098.0,,4098.0,,2015.0,12.0
2015-12-01,Norte,"Centro Hospitalar Universitário do Porto, EPE","41.1472498, -8.6172617",29361.0,11718.0,17643.0,5214.0,2015.0,12.0
2015-12-01,Norte,"Centro Hospitalar Trás-os-Montes e Alto Douro, EPE","41.3031784, -7.7515252",10341.0,3341.0,7000.0,2321.0,2015.0,12.0
2015-12-01,Norte,"Hospital de Braga, PPP","41.56785, -8.398982",24571.0,9061.0,15510.0,2814.0,2015.0,12.0
2016-01-01,Centro,"Hospital Distrital da Figueira da Foz, EPE","40.117897, -8.8586755",470.0,188.0,282.0,46.0,2016.0,1.0
2016-01-01,Lisboa e Vale do Tejo,"Centro Hospitalar Médio Tejo, EPE","39.478072, -8.5404429",608.0,248.0,360.0,141.0,2016.0,1.0
2016-01-01,Lisboa e Vale do Tejo,"Hospital de Vila Franca de Xira, PPP","38.977235, -8.984506",745.0,218.0,527.0,93.0,2016.0,1.0
2016-01-01,Lisboa e Vale do Tejo,"Instituto Português Oncologia de Lisboa, EPE","38.7396768, -9.1634516",544.0,347.0,197.0,26.0,2016.0,1.0
2016-01-01,Norte,"Hospital da Senhora da Oliveira, Guimarães, EPE","41.4387173, -8.3086907",936.0,444.0,492.0,177.0,2016.0,1.0
2016-01-01,Norte,"Hospital de Braga, PPP","41.56785, -8.398982",1996.0,714.0,1282.0,213.0,2016.0,1.0
2016-01-01,Norte,"Unidade Local de Saúde do Alto Minho, EPE","41.7056054, -8.8252713",868.0,353.0,515.0,195.0,2016.0,1.0
2016-02-01,Centro,"Centro Hospitalar Universitário Cova da Beira, EPE","40.2804158, -7.4922407",1120.0,544.0,576.0,140.0,2016.0,2.0
2016-02-01,Centro,"Centro Hospitalar Tondela-Viseu, EPE","40.516364, -8.0827433",3138.0,1016.0,2122.0,477.0,2016.0,2.0
2016-02-01,Centro,"Unidade Local de Saúde de Castelo Branco, EPE","39.8212263, -7.4981271",1030.0,445.0,585.0,157.0,2016.0,2.0
2016-02-01,Norte,"Centro Hospitalar Universitário de São João, EPE","41.1831056, -8.6010558",6478.0,2888.0,3590.0,928.0,2016.0,2.0
2016-02-01,Norte,"Centro Hospitalar do Médio Ave, EPE","41.3423984, -8.4802503",1025.0,427.0,598.0,220.0,2016.0,2.0
2016-02-01,Norte,"Centro Hospitalar Entre Douro e Vouga, EPE","40.9293884, -8.5458794",2423.0,1097.0,1326.0,433.0,2016.0,2.0
2016-02-01,Norte,"Centro Hospitalar Póvoa de Varzim/Vila do Conde, EPE","41.3828711, -8.7589945",883.0,482.0,401.0,175.0,2016.0,2.0
2016-02-01,Norte,"Hospital Santa Maria Maior, EPE","41.5324234, -8.6171561",733.0,198.0,535.0,25.0,2016.0,2.0
2016-03-01,Centro,"Unidade Local de Saúde de Castelo Branco, EPE","39.8212263, -7.4981271",1577.0,700.0,877.0,255.0,2016.0,3.0
2016-03-01,Lisboa e Vale do Tejo,"Centro Hospitalar Universitário de Lisboa Norte, EPE","38.7500861, -9.1616116",8509.0,4344.0,4165.0,1407.0,2016.0,3.0
2016-03-01,Lisboa e Vale do Tejo,"Hospital de Cascais, PPP","38.729006, -9.418267",1934.0,401.0,1533.0,654.0,2016.0,3.0
2016-03-01,Lisboa e Vale do Tejo,"Hospital Distrital de Santarém, EPE","39.2410946, -8.6937515",1162.0,379.0,783.0,413.0,2016.0,3.0
2016-03-01,Lisboa e Vale do Tejo,"Hospital Professor Doutor Fernando Fonseca, EPE","38.7422257, -9.2264834",3314.0,1227.0,2087.0,1334.0,2016.0,3.0
2016-03-01,Lisboa e Vale do Tejo,"Hospital Garcia de Orta, EPE","38.6658713, -9.1822554",3193.0,1018.0,2175.0,392.0,2016.0,3.0
2016-03-01,Lisboa e Vale do Tejo,Instituto Gama Pinto,"38.7218793, -9.144249",1156.0,,1156.0,,2016.0,3.0
2016-03-01,Norte,"Centro Hospitalar Tâmega e Sousa, EPE","41.2494561, -8.264901",5463.0,1775.0,3688.0,710.0,2016.0,3.0
2016-04-01,Centro,"Centro Hospitalar de Leiria, EPE","39.7414812, -8.7982706",4035.0,1659.0,2376.0,881.0,2016.0,4.0
2016-04-01,Centro,"Instituto Português Oncologia de Coimbra, EPE","40.2162514, -8.4103814",1623.0,1035.0,588.0,,2016.0,4.0
2016-04-01,Centro,"Unidade Local de Saúde da Guarda, EPE","40.5309916, -7.2734793",2569.0,859.0,1710.0,328.0,2016.0,4.0
2016-04-01,Lisboa e Vale do Tejo,"Centro Hospitalar de Lisboa Ocidental, EPE","38.708454, -9.216985",5208.0,2488.0,2720.0,997.0,2016.0,4.0
2016-04-01,Lisboa e Vale do Tejo,"Centro Hospitalar Médio Tejo, EPE","39.478072, -8.5404429",2791.0,1014.0,1777.0,522.0,2016.0,4.0
2016-04-01,Lisboa e Vale do Tejo,"Hospital de Vila Franca de Xira, PPP","38.977235, -8.984506",3077.0,975.0,2102.0,380.0,2016.0,4.0
2016-04-01,Norte,"Centro Hospitalar Universitário de São João, EPE","41.1831056, -8.6010558",13450.0,6017.0,7433.0,1817.0,2016.0,4.0
2016-04-01,Norte,"Centro Hospitalar Entre Douro e Vouga, EPE","40.9293884, -8.5458794",4794.0,2116.0,2678.0,857.0,2016.0,4.0
2016-04-01,Norte,"Hospital de Braga, PPP","41.56785, -8.398982",8142.0,2977.0,5165.0,873.0,2016.0,4.0
2016-04-01,Norte,"Hospital Santa Maria Maior, EPE","41.5324234, -8.6171561",1425.0,414.0,1011.0,40.0,2016.0,4.0
2016-05-01,Centro,"Centro Hospitalar de Leiria, EPE","39.7414812, -8.7982706",5159.0,2113.0,3046.0,1119.0,2016.0,5.0
2016-05-01,Centro,"Centro Hospitalar e Universitário de Coimbra, EPE","40.2191523, -8.4098211",16150.0,7203.0,8947.0,2755.0,2016.0,5.0
2016-05-01,Lisboa e Vale do Tejo,"Centro Hospitalar de Setúbal, EPE","38.5283754, -8.8818638",4129.0,1393.0,2736.0,723.0,2016.0,5.0
2016-05-01,Lisboa e Vale do Tejo,"Centro Hospitalar Universitário de Lisboa Norte, EPE","38.7500861, -9.1616116",14336.0,7332.0,7004.0,2390.0,2016.0,5.0
2016-05-01,Lisboa e Vale do Tejo,"Hospital Distrital de Santarém, EPE","39.2410946, -8.6937515",2165.0,715.0,1450.0,718.0,2016.0,5.0
2016-05-01,Lisboa e Vale do Tejo,"Hospital Professor Doutor Fernando Fonseca, EPE","38.7422257, -9.2264834",5587.0,2054.0,3533.0,2151.0,2016.0,5.0
2016-05-01,Lisboa e Vale do Tejo,"Hospital Garcia de Orta, EPE","38.6658713, -9.1822554",5521.0,1868.0,3653.0,727.0,2016.0,5.0
2016-05-01,Norte,"Instituto Português Oncologia do Porto, EPE","41.1785642, -8.6062881",5553.0,2473.0,3080.0,248.0,2016.0,5.0
2016-06-01,Centro,"Hospital Distrital da Figueira da Foz, EPE","40.117897, -8.8586755",3142.0,1224.0,1918.0,385.0,2016.0,6.0
2016-06-01,Centro,Hospital Dr. Francisco Zagalo,"40.8571967, -8.6318023",893.0,251.0,642.0,0.0,2016.0,6.0
2016-06-01,Centro,"Unidade Local de Saúde da Guarda, EPE","40.5309916, -7.2734793",3863.0,1284.0,2579.0,482.0,2016.0,6.0
2016-06-01,Lisboa e Vale do Tejo,"Centro Hospitalar do Oeste, EPE","39.4054629, -9.1258493",2395.0,875.0,1520.0,1125.0,2016.0,6.0
2016-06-01,Lisboa e Vale do Tejo,"Hospital Distrital de Santarém, EPE","39.2410946, -8.6937515",2700.0,868.0,1832.0,858.0,2016.0,6.0
2016-06-01,Norte,"Unidade Local de Saúde de Matosinhos, EPE","41.1794456, -8.6745115",7343.0,2448.0,4895.0,878.0,2016.0,6.0
2016-06-01,Norte,"Unidade Local de Saúde do Nordeste, EPE","41.8056532, -6.7888197",2448.0,930.0,1518.0,832.0,2016.0,6.0
2016-07-01,Alentejo,"Unidade Local de Saúde do Litoral Alentejano, EPE","38.0162314, -8.6956768",2768.0,728.0,2040.0,469.0,2016.0,7.0
2016-07-01,Alentejo,"Unidade Local de Saúde do Norte Alentejano, EPE","39.3003425, -7.4263845",3500.0,1222.0,2278.0,512.0,2016.0,7.0
2016-07-01,Algarve,"Centro Hospitalar Universitário do Algarve,EPE","37.0238973, -7.9281554",5427.0,2355.0,3072.0,2267.0,2016.0,7.0
2016-07-01,Lisboa e Vale do Tejo,"Centro Hospitalar de Setúbal, EPE","38.5283754, -8.8818638",5861.0,1955.0,3906.0,1008.0,2016.0,7.0
2016-07-01,Lisboa e Vale do Tejo,"Hospital de Cascais, PPP","38.729006, -9.418267",4382.0,968.0,3414.0,1492.0,2016.0,7.0
2016-07-01,Lisboa e Vale do Tejo,"Hospital de Loures, PPP","38.821455, -9.176296",7176.0,1993.0,5183.0,1391.0,2016.0,7.0
2016-07-01,Lisboa e Vale do Tejo,"Instituto Português Oncologia de Lisboa, EPE","38.7396768, -9.1634516",4260.0,2705.0,1555.0,182.0,2016.0,7.0
2016-07-01,Norte,"Centro Hospitalar Entre Douro e Vouga, EPE","40.9293884, -8.5458794",9054.0,3955.0,5099.0,1484.0,2016.0,7.0
2016-07-01,Norte,"Centro Hospitalar Póvoa de Varzim/Vila do Conde, EPE","41.3828711, -8.7589945",3232.0,1875.0,1357.0,632.0,2016.0,7.0
2016-07-01,Norte,"Unidade Local de Saúde do Alto Minho, EPE","41.7056054, -8.8252713",6711.0,2552.0,4159.0,1345.0,2016.0,7.0
2016-08-01,Alentejo,"Hospital Espírito Santo de Évora, EPE","38.5684861, -7.9032848",8327.0,3068.0,5259.0,1037.0,2016.0,8.0
2016-08-01,Alentejo,"Unidade Local de Saúde do Litoral Alentejano, EPE","38.0162314, -8.6956768",3100.0,813.0,2287.0,542.0,2016.0,8.0
2016-08-01,Alentejo,"Unidade Local de Saúde do Norte Alentejano, EPE","39.3003425, -7.4263845",3779.0,1311.0,2468.0,571.0,2016.0,8.0
2016-08-01,Centro,"Centro Hospitalar Universitário Cova da Beira, EPE","40.2804158, -7.4922407",4670.0,1972.0,2698.0,600.0,2016.0,8.0
2016-08-01,Centro,"Hospital Distrital da Figueira da Foz, EPE","40.117897, -8.8586755",4036.0,1526.0,2510.0,500.0,2016.0,8.0
2016-08-01,Centro,"Instituto Português Oncologia de Coimbra, EPE","40.2162514, -8.4103814",2972.0,1963.0,1009.0,,2016.0,8.0
2016-08-01,Centro,"Unidade Local de Saúde da Guarda, EPE","40.5309916, -7.2734793",4881.0,1606.0,3275.0,628.0,2016.0,8.0
2016-08-01,Lisboa e Vale do Tejo,"Centro Hospitalar Barreiro/Montijo, EPE","38.6554005, -9.0592392",3982.0,1820.0,2162.0,492.0,2016.0,8.0
2016-08-01,Lisboa e Vale do Tejo,"Centro Hospitalar Universitário Lisboa Central, EPE","38.7166948, -9.1371248",19190.0,8965.0,10225.0,5290.0,2016.0,8.0
2016-08-01,Lisboa e Vale do Tejo,"Hospital de Loures, PPP","38.821455, -9.176296",8208.0,2296.0,5912.0,1591.0,2016.0,8.0
2016-08-01,Norte,"Centro Hospitalar do Médio Ave, EPE","41.3423984, -8.4802503",3908.0,1476.0,2432.0,1004.0,2016.0,8.0
2016-08-01,Norte,"Centro Hospitalar Tâmega e Sousa, EPE","41.2494561, -8.264901",14275.0,4780.0,9495.0,1956.0,2016.0,8.0
2016-08-01,Norte,"Hospital da Senhora da Oliveira, Guimarães, EPE","41.4387173, -8.3086907",7462.0,3492.0,3970.0,1331.0,2016.0,8.0
2016-08-01,Norte,"Hospital de Braga, PPP","41.56785, -8.398982",16540.0,6137.0,10403.0,1944.0,2016.0,8.0
2016-08-01,Norte,"Unidade Local de Saúde do Alto Minho, EPE","41.7056054, -8.8252713",7002.0,2759.0,4243.0,1564.0,2016.0,8.0
2016-09-01,Centro,"Instituto Português Oncologia de Coimbra, EPE","40.2162514, -8.4103814",3346.0,2192.0,1154.0,,2016.0,9.0
2016-09-01,Centro,"Unidade Local de Saúde de Castelo Branco, EPE","39.8212263, -7.4981271",4660.0,1941.0,2719.0,757.0,2016.0,9.0
2016-09-01,Lisboa e Vale do Tejo,"Centro Hospitalar Barreiro/Montijo, EPE","38.6554005, -9.0592392",4500.0,2024.0,2476.0,549.0,2016.0,9.0
2016-09-01,Lisboa e Vale do Tejo,"Centro Hospitalar Universitário Lisboa Central, EPE","38.7166948, -9.1371248",21678.0,10118.0,11560.0,5919.0,2016.0,9.0
2016-09-01,Lisboa e Vale do Tejo,"Centro Hospitalar do Oeste, EPE","39.4054629, -9.1258493",3600.0,1365.0,2235.0,1745.0,2016.0,9.0
2016-09-01,Lisboa e Vale do Tejo,"Centro Hospitalar Médio Tejo, EPE","39.478072, -8.5404429",6448.0,2339.0,4109.0,1184.0,2016.0,9.0
2016-09-01,Lisboa e Vale do Tejo,"Hospital Garcia de Orta, EPE","38.6658713, -9.1822554",10152.0,3467.0,6685.0,1580.0,2016.0,9.0
2016-09-01,Norte,"Centro Hospitalar Vila Nova de Gaia/Espinho, EPE","41.1094138, -8.5972617",16676.0,6362.0,10314.0,2127.0,2016.0,9.0
2016-10-01,Alentejo,"Hospital Espírito Santo de Évora, EPE","38.5684861, -7.9032848",10519.0,3807.0,6712.0,1169.0,2016.0,10.0
2016-10-01,Centro,"Centro Hospitalar do Baixo Vouga, EPE","40.6362453, -8.6543716",7491.0,2658.0,4833.0,1755.0,2016.0,10.0
2016-10-01,Centro,"Unidade Local de Saúde da Guarda, EPE","40.5309916, -7.2734793",6092.0,2001.0,4091.0,786.0,2016.0,10.0
2016-10-01,Lisboa e Vale do Tejo,"Centro Hospitalar Universitário Lisboa Central, EPE","38.7166948, -9.1371248",24071.0,11139.0,12932.0,6593.0,2016.0,10.0
2016-10-01,Lisboa e Vale do Tejo,"Centro Hospitalar de Setúbal, EPE","38.5283754, -8.8818638",8156.0,2685.0,5471.0,1397.0,2016.0,10.0
2016-10-01,Lisboa e Vale do Tejo,"Hospital de Loures, PPP","38.821455, -9.176296",10130.0,2960.0,7170.0,2008.0,2016.0,10.0
2016-10-01,Norte,"Hospital de Braga, PPP","41.56785, -8.398982",20744.0,7568.0,13176.0,2435.0,2016.0,10.0
2016-10-01,Norte,"Instituto Português Oncologia do Porto, EPE","41.1785642, -8.6062881",10425.0,4662.0,5763.0,483.0,2016.0,10.0
2016-11-01,Alentejo,"Hospital Espírito Santo de Évora, EPE","38.5684861, -7.9032848",11775.0,4230.0,7545.0,1288.0,2016.0,11.0
2016-11-01,Alentejo,"Unidade Local de Saúde do Baixo Alentejo, EPE","38.014123, -7.8721227",4089.0,1547.0,2542.0,1077.0,2016.0,11.0
2016-11-01,Centro,"Hospital Distrital da Figueira da Foz, EPE","40.117897, -8.8586755",5886.0,2102.0,3784.0,710.0,2016.0,11.0
2016-11-01,Lisboa e Vale do Tejo,"Centro Hospitalar Barreiro/Montijo, EPE","38.6554005, -9.0592392",5546.0,2425.0,3121.0,690.0,2016.0,11.0
2016-11-01,Lisboa e Vale do Tejo,"Centro Hospitalar Universitário Lisboa Central, EPE","38.7166948, -9.1371248",27879.0,12298.0,15581.0,7013.0,2016.0,11.0
2016-11-01,Lisboa e Vale do Tejo,"Centro Hospitalar Universitário de Lisboa Norte, EPE","38.7500861, -9.1616116",30222.0,14617.0,15605.0,5187.0,2016.0,11.0
2016-11-01,Lisboa e Vale do Tejo,"Centro Hospitalar Médio Tejo, EPE","39.478072, -8.5404429",8135.0,2924.0,5211.0,1448.0,2016.0,11.0
2016-11-01,Lisboa e Vale do Tejo,"Hospital de Cascais, PPP","38.729006, -9.418267",6458.0,1575.0,4883.0,2360.0,2016.0,11.0
2016-11-01,Lisboa e Vale do Tejo,"Instituto Português Oncologia de Lisboa, EPE","38.7396768, -9.1634516",6649.0,4282.0,2367.0,280.0,2016.0,11.0
2016-11-01,Norte,"Centro Hospitalar Póvoa de Varzim/Vila do Conde, EPE","41.3828711, -8.7589945",5234.0,3008.0,2226.0,1045.0,2016.0,11.0
2016-11-01,Norte,"Centro Hospitalar Tâmega e Sousa, EPE","41.2494561, -8.264901",19547.0,6598.0,12949.0,2716.0,2016.0,11.0
2016-12-01,Centro,"Centro Hospitalar Universitário Cova da Beira, EPE","40.2804158, -7.4922407",6847.0,2848.0,3999.0,874.0,2016.0,12.0
2016-12-01,Centro,"Centro Hospitalar e Universitário de Coimbra, EPE","40.2191523, -8.4098211",35930.0,16130.0,19800.0,7087.0,2016.0,12.0
2016-12-01,Centro,Hospital Arcebispo João Crisóstomo,"40.3470015, -8.5933462",1690.0,,1690.0,,2016.0,12.0
2016-12-01,Lisboa e Vale do Tejo,"Centro Hospitalar Universitário de Lisboa Norte, EPE","38.7500861, -9.1616116",32614.0,15656.0,16958.0,5637.0,2016.0,12.0
2016-12-01,Lisboa e Vale do Tejo,"Hospital Garcia de Orta, EPE","38.6658713, -9.1822554",13543.0,4682.0,8861.0,2309.0,2016.0,12.0
2016-12-01,Norte,"Centro Hospitalar Entre Douro e Vouga, EPE","40.9293884, -8.5458794",16656.0,7074.0,9582.0,2490.0,2016.0,12.0
2016-12-01,Norte,"Centro Hospitalar Trás-os-Montes e Alto Douro, EPE","41.3031784, -7.7515252",11448.0,3514.0,7934.0,2203.0,2016.0,12.0
2016-12-01,Norte,"Unidade Local de Saúde de Matosinhos, EPE","41.1794456, -8.6745115",14486.0,4648.0,9838.0,1814.0,2016.0,12.0
2016-12-01,Norte,"Unidade Local de Saúde do Alto Minho, EPE","41.7056054, -8.8252713",11953.0,4308.0,7645.0,2312.0,2016.0,12.0
2017-01-01,Alentejo,"Unidade Local de Saúde do Norte Alentejano, EPE","39.3003425, -7.4263845",478.0,195.0,283.0,77.0,2017.0,1.0
2017-01-01,Centro,Hospital Dr. Francisco Zagalo,"40.8571967, -8.6318023",127.0,42.0,85.0,0.0,2017.0,1.0
2017-01-01,Lisboa e Vale do Tejo,"Centro Hospitalar de Lisboa Ocidental, EPE","38.708454, -9.216985",1454.0,690.0,764.0,255.0,2017.0,1.0
2017-01-01,Lisboa e Vale do Tejo,"Centro Hospitalar Médio Tejo, EPE","39.478072, -8.5404429",778.0,258.0,520.0,101.0,2017.0,1.0
2017-01-01,Norte,"Centro Hospitalar Tâmega e Sousa, EPE","41.2494561, -8.264901",1925.0,599.0,1326.0,251.0,2017.0,1.0
2017-01-01,Norte,"Hospital Santa Maria Maior, EPE","41.5324234, -8.6171561",404.0,116.0,288.0,10.0,2017.0,1.0
2017-01-01,Norte,"Unidade Local de Saúde do Nordeste, EPE","41.8056532, -6.7888197",423.0,174.0,249.0,154.0,2017.0,1.0
2017-02-01,Centro,"Centro Hospitalar Universitário Cova da Beira, EPE","40.2804158, -7.4922407",1174.0,476.0,698.0,134.0,2017.0,2.0
2017-02-01,Centro,"Centro Hospitalar e Universitário de Coimbra, EPE","40.2191523, -8.4098211",6533.0,2765.0,3768.0,1073.0,2017.0,2.0
2017-02-01,Centro,"Instituto Português Oncologia de Coimbra, EPE","40.2162514, -8.4103814",836.0,541.0,295.0,,2017.0,2.0
2017-02-01,Lisboa e Vale do Tejo,"Centro Hospitalar Universitário Lisboa Central, EPE","38.7166948, -9.1371248",5504.0,2263.0,3241.0,1042.0,2017.0,2.0
2017-02-01,Lisboa e Vale do Tejo,"Centro Hospitalar do Oeste, EPE","39.4054629, -9.1258493",830.0,372.0,458.0,338.0,2017.0,2.0
2017-02-01,Lisboa e Vale do Tejo,"Centro Hospitalar Médio Tejo, EPE","39.478072, -8.5404429",1445.0,529.0,916.0,200.0,2017.0,2.0
2017-02-01,Lisboa e Vale do Tejo,"Hospital de Loures, PPP","38.821455, -9.176296",1843.0,672.0,1171.0,370.0,2017.0,2.0
2017-02-01,Lisboa e Vale do Tejo,"Instituto Português Oncologia de Lisboa, EPE","38.7396768, -9.1634516",1135.0,775.0,360.0,78.0,2017.0,2.0
2017-02-01,Norte,"Centro Hospitalar Vila Nova de Gaia/Espinho, EPE","41.1094138, -8.5972617",3968.0,1449.0,2519.0,458.0,2017.0,2.0
2017-02-01,Norte,"Unidade Local de Saúde de Matosinhos, EPE","41.1794456, -8.6745115",2546.0,749.0,1797.0,283.0,2017.0,2.0
2017-03-01,Alentejo,"Hospital Espírito Santo de Évora, EPE","38.5684861, -7.9032848",3948.0,1377.0,2571.0,237.0,2017.0,3.0
2017-03-01,Centro,"Centro Hospitalar de Leiria, EPE","39.7414812, -8.7982706",3431.0,1140.0,2291.0,695.0,2017.0,3.0
2017-03-01,Centro,"Centro Hospitalar e Universitário de Coimbra, EPE","40.2191523, -8.4098211",10425.0,4373.0,6052.0,1558.0,2017.0,3.0
2017-03-01,Centro,Hospital Arcebispo João Crisóstomo,"40.3470015, -8.5933462",440.0,,440.0,,2017.0,3.0
2017-03-01,Centro,Hospital Dr. Francisco Zagalo,"40.8571967, -8.6318023",420.0,132.0,288.0,0.0,2017.0,3.0
2017-03-01,Centro,"Instituto Português Oncologia de Coimbra, EPE","40.2162514, -8.4103814",1308.0,844.0,464.0,,2017.0,3.0
2017-03-01,Centro,"Unidade Local de Saúde de Castelo Branco, EPE","39.8212263, -7.4981271",1570.0,614.0,956.0,237.0,2017.0,3.0
2017-03-01,Lisboa e Vale do Tejo,Instituto Gama Pinto,"38.7218793, -9.144249",1527.0,,1527.0,,2017.0,3.0
2017-03-01,Norte,"Centro Hospitalar Universitário de São João, EPE","41.1831056, -8.6010558",10836.0,4716.0,6120.0,1465.0,2017.0,3.0
2017-03-01,Norte,"Centro Hospitalar Entre Douro e Vouga, EPE","40.9293884, -8.5458794",4650.0,1698.0,2952.0,588.0,2017.0,3.0
2017-03-01,Norte,"Centro Hospitalar Trás-os-Montes e Alto Douro, EPE","41.3031784, -7.7515252",3905.0,1254.0,2651.0,520.0,2017.0,3.0
2017-04-01,Centro,"Centro Hospitalar Universitário Cova da Beira, EPE","40.2804158, -7.4922407",2290.0,961.0,1329.0,284.0,2017.0,4.0
2017-04-01,Centro,"Centro Hospitalar Tondela-Viseu, EPE","40.516364, -8.0827433",6451.0,1852.0,4599.0,893.0,2017.0,4.0
2017-04-01,Centro,Hospital Arcebispo João Crisóstomo,"40.3470015, -8.5933462",524.0,,524.0,,2017.0,4.0
2017-04-01,Centro,"Instituto Português Oncologia de Coimbra, EPE","40.2162514, -8.4103814",1635.0,1066.0,569.0,,2017.0,4.0
2017-04-01,Lisboa e Vale do Tejo,"Centro Hospitalar Médio Tejo, EPE","39.478072, -8.5404429",2972.0,1064.0,1908.0,452.0,2017.0,4.0
2017-04-01,Norte,"Centro Hospitalar Universitário de São João, EPE","41.1831056, -8.6010558",13996.0,6090.0,7906.0,1934.0,2017.0,4.0
2017-04-01,Norte,"Centro Hospitalar Universitário do Porto, EPE","41.1472498, -8.6172617",10896.0,4084.0,6812.0,1701.0,2017.0,4.0
2017-04-01,Norte,"Hospital da Senhora da Oliveira, Guimarães, EPE","41.4387173, -8.3086907",4067.0,1607.0,2460.0,671.0,2017.0,4.0
2017-04-01,Norte,"Hospital de Braga, PPP","41.56785, -8.398982",8265.0,2754.0,5511.0,969.0,2017.0,4.0
2017-04-01,Norte,"Hospital Santa Maria Maior, EPE","41.5324234, -8.6171561",1561.0,502.0,1059.0,24.0,2017.0,4.0
2017-05-01,Alentejo,"Unidade Local de Saúde do Norte Alentejano, EPE","39.3003425, -7.4263845",2490.0,906.0,1584.0,391.0,2017.0,5.0
2017-05-01,Centro,"Centro Hospitalar Universitário Cova da Beira, EPE","40.2804158, -7.4922407",2872.0,1185.0,1687.0,359.0,2017.0,5.0
2017-05-01,Centro,"Centro Hospitalar Tondela-Viseu, EPE","40.516364, -8.0827433",8325.0,2455.0,5870.0,1156.0,2017.0,5.0
2017-05-01,Centro,Hospital Dr. Francisco Zagalo,"40.8571967, -8.6318023",677.0,195.0,482.0,0.0,2017.0,5.0
2017-05-01,Lisboa e Vale do Tejo,"Centro Hospitalar de Setúbal, EPE","38.5283754, -8.8818638",4959.0,1520.0,3439.0,643.0,2017.0,5.0
2017-05-01,Lisboa e Vale do Tejo,"Centro Hospitalar Médio Tejo, EPE","39.478072, -8.5404429",3737.0,1296.0,2441.0,580.0,2017.0,5.0
2017-05-01,Lisboa e Vale do Tejo,"Hospital de Cascais, PPP","38.729006, -9.418267",3261.0,792.0,2469.0,1036.0,2017.0,5.0
2017-05-01,Norte,"Centro Hospitalar Póvoa de Varzim/Vila do Conde, EPE","41.3828711, -8.7589945",2546.0,1319.0,1227.0,424.0,2017.0,5.0
2017-05-01,Norte,"Centro Hospitalar Tâmega e Sousa, EPE","41.2494561, -8.264901",9606.0,2795.0,6811.0,1276.0,2017.0,5.0
2017-05-01,Norte,"Hospital de Braga, PPP","41.56785, -8.398982",10387.0,3477.0,6910.0,1214.0,2017.0,5.0
2017-05-01,Norte,"Hospital Santa Maria Maior, EPE","41.5324234, -8.6171561",1908.0,607.0,1301.0,31.0,2017.0,5.0
2017-05-01,Norte,"Instituto Português Oncologia do Porto, EPE","41.1785642, -8.6062881",5440.0,2447.0,2993.0,223.0,2017.0,5.0
2017-05-01,Norte,"Unidade Local de Saúde de Matosinhos, EPE","41.1794456, -8.6745115",6448.0,1925.0,4523.0,740.0,2017.0,5.0
2017-05-01,Norte,"Unidade Local de Saúde do Alto Minho, EPE","41.7056054, -8.8252713",6051.0,1908.0,4143.0,909.0,2017.0,5.0
2017-06-01,Alentejo,"Unidade Local de Saúde do Norte Alentejano, EPE","39.3003425, -7.4263845",2961.0,1065.0,1896.0,464.0,2017.0,6.0
2017-06-01,Centro,"Centro Hospitalar Tondela-Viseu, EPE","40.516364, -8.0827433",10102.0,2994.0,7108.0,1392.0,2017.0,6.0
2017-06-01,Centro,Hospital Arcebispo João Crisóstomo,"40.3470015, -8.5933462",862.0,,862.0,,2017.0,6.0
2017-06-01,Lisboa e Vale do Tejo,"Centro Hospitalar Barreiro/Montijo, EPE","38.6554005, -9.0592392",3397.0,1446.0,1951.0,423.0,2017.0,6.0
2017-06-01,Lisboa e Vale do Tejo,"Centro Hospitalar Universitário Lisboa Central, EPE","38.7166948, -9.1371248",16627.0,6771.0,9856.0,3327.0,2017.0,6.0
2017-06-01,Lisboa e Vale do Tejo,"Centro Hospitalar de Lisboa Ocidental, EPE","38.708454, -9.216985",8733.0,3729.0,5004.0,1412.0,2017.0,6.0
2017-06-01,Lisboa e Vale do Tejo,Instituto Gama Pinto,"38.7218793, -9.144249",2882.0,0.0,2882.0,0.0,2017.0,6.0
2017-06-01,Norte,"Hospital Santa Maria Maior, EPE","41.5324234, -8.6171561",2338.0,742.0,1596.0,43.0,2017.0,6.0
2017-06-01,Norte,"Unidade Local de Saúde de Matosinhos, EPE","41.1794456, -8.6745115",7753.0,2300.0,5453.0,890.0,2017.0,6.0
2017-07-01,Centro,Hospital Arcebispo João Crisóstomo,"40.3470015, -8.5933462",1059.0,,1059.0,,2017.0,7.0
2017-07-01,Centro,"Instituto Português Oncologia de Coimbra, EPE","40.2162514, -8.4103814",2860.0,1793.0,1067.0,,2017.0,7.0
2017-07-01,Centro,"Unidade Local de Saúde de Castelo Branco, EPE","39.8212263, -7.4981271",3524.0,1338.0,2186.0,580.0,2017.0,7.0
2017-07-01,Lisboa e Vale do Tejo,"Centro Hospitalar de Setúbal, EPE","38.5283754, -8.8818638",6787.0,2047.0,4740.0,906.0,2017.0,7.0
2017-07-01,Lisboa e Vale do Tejo,"Centro Hospitalar Médio Tejo, EPE","39.478072, -8.5404429",5177.0,1739.0,3438.0,841.0,2017.0,7.0
2017-07-01,Lisboa e Vale do Tejo,Instituto Gama Pinto,"38.7218793, -9.144249",3316.0,,3316.0,,2017.0,7.0
2017-07-01,Lisboa e Vale do Tejo,"Instituto Português Oncologia de Lisboa, EPE","38.7396768, -9.1634516",3868.0,2625.0,1243.0,321.0,2017.0,7.0
2017-07-01,Norte,"Centro Hospitalar Universitário de São João, EPE","41.1831056, -8.6010558",23656.0,10050.0,13606.0,3430.0,2017.0,7.0
2017-07-01,Norte,"Centro Hospitalar do Médio Ave, EPE","41.3423984, -8.4802503",4103.0,1159.0,2944.0,897.0,2017.0,7.0
2017-07-01,Norte,"Unidade Local de Saúde do Nordeste, EPE","41.8056532, -6.7888197",2655.0,1094.0,1561.0,893.0,2017.0,7.0
2017-08-01,Lisboa e Vale do Tejo,"Centro Hospitalar do Oeste, EPE","39.4054629, -9.1258493",3541.0,1474.0,2067.0,1344.0,2017.0,8.0
2017-08-01,Lisboa e Vale do Tejo,"Hospital de Cascais, PPP","38.729006, -9.418267",5086.0,1256.0,3830.0,1655.0,2017.0,8.0
2017-08-01,Lisboa e Vale do Tejo,"Hospital Professor Doutor Fernando Fonseca, EPE","38.7422257, -9.2264834",10952.0,4504.0,6448.0,1386.0,2017.0,8.0
2017-08-01,Lisboa e Vale do Tejo,Instituto Gama Pinto,"38.7218793, -9.144249",3669.0,,3669.0,,2017.0,8.0
2017-08-01,Norte,"Centro Hospitalar Universitário de São João, EPE","41.1831056, -8.6010558",25948.0,11097.0,14851.0,3975.0,2017.0,8.0
2017-08-01,Norte,"Instituto Português Oncologia do Porto, EPE","41.1785642, -8.6062881",8410.0,3774.0,4636.0,342.0,2017.0,8.0
2017-09-01,Alentejo,"Unidade Local de Saúde do Norte Alentejano, EPE","39.3003425, -7.4263845",4222.0,1518.0,2704.0,699.0,2017.0,9.0
2017-09-01,Centro,"Centro Hospitalar de Leiria, EPE","39.7414812, -8.7982706",9558.0,2842.0,6716.0,2073.0,2017.0,9.0
2017-09-01,Centro,"Centro Hospitalar Tondela-Viseu, EPE","40.516364, -8.0827433",13825.0,4205.0,9620.0,2213.0,2017.0,9.0
2017-09-01,Lisboa e Vale do Tejo,"Centro Hospitalar Universitário de Lisboa Norte, EPE","38.7500861, -9.1616116",25015.0,10275.0,14740.0,4487.0,2017.0,9.0
2017-09-01,Lisboa e Vale do Tejo,"Hospital de Vila Franca de Xira, PPP","38.977235, -8.984506",7910.0,2133.0,5777.0,964.0,2017.0,9.0
2017-09-01,Lisboa e Vale do Tejo,"Hospital Distrital de Santarém, EPE","39.2410946, -8.6937515",4798.0,1417.0,3381.0,1173.0,2017.0,9.0
2017-09-01,Norte,"Hospital da Senhora da Oliveira, Guimarães, EPE","41.4387173, -8.3086907",8729.0,3414.0,5315.0,1506.0,2017.0,9.0
2017-09-01,Norte,"Unidade Local de Saúde de Matosinhos, EPE","41.1794456, -8.6745115",10760.0,3235.0,7525.0,1347.0,2017.0,9.0
2017-10-01,Centro,"Centro Hospitalar Universitário Cova da Beira, EPE","40.2804158, -7.4922407",5493.0,2113.0,3380.0,759.0,2017.0,10.0
2017-10-01,Centro,"Hospital Distrital da Figueira da Foz, EPE","40.117897, -8.8586755",5741.0,1518.0,4223.0,771.0,2017.0,10.0
2017-10-01,Lisboa e Vale do Tejo,"Centro Hospitalar Médio Tejo, EPE","39.478072, -8.5404429",7346.0,2449.0,4897.0,1240.0,2017.0,10.0
2017-10-01,Lisboa e Vale do Tejo,"Hospital Garcia de Orta, EPE","38.6658713, -9.1822554",11049.0,3770.0,7279.0,2246.0,2017.0,10.0
2017-10-01,Norte,"Centro Hospitalar do Médio Ave, EPE","41.3423984, -8.4802503",5486.0,1544.0,3942.0,1301.0,2017.0,10.0
2017-10-01,Norte,"Centro Hospitalar Tâmega e Sousa, EPE","41.2494561, -8.264901",18653.0,5584.0,13069.0,2528.0,2017.0,10.0
2017-10-01,Norte,"Hospital da Senhora da Oliveira, Guimarães, EPE","41.4387173, -8.3086907",9713.0,3824.0,5889.0,1703.0,2017.0,10.0
2017-10-01,Norte,"Unidade Local de Saúde de Matosinhos, EPE","41.1794456, -8.6745115",12185.0,3636.0,8549.0,1498.0,2017.0,10.0
2017-11-01,Centro,Hospital Dr. Francisco Zagalo,"40.8571967, -8.6318023",1446.0,337.0,1109.0,0.0,2017.0,11.0
2017-11-01,Lisboa e Vale do Tejo,"Centro Hospitalar Médio Tejo, EPE","39.478072, -8.5404429",8090.0,2642.0,5448.0,1390.0,2017.0,11.0
2017-11-01,Lisboa e Vale do Tejo,"Hospital de Vila Franca de Xira, PPP","38.977235, -8.984506",9452.0,2601.0,6851.0,1183.0,2017.0,11.0
2017-11-01,Lisboa e Vale do Tejo,Instituto Gama Pinto,"38.7218793, -9.144249",5114.0,,5114.0,,2017.0,11.0
2017-11-01,Norte,"Centro Hospitalar Tâmega e Sousa, EPE","41.2494561, -8.264901",20626.0,6218.0,14408.0,2755.0,2017.0,11.0
2017-11-01,Norte,"Hospital da Senhora da Oliveira, Guimarães, EPE","41.4387173, -8.3086907",10691.0,4261.0,6430.0,1888.0,2017.0,11.0
2017-11-01,Norte,"Hospital de Braga, PPP","41.56785, -8.398982",23349.0,7836.0,15513.0,2764.0,2017.0,11.0
2017-11-01,Norte,"Unidade Local de Saúde de Matosinhos, EPE","41.1794456, -8.6745115",13606.0,4043.0,9563.0,1657.0,2017.0,11.0
2017-12-01,Alentejo,"Unidade Local de Saúde do Litoral Alentejano, EPE","38.0162314, -8.6956768",4361.0,1108.0,3253.0,799.0,2017.0,12.0
2017-12-01,Algarve,"Centro Hospitalar Universitário do Algarve,EPE","37.0238973, -7.9281554",10326.0,4741.0,5585.0,3817.0,2017.0,12.0
2017-12-01,Centro,"Centro Hospitalar de Leiria, EPE","39.7414812, -8.7982706",12722.0,3594.0,9128.0,2722.0,2017.0,12.0
2017-12-01,Centro,"Centro Hospitalar e Universitário de Coimbra, EPE","40.2191523, -8.4098211",35133.0,14914.0,20219.0,7026.0,2017.0,12.0
2017-12-01,Centro,"Hospital Distrital da Figueira da Foz, EPE","40.117897, -8.8586755",6777.0,1887.0,4890.0,887.0,2017.0,12.0
2017-12-01,Centro,"Instituto Português Oncologia de Coimbra, EPE","40.2162514, -8.4103814",4720.0,2888.0,1832.0,,2017.0,12.0
2017-12-01,Lisboa e Vale do Tejo,"Centro Hospitalar Médio Tejo, EPE","39.478072, -8.5404429",8722.0,2819.0,5903.0,1529.0,2017.0,12.0
2017-12-01,Lisboa e Vale do Tejo,"Hospital Garcia de Orta, EPE","38.6658713, -9.1822554",13362.0,4514.0,8848.0,2679.0,2017.0,12.0
2017-12-01,Norte,"Centro Hospitalar do Médio Ave, EPE","41.3423984, -8.4802503",6711.0,1904.0,4807.0,1520.0,2017.0,12.0
2017-12-01,Norte,"Centro Hospitalar Universitário do Porto, EPE","41.1472498, -8.6172617",30080.0,10842.0,19238.0,5221.0,2017.0,12.0
2017-12-01,Norte,"Hospital de Braga, PPP","41.56785, -8.398982",25643.0,8529.0,17114.0,3027.0,2017.0,12.0
2017-12-01,Norte,"Hospital Santa Maria Maior, EPE","41.5324234, -8.6171561",4802.0,1405.0,3397.0,91.0,2017.0,12.0
2017-12-01,Norte,"Unidade Local de Saúde do Nordeste, EPE","41.8056532, -6.7888197",4644.0,1777.0,2867.0,1604.0,2017.0,12.0
2018-01-01,Alentejo,"Hospital Espírito Santo de Évora, EPE","38.5684861, -7.9032848",1048.0,404.0,644.0,114.0,2018.0,1.0
2018-01-01,Alentejo,"Unidade Local de Saúde do Litoral Alentejano, EPE","38.0162314, -8.6956768",316.0,121.0,195.0,64.0,2018.0,1.0
2018-01-01,Algarve,"Centro Hospitalar Universitário do Algarve,EPE","37.0238973, -7.9281554",940.0,404.0,536.0,238.0,2018.0,1.0
2018-01-01,Centro,"Centro Hospitalar Tondela-Viseu, EPE","40.516364, -8.0827433",1518.0,429.0,1089.0,242.0,2018.0,1.0
2018-01-01,Lisboa e Vale do Tejo,"Hospital Garcia de Orta, EPE","38.6658713, -9.1822554",1303.0,460.0,843.0,230.0,2018.0,1.0
2018-01-01,Norte,"Centro Hospitalar Universitário de São João, EPE","41.1831056, -8.6010558",3790.0,1576.0,2214.0,456.0,2018.0,1.0
2018-01-01,Norte,"Instituto Português Oncologia do Porto, EPE","41.1785642, -8.6062881",1057.0,506.0,551.0,43.0,2018.0,1.0
2018-02-01,Alentejo,"Unidade Local de Saúde do Baixo Alentejo, EPE","38.014123, -7.8721227",629.0,290.0,339.0,181.0,2018.0,2.0
2018-02-01,Centro,"Centro Hospitalar do Baixo Vouga, EPE","40.6362453, -8.6543716",2179.0,680.0,1499.0,348.0,2018.0,2.0
2018-02-01,Centro,"Centro Hospitalar Tondela-Viseu, EPE","40.516364, -8.0827433",2975.0,849.0,2126.0,500.0,2018.0,2.0
2018-02-01,Centro,"Hospital Distrital da Figueira da Foz, EPE","40.117897, -8.8586755",1068.0,316.0,752.0,152.0,2018.0,2.0
2018-02-01,Centro,"Instituto Português Oncologia de Coimbra, EPE","40.2162514, -8.4103814",833.0,486.0,347.0,,2018.0,2.0
2018-02-01,Lisboa e Vale do Tejo,"Hospital de Loures, PPP","38.821455, -9.176296",2065.0,631.0,1434.0,352.0,2018.0,2.0
2018-02-01,Lisboa e Vale do Tejo,"Hospital Professor Doutor Fernando Fonseca, EPE","38.7422257, -9.2264834",3071.0,984.0,2087.0,364.0,2018.0,2.0
2018-02-01,Norte,"Centro Hospitalar do Médio Ave, EPE","41.3423984, -8.4802503",1302.0,347.0,955.0,227.0,2018.0,2.0
2018-02-01,Norte,"Centro Hospitalar Entre Douro e Vouga, EPE","40.9293884, -8.5458794",2750.0,887.0,1863.0,368.0,2018.0,2.0
2018-02-01,Norte,"Centro Hospitalar Vila Nova de Gaia/Espinho, EPE","41.1094138, -8.5972617",4039.0,1363.0,2676.0,482.0,2018.0,2.0
2018-03-01,Alentejo,"Unidade Local de Saúde do Litoral Alentejano, EPE","38.0162314, -8.6956768",940.0,312.0,628.0,208.0,2018.0,3.0
2018-03-01,Centro,"Centro Hospitalar Tondela-Viseu, EPE","40.516364, -8.0827433",4461.0,1329.0,3132.0,755.0,2018.0,3.0
2018-03-01,Centro,"Unidade Local de Saúde de Castelo Branco, EPE","39.8212263, -7.4981271",1512.0,671.0,841.0,182.0,2018.0,3.0
2018-03-01,Lisboa e Vale do Tejo,"Centro Hospitalar Barreiro/Montijo, EPE","38.6554005, -9.0592392",1540.0,628.0,912.0,176.0,2018.0,3.0
2018-03-01,Lisboa e Vale do Tejo,"Centro Hospitalar de Setúbal, EPE","38.5283754, -8.8818638",2733.0,716.0,2017.0,390.0,2018.0,3.0
2018-03-01,Lisboa e Vale do Tejo,"Hospital de Vila Franca de Xira, PPP","38.977235, -8.984506",2568.0,674.0,1894.0,417.0,2018.0,3.0
2018-03-01,Lisboa e Vale do Tejo,"Hospital Distrital de Santarém, EPE","39.2410946, -8.6937515",1665.0,539.0,1126.0,347.0,2018.0,3.0
2018-03-01,Lisboa e Vale do Tejo,"Hospital Professor Doutor Fernando Fonseca, EPE","38.7422257, -9.2264834",4868.0,1564.0,3304.0,556.0,2018.0,3.0
2018-03-01,Norte,"Centro Hospitalar Entre Douro e Vouga, EPE","40.9293884, -8.5458794",4172.0,1267.0,2905.0,582.0,2018.0,3.0
2018-03-01,Norte,"Hospital da Senhora da Oliveira, Guimarães, EPE","41.4387173, -8.3086907",3041.0,1364.0,1677.0,520.0,2018.0,3.0
2018-04-01,Alentejo,"Unidade Local de Saúde do Litoral Alentejano, EPE","38.0162314, -8.6956768",1357.0,388.0,969.0,272.0,2018.0,4.0
2018-04-01,Centro,"Instituto Português Oncologia de Coimbra, EPE","40.2162514, -8.4103814",1631.0,960.0,671.0,,2018.0,4.0
2018-04-01,Lisboa e Vale do Tejo,"Centro Hospitalar do Oeste, EPE","39.4054629, -9.1258493",1724.0,598.0,1126.0,411.0,2018.0,4.0
2018-04-01,Lisboa e Vale do Tejo,"Hospital de Vila Franca de Xira, PPP","38.977235, -8.984506",3390.0,902.0,2488.0,585.0,2018.0,4.0
2018-04-01,Lisboa e Vale do Tejo,"Hospital Garcia de Orta, EPE","38.6658713, -9.1822554",4855.0,1677.0,3178.0,853.0,2018.0,4.0
2018-04-01,Norte,"Centro Hospitalar Entre Douro e Vouga, EPE","40.9293884, -8.5458794",5596.0,1719.0,3877.0,750.0,2018.0,4.0
2018-04-01,Norte,"Hospital de Braga, PPP","41.56785, -8.398982",8997.0,2651.0,6346.0,1036.0,2018.0,4.0
2018-04-01,Norte,"Hospital Santa Maria Maior, EPE","41.5324234, -8.6171561",1850.0,466.0,1384.0,42.0,2018.0,4.0
2018-05-01,Alentejo,"Unidade Local de Saúde do Baixo Alentejo, EPE","38.014123, -7.8721227",1588.0,657.0,931.0,485.0,2018.0,5.0
2018-05-01,Centro,Hospital Dr. Francisco Zagalo,"40.8571967, -8.6318023",479.0,168.0,311.0,0.0,2018.0,5.0
2018-05-01,Lisboa e Vale do Tejo,"Centro Hospitalar Médio Tejo, EPE","39.478072, -8.5404429",3673.0,1097.0,2576.0,667.0,2018.0,5.0
2018-05-01,Lisboa e Vale do Tejo,"Hospital de Cascais, PPP","38.729006, -9.418267",3494.0,830.0,2664.0,883.0,2018.0,5.0
2018-05-01,Lisboa e Vale do Tejo,Instituto Gama Pinto,"38.7218793, -9.144249",2439.0,,2439.0,,2018.0,5.0
2018-05-01,Lisboa e Vale do Tejo,"Instituto Português Oncologia de Lisboa, EPE","38.7396768, -9.1634516",2549.0,1883.0,666.0,316.0,2018.0,5.0
2018-05-01,Norte,"Centro Hospitalar Universitário de São João, EPE","41.1831056, -8.6010558",17729.0,7187.0,10542.0,2231.0,2018.0,5.0
2018-05-01,Norte,"Centro Hospitalar Póvoa de Varzim/Vila do Conde, EPE","41.3828711, -8.7589945",2534.0,1075.0,1459.0,491.0,2018.0,5.0
2018-05-01,Norte,"Unidade Local de Saúde de Matosinhos, EPE","41.1794456, -8.6745115",5586.0,1560.0,4026.0,679.0,2018.0,5.0
2018-06-01,Centro,"Centro Hospitalar Universitário Cova da Beira, EPE","40.2804158, -7.4922407",3473.0,1426.0,2047.0,476.0,2018.0,6.0
2018-06-01,Centro,Hospital Dr. Francisco Zagalo,"40.8571967, -8.6318023",581.0,216.0,365.0,0.0,2018.0,6.0
2018-06-01,Centro,"Unidade Local de Saúde da Guarda, EPE","40.5309916, -7.2734793",3296.0,1087.0,2209.0,386.0,2018.0,6.0
2018-06-01,Lisboa e Vale do Tejo,"Centro Hospitalar Universitário Lisboa Central, EPE","38.7166948, -9.1371248",16452.0,6701.0,9751.0,3414.0,2018.0,6.0
2018-06-01,Lisboa e Vale do Tejo,"Hospital Distrital de Santarém, EPE","39.2410946, -8.6937515",3280.0,987.0,2293.0,740.0,2018.0,6.0
2018-06-01,Lisboa e Vale do Tejo,Instituto Gama Pinto,"38.7218793, -9.144249",3006.0,,3006.0,,2018.0,6.0
2018-06-01,Norte,"Hospital da Senhora da Oliveira, Guimarães, EPE","41.4387173, -8.3086907",5829.0,2554.0,3275.0,1078.0,2018.0,6.0
2018-07-01,Centro,"Centro Hospitalar e Universitário de Coimbra, EPE","40.2191523, -8.4098211",21580.0,8634.0,12946.0,4045.0,2018.0,7.0
2018-07-01,Centro,Hospital Arcebispo João Crisóstomo,"40.3470015, -8.5933462",649.0,,649.0,,2018.0,7.0
2018-07-01,Lisboa e Vale do Tejo,"Centro Hospitalar de Setúbal, EPE","38.5283754, -8.8818638",6677.0,1704.0,4973.0,917.0,2018.0,7.0
2018-07-01,Lisboa e Vale do Tejo,"Centro Hospitalar Universitário de Lisboa Norte, EPE","38.7500861, -9.1616116",19821.0,7612.0,12209.0,3600.0,2018.0,7.0
2018-07-01,Norte,"Instituto Português Oncologia do Porto, EPE","41.1785642, -8.6062881",7396.0,3543.0,3853.0,314.0,2018.0,7.0
2018-08-01,Alentejo,"Unidade Local de Saúde do Baixo Alentejo, EPE","38.014123, -7.8721227",2586.0,966.0,1620.0,818.0,2018.0,8.0
2018-08-01,Algarve,"Centro Hospitalar Universitário do Algarve,EPE","37.0238973, -7.9281554",6659.0,2710.0,3949.0,2763.0,2018.0,8.0
2018-08-01,Centro,"Instituto Português Oncologia de Coimbra, EPE","40.2162514, -8.4103814",2981.0,1748.0,1233.0,,2018.0,8.0
2018-08-01,Lisboa e Vale do Tejo,"Centro Hospitalar Barreiro/Montijo, EPE","38.6554005, -9.0592392",3930.0,1695.0,2235.0,840.0,2018.0,8.0
2018-08-01,Lisboa e Vale do Tejo,"Centro Hospitalar Universitário Lisboa Central, EPE","38.7166948, -9.1371248",21067.0,8637.0,12430.0,4635.0,2018.0,8.0
2018-08-01,Lisboa e Vale do Tejo,"Hospital de Loures, PPP","38.821455, -9.176296",8819.0,2375.0,6444.0,1545.0,2018.0,8.0
2018-08-01,Lisboa e Vale do Tejo,"Hospital Distrital de Santarém, EPE","39.2410946, -8.6937515",4163.0,1252.0,2911.0,1034.0,2018.0,8.0
2018-08-01,Lisboa e Vale do Tejo,"Instituto Português Oncologia de Lisboa, EPE","38.7396768, -9.1634516",3959.0,2964.0,995.0,551.0,2018.0,8.0
2018-08-01,Norte,"Centro Hospitalar Entre Douro e Vouga, EPE","40.9293884, -8.5458794",10876.0,3612.0,7264.0,1575.0,2018.0,8.0
2018-08-01,Norte,"Centro Hospitalar Vila Nova de Gaia/Espinho, EPE","41.1094138, -8.5972617",14772.0,5205.0,9567.0,1933.0,2018.0,8.0
2018-08-01,Norte,"Instituto Português Oncologia do Porto, EPE","41.1785642, -8.6062881",8064.0,3868.0,4196.0,365.0,2018.0,8.0
2018-08-01,Norte,"Unidade Local de Saúde do Alto Minho, EPE","41.7056054, -8.8252713",7808.0,2855.0,4953.0,1558.0,2018.0,8.0
2018-08-01,Norte,"Unidade Local de Saúde do Nordeste, EPE","41.8056532, -6.7888197",3421.0,1198.0,2223.0,985.0,2018.0,8.0
2018-09-01,Algarve,"Centro Hospitalar Universitário do Algarve,EPE","37.0238973, -7.9281554",7331.0,2957.0,4374.0,3126.0,2018.0,9.0
2018-09-01,Centro,"Hospital Distrital da Figueira da Foz, EPE","40.117897, -8.8586755",4684.0,1131.0,3553.0,622.0,2018.0,9.0
2018-09-01,Centro,"Instituto Português Oncologia de Coimbra, EPE","40.2162514, -8.4103814",3339.0,1965.0,1374.0,,2018.0,9.0
2018-09-01,Lisboa e Vale do Tejo,"Centro Hospitalar Barreiro/Montijo, EPE","38.6554005, -9.0592392",4415.0,1864.0,2551.0,964.0,2018.0,9.0
2018-09-01,Lisboa e Vale do Tejo,"Hospital Distrital de Santarém, EPE","39.2410946, -8.6937515",4515.0,1363.0,3152.0,1144.0,2018.0,9.0
2018-09-01,Lisboa e Vale do Tejo,"Hospital Professor Doutor Fernando Fonseca, EPE","38.7422257, -9.2264834",11962.0,3945.0,8017.0,1785.0,2018.0,9.0
2018-09-01,Lisboa e Vale do Tejo,"Hospital Garcia de Orta, EPE","38.6658713, -9.1822554",10496.0,3352.0,7144.0,1930.0,2018.0,9.0
2018-09-01,Norte,"Centro Hospitalar Vila Nova de Gaia/Espinho, EPE","41.1094138, -8.5972617",16815.0,5940.0,10875.0,2137.0,2018.0,9.0
2018-09-01,Norte,"Hospital da Senhora da Oliveira, Guimarães, EPE","41.4387173, -8.3086907",8283.0,3627.0,4656.0,1624.0,2018.0,9.0
2018-09-01,Norte,"Hospital de Braga, PPP","41.56785, -8.398982",20481.0,6629.0,13852.0,2522.0,2018.0,9.0
2018-10-01,Alentejo,"Unidade Local de Saúde do Baixo Alentejo, EPE","38.014123, -7.8721227",3154.0,1191.0,1963.0,1044.0,2018.0,10.0
2018-10-01,Centro,"Centro Hospitalar do Baixo Vouga, EPE","40.6362453, -8.6543716",9468.0,2850.0,6618.0,1654.0,2018.0,10.0
2018-10-01,Centro,"Centro Hospitalar Tondela-Viseu, EPE","40.516364, -8.0827433",13787.0,4236.0,9551.0,2485.0,2018.0,10.0
2018-10-01,Lisboa e Vale do Tejo,"Centro Hospitalar Universitário Lisboa Central, EPE","38.7166948, -9.1371248",25847.0,10509.0,15338.0,5915.0,2018.0,10.0
2018-10-01,Lisboa e Vale do Tejo,"Hospital Garcia de Orta, EPE","38.6658713, -9.1822554",11596.0,3659.0,7937.0,2143.0,2018.0,10.0
2018-10-01,Norte,"Centro Hospitalar Póvoa de Varzim/Vila do Conde, EPE","41.3828711, -8.7589945",4532.0,2057.0,2475.0,984.0,2018.0,10.0
2018-10-01,Norte,"Centro Hospitalar Vila Nova de Gaia/Espinho, EPE","41.1094138, -8.5972617",18742.0,6617.0,12125.0,2407.0,2018.0,10.0
2018-10-01,Norte,"Hospital Santa Maria Maior, EPE","41.5324234, -8.6171561",4822.0,1152.0,3670.0,114.0,2018.0,10.0
2018-11-01,Alentejo,"Hospital Espírito Santo de Évora, EPE","38.5684861, -7.9032848",12998.0,4196.0,8802.0,1558.0,2018.0,11.0
2018-11-01,Alentejo,"Unidade Local de Saúde do Baixo Alentejo, EPE","38.014123, -7.8721227",3536.0,1323.0,2213.0,1146.0,2018.0,11.0
2018-11-01,Centro,"Centro Hospitalar e Universitário de Coimbra, EPE","40.2191523, -8.4098211",31574.0,12750.0,18824.0,6515.0,2018.0,11.0
2018-11-01,Centro,Hospital Arcebispo João Crisóstomo,"40.3470015, -8.5933462",901.0,,901.0,,2018.0,11.0
2018-11-01,Centro,"Hospital Distrital da Figueira da Foz, EPE","40.117897, -8.8586755",6046.0,1428.0,4618.0,765.0,2018.0,11.0
2018-11-01,Centro,Hospital Dr. Francisco Zagalo,"40.8571967, -8.6318023",1150.0,375.0,775.0,0.0,2018.0,11.0
2018-11-01,Lisboa e Vale do Tejo,"Hospital Professor Doutor Fernando Fonseca, EPE","38.7422257, -9.2264834",14456.0,4776.0,9680.0,2142.0,2018.0,11.0
2018-11-01,Lisboa e Vale do Tejo,"Instituto Português Oncologia de Lisboa, EPE","38.7396768, -9.1634516",5478.0,4083.0,1395.0,681.0,2018.0,11.0
2018-11-01,Norte,"Centro Hospitalar do Médio Ave, EPE","41.3423984, -8.4802503",6220.0,1733.0,4487.0,1253.0,2018.0,11.0
2018-11-01,Norte,"Centro Hospitalar Entre Douro e Vouga, EPE","40.9293884, -8.5458794",15681.0,5226.0,10455.0,2158.0,2018.0,11.0
2018-11-01,Norte,"Centro Hospitalar Tâmega e Sousa, EPE","41.2494561, -8.264901",21942.0,5931.0,16011.0,2701.0,2018.0,11.0
2018-12-01,Lisboa e Vale do Tejo,"Hospital de Cascais, PPP","38.729006, -9.418267",8669.0,2109.0,6560.0,2146.0,2018.0,12.0
2018-12-01,Lisboa e Vale do Tejo,"Hospital de Vila Franca de Xira, PPP","38.977235, -8.984506",10171.0,2754.0,7417.0,1862.0,2018.0,12.0
2018-12-01,Norte,"Centro Hospitalar Universitário do Porto, EPE","41.1472498, -8.6172617",29395.0,10029.0,19366.0,5395.0,2018.0,12.0
2018-12-01,Norte,"Centro Hospitalar Trás-os-Montes e Alto Douro, EPE","41.3031784, -7.7515252",10932.0,3391.0,7541.0,2367.0,2018.0,12.0
2018-12-01,Norte,"Hospital Santa Maria Maior, EPE","41.5324234, -8.6171561",5793.0,1439.0,4354.0,141.0,2018.0,12.0
2019-01-01,Lisboa e Vale do Tejo,"Centro Hospitalar do Oeste, EPE","39.4054629, -9.1258493",523.0,218.0,305.0,152.0,2019.0,1.0
2019-01-01,Lisboa e Vale do Tejo,"Hospital de Vila Franca de Xira, PPP","38.977235, -8.984506",1013.0,250.0,763.0,154.0,2019.0,1.0
2019-01-01,Lisboa e Vale do Tejo,"Hospital Professor Doutor Fernando Fonseca, EPE","38.7422257, -9.2264834",1405.0,467.0,938.0,212.0,2019.0,1.0
2019-01-01,Lisboa e Vale do Tejo,"Instituto Português Oncologia de Lisboa, EPE","38.7396768, -9.1634516",466.0,329.0,137.0,62.0,2019.0,1.0
2019-01-01,Norte,"Centro Hospitalar Tâmega e Sousa, EPE","41.2494561, -8.264901",2343.0,539.0,1804.0,230.0,2019.0,1.0
2019-01-01,Norte,"Centro Hospitalar Vila Nova de Gaia/Espinho, EPE","41.1094138, -8.5972617",2030.0,663.0,1367.0,260.0,2019.0,1.0
2019-01-01,Norte,"Unidade Local de Saúde de Matosinhos, EPE","41.1794456, -8.6745115",1259.0,321.0,938.0,135.0,2019.0,1.0
2019-01-01,Norte,"Unidade Local de Saúde do Alto Minho, EPE","41.7056054, -8.8252713",1098.0,393.0,705.0,175.0,2019.0,1.0
2019-02-01,Centro,"Centro Hospitalar e Universitário de Coimbra, EPE","40.2191523, -8.4098211",5850.0,2297.0,3553.0,1119.0,2019.0,2.0
2019-02-01,Centro,"Hospital Distrital da Figueira da Foz, EPE","40.117897, -8.8586755",1266.0,372.0,894.0,161.0,2019.0,2.0
2019-02-01,Lisboa e Vale do Tejo,"Centro Hospitalar de Lisboa Ocidental, EPE","38.708454, -9.216985",2792.0,1032.0,1760.0,525.0,2019.0,2.0
2019-02-01,Lisboa e Vale do Tejo,"Centro Hospitalar Médio Tejo, EPE","39.478072, -8.5404429",1624.0,506.0,1118.0,239.0,2019.0,2.0
2019-02-01,Lisboa e Vale do Tejo,"Hospital de Loures, PPP","38.821455, -9.176296",2216.0,569.0,1647.0,411.0,2019.0,2.0
2019-02-01,Lisboa e Vale do Tejo,"Hospital Professor Doutor Fernando Fonseca, EPE","38.7422257, -9.2264834",2545.0,834.0,1711.0,371.0,2019.0,2.0
2019-02-01,Norte,"Hospital da Senhora da Oliveira, Guimarães, EPE","41.4387173, -8.3086907",2329.0,885.0,1444.0,350.0,2019.0,2.0
2019-02-01,Norte,"Hospital de Braga, PPP","41.56785, -8.398982",3745.0,1224.0,2521.0,454.0,2019.0,2.0
2019-02-01,Norte,"Instituto Português Oncologia do Porto, EPE","41.1785642, -8.6062881",1733.0,889.0,844.0,76.0,2019.0,2.0
2019-03-01,Centro,"Centro Hospitalar do Baixo Vouga, EPE","40.6362453, -8.6543716",2904.0,1010.0,1894.0,526.0,2019.0,3.0
2019-03-01,Centro,"Instituto Português Oncologia de Coimbra, EPE","40.2162514, -8.4103814",1229.0,737.0,492.0,32.0,2019.0,3.0
2019-03-01,Lisboa e Vale do Tejo,"Hospital de Vila Franca de Xira, PPP","38.977235, -8.984506",2700.0,650.0,2050.0,482.0,2019.0,3.0
2019-03-01,Lisboa e Vale do Tejo,Instituto Gama Pinto,"38.7218793, -9.144249",1757.0,,1757.0,,2019.0,3.0
2019-03-01,Norte,"Centro Hospitalar do Médio Ave, EPE","41.3423984, -8.4802503",1723.0,422.0,1301.0,309.0,2019.0,3.0
2019-03-01,Norte,"Hospital da Senhora da Oliveira, Guimarães, EPE","41.4387173, -8.3086907",3442.0,1293.0,2149.0,536.0,2019.0,3.0
2019-03-01,Norte,"Unidade Local de Saúde do Alto Minho, EPE","41.7056054, -8.8252713",3321.0,1125.0,2196.0,555.0,2019.0,3.0
2019-04-01,Algarve,"Centro Hospitalar Universitário do Algarve,EPE","37.0238973, -7.9281554",3803.0,1543.0,2260.0,1330.0,2019.0,4.0
2019-04-01,Centro,"Centro Hospitalar e Universitário de Coimbra, EPE","40.2191523, -8.4098211",11978.0,4663.0,7315.0,2307.0,2019.0,4.0
2019-04-01,Centro,"Unidade Local de Saúde de Castelo Branco, EPE","39.8212263, -7.4981271",2002.0,979.0,1023.0,292.0,2019.0,4.0
2019-04-01,Lisboa e Vale do Tejo,"Hospital de Cascais, PPP","38.729006, -9.418267",3055.0,670.0,2385.0,671.0,2019.0,4.0
2019-04-01,Lisboa e Vale do Tejo,"Hospital de Vila Franca de Xira, PPP","38.977235, -8.984506",3577.0,884.0,2693.0,661.0,2019.0,4.0
2019-04-01,Lisboa e Vale do Tejo,"Hospital Professor Doutor Fernando Fonseca, EPE","38.7422257, -9.2264834",5060.0,1596.0,3464.0,739.0,2019.0,4.0
2019-04-01,Norte,"Centro Hospitalar Tâmega e Sousa, EPE","41.2494561, -8.264901",8390.0,2296.0,6094.0,957.0,2019.0,4.0
2019-04-01,Norte,"Unidade Local de Saúde de Matosinhos, EPE","41.1794456, -8.6745115",4815.0,1233.0,3582.0,552.0,2019.0,4.0
2019-05-01,Alentejo,"Unidade Local de Saúde do Norte Alentejano, EPE","39.3003425, -7.4263845",2415.0,951.0,1464.0,387.0,2019.0,5.0
2019-05-01,Centro,"Centro Hospitalar e Universitário de Coimbra, EPE","40.2191523, -8.4098211",15460.0,6053.0,9407.0,2971.0,2019.0,5.0
2019-05-01,Lisboa e Vale do Tejo,"Centro Hospitalar Universitário de Lisboa Norte, EPE","38.7500861, -9.1616116",11838.0,4391.0,7447.0,2459.0,2019.0,5.0
2019-05-01,Lisboa e Vale do Tejo,"Hospital de Cascais, PPP","38.729006, -9.418267",3854.0,843.0,3011.0,845.0,2019.0,5.0
2019-05-01,Lisboa e Vale do Tejo,"Hospital Distrital de Santarém, EPE","39.2410946, -8.6937515",2781.0,848.0,1933.0,621.0,2019.0,5.0
2019-05-01,Norte,"Centro Hospitalar Trás-os-Montes e Alto Douro, EPE","41.3031784, -7.7515252",5771.0,1904.0,3867.0,883.0,2019.0,5.0
2019-05-01,Norte,"Instituto Português Oncologia do Porto, EPE","41.1785642, -8.6062881",5297.0,2593.0,2704.0,241.0,2019.0,5.0
2019-05-01,Norte,"Unidade Local de Saúde do Alto Minho, EPE","41.7056054, -8.8252713",5606.0,1875.0,3731.0,925.0,2019.0,5.0
2019-05-01,Norte,"Unidade Local de Saúde do Nordeste, EPE","41.8056532, -6.7888197",2353.0,877.0,1476.0,607.0,2019.0,5.0
2019-06-01,Algarve,"Centro Hospitalar Universitário do Algarve,EPE","37.0238973, -7.9281554",5769.0,2277.0,3492.0,2017.0,2019.0,6.0
2019-06-01,Lisboa e Vale do Tejo,"Centro Hospitalar Universitário Lisboa Central, EPE","38.7166948, -9.1371248",15577.0,6309.0,9268.0,3478.0,2019.0,6.0
2019-06-01,Lisboa e Vale do Tejo,"Hospital de Cascais, PPP","38.729006, -9.418267",4529.0,1012.0,3517.0,1031.0,2019.0,6.0
2019-06-01,Lisboa e Vale do Tejo,"Hospital de Loures, PPP","38.821455, -9.176296",6604.0,1656.0,4948.0,1327.0,2019.0,6.0
2019-06-01,Lisboa e Vale do Tejo,"Hospital Distrital de Santarém, EPE","39.2410946, -8.6937515",3194.0,949.0,2245.0,730.0,2019.0,6.0
2019-06-01,Norte,"Centro Hospitalar Universitário do Porto, EPE","41.1472498, -8.6172617",16982.0,5953.0,11029.0,2694.0,2019.0,6.0
2019-06-01,Norte,"Centro Hospitalar Póvoa de Varzim/Vila do Conde, EPE","41.3828711, -8.7589945",2726.0,1525.0,1201.0,531.0,2019.0,6.0
2019-06-01,Norte,"Hospital Santa Maria Maior, EPE","41.5324234, -8.6171561",2985.0,794.0,2191.0,69.0,2019.0,6.0
2019-06-01,Norte,"Unidade Local de Saúde do Alto Minho, EPE","41.7056054, -8.8252713",6566.0,2172.0,4394.0,1116.0,2019.0,6.0
2019-07-01,Centro,"Centro Hospitalar de Leiria, EPE","39.7414812, -8.7982706",7250.0,1538.0,5712.0,1555.0,2019.0,7.0
2019-07-01,Lisboa e Vale do Tejo,"Hospital de Loures, PPP","38.821455, -9.176296",7636.0,1957.0,5679.0,1531.0,2019.0,7.0
2019-07-01,Norte,"Centro Hospitalar Entre Douro e Vouga, EPE","40.9293884, -8.5458794",10049.0,3393.0,6656.0,1315.0,2019.0,7.0
2019-07-01,Norte,"Hospital de Braga, PPP","41.56785, -8.398982",16269.0,5101.0,11168.0,1887.0,2019.0,7.0
2019-08-01,Norte,"Centro Hospitalar Vila Nova de Gaia/Espinho, EPE","41.1094138, -8.5972617",14431.0,4600.0,9831.0,1986.0,2019.0,8.0
2019-08-01,Norte,"Hospital da Senhora da Oliveira, Guimarães, EPE","41.4387173, -8.3086907",8420.0,3347.0,5073.0,1502.0,2019.0,8.0
2019-08-01,Norte,"Unidade Local de Saúde do Nordeste, EPE","41.8056532, -6.7888197",3651.0,1312.0,2339.0,1004.0,2019.0,8.0
2019-09-01,Centro,"Centro Hospitalar Universitário Cova da Beira, EPE","40.2804158, -7.4922407",4928.0,1816.0,3112.0,639.0,2019.0,9.0
2019-09-01,Centro,"Unidade Local de Saúde de Castelo Branco, EPE","39.8212263, -7.4981271",4177.0,1860.0,2317.0,697.0,2019.0,9.0
2019-09-01,Lisboa e Vale do Tejo,"Centro Hospitalar Barreiro/Montijo, EPE","38.6554005, -9.0592392",5129.0,2036.0,3093.0,884.0,2019.0,9.0
2019-09-01,Lisboa e Vale do Tejo,"Centro Hospitalar de Lisboa Ocidental, EPE","38.708454, -9.216985",12341.0,4590.0,7751.0,2312.0,2019.0,9.0
2019-09-01,Norte,"Centro Hospitalar do Médio Ave, EPE","41.3423984, -8.4802503",4691.0,1200.0,3491.0,1023.0,2019.0,9.0
2019-09-01,Norte,"Centro Hospitalar Universitário do Porto, EPE","41.1472498, -8.6172617",24877.0,8475.0,16402.0,4098.0,2019.0,9.0
2019-09-01,Norte,"Centro Hospitalar Entre Douro e Vouga, EPE","40.9293884, -8.5458794",12670.0,4318.0,8352.0,1651.0,2019.0,9.0
2019-09-01,Norte,"Unidade Local de Saúde de Matosinhos, EPE","41.1794456, -8.6745115",10440.0,2748.0,7692.0,1330.0,2019.0,9.0
2019-10-01,Alentejo,"Hospital Espírito Santo de Évora, EPE","38.5684861, -7.9032848",14236.0,4693.0,9543.0,1504.0,2019.0,10.0
2019-10-01,Centro,"Centro Hospitalar de Leiria, EPE","39.7414812, -8.7982706",10648.0,2321.0,8327.0,2198.0,2019.0,10.0
2019-10-01,Centro,"Centro Hospitalar do Baixo Vouga, EPE","40.6362453, -8.6543716",9497.0,3330.0,6167.0,1955.0,2019.0,10.0
2019-10-01,Centro,"Instituto Português Oncologia de Coimbra, EPE","40.2162514, -8.4103814",3936.0,2354.0,1582.0,141.0,2019.0,10.0
2019-10-01,Centro,"Unidade Local de Saúde da Guarda, EPE","40.5309916, -7.2734793",4919.0,1406.0,3513.0,671.0,2019.0,10.0
2019-10-01,Centro,"Unidade Local de Saúde de Castelo Branco, EPE","39.8212263, -7.4981271",4717.0,2067.0,2650.0,793.0,2019.0,10.0
2019-10-01,Lisboa e Vale do Tejo,"Centro Hospitalar de Lisboa Ocidental, EPE","38.708454, -9.216985",13904.0,5195.0,8709.0,2571.0,2019.0,10.0
2019-10-01,Lisboa e Vale do Tejo,"Centro Hospitalar de Setúbal, EPE","38.5283754, -8.8818638",10460.0,2680.0,7780.0,1354.0,2019.0,10.0
2019-10-01,Lisboa e Vale do Tejo,"Centro Hospitalar do Oeste, EPE","39.4054629, -9.1258493",4454.0,1630.0,2824.0,1590.0,2019.0,10.0
2019-10-01,Lisboa e Vale do Tejo,"Hospital Distrital de Santarém, EPE","39.2410946, -8.6937515",5082.0,1371.0,3711.0,1245.0,2019.0,10.0
2019-10-01,Norte,"Centro Hospitalar do Médio Ave, EPE","41.3423984, -8.4802503",5406.0,1394.0,4012.0,1131.0,2019.0,10.0
2019-10-01,Norte,"Centro Hospitalar Tâmega e Sousa, EPE","41.2494561, -8.264901",20606.0,5876.0,14730.0,2458.0,2019.0,10.0
2019-10-01,Norte,"Centro Hospitalar Vila Nova de Gaia/Espinho, EPE","41.1094138, -8.5972617",19143.0,6255.0,12888.0,2501.0,2019.0,10.0
2019-10-01,Norte,"Unidade Local de Saúde de Matosinhos, EPE","41.1794456, -8.6745115",11772.0,3175.0,8597.0,1478.0,2019.0,10.0
2019-11-01,Alentejo,"Unidade Local de Saúde do Litoral Alentejano, EPE","38.0162314, -8.6956768",3562.0,800.0,2762.0,654.0,2019.0,11.0
2019-11-01,Centro,"Centro Hospitalar e Universitário de Coimbra, EPE","40.2191523, -8.4098211",31714.0,12292.0,19422.0,6709.0,2019.0,11.0
2019-11-01,Centro,"Instituto Português Oncologia de Coimbra, EPE","40.2162514, -8.4103814",4285.0,2560.0,1725.0,154.0,2019.0,11.0
2019-11-01,Lisboa e Vale do Tejo,"Centro Hospitalar Universitário Lisboa Central, EPE","38.7166948, -9.1371248",28289.0,11645.0,16644.0,6673.0,2019.0,11.0
2019-11-01,Lisboa e Vale do Tejo,"Hospital Professor Doutor Fernando Fonseca, EPE","38.7422257, -9.2264834",14328.0,4510.0,9818.0,2137.0,2019.0,11.0
2019-11-01,Norte,"Centro Hospitalar do Médio Ave, EPE","41.3423984, -8.4802503",6045.0,1563.0,4482.0,1230.0,2019.0,11.0
2019-11-01,Norte,"Centro Hospitalar Universitário do Porto, EPE","41.1472498, -8.6172617",32044.0,10955.0,21089.0,5002.0,2019.0,11.0
2019-11-01,Norte,"Centro Hospitalar Tâmega e Sousa, EPE","41.2494561, -8.264901",22747.0,6443.0,16304.0,2684.0,2019.0,11.0
2019-11-01,Norte,"Hospital Santa Maria Maior, EPE","41.5324234, -8.6171561",5438.0,1417.0,4021.0,145.0,2019.0,11.0
2019-11-01,Norte,"Unidade Local de Saúde do Alto Minho, EPE","41.7056054, -8.8252713",11529.0,3846.0,7683.0,2124.0,2019.0,11.0
2019-12-01,Centro,"Centro Hospitalar do Baixo Vouga, EPE","40.6362453, -8.6543716",11635.0,4046.0,7589.0,2335.0,2019.0,12.0
2019-12-01,Centro,"Unidade Local de Saúde da Guarda, EPE","40.5309916, -7.2734793",5910.0,1693.0,4217.0,796.0,2019.0,12.0
2019-12-01,Lisboa e Vale do Tejo,"Centro Hospitalar Universitário Lisboa Central, EPE","38.7166948, -9.1371248",28529.0,11938.0,16591.0,8218.0,2019.0,12.0
2019-12-01,Lisboa e Vale do Tejo,"Hospital de Loures, PPP","38.821455, -9.176296",12951.0,3220.0,9731.0,2655.0,2019.0,12.0
2019-12-01,Norte,"Centro Hospitalar Tâmega e Sousa, EPE","41.2494561, -8.264901",24622.0,6982.0,17640.0,2936.0,2019.0,12.0
2019-12-01,Norte,"Instituto Português Oncologia do Porto, EPE","41.1785642, -8.6062881",11964.0,5830.0,6134.0,612.0,2019.0,12.0
2019-12-01,Norte,"Unidade Local de Saúde do Alto Minho, EPE","41.7056054, -8.8252713",12525.0,4136.0,8389.0,2302.0,2019.0,12.0
2020-01-01,Alentejo,"Hospital Espírito Santo de Évora, EPE","38.5684861, -7.9032848",1502.0,481.0,1021.0,161.0,2020.0,1.0
2020-01-01,Algarve,"Centro Hospitalar Universitário do Algarve,EPE","37.0238973, -7.9281554",1039.0,397.0,642.0,353.0,2020.0,1.0
2020-01-01,Centro,"Centro Hospitalar do Baixo Vouga, EPE","40.6362453, -8.6543716",991.0,366.0,625.0,210.0,2020.0,1.0
2020-01-01,Centro,"Instituto Português Oncologia de Coimbra, EPE","40.2162514, -8.4103814",414.0,244.0,170.0,14.0,2020.0,1.0
2020-01-01,Lisboa e Vale do Tejo,"Centro Hospitalar de Setúbal, EPE","38.5283754, -8.8818638",1061.0,290.0,771.0,84.0,2020.0,1.0
2020-01-01,Lisboa e Vale do Tejo,"Hospital de Loures, PPP","38.821455, -9.176296",1225.0,288.0,937.0,211.0,2020.0,1.0
2020-01-01,Norte,"Centro Hospitalar do Médio Ave, EPE","41.3423984, -8.4802503",649.0,167.0,482.0,103.0,2020.0,1.0
2020-01-01,Norte,"Hospital de Braga, EPE","41.56785, -8.398982",2022.0,633.0,1389.0,292.0,2020.0,1.0
2020-01-01,Norte,"Instituto Português Oncologia do Porto, EPE","41.1785642, -8.6062881",1090.0,563.0,527.0,42.0,2020.0,1.0
2020-02-01,Centro,"Unidade Local de Saúde de Castelo Branco, EPE","39.8212263, -7.4981271",920.0,392.0,528.0,146.0,2020.0,2.0
2020-02-01,Lisboa e Vale do Tejo,"Centro Hospitalar de Setúbal, EPE","38.5283754, -8.8818638",2136.0,535.0,1601.0,228.0,2020.0,2.0
2020-02-01,Lisboa e Vale do Tejo,"Hospital de Cascais, PPP","38.729006, -9.418267",1378.0,343.0,1035.0,343.0,2020.0,2.0
2020-02-01,Lisboa e Vale do Tejo,"Hospital de Vila Franca de Xira, PPP","38.977235, -8.984506",1710.0,490.0,1220.0,329.0,2020.0,2.0
2020-02-01,Lisboa e Vale do Tejo,"Hospital Garcia de Orta, EPE","38.6658713, -9.1822554",2877.0,832.0,2045.0,346.0,2020.0,2.0
2020-02-01,Lisboa e Vale do Tejo,Instituto Gama Pinto,"38.7218793, -9.144249",1309.0,,1309.0,,2020.0,2.0
2020-02-01,Norte,"Centro Hospitalar do Médio Ave, EPE","41.3423984, -8.4802503",1236.0,294.0,942.0,218.0,2020.0,2.0
2020-02-01,Norte,"Centro Hospitalar Universitário do Porto, EPE","41.1472498, -8.6172617",6546.0,2204.0,4342.0,834.0,2020.0,2.0
2020-02-01,Norte,"Centro Hospitalar Entre Douro e Vouga, EPE","40.9293884, -8.5458794",3172.0,921.0,2251.0,333.0,2020.0,2.0
2020-02-01,Norte,"Centro Hospitalar Trás-os-Montes e Alto Douro, EPE","41.3031784, -7.7515252",2373.0,869.0,1504.0,361.0,2020.0,2.0
2020-02-01,Norte,"Centro Hospitalar Vila Nova de Gaia/Espinho, EPE","41.1094138, -8.5972617",4462.0,1574.0,2888.0,492.0,2020.0,2.0
2020-02-01,Norte,"Hospital Santa Maria Maior, EPE","41.5324234, -8.6171561",969.0,231.0,738.0,33.0,2020.0,2.0
2020-02-01,Norte,"Unidade Local de Saúde de Matosinhos, EPE","41.1794456, -8.6745115",2648.0,484.0,2164.0,282.0,2020.0,2.0
2020-02-01,Norte,"Unidade Local de Saúde do Nordeste, EPE","41.8056532, -6.7888197",992.0,347.0,645.0,238.0,2020.0,2.0
2020-03-01,Centro,"Centro Hospitalar e Universitário de Coimbra, EPE","40.2191523, -8.4098211",7909.0,3404.0,4505.0,1579.0,2020.0,3.0
2020-03-01,Lisboa e Vale do Tejo,"Centro Hospitalar Barreiro/Montijo, EPE","38.6554005, -9.0592392",1667.0,665.0,1002.0,289.0,2020.0,3.0
2020-03-01,Lisboa e Vale do Tejo,"Hospital de Cascais, PPP","38.729006, -9.418267",1725.0,442.0,1283.0,484.0,2020.0,3.0
2020-03-01,Lisboa e Vale do Tejo,"Hospital de Vila Franca de Xira, PPP","38.977235, -8.984506",2252.0,646.0,1606.0,493.0,2020.0,3.0
2020-03-01,Norte,"Centro Hospitalar Universitário de São João, EPE","41.1831056, -8.6010558",10878.0,4516.0,6362.0,1236.0,2020.0,3.0
2020-03-01,Norte,"Centro Hospitalar do Médio Ave, EPE","41.3423984, -8.4802503",1558.0,378.0,1180.0,300.0,2020.0,3.0
2020-03-01,Norte,"Centro Hospitalar Trás-os-Montes e Alto Douro, EPE","41.3031784, -7.7515252",2966.0,1109.0,1857.0,528.0,2020.0,3.0
2020-04-01,Centro,"Instituto Português Oncologia de Coimbra, EPE","40.2162514, -8.4103814",1335.0,755.0,580.0,46.0,2020.0,4.0
2020-04-01,Centro,"Unidade Local de Saúde da Guarda, EPE","40.5309916, -7.2734793",921.0,403.0,518.0,247.0,2020.0,4.0
2020-04-01,Lisboa e Vale do Tejo,"Centro Hospitalar Universitário de Lisboa Norte, EPE","38.7500861, -9.1616116",8143.0,3030.0,5113.0,1711.0,2020.0,4.0
2020-04-01,Lisboa e Vale do Tejo,"Hospital de Cascais, PPP","38.729006, -9.418267",1827.0,475.0,1352.0,589.0,2020.0,4.0
2020-04-01,Lisboa e Vale do Tejo,"Hospital de Vila Franca de Xira, PPP","38.977235, -8.984506",2428.0,702.0,1726.0,612.0,2020.0,4.0
2020-04-01,Norte,"Centro Hospitalar Universitário do Porto, EPE","41.1472498, -8.6172617",8901.0,3117.0,5784.0,1501.0,2020.0,4.0
2020-04-01,Norte,"Centro Hospitalar Tâmega e Sousa, EPE","41.2494561, -8.264901",5813.0,1865.0,3948.0,889.0,2020.0,4.0
2020-04-01,Norte,"Centro Hospitalar Vila Nova de Gaia/Espinho, EPE","41.1094138, -8.5972617",5990.0,2226.0,3764.0,836.0,2020.0,4.0
2020-04-01,Norte,"Unidade Local de Saúde de Matosinhos, EPE","41.1794456, -8.6745115",3563.0,748.0,2815.0,530.0,2020.0,4.0
2020-05-01,Centro,"Centro Hospitalar Universitário Cova da Beira, EPE","40.2804158, -7.4922407",2004.0,746.0,1258.0,246.0,2020.0,5.0
2020-05-01,Centro,"Centro Hospitalar Tondela-Viseu, EPE","40.516364, -8.0827433",4627.0,1610.0,3017.0,1119.0,2020.0,5.0
2020-05-01,Centro,"Instituto Português Oncologia de Coimbra, EPE","40.2162514, -8.4103814",1695.0,979.0,716.0,60.0,2020.0,5.0
2020-05-01,Lisboa e Vale do Tejo,"Hospital de Cascais, PPP","38.729006, -9.418267",2213.0,579.0,1634.0,718.0,2020.0,5.0
2020-05-01,Norte,"Centro Hospitalar Universitário do Porto, EPE","41.1472498, -8.6172617",10272.0,3584.0,6688.0,1878.0,2020.0,5.0
2020-06-01,Centro,Hospital Dr. Francisco Zagalo,"40.8571967, -8.6318023",459.0,100.0,359.0,0.0,2020.0,6.0
2020-06-01,Lisboa e Vale do Tejo,"Centro Hospitalar de Setúbal, EPE","38.5283754, -8.8818638",3976.0,1164.0,2812.0,549.0,2020.0,6.0
2020-06-01,Lisboa e Vale do Tejo,"Centro Hospitalar do Oeste, EPE","39.4054629, -9.1258493",1710.0,733.0,977.0,901.0,2020.0,6.0
2020-06-01,Norte,"Centro Hospitalar Póvoa de Varzim/Vila do Conde, EPE","41.3828711, -8.7589945",2019.0,869.0,1150.0,454.0,2020.0,6.0
2020-06-01,Norte,"Hospital da Senhora da Oliveira, Guimarães, EPE","41.4387173, -8.3086907",4361.0,1783.0,2578.0,975.0,2020.0,6.0
2020-06-01,Norte,"Unidade Local de Saúde do Alto Minho, EPE","41.7056054, -8.8252713",3534.0,1372.0,2162.0,1052.0,2020.0,6.0
2020-06-01,Norte,"Unidade Local de Saúde do Nordeste, EPE","41.8056532, -6.7888197",1938.0,677.0,1261.0,621.0,2020.0,6.0
2020-07-01,Alentejo,"Unidade Local de Saúde do Litoral Alentejano, EPE","38.0162314, -8.6956768",1588.0,359.0,1229.0,436.0,2020.0,7.0
2020-07-01,Alentejo,"Unidade Local de Saúde do Norte Alentejano, EPE","39.3003425, -7.4263845",2193.0,917.0,1276.0,442.0,2020.0,7.0
2020-07-01,Algarve,"Centro Hospitalar Universitário do Algarve,EPE","37.0238973, -7.9281554",4461.0,1989.0,2472.0,2136.0,2020.0,7.0
2020-07-01,Centro,"Centro Hospitalar Universitário Cova da Beira, EPE","40.2804158, -7.4922407",2843.0,1022.0,1821.0,359.0,2020.0,7.0
2020-07-01,Centro,"Centro Hospitalar Tondela-Viseu, EPE","40.516364, -8.0827433",6431.0,2412.0,4019.0,1634.0,2020.0,7.0
2020-07-01,Lisboa e Vale do Tejo,"Centro Hospitalar de Lisboa Ocidental, EPE","38.708454, -9.216985",6860.0,2630.0,4230.0,1629.0,2020.0,7.0
2020-07-01,Lisboa e Vale do Tejo,"Centro Hospitalar Universitário de Lisboa Norte, EPE","38.7500861, -9.1616116",13143.0,5331.0,7812.0,3004.0,2020.0,7.0
2020-07-01,Lisboa e Vale do Tejo,"Hospital Professor Doutor Fernando Fonseca, EPE","38.7422257, -9.2264834",5171.0,1804.0,3367.0,1503.0,2020.0,7.0
2020-07-01,Lisboa e Vale do Tejo,"Hospital Garcia de Orta, EPE","38.6658713, -9.1822554",6390.0,1821.0,4569.0,1284.0,2020.0,7.0
2020-07-01,Norte,"Centro Hospitalar Póvoa de Varzim/Vila do Conde, EPE","41.3828711, -8.7589945",2386.0,1016.0,1370.0,540.0,2020.0,7.0
2020-07-01,Norte,"Unidade Local de Saúde de Matosinhos, EPE","41.1794456, -8.6745115",6057.0,1361.0,4696.0,882.0,2020.0,7.0
2020-08-01,Alentejo,"Unidade Local de Saúde do Litoral Alentejano, EPE","38.0162314, -8.6956768",1822.0,402.0,1420.0,494.0,2020.0,8.0
2020-08-01,Centro,"Centro Hospitalar do Baixo Vouga, EPE","40.6362453, -8.6543716",5558.0,2035.0,3523.0,1359.0,2020.0,8.0
2020-08-01,Centro,"Centro Hospitalar e Universitário de Coimbra, EPE","40.2191523, -8.4098211",14946.0,6610.0,8336.0,4088.0,2020.0,8.0
2020-08-01,Centro,"Centro Hospitalar Tondela-Viseu, EPE","40.516364, -8.0827433",7296.0,2752.0,4544.0,1888.0,2020.0,8.0
2020-08-01,Lisboa e Vale do Tejo,"Hospital Professor Doutor Fernando Fonseca, EPE","38.7422257, -9.2264834",6071.0,2209.0,3862.0,1738.0,2020.0,8.0
2020-08-01,Lisboa e Vale do Tejo,Instituto Gama Pinto,"38.7218793, -9.144249",3314.0,0.0,3314.0,0.0,2020.0,8.0
2020-08-01,Lisboa e Vale do Tejo,"Instituto Português Oncologia de Lisboa, EPE","38.7396768, -9.1634516",3440.0,2472.0,968.0,413.0,2020.0,8.0
2020-08-01,Norte,"Centro Hospitalar do Médio Ave, EPE","41.3423984, -8.4802503",2871.0,827.0,2044.0,856.0,2020.0,8.0
2020-08-01,Norte,"Centro Hospitalar Tâmega e Sousa, EPE","41.2494561, -8.264901",13293.0,4420.0,8873.0,1829.0,2020.0,8.0
2020-09-01,Alentejo,"Unidade Local de Saúde do Baixo Alentejo, EPE","38.014123, -7.8721227",1869.0,791.0,1078.0,887.0,2020.0,9.0
2020-09-01,Algarve,"Centro Hospitalar Universitário do Algarve,EPE","37.0238973, -7.9281554",6069.0,2658.0,3411.0,2662.0,2020.0,9.0
2020-09-01,Centro,"Centro Hospitalar Tondela-Viseu, EPE","40.516364, -8.0827433",8602.0,3193.0,5409.0,2132.0,2020.0,9.0
2020-09-01,Centro,"Hospital Distrital da Figueira da Foz, EPE","40.117897, -8.8586755",4981.0,1039.0,3942.0,614.0,2020.0,9.0
2020-09-01,Norte,"Centro Hospitalar Universitário de São João, EPE","41.1831056, -8.6010558",28279.0,11944.0,16335.0,3826.0,2020.0,9.0
2020-09-01,Norte,"Centro Hospitalar Trás-os-Montes e Alto Douro, EPE","41.3031784, -7.7515252",7303.0,2679.0,4624.0,1638.0,2020.0,9.0
2020-09-01,Norte,"Centro Hospitalar Vila Nova de Gaia/Espinho, EPE","41.1094138, -8.5972617",14492.0,5280.0,9212.0,1936.0,2020.0,9.0
2020-09-01,Norte,"Hospital da Senhora da Oliveira, Guimarães, EPE","41.4387173, -8.3086907",7486.0,3019.0,4467.0,1505.0,2020.0,9.0
2020-10-01,Alentejo,"Unidade Local de Saúde do Baixo Alentejo, EPE","38.014123, -7.8721227",2058.0,877.0,1181.0,985.0,2020.0,10.0
2020-10-01,Centro,"Centro Hospitalar Universitário Cova da Beira, EPE","40.2804158, -7.4922407",4243.0,1557.0,2686.0,568.0,2020.0,10.0
2020-10-01,Centro,"Centro Hospitalar de Leiria, EPE","39.7414812, -8.7982706",11190.0,2264.0,8926.0,1925.0,2020.0,10.0
2020-10-01,Centro,"Centro Hospitalar e Universitário de Coimbra, EPE","40.2191523, -8.4098211",20579.0,8805.0,11774.0,5167.0,2020.0,10.0
2020-10-01,Centro,"Centro Hospitalar Tondela-Viseu, EPE","40.516364, -8.0827433",10365.0,3714.0,6651.0,2397.0,2020.0,10.0
2020-10-01,Centro,"Instituto Português Oncologia de Coimbra, EPE","40.2162514, -8.4103814",3694.0,2164.0,1530.0,104.0,2020.0,10.0
2020-10-01,Lisboa e Vale do Tejo,"Centro Hospitalar do Oeste, EPE","39.4054629, -9.1258493",3027.0,1187.0,1840.0,1500.0,2020.0,10.0
2020-10-01,Lisboa e Vale do Tejo,"Hospital de Cascais, PPP","38.729006, -9.418267",6947.0,1572.0,5375.0,1519.0,2020.0,10.0
2020-10-01,Lisboa e Vale do Tejo,"Hospital Garcia de Orta, EPE","38.6658713, -9.1822554",10124.0,2577.0,7547.0,1748.0,2020.0,10.0
2020-10-01,Norte,"Centro Hospitalar do Médio Ave, EPE","41.3423984, -8.4802503",3957.0,1120.0,2837.0,1117.0,2020.0,10.0
2020-10-01,Norte,"Centro Hospitalar Trás-os-Montes e Alto Douro, EPE","41.3031784, -7.7515252",8402.0,3045.0,5357.0,1842.0,2020.0,10.0
2020-11-01,Algarve,"Centro Hospitalar Universitário do Algarve,EPE","37.0238973, -7.9281554",8044.0,3451.0,4593.0,3309.0,2020.0,11.0
2020-11-01,Centro,"Unidade Local de Saúde de Castelo Branco, EPE","39.8212263, -7.4981271",3700.0,1751.0,1949.0,859.0,2020.0,11.0
2020-11-01,Lisboa e Vale do Tejo,"Centro Hospitalar Universitário Lisboa Central, EPE","38.7166948, -9.1371248",22232.0,8905.0,13327.0,6708.0,2020.0,11.0
2020-11-01,Lisboa e Vale do Tejo,"Centro Hospitalar de Setúbal, EPE","38.5283754, -8.8818638",7884.0,2201.0,5683.0,1173.0,2020.0,11.0
2020-11-01,Lisboa e Vale do Tejo,"Hospital Professor Doutor Fernando Fonseca, EPE","38.7422257, -9.2264834",9629.0,3442.0,6187.0,2358.0,2020.0,11.0
2020-11-01,Norte,"Centro Hospitalar Entre Douro e Vouga, EPE","40.9293884, -8.5458794",14754.0,4290.0,10464.0,1970.0,2020.0,11.0
2020-11-01,Norte,"Centro Hospitalar Póvoa de Varzim/Vila do Conde, EPE","41.3828711, -8.7589945",3756.0,1623.0,2133.0,900.0,2020.0,11.0
2020-12-01,Alentejo,"Unidade Local de Saúde do Litoral Alentejano, EPE","38.0162314, -8.6956768",3390.0,725.0,2665.0,720.0,2020.0,12.0
2020-12-01,Centro,Hospital Dr. Francisco Zagalo,"40.8571967, -8.6318023",1182.0,243.0,939.0,,2020.0,12.0
