periodo,regiao,instituicao,localizacao_geografica,medicos_s_internos,medicos_internos,enfermeiros,tss,farmaceuticos,farmaceuticos_residentes,tdt,at,ao,tas,ao0,ts,informaticos,outros,total_geral,ano,mes
2014-12-01,Serviços Centrais,Ação Governativa,"38.7362218, -9.1463126",0.0,0.0,0.0,0.0,,,0.0,6.0,6.0,,,,,30.0,42.0,2014,12
2014-12-01,Serviços Centrais,"Administração Central do Sistema de Saúde, I.P.","38.7569402, -9.1494097",2.0,0.0,2.0,1.0,,,0.0,37.0,5.0,,,,,106.0,153.0,2014,12
2014-12-01,Alentejo,"Administração Regional de Saúde do Alentejo, I.P.","38.565715, -7.91162",112.0,22.0,179.0,18.0,,,26.0,185.0,99.0,,,,,87.0,728.0,2014,12
2015-03-01,Lisboa e Vale do Tejo,"Administração Regional de Saúde de Lisboa e Vale do Tejo, I.P.","38.748879, -9.139606",1756.0,706.0,2278.0,163.0,,,294.0,1805.0,726.0,,,,,392.0,8120.0,2015,3
2015-04-01,Lisboa e Vale do Tejo,"Administração Regional de Saúde de Lisboa e Vale do Tejo, I.P.","38.748879, -9.139606",1764.0,692.0,2279.0,163.0,,,294.0,1800.0,767.0,,,,,386.0,8145.0,2015,4
2015-04-01,Serviços Centrais,"Infarmed - Autoridade Nacional do Medicamento e Produtos de Saúde, I.P.","38.7582532, -9.1502867",1.0,0.0,0.0,7.0,,,2.0,80.0,6.0,,,,,250.0,346.0,2015,4
2015-05-01,Algarve,"Administração Regional de Saúde do Algarve, I.P.","37.027122, -7.946842",221.0,84.0,410.0,37.0,,,136.0,306.0,253.0,,,,,112.0,1559.0,2015,5
2015-05-01,Serviços Centrais,"Infarmed - Autoridade Nacional do Medicamento e Produtos de Saúde, I.P.","38.7582532, -9.1502867",1.0,0.0,0.0,7.0,,,2.0,81.0,6.0,,,,,262.0,359.0,2015,5
2015-06-01,Alentejo,"Administração Regional de Saúde do Alentejo, I.P.","38.565715, -7.91162",110.0,28.0,186.0,18.0,,,24.0,179.0,98.0,,,,,84.0,727.0,2015,6
2015-08-01,Serviços Centrais,Ação Governativa,"38.7362218, -9.1463126",0.0,0.0,0.0,0.0,,,0.0,6.0,6.0,,,,,30.0,42.0,2015,8
2015-08-01,Algarve,"Administração Regional de Saúde do Algarve, I.P.","37.027122, -7.946842",221.0,84.0,415.0,36.0,,,134.0,310.0,247.0,,,,,109.0,1556.0,2015,8
2015-08-01,Centro,"Administração Regional de Saúde do Centro, I.P.","40.203782, -8.419176",903.0,333.0,1140.0,74.0,,,151.0,999.0,525.0,,,,,235.0,4360.0,2015,8
2015-10-01,Serviços Centrais,"Administração Central do Sistema de Saúde, I.P.","38.7569402, -9.1494097",3.0,0.0,2.0,1.0,,,0.0,36.0,5.0,,,,,124.0,171.0,2015,10
2015-11-01,Centro,"Administração Regional de Saúde do Centro, I.P.","40.203782, -8.419176",934.0,291.0,1141.0,74.0,,,151.0,1014.0,509.0,,,,,235.0,4349.0,2015,11
2015-12-01,Serviços Centrais,Ação Governativa,"38.7362218, -9.1463126",0.0,0.0,0.0,0.0,,,0.0,6.0,6.0,,,,,25.0,37.0,2015,12
2016-01-01,Alentejo,"Administração Regional de Saúde do Alentejo, I.P.","38.565715, -7.91162",114.0,35.0,191.0,18.0,,,23.0,182.0,99.0,,,,,85.0,747.0,2016,1
2016-01-01,Norte,"Administração Regional de Saúde do Norte, I.P.","41.157454, -8.604431",1886.0,909.0,2620.0,138.0,,,194.0,1914.0,869.0,,,,,421.0,8951.0,2016,1
2016-02-01,Lisboa e Vale do Tejo,"Administração Regional de Saúde de Lisboa e Vale do Tejo, I.P.","38.748879, -9.139606",1799.0,734.0,2434.0,164.0,,,297.0,1791.0,752.0,,,,,390.0,8361.0,2016,2
2016-03-01,Algarve,"Administração Regional de Saúde do Algarve, I.P.","37.027122, -7.946842",231.0,94.0,418.0,35.0,,,144.0,315.0,240.0,,,,,105.0,1582.0,2016,3
2016-03-01,Centro,"Administração Regional de Saúde do Centro, I.P.","40.203782, -8.419176",937.0,351.0,1194.0,74.0,,,151.0,1021.0,500.0,,,,,236.0,4464.0,2016,3
2016-03-01,Lisboa e Vale do Tejo,"Administração Regional de Saúde de Lisboa e Vale do Tejo, I.P.","38.748879, -9.139606",1791.0,730.0,2443.0,165.0,,,296.0,1793.0,752.0,,,,,389.0,8359.0,2016,3
2016-04-01,Serviços Centrais,"Administração Central do Sistema de Saúde, I.P.","38.7569402, -9.1494097",3.0,0.0,2.0,1.0,,,0.0,33.0,6.0,,,,,148.0,193.0,2016,4
2016-04-01,Norte,"Administração Regional de Saúde do Norte, I.P.","41.157454, -8.604431",1925.0,858.0,2632.0,138.0,,,193.0,1937.0,838.0,,,,,421.0,8942.0,2016,4
2016-05-01,Serviços Centrais,Ação Governativa,"38.7362218, -9.1463126",0.0,0.0,0.0,0.0,,,0.0,6.0,6.0,,,,,30.0,42.0,2016,5
2016-06-01,Alentejo,"Administração Regional de Saúde do Alentejo, I.P.","38.565715, -7.91162",115.0,30.0,189.0,18.0,,,23.0,181.0,96.0,,,,,90.0,742.0,2016,6
2016-07-01,Alentejo,"Administração Regional de Saúde do Alentejo, I.P.","38.565715, -7.91162",115.0,30.0,189.0,18.0,,,23.0,182.0,96.0,,,,,90.0,743.0,2016,7
2016-08-01,Alentejo,"Administração Regional de Saúde do Alentejo, I.P.","38.565715, -7.91162",116.0,29.0,188.0,18.0,,,23.0,182.0,96.0,,,,,90.0,742.0,2016,8
2016-08-01,Centro,"Administração Regional de Saúde do Centro, I.P.","40.203782, -8.419176",977.0,307.0,1227.0,73.0,,,149.0,1024.0,493.0,,,,,235.0,4485.0,2016,8
2016-08-01,Norte,"Administração Regional de Saúde do Norte, I.P.","41.157454, -8.604431",1950.0,776.0,2647.0,137.0,,,191.0,1929.0,827.0,,,,,426.0,8883.0,2016,8
2016-09-01,Lisboa e Vale do Tejo,"Administração Regional de Saúde de Lisboa e Vale do Tejo, I.P.","38.748879, -9.139606",1895.0,649.0,2460.0,165.0,,,299.0,1767.0,731.0,,,,,392.0,8358.0,2016,9
2016-09-01,Norte,"Administração Regional de Saúde do Norte, I.P.","41.157454, -8.604431",1967.0,754.0,2648.0,136.0,,,191.0,1932.0,822.0,,,,,427.0,8877.0,2016,9
2016-11-01,Alentejo,"Administração Regional de Saúde do Alentejo, I.P.","38.565715, -7.91162",115.0,28.0,189.0,18.0,,,24.0,181.0,95.0,,,,,88.0,738.0,2016,11
2016-12-01,Centro,"Administração Regional de Saúde do Centro, I.P.","40.203782, -8.419176",971.0,299.0,1234.0,74.0,,,150.0,1023.0,485.0,,,,,231.0,4467.0,2016,12
2017-01-01,Serviços Centrais,"Administração Central do Sistema de Saúde, I.P.","38.7569402, -9.1494097",3.0,0.0,3.0,1.0,,,0.0,34.0,6.0,,,,,145.0,192.0,2017,1
2017-01-01,Lisboa e Vale do Tejo,"Administração Regional de Saúde de Lisboa e Vale do Tejo, I.P.","38.748879, -9.139606",1920.0,778.0,2473.0,165.0,,,299.0,1912.0,649.0,,,,,396.0,8592.0,2017,1
2017-03-01,Algarve,"Administração Regional de Saúde do Algarve, I.P.","37.027122, -7.946842",253.0,97.0,443.0,34.0,,,141.0,318.0,233.0,,,,,115.0,1634.0,2017,3
2017-03-01,Norte,"Administração Regional de Saúde do Norte, I.P.","41.157454, -8.604431",1969.0,863.0,2687.0,135.0,,,190.0,1968.0,810.0,,,,,432.0,9054.0,2017,3
2017-04-01,Serviços Centrais,"Administração Central do Sistema de Saúde, I.P.","38.7569402, -9.1494097",2.0,0.0,4.0,1.0,,,0.0,33.0,6.0,,,,,144.0,190.0,2017,4
2017-06-01,Algarve,"Administração Regional de Saúde do Algarve, I.P.","37.027122, -7.946842",251.0,99.0,444.0,34.0,,,140.0,317.0,232.0,,,,,114.0,1631.0,2017,6
2017-06-01,Serviços Centrais,"Administração Central do Sistema de Saúde, I.P.","38.7569402, -9.1494097",2.0,0.0,3.0,1.0,,,0.0,34.0,6.0,,,,,146.0,192.0,2017,6
2017-07-01,Centro,"Administração Regional de Saúde do Centro, I.P.","40.203782, -8.419176",970.0,389.0,1239.0,72.0,,,150.0,1027.0,482.0,,,,,239.0,4568.0,2017,7
2017-08-01,Serviços Centrais,"Administração Central do Sistema de Saúde, I.P.","38.7569402, -9.1494097",2.0,0.0,3.0,1.0,,,0.0,34.0,5.0,,,,,146.0,191.0,2017,8
2017-09-01,Serviços Centrais,Ação Governativa,"38.7362218, -9.1463126",0.0,0.0,0.0,0.0,,,0.0,6.0,6.0,,,,,22.0,34.0,2017,9
2017-09-01,Norte,"Administração Regional de Saúde do Norte, I.P.","41.157454, -8.604431",1950.0,849.0,2733.0,152.0,,,193.0,1980.0,779.0,,,,,428.0,9064.0,2017,9
2017-10-01,Centro,"Administração Regional de Saúde do Centro, I.P.","40.203782, -8.419176",966.0,384.0,1235.0,71.0,,,150.0,1022.0,483.0,,,,,239.0,4550.0,2017,10
2017-11-01,Centro,"Administração Regional de Saúde do Centro, I.P.","40.203782, -8.419176",977.0,342.0,1237.0,71.0,,,150.0,1020.0,483.0,,,,,238.0,4518.0,2017,11
2018-01-01,Centro,"Administração Regional de Saúde do Centro, I.P.","40.203782, -8.419176",970.0,436.0,1275.0,72.0,,,150.0,1021.0,469.0,,,207.0,19.0,19.0,4638.0,2018,1
2018-01-01,Lisboa e Vale do Tejo,"Centro Hospitalar do Oeste, E.P.E.","39.4054629, -9.1258493",159.0,116.0,557.0,15.0,,,112.0,187.0,309.0,,,24.0,7.0,12.0,1498.0,2018,1
2018-01-01,Norte,"Centro Hospitalar de Entre o Douro e Vouga, E.P.E.","40.9293884, -8.5458794",263.0,166.0,657.0,17.0,,,121.0,166.0,598.0,,,38.0,10.0,10.0,2046.0,2018,1
2018-01-01,Norte,"Centro Hospitalar de Trás-os-Montes e Alto Douro, E.P.E.","41.3031784, -7.7515252",295.0,201.0,959.0,27.0,,,165.0,219.0,608.0,,,45.0,18.0,11.0,2548.0,2018,1
2018-01-01,Norte,"Centro Hospitalar de Vila Nova de Gaia/Espinho, E.P.E.","41.1094138, -8.5972617",516.0,368.0,1130.0,31.0,,,184.0,275.0,789.0,,,58.0,14.0,19.0,3384.0,2018,1
2018-01-01,Centro,Centro Medicina de Reabilitação da Região Centro - Rovisco Pais,"40.297919, -8.7707806",14.0,12.0,71.0,1.0,,,17.0,18.0,31.0,,,4.0,3.0,4.0,175.0,2018,1
2018-01-01,Norte,"Hospital da Senhora da Oliveira - Guimarães, E.P.E.","41.4387173, -8.3086907",252.0,180.0,628.0,11.0,,,98.0,123.0,297.0,,,32.0,4.0,11.0,1636.0,2018,1
2018-01-01,Norte,"Hospital de Magalhães Lemos, E.P.E.","41.1764649, -8.6649823",35.0,23.0,136.0,13.0,,,9.0,28.0,125.0,,,15.0,2.0,8.0,394.0,2018,1
2018-01-01,Alentejo,"Hospital do Espírito Santo de Évora, E.P.E.","38.5684861, -7.9032848",196.0,128.0,512.0,4.0,,,126.0,150.0,337.0,,,35.0,7.0,25.0,1520.0,2018,1
2018-01-01,Lisboa e Vale do Tejo,"Hospital Garcia de Orta, E.P.E.","38.6658713, -9.1822554",385.0,227.0,948.0,11.0,,,195.0,223.0,597.0,,,65.0,10.0,27.0,2688.0,2018,1
2018-01-01,Serviços Centrais,"Serviços Partilhados do Ministério da Saúde, E.P.E.","38.739767, -9.1489431",0.0,0.0,0.0,0.0,,,0.0,56.0,10.0,,,160.0,21.0,29.0,276.0,2018,1
2018-01-01,Norte,"Unidade Local de Saúde Alto Minho, E.P.E.","41.7056054, -8.8252713",393.0,197.0,932.0,35.0,,,106.0,347.0,470.0,,,61.0,10.0,15.0,2566.0,2018,1
2018-02-01,Serviços Centrais,Ação Governativa,"38.7362218, -9.1463126",0.0,0.0,0.0,0.0,,,0.0,6.0,7.0,,,,1.0,25.0,39.0,2018,2
2018-02-01,Serviços Centrais,"Infarmed - Autoridade Nacional do Medicamento e Produtos de Saúde, I.P.","38.7582532, -9.1502867",0.0,0.0,0.0,9.0,,,2.0,77.0,6.0,,,229.0,3.0,34.0,360.0,2018,2
2018-02-01,Centro,"Centro Hospitalar de Leiria, E.P.E.","39.7414812, -8.7982706",226.0,156.0,800.0,23.0,,,120.0,162.0,508.0,,,30.0,9.0,10.0,2044.0,2018,2
2018-02-01,Lisboa e Vale do Tejo,"Centro Hospitalar de Setúbal, E.P.E.","38.5283754, -8.8818638",229.0,163.0,741.0,9.0,,,158.0,210.0,618.0,,,48.0,7.0,22.0,2205.0,2018,2
2018-02-01,Norte,"Centro Hospitalar do Médio Ave, E.P.E.","41.3423984, -8.4802503",169.0,60.0,383.0,12.0,,,77.0,109.0,255.0,,,14.0,3.0,15.0,1097.0,2018,2
2018-02-01,Norte,"Hospital de Magalhães Lemos, E.P.E.","41.1764649, -8.6649823",35.0,23.0,135.0,13.0,,,8.0,28.0,125.0,,,16.0,2.0,8.0,393.0,2018,2
2018-02-01,Serviços Centrais,"Instituto Nacional de Emergência Médica, I.P.","38.7313954, -9.1447467",7.0,0.0,176.0,0.0,,,0.0,85.0,8.0,,,60.0,8.0,954.0,1298.0,2018,2
2018-02-01,Centro,"Instituto Português Oncologia Francisco Gentil - Coimbra, E.P.E.","40.2162514, -8.4103814",143.0,48.0,269.0,27.0,,,93.0,125.0,254.0,,,27.0,5.0,11.0,1002.0,2018,2
2018-02-01,Serviços Centrais,Serviço de Intervenção nos Comportamentos Aditivos e nas Dependências,"38.7653399, -9.1611815",1.0,0.0,0.0,3.0,,,0.0,41.0,3.0,,,60.0,7.0,42.0,157.0,2018,2
2018-02-01,Norte,"Unidade Local de Saúde Matosinhos, E.P.E.","41.1794456, -8.6745115",406.0,257.0,784.0,9.0,,,128.0,284.0,379.0,,,54.0,12.0,29.0,2342.0,2018,2
2018-03-01,Lisboa e Vale do Tejo,"Administração Regional de Saúde de Lisboa e Vale do Tejo, I.P.","38.748879, -9.139606",2006.0,833.0,2684.0,163.0,,,304.0,1860.0,643.0,,,351.0,33.0,40.0,8917.0,2018,3
2018-03-01,Lisboa e Vale do Tejo,"Centro Hospitalar Barreiro Montijo, E.P.E.","38.6554005, -9.0592392",184.0,111.0,627.0,11.0,,,155.0,166.0,422.0,,,36.0,8.0,15.0,1735.0,2018,3
2018-03-01,Centro,"Centro Hospitalar de Leiria, E.P.E.","39.7414812, -8.7982706",225.0,155.0,792.0,23.0,,,120.0,162.0,503.0,,,30.0,8.0,10.0,2028.0,2018,3
2018-03-01,Centro,"Centro Hospitalar do Baixo Vouga, E.P.E.","40.6362453, -8.6543716",256.0,138.0,698.0,18.0,,,117.0,138.0,366.0,,,21.0,5.0,16.0,1773.0,2018,3
2018-03-01,Norte,"Centro Hospitalar de Trás-os-Montes e Alto Douro, E.P.E.","41.3031784, -7.7515252",294.0,197.0,959.0,27.0,,,163.0,219.0,606.0,,,42.0,18.0,14.0,2539.0,2018,3
2018-03-01,Norte,"Hospital da Senhora da Oliveira - Guimarães, E.P.E.","41.4387173, -8.3086907",252.0,180.0,628.0,11.0,,,98.0,123.0,301.0,,,32.0,4.0,11.0,1640.0,2018,3
2018-03-01,Norte,"Hospital de Magalhães Lemos, E.P.E.","41.1764649, -8.6649823",35.0,23.0,135.0,13.0,,,8.0,28.0,123.0,,,16.0,2.0,8.0,391.0,2018,3
2018-03-01,Centro,Hospital Doutor Francisco Zagalo - Ovar,"40.8571967, -8.6318023",11.0,0.0,49.0,0.0,,,11.0,17.0,27.0,,,4.0,0.0,3.0,122.0,2018,3
2018-03-01,Lisboa e Vale do Tejo,"Hospital Professor Doutor Fernando Fonseca, E.P.E.","38.7422257, -9.2264834",393.0,278.0,990.0,37.0,,,207.0,274.0,685.0,,,52.0,10.0,32.0,2958.0,2018,3
2018-03-01,Serviços Centrais,"Instituto Nacional de Emergência Médica, I.P.","38.7313954, -9.1447467",7.0,0.0,176.0,0.0,,,0.0,85.0,8.0,,,58.0,8.0,954.0,1296.0,2018,3
2018-03-01,Lisboa e Vale do Tejo,"Instituto Português Oncologia Francisco Gentil - Lisboa, E.P.E.","38.7396768, -9.1634516",259.0,108.0,531.0,20.0,,,182.0,228.0,398.0,,,104.0,12.0,31.0,1873.0,2018,3
2018-03-01,Norte,"Unidade Local de Saúde Matosinhos, E.P.E.","41.1794456, -8.6745115",407.0,256.0,778.0,18.0,,,128.0,283.0,376.0,,,46.0,12.0,29.0,2333.0,2018,3
2018-04-01,Serviços Centrais,"Administração Central do Sistema de Saúde, I.P.","38.7569402, -9.1494097",1.0,0.0,4.0,1.0,,,0.0,33.0,6.0,,,112.0,5.0,26.0,188.0,2018,4
2018-04-01,Algarve,"Administração Regional de Saúde do Algarve, I.P.","37.027122, -7.946842",262.0,95.0,462.0,33.0,,,101.0,310.0,184.0,,,88.0,9.0,11.0,1555.0,2018,4
2018-04-01,Lisboa e Vale do Tejo,"Administração Regional de Saúde de Lisboa e Vale do Tejo, I.P.","38.748879, -9.139606",2011.0,819.0,2750.0,164.0,,,305.0,1863.0,641.0,,,351.0,33.0,40.0,8977.0,2018,4
2018-04-01,Centro,"Centro Hospitalar Universitário Cova da Beira, E.P.E.","40.2804158, -7.4922407",115.0,88.0,377.0,10.0,,,92.0,162.0,291.0,,,62.0,9.0,9.0,1215.0,2018,4
2018-04-01,Centro,"Centro Hospitalar do Baixo Vouga, E.P.E.","40.6362453, -8.6543716",256.0,137.0,698.0,18.0,,,117.0,138.0,365.0,,,21.0,5.0,17.0,1772.0,2018,4
2018-04-01,Norte,"Centro Hospitalar Póvoa de Varzim/Vila do Conde, E.P.E.","41.3828711, -8.7589945",101.0,36.0,239.0,6.0,,,34.0,73.0,153.0,,,31.0,5.0,7.0,685.0,2018,4
2018-04-01,Norte,"Hospital de Magalhães Lemos, E.P.E.","41.1764649, -8.6649823",35.0,23.0,135.0,13.0,,,8.0,28.0,123.0,,,16.0,2.0,8.0,391.0,2018,4
2018-04-01,Lisboa e Vale do Tejo,Instituto de Oftalmologia Gama Pinto,"38.7218793, -9.144249",30.0,8.0,23.0,1.0,,,10.0,17.0,14.0,,,4.0,1.0,7.0,115.0,2018,4
2018-04-01,Serviços Centrais,Serviço de Intervenção nos Comportamentos Aditivos e nas Dependências,"38.7653399, -9.1611815",1.0,0.0,0.0,2.0,,,0.0,41.0,3.0,,,62.0,7.0,40.0,156.0,2018,4
2018-04-01,Alentejo,"Unidade Local de Saúde Baixo Alentejo, E.P.E.","38.014123, -7.8721227",154.0,69.0,556.0,30.0,,,128.0,243.0,393.0,,,46.0,17.0,19.0,1655.0,2018,4
2018-05-01,Centro,"Centro Hospitalar Universitário Cova da Beira, E.P.E.","40.2804158, -7.4922407",120.0,83.0,376.0,10.0,,,92.0,163.0,291.0,,,62.0,9.0,9.0,1215.0,2018,5
2018-05-01,Centro,"Centro Hospitalar de Leiria, E.P.E.","39.7414812, -8.7982706",226.0,155.0,787.0,22.0,,,122.0,161.0,505.0,,,31.0,8.0,10.0,2027.0,2018,5
2018-05-01,Lisboa e Vale do Tejo,"Centro Hospitalar Universitário Lisboa Central, E.P.E.","38.7166948, -9.1371248",1044.0,646.0,2425.0,60.0,,,629.0,706.0,1762.0,,,136.0,27.0,49.0,7484.0,2018,5
2018-05-01,Norte,"Centro Hospitalar Universitário de S. João, E.P.E.","41.1831056, -8.6010558",891.0,590.0,2137.0,34.0,,,336.0,401.0,1129.0,,,160.0,22.0,42.0,5742.0,2018,5
2018-05-01,Lisboa e Vale do Tejo,"Centro Hospitalar Universitário de Lisboa Norte, E.P.E.","38.7500861, -9.1616116",831.0,679.0,1838.0,76.0,,,500.0,620.0,1446.0,,,170.0,26.0,63.0,6249.0,2018,5
2018-05-01,Lisboa e Vale do Tejo,Centro Hospitalar Psiquiátrico de Lisboa,"38.7569771, -9.1460705",58.0,45.0,156.0,46.0,,,25.0,49.0,130.0,,,23.0,3.0,12.0,547.0,2018,5
2018-05-01,Norte,"Hospital de Magalhães Lemos, E.P.E.","41.1764649, -8.6649823",34.0,22.0,134.0,13.0,,,8.0,28.0,121.0,,,16.0,3.0,8.0,387.0,2018,5
2018-05-01,Centro,Hospital Doutor Francisco Zagalo - Ovar,"40.8571967, -8.6318023",12.0,0.0,50.0,0.0,,,11.0,17.0,27.0,,,4.0,0.0,3.0,124.0,2018,5
2018-05-01,Serviços Centrais,"Instituto Nacional de Emergência Médica, I.P.","38.7313954, -9.1447467",7.0,0.0,178.0,0.0,,,0.0,84.0,8.0,,,56.0,8.0,1045.0,1386.0,2018,5
2018-05-01,Lisboa e Vale do Tejo,"Instituto Português Oncologia Francisco Gentil - Lisboa, E.P.E.","38.7396768, -9.1634516",260.0,106.0,532.0,20.0,,,180.0,228.0,398.0,,,105.0,12.0,35.0,1876.0,2018,5
2018-05-01,Norte,"Instituto Português Oncologia Francisco Gentil - Porto, E.P.E.","41.1785642, -8.6062881",287.0,94.0,709.0,69.0,,,180.0,206.0,494.0,,,64.0,12.0,16.0,2131.0,2018,5
2018-05-01,Serviços Centrais,Secretaria Geral do Ministério da Saúde,"38.7362218, -9.1463126",0.0,0.0,0.0,0.0,,,0.0,9.0,15.0,,,23.0,1.0,7.0,55.0,2018,5
2018-05-01,Alentejo,"Unidade Local de Saúde Baixo Alentejo, E.P.E.","38.014123, -7.8721227",153.0,69.0,557.0,30.0,,,127.0,241.0,394.0,,,46.0,17.0,19.0,1653.0,2018,5
2018-05-01,Alentejo,"Unidade Local de Saúde Litoral Alentejano, E.P.E.","38.0162314, -8.6956768",91.0,41.0,345.0,6.0,,,73.0,150.0,194.0,,,16.0,5.0,14.0,935.0,2018,5
2018-06-01,Alentejo,"Administração Regional de Saúde do Alentejo, I.P.","38.565715, -7.91162",115.0,40.0,210.0,16.0,,,26.0,175.0,81.0,,,63.0,9.0,13.0,748.0,2018,6
2018-06-01,Lisboa e Vale do Tejo,"Administração Regional de Saúde de Lisboa e Vale do Tejo, I.P.","38.748879, -9.139606",2014.0,799.0,2757.0,164.0,,,303.0,1861.0,637.0,,,353.0,32.0,41.0,8961.0,2018,6
2018-06-01,Lisboa e Vale do Tejo,"Centro Hospitalar Barreiro Montijo, E.P.E.","38.6554005, -9.0592392",183.0,102.0,620.0,10.0,,,155.0,168.0,422.0,,,34.0,8.0,22.0,1724.0,2018,6
2018-06-01,Centro,"Centro Hospitalar de Leiria, E.P.E.","39.7414812, -8.7982706",228.0,149.0,793.0,22.0,,,123.0,161.0,505.0,,,32.0,8.0,9.0,2030.0,2018,6
2018-06-01,Lisboa e Vale do Tejo,"Centro Hospitalar de Setúbal, E.P.E.","38.5283754, -8.8818638",230.0,155.0,726.0,9.0,,,159.0,209.0,611.0,,,46.0,7.0,26.0,2178.0,2018,6
2018-06-01,Lisboa e Vale do Tejo,"Centro Hospitalar do Oeste, E.P.E.","39.4054629, -9.1258493",169.0,102.0,569.0,19.0,,,112.0,205.0,401.0,,,27.0,7.0,12.0,1623.0,2018,6
2018-06-01,Centro,"Centro Hospitalar e Universitário de Coimbra, E.P.E.","40.2191523, -8.4098211",999.0,708.0,2860.0,117.0,,,487.0,699.0,1651.0,,,133.0,28.0,55.0,7737.0,2018,6
2018-06-01,Centro,"Centro Hospitalar Tondela-Viseu, E.P.E.","40.516364, -8.0827433",330.0,216.0,853.0,21.0,,,157.0,221.0,509.0,,,25.0,7.0,18.0,2357.0,2018,6
2018-06-01,Norte,"Centro Hospitalar de Trás-os-Montes e Alto Douro, E.P.E.","41.3031784, -7.7515252",306.0,187.0,966.0,27.0,,,162.0,219.0,604.0,,,42.0,18.0,14.0,2545.0,2018,6
2018-06-01,Algarve,"Centro Hospitalar Universitário do Algarve, E.P.E.","37.0238973, -7.9281554",454.0,295.0,1552.0,21.0,,,323.0,496.0,1022.0,,,149.0,22.0,33.0,4367.0,2018,6
2018-06-01,Lisboa e Vale do Tejo,"Hospital Garcia de Orta, E.P.E.","38.6658713, -9.1822554",390.0,208.0,930.0,11.0,,,196.0,227.0,597.0,,,67.0,10.0,31.0,2667.0,2018,6
2018-06-01,Serviços Centrais,Inspeção-Geral das Atividades em Saúde,"41.1764649, -8.6649823",0.0,0.0,0.0,0.0,,,0.0,17.0,4.0,,,6.0,2.0,50.0,79.0,2018,6
2018-06-01,Norte,"Unidade Local de Saúde Alto Minho, E.P.E.","41.7056054, -8.8252713",403.0,188.0,927.0,35.0,,,107.0,346.0,459.0,,,61.0,10.0,18.0,2554.0,2018,6
2018-06-01,Norte,"Unidade Local de Saúde Nordeste, E.P.E.","41.8056532, -6.7888197",201.0,102.0,636.0,21.0,,,128.0,270.0,406.0,,,56.0,15.0,9.0,1844.0,2018,6
2018-06-01,Alentejo,"Unidade Local de Saúde Norte Alentejano, E.P.E.","39.3003425, -7.4263845",153.0,52.0,551.0,6.0,,,115.0,242.0,365.0,,,41.0,9.0,26.0,1560.0,2018,6
2015-01-01,Centro,"Centro Hospitalar de Leiria, E.P.E.","39.7414812, -8.7982706",188.0,134.0,681.0,20.0,,,107.0,154.0,485.0,,,,,46.0,1815.0,2015,1
2015-01-01,Norte,"Centro Hospitalar Universitário de S. João, E.P.E.","41.1831056, -8.6010558",807.0,599.0,2001.0,36.0,,,318.0,393.0,1080.0,,,,,196.0,5430.0,2015,1
2015-01-01,Norte,"Centro Hospitalar do Médio Ave, E.P.E.","41.3423984, -8.4802503",149.0,71.0,356.0,13.0,,,77.0,112.0,267.0,,,,,36.0,1081.0,2015,1
2015-01-01,Centro,"Centro Hospitalar e Universitário de Coimbra, E.P.E.","40.2191523, -8.4098211",988.0,679.0,2603.0,119.0,,,467.0,704.0,1572.0,,,,,197.0,7329.0,2015,1
2015-01-01,Lisboa e Vale do Tejo,"Centro Hospitalar Universitário de Lisboa Norte, E.P.E.","38.7500861, -9.1616116",799.0,681.0,1776.0,82.0,,,490.0,659.0,1420.0,,,,,246.0,6153.0,2015,1
2015-01-01,Lisboa e Vale do Tejo,"Centro Hospitalar Médio Tejo, E.P.E.","39.478072, -8.5404429",135.0,63.0,605.0,27.0,,,127.0,177.0,449.0,,,,,60.0,1643.0,2015,1
2015-01-01,Centro,"Centro Hospitalar Tondela-Viseu, E.P.E.","40.516364, -8.0827433",294.0,192.0,785.0,20.0,,,150.0,224.0,487.0,,,,,45.0,2197.0,2015,1
2015-01-01,Norte,"Centro Hospitalar de Vila Nova de Gaia/Espinho, E.P.E.","41.1094138, -8.5972617",451.0,337.0,966.0,32.0,,,167.0,277.0,765.0,,,,,91.0,3086.0,2015,1
2015-01-01,Centro,Hospital Arcebispo João Crisóstomo - Cantanhede,"40.3470015, -8.5933462",5.0,0.0,36.0,2.0,,,8.0,21.0,22.0,,,,,8.0,102.0,2015,1
2015-01-01,Norte,"Hospital da Senhora da Oliveira - Guimarães, E.P.E.","41.4417064, -8.1722408",225.0,157.0,506.0,11.0,,,92.0,128.0,269.0,,,,,41.0,1429.0,2015,1
2015-01-01,Centro,"Hospital Distrital da Figueira da Foz, E.P.E.","40.117897, -8.8586755",75.0,45.0,181.0,5.0,,,51.0,56.0,122.0,,,,,26.0,561.0,2015,1
2015-01-01,Serviços Centrais,Inspeção-Geral das Atividades em Saúde,"38.7156219, -9.1431603",1.0,0.0,0.0,0.0,,,0.0,18.0,5.0,,,,,59.0,83.0,2015,1
2015-01-01,Lisboa e Vale do Tejo,Instituto de Oftalmologia Gama Pinto,"38.7218793, -9.144249",32.0,7.0,18.0,1.0,,,10.0,17.0,14.0,,,,,10.0,109.0,2015,1
2015-01-01,Serviços Centrais,Serviço de Intervenção nos Comportamentos Aditivos e nas Dependências,"38.7653399, -9.1611815",1.0,0.0,0.0,3.0,,,0.0,42.0,2.0,,,,,120.0,168.0,2015,1
2015-01-01,Alentejo,"Unidade Local de Saúde Litoral Alentejano, E.P.E.","38.0162314, -8.6956768",79.0,45.0,306.0,9.0,,,66.0,143.0,183.0,,,,,30.0,861.0,2015,1
2015-01-01,Alentejo,"Unidade Local de Saúde Norte Alentejano, E.P.E.","39.3003425, -7.4263845",148.0,55.0,517.0,6.0,,,116.0,250.0,381.0,,,,,78.0,1551.0,2015,1
2016-01-01,Lisboa e Vale do Tejo,"Centro Hospitalar Barreiro Montijo, E.P.E.","38.6554005, -9.0592392",165.0,116.0,572.0,12.0,,,144.0,170.0,397.0,,,,,57.0,1633.0,2016,1
2016-01-01,Lisboa e Vale do Tejo,Centro Hospitalar Psiquiátrico de Lisboa,"38.7569771, -9.1460705",52.0,50.0,150.0,49.0,,,26.0,57.0,145.0,,,,,33.0,562.0,2016,1
2016-01-01,Centro,Centro Medicina de Reabilitação da Região Centro - Rovisco Pais,"40.297919, -8.7707806",9.0,10.0,55.0,1.0,,,18.0,18.0,31.0,,,,,11.0,153.0,2016,1
2016-01-01,Serviços Centrais,Direção-Geral da Saúde,"38.7364065, -9.1379161",16.0,1.0,11.0,3.0,,,3.0,32.0,13.0,,,,,57.0,136.0,2016,1
2016-01-01,Serviços Centrais,Inspeção-Geral das Atividades em Saúde,"38.7156219, -9.1431603",1.0,0.0,0.0,0.0,,,0.0,17.0,3.0,,,,,56.0,77.0,2016,1
2016-01-01,Centro,"Instituto Português Oncologia Francisco Gentil - Coimbra, E.P.E.","40.2162514, -8.4103814",132.0,45.0,249.0,28.0,,,92.0,126.0,249.0,,,,,39.0,960.0,2016,1
2016-01-01,Serviços Centrais,Secretaria Geral do Ministério da Saúde,"38.7362218, -9.1463126",0.0,0.0,0.0,0.0,,,0.0,13.0,14.0,,,,,30.0,57.0,2016,1
2016-01-01,Serviços Centrais,"Serviços Partilhados do Ministério da Saúde, E.P.E.","38.739767, -9.1489431",0.0,0.0,0.0,0.0,,,0.0,77.0,9.0,,,,,182.0,268.0,2016,1
2016-01-01,Alentejo,"Unidade Local de Saúde Litoral Alentejano, E.P.E.","38.0162314, -8.6956768",85.0,53.0,328.0,8.0,,,68.0,150.0,195.0,,,,,37.0,924.0,2016,1
2017-01-01,Norte,"Centro Hospitalar de Entre o Douro e Vouga, E.P.E.","40.9293884, -8.5458794",256.0,159.0,647.0,18.0,,,119.0,169.0,599.0,,,,,52.0,2019.0,2017,1
2017-01-01,Norte,"Centro Hospitalar de Vila Nova de Gaia/Espinho, E.P.E.","41.1094138, -8.5972617",522.0,354.0,1148.0,31.0,,,181.0,278.0,822.0,,,,,93.0,3429.0,2017,1
2017-01-01,Norte,"Hospital de Magalhães Lemos, E.P.E.","41.1764649, -8.6649823",37.0,21.0,130.0,12.0,,,9.0,29.0,122.0,,,,,26.0,386.0,2017,1
2017-01-01,Lisboa e Vale do Tejo,"Hospital Distrital de Santarém, E.P.E.","39.2410946, -8.6937515",177.0,124.0,592.0,12.0,,,109.0,136.0,445.0,,,,,44.0,1639.0,2017,1
2017-01-01,Lisboa e Vale do Tejo,"Hospital Professor Doutor Fernando Fonseca, E.P.E.","38.7422257, -9.2264834",376.0,273.0,976.0,36.0,,,206.0,282.0,701.0,,,,,95.0,2945.0,2017,1
2017-01-01,Serviços Centrais,"Instituto Português do Sangue e da Transplantação, I.P.","38.7567758, -9.1505021",30.0,0.0,68.0,21.0,,,115.0,86.0,88.0,,,,,53.0,461.0,2017,1
2017-01-01,Centro,"Unidade Local de Saúde Castelo Branco, E.P.E.","39.8212263, -7.4981271",155.0,62.0,459.0,16.0,,,72.0,174.0,285.0,,,,,48.0,1271.0,2017,1
2016-10-01,Serviços Centrais,"Infarmed - Autoridade Nacional do Medicamento e Produtos de Saúde, I.P.","38.7582532, -9.1502867",0.0,0.0,0.0,7.0,,,2.0,81.0,6.0,,,,,258.0,354.0,2016,10
2016-10-01,Centro,"Centro Hospitalar Universitário Cova da Beira, E.P.E.","40.2804158, -7.4922407",116.0,52.0,394.0,5.0,,,92.0,166.0,290.0,,,,,85.0,1200.0,2016,10
2016-10-01,Norte,"Centro Hospitalar do Médio Ave, E.P.E.","41.3423984, -8.4802503",162.0,48.0,355.0,13.0,,,76.0,109.0,263.0,,,,,33.0,1059.0,2016,10
2016-10-01,Norte,"Centro Hospitalar de Entre o Douro e Vouga, E.P.E.","40.9293884, -8.5458794",256.0,125.0,616.0,18.0,,,116.0,169.0,564.0,,,,,52.0,1916.0,2016,10
2016-10-01,Centro,Hospital Arcebispo João Crisóstomo - Cantanhede,"40.3470015, -8.5933462",4.0,0.0,34.0,2.0,,,8.0,20.0,22.0,,,,,7.0,97.0,2016,10
2016-10-01,Norte,"Hospital da Senhora da Oliveira - Guimarães, E.P.E.","41.4387173, -8.3086907",249.0,143.0,552.0,11.0,,,97.0,124.0,293.0,,,,,46.0,1515.0,2016,10
2016-10-01,Lisboa e Vale do Tejo,"Hospital Distrital de Santarém, E.P.E.","39.2410946, -8.6937515",174.0,107.0,560.0,12.0,,,111.0,138.0,415.0,,,,,45.0,1562.0,2016,10
2016-10-01,Serviços Centrais,"Instituto Nacional de Saúde Dr. Ricardo Jorge, I.P.","38.7643827, -9.1663422",7.0,0.0,3.0,90.0,,,104.0,87.0,59.0,,,,,128.0,478.0,2016,10
2016-10-01,Norte,"Unidade Local de Saúde Matosinhos, E.P.E.","41.1794456, -8.6745115",396.0,206.0,785.0,9.0,,,127.0,288.0,372.0,,,,,92.0,2275.0,2016,10
2016-10-01,Alentejo,"Unidade Local de Saúde Baixo Alentejo, E.P.E.","38.014123, -7.8721227",164.0,62.0,538.0,33.0,,,121.0,244.0,391.0,,,,,77.0,1630.0,2016,10
2017-10-01,Lisboa e Vale do Tejo,"Centro Hospitalar de Lisboa Ocidental, E.P.E.","38.708454, -9.216985",549.0,368.0,1326.0,28.0,,,297.0,380.0,870.0,,,,,118.0,3936.0,2017,10
2017-10-01,Lisboa e Vale do Tejo,"Centro Hospitalar do Oeste, E.P.E.","39.4054629, -9.1258493",157.0,97.0,562.0,15.0,,,112.0,188.0,310.0,,,,,43.0,1484.0,2017,10
2017-10-01,Norte,"Centro Hospitalar Universitário do Porto, E.P.E.","41.1472498, -8.6172617",695.0,388.0,1387.0,63.0,,,292.0,414.0,906.0,,,,,130.0,4275.0,2017,10
2017-10-01,Centro,"Centro Hospitalar e Universitário de Coimbra, E.P.E.","40.2191523, -8.4098211",994.0,657.0,2840.0,118.0,,,487.0,698.0,1631.0,,,,,216.0,7641.0,2017,10
2017-10-01,Norte,"Hospital da Senhora da Oliveira - Guimarães, E.P.E.","41.4387173, -8.3086907",249.0,161.0,629.0,11.0,,,98.0,124.0,299.0,,,,,46.0,1617.0,2017,10
2017-10-01,Serviços Centrais,Inspeção-Geral das Atividades em Saúde,"41.1764649, -8.6649823",0.0,0.0,0.0,0.0,,,0.0,18.0,3.0,,,,,58.0,79.0,2017,10
2017-10-01,Serviços Centrais,"Instituto Nacional de Emergência Médica, I.P.","38.7313954, -9.1447467",4.0,0.0,179.0,0.0,,,0.0,93.0,8.0,,,,,1025.0,1309.0,2017,10
2017-10-01,Serviços Centrais,"Instituto Nacional de Saúde Dr. Ricardo Jorge, I.P.","38.7643827, -9.1663422",7.0,0.0,4.0,95.0,,,106.0,86.0,60.0,,,,,131.0,489.0,2017,10
2017-10-01,Lisboa e Vale do Tejo,"Instituto Português Oncologia Francisco Gentil - Lisboa, E.P.E.","38.7396768, -9.1634516",254.0,96.0,529.0,21.0,,,184.0,224.0,394.0,,,,,148.0,1850.0,2017,10
2017-10-01,Serviços Centrais,"Serviços Partilhados do Ministério da Saúde, E.P.E.","38.739767, -9.1489431",0.0,0.0,0.0,0.0,,,0.0,59.0,9.0,,,,,212.0,280.0,2017,10
2017-10-01,Centro,"Unidade Local de Saúde Guarda, E.P.E.","40.5309916, -7.2734793",200.0,66.0,707.0,26.0,,,125.0,218.0,510.0,,,,,70.0,1922.0,2017,10
2017-10-01,Norte,"Unidade Local de Saúde Nordeste, E.P.E.","41.8056532, -6.7888197",198.0,109.0,643.0,21.0,,,128.0,272.0,412.0,,,,,78.0,1861.0,2017,10
2015-10-01,Lisboa e Vale do Tejo,"Centro Hospitalar Universitário de Lisboa Norte, E.P.E.","38.7500861, -9.1616116",802.0,584.0,1823.0,80.0,,,486.0,650.0,1464.0,,,,,241.0,6130.0,2015,10
2015-10-01,Norte,"Centro Hospitalar Tâmega e Sousa, E.P.E.","41.2494561, -8.264901",221.0,130.0,544.0,10.0,,,92.0,212.0,393.0,,,,,61.0,1663.0,2015,10
2015-10-01,Algarve,"Centro Hospitalar Universitário do Algarve, E.P.E.","37.0238973, -7.9281554",400.0,226.0,1451.0,20.0,,,263.0,489.0,1005.0,,,,,196.0,4050.0,2015,10
2015-10-01,Norte,"Hospital da Senhora da Oliveira - Guimarães, E.P.E.","41.4387173, -8.3086907",234.0,142.0,526.0,11.0,,,95.0,128.0,286.0,,,,,39.0,1461.0,2015,10
2015-10-01,Norte,"Hospital de Magalhães Lemos, E.P.E.","41.1764649, -8.6649823",33.0,23.0,125.0,12.0,,,10.0,30.0,113.0,,,,,26.0,372.0,2015,10
2015-10-01,Serviços Centrais,"Instituto Nacional de Saúde Dr. Ricardo Jorge, I.P.","38.7643827, -9.1663422",5.0,0.0,2.0,92.0,,,105.0,90.0,57.0,,,,,120.0,471.0,2015,10
2015-10-01,Norte,"Instituto Português Oncologia Francisco Gentil - Porto, E.P.E.","41.1785642, -8.6062881",264.0,84.0,681.0,65.0,,,162.0,185.0,495.0,,,,,81.0,2017.0,2015,10
2015-10-01,Serviços Centrais,"Serviços Partilhados do Ministério da Saúde, E.P.E.","38.739767, -9.1489431",0.0,0.0,0.0,0.0,,,0.0,80.0,8.0,,,,,169.0,257.0,2015,10
2015-10-01,Centro,"Unidade Local de Saúde Castelo Branco, E.P.E.","39.8212263, -7.4981271",151.0,58.0,457.0,16.0,,,71.0,171.0,273.0,,,,,47.0,1244.0,2015,10
2015-10-01,Alentejo,"Unidade Local de Saúde Baixo Alentejo, E.P.E.","38.014123, -7.8721227",159.0,71.0,529.0,29.0,,,122.0,246.0,393.0,,,,,78.0,1627.0,2015,10
2017-11-01,Lisboa e Vale do Tejo,"Centro Hospitalar de Lisboa Ocidental, E.P.E.","38.708454, -9.216985",548.0,368.0,1325.0,28.0,,,297.0,379.0,864.0,,,,,118.0,3927.0,2017,11
2017-11-01,Norte,"Centro Hospitalar Póvoa de Varzim/Vila do Conde, E.P.E.","41.3828711, -8.7589945",95.0,32.0,238.0,6.0,,,34.0,76.0,153.0,,,,,41.0,675.0,2017,11
2017-11-01,Centro,Hospital Arcebispo João Crisóstomo - Cantanhede,"40.3470015, -8.5933462",4.0,0.0,34.0,2.0,,,8.0,21.0,21.0,,,,,7.0,97.0,2017,11
2017-11-01,Norte,"Hospital de Magalhães Lemos, E.P.E.","41.1764649, -8.6649823",36.0,20.0,136.0,13.0,,,9.0,28.0,125.0,,,,,25.0,392.0,2017,11
2017-11-01,Centro,"Hospital Distrital da Figueira da Foz, E.P.E.","40.117897, -8.8586755",87.0,52.0,202.0,5.0,,,49.0,59.0,130.0,,,,,29.0,613.0,2017,11
2017-11-01,Centro,Hospital Doutor Francisco Zagalo - Ovar,"40.8571967, -8.6318023",12.0,0.0,49.0,0.0,,,11.0,17.0,28.0,,,,,7.0,124.0,2017,11
2017-11-01,Norte,"Instituto Português Oncologia Francisco Gentil - Porto, E.P.E.","41.1785642, -8.6062881",283.0,84.0,715.0,69.0,,,181.0,204.0,491.0,,,,,89.0,2116.0,2017,11
2017-11-01,Serviços Centrais,Secretaria Geral do Ministério da Saúde,"38.7362218, -9.1463126",0.0,0.0,0.0,0.0,,,0.0,9.0,15.0,,,,,31.0,55.0,2017,11
2017-11-01,Norte,"Unidade Local de Saúde Alto Minho, E.P.E.","41.7056054, -8.8252713",392.0,172.0,927.0,35.0,,,105.0,348.0,474.0,,,,,85.0,2538.0,2017,11
2017-07-01,Alentejo,"Hospital do Espírito Santo de Évora, E.P.E.","38.5684861, -7.9032848",186.0,119.0,515.0,4.0,,,121.0,146.0,337.0,,,,,61.0,1489.0,2017,7
2016-11-01,Lisboa e Vale do Tejo,"Centro Hospitalar Barreiro Montijo, E.P.E.","38.6554005, -9.0592392",178.0,86.0,599.0,11.0,,,152.0,171.0,414.0,,,,,60.0,1671.0,2016,11
2016-11-01,Centro,"Centro Hospitalar de Leiria, E.P.E.","39.7414812, -8.7982706",221.0,127.0,743.0,21.0,,,119.0,160.0,515.0,,,,,49.0,1955.0,2016,11
2016-11-01,Lisboa e Vale do Tejo,"Centro Hospitalar de Setúbal, E.P.E.","38.5283754, -8.8818638",231.0,114.0,706.0,9.0,,,155.0,216.0,610.0,,,,,77.0,2118.0,2016,11
2016-11-01,Lisboa e Vale do Tejo,"Centro Hospitalar do Oeste, E.P.E.","39.4054629, -9.1258493",156.0,94.0,568.0,14.0,,,115.0,186.0,324.0,,,,,44.0,1501.0,2016,11
2016-11-01,Norte,"Centro Hospitalar Universitário do Porto, E.P.E.","41.1472498, -8.6172617",685.0,372.0,1338.0,64.0,,,295.0,419.0,925.0,,,,,129.0,4227.0,2016,11
2016-11-01,Norte,"Centro Hospitalar de Trás-os-Montes e Alto Douro, E.P.E.","41.3031784, -7.7515252",272.0,157.0,905.0,27.0,,,162.0,222.0,621.0,,,,,70.0,2436.0,2016,11
2016-11-01,Serviços Centrais,Direção-Geral da Saúde,"38.7364065, -9.1379161",16.0,0.0,10.0,3.0,,,3.0,31.0,13.0,,,,,61.0,137.0,2016,11
2016-11-01,Lisboa e Vale do Tejo,"Hospital Distrital de Santarém, E.P.E.","39.2410946, -8.6937515",176.0,105.0,575.0,12.0,,,108.0,137.0,419.0,,,,,45.0,1577.0,2016,11
2016-11-01,Norte,"Hospital Santa Maria Maior, E.P.E.","41.5324234, -8.6171561",60.0,32.0,174.0,5.0,,,27.0,43.0,141.0,,,,,21.0,503.0,2016,11
2016-11-01,Lisboa e Vale do Tejo,Instituto de Oftalmologia Gama Pinto,"38.7218793, -9.144249",34.0,8.0,24.0,1.0,,,10.0,19.0,16.0,,,,,10.0,122.0,2016,11
2016-11-01,Serviços Centrais,"Instituto Nacional de Emergência Médica, I.P.","38.7313954, -9.1447467",6.0,0.0,115.0,0.0,,,0.0,94.0,9.0,,,,,1052.0,1276.0,2016,11
2016-11-01,Serviços Centrais,"Instituto Nacional de Saúde Dr. Ricardo Jorge, I.P.","38.7643827, -9.1663422",7.0,0.0,2.0,90.0,,,105.0,87.0,61.0,,,,,129.0,481.0,2016,11
2016-11-01,Norte,"Instituto Português Oncologia Francisco Gentil - Porto, E.P.E.","41.1785642, -8.6062881",275.0,84.0,697.0,71.0,,,181.0,197.0,493.0,,,,,90.0,2088.0,2016,11
2016-11-01,Norte,"Unidade Local de Saúde Matosinhos, E.P.E.","41.1794456, -8.6745115",397.0,202.0,788.0,9.0,,,127.0,286.0,372.0,,,,,91.0,2272.0,2016,11
2016-11-01,Norte,"Unidade Local de Saúde Alto Minho, E.P.E.","41.7056054, -8.8252713",391.0,160.0,882.0,35.0,,,106.0,348.0,466.0,,,,,82.0,2470.0,2016,11
2016-11-01,Norte,"Unidade Local de Saúde Nordeste, E.P.E.","41.8056532, -6.7888197",205.0,78.0,624.0,25.0,,,128.0,274.0,417.0,,,,,79.0,1830.0,2016,11
2015-11-01,Lisboa e Vale do Tejo,"Centro Hospitalar Barreiro Montijo, E.P.E.","38.6554005, -9.0592392",163.0,94.0,544.0,12.0,,,142.0,170.0,391.0,,,,,54.0,1570.0,2015,11
2015-11-01,Lisboa e Vale do Tejo,"Centro Hospitalar Universitário Lisboa Central, E.P.E.","38.7166948, -9.1371248",1011.0,564.0,2284.0,65.0,,,649.0,719.0,1674.0,,,,,208.0,7174.0,2015,11
2015-11-01,Centro,"Centro Hospitalar e Universitário de Coimbra, E.P.E.","40.2191523, -8.4098211",947.0,651.0,2734.0,120.0,,,467.0,703.0,1652.0,,,,,203.0,7477.0,2015,11
2015-11-01,Lisboa e Vale do Tejo,"Centro Hospitalar Universitário de Lisboa Norte, E.P.E.","38.7500861, -9.1616116",805.0,576.0,1808.0,79.0,,,485.0,649.0,1466.0,,,,,243.0,6111.0,2015,11
2015-11-01,Lisboa e Vale do Tejo,"Hospital Professor Doutor Fernando Fonseca, E.P.E.","38.7422257, -9.2264834",347.0,223.0,885.0,31.0,,,193.0,283.0,658.0,,,,,86.0,2706.0,2015,11
2015-11-01,Norte,"Hospital Santa Maria Maior, E.P.E.","41.5324234, -8.6171561",52.0,29.0,178.0,5.0,,,27.0,43.0,139.0,,,,,22.0,495.0,2015,11
2015-11-01,Serviços Centrais,"Instituto Português do Sangue e da Transplantação, I.P.","38.7567758, -9.1505021",28.0,0.0,70.0,22.0,,,118.0,89.0,85.0,,,,,53.0,465.0,2015,11
2015-11-01,Lisboa e Vale do Tejo,"Instituto Português Oncologia Francisco Gentil - Lisboa, E.P.E.","38.7396768, -9.1634516",226.0,86.0,513.0,22.0,,,178.0,233.0,396.0,,,,,142.0,1796.0,2015,11
2016-12-01,Lisboa e Vale do Tejo,"Centro Hospitalar Barreiro Montijo, E.P.E.","38.6554005, -9.0592392",177.0,86.0,621.0,11.0,,,153.0,171.0,443.0,,,,,59.0,1721.0,2016,12
2016-12-01,Norte,"Centro Hospitalar de Vila Nova de Gaia/Espinho, E.P.E.","41.1094138, -8.5972617",519.0,299.0,1143.0,31.0,,,180.0,279.0,829.0,,,,,93.0,3373.0,2016,12
2016-12-01,Serviços Centrais,Direção-Geral da Saúde,"38.7364065, -9.1379161",16.0,0.0,10.0,3.0,,,3.0,31.0,13.0,,,,,61.0,137.0,2016,12
2016-12-01,Norte,"Hospital da Senhora da Oliveira - Guimarães, E.P.E.","41.4387173, -8.3086907",245.0,142.0,567.0,11.0,,,97.0,124.0,297.0,,,,,45.0,1528.0,2016,12
2016-12-01,Alentejo,"Hospital do Espírito Santo de Évora, E.P.E.","38.5684861, -7.9032848",184.0,99.0,510.0,5.0,,,121.0,147.0,334.0,,,,,61.0,1461.0,2016,12
2016-12-01,Lisboa e Vale do Tejo,"Hospital Professor Doutor Fernando Fonseca, E.P.E.","38.7422257, -9.2264834",370.0,233.0,963.0,35.0,,,203.0,284.0,685.0,,,,,93.0,2866.0,2016,12
2016-12-01,Norte,"Instituto Português Oncologia Francisco Gentil - Porto, E.P.E.","41.1785642, -8.6062881",275.0,83.0,697.0,70.0,,,181.0,197.0,500.0,,,,,90.0,2093.0,2016,12
2016-12-01,Serviços Centrais,"Serviços Partilhados do Ministério da Saúde, E.P.E.","38.739767, -9.1489431",0.0,0.0,0.0,0.0,,,0.0,80.0,8.0,,,,,205.0,293.0,2016,12
2016-12-01,Centro,"Unidade Local de Saúde Guarda, E.P.E.","40.5309916, -7.2734793",197.0,59.0,667.0,28.0,,,115.0,182.0,391.0,,,,,57.0,1696.0,2016,12
2016-12-01,Alentejo,"Unidade Local de Saúde Baixo Alentejo, E.P.E.","38.014123, -7.8721227",163.0,61.0,540.0,33.0,,,121.0,245.0,394.0,,,,,77.0,1634.0,2016,12
2017-12-01,Lisboa e Vale do Tejo,"Centro Hospitalar Universitário Lisboa Central, E.P.E.","38.7166948, -9.1371248",1050.0,556.0,2483.0,60.0,,,625.0,715.0,1765.0,,,,,211.0,7465.0,2017,12
2017-12-01,Lisboa e Vale do Tejo,"Centro Hospitalar do Oeste, E.P.E.","39.4054629, -9.1258493",158.0,98.0,562.0,15.0,,,112.0,187.0,310.0,,,,,43.0,1485.0,2017,12
2017-12-01,Lisboa e Vale do Tejo,Centro Hospitalar Psiquiátrico de Lisboa,"38.7569771, -9.1460705",53.0,46.0,161.0,47.0,,,26.0,50.0,132.0,,,,,37.0,552.0,2017,12
2017-12-01,Serviços Centrais,"Instituto Nacional de Emergência Médica, I.P.","38.7313954, -9.1447467",5.0,0.0,176.0,0.0,,,0.0,89.0,8.0,,,,,1024.0,1302.0,2017,12
2017-12-01,Serviços Centrais,"Instituto Nacional de Saúde Dr. Ricardo Jorge, I.P.","38.7643827, -9.1663422",7.0,0.0,4.0,95.0,,,106.0,85.0,60.0,,,,,136.0,493.0,2017,12
2017-12-01,Serviços Centrais,"Instituto Português do Sangue e da Transplantação, I.P.","38.7567758, -9.1505021",31.0,0.0,63.0,21.0,,,114.0,88.0,86.0,,,,,51.0,454.0,2017,12
2017-11-01,Alentejo,"Unidade Local de Saúde Baixo Alentejo, E.P.E.","38.014123, -7.8721227",156.0,56.0,559.0,32.0,,,126.0,246.0,395.0,,,,,79.0,1649.0,2017,11
2014-12-01,Centro,"Centro Hospitalar de Leiria, E.P.E.","39.7414812, -8.7982706",187.0,110.0,682.0,20.0,,,107.0,152.0,467.0,,,,,47.0,1772.0,2014,12
2014-12-01,Lisboa e Vale do Tejo,"Centro Hospitalar de Lisboa Ocidental, E.P.E.","38.708454, -9.216985",498.0,304.0,1185.0,31.0,,,292.0,398.0,820.0,,,,,114.0,3642.0,2014,12
2014-12-01,Norte,"Centro Hospitalar Universitário de S. João, E.P.E.","41.1831056, -8.6010558",809.0,516.0,2005.0,36.0,,,318.0,394.0,1084.0,,,,,196.0,5358.0,2014,12
2014-12-01,Lisboa e Vale do Tejo,"Centro Hospitalar de Setúbal, E.P.E.","38.5283754, -8.8818638",218.0,85.0,654.0,9.0,,,143.0,208.0,576.0,,,,,70.0,1963.0,2014,12
2014-12-01,Centro,"Centro Hospitalar e Universitário de Coimbra, E.P.E.","40.2191523, -8.4098211",990.0,605.0,2609.0,120.0,,,467.0,708.0,1578.0,,,,,196.0,7273.0,2014,12
2014-12-01,Norte,"Hospital da Senhora da Oliveira - Guimarães, E.P.E.","41.4417064, -8.1722408",233.0,136.0,559.0,12.0,,,102.0,152.0,320.0,,,,,43.0,1557.0,2014,12
2014-12-01,Centro,Hospital Doutor Francisco Zagalo - Ovar,"40.8571967, -8.6318023",13.0,0.0,49.0,0.0,,,11.0,17.0,32.0,,,,,6.0,128.0,2014,12
2014-12-01,Alentejo,"Hospital do Espírito Santo de Évora, E.P.E.","38.5684861, -7.9032848",171.0,89.0,459.0,5.0,,,116.0,145.0,327.0,,,,,60.0,1372.0,2014,12
2014-12-01,Norte,"Hospital Santa Maria Maior, E.P.E.","41.5324234, -8.6171561",44.0,32.0,169.0,5.0,,,19.0,41.0,134.0,,,,,21.0,465.0,2014,12
2014-12-01,Serviços Centrais,Inspeção-Geral das Atividades em Saúde,"38.7156219, -9.1431603",1.0,0.0,0.0,0.0,,,0.0,18.0,5.0,,,,,61.0,85.0,2014,12
2014-12-01,Serviços Centrais,"Instituto Português do Sangue e da Transplantação, I.P.","38.7567758, -9.1505021",29.0,0.0,65.0,22.0,,,122.0,88.0,85.0,,,,,52.0,463.0,2014,12
2014-12-01,Serviços Centrais,Serviço de Intervenção nos Comportamentos Aditivos e nas Dependências,"38.7653399, -9.1611815",1.0,0.0,0.0,3.0,,,0.0,42.0,3.0,,,,,121.0,170.0,2014,12
2014-12-01,Norte,"Unidade Local de Saúde Matosinhos, E.P.E.","41.1794456, -8.6745115",360.0,197.0,771.0,8.0,,,123.0,275.0,365.0,,,,,85.0,2184.0,2014,12
2015-12-01,Lisboa e Vale do Tejo,"Centro Hospitalar Barreiro Montijo, E.P.E.","38.6554005, -9.0592392",165.0,94.0,563.0,12.0,,,143.0,171.0,398.0,,,,,54.0,1600.0,2015,12
2015-12-01,Lisboa e Vale do Tejo,"Centro Hospitalar Universitário Lisboa Central, E.P.E.","38.7166948, -9.1371248",1007.0,558.0,2297.0,65.0,,,649.0,719.0,1668.0,,,,,206.0,7169.0,2015,12
2015-12-01,Centro,"Centro Hospitalar e Universitário de Coimbra, E.P.E.","40.2191523, -8.4098211",968.0,627.0,2729.0,120.0,,,471.0,705.0,1647.0,,,,,202.0,7469.0,2015,12
2015-12-01,Lisboa e Vale do Tejo,"Centro Hospitalar Médio Tejo, E.P.E.","39.478072, -8.5404429",136.0,51.0,659.0,26.0,,,139.0,176.0,473.0,,,,,59.0,1719.0,2015,12
2015-12-01,Norte,"Centro Hospitalar Póvoa de Varzim/Vila do Conde, E.P.E.","41.3828711, -8.7589945",79.0,25.0,211.0,5.0,,,31.0,70.0,146.0,,,,,37.0,604.0,2015,12
2015-12-01,Centro,"Hospital Distrital da Figueira da Foz, E.P.E.","40.117897, -8.8586755",77.0,44.0,191.0,5.0,,,49.0,60.0,123.0,,,,,26.0,575.0,2015,12
2015-12-01,Norte,"Hospital Santa Maria Maior, E.P.E.","41.5324234, -8.6171561",52.0,29.0,178.0,5.0,,,27.0,43.0,140.0,,,,,21.0,495.0,2015,12
2015-12-01,Serviços Centrais,Inspeção-Geral das Atividades em Saúde,"38.7156219, -9.1431603",1.0,0.0,0.0,0.0,,,0.0,17.0,3.0,,,,,56.0,77.0,2015,12
2015-12-01,Serviços Centrais,"Instituto Nacional de Saúde Dr. Ricardo Jorge, I.P.","38.7643827, -9.1663422",5.0,0.0,2.0,92.0,,,104.0,87.0,57.0,,,,,126.0,473.0,2015,12
2015-12-01,Centro,"Instituto Português Oncologia Francisco Gentil - Coimbra, E.P.E.","40.2162514, -8.4103814",132.0,37.0,247.0,28.0,,,92.0,126.0,249.0,,,,,38.0,949.0,2015,12
2015-12-01,Norte,"Unidade Local de Saúde Matosinhos, E.P.E.","41.1794456, -8.6745115",387.0,207.0,787.0,8.0,,,129.0,288.0,389.0,,,,,89.0,2284.0,2015,12
2015-12-01,Alentejo,"Unidade Local de Saúde Baixo Alentejo, E.P.E.","38.014123, -7.8721227",160.0,65.0,527.0,32.0,,,122.0,246.0,390.0,,,,,77.0,1619.0,2015,12
2015-12-01,Alentejo,"Unidade Local de Saúde Litoral Alentejano, E.P.E.","38.0162314, -8.6956768",83.0,41.0,326.0,9.0,,,65.0,150.0,196.0,,,,,32.0,902.0,2015,12
2017-02-01,Centro,"Centro Hospitalar Universitário Cova da Beira, E.P.E.","40.2804158, -7.4922407",116.0,79.0,391.0,5.0,,,91.0,166.0,286.0,,,,,86.0,1220.0,2017,2
2017-02-01,Lisboa e Vale do Tejo,"Centro Hospitalar Universitário Lisboa Central, E.P.E.","38.7166948, -9.1371248",1037.0,654.0,2521.0,64.0,,,647.0,724.0,1804.0,,,,,219.0,7670.0,2017,2
2017-02-01,Lisboa e Vale do Tejo,"Centro Hospitalar de Lisboa Ocidental, E.P.E.","38.708454, -9.216985",527.0,405.0,1325.0,29.0,,,308.0,388.0,882.0,,,,,121.0,3985.0,2017,2
2017-02-01,Norte,"Centro Hospitalar do Médio Ave, E.P.E.","41.3423984, -8.4802503",165.0,58.0,352.0,12.0,,,78.0,109.0,255.0,,,,,33.0,1062.0,2017,2
2017-02-01,Norte,"Centro Hospitalar de Entre o Douro e Vouga, E.P.E.","40.9293884, -8.5458794",263.0,156.0,653.0,18.0,,,120.0,169.0,594.0,,,,,52.0,2025.0,2017,2
2017-02-01,Lisboa e Vale do Tejo,Centro Hospitalar Psiquiátrico de Lisboa,"38.7569771, -9.1460705",55.0,49.0,163.0,48.0,,,26.0,54.0,137.0,,,,,33.0,565.0,2017,2
2017-02-01,Norte,"Hospital de Magalhães Lemos, E.P.E.","41.1764649, -8.6649823",37.0,21.0,129.0,12.0,,,9.0,29.0,119.0,,,,,26.0,382.0,2017,2
2017-02-01,Lisboa e Vale do Tejo,"Hospital Garcia de Orta, E.P.E.","38.6658713, -9.1822554",372.0,215.0,924.0,11.0,,,198.0,228.0,609.0,,,,,109.0,2666.0,2017,2
2017-02-01,Lisboa e Vale do Tejo,Instituto de Oftalmologia Gama Pinto,"38.7218793, -9.144249",34.0,9.0,24.0,1.0,,,10.0,17.0,16.0,,,,,11.0,122.0,2017,2
2017-02-01,Norte,"Instituto Português Oncologia Francisco Gentil - Porto, E.P.E.","41.1785642, -8.6062881",279.0,96.0,703.0,70.0,,,179.0,199.0,504.0,,,,,90.0,2120.0,2017,2
2017-02-01,Serviços Centrais,Secretaria Geral do Ministério da Saúde,"38.7362218, -9.1463126",0.0,0.0,0.0,0.0,,,0.0,13.0,15.0,,,,,29.0,57.0,2017,2
2017-02-01,Norte,"Unidade Local de Saúde Alto Minho, E.P.E.","41.7056054, -8.8252713",393.0,186.0,896.0,35.0,,,106.0,349.0,482.0,,,,,85.0,2532.0,2017,2
2017-03-01,Alentejo,"Unidade Local de Saúde Baixo Alentejo, E.P.E.","38.014123, -7.8721227",157.0,64.0,546.0,32.0,,,123.0,245.0,398.0,,,,,77.0,1642.0,2017,3
2016-02-01,Norte,"Centro Hospitalar Universitário de S. João, E.P.E.","41.1831056, -8.6010558",830.0,629.0,2029.0,36.0,,,325.0,399.0,1134.0,,,,,209.0,5591.0,2016,2
2016-02-01,Centro,"Centro Hospitalar do Baixo Vouga, E.P.E.","40.6362453, -8.6543716",219.0,124.0,652.0,21.0,,,103.0,138.0,364.0,,,,,40.0,1661.0,2016,2
2016-02-01,Lisboa e Vale do Tejo,"Centro Hospitalar do Oeste, E.P.E.","39.4054629, -9.1258493",142.0,112.0,484.0,14.0,,,116.0,193.0,333.0,,,,,44.0,1438.0,2016,2
2016-02-01,Norte,"Centro Hospitalar Universitário do Porto, E.P.E.","41.1472498, -8.6172617",657.0,440.0,1345.0,64.0,,,283.0,422.0,940.0,,,,,126.0,4277.0,2016,2
2016-02-01,Norte,"Centro Hospitalar de Entre o Douro e Vouga, E.P.E.","40.9293884, -8.5458794",230.0,148.0,592.0,18.0,,,113.0,163.0,548.0,,,,,51.0,1863.0,2016,2
2016-02-01,Lisboa e Vale do Tejo,"Centro Hospitalar Universitário de Lisboa Norte, E.P.E.","38.7500861, -9.1616116",807.0,692.0,1874.0,78.0,,,494.0,649.0,1503.0,,,,,257.0,6354.0,2016,2
2016-02-01,Norte,"Centro Hospitalar Tâmega e Sousa, E.P.E.","41.2494561, -8.264901",220.0,156.0,551.0,10.0,,,104.0,217.0,434.0,,,,,65.0,1757.0,2016,2
2016-02-01,Norte,"Instituto Português Oncologia Francisco Gentil - Porto, E.P.E.","41.1785642, -8.6062881",263.0,100.0,683.0,67.0,,,170.0,196.0,497.0,,,,,86.0,2062.0,2016,2
2016-02-01,Alentejo,"Unidade Local de Saúde Norte Alentejano, E.P.E.","39.3003425, -7.4263845",150.0,59.0,535.0,6.0,,,108.0,248.0,371.0,,,,,74.0,1551.0,2016,2
2015-02-01,Centro,"Centro Hospitalar de Leiria, E.P.E.","39.7414812, -8.7982706",190.0,129.0,684.0,20.0,,,107.0,155.0,490.0,,,,,48.0,1823.0,2015,2
2015-02-01,Norte,"Centro Hospitalar Universitário de S. João, E.P.E.","41.1831056, -8.6010558",803.0,587.0,2015.0,36.0,,,318.0,392.0,1079.0,,,,,195.0,5425.0,2015,2
2015-02-01,Centro,"Centro Hospitalar e Universitário de Coimbra, E.P.E.","40.2191523, -8.4098211",933.0,730.0,2607.0,119.0,,,467.0,703.0,1563.0,,,,,197.0,7319.0,2015,2
2015-02-01,Lisboa e Vale do Tejo,"Centro Hospitalar Médio Tejo, E.P.E.","39.478072, -8.5404429",133.0,61.0,624.0,27.0,,,127.0,176.0,458.0,,,,,61.0,1667.0,2015,2
2015-02-01,Norte,"Centro Hospitalar de Trás-os-Montes e Alto Douro, E.P.E.","41.3031784, -7.7515252",251.0,163.0,818.0,27.0,,,152.0,222.0,591.0,,,,,68.0,2292.0,2015,2
2015-02-01,Centro,"Hospital Distrital da Figueira da Foz, E.P.E.","40.117897, -8.8586755",76.0,44.0,183.0,5.0,,,51.0,58.0,123.0,,,,,26.0,566.0,2015,2
2015-02-01,Serviços Centrais,Inspeção-Geral das Atividades em Saúde,"38.7156219, -9.1431603",1.0,0.0,0.0,0.0,,,0.0,18.0,5.0,,,,,57.0,81.0,2015,2
2015-02-01,Serviços Centrais,Secretaria Geral do Ministério da Saúde,"38.7362218, -9.1463126",0.0,0.0,0.0,0.0,,,0.0,13.0,14.0,,,,,26.0,53.0,2015,2
2015-02-01,Serviços Centrais,"Serviços Partilhados do Ministério da Saúde, E.P.E.","38.739767, -9.1489431",0.0,0.0,0.0,0.0,,,0.0,89.0,9.0,,,,,162.0,260.0,2015,2
2017-02-01,Algarve,"Centro Hospitalar Universitário do Algarve, E.P.E.","37.0238973, -7.9281554",447.0,265.0,1527.0,21.0,,,280.0,498.0,1043.0,,,,,189.0,4270.0,2017,2
2016-03-01,Lisboa e Vale do Tejo,"Centro Hospitalar Barreiro Montijo, E.P.E.","38.6554005, -9.0592392",170.0,115.0,582.0,11.0,,,143.0,169.0,407.0,,,,,58.0,1655.0,2016,3
2016-03-01,Lisboa e Vale do Tejo,"Centro Hospitalar de Setúbal, E.P.E.","38.5283754, -8.8818638",223.0,132.0,709.0,9.0,,,153.0,218.0,608.0,,,,,78.0,2130.0,2016,3
2016-03-01,Centro,"Centro Hospitalar do Baixo Vouga, E.P.E.","40.6362453, -8.6543716",221.0,124.0,653.0,21.0,,,103.0,138.0,361.0,,,,,42.0,1663.0,2016,3
2016-03-01,Norte,"Centro Hospitalar de Entre o Douro e Vouga, E.P.E.","40.9293884, -8.5458794",230.0,148.0,596.0,18.0,,,112.0,160.0,548.0,,,,,54.0,1866.0,2016,3
2016-03-01,Lisboa e Vale do Tejo,"Centro Hospitalar Médio Tejo, E.P.E.","39.478072, -8.5404429",135.0,72.0,684.0,26.0,,,140.0,172.0,509.0,,,,,71.0,1809.0,2016,3
2016-03-01,Norte,"Centro Hospitalar Tâmega e Sousa, E.P.E.","41.2494561, -8.264901",221.0,155.0,547.0,10.0,,,105.0,225.0,434.0,,,,,66.0,1763.0,2016,3
2016-03-01,Lisboa e Vale do Tejo,"Hospital Distrital de Santarém, E.P.E.","39.2410946, -8.6937515",162.0,120.0,522.0,12.0,,,105.0,138.0,398.0,,,,,46.0,1503.0,2016,3
2016-03-01,Centro,Hospital Doutor Francisco Zagalo - Ovar,"40.8571967, -8.6318023",13.0,0.0,48.0,0.0,,,11.0,17.0,29.0,,,,,6.0,124.0,2016,3
2016-03-01,Lisboa e Vale do Tejo,"Hospital Garcia de Orta, E.P.E.","38.6658713, -9.1822554",343.0,216.0,892.0,11.0,,,178.0,224.0,576.0,,,,,104.0,2544.0,2016,3
2016-03-01,Centro,"Unidade Local de Saúde Castelo Branco, E.P.E.","39.8212263, -7.4981271",151.0,76.0,459.0,16.0,,,73.0,174.0,289.0,,,,,49.0,1287.0,2016,3
2016-03-01,Alentejo,"Unidade Local de Saúde Baixo Alentejo, E.P.E.","38.014123, -7.8721227",164.0,73.0,534.0,34.0,,,125.0,246.0,391.0,,,,,77.0,1644.0,2016,3
2016-03-01,Norte,"Unidade Local de Saúde Nordeste, E.P.E.","41.8056532, -6.7888197",201.0,104.0,620.0,24.0,,,129.0,276.0,423.0,,,,,79.0,1856.0,2016,3
2017-03-01,Lisboa e Vale do Tejo,"Centro Hospitalar Barreiro Montijo, E.P.E.","38.6554005, -9.0592392",181.0,109.0,622.0,11.0,,,153.0,169.0,439.0,,,,,59.0,1743.0,2017,3
2017-03-01,Lisboa e Vale do Tejo,"Centro Hospitalar de Setúbal, E.P.E.","38.5283754, -8.8818638",231.0,144.0,732.0,9.0,,,158.0,215.0,643.0,,,,,76.0,2208.0,2017,3
2017-03-01,Norte,"Centro Hospitalar de Entre o Douro e Vouga, E.P.E.","40.9293884, -8.5458794",265.0,153.0,648.0,18.0,,,119.0,167.0,589.0,,,,,53.0,2012.0,2017,3
2017-03-01,Lisboa e Vale do Tejo,Centro Hospitalar Psiquiátrico de Lisboa,"38.7569771, -9.1460705",55.0,49.0,163.0,48.0,,,26.0,55.0,136.0,,,,,35.0,567.0,2017,3
2017-03-01,Algarve,"Centro Hospitalar Universitário do Algarve, E.P.E.","37.0238973, -7.9281554",447.0,264.0,1502.0,21.0,,,279.0,497.0,1046.0,,,,,189.0,4245.0,2017,3
2017-03-01,Norte,"Centro Hospitalar de Vila Nova de Gaia/Espinho, E.P.E.","41.1094138, -8.5972617",524.0,346.0,1150.0,31.0,,,181.0,278.0,819.0,,,,,96.0,3425.0,2017,3
2017-03-01,Lisboa e Vale do Tejo,"Hospital Garcia de Orta, E.P.E.","38.6658713, -9.1822554",375.0,212.0,924.0,11.0,,,197.0,227.0,609.0,,,,,107.0,2662.0,2017,3
2017-03-01,Serviços Centrais,Inspeção-Geral das Atividades em Saúde,"41.1764649, -8.6649823",1.0,0.0,0.0,0.0,,,0.0,17.0,3.0,,,,,58.0,79.0,2017,3
2017-03-01,Norte,"Instituto Português Oncologia Francisco Gentil - Porto, E.P.E.","41.1785642, -8.6062881",280.0,96.0,703.0,71.0,,,180.0,200.0,505.0,,,,,90.0,2125.0,2017,3
2017-03-01,Serviços Centrais,"Serviços Partilhados do Ministério da Saúde, E.P.E.","38.739767, -9.1489431",0.0,0.0,0.0,0.0,,,0.0,68.0,13.0,,,,,212.0,293.0,2017,3
2017-03-01,Centro,"Unidade Local de Saúde Guarda, E.P.E.","40.5309916, -7.2734793",202.0,77.0,666.0,27.0,,,117.0,180.0,389.0,,,,,63.0,1721.0,2017,3
2017-03-01,Centro,"Unidade Local de Saúde Castelo Branco, E.P.E.","39.8212263, -7.4981271",156.0,61.0,463.0,16.0,,,72.0,174.0,283.0,,,,,47.0,1272.0,2017,3
2017-03-01,Norte,"Unidade Local de Saúde Matosinhos, E.P.E.","41.1794456, -8.6745115",399.0,240.0,800.0,9.0,,,129.0,285.0,387.0,,,,,94.0,2343.0,2017,3
2017-03-01,Norte,"Unidade Local de Saúde Alto Minho, E.P.E.","41.7056054, -8.8252713",394.0,186.0,910.0,35.0,,,106.0,349.0,481.0,,,,,85.0,2546.0,2017,3
2017-07-01,Alentejo,"Unidade Local de Saúde Baixo Alentejo, E.P.E.","38.014123, -7.8721227",156.0,62.0,554.0,32.0,,,125.0,245.0,396.0,,,,,79.0,1649.0,2017,7
2017-08-01,Alentejo,"Unidade Local de Saúde Baixo Alentejo, E.P.E.","38.014123, -7.8721227",156.0,60.0,555.0,32.0,,,125.0,245.0,395.0,,,,,79.0,1647.0,2017,8
2017-09-01,Alentejo,"Unidade Local de Saúde Baixo Alentejo, E.P.E.","38.014123, -7.8721227",155.0,58.0,558.0,32.0,,,126.0,244.0,394.0,,,,,79.0,1646.0,2017,9
2015-03-01,Norte,"Centro Hospitalar do Médio Ave, E.P.E.","41.3423984, -8.4802503",152.0,69.0,356.0,13.0,,,76.0,111.0,264.0,,,,,35.0,1076.0,2015,3
2015-03-01,Centro,"Centro Hospitalar e Universitário de Coimbra, E.P.E.","40.2191523, -8.4098211",939.0,717.0,2602.0,119.0,,,467.0,704.0,1563.0,,,,,198.0,7309.0,2015,3
2015-03-01,Norte,"Centro Hospitalar de Vila Nova de Gaia/Espinho, E.P.E.","41.1094138, -8.5972617",453.0,325.0,986.0,32.0,,,167.0,276.0,778.0,,,,,95.0,3112.0,2015,3
2015-03-01,Lisboa e Vale do Tejo,"Hospital Distrital de Santarém, E.P.E.","39.2410946, -8.6937515",152.0,116.0,516.0,13.0,,,95.0,131.0,385.0,,,,,44.0,1452.0,2015,3
2015-03-01,Alentejo,"Hospital do Espírito Santo de Évora, E.P.E.","38.5684861, -7.9032848",179.0,111.0,472.0,5.0,,,116.0,144.0,333.0,,,,,60.0,1420.0,2015,3
2015-03-01,Serviços Centrais,Inspeção-Geral das Atividades em Saúde,"38.7156219, -9.1431603",1.0,0.0,0.0,0.0,,,0.0,17.0,5.0,,,,,59.0,82.0,2015,3
2015-03-01,Lisboa e Vale do Tejo,Instituto de Oftalmologia Gama Pinto,"38.7218793, -9.144249",30.0,7.0,18.0,1.0,,,10.0,18.0,14.0,,,,,11.0,109.0,2015,3
2015-03-01,Serviços Centrais,Secretaria Geral do Ministério da Saúde,"38.7362218, -9.1463126",0.0,0.0,0.0,0.0,,,0.0,14.0,13.0,,,,,26.0,53.0,2015,3
2015-03-01,Alentejo,"Unidade Local de Saúde Baixo Alentejo, E.P.E.","38.014123, -7.8721227",164.0,73.0,523.0,33.0,,,116.0,249.0,378.0,,,,,73.0,1609.0,2015,3
2016-04-01,Centro,"Centro Hospitalar de Leiria, E.P.E.","39.7414812, -8.7982706",203.0,137.0,736.0,21.0,,,114.0,162.0,516.0,,,,,49.0,1938.0,2016,4
2016-04-01,Norte,"Centro Hospitalar de Vila Nova de Gaia/Espinho, E.P.E.","41.1094138, -8.5972617",473.0,339.0,1035.0,32.0,,,175.0,285.0,801.0,,,,,91.0,3231.0,2016,4
2016-04-01,Norte,"Hospital da Senhora da Oliveira - Guimarães, E.P.E.","41.4387173, -8.3086907",240.0,164.0,552.0,11.0,,,96.0,123.0,292.0,,,,,47.0,1525.0,2016,4
2016-04-01,Norte,"Hospital de Magalhães Lemos, E.P.E.","41.1764649, -8.6649823",33.0,27.0,125.0,12.0,,,10.0,29.0,121.0,,,,,26.0,383.0,2016,4
2016-04-01,Lisboa e Vale do Tejo,"Hospital Garcia de Orta, E.P.E.","38.6658713, -9.1822554",346.0,215.0,891.0,11.0,,,178.0,224.0,575.0,,,,,105.0,2545.0,2016,4
2016-04-01,Serviços Centrais,"Instituto Nacional de Emergência Médica, I.P.","38.7313954, -9.1447467",5.0,0.0,118.0,0.0,,,0.0,276.0,9.0,,,,,900.0,1308.0,2016,4
2016-04-01,Lisboa e Vale do Tejo,"Instituto Português Oncologia Francisco Gentil - Lisboa, E.P.E.","38.7396768, -9.1634516",233.0,101.0,518.0,22.0,,,183.0,240.0,404.0,,,,,140.0,1841.0,2016,4
2016-04-01,Norte,"Unidade Local de Saúde Matosinhos, E.P.E.","41.1794456, -8.6745115",389.0,233.0,787.0,9.0,,,128.0,286.0,387.0,,,,,89.0,2308.0,2016,4
2017-04-01,Centro,"Centro Hospitalar Universitário Cova da Beira, E.P.E.","40.2804158, -7.4922407",116.0,80.0,387.0,5.0,,,91.0,164.0,283.0,,,,,85.0,1211.0,2017,4
2017-04-01,Centro,"Centro Hospitalar de Leiria, E.P.E.","39.7414812, -8.7982706",220.0,148.0,767.0,24.0,,,123.0,166.0,528.0,,,,,52.0,2028.0,2017,4
2017-04-01,Norte,"Centro Hospitalar Universitário de S. João, E.P.E.","41.1831056, -8.6010558",869.0,559.0,2136.0,34.0,,,335.0,398.0,1155.0,,,,,219.0,5705.0,2017,4
2017-04-01,Norte,"Centro Hospitalar do Médio Ave, E.P.E.","41.3423984, -8.4802503",168.0,56.0,349.0,12.0,,,78.0,111.0,254.0,,,,,34.0,1062.0,2017,4
2017-04-01,Lisboa e Vale do Tejo,Centro Hospitalar Psiquiátrico de Lisboa,"38.7569771, -9.1460705",55.0,49.0,162.0,48.0,,,26.0,55.0,135.0,,,,,34.0,564.0,2017,4
2017-04-01,Centro,Hospital Arcebispo João Crisóstomo - Cantanhede,"40.3470015, -8.5933462",4.0,0.0,34.0,2.0,,,8.0,21.0,22.0,,,,,7.0,98.0,2017,4
2017-04-01,Centro,Hospital Doutor Francisco Zagalo - Ovar,"40.8571967, -8.6318023",14.0,0.0,49.0,0.0,,,11.0,17.0,29.0,,,,,6.0,126.0,2017,4
2017-01-01,Alentejo,"Unidade Local de Saúde Litoral Alentejano, E.P.E.","38.0162314, -8.6956768",88.0,45.0,336.0,8.0,,,75.0,150.0,203.0,,,,,42.0,947.0,2017,1
2017-04-01,Serviços Centrais,"Instituto Nacional de Emergência Médica, I.P.","38.7313954, -9.1447467",5.0,0.0,128.0,0.0,,,0.0,80.0,9.0,,,,,1047.0,1269.0,2017,4
2017-04-01,Serviços Centrais,"Instituto Nacional de Saúde Dr. Ricardo Jorge, I.P.","38.7643827, -9.1663422",7.0,0.0,4.0,94.0,,,107.0,89.0,62.0,,,,,133.0,496.0,2017,4
2017-04-01,Centro,"Instituto Português Oncologia Francisco Gentil - Coimbra, E.P.E.","40.2162514, -8.4103814",140.0,44.0,264.0,27.0,,,95.0,124.0,254.0,,,,,41.0,989.0,2017,4
2017-04-01,Norte,"Unidade Local de Saúde Nordeste, E.P.E.","41.8056532, -6.7888197",205.0,113.0,634.0,23.0,,,127.0,273.0,420.0,,,,,80.0,1875.0,2017,4
2015-04-01,Centro,"Centro Hospitalar de Leiria, E.P.E.","39.7414812, -8.7982706",192.0,128.0,687.0,20.0,,,108.0,154.0,484.0,,,,,49.0,1822.0,2015,4
2015-04-01,Lisboa e Vale do Tejo,"Centro Hospitalar do Oeste, E.P.E.","39.4054629, -9.1258493",139.0,95.0,502.0,13.0,,,112.0,186.0,354.0,,,,,48.0,1449.0,2015,4
2015-04-01,Norte,"Hospital de Magalhães Lemos, E.P.E.","41.1764649, -8.6649823",33.0,25.0,124.0,12.0,,,10.0,32.0,113.0,,,,,24.0,373.0,2015,4
2015-04-01,Lisboa e Vale do Tejo,"Hospital Garcia de Orta, E.P.E.","38.6658713, -9.1822554",334.0,222.0,847.0,11.0,,,177.0,222.0,533.0,,,,,96.0,2442.0,2015,4
2015-04-01,Lisboa e Vale do Tejo,"Hospital Professor Doutor Fernando Fonseca, E.P.E.","38.7422257, -9.2264834",329.0,253.0,846.0,31.0,,,181.0,281.0,651.0,,,,,86.0,2658.0,2015,4
2015-04-01,Lisboa e Vale do Tejo,"Instituto Português Oncologia Francisco Gentil - Lisboa, E.P.E.","38.7396768, -9.1634516",225.0,99.0,506.0,22.0,,,156.0,231.0,395.0,,,,,138.0,1772.0,2015,4
2015-04-01,Serviços Centrais,Serviço de Intervenção nos Comportamentos Aditivos e nas Dependências,"38.7653399, -9.1611815",1.0,0.0,0.0,3.0,,,0.0,42.0,3.0,,,,,115.0,164.0,2015,4
2015-04-01,Centro,"Unidade Local de Saúde Guarda, E.P.E.","40.5309916, -7.2734793",190.0,80.0,622.0,28.0,,,106.0,187.0,400.0,,,,,43.0,1656.0,2015,4
2015-04-01,Norte,"Unidade Local de Saúde Matosinhos, E.P.E.","41.1794456, -8.6745115",375.0,223.0,777.0,8.0,,,122.0,279.0,384.0,,,,,87.0,2255.0,2015,4
2015-04-01,Norte,"Unidade Local de Saúde Nordeste, E.P.E.","41.8056532, -6.7888197",194.0,100.0,585.0,26.0,,,124.0,277.0,403.0,,,,,81.0,1790.0,2015,4
2016-05-01,Norte,"Centro Hospitalar Universitário de S. João, E.P.E.","41.1831056, -8.6010558",845.0,593.0,2052.0,35.0,,,335.0,400.0,1131.0,,,,,214.0,5605.0,2016,5
2016-05-01,Lisboa e Vale do Tejo,"Centro Hospitalar Universitário de Lisboa Norte, E.P.E.","38.7500861, -9.1616116",799.0,654.0,1837.0,79.0,,,492.0,641.0,1454.0,,,,,260.0,6216.0,2016,5
2016-05-01,Norte,"Hospital Santa Maria Maior, E.P.E.","41.5324234, -8.6171561",55.0,35.0,174.0,5.0,,,28.0,42.0,140.0,,,,,21.0,500.0,2016,5
2016-05-01,Lisboa e Vale do Tejo,Instituto de Oftalmologia Gama Pinto,"38.7218793, -9.144249",29.0,8.0,23.0,1.0,,,10.0,19.0,17.0,,,,,12.0,119.0,2016,5
2016-05-01,Serviços Centrais,"Instituto Nacional de Emergência Médica, I.P.","38.7313954, -9.1447467",5.0,0.0,118.0,0.0,,,0.0,274.0,9.0,,,,,898.0,1304.0,2016,5
2016-05-01,Norte,"Unidade Local de Saúde Matosinhos, E.P.E.","41.1794456, -8.6745115",389.0,229.0,795.0,9.0,,,128.0,287.0,391.0,,,,,90.0,2318.0,2016,5
2016-05-01,Alentejo,"Unidade Local de Saúde Litoral Alentejano, E.P.E.","38.0162314, -8.6956768",86.0,49.0,326.0,8.0,,,75.0,147.0,196.0,,,,,36.0,923.0,2016,5
2016-05-01,Alentejo,"Unidade Local de Saúde Norte Alentejano, E.P.E.","39.3003425, -7.4263845",148.0,59.0,536.0,6.0,,,109.0,248.0,369.0,,,,,74.0,1549.0,2016,5
2017-05-01,Serviços Centrais,"Infarmed - Autoridade Nacional do Medicamento e Produtos de Saúde, I.P.","38.7582532, -9.1502867",0.0,0.0,0.0,8.0,,,2.0,77.0,6.0,,,,,260.0,353.0,2017,5
2017-05-01,Norte,"Centro Hospitalar de Entre o Douro e Vouga, E.P.E.","40.9293884, -8.5458794",262.0,150.0,637.0,17.0,,,118.0,166.0,594.0,,,,,53.0,1997.0,2017,5
2017-05-01,Norte,"Hospital da Senhora da Oliveira - Guimarães, E.P.E.","41.4387173, -8.3086907",244.0,173.0,590.0,11.0,,,98.0,124.0,298.0,,,,,46.0,1584.0,2017,5
2017-05-01,Lisboa e Vale do Tejo,"Hospital Professor Doutor Fernando Fonseca, E.P.E.","38.7422257, -9.2264834",376.0,265.0,975.0,36.0,,,206.0,280.0,716.0,,,,,95.0,2949.0,2017,5
2017-05-01,Serviços Centrais,"Instituto Português do Sangue e da Transplantação, I.P.","38.7567758, -9.1505021",30.0,0.0,67.0,21.0,,,115.0,87.0,87.0,,,,,52.0,459.0,2017,5
2017-05-01,Centro,"Instituto Português Oncologia Francisco Gentil - Coimbra, E.P.E.","40.2162514, -8.4103814",140.0,44.0,264.0,27.0,,,95.0,124.0,254.0,,,,,42.0,990.0,2017,5
2017-05-01,Lisboa e Vale do Tejo,"Instituto Português Oncologia Francisco Gentil - Lisboa, E.P.E.","38.7396768, -9.1634516",244.0,103.0,526.0,22.0,,,184.0,230.0,409.0,,,,,147.0,1865.0,2017,5
2017-05-01,Serviços Centrais,Secretaria Geral do Ministério da Saúde,"38.7362218, -9.1463126",0.0,0.0,0.0,0.0,,,0.0,11.0,15.0,,,,,29.0,55.0,2017,5
2017-05-01,Serviços Centrais,"Serviços Partilhados do Ministério da Saúde, E.P.E.","38.739767, -9.1489431",0.0,0.0,0.0,0.0,,,0.0,67.0,11.0,,,,,210.0,288.0,2017,5
2017-05-01,Serviços Centrais,Serviço de Intervenção nos Comportamentos Aditivos e nas Dependências,"38.7653399, -9.1611815",1.0,0.0,1.0,4.0,,,0.0,43.0,3.0,,,,,114.0,166.0,2017,5
2017-05-01,Norte,"Unidade Local de Saúde Matosinhos, E.P.E.","41.1794456, -8.6745115",396.0,234.0,788.0,9.0,,,130.0,283.0,384.0,,,,,94.0,2318.0,2017,5
2017-03-01,Alentejo,"Unidade Local de Saúde Litoral Alentejano, E.P.E.","38.7156219, -9.1431603",89.0,43.0,340.0,8.0,,,76.0,149.0,204.0,,,,,41.0,950.0,2017,3
2017-05-01,Norte,"Unidade Local de Saúde Nordeste, E.P.E.","41.8056532, -6.7888197",204.0,111.0,635.0,22.0,,,128.0,273.0,416.0,,,,,80.0,1869.0,2017,5
2015-05-01,Lisboa e Vale do Tejo,"Centro Hospitalar Barreiro Montijo, E.P.E.","38.6554005, -9.0592392",158.0,105.0,537.0,13.0,,,142.0,170.0,382.0,,,,,55.0,1562.0,2015,5
2015-05-01,Centro,"Centro Hospitalar Universitário Cova da Beira, E.P.E.","40.2804158, -7.4922407",113.0,63.0,401.0,5.0,,,88.0,169.0,295.0,,,,,87.0,1221.0,2015,5
2015-05-01,Norte,"Centro Hospitalar Póvoa de Varzim/Vila do Conde, E.P.E.","41.3828711, -8.7589945",76.0,26.0,209.0,5.0,,,31.0,67.0,135.0,,,,,37.0,586.0,2015,5
2015-05-01,Centro,"Centro Hospitalar Tondela-Viseu, E.P.E.","40.516364, -8.0827433",297.0,182.0,793.0,21.0,,,157.0,225.0,504.0,,,,,47.0,2226.0,2015,5
2015-05-01,Serviços Centrais,Direção-Geral da Saúde,"38.7364065, -9.1379161",16.0,1.0,10.0,3.0,,,2.0,32.0,13.0,,,,,58.0,135.0,2015,5
2015-05-01,Norte,"Hospital de Magalhães Lemos, E.P.E.","41.1764649, -8.6649823",33.0,25.0,124.0,12.0,,,10.0,32.0,114.0,,,,,24.0,374.0,2015,5
2015-05-01,Centro,"Hospital Distrital da Figueira da Foz, E.P.E.","40.117897, -8.8586755",78.0,44.0,182.0,5.0,,,48.0,58.0,126.0,,,,,28.0,569.0,2015,5
2015-05-01,Lisboa e Vale do Tejo,"Hospital Professor Doutor Fernando Fonseca, E.P.E.","38.7422257, -9.2264834",327.0,253.0,853.0,31.0,,,182.0,280.0,657.0,,,,,86.0,2669.0,2015,5
2015-05-01,Lisboa e Vale do Tejo,Instituto de Oftalmologia Gama Pinto,"38.7218793, -9.144249",29.0,6.0,18.0,1.0,,,10.0,17.0,14.0,,,,,11.0,106.0,2015,5
2015-05-01,Norte,"Instituto Português Oncologia Francisco Gentil - Porto, E.P.E.","41.1785642, -8.6062881",258.0,95.0,654.0,65.0,,,160.0,183.0,480.0,,,,,82.0,1977.0,2015,5
2015-05-01,Serviços Centrais,"Serviços Partilhados do Ministério da Saúde, E.P.E.","38.739767, -9.1489431",0.0,0.0,0.0,0.0,,,0.0,88.0,9.0,,,,,166.0,263.0,2015,5
2015-05-01,Alentejo,"Unidade Local de Saúde Baixo Alentejo, E.P.E.","38.014123, -7.8721227",162.0,70.0,521.0,33.0,,,117.0,247.0,379.0,,,,,74.0,1603.0,2015,5
2015-05-01,Alentejo,"Unidade Local de Saúde Litoral Alentejano, E.P.E.","38.0162314, -8.6956768",78.0,43.0,317.0,10.0,,,69.0,144.0,191.0,,,,,32.0,884.0,2015,5
2015-05-01,Alentejo,"Unidade Local de Saúde Norte Alentejano, E.P.E.","39.3003425, -7.4263845",151.0,55.0,536.0,6.0,,,118.0,249.0,373.0,,,,,76.0,1564.0,2015,5
2016-05-01,Serviços Centrais,Direção-Geral da Saúde,"38.7364065, -9.1379161",16.0,1.0,11.0,3.0,,,3.0,32.0,13.0,,,,,58.0,137.0,2016,5
2017-06-01,Lisboa e Vale do Tejo,"Centro Hospitalar Barreiro Montijo, E.P.E.","38.6554005, -9.0592392",177.0,104.0,617.0,11.0,,,154.0,168.0,425.0,,,,,59.0,1715.0,2017,6
2017-06-01,Lisboa e Vale do Tejo,"Centro Hospitalar Universitário Lisboa Central, E.P.E.","38.7166948, -9.1371248",1029.0,621.0,2495.0,63.0,,,635.0,725.0,1792.0,,,,,215.0,7575.0,2017,6
2017-06-01,Centro,"Centro Hospitalar do Baixo Vouga, E.P.E.","40.6362453, -8.6543716",238.0,131.0,696.0,21.0,,,114.0,136.0,374.0,,,,,38.0,1748.0,2017,6
2017-06-01,Alentejo,"Unidade Local de Saúde Litoral Alentejano, E.P.E.","38.0162314, -8.6956768",89.0,40.0,344.0,7.0,,,75.0,153.0,201.0,,,,,40.0,949.0,2017,6
2017-06-01,Lisboa e Vale do Tejo,"Hospital Garcia de Orta, E.P.E.","38.6658713, -9.1822554",373.0,201.0,919.0,11.0,,,196.0,227.0,605.0,,,,,106.0,2638.0,2017,6
2017-06-01,Serviços Centrais,"Instituto Nacional de Emergência Médica, I.P.","38.7313954, -9.1447467",4.0,0.0,175.0,0.0,,,,79.0,9.0,,,,,1027.0,1294.0,2017,6
2017-06-01,Serviços Centrais,"Serviços Partilhados do Ministério da Saúde, E.P.E.","38.739767, -9.1489431",0.0,0.0,0.0,,,,0.0,65.0,11.0,,,,,209.0,285.0,2017,6
2017-06-01,Centro,"Unidade Local de Saúde Guarda, E.P.E.","40.5309916, -7.2734793",197.0,73.0,666.0,26.0,,,125.0,218.0,493.0,,,,,67.0,1865.0,2017,6
2017-06-01,Norte,"Unidade Local de Saúde Alto Minho, E.P.E.","41.7056054, -8.8252713",391.0,184.0,915.0,36.0,,,105.0,348.0,478.0,,,,,85.0,2542.0,2017,6
2017-07-01,Alentejo,"Unidade Local de Saúde Litoral Alentejano, E.P.E.","38.0162314, -8.6956768",88.0,39.0,353.0,7.0,,,76.0,152.0,200.0,,,,,40.0,955.0,2017,7
2016-06-01,Serviços Centrais,"Infarmed - Autoridade Nacional do Medicamento e Produtos de Saúde, I.P.","38.7582532, -9.1502867",0.0,0.0,0.0,7.0,,,2.0,82.0,6.0,,,,,264.0,361.0,2016,6
2016-06-01,Lisboa e Vale do Tejo,"Centro Hospitalar Universitário Lisboa Central, E.P.E.","38.7166948, -9.1371248",1014.0,626.0,2308.0,64.0,,,648.0,730.0,1697.0,,,,,211.0,7298.0,2016,6
2016-06-01,Norte,"Centro Hospitalar Universitário do Porto, E.P.E.","41.1472498, -8.6172617",665.0,418.0,1332.0,64.0,,,289.0,418.0,930.0,,,,,126.0,4242.0,2016,6
2016-06-01,Lisboa e Vale do Tejo,Centro Hospitalar Psiquiátrico de Lisboa,"38.7569771, -9.1460705",54.0,46.0,167.0,49.0,,,26.0,55.0,141.0,,,,,34.0,572.0,2016,6
2016-06-01,Norte,"Centro Hospitalar Tâmega e Sousa, E.P.E.","41.2494561, -8.264901",221.0,146.0,552.0,10.0,,,109.0,228.0,434.0,,,,,67.0,1767.0,2016,6
2016-06-01,Centro,Centro Medicina de Reabilitação da Região Centro - Rovisco Pais,"40.297919, -8.7707806",9.0,9.0,50.0,1.0,,,18.0,18.0,31.0,,,,,11.0,147.0,2016,6
2016-06-01,Alentejo,"Hospital do Espírito Santo de Évora, E.P.E.","38.5684861, -7.9032848",174.0,105.0,474.0,5.0,,,122.0,146.0,338.0,,,,,64.0,1428.0,2016,6
2016-06-01,Lisboa e Vale do Tejo,"Instituto Português Oncologia Francisco Gentil - Lisboa, E.P.E.","38.7396768, -9.1634516",235.0,96.0,514.0,22.0,,,184.0,241.0,402.0,,,,,143.0,1837.0,2016,6
2016-06-01,Serviços Centrais,Secretaria Geral do Ministério da Saúde,"38.7362218, -9.1463126",0.0,0.0,0.0,0.0,,,0.0,16.0,15.0,,,,,28.0,59.0,2016,6
2016-06-01,Centro,"Unidade Local de Saúde Guarda, E.P.E.","40.5309916, -7.2734793",192.0,69.0,634.0,28.0,,,111.0,182.0,395.0,,,,,59.0,1670.0,2016,6
2016-06-01,Norte,"Unidade Local de Saúde Alto Minho, E.P.E.","41.7056054, -8.8252713",385.0,176.0,868.0,36.0,,,106.0,346.0,455.0,,,,,79.0,2451.0,2016,6
2015-06-01,Lisboa e Vale do Tejo,"Centro Hospitalar de Lisboa Ocidental, E.P.E.","38.708454, -9.216985",503.0,354.0,1219.0,29.0,,,293.0,393.0,839.0,,,,,117.0,3747.0,2015,6
2015-06-01,Norte,"Centro Hospitalar Tâmega e Sousa, E.P.E.","41.2494561, -8.264901",220.0,134.0,547.0,10.0,,,92.0,199.0,388.0,,,,,63.0,1653.0,2015,6
2015-06-01,Serviços Centrais,Direção-Geral da Saúde,"38.7364065, -9.1379161",16.0,1.0,10.0,3.0,,,2.0,32.0,13.0,,,,,58.0,135.0,2015,6
2015-06-01,Centro,Hospital Arcebispo João Crisóstomo - Cantanhede,"40.3470015, -8.5933462",4.0,0.0,36.0,2.0,,,8.0,21.0,22.0,,,,,7.0,100.0,2015,6
2015-06-01,Norte,"Hospital da Senhora da Oliveira - Guimarães, E.P.E.","41.4417064, -8.1722408",228.0,152.0,517.0,11.0,,,93.0,128.0,269.0,,,,,41.0,1439.0,2015,6
2015-06-01,Serviços Centrais,Inspeção-Geral das Atividades em Saúde,"38.7156219, -9.1431603",1.0,0.0,0.0,0.0,,,0.0,18.0,4.0,,,,,59.0,82.0,2015,6
2015-06-01,Centro,"Instituto Português Oncologia Francisco Gentil - Coimbra, E.P.E.","40.2162514, -8.4103814",127.0,40.0,250.0,28.0,,,87.0,125.0,244.0,,,,,38.0,939.0,2015,6
2015-06-01,Centro,"Unidade Local de Saúde Castelo Branco, E.P.E.","39.8212263, -7.4981271",149.0,64.0,455.0,16.0,,,70.0,171.0,260.0,,,,,44.0,1229.0,2015,6
2015-06-01,Norte,"Unidade Local de Saúde Nordeste, E.P.E.","41.8056532, -6.7888197",198.0,95.0,586.0,26.0,,,127.0,277.0,417.0,,,,,82.0,1808.0,2015,6
2015-06-01,Alentejo,"Unidade Local de Saúde Norte Alentejano, E.P.E.","39.3003425, -7.4263845",152.0,54.0,536.0,6.0,,,118.0,248.0,373.0,,,,,76.0,1563.0,2015,6
2017-07-01,Centro,"Centro Hospitalar do Baixo Vouga, E.P.E.","40.6362453, -8.6543716",240.0,130.0,696.0,21.0,,,115.0,136.0,377.0,,,,,38.0,1753.0,2017,7
2017-07-01,Norte,"Centro Hospitalar do Médio Ave, E.P.E.","41.3423984, -8.4802503",165.0,55.0,347.0,12.0,,,77.0,110.0,250.0,,,,,34.0,1050.0,2017,7
2017-07-01,Lisboa e Vale do Tejo,Centro Hospitalar Psiquiátrico de Lisboa,"38.7569771, -9.1460705",54.0,47.0,163.0,47.0,,,26.0,52.0,134.0,,,,,37.0,560.0,2017,7
2017-07-01,Norte,"Centro Hospitalar Tâmega e Sousa, E.P.E.","41.2494561, -8.264901",242.0,143.0,607.0,10.0,,,114.0,224.0,454.0,,,,,68.0,1862.0,2017,7
2017-07-01,Norte,"Centro Hospitalar de Vila Nova de Gaia/Espinho, E.P.E.","41.1094138, -8.5972617",518.0,342.0,1106.0,31.0,,,181.0,278.0,797.0,,,,,97.0,3350.0,2017,7
2016-07-01,Lisboa e Vale do Tejo,"Centro Hospitalar Barreiro Montijo, E.P.E.","38.6554005, -9.0592392",165.0,96.0,579.0,11.0,,,146.0,170.0,405.0,,,,,59.0,1631.0,2016,7
2016-07-01,Norte,"Centro Hospitalar do Médio Ave, E.P.E.","41.3423984, -8.4802503",153.0,55.0,358.0,13.0,,,77.0,109.0,261.0,,,,,34.0,1060.0,2016,7
2016-07-01,Lisboa e Vale do Tejo,Centro Hospitalar Psiquiátrico de Lisboa,"38.7569771, -9.1460705",53.0,47.0,167.0,49.0,,,26.0,55.0,141.0,,,,,35.0,573.0,2016,7
2016-07-01,Norte,"Centro Hospitalar Tâmega e Sousa, E.P.E.","41.2494561, -8.264901",224.0,141.0,552.0,10.0,,,106.0,228.0,432.0,,,,,67.0,1760.0,2016,7
2016-07-01,Centro,"Centro Hospitalar Tondela-Viseu, E.P.E.","40.516364, -8.0827433",305.0,190.0,826.0,23.0,,,161.0,224.0,510.0,,,,,47.0,2286.0,2016,7
2016-07-01,Norte,"Hospital da Senhora da Oliveira - Guimarães, E.P.E.","41.4387173, -8.3086907",240.0,156.0,549.0,11.0,,,97.0,123.0,284.0,,,,,46.0,1506.0,2016,7
2016-07-01,Lisboa e Vale do Tejo,"Hospital Distrital de Santarém, E.P.E.","39.2410946, -8.6937515",162.0,115.0,555.0,12.0,,,107.0,138.0,414.0,,,,,45.0,1548.0,2016,7
2016-07-01,Serviços Centrais,"Instituto Nacional de Emergência Médica, I.P.","38.7313954, -9.1447467",5.0,0.0,117.0,0.0,,,0.0,270.0,9.0,,,,,893.0,1294.0,2016,7
2016-07-01,Alentejo,"Unidade Local de Saúde Baixo Alentejo, E.P.E.","38.014123, -7.8721227",163.0,64.0,537.0,34.0,,,121.0,245.0,397.0,,,,,77.0,1638.0,2016,7
2016-07-01,Alentejo,"Unidade Local de Saúde Litoral Alentejano, E.P.E.","38.0162314, -8.6956768",87.0,48.0,331.0,7.0,,,75.0,147.0,195.0,,,,,36.0,926.0,2016,7
2016-07-01,Norte,"Unidade Local de Saúde Nordeste, E.P.E.","41.8056532, -6.7888197",201.0,89.0,622.0,25.0,,,131.0,275.0,424.0,,,,,80.0,1847.0,2016,7
2015-07-01,Lisboa e Vale do Tejo,"Centro Hospitalar de Setúbal, E.P.E.","38.5283754, -8.8818638",221.0,111.0,681.0,9.0,,,148.0,220.0,613.0,,,,,72.0,2075.0,2015,7
2015-07-01,Centro,"Centro Hospitalar e Universitário de Coimbra, E.P.E.","40.2191523, -8.4098211",939.0,681.0,2654.0,119.0,,,465.0,704.0,1589.0,,,,,205.0,7356.0,2015,7
2015-07-01,Norte,"Centro Hospitalar de Entre o Douro e Vouga, E.P.E.","40.9293884, -8.5458794",217.0,128.0,565.0,18.0,,,111.0,153.0,543.0,,,,,49.0,1784.0,2015,7
2015-07-01,Lisboa e Vale do Tejo,"Centro Hospitalar Universitário de Lisboa Norte, E.P.E.","38.7500861, -9.1616116",808.0,608.0,1817.0,80.0,,,487.0,654.0,1455.0,,,,,244.0,6153.0,2015,7
2015-07-01,Serviços Centrais,Direção-Geral da Saúde,"38.7364065, -9.1379161",16.0,1.0,10.0,3.0,,,2.0,32.0,13.0,,,,,57.0,134.0,2015,7
2015-07-01,Centro,Hospital Arcebispo João Crisóstomo - Cantanhede,"40.3470015, -8.5933462",4.0,0.0,36.0,2.0,,,8.0,21.0,22.0,,,,,7.0,100.0,2015,7
2015-07-01,Norte,"Hospital de Magalhães Lemos, E.P.E.","41.1764649, -8.6649823",33.0,24.0,123.0,12.0,,,10.0,30.0,115.0,,,,,26.0,373.0,2015,7
2015-07-01,Lisboa e Vale do Tejo,"Hospital Garcia de Orta, E.P.E.","38.6658713, -9.1822554",334.0,220.0,857.0,11.0,,,176.0,225.0,556.0,,,,,97.0,2476.0,2015,7
2015-07-01,Norte,"Hospital Santa Maria Maior, E.P.E.","41.5324234, -8.6171561",48.0,31.0,174.0,5.0,,,24.0,41.0,136.0,,,,,22.0,481.0,2015,7
2015-07-01,Centro,"Instituto Português Oncologia Francisco Gentil - Coimbra, E.P.E.","40.2162514, -8.4103814",127.0,40.0,250.0,28.0,,,88.0,124.0,246.0,,,,,38.0,941.0,2015,7
2015-07-01,Serviços Centrais,"Serviços Partilhados do Ministério da Saúde, E.P.E.","38.739767, -9.1489431",0.0,0.0,0.0,0.0,,,0.0,87.0,9.0,,,,,176.0,272.0,2015,7
2015-07-01,Norte,"Unidade Local de Saúde Matosinhos, E.P.E.","41.1794456, -8.6745115",383.0,217.0,785.0,8.0,,,126.0,282.0,384.0,,,,,88.0,2273.0,2015,7
2015-07-01,Alentejo,"Unidade Local de Saúde Baixo Alentejo, E.P.E.","38.014123, -7.8721227",163.0,69.0,521.0,33.0,,,118.0,247.0,378.0,,,,,74.0,1603.0,2015,7
2016-07-01,Serviços Centrais,Direção-Geral da Saúde,"38.7364065, -9.1379161",16.0,1.0,12.0,3.0,,,3.0,31.0,13.0,,,,,57.0,136.0,2016,7
2016-07-01,Serviços Centrais,Inspeção-Geral das Atividades em Saúde,"38.7156219, -9.1431603",1.0,0.0,0.0,0.0,,,0.0,16.0,3.0,,,,,60.0,80.0,2016,7
2017-08-01,Centro,"Centro Hospitalar do Baixo Vouga, E.P.E.","40.6362453, -8.6543716",245.0,126.0,698.0,19.0,,,115.0,136.0,374.0,,,,,38.0,1751.0,2017,8
2017-08-01,Lisboa e Vale do Tejo,"Centro Hospitalar do Oeste, E.P.E.","39.4054629, -9.1258493",158.0,103.0,562.0,14.0,,,113.0,188.0,312.0,,,,,44.0,1494.0,2017,8
2017-08-01,Norte,"Centro Hospitalar de Entre o Douro e Vouga, E.P.E.","40.9293884, -8.5458794",263.0,144.0,651.0,17.0,,,120.0,166.0,595.0,,,,,54.0,2010.0,2017,8
2017-08-01,Serviços Centrais,Direção-Geral da Saúde,"38.7364065, -9.1379161",17.0,0.0,13.0,3.0,,,3.0,29.0,13.0,,,,,59.0,137.0,2017,8
2017-08-01,Centro,Hospital Arcebispo João Crisóstomo - Cantanhede,"40.3470015, -8.5933462",4.0,0.0,34.0,2.0,,,8.0,21.0,22.0,,,,,7.0,98.0,2017,8
2017-08-01,Lisboa e Vale do Tejo,Instituto de Oftalmologia Gama Pinto,"38.7218793, -9.144249",33.0,9.0,24.0,1.0,,,10.0,18.0,14.0,,,,,14.0,123.0,2017,8
2017-08-01,Lisboa e Vale do Tejo,"Instituto Português Oncologia Francisco Gentil - Lisboa, E.P.E.","38.7396768, -9.1634516",248.0,100.0,525.0,22.0,,,185.0,227.0,396.0,,,,,148.0,1851.0,2017,8
2017-08-01,Serviços Centrais,"Serviços Partilhados do Ministério da Saúde, E.P.E.","38.739767, -9.1489431",0.0,0.0,0.0,0.0,,,0.0,62.0,9.0,,,,,210.0,281.0,2017,8
2017-08-01,Serviços Centrais,Serviço de Intervenção nos Comportamentos Aditivos e nas Dependências,"38.7653399, -9.1611815",1.0,0.0,1.0,4.0,,,0.0,43.0,3.0,,,,,112.0,164.0,2017,8
2017-05-01,Alentejo,"Unidade Local de Saúde Norte Alentejano, E.P.E.","39.3003425, -7.4263845",150.0,52.0,552.0,6.0,,,113.0,240.0,375.0,,,,,74.0,1562.0,2017,5
2015-08-01,Lisboa e Vale do Tejo,"Centro Hospitalar Barreiro Montijo, E.P.E.","38.6554005, -9.0592392",157.0,100.0,547.0,12.0,,,142.0,169.0,384.0,,,,,54.0,1565.0,2015,8
2015-08-01,Lisboa e Vale do Tejo,"Centro Hospitalar de Lisboa Ocidental, E.P.E.","38.708454, -9.216985",505.0,350.0,1228.0,29.0,,,294.0,391.0,845.0,,,,,113.0,3755.0,2015,8
2015-08-01,Norte,"Centro Hospitalar do Médio Ave, E.P.E.","41.3423984, -8.4802503",156.0,63.0,354.0,13.0,,,76.0,109.0,259.0,,,,,33.0,1063.0,2015,8
2015-08-01,Centro,Hospital Arcebispo João Crisóstomo - Cantanhede,"40.3470015, -8.5933462",4.0,0.0,36.0,2.0,,,8.0,20.0,22.0,,,,,6.0,98.0,2015,8
2015-08-01,Serviços Centrais,"Instituto Português do Sangue e da Transplantação, I.P.","38.7567758, -9.1505021",28.0,0.0,71.0,22.0,,,119.0,90.0,87.0,,,,,50.0,467.0,2015,8
2015-08-01,Centro,"Instituto Português Oncologia Francisco Gentil - Coimbra, E.P.E.","40.2162514, -8.4103814",126.0,39.0,250.0,28.0,,,88.0,127.0,247.0,,,,,38.0,943.0,2015,8
2015-08-01,Norte,"Unidade Local de Saúde Matosinhos, E.P.E.","41.1794456, -8.6745115",384.0,216.0,780.0,8.0,,,129.0,282.0,386.0,,,,,88.0,2273.0,2015,8
2015-08-01,Norte,"Unidade Local de Saúde Alto Minho, E.P.E.","41.7056054, -8.8252713",370.0,163.0,800.0,35.0,,,104.0,345.0,475.0,,,,,74.0,2366.0,2015,8
2016-08-01,Lisboa e Vale do Tejo,"Centro Hospitalar Barreiro Montijo, E.P.E.","38.6554005, -9.0592392",167.0,95.0,591.0,11.0,,,148.0,170.0,402.0,,,,,59.0,1643.0,2016,8
2016-08-01,Centro,"Centro Hospitalar de Leiria, E.P.E.","39.7414812, -8.7982706",207.0,130.0,744.0,21.0,,,117.0,160.0,521.0,,,,,50.0,1950.0,2016,8
2016-08-01,Lisboa e Vale do Tejo,"Centro Hospitalar Universitário Lisboa Central, E.P.E.","38.7166948, -9.1371248",1033.0,592.0,2328.0,64.0,,,653.0,731.0,1713.0,,,,,212.0,7326.0,2016,8
2016-08-01,Norte,"Centro Hospitalar Póvoa de Varzim/Vila do Conde, E.P.E.","41.3828711, -8.7589945",84.0,31.0,220.0,5.0,,,32.0,71.0,152.0,,,,,40.0,635.0,2016,8
2016-08-01,Serviços Centrais,Direção-Geral da Saúde,"38.7364065, -9.1379161",16.0,1.0,12.0,3.0,,,3.0,31.0,13.0,,,,,57.0,136.0,2016,8
2016-08-01,Norte,"Hospital Santa Maria Maior, E.P.E.","41.5324234, -8.6171561",57.0,33.0,176.0,5.0,,,26.0,43.0,137.0,,,,,21.0,498.0,2016,8
2016-08-01,Lisboa e Vale do Tejo,Instituto de Oftalmologia Gama Pinto,"38.7218793, -9.144249",30.0,8.0,23.0,1.0,,,10.0,19.0,16.0,,,,,11.0,118.0,2016,8
2016-08-01,Serviços Centrais,"Instituto Nacional de Saúde Dr. Ricardo Jorge, I.P.","38.7643827, -9.1663422",7.0,0.0,3.0,90.0,,,103.0,87.0,59.0,,,,,127.0,476.0,2016,8
2016-08-01,Serviços Centrais,"Instituto Português do Sangue e da Transplantação, I.P.","38.7567758, -9.1505021",29.0,0.0,68.0,21.0,,,116.0,88.0,89.0,,,,,53.0,464.0,2016,8
2016-08-01,Centro,"Unidade Local de Saúde Guarda, E.P.E.","40.5309916, -7.2734793",196.0,64.0,633.0,28.0,,,112.0,182.0,394.0,,,,,59.0,1668.0,2016,8
2016-08-01,Centro,"Unidade Local de Saúde Castelo Branco, E.P.E.","39.8212263, -7.4981271",151.0,66.0,456.0,16.0,,,72.0,174.0,284.0,,,,,48.0,1267.0,2016,8
2016-08-01,Norte,"Unidade Local de Saúde Alto Minho, E.P.E.","41.7056054, -8.8252713",385.0,163.0,883.0,35.0,,,106.0,345.0,471.0,,,,,81.0,2469.0,2016,8
2016-08-01,Alentejo,"Unidade Local de Saúde Baixo Alentejo, E.P.E.","38.014123, -7.8721227",164.0,64.0,537.0,33.0,,,121.0,245.0,395.0,,,,,77.0,1636.0,2016,8
2016-08-01,Alentejo,"Unidade Local de Saúde Norte Alentejano, E.P.E.","39.3003425, -7.4263845",148.0,56.0,527.0,6.0,,,110.0,246.0,363.0,,,,,74.0,1530.0,2016,8
2017-09-01,Lisboa e Vale do Tejo,"Centro Hospitalar de Setúbal, E.P.E.","38.5283754, -8.8818638",231.0,128.0,734.0,9.0,,,157.0,210.0,624.0,,,,,76.0,2169.0,2017,9
2017-06-01,Alentejo,"Unidade Local de Saúde Norte Alentejano, E.P.E.","39.3003425, -7.4263845",150.0,52.0,551.0,6.0,,,112.0,240.0,372.0,,,,,74.0,1557.0,2017,6
2017-09-01,Centro,"Unidade Local de Saúde Castelo Branco, E.P.E.","39.8212263, -7.4981271",155.0,58.0,467.0,16.0,,,72.0,172.0,273.0,,,,,49.0,1262.0,2017,9
2017-09-01,Norte,"Unidade Local de Saúde Matosinhos, E.P.E.","41.1794456, -8.6745115",397.0,223.0,790.0,9.0,,,129.0,285.0,379.0,,,,,94.0,2306.0,2017,9
2017-09-01,Norte,"Unidade Local de Saúde Alto Minho, E.P.E.","41.7056054, -8.8252713",391.0,177.0,924.0,35.0,,,104.0,348.0,476.0,,,,,86.0,2541.0,2017,9
2017-09-01,Alentejo,"Unidade Local de Saúde Norte Alentejano, E.P.E.","39.3003425, -7.4263845",150.0,48.0,551.0,6.0,,,115.0,242.0,369.0,,,,,72.0,1553.0,2017,9
2016-09-01,Centro,"Centro Hospitalar do Baixo Vouga, E.P.E.","40.6362453, -8.6543716",231.0,111.0,663.0,20.0,,,107.0,138.0,359.0,,,,,41.0,1670.0,2016,9
2016-09-01,Norte,"Hospital da Senhora da Oliveira - Guimarães, E.P.E.","41.4387173, -8.3086907",248.0,144.0,550.0,11.0,,,98.0,123.0,295.0,,,,,46.0,1515.0,2016,9
2016-09-01,Norte,"Hospital de Magalhães Lemos, E.P.E.","41.1764649, -8.6649823",37.0,17.0,130.0,12.0,,,9.0,29.0,119.0,,,,,25.0,378.0,2016,9
2016-09-01,Norte,"Instituto Português Oncologia Francisco Gentil - Porto, E.P.E.","41.1785642, -8.6062881",271.0,86.0,690.0,68.0,,,181.0,197.0,490.0,,,,,90.0,2073.0,2016,9
2016-09-01,Centro,"Unidade Local de Saúde Castelo Branco, E.P.E.","39.8212263, -7.4981271",155.0,62.0,457.0,16.0,,,72.0,174.0,284.0,,,,,47.0,1267.0,2016,9
2016-09-01,Norte,"Unidade Local de Saúde Matosinhos, E.P.E.","41.1794456, -8.6745115",395.0,206.0,782.0,9.0,,,127.0,290.0,377.0,,,,,93.0,2279.0,2016,9
2016-09-01,Alentejo,"Unidade Local de Saúde Litoral Alentejano, E.P.E.","38.0162314, -8.6956768",89.0,46.0,345.0,8.0,,,73.0,148.0,198.0,,,,,41.0,948.0,2016,9
2015-09-01,Centro,"Centro Hospitalar Universitário Cova da Beira, E.P.E.","40.2804158, -7.4922407",115.0,56.0,406.0,5.0,,,93.0,167.0,302.0,,,,,84.0,1228.0,2015,9
2015-09-01,Lisboa e Vale do Tejo,"Centro Hospitalar do Oeste, E.P.E.","39.4054629, -9.1258493",145.0,86.0,497.0,15.0,,,112.0,191.0,346.0,,,,,45.0,1437.0,2015,9
2015-09-01,Norte,"Centro Hospitalar Tâmega e Sousa, E.P.E.","41.2494561, -8.264901",220.0,133.0,546.0,10.0,,,92.0,209.0,393.0,,,,,61.0,1664.0,2015,9
2015-09-01,Centro,"Centro Hospitalar Tondela-Viseu, E.P.E.","40.516364, -8.0827433",300.0,171.0,815.0,22.0,,,158.0,225.0,513.0,,,,,46.0,2250.0,2015,9
2015-09-01,Norte,"Centro Hospitalar de Trás-os-Montes e Alto Douro, E.P.E.","41.3031784, -7.7515252",252.0,150.0,836.0,27.0,,,158.0,221.0,605.0,,,,,67.0,2316.0,2015,9
2015-09-01,Norte,"Centro Hospitalar de Vila Nova de Gaia/Espinho, E.P.E.","41.1094138, -8.5972617",462.0,299.0,962.0,32.0,,,169.0,281.0,721.0,,,,,82.0,3008.0,2015,9
2015-09-01,Serviços Centrais,Direção-Geral da Saúde,"38.7364065, -9.1379161",16.0,1.0,11.0,3.0,,,2.0,33.0,13.0,,,,,57.0,136.0,2015,9
2015-09-01,Centro,Hospital Arcebispo João Crisóstomo - Cantanhede,"40.3470015, -8.5933462",4.0,0.0,36.0,2.0,,,7.0,20.0,22.0,,,,,6.0,97.0,2015,9
2015-09-01,Norte,"Hospital de Magalhães Lemos, E.P.E.","41.1764649, -8.6649823",33.0,23.0,125.0,12.0,,,10.0,30.0,114.0,,,,,26.0,373.0,2015,9
2015-09-01,Serviços Centrais,"Instituto Nacional de Saúde Dr. Ricardo Jorge, I.P.","38.7643827, -9.1663422",5.0,0.0,2.0,92.0,,,105.0,88.0,57.0,,,,,118.0,467.0,2015,9
2015-09-01,Centro,"Instituto Português Oncologia Francisco Gentil - Coimbra, E.P.E.","40.2162514, -8.4103814",127.0,39.0,250.0,28.0,,,88.0,126.0,248.0,,,,,38.0,944.0,2015,9
2015-09-01,Norte,"Unidade Local de Saúde Matosinhos, E.P.E.","41.1794456, -8.6745115",383.0,217.0,773.0,8.0,,,131.0,284.0,383.0,,,,,88.0,2267.0,2015,9
2015-09-01,Alentejo,"Unidade Local de Saúde Norte Alentejano, E.P.E.","39.3003425, -7.4263845",152.0,54.0,534.0,6.0,,,113.0,248.0,372.0,,,,,76.0,1555.0,2015,9
2018-07-01,Centro,"Administração Regional de Saúde do Centro, I.P.","40.203782, -8.419176",973.0,426.0,1336.0,72.0,,,148.0,1019.0,453.0,,,203.0,19.0,19.0,4668.0,2018,7
2018-07-01,Lisboa e Vale do Tejo,"Administração Regional de Saúde de Lisboa e Vale do Tejo, I.P.","38.748879, -9.139606",2006.0,809.0,2761.0,165.0,,,303.0,1855.0,638.0,,,354.0,32.0,41.0,8964.0,2018,7
2018-07-01,Norte,"Administração Regional de Saúde do Norte, I.P.","41.157454, -8.604431",1994.0,851.0,2820.0,152.0,,,194.0,1985.0,741.0,,,378.0,22.0,32.0,9169.0,2018,7
2018-07-01,Serviços Centrais,"Infarmed - Autoridade Nacional do Medicamento e Produtos de Saúde, I.P.","38.7582532, -9.1502867",0.0,0.0,0.0,9.0,,,2.0,78.0,6.0,,,227.0,3.0,33.0,358.0,2018,7
2018-07-01,Norte,"Centro Hospitalar de Vila Nova de Gaia/Espinho, E.P.E.","41.1094138, -8.5972617",521.0,336.0,1125.0,31.0,,,187.0,280.0,802.0,,,57.0,14.0,22.0,3375.0,2018,7
2018-07-01,Lisboa e Vale do Tejo,"Centro Hospitalar de Setúbal, E.P.E.","38.5283754, -8.8818638",233.0,151.0,729.0,9.0,,,160.0,209.0,615.0,,,47.0,7.0,26.0,2186.0,2018,7
2018-07-01,Norte,"Centro Hospitalar do Médio Ave, E.P.E.","41.3423984, -8.4802503",172.0,56.0,383.0,12.0,,,77.0,107.0,252.0,,,16.0,4.0,15.0,1094.0,2018,7
2018-07-01,Norte,"Centro Hospitalar Tâmega e Sousa, E.P.E.","41.2494561, -8.264901",266.0,147.0,645.0,10.0,,,113.0,222.0,472.0,,,43.0,11.0,19.0,1948.0,2018,7
2018-07-01,Lisboa e Vale do Tejo,"Centro Hospitalar Universitário de Lisboa Norte, E.P.E.","38.7500861, -9.1616116",831.0,648.0,1848.0,76.0,,,497.0,615.0,1438.0,,,169.0,25.0,63.0,6210.0,2018,7
2018-07-01,Centro,Centro Medicina de Reabilitação da Região Centro - Rovisco Pais,"40.297919, -8.7707806",13.0,12.0,71.0,1.0,,,16.0,17.0,30.0,,,5.0,3.0,2.0,170.0,2018,7
2018-07-01,Centro,"Hospital Distrital da Figueira da Foz, E.P.E.","40.117897, -8.8586755",88.0,48.0,205.0,5.0,,,56.0,59.0,138.0,,,21.0,3.0,5.0,628.0,2018,7
2018-07-01,Norte,"Instituto Português Oncologia Francisco Gentil - Porto, E.P.E.","41.1785642, -8.6062881",287.0,97.0,711.0,68.0,,,180.0,205.0,493.0,,,65.0,12.0,16.0,2134.0,2018,7
2018-07-01,Serviços Centrais,"Instituto Português do Sangue e da Transplantação, I.P.","38.7567758, -9.1505021",29.0,0.0,67.0,21.0,,,118.0,83.0,84.0,,,36.0,9.0,8.0,455.0,2018,7
2018-07-01,Serviços Centrais,Secretaria Geral do Ministério da Saúde,"38.7362218, -9.1463126",0.0,0.0,0.0,0.0,,,0.0,8.0,15.0,,,24.0,1.0,7.0,55.0,2018,7
2018-07-01,Serviços Centrais,"Serviços Partilhados do Ministério da Saúde, E.P.E.","38.739767, -9.1489431",0.0,0.0,0.0,0.0,,,0.0,56.0,9.0,,,148.0,21.0,30.0,264.0,2018,7
2018-07-01,Centro,"Unidade Local de Saúde Guarda, E.P.E.","40.5309916, -7.2734793",202.0,79.0,705.0,26.0,,,128.0,218.0,512.0,,,48.0,12.0,14.0,1944.0,2018,7
2018-07-01,Alentejo,"Unidade Local de Saúde Litoral Alentejano, E.P.E.","38.0162314, -8.6956768",92.0,43.0,352.0,6.0,,,75.0,151.0,196.0,,,17.0,5.0,15.0,952.0,2018,7
2018-07-01,Norte,"Unidade Local de Saúde Matosinhos, E.P.E.","41.1794456, -8.6745115",404.0,250.0,795.0,18.0,,,130.0,287.0,370.0,,,47.0,12.0,31.0,2344.0,2018,7
2018-08-01,Lisboa e Vale do Tejo,"Administração Regional de Saúde de Lisboa e Vale do Tejo, I.P.","38.748879, -9.139606",1993.0,805.0,2760.0,165.0,,,303.0,1848.0,637.0,,,355.0,31.0,42.0,8939.0,2018,8
2018-08-01,Norte,"Administração Regional de Saúde do Norte, I.P.","41.157454, -8.604431",1971.0,849.0,2820.0,151.0,,,193.0,1988.0,742.0,,,375.0,22.0,34.0,9145.0,2018,8
2018-08-01,Lisboa e Vale do Tejo,"Centro Hospitalar Universitário Lisboa Central, E.P.E.","38.7166948, -9.1371248",1035.0,626.0,2505.0,59.0,,,630.0,704.0,1781.0,,,139.0,27.0,47.0,7553.0,2018,8
2018-08-01,Norte,"Centro Hospitalar de Entre o Douro e Vouga, E.P.E.","40.9293884, -8.5458794",272.0,146.0,651.0,17.0,,,124.0,171.0,618.0,,,40.0,9.0,11.0,2059.0,2018,8
2018-08-01,Lisboa e Vale do Tejo,"Centro Hospitalar de Lisboa Ocidental, E.P.E.","38.708454, -9.216985",540.0,388.0,1346.0,29.0,,,309.0,392.0,883.0,,,79.0,12.0,29.0,4007.0,2018,8
2018-08-01,Lisboa e Vale do Tejo,"Centro Hospitalar de Setúbal, E.P.E.","38.5283754, -8.8818638",233.0,150.0,743.0,9.0,,,160.0,211.0,611.0,,,47.0,7.0,26.0,2197.0,2018,8
2018-08-01,Centro,"Centro Hospitalar do Baixo Vouga, E.P.E.","40.6362453, -8.6543716",261.0,127.0,707.0,18.0,,,116.0,139.0,375.0,,,21.0,5.0,20.0,1789.0,2018,8
2018-08-01,Norte,"Centro Hospitalar Tâmega e Sousa, E.P.E.","41.2494561, -8.264901",266.0,146.0,651.0,10.0,,,119.0,221.0,477.0,,,42.0,11.0,19.0,1962.0,2018,8
2018-08-01,Lisboa e Vale do Tejo,Centro Hospitalar Psiquiátrico de Lisboa,"38.7569771, -9.1460705",57.0,45.0,169.0,46.0,,,35.0,50.0,129.0,,,24.0,3.0,12.0,570.0,2018,8
2018-08-01,Centro,"Centro Hospitalar e Universitário de Coimbra, E.P.E.","40.2191523, -8.4098211",990.0,691.0,2860.0,117.0,,,491.0,700.0,1650.0,,,133.0,28.0,56.0,7716.0,2018,8
2018-08-01,Norte,"Hospital da Senhora da Oliveira - Guimarães, E.P.E.","41.4387173, -8.3086907",254.0,157.0,645.0,11.0,,,100.0,123.0,308.0,,,33.0,4.0,15.0,1650.0,2018,8
2018-08-01,Alentejo,"Hospital do Espírito Santo de Évora, E.P.E.","38.5684861, -7.9032848",191.0,118.0,538.0,4.0,,,123.0,148.0,345.0,,,35.0,7.0,28.0,1537.0,2018,8
2018-08-01,Centro,"Instituto Português Oncologia Francisco Gentil - Coimbra, E.P.E.","40.2162514, -8.4103814",144.0,46.0,267.0,27.0,,,92.0,123.0,261.0,,,28.0,5.0,12.0,1005.0,2018,8
2018-08-01,Serviços Centrais,Secretaria Geral do Ministério da Saúde,"38.7362218, -9.1463126",0.0,0.0,0.0,0.0,,,0.0,8.0,15.0,,,23.0,1.0,6.0,53.0,2018,8
2018-08-01,Serviços Centrais,Serviço de Intervenção nos Comportamentos Aditivos e nas Dependências,"38.7653399, -9.1611815",1.0,0.0,0.0,2.0,,,0.0,41.0,3.0,,,64.0,7.0,42.0,160.0,2018,8
2018-08-01,Norte,"Unidade Local de Saúde Alto Minho, E.P.E.","41.7056054, -8.8252713",402.0,179.0,929.0,35.0,,,109.0,345.0,460.0,,,62.0,10.0,18.0,2549.0,2018,8
2018-08-01,Alentejo,"Unidade Local de Saúde Litoral Alentejano, E.P.E.","38.0162314, -8.6956768",92.0,43.0,366.0,6.0,,,73.0,157.0,197.0,,,18.0,5.0,15.0,972.0,2018,8
2018-09-01,Serviços Centrais,Ação Governativa,"38.7362218, -9.1463126",0.0,0.0,0.0,0.0,,,0.0,6.0,7.0,,,0.0,1.0,25.0,39.0,2018,9
2018-09-01,Serviços Centrais,"Administração Central do Sistema de Saúde, I.P.","38.7569402, -9.1494097",1.0,0.0,3.0,1.0,,,0.0,32.0,7.0,,,108.0,3.0,28.0,183.0,2018,9
2018-09-01,Norte,"Administração Regional de Saúde do Norte, I.P.","41.157454, -8.604431",1991.0,797.0,2824.0,152.0,,,193.0,1991.0,740.0,,,378.0,23.0,34.0,9123.0,2018,9
2018-09-01,Serviços Centrais,"Infarmed - Autoridade Nacional do Medicamento e Produtos de Saúde, I.P.","38.7582532, -9.1502867",0.0,0.0,0.0,9.0,,,2.0,79.0,6.0,,,226.0,3.0,33.0,358.0,2018,9
2018-09-01,Lisboa e Vale do Tejo,"Centro Hospitalar Universitário Lisboa Central, E.P.E.","38.7166948, -9.1371248",1039.0,615.0,2504.0,59.0,,,633.0,701.0,1776.0,,,140.0,27.0,46.0,7540.0,2018,9
2018-09-01,Lisboa e Vale do Tejo,"Centro Hospitalar do Oeste, E.P.E.","39.4054629, -9.1258493",166.0,98.0,567.0,18.0,,,112.0,205.0,396.0,,,27.0,7.0,12.0,1608.0,2018,9
2018-09-01,Centro,Centro Medicina de Reabilitação da Região Centro - Rovisco Pais,"40.297919, -8.7707806",14.0,12.0,72.0,1.0,,,16.0,17.0,30.0,,,4.0,3.0,3.0,172.0,2018,9
2018-09-01,Norte,"Hospital da Senhora da Oliveira - Guimarães, E.P.E.","41.4387173, -8.3086907",253.0,157.0,650.0,11.0,,,101.0,124.0,314.0,,,34.0,7.0,15.0,1666.0,2018,9
2018-09-01,Centro,"Hospital Distrital da Figueira da Foz, E.P.E.","40.117897, -8.8586755",87.0,47.0,207.0,5.0,,,57.0,61.0,137.0,,,21.0,3.0,7.0,632.0,2018,9
2018-09-01,Alentejo,"Hospital do Espírito Santo de Évora, E.P.E.","38.5684861, -7.9032848",191.0,118.0,537.0,4.0,,,123.0,148.0,345.0,,,36.0,7.0,28.0,1537.0,2018,9
2018-09-01,Lisboa e Vale do Tejo,"Hospital Garcia de Orta, E.P.E.","38.6658713, -9.1822554",384.0,202.0,937.0,11.0,,,202.0,231.0,612.0,,,67.0,10.0,32.0,2688.0,2018,9
2018-09-01,Lisboa e Vale do Tejo,"Hospital Professor Doutor Fernando Fonseca, E.P.E.","38.7422257, -9.2264834",382.0,265.0,981.0,36.0,,,222.0,276.0,682.0,,,53.0,11.0,34.0,2942.0,2018,9
2018-09-01,Centro,"Instituto Português Oncologia Francisco Gentil - Coimbra, E.P.E.","40.2162514, -8.4103814",144.0,46.0,269.0,27.0,,,93.0,120.0,263.0,,,28.0,5.0,13.0,1008.0,2018,9
2018-09-01,Serviços Centrais,"Serviços Partilhados do Ministério da Saúde, E.P.E.","38.739767, -9.1489431",0.0,0.0,0.0,0.0,,,0.0,55.0,9.0,,,136.0,18.0,39.0,257.0,2018,9
2018-09-01,Serviços Centrais,Serviço de Intervenção nos Comportamentos Aditivos e nas Dependências,"38.7653399, -9.1611815",1.0,0.0,0.0,2.0,,,0.0,41.0,3.0,,,65.0,7.0,42.0,161.0,2018,9
2018-09-01,Centro,"Unidade Local de Saúde Castelo Branco, E.P.E.","39.8212263, -7.4981271",153.0,53.0,467.0,16.0,,,75.0,170.0,272.0,,,27.0,11.0,15.0,1259.0,2018,9
2018-09-01,Norte,"Unidade Local de Saúde Alto Minho, E.P.E.","41.7056054, -8.8252713",400.0,176.0,927.0,35.0,,,111.0,345.0,460.0,,,62.0,10.0,18.0,2544.0,2018,9
2018-09-01,Serviços Centrais,Direção-Geral da Saúde,"38.7364065, -9.1379161",16.0,0.0,13.0,2.0,,,4.0,26.0,12.0,,,46.0,4.0,15.0,138.0,2018,9
2018-10-01,Serviços Centrais,"Administração Central do Sistema de Saúde, I.P.","38.7569402, -9.1494097",1.0,0.0,4.0,1.0,,,0.0,31.0,7.0,,,106.0,3.0,28.0,181.0,2018,10
2018-10-01,Lisboa e Vale do Tejo,"Centro Hospitalar Barreiro Montijo, E.P.E.","38.6554005, -9.0592392",183.0,95.0,638.0,11.0,,,157.0,172.0,427.0,,,38.0,9.0,22.0,1752.0,2018,10
2018-10-01,Norte,"Centro Hospitalar Universitário de S. João, E.P.E.","41.1831056, -8.6010558",902.0,536.0,2278.0,33.0,,,347.0,396.0,1231.0,,,167.0,22.0,42.0,5954.0,2018,10
2018-10-01,Lisboa e Vale do Tejo,"Centro Hospitalar de Lisboa Ocidental, E.P.E.","38.708454, -9.216985",557.0,366.0,1355.0,28.0,,,322.0,394.0,885.0,,,82.0,12.0,30.0,4031.0,2018,10
2018-10-01,Algarve,"Centro Hospitalar Universitário do Algarve, E.P.E.","37.0238973, -7.9281554",464.0,259.0,1580.0,21.0,,,329.0,499.0,1020.0,,,148.0,22.0,35.0,4377.0,2018,10
2018-10-01,Lisboa e Vale do Tejo,"Centro Hospitalar Universitário de Lisboa Norte, E.P.E.","38.7500861, -9.1616116",853.0,596.0,1913.0,76.0,,,496.0,608.0,1460.0,,,166.0,25.0,63.0,6256.0,2018,10
2018-10-01,Lisboa e Vale do Tejo,Centro Hospitalar Psiquiátrico de Lisboa,"38.7569771, -9.1460705",58.0,43.0,168.0,46.0,,,35.0,54.0,156.0,,,39.0,4.0,12.0,615.0,2018,10
2018-10-01,Centro,"Centro Hospitalar Tondela-Viseu, E.P.E.","40.516364, -8.0827433",339.0,188.0,891.0,20.0,,,167.0,221.0,521.0,,,27.0,7.0,19.0,2400.0,2018,10
2018-10-01,Centro,Hospital Doutor Francisco Zagalo - Ovar,"40.8571967, -8.6318023",17.0,0.0,49.0,0.0,,,11.0,28.0,27.0,,,4.0,0.0,3.0,139.0,2018,10
2018-10-01,Centro,"Unidade Local de Saúde Castelo Branco, E.P.E.","39.8212263, -7.4981271",156.0,52.0,466.0,16.0,,,75.0,170.0,272.0,,,32.0,11.0,10.0,1260.0,2018,10
2018-10-01,Norte,"Unidade Local de Saúde Alto Minho, E.P.E.","41.7056054, -8.8252713",408.0,168.0,925.0,35.0,,,120.0,361.0,490.0,,,67.0,13.0,18.0,2605.0,2018,10
2018-10-01,Norte,"Unidade Local de Saúde Matosinhos, E.P.E.","41.1794456, -8.6745115",417.0,228.0,810.0,19.0,,,135.0,295.0,380.0,,,49.0,12.0,31.0,2376.0,2018,10
2018-11-01,Norte,"Centro Hospitalar do Médio Ave, E.P.E.","41.3423984, -8.4802503",172.0,55.0,389.0,12.0,,,80.0,108.0,256.0,,,16.0,4.0,15.0,1107.0,2018,11
2018-11-01,Lisboa e Vale do Tejo,"Centro Hospitalar Universitário de Lisboa Norte, E.P.E.","38.7500861, -9.1616116",856.0,590.0,1921.0,76.0,,,496.0,605.0,1457.0,,,165.0,25.0,63.0,6254.0,2018,11
2018-11-01,Centro,Centro Medicina de Reabilitação da Região Centro - Rovisco Pais,"40.297919, -8.7707806",13.0,11.0,72.0,1.0,,,16.0,17.0,30.0,,,4.0,3.0,3.0,170.0,2018,11
2018-11-01,Centro,Hospital Arcebispo João Crisóstomo - Cantanhede,"40.3470015, -8.5933462",6.0,0.0,35.0,2.0,,,8.0,21.0,21.0,,,3.0,1.0,3.0,100.0,2018,11
2018-11-01,Lisboa e Vale do Tejo,"Hospital Distrital de Santarém, E.P.E.","39.2410946, -8.6937515",182.0,105.0,590.0,10.0,,,113.0,133.0,446.0,,,28.0,5.0,15.0,1627.0,2018,11
2018-11-01,Centro,Hospital Doutor Francisco Zagalo - Ovar,"40.8571967, -8.6318023",18.0,0.0,49.0,0.0,,,11.0,28.0,27.0,,,5.0,0.0,3.0,141.0,2018,11
2018-11-01,Centro,"Instituto Português Oncologia Francisco Gentil - Coimbra, E.P.E.","40.2162514, -8.4103814",149.0,42.0,271.0,27.0,,,94.0,120.0,261.0,,,27.0,5.0,13.0,1009.0,2018,11
2018-11-01,Alentejo,"Unidade Local de Saúde Norte Alentejano, E.P.E.","39.3003425, -7.4263845",156.0,50.0,555.0,6.0,,,116.0,244.0,366.0,,,42.0,9.0,25.0,1569.0,2018,11
2018-11-01,Alentejo,"Unidade Local de Saúde Litoral Alentejano, E.P.E.","38.0162314, -8.6956768",93.0,40.0,371.0,6.0,,,78.0,156.0,199.0,,,21.0,4.0,15.0,983.0,2018,11
2018-12-01,Serviços Centrais,"Administração Central do Sistema de Saúde, I.P.","38.7569402, -9.1494097",1.0,0.0,4.0,1.0,,,0.0,37.0,7.0,,,120.0,3.0,27.0,200.0,2018,12
2018-12-01,Centro,"Administração Regional de Saúde do Centro, I.P.","40.203782, -8.419176",1019.0,382.0,1338.0,71.0,,,146.0,1025.0,440.0,,,207.0,19.0,20.0,4667.0,2018,12
2018-12-01,Lisboa e Vale do Tejo,"Administração Regional de Saúde de Lisboa e Vale do Tejo, I.P.","38.748879, -9.139606",2072.0,710.0,2763.0,165.0,,,304.0,1933.0,609.0,,,368.0,35.0,44.0,9003.0,2018,12
2018-12-01,Norte,"Centro Hospitalar de Entre o Douro e Vouga, E.P.E.","40.9293884, -8.5458794",284.0,139.0,650.0,17.0,,,122.0,170.0,623.0,,,40.0,9.0,9.0,2063.0,2018,12
2018-12-01,Lisboa e Vale do Tejo,"Centro Hospitalar Barreiro Montijo, E.P.E.","38.6554005, -9.0592392",189.0,92.0,641.0,11.0,,,157.0,170.0,428.0,,,37.0,9.0,22.0,1756.0,2018,12
2018-12-01,Centro,"Centro Hospitalar Universitário Cova da Beira, E.P.E.","40.2804158, -7.4922407",113.0,71.0,386.0,10.0,,,97.0,161.0,303.0,,,61.0,10.0,9.0,1221.0,2018,12
2018-12-01,Norte,"Centro Hospitalar Universitário de S. João, E.P.E.","41.1831056, -8.6010558",897.0,527.0,2286.0,52.0,,,351.0,396.0,1224.0,,,147.0,22.0,42.0,5944.0,2018,12
2018-12-01,Norte,"Centro Hospitalar do Médio Ave, E.P.E.","41.3423984, -8.4802503",170.0,55.0,384.0,12.0,,,81.0,108.0,255.0,,,16.0,4.0,15.0,1100.0,2018,12
2018-12-01,Lisboa e Vale do Tejo,"Centro Hospitalar Médio Tejo, E.P.E.","39.478072, -8.5404429",154.0,68.0,747.0,25.0,,,153.0,176.0,532.0,,,48.0,12.0,20.0,1935.0,2018,12
2018-12-01,Lisboa e Vale do Tejo,"Centro Hospitalar do Oeste, E.P.E.","39.4054629, -9.1258493",169.0,95.0,585.0,19.0,,,126.0,205.0,405.0,,,30.0,7.0,12.0,1653.0,2018,12
2018-12-01,Norte,"Centro Hospitalar Universitário do Porto, E.P.E.","41.1472498, -8.6172617",728.0,406.0,1438.0,64.0,,,300.0,402.0,914.0,,,93.0,18.0,31.0,4394.0,2018,12
2018-12-01,Lisboa e Vale do Tejo,"Hospital Distrital de Santarém, E.P.E.","39.2410946, -8.6937515",182.0,104.0,588.0,11.0,,,114.0,133.0,446.0,,,27.0,5.0,15.0,1625.0,2018,12
2018-12-01,Lisboa e Vale do Tejo,"Instituto Português Oncologia Francisco Gentil - Lisboa, E.P.E.","38.7396768, -9.1634516",260.0,99.0,546.0,20.0,,,183.0,220.0,394.0,,,110.0,10.0,36.0,1878.0,2018,12
2018-12-01,Serviços Centrais,"Instituto Português do Sangue e da Transplantação, I.P.","38.7567758, -9.1505021",29.0,0.0,67.0,22.0,,,119.0,80.0,86.0,,,36.0,9.0,9.0,457.0,2018,12
2018-12-01,Serviços Centrais,"Serviços Partilhados do Ministério da Saúde, E.P.E.","38.739767, -9.1489431",0.0,0.0,0.0,0.0,,,0.0,69.0,8.0,,,137.0,17.0,43.0,274.0,2018,12
2018-12-01,Alentejo,"Unidade Local de Saúde Baixo Alentejo, E.P.E.","38.014123, -7.8721227",151.0,62.0,582.0,29.0,,,128.0,248.0,397.0,,,46.0,17.0,18.0,1678.0,2018,12
2018-12-01,Norte,"Unidade Local de Saúde Nordeste, E.P.E.","41.8056532, -6.7888197",203.0,86.0,652.0,21.0,,,128.0,267.0,413.0,,,56.0,15.0,9.0,1850.0,2018,12
2019-01-01,Centro,"Administração Regional de Saúde do Centro, I.P.","40.203782, -8.419176",1019.0,442.0,1337.0,70.0,,,146.0,1027.0,438.0,,,207.0,19.0,21.0,4726.0,2019,1
2019-01-01,Norte,"Administração Regional de Saúde do Norte, I.P.","41.157454, -8.604431",2028.0,888.0,2818.0,152.0,,,192.0,1985.0,731.0,,,382.0,24.0,33.0,9233.0,2019,1
2019-01-01,Lisboa e Vale do Tejo,"Centro Hospitalar Universitário Lisboa Central, E.P.E.","38.7166948, -9.1371248",1052.0,687.0,2538.0,76.0,,,638.0,715.0,1802.0,,,123.0,27.0,47.0,7705.0,2019,1
2019-01-01,Lisboa e Vale do Tejo,"Centro Hospitalar de Setúbal, E.P.E.","38.5283754, -8.8818638",254.0,167.0,745.0,9.0,,,163.0,211.0,613.0,,,48.0,7.0,25.0,2242.0,2019,1
2019-01-01,Norte,"Centro Hospitalar do Médio Ave, E.P.E.","41.3423984, -8.4802503",169.0,65.0,380.0,12.0,,,81.0,108.0,252.0,,,16.0,4.0,15.0,1102.0,2019,1
2019-01-01,Lisboa e Vale do Tejo,"Centro Hospitalar Médio Tejo, E.P.E.","39.478072, -8.5404429",154.0,85.0,745.0,25.0,,,152.0,176.0,530.0,,,50.0,12.0,20.0,1949.0,2019,1
2019-01-01,Centro,"Centro Hospitalar Tondela-Viseu, E.P.E.","40.516364, -8.0827433",342.0,223.0,896.0,19.0,,,170.0,223.0,521.0,,,26.0,7.0,22.0,2449.0,2019,1
2019-01-01,Norte,"Hospital Santa Maria Maior, E.P.E.","41.5324234, -8.6171561",63.0,52.0,185.0,5.0,,,29.0,50.0,135.0,,,13.0,3.0,5.0,540.0,2019,1
2019-01-01,Lisboa e Vale do Tejo,"Hospital Distrital de Santarém, E.P.E.","39.2410946, -8.6937515",180.0,124.0,585.0,13.0,,,114.0,134.0,453.0,,,25.0,5.0,15.0,1648.0,2019,1
2019-01-01,Lisboa e Vale do Tejo,"Instituto Português Oncologia Francisco Gentil - Lisboa, E.P.E.","38.7396768, -9.1634516",262.0,114.0,546.0,20.0,,,184.0,221.0,389.0,,,109.0,10.0,36.0,1891.0,2019,1
2019-01-01,Serviços Centrais,"Instituto Português do Sangue e da Transplantação, I.P.","38.7567758, -9.1505021",29.0,0.0,67.0,22.0,,,119.0,79.0,86.0,,,42.0,9.0,9.0,462.0,2019,1
2019-01-01,Serviços Centrais,Secretaria Geral do Ministério da Saúde,"38.7362218, -9.1463126",0.0,0.0,0.0,0.0,,,0.0,13.0,16.0,,,23.0,2.0,7.0,61.0,2019,1
2019-01-01,Serviços Centrais,Serviço de Intervenção nos Comportamentos Aditivos e nas Dependências,"38.7653399, -9.1611815",1.0,0.0,0.0,1.0,,,0.0,40.0,3.0,,,62.0,8.0,44.0,159.0,2019,1
2019-01-01,Alentejo,"Unidade Local de Saúde Norte Alentejano, E.P.E.","39.3003425, -7.4263845",155.0,61.0,553.0,6.0,,,115.0,242.0,365.0,,,41.0,9.0,26.0,1573.0,2019,1
2019-02-01,Alentejo,"Administração Regional de Saúde do Alentejo, I.P.","38.565715, -7.91162",116.0,40.0,217.0,16.0,,,25.0,178.0,90.0,,,67.0,8.0,13.0,770.0,2019,2
2019-02-01,Centro,"Administração Regional de Saúde do Centro, I.P.","40.203782, -8.419176",1032.0,431.0,1351.0,72.0,,,146.0,1027.0,436.0,,,214.0,19.0,20.0,4748.0,2019,2
2019-02-01,Norte,"Centro Hospitalar de Trás-os-Montes e Alto Douro, E.P.E.","41.3031784, -7.7515252",313.0,197.0,1006.0,27.0,,,178.0,221.0,626.0,,,42.0,18.0,12.0,2640.0,2019,2
2019-02-01,Centro,"Centro Hospitalar Universitário Cova da Beira, E.P.E.","40.2804158, -7.4922407",109.0,93.0,390.0,10.0,,,100.0,160.0,309.0,,,61.0,10.0,9.0,1251.0,2019,2
2019-02-01,Lisboa e Vale do Tejo,"Centro Hospitalar de Lisboa Ocidental, E.P.E.","38.708454, -9.216985",555.0,438.0,1363.0,41.0,,,327.0,393.0,897.0,,,68.0,12.0,32.0,4126.0,2019,2
2019-02-01,Centro,"Centro Hospitalar Tondela-Viseu, E.P.E.","40.516364, -8.0827433",343.0,221.0,902.0,19.0,,,169.0,223.0,531.0,,,26.0,7.0,22.0,2463.0,2019,2
2019-02-01,Centro,"Instituto Português Oncologia Francisco Gentil - Coimbra, E.P.E.","40.2162514, -8.4103814",150.0,49.0,268.0,28.0,,,95.0,118.0,258.0,,,28.0,5.0,12.0,1011.0,2019,2
2019-02-01,Serviços Centrais,"Instituto Nacional de Saúde Dr. Ricardo Jorge, I.P.","38.7643827, -9.1663422",7.0,,4.0,92.0,,,105.0,89.0,64.0,,,120.0,2.0,54.0,537.0,2019,2
2019-02-01,Serviços Centrais,"Instituto Português do Sangue e da Transplantação, I.P.","38.7567758, -9.1505021",30.0,,68.0,22.0,,,119.0,78.0,85.0,,,42.0,9.0,9.0,462.0,2019,2
2019-02-01,Serviços Centrais,"Serviços Partilhados do Ministério da Saúde, E.P.E.","38.739767, -9.1489431",,,,,,,,69.0,7.0,,,133.0,17.0,45.0,271.0,2019,2
2019-02-01,Centro,"Unidade Local de Saúde Guarda, E.P.E.","40.5309916, -7.2734793",207.0,102.0,719.0,30.0,,,136.0,222.0,534.0,,,50.0,12.0,14.0,2026.0,2019,2
2019-02-01,Alentejo,"Unidade Local de Saúde Norte Alentejano, E.P.E.","39.3003425, -7.4263845",156.0,59.0,560.0,6.0,,,115.0,243.0,365.0,,,42.0,9.0,26.0,1581.0,2019,2
2019-02-01,Serviços Centrais,Inspeção-Geral das Atividades em Saúde,"41.1764649, -8.6649823",,,,,,,,15.0,4.0,,,8.0,2.0,56.0,85.0,2019,2
2019-03-01,Serviços Centrais,Ação Governativa,"38.7362218, -9.1463126",,,,,,,,6.0,7.0,,,,1.0,24.0,38.0,2019,3
2019-03-01,Norte,"Centro Hospitalar de Trás-os-Montes e Alto Douro, E.P.E.","41.3031784, -7.7515252",316.0,195.0,1006.0,27.0,,,178.0,221.0,626.0,,,42.0,18.0,12.0,2641.0,2019,3
2019-03-01,Norte,"Centro Hospitalar de Vila Nova de Gaia/Espinho, E.P.E.","41.1094138, -8.5972617",554.0,355.0,1222.0,40.0,,,234.0,292.0,894.0,,,60.0,16.0,24.0,3691.0,2019,3
2019-03-01,Centro,"Centro Hospitalar Universitário Cova da Beira, E.P.E.","40.2804158, -7.4922407",112.0,92.0,390.0,10.0,,,99.0,160.0,307.0,,,61.0,10.0,9.0,1250.0,2019,3
2019-03-01,Lisboa e Vale do Tejo,"Centro Hospitalar de Setúbal, E.P.E.","38.5283754, -8.8818638",256.0,164.0,754.0,16.0,,,164.0,211.0,622.0,,,42.0,7.0,25.0,2261.0,2019,3
2019-03-01,Norte,"Centro Hospitalar do Médio Ave, E.P.E.","41.3423984, -8.4802503",169.0,64.0,389.0,12.0,,,81.0,108.0,258.0,,,16.0,4.0,14.0,1115.0,2019,3
2019-03-01,Norte,"Centro Hospitalar Universitário do Porto, E.P.E.","41.1472498, -8.6172617",724.0,490.0,1452.0,62.0,,,297.0,400.0,906.0,,,93.0,18.0,32.0,4474.0,2019,3
2019-03-01,Centro,"Centro Hospitalar Tondela-Viseu, E.P.E.","40.516364, -8.0827433",342.0,220.0,900.0,19.0,,,169.0,220.0,531.0,,,27.0,7.0,22.0,2457.0,2019,3
2019-03-01,Centro,Hospital Arcebispo João Crisóstomo - Cantanhede,"40.3470015, -8.5933462",6.0,,39.0,2.0,,,9.0,21.0,29.0,,,5.0,1.0,3.0,115.0,2019,3
2019-03-01,Norte,"Hospital de Magalhães Lemos, E.P.E.","41.1764649, -8.6649823",36.0,24.0,141.0,13.0,,,9.0,28.0,123.0,,,16.0,3.0,8.0,401.0,2019,3
2019-03-01,Serviços Centrais,Secretaria Geral do Ministério da Saúde,"38.7362218, -9.1463126",,,,,,,,12.0,16.0,,,22.0,2.0,7.0,59.0,2019,3
2019-03-01,Centro,"Unidade Local de Saúde Guarda, E.P.E.","40.5309916, -7.2734793",210.0,100.0,718.0,30.0,,,136.0,222.0,534.0,,,50.0,12.0,14.0,2026.0,2019,3
2019-03-01,Alentejo,"Unidade Local de Saúde Baixo Alentejo, E.P.E.","38.014123, -7.8721227",150.0,69.0,580.0,29.0,,,128.0,247.0,395.0,,,45.0,17.0,18.0,1678.0,2019,3
2019-03-01,Norte,"Unidade Local de Saúde Nordeste, E.P.E.","41.8056532, -6.7888197",202.0,108.0,659.0,21.0,,,128.0,267.0,418.0,,,54.0,14.0,9.0,1880.0,2019,3
2019-04-01,Serviços Centrais,"Infarmed - Autoridade Nacional do Medicamento e Produtos de Saúde, I.P.","38.7582532, -9.1502867",0.0,0.0,0.0,9.0,,,2.0,76.0,6.0,,,226.0,2.0,32.0,353.0,2019,4
2019-04-01,Norte,"Centro Hospitalar Póvoa de Varzim/Vila do Conde, E.P.E.","41.3828711, -8.7589945",103.0,40.0,261.0,9.0,,,35.0,74.0,149.0,,,27.0,4.0,8.0,710.0,2019,4
2019-04-01,Centro,"Centro Hospitalar Universitário Cova da Beira, E.P.E.","40.2804158, -7.4922407",113.0,92.0,396.0,10.0,,,99.0,160.0,306.0,,,62.0,10.0,9.0,1257.0,2019,4
2019-04-01,Norte,"Centro Hospitalar do Médio Ave, E.P.E.","41.3423984, -8.4802503",170.0,61.0,393.0,12.0,,,81.0,108.0,257.0,,,16.0,4.0,14.0,1116.0,2019,4
2019-04-01,Lisboa e Vale do Tejo,Instituto de Oftalmologia Gama Pinto,"38.7218793, -9.144249",31.0,7.0,22.0,1.0,,,12.0,24.0,12.0,,,8.0,1.0,7.0,125.0,2019,4
2019-04-01,Norte,"Instituto Português Oncologia Francisco Gentil - Porto, E.P.E.","41.1785642, -8.6062881",295.0,95.0,704.0,65.0,,,183.0,210.0,508.0,,,62.0,13.0,20.0,2155.0,2019,4
2019-04-01,Serviços Centrais,Secretaria Geral do Ministério da Saúde,"38.7362218, -9.1463126",0.0,0.0,0.0,0.0,,,0.0,14.0,16.0,,,22.0,2.0,7.0,61.0,2019,4
2019-04-01,Centro,"Unidade Local de Saúde Castelo Branco, E.P.E.","39.8212263, -7.4981271",160.0,72.0,468.0,16.0,,,75.0,169.0,271.0,,,32.0,11.0,10.0,1284.0,2019,4
2019-04-01,Alentejo,"Unidade Local de Saúde Norte Alentejano, E.P.E.","39.3003425, -7.4263845",155.0,58.0,564.0,8.0,,,117.0,243.0,362.0,,,41.0,9.0,27.0,1584.0,2019,4
2019-04-01,Alentejo,"Unidade Local de Saúde Litoral Alentejano, E.P.E.","38.0162314, -8.6956768",91.0,41.0,370.0,6.0,,,77.0,159.0,209.0,,,22.0,4.0,15.0,994.0,2019,4
2019-05-01,Alentejo,"Administração Regional de Saúde do Alentejo, I.P.","38.565715, -7.91162",117.0,40.0,217.0,16.0,,,29.0,182.0,85.0,,,68.0,8.0,13.0,775.0,2019,5
2019-05-01,Lisboa e Vale do Tejo,"Centro Hospitalar Universitário Lisboa Central, E.P.E.","38.7166948, -9.1371248",1045.0,659.0,2577.0,77.0,,,642.0,708.0,1828.0,,,130.0,27.0,50.0,7743.0,2019,5
2019-05-01,Norte,"Centro Hospitalar Póvoa de Varzim/Vila do Conde, E.P.E.","41.3828711, -8.7589945",102.0,40.0,262.0,9.0,,,35.0,74.0,147.0,,,27.0,4.0,8.0,708.0,2019,5
2019-05-01,Lisboa e Vale do Tejo,"Centro Hospitalar Barreiro Montijo, E.P.E.","38.6554005, -9.0592392",191.0,114.0,655.0,14.0,,,158.0,175.0,433.0,,,35.0,9.0,23.0,1807.0,2019,5
2019-05-01,Norte,"Centro Hospitalar do Médio Ave, E.P.E.","41.3423984, -8.4802503",170.0,57.0,389.0,12.0,,,79.0,108.0,257.0,,,16.0,4.0,14.0,1106.0,2019,5
2019-05-01,Lisboa e Vale do Tejo,"Centro Hospitalar do Oeste, E.P.E.","39.4054629, -9.1258493",168.0,121.0,591.0,14.0,,,126.0,205.0,411.0,,,32.0,8.0,14.0,1690.0,2019,5
2019-05-01,Centro,"Centro Hospitalar Tondela-Viseu, E.P.E.","40.516364, -8.0827433",345.0,214.0,915.0,19.0,,,172.0,221.0,525.0,,,26.0,7.0,22.0,2466.0,2019,5
2019-05-01,Centro,"Instituto Português Oncologia Francisco Gentil - Coimbra, E.P.E.","40.2162514, -8.4103814",150.0,48.0,267.0,27.0,,,95.0,116.0,256.0,,,28.0,5.0,12.0,1004.0,2019,5
2019-05-01,Lisboa e Vale do Tejo,Instituto de Oftalmologia Gama Pinto,"38.7218793, -9.144249",31.0,6.0,22.0,1.0,,,12.0,23.0,12.0,,,8.0,1.0,7.0,123.0,2019,5
2019-05-01,Serviços Centrais,"Serviços Partilhados do Ministério da Saúde, E.P.E.","38.739767, -9.1489431",0.0,0.0,0.0,0.0,,,0.0,63.0,3.0,,,136.0,17.0,48.0,267.0,2019,5
2019-05-01,Serviços Centrais,Serviço de Intervenção nos Comportamentos Aditivos e nas Dependências,"38.7653399, -9.1611815",1.0,0.0,0.0,1.0,,,0.0,40.0,3.0,,,67.0,8.0,43.0,163.0,2019,5
2019-05-01,Centro,"Unidade Local de Saúde Castelo Branco, E.P.E.","39.8212263, -7.4981271",159.0,71.0,468.0,16.0,,,76.0,169.0,275.0,,,31.0,11.0,10.0,1286.0,2019,5
2019-05-01,Norte,"Unidade Local de Saúde Alto Minho, E.P.E.","41.7056054, -8.8252713",401.0,184.0,924.0,35.0,,,118.0,358.0,489.0,,,68.0,13.0,19.0,2609.0,2019,5
2019-05-01,Alentejo,"Unidade Local de Saúde Baixo Alentejo, E.P.E.","38.014123, -7.8721227",149.0,69.0,581.0,29.0,,,127.0,247.0,392.0,,,45.0,17.0,19.0,1675.0,2019,5
2019-05-01,Alentejo,"Unidade Local de Saúde Norte Alentejano, E.P.E.","39.3003425, -7.4263845",154.0,58.0,564.0,8.0,,,117.0,241.0,362.0,,,41.0,9.0,27.0,1581.0,2019,5
2019-05-01,Alentejo,"Unidade Local de Saúde Litoral Alentejano, E.P.E.","38.0162314, -8.6956768",91.0,41.0,375.0,6.0,,,76.0,159.0,211.0,,,21.0,4.0,15.0,999.0,2019,5
2019-05-01,Serviços Centrais,Direção-Geral da Saúde,"38.7364065, -9.1379161",16.0,0.0,11.0,2.0,,,3.0,27.0,12.0,,,42.0,3.0,17.0,133.0,2019,5
2019-06-01,Algarve,"Administração Regional de Saúde do Algarve, I.P.","37.027122, -7.946842",271.0,88.0,453.0,32.0,,,105.0,321.0,177.0,,,112.0,11.0,13.0,1583.0,2019,6
2019-06-01,Alentejo,"Administração Regional de Saúde do Alentejo, I.P.","38.565715, -7.91162",116.0,40.0,216.0,16.0,,,30.0,182.0,83.0,,,68.0,8.0,13.0,772.0,2019,6
2019-06-01,Norte,"Administração Regional de Saúde do Norte, I.P.","41.157454, -8.604431",2012.0,852.0,2812.0,152.0,,,192.0,2000.0,731.0,,,387.0,24.0,34.0,9196.0,2019,6
2019-06-01,Lisboa e Vale do Tejo,"Centro Hospitalar Barreiro Montijo, E.P.E.","38.6554005, -9.0592392",191.0,114.0,657.0,14.0,,,158.0,175.0,433.0,,,34.0,9.0,23.0,1808.0,2019,6
2019-06-01,Norte,"Centro Hospitalar Tâmega e Sousa, E.P.E.","41.2494561, -8.264901",277.0,159.0,669.0,13.0,,,117.0,218.0,497.0,,,39.0,10.0,19.0,2018.0,2019,6
2019-06-01,Lisboa e Vale do Tejo,Centro Hospitalar Psiquiátrico de Lisboa,"38.7569771, -9.1460705",55.0,41.0,165.0,46.0,,,35.0,53.0,154.0,,,41.0,4.0,12.0,606.0,2019,6
2019-06-01,Centro,Centro Medicina de Reabilitação da Região Centro - Rovisco Pais,"40.297919, -8.7707806",13.0,13.0,70.0,2.0,,,29.0,22.0,71.0,,,15.0,2.0,3.0,240.0,2019,6
2019-06-01,Norte,"Hospital Santa Maria Maior, E.P.E.","41.5324234, -8.6171561",64.0,48.0,190.0,5.0,,,31.0,49.0,132.0,,,12.0,3.0,5.0,539.0,2019,6
2019-06-01,Centro,"Hospital Distrital da Figueira da Foz, E.P.E.","40.117897, -8.8586755",89.0,60.0,213.0,6.0,,,58.0,59.0,142.0,,,18.0,3.0,7.0,655.0,2019,6
2019-06-01,Alentejo,"Hospital do Espírito Santo de Évora, E.P.E.","38.5684861, -7.9032848",204.0,126.0,552.0,7.0,,,130.0,149.0,347.0,,,30.0,6.0,28.0,1579.0,2019,6
2019-06-01,Serviços Centrais,"Instituto Nacional de Emergência Médica, I.P.","38.7313954, -9.1447467",10.0,0.0,172.0,0.0,,,0.0,79.0,6.0,,,60.0,10.0,981.0,1318.0,2019,6
2019-06-01,Alentejo,"Unidade Local de Saúde Norte Alentejano, E.P.E.","39.3003425, -7.4263845",152.0,57.0,566.0,8.0,,,116.0,240.0,360.0,,,41.0,9.0,26.0,1575.0,2019,6
2019-06-01,Serviços Centrais,Inspeção-Geral das Atividades em Saúde,"41.1764649, -8.6649823",0.0,0.0,0.0,0.0,,,0.0,15.0,3.0,,,6.0,2.0,60.0,86.0,2019,6
2019-07-01,Alentejo,"Administração Regional de Saúde do Alentejo, I.P.","38.565715, -7.91162",121.0,35.0,216.0,16.0,,,31.0,183.0,83.0,,,68.0,8.0,13.0,774.0,2019,7
2019-07-01,Serviços Centrais,"Infarmed - Autoridade Nacional do Medicamento e Produtos de Saúde, I.P.","38.7582532, -9.1502867",0.0,0.0,0.0,9.0,,,2.0,76.0,6.0,,,222.0,2.0,32.0,349.0,2019,7
2019-07-01,Lisboa e Vale do Tejo,"Centro Hospitalar Universitário Lisboa Central, E.P.E.","38.7166948, -9.1371248",1043.0,637.0,2616.0,76.0,,,649.0,711.0,1833.0,,,126.0,27.0,53.0,7771.0,2019,7
2019-07-01,Norte,"Centro Hospitalar de Trás-os-Montes e Alto Douro, E.P.E.","41.3031784, -7.7515252",317.0,185.0,1011.0,29.0,,,180.0,221.0,619.0,,,42.0,18.0,10.0,2632.0,2019,7
2019-07-01,Lisboa e Vale do Tejo,"Centro Hospitalar do Oeste, E.P.E.","39.4054629, -9.1258493",163.0,117.0,604.0,14.0,,,125.0,203.0,421.0,,,33.0,8.0,14.0,1702.0,2019,7
2019-07-01,Norte,"Hospital da Senhora da Oliveira - Guimarães, E.P.E.","41.4387173, -8.3086907",264.0,178.0,674.0,16.0,,,103.0,131.0,320.0,,,39.0,7.0,16.0,1748.0,2019,7
2019-07-01,Lisboa e Vale do Tejo,"Hospital Distrital de Santarém, E.P.E.","39.2410946, -8.6937515",176.0,111.0,590.0,13.0,,,115.0,132.0,432.0,,,25.0,4.0,18.0,1616.0,2019,7
2019-07-01,Serviços Centrais,"Instituto Nacional de Emergência Médica, I.P.","38.7313954, -9.1447467",10.0,0.0,170.0,0.0,,,0.0,81.0,6.0,,,60.0,10.0,973.0,1310.0,2019,7
2019-07-01,Serviços Centrais,"Instituto Nacional de Saúde Dr. Ricardo Jorge, I.P.","38.7643827, -9.1663422",7.0,0.0,4.0,91.0,,,104.0,93.0,62.0,,,125.0,3.0,65.0,554.0,2019,7
2019-07-01,Norte,"Instituto Português Oncologia Francisco Gentil - Porto, E.P.E.","41.1785642, -8.6062881",293.0,96.0,729.0,63.0,,,184.0,209.0,505.0,,,64.0,13.0,22.0,2178.0,2019,7
2019-07-01,Serviços Centrais,Serviços Partilhados d,,,,,,,,,,,,,,,,,2019,7
