periodo,ars,aces,localizacao_geografica,utentes_inscritos_csp,total_utentes_com_mdf_atribuido,total_utentes_com_mdf_atribuido0,total_utentes_sem_mdf_atribuido,total_utentes_sem_mdf_atribuido0,total_utentes_sem_mdf_atribuido_por_opcao,total_utentes_sem_mdf_atribuido_por_opcao0,taxa_de_utilizacao_consultas_medicas_1_ano_todos_os_utentes,taxa_de_utilizacao_consultas_medicas_1_ano_nos_utentes_sem_mdf,ano,mes
2016-01-01,Algarve,ACES Algarve Barlavento,"37.1387554, -8.5445093",159567.0,104459.0,65.46,54259.0,34.0,849.0,0.53,61.0193,48.4986,2016,1
2016-01-01,Centro,ACES Baixo Mondego,"40.2150023, -8.4071805",383001.0,366903.0,95.8,14351.0,3.75,1747.0,0.46,60.1099,24.7643,2016,1
2016-01-01,Centro,ACES Beira Interior Sul,"39.8211367, -7.5036651",73751.0,71872.0,97.45,1420.0,1.93,459.0,0.62,69.0399,26.9402,2016,1
2016-01-01,Centro,ACES Guarda,"40.5353285, -7.2724426",152281.0,141859.0,93.16,9100.0,5.98,1322.0,0.87,71.9567,53.6963,2016,1
2016-01-01,Lisboa e Vale do Tejo,ACES Almada / Seixal,"38.6678522, -9.1875777",340054.0,282078.0,82.95,57316.0,16.85,660.0,0.19,64.4227,36.8498,2016,1
2016-01-01,Lisboa e Vale do Tejo,ACES Arco Ribeirinho,"38.6672076, -9.0543329",217675.0,158809.0,72.96,58718.0,26.98,148.0,0.07,59.5599,42.334,2016,1
2016-01-01,Lisboa e Vale do Tejo,ACES Arrábida,"38.5324373, -8.8627453",222693.0,165150.0,74.16,57036.0,25.61,507.0,0.23,61.8151,41.3001,2016,1
2016-01-01,Lisboa e Vale do Tejo,ACES Lisboa Central,"38.7306317, -9.1510414",275813.0,226451.0,82.1,48344.0,17.53,1018.0,0.37,54.3101,34.7847,2016,1
2016-01-01,Norte,ACES Aveiro Norte,"40.8472225, -8.4656674",116386.0,114492.0,98.37,1825.0,1.57,69.0,0.06,74.1571,40.0868,2016,1
2016-01-01,Norte,ACES Espinho / Gaia,"41.0022421, -8.642018",184704.0,183152.0,99.16,1517.0,0.82,35.0,0.02,75.4992,56.0822,2016,1
2016-01-01,Norte,ACES Maia / Valongo,"41.2333945, -8.6187474",215070.0,214110.0,99.55,798.0,0.37,162.0,0.08,72.8153,19.3887,2016,1
2016-01-01,Norte,ACES Nordeste,"41.8069684, -6.7587977",134067.0,129253.0,96.41,4128.0,3.08,686.0,0.51,75.375,54.1863,2016,1
2016-01-01,Norte,ACES Póvoa do Varzim / Vila do Conde,"41.355519, -8.746653",148562.0,145076.0,97.65,3475.0,2.34,11.0,0.01,74.8427,70.2756,2016,1
2016-01-01,Norte,ACES Vale do Sousa Norte,"41.2793583, -8.2787457",160199.0,158019.0,98.64,2109.0,1.32,71.0,0.04,75.5994,59.6609,2016,1
2016-02-01,Centro,ACES Dão Lafões,"40.6565861, -7.9124712",271952.0,258134.0,94.92,13441.0,4.94,377.0,0.14,69.2817,38.5994,2016,2
2016-02-01,Centro,ACES Guarda,"40.5353285, -7.2724426",152263.0,142087.0,93.32,8850.0,5.81,1326.0,0.87,72.3345,54.8238,2016,2
2016-02-01,Centro,ACES Pinhal Interior Norte,"40.1151262, -8.2473136",130502.0,121604.0,93.18,8227.0,6.3,671.0,0.51,77.5488,29.3754,2016,2
2016-02-01,Centro,ACES Pinhal Litoral,"39.7495331, -8.807683",264309.0,239217.0,90.51,24559.0,9.29,533.0,0.2,68.0785,49.9579,2016,2
2016-02-01,Lisboa e Vale do Tejo,ACES Almada / Seixal,"38.6678522, -9.1875777",340770.0,284145.0,83.38,55918.0,16.41,707.0,0.21,64.7047,36.9741,2016,2
2016-02-01,Lisboa e Vale do Tejo,ACES Amadora,"38.7573081, -9.23429",166842.0,127794.0,76.6,38840.0,23.28,208.0,0.12,58.1171,36.9327,2016,2
2016-02-01,Lisboa e Vale do Tejo,ACES Arrábida,"38.5324373, -8.8627453",223069.0,165071.0,74.0,57484.0,25.77,514.0,0.23,62.1419,41.5948,2016,2
2016-02-01,Lisboa e Vale do Tejo,ACES Médio Tejo,"39.478072, -8.5404429",225711.0,194350.0,86.11,30838.0,13.66,523.0,0.23,70.0475,52.3485,2016,2
2016-02-01,Norte,ACES Ave / Famalicão,"41.3835805, -8.4157518",124135.0,119268.0,96.08,4824.0,3.89,43.0,0.03,73.6506,38.773,2016,2
2016-02-01,Norte,ACES Douro Sul,"41.0953745, -7.8123805",74471.0,64841.0,87.07,9294.0,12.48,336.0,0.45,75.5623,64.4309,2016,2
2016-02-01,Norte,ACES Matosinhos,"41.1918541, -8.6590693",172594.0,170293.0,98.67,1876.0,1.09,425.0,0.25,74.8402,26.9366,2016,2
2016-02-01,Norte,ACES Vale do Sousa Norte,"41.2793583, -8.2787457",160528.0,157311.0,98.0,3171.0,1.98,46.0,0.03,75.8435,48.4375,2016,2
2016-03-01,Algarve,ACES Algarve Central,"37.0274264, -7.9395984",238578.0,190165.0,79.71,47436.0,19.88,977.0,0.41,57.5846,36.1729,2016,3
2016-03-01,Centro,ACES Baixo Vouga,"40.6405055, -8.6537539",382480.0,369028.0,96.48,11553.0,3.02,1899.0,0.5,72.018,37.8515,2016,3
2016-03-01,Centro,ACES Pinhal Interior Sul,"39.7510898, -7.9203657",31349.0,30816.0,98.3,191.0,0.61,342.0,1.09,80.1189,27.5862,2016,3
2016-03-01,Centro,ACES Pinhal Litoral,"39.7495331, -8.807683",264547.0,239490.0,90.53,24498.0,9.26,559.0,0.21,67.7365,53.2624,2016,3
2016-03-01,Lisboa e Vale do Tejo,ACES Almada / Seixal,"38.6678522, -9.1875777",341266.0,284239.0,83.29,56301.0,16.5,726.0,0.21,64.2595,40.5033,2016,3
2016-03-01,Lisboa e Vale do Tejo,ACES Estuário do Tejo,"38.9528113, -8.9911154",224996.0,155775.0,69.23,68103.0,30.27,1118.0,0.5,57.7126,42.0353,2016,3
2016-03-01,Lisboa e Vale do Tejo,ACES Lezíria,"39.2371689, -8.6908895",194028.0,158066.0,81.47,35415.0,18.25,547.0,0.28,69.0776,50.5903,2016,3
2016-03-01,Norte,ACES Alto Minho,"41.7056054, -8.8252713",246648.0,244910.0,99.3,1259.0,0.51,479.0,0.19,76.0719,22.8837,2016,3
2016-03-01,Norte,ACES Ave / Famalicão,"41.3835805, -8.4157518",124157.0,119592.0,96.32,4521.0,3.64,44.0,0.04,73.5575,31.6978,2016,3
2016-03-01,Norte,ACES Braga,"41.5518714, -8.4126362",183999.0,181147.0,98.45,2851.0,1.55,1.0,0.0,74.3615,69.5735,2016,3
2016-03-01,Norte,ACES Espinho / Gaia,"41.0022421, -8.642018",185021.0,183616.0,99.24,1348.0,0.73,57.0,0.03,75.3599,55.6113,2016,3
2016-03-01,Norte,ACES Gaia,"41.1278433, -8.580396",151875.0,151263.0,99.6,547.0,0.36,65.0,0.04,71.0825,23.9847,2016,3
2016-03-01,Norte,ACES Nordeste,"41.8069684, -6.7587977",134064.0,130027.0,96.99,3330.0,2.48,707.0,0.53,75.3147,53.7482,2016,3
2016-04-01,Alentejo,ACES Alentejo Central,"38.8442031, -7.5826619",167085.0,165673.0,99.15,1309.0,0.78,103.0,0.06,75.9221,58.7857,2016,4
2016-04-01,Centro,ACES Baixo Vouga,"40.6405055, -8.6537539",382746.0,369294.0,96.49,11490.0,3.0,1962.0,0.51,72.018,37.8515,2016,4
2016-04-01,Lisboa e Vale do Tejo,ACES Almada / Seixal,"38.6678522, -9.1875777",341844.0,276252.0,80.81,64856.0,18.97,736.0,0.22,64.2595,40.5033,2016,4
2016-04-01,Lisboa e Vale do Tejo,ACES Arco Ribeirinho,"38.6672076, -9.0543329",218664.0,155686.0,71.2,62835.0,28.74,143.0,0.07,59.4543,43.9891,2016,4
2016-04-01,Lisboa e Vale do Tejo,ACES Cascais,"38.69904, -9.3818008",196213.0,150667.0,76.79,45376.0,23.13,170.0,0.09,53.4067,28.8416,2016,4
2016-04-01,Lisboa e Vale do Tejo,ACES Lisboa Central,"38.7306317, -9.1510414",277646.0,223787.0,80.6,52828.0,19.03,1031.0,0.37,54.0848,36.7575,2016,4
2016-04-01,Lisboa e Vale do Tejo,ACES Lisboa Norte,"38.7396924, -9.168506",253723.0,213453.0,84.13,39929.0,15.74,341.0,0.13,56.3325,26.5566,2016,4
2016-04-01,Norte,ACES Alto Minho,"41.7056054, -8.8252713",246695.0,244943.0,99.29,1264.0,0.51,488.0,0.2,76.0719,22.8837,2016,4
2016-04-01,Norte,ACES Barcelos / Esposende,"41.5317419, -8.6178922",156242.0,152867.0,97.84,3078.0,1.97,297.0,0.19,76.8416,56.7026,2016,4
2016-04-01,Norte,ACES Feira e Arouca,"40.9263169, -8.5478813",155389.0,151932.0,97.78,3283.0,2.11,174.0,0.11,73.9346,63.9016,2016,4
2016-04-01,Norte,ACES Maia / Valongo,"41.2333945, -8.6187474",216150.0,210646.0,97.45,5375.0,2.49,129.0,0.06,72.5862,60.7307,2016,4
2016-04-01,Norte,ACES Porto Oriental,"41.1694498, -8.6126428",116728.0,111573.0,95.58,5115.0,4.38,40.0,0.03,71.4604,55.5179,2016,4
2016-05-01,Algarve,ACES Algarve Central,"37.0274264, -7.9395984",239450.0,190624.0,79.61,47830.0,19.97,996.0,0.42,57.5846,36.1729,2016,5
2016-05-01,Centro,ACES Pinhal Litoral,"39.7495331, -8.807683",265160.0,235390.0,88.77,29186.0,11.01,584.0,0.22,67.7365,53.2624,2016,5
2016-05-01,Lisboa e Vale do Tejo,ACES Almada / Seixal,"38.6678522, -9.1875777",342336.0,272179.0,79.51,69419.0,20.28,738.0,0.22,64.2595,40.5033,2016,5
2016-05-01,Norte,ACES Braga,"41.5518714, -8.4126362",184434.0,180731.0,97.99,3703.0,2.01,0.0,0.0,74.3615,69.5735,2016,5
2016-05-01,Norte,ACES Feira e Arouca,"40.9263169, -8.5478813",155169.0,151738.0,97.79,3251.0,2.1,180.0,0.12,73.9346,63.9016,2016,5
2016-05-01,Norte,ACES Gerês / Cabreira,"41.6298661, -8.3596897",106210.0,102308.0,96.33,3869.0,3.64,33.0,0.03,75.3558,65.0613,2016,5
2016-05-01,Norte,ACES Maia / Valongo,"41.2333945, -8.6187474",216356.0,210984.0,97.52,5246.0,2.42,126.0,0.06,72.5862,60.7307,2016,5
2016-05-01,Norte,ACES Matosinhos,"41.1918541, -8.6590693",172531.0,165527.0,95.94,6699.0,3.88,305.0,0.18,74.5912,33.8755,2016,5
2016-05-01,Norte,ACES Porto Ocidental,"41.1741353, -8.6691662",166332.0,165510.0,99.51,543.0,0.33,279.0,0.17,66.658,6.00429,2016,5
2016-05-01,Norte,ACES Porto Oriental,"41.1694498, -8.6126428",116767.0,111697.0,95.66,5031.0,4.31,39.0,0.03,71.4604,55.5179,2016,5
2016-06-01,Alentejo,ACES Alentejo Litoral,"38.3841359, -8.5132031",93361.0,71589.0,76.68,21726.0,23.27,46.0,0.05,67.5503,58.2045,2016,6
2016-06-01,Centro,ACES Guarda,"40.5353285, -7.2724426",152513.0,140800.0,92.32,10339.0,6.78,1374.0,0.9,71.927,54.6158,2016,6
2016-06-01,Lisboa e Vale do Tejo,ACES Almada / Seixal,"38.6678522, -9.1875777",342855.0,272722.0,79.54,69395.0,20.24,738.0,0.22,64.2026,41.7211,2016,6
2016-06-01,Lisboa e Vale do Tejo,ACES Lezíria,"39.2371689, -8.6908895",194253.0,156634.0,80.63,37076.0,19.09,543.0,0.28,69.0811,48.9726,2016,6
2016-06-01,Lisboa e Vale do Tejo,ACES Lisboa Norte,"38.7396924, -9.168506",255081.0,214861.0,84.23,39928.0,15.65,292.0,0.11,55.736,25.1657,2016,6
2016-06-01,Lisboa e Vale do Tejo,ACES Lisboa Ocidental e Oeiras,"38.6914388, -9.3184304",240095.0,199934.0,83.27,39410.0,16.41,751.0,0.31,57.0833,36.5558,2016,6
2016-06-01,Norte,ACES Aveiro Norte,"40.8472225, -8.4656674",116574.0,108175.0,92.8,8365.0,7.18,34.0,0.03,74.163,64.9119,2016,6
2016-06-01,Norte,ACES Braga,"41.5518714, -8.4126362",184634.0,180886.0,97.97,3748.0,2.03,0.0,0.0,74.063,69.9973,2016,6
2016-06-01,Norte,ACES Matosinhos,"41.1918541, -8.6590693",172661.0,165668.0,95.95,6686.0,3.87,307.0,0.18,74.4576,56.1541,2016,6
2016-06-01,Norte,ACES Porto Ocidental,"41.1741353, -8.6691662",166519.0,165686.0,99.5,568.0,0.34,265.0,0.16,67.1318,5.60613,2016,6
2016-06-01,Norte,ACES Porto Oriental,"41.1694498, -8.6126428",116829.0,111722.0,95.63,5073.0,4.34,34.0,0.03,71.2785,60.1372,2016,6
2016-07-01,Alentejo,ACES Baixo Alentejo,"38.0153039, -7.8627308",125120.0,123178.0,98.45,1806.0,1.44,136.0,0.11,71.965,55.0195,2016,7
2016-07-01,Algarve,ACES Algarve Sotavento,"37.383008, -7.7293275",55910.0,53245.0,95.23,2614.0,4.68,51.0,0.09,67.1598,46.8821,2016,7
2016-07-01,Lisboa e Vale do Tejo,ACES Amadora,"38.7573081, -9.23429",169099.0,121787.0,72.02,47106.0,27.86,206.0,0.12,58.2802,38.7724,2016,7
2016-07-01,Lisboa e Vale do Tejo,ACES Arco Ribeirinho,"38.6672076, -9.0543329",219573.0,155781.0,70.95,63646.0,28.99,146.0,0.07,59.0149,41.2214,2016,7
2016-07-01,Lisboa e Vale do Tejo,ACES Lezíria,"39.2371689, -8.6908895",194241.0,173646.0,89.4,20056.0,10.33,539.0,0.28,69.0811,48.9726,2016,7
2016-07-01,Norte,ACES Alto Minho,"41.7056054, -8.8252713",246906.0,245158.0,99.29,1259.0,0.51,489.0,0.2,76.2388,23.6449,2016,7
2016-07-01,Norte,ACES Aveiro Norte,"40.8472225, -8.4656674",116595.0,108216.0,92.81,8340.0,7.15,39.0,0.03,74.163,64.9119,2016,7
2016-07-01,Norte,ACES Barcelos / Esposende,"41.5317419, -8.6178922",156445.0,151462.0,96.81,4692.0,3.0,291.0,0.19,76.4618,40.1163,2016,7
2016-07-01,Norte,ACES Porto Ocidental,"41.1741353, -8.6691662",166962.0,164803.0,98.71,1894.0,1.13,265.0,0.16,67.1318,5.60613,2016,7
2016-08-01,Alentejo,ACES Alentejo Central,"38.8442031, -7.5826619",167523.0,166047.0,99.12,1366.0,0.82,110.0,0.07,75.6486,64.5553,2016,8
2016-08-01,Centro,ACES Dão Lafões,"40.6565861, -7.9124712",272459.0,266450.0,97.79,5644.0,2.07,365.0,0.13,69.0049,45.3996,2016,8
2016-08-01,Centro,ACES Guarda,"40.5353285, -7.2724426",152684.0,141734.0,92.83,9490.0,6.22,1460.0,0.96,71.927,54.6158,2016,8
2016-08-01,Centro,ACES Pinhal Interior Sul,"39.7510898, -7.9203657",31245.0,30744.0,98.4,180.0,0.58,321.0,1.03,79.9699,24.0781,2016,8
2016-08-01,Lisboa e Vale do Tejo,ACES Amadora,"38.7573081, -9.23429",169621.0,124577.0,73.44,44841.0,26.44,203.0,0.12,58.2802,38.7724,2016,8
2016-08-01,Lisboa e Vale do Tejo,ACES Lezíria,"39.2371689, -8.6908895",194334.0,173588.0,89.32,20203.0,10.4,543.0,0.28,69.0811,48.9726,2016,8
2016-08-01,Lisboa e Vale do Tejo,ACES Lisboa Central,"38.7306317, -9.1510414",280203.0,225737.0,80.56,53478.0,19.09,988.0,0.35,53.762,34.5837,2016,8
2016-08-01,Lisboa e Vale do Tejo,ACES Lisboa Ocidental e Oeiras,"38.6914388, -9.3184304",240571.0,203299.0,84.51,36515.0,15.18,757.0,0.31,57.0833,36.5558,2016,8
2016-08-01,Norte,ACES Alto Minho,"41.7056054, -8.8252713",247145.0,245380.0,99.29,1262.0,0.51,503.0,0.2,76.2388,23.6449,2016,8
2016-08-01,Norte,ACES Ave / Famalicão,"41.3835805, -8.4157518",124229.0,117461.0,94.55,6724.0,5.41,44.0,0.04,73.8084,41.2995,2016,8
2016-08-01,Norte,ACES Douro Sul,"41.0953745, -7.8123805",74700.0,63590.0,85.13,10756.0,14.4,354.0,0.47,73.9978,59.2072,2016,8
2016-08-01,Norte,ACES Espinho / Gaia,"41.0022421, -8.642018",185465.0,184839.0,99.66,576.0,0.31,50.0,0.03,75.0342,54.8659,2016,8
2016-08-01,Norte,ACES Maia / Valongo,"41.2333945, -8.6187474",216879.0,213177.0,98.29,3575.0,1.65,127.0,0.06,72.4442,62.219,2016,8
2016-08-01,Norte,ACES Marão e Douro Norte,"41.2968711, -7.7483727",108270.0,103553.0,95.64,4293.0,3.97,424.0,0.39,77.5568,69.6254,2016,8
2016-08-01,Norte,ACES Vale do Sousa Sul,"41.1548155, -8.2163769",177602.0,176605.0,99.44,958.0,0.54,39.0,0.02,75.6433,69.5859,2016,8
2016-09-01,Alentejo,ACES Alentejo Central,"38.8442031, -7.5826619",167617.0,163510.0,97.55,4001.0,2.39,106.0,0.06,75.2244,68.2797,2016,9
2016-09-01,Algarve,ACES Algarve Sotavento,"37.383008, -7.7293275",56240.0,54360.0,96.66,1833.0,3.26,47.0,0.08,66.9374,41.948,2016,9
2016-09-01,Centro,ACES Baixo Mondego,"40.2150023, -8.4071805",386103.0,373913.0,96.84,10443.0,2.7,1747.0,0.45,65.6038,29.3803,2016,9
2016-09-01,Lisboa e Vale do Tejo,ACES Cascais,"38.69904, -9.3818008",199188.0,165285.0,82.98,33884.0,17.01,19.0,0.01,52.6761,26.365,2016,9
2016-09-01,Lisboa e Vale do Tejo,ACES Lisboa Norte,"38.7396924, -9.168506",257197.0,220986.0,85.92,35919.0,13.97,292.0,0.11,54.9353,24.9249,2016,9
2016-09-01,Norte,ACES Feira e Arouca,"40.9263169, -8.5478813",154333.0,152198.0,98.62,1940.0,1.26,195.0,0.13,73.5103,64.1604,2016,9
2016-09-01,Norte,ACES Maia / Valongo,"41.2333945, -8.6187474",217321.0,213575.0,98.28,3627.0,1.67,119.0,0.05,72.0555,52.308,2016,9
2016-09-01,Norte,ACES Póvoa do Varzim / Vila do Conde,"41.355519, -8.746653",149509.0,147735.0,98.81,1770.0,1.18,4.0,0.0,73.6925,69.3231,2016,9
2016-10-01,Alentejo,ACES Baixo Alentejo,"38.0153039, -7.8627308",125148.0,121926.0,97.43,3079.0,2.46,143.0,0.11,71.6134,59.0869,2016,10
2016-10-01,Algarve,ACES Algarve Central,"37.0274264, -7.9395984",242643.0,207878.0,85.67,33939.0,13.99,826.0,0.34,58.2867,33.0101,2016,10
2016-10-01,Centro,ACES Baixo Vouga,"40.6405055, -8.6537539",385135.0,376809.0,97.84,6036.0,1.57,2290.0,0.59,72.0225,36.7288,2016,10
2016-10-01,Centro,ACES Dão Lafões,"40.6565861, -7.9124712",272289.0,266939.0,98.04,4985.0,1.83,365.0,0.13,68.8119,21.1522,2016,10
2016-10-01,Centro,ACES Pinhal Interior Norte,"40.1151262, -8.2473136",130999.0,124314.0,94.9,5984.0,4.57,701.0,0.54,76.4816,39.1388,2016,10
2016-10-01,Centro,ACES Pinhal Litoral,"39.7495331, -8.807683",266824.0,253237.0,94.91,12963.0,4.86,624.0,0.23,67.6966,43.7153,2016,10
2016-10-01,Lisboa e Vale do Tejo,ACES Arco Ribeirinho,"38.6672076, -9.0543329",220497.0,158438.0,71.85,61910.0,28.08,149.0,0.07,58.1322,40.7248,2016,10
2016-10-01,Lisboa e Vale do Tejo,ACES Arrábida,"38.5324373, -8.8627453",226379.0,167012.0,73.78,58715.0,25.94,652.0,0.29,61.4362,42.5932,2016,10
2016-10-01,Lisboa e Vale do Tejo,ACES Cascais,"38.69904, -9.3818008",199666.0,164469.0,82.37,35169.0,17.61,28.0,0.01,52.6761,26.365,2016,10
2016-10-01,Lisboa e Vale do Tejo,ACES Estuário do Tejo,"38.9528113, -8.9911154",228097.0,160239.0,70.25,66712.0,29.25,1146.0,0.5,57.8084,40.5298,2016,10
2016-10-01,Lisboa e Vale do Tejo,ACES Sintra,"38.7519209, -9.2753636",361223.0,272002.0,75.3,88461.0,24.49,760.0,0.21,55.6872,39.3247,2016,10
2016-10-01,Norte,ACES Douro Sul,"41.0953745, -7.8123805",75761.0,67283.0,88.81,8032.0,10.6,446.0,0.59,73.0107,54.9024,2016,10
2016-10-01,Norte,ACES Póvoa do Varzim / Vila do Conde,"41.355519, -8.746653",149608.0,147837.0,98.82,1768.0,1.18,3.0,0.0,73.6925,69.3231,2016,10
2016-11-01,Alentejo,ACES Alentejo Central,"38.8442031, -7.5826619",165082.0,159743.0,96.77,5239.0,3.17,100.0,0.06,75.2244,68.2797,2016,11
2016-11-01,Algarve,ACES Algarve Barlavento,"37.1387554, -8.5445093",156374.0,107308.0,68.62,48218.0,30.84,848.0,0.54,58.5833,44.745,2016,11
2016-11-01,Lisboa e Vale do Tejo,ACES Sintra,"38.7519209, -9.2753636",361690.0,271458.0,75.05,89472.0,24.74,760.0,0.21,55.6872,39.3247,2016,11
2016-11-01,Norte,ACES Alto Minho,"41.7056054, -8.8252713",243344.0,240740.0,98.93,1969.0,0.81,635.0,0.26,76.1968,18.9873,2016,11
2016-11-01,Norte,ACES Alto Tâmega e Barroso,"41.741781, -7.4731648",89838.0,86638.0,96.44,3097.0,3.45,103.0,0.11,73.3148,54.3577,2016,11
2016-11-01,Norte,ACES Porto Oriental,"41.1694498, -8.6126428",115766.0,112900.0,97.52,2833.0,2.45,33.0,0.03,70.5494,56.8856,2016,11
2016-11-01,Norte,ACES Póvoa do Varzim / Vila do Conde,"41.355519, -8.746653",147848.0,146123.0,98.83,1721.0,1.16,4.0,0.0,73.6925,69.3231,2016,11
2016-12-01,Algarve,ACES Algarve Central,"37.0274264, -7.9395984",232249.0,212028.0,91.29,19790.0,8.52,431.0,0.19,61.3876,30.8821,2016,12
2016-12-01,Centro,ACES Cova da Beira,"40.2677741, -7.4995083",84868.0,82083.0,96.72,2664.0,3.14,121.0,0.14,67.9389,31.87,2016,12
2016-12-01,Lisboa e Vale do Tejo,ACES Arrábida,"38.5324373, -8.8627453",223166.0,166608.0,74.66,55903.0,25.05,655.0,0.29,62.1337,45.0187,2016,12
2016-12-01,Lisboa e Vale do Tejo,ACES Lisboa Central,"38.7306317, -9.1510414",278650.0,236502.0,84.87,41161.0,14.77,987.0,0.35,53.6854,34.8724,2016,12
2016-12-01,Norte,ACES Aveiro Norte,"40.8472225, -8.4656674",115874.0,115829.0,99.96,7.0,0.01,38.0,0.03,75.4805,17.3077,2016,12
2016-12-01,Norte,ACES Espinho / Gaia,"41.0022421, -8.642018",183723.0,180049.0,98.0,3620.0,1.97,54.0,0.03,75.1157,67.7607,2016,12
2016-12-01,Norte,ACES Santo Tirso / Trofa,"41.3469246, -8.4822648",115294.0,115042.0,99.78,247.0,0.21,5.0,0.0,76.5833,6.02782,2016,12
2017-01-01,Centro,ACES Baixo Mondego,"40.2150023, -8.4071805",379260.0,367166.0,96.81,10601.0,2.8,1493.0,0.39,68.3787,37.8783,2017,1
2017-01-01,Centro,ACES Pinhal Interior Norte,"40.1151262, -8.2473136",128421.0,124188.0,96.7,3514.0,2.74,719.0,0.56,78.0764,43.9219,2017,1
2017-01-01,Lisboa e Vale do Tejo,ACES Lisboa Norte,"38.7396924, -9.168506",252810.0,223363.0,88.35,29159.0,11.53,288.0,0.11,56.0039,28.9008,2017,1
2017-01-01,Lisboa e Vale do Tejo,ACES Oeste Norte,"39.410844, -9.1396215",178770.0,161471.0,90.32,16994.0,9.51,305.0,0.17,70.4064,51.5668,2017,1
2017-01-01,Lisboa e Vale do Tejo,ACES Oeste Sul,"39.0917759, -9.2600341",197315.0,149245.0,75.64,47527.0,24.09,543.0,0.28,67.3639,49.8921,2017,1
2017-01-01,Norte,ACES Baixo Tâmega,"41.2719719, -8.0791631",168897.0,156615.0,92.73,11781.0,6.98,501.0,0.3,74.9927,57.931,2017,1
2017-01-01,Norte,ACES Espinho / Gaia,"41.0022421, -8.642018",183739.0,180061.0,98.0,3632.0,1.98,46.0,0.03,75.1645,69.283,2017,1
2017-01-01,Norte,ACES Santo Tirso / Trofa,"41.3469246, -8.4822648",115346.0,115110.0,99.8,231.0,0.2,5.0,0.0,76.4982,6.23782,2017,1
2017-02-01,Centro,ACES Beira Interior Sul,"39.8211367, -7.5036651",72454.0,67058.0,92.55,4908.0,6.77,488.0,0.67,70.2252,45.7932,2017,2
2017-02-01,Lisboa e Vale do Tejo,ACES Almada / Seixal,"38.6678522, -9.1875777",342959.0,292732.0,85.35,49428.0,14.41,799.0,0.23,63.9409,35.6959,2017,2
2017-02-01,Lisboa e Vale do Tejo,ACES Amadora,"38.7573081, -9.23429",169174.0,134236.0,79.35,34726.0,20.53,212.0,0.13,58.2134,40.9325,2017,2
2017-02-01,Lisboa e Vale do Tejo,ACES Arrábida,"38.5324373, -8.8627453",223922.0,167107.0,74.63,56152.0,25.08,663.0,0.3,63.3399,47.5702,2017,2
2017-02-01,Lisboa e Vale do Tejo,ACES Cascais,"38.69904, -9.3818008",196418.0,164333.0,83.66,32044.0,16.31,41.0,0.02,53.6443,31.2327,2017,2
2017-02-01,Norte,ACES Alto Minho,"41.7056054, -8.8252713",243415.0,242997.0,99.83,102.0,0.04,316.0,0.13,77.6228,27.8177,2017,2
2017-02-01,Norte,ACES Espinho / Gaia,"41.0022421, -8.642018",183660.0,180696.0,98.39,2921.0,1.59,43.0,0.02,74.9123,69.5007,2017,2
2017-03-01,Centro,ACES Dão Lafões,"40.6565861, -7.9124712",267851.0,263946.0,98.54,3522.0,1.31,383.0,0.14,69.9666,35.8423,2017,3
2017-03-01,Centro,ACES Pinhal Interior Sul,"39.7510898, -7.9203657",30512.0,30242.0,99.12,115.0,0.38,155.0,0.51,81.1582,22.2222,2017,3
2017-03-01,Lisboa e Vale do Tejo,ACES Cascais,"38.69904, -9.3818008",197178.0,164427.0,83.39,32710.0,16.59,41.0,0.02,53.4639,31.141,2017,3
2017-03-01,Lisboa e Vale do Tejo,ACES Estuário do Tejo,"38.9528113, -8.9911154",224369.0,167476.0,74.64,55725.0,24.84,1168.0,0.52,60.7762,46.947,2017,3
2017-03-01,Lisboa e Vale do Tejo,ACES Sintra,"38.7519209, -9.2753636",355746.0,276382.0,77.69,78613.0,22.1,751.0,0.21,56.7831,43.5767,2017,3
2017-03-01,Norte,ACES Alto Minho,"41.7056054, -8.8252713",243411.0,241344.0,99.15,1749.0,0.72,318.0,0.13,77.608,67.2798,2017,3
2017-03-01,Norte,ACES Alto Tâmega e Barroso,"41.741781, -7.4731648",90091.0,86651.0,96.18,3292.0,3.65,148.0,0.16,75.0874,56.3548,2017,3
2017-03-01,Norte,ACES Baixo Tâmega,"41.2719719, -8.0791631",168848.0,155587.0,92.15,12735.0,7.54,526.0,0.31,75.121,59.7844,2017,3
2017-03-01,Norte,ACES Barcelos / Esposende,"41.5317419, -8.6178922",155958.0,152702.0,97.91,2989.0,1.92,267.0,0.17,76.872,55.5897,2017,3
2017-03-01,Norte,ACES Braga,"41.5518714, -8.4126362",185503.0,185479.0,99.99,24.0,0.01,0.0,0.0,74.3726,30.0,2017,3
2017-03-01,Norte,ACES Douro Sul,"41.0953745, -7.8123805",74732.0,71030.0,95.05,3344.0,4.47,358.0,0.48,73.2886,63.8304,2017,3
2017-03-01,Norte,ACES Matosinhos,"41.1918541, -8.6590693",171973.0,169729.0,98.7,1963.0,1.14,281.0,0.16,74.1157,62.9911,2017,3
2017-03-01,Norte,ACES Porto Ocidental,"41.1741353, -8.6691662",165582.0,162248.0,97.99,3072.0,1.86,262.0,0.16,68.9244,53.3433,2017,3
2017-03-01,Norte,ACES Porto Oriental,"41.1694498, -8.6126428",116799.0,113335.0,97.03,3430.0,2.94,34.0,0.03,70.6719,57.5058,2017,3
2017-03-01,Norte,ACES Vale do Sousa Sul,"41.1548155, -8.2163769",174950.0,172863.0,98.81,2045.0,1.17,42.0,0.02,76.379,74.8201,2017,3
2017-04-01,Centro,ACES Beira Interior Sul,"39.8211367, -7.5036651",72545.0,67153.0,92.57,4885.0,6.73,507.0,0.7,70.1003,47.9785,2017,4
2017-04-01,Centro,ACES Cova da Beira,"40.2677741, -7.4995083",85289.0,82306.0,96.5,2862.0,3.36,121.0,0.14,67.4115,31.6019,2017,4
2017-04-01,Lisboa e Vale do Tejo,ACES Amadora,"38.7573081, -9.23429",170308.0,132424.0,77.76,37668.0,22.12,216.0,0.13,57.7953,40.9502,2017,4
2017-04-01,Lisboa e Vale do Tejo,ACES Cascais,"38.69904, -9.3818008",197945.0,164458.0,83.08,33445.0,16.9,42.0,0.02,53.0521,30.8239,2017,4
2017-04-01,Lisboa e Vale do Tejo,ACES Lezíria,"39.2371689, -8.6908895",193695.0,164879.0,85.12,28311.0,14.62,505.0,0.26,68.9163,55.6972,2017,4
2017-04-01,Lisboa e Vale do Tejo,ACES Lisboa Central,"38.7306317, -9.1510414",281786.0,236094.0,83.78,44669.0,15.85,1023.0,0.36,53.0672,34.2328,2017,4
2017-04-01,Lisboa e Vale do Tejo,ACES Médio Tejo,"39.478072, -8.5404429",225404.0,194461.0,86.27,30263.0,13.43,680.0,0.3,69.9315,61.1303,2017,4
2017-04-01,Lisboa e Vale do Tejo,ACES Oeste Sul,"39.0917759, -9.2600341",198276.0,151886.0,76.6,45852.0,23.13,538.0,0.27,66.608,48.5417,2017,4
2017-04-01,Norte,ACES Ave / Famalicão,"41.3835805, -8.4157518",123180.0,120563.0,97.88,2614.0,2.12,3.0,0.0,73.9137,53.8403,2017,4
2017-05-01,Centro,ACES Beira Interior Sul,"39.8211367, -7.5036651",72602.0,67216.0,92.58,4870.0,6.71,516.0,0.71,69.9572,48.7828,2017,5
2017-05-01,Centro,ACES Dão Lafões,"40.6565861, -7.9124712",268053.0,263628.0,98.35,4047.0,1.51,378.0,0.14,69.631,40.3842,2017,5
2017-05-01,Lisboa e Vale do Tejo,ACES Oeste Norte,"39.410844, -9.1396215",179286.0,160868.0,89.73,18095.0,10.09,323.0,0.18,69.4185,49.4755,2017,5
2017-05-01,Lisboa e Vale do Tejo,ACES Sintra,"38.7519209, -9.2753636",357278.0,269159.0,75.34,87364.0,24.45,755.0,0.21,56.1607,42.9174,2017,5
2017-05-01,Norte,ACES Alto Minho,"41.7056054, -8.8252713",243499.0,241421.0,99.15,1763.0,0.72,315.0,0.13,77.1481,65.6551,2017,5
2017-05-01,Norte,ACES Douro Sul,"41.0953745, -7.8123805",74717.0,70928.0,94.93,3363.0,4.5,426.0,0.57,73.1287,62.787,2017,5
2017-05-01,Norte,ACES Matosinhos,"41.1918541, -8.6590693",172424.0,170101.0,98.65,2034.0,1.18,289.0,0.17,73.5887,60.6113,2017,5
2017-06-01,Alentejo,ACES São Mamede,"39.2967086, -7.4284755",115355.0,110990.0,96.22,4242.0,3.68,123.0,0.11,73.9643,58.1118,2017,6
2017-06-01,Algarve,ACES Algarve Barlavento,"37.1387554, -8.5445093",159533.0,104230.0,65.33,54472.0,34.14,831.0,0.52,58.8764,49.2461,2017,6
2017-06-01,Algarve,ACES Algarve Central,"37.0274264, -7.9395984",237431.0,213301.0,89.84,23735.0,10.0,395.0,0.17,59.7734,21.8391,2017,6
2017-06-01,Centro,ACES Baixo Mondego,"40.2150023, -8.4071805",381228.0,371556.0,97.46,8161.0,2.14,1511.0,0.4,68.2276,31.0939,2017,6
2017-06-01,Centro,ACES Dão Lafões,"40.6565861, -7.9124712",268206.0,263844.0,98.37,3982.0,1.48,380.0,0.14,69.4221,39.6564,2017,6
2017-06-01,Lisboa e Vale do Tejo,ACES Arrábida,"38.5324373, -8.8627453",225791.0,167558.0,74.21,57568.0,25.5,665.0,0.29,62.3784,46.4592,2017,6
2017-06-01,Lisboa e Vale do Tejo,ACES Cascais,"38.69904, -9.3818008",199308.0,164449.0,82.51,34802.0,17.46,57.0,0.03,53.0977,30.961,2017,6
2017-06-01,Lisboa e Vale do Tejo,ACES Estuário do Tejo,"38.9528113, -8.9911154",226045.0,165917.0,73.4,58949.0,26.08,1179.0,0.52,60.1598,46.168,2017,6
2017-06-01,Lisboa e Vale do Tejo,ACES Lezíria,"39.2371689, -8.6908895",193819.0,161074.0,83.11,32229.0,16.63,516.0,0.27,68.5376,53.573,2017,6
2017-06-01,Lisboa e Vale do Tejo,ACES Lisboa Central,"38.7306317, -9.1510414",283109.0,234124.0,82.7,47962.0,16.94,1023.0,0.36,52.7391,34.9685,2017,6
2017-06-01,Lisboa e Vale do Tejo,ACES Lisboa Norte,"38.7396924, -9.168506",256392.0,226374.0,88.29,29733.0,11.6,285.0,0.11,54.5554,27.4106,2017,6
2017-06-01,Lisboa e Vale do Tejo,ACES Oeste Sul,"39.0917759, -9.2600341",199465.0,150196.0,75.3,48691.0,24.41,578.0,0.29,65.9389,48.2958,2017,6
2017-06-01,Norte,ACES Baixo Tâmega,"41.2719719, -8.0791631",168886.0,158777.0,94.01,9594.0,5.68,515.0,0.3,74.7723,58.8423,2017,6
2017-06-01,Norte,ACES Marão e Douro Norte,"41.2968711, -7.7483727",106499.0,106111.0,99.64,10.0,0.01,378.0,0.35,77.2666,4.60358,2017,6
2017-06-01,Norte,ACES Póvoa do Varzim / Vila do Conde,"41.355519, -8.746653",148518.0,143392.0,96.55,5121.0,3.45,5.0,0.0,73.9614,70.0156,2017,6
2017-07-01,Alentejo,ACES Baixo Alentejo,"38.0153039, -7.8627308",123639.0,121672.0,98.41,1451.0,1.17,516.0,0.42,72.5862,49.517,2017,7
2017-07-01,Algarve,ACES Algarve Sotavento,"37.383008, -7.7293275",55572.0,55420.0,99.73,117.0,0.21,35.0,0.06,67.3228,14.4737,2017,7
2017-07-01,Centro,ACES Beira Interior Sul,"39.8211367, -7.5036651",72714.0,67260.0,92.5,4927.0,6.78,527.0,0.72,69.4421,48.6705,2017,7
2017-07-01,Lisboa e Vale do Tejo,ACES Lezíria,"39.2371689, -8.6908895",193916.0,159595.0,82.3,33812.0,17.44,509.0,0.26,68.4873,52.9869,2017,7
2017-07-01,Norte,ACES Alto Tâmega e Barroso,"41.741781, -7.4731648",90242.0,85219.0,94.43,4871.0,5.4,152.0,0.17,74.8415,57.3668,2017,7
2017-07-01,Norte,ACES Barcelos / Esposende,"41.5317419, -8.6178922",156363.0,151902.0,97.15,4201.0,2.69,260.0,0.17,76.2204,69.6637,2017,7
2017-07-01,Norte,ACES Espinho / Gaia,"41.0022421, -8.642018",182366.0,178971.0,98.14,3329.0,1.83,66.0,0.04,74.6614,64.3888,2017,7
2017-07-01,Norte,ACES Póvoa do Varzim / Vila do Conde,"41.355519, -8.746653",148655.0,143509.0,96.54,5140.0,3.46,6.0,0.0,73.8228,69.9631,2017,7
2017-07-01,Norte,ACES Santo Tirso / Trofa,"41.3469246, -8.4822648",115758.0,115695.0,99.95,54.0,0.05,9.0,0.01,75.1263,6.26866,2017,7
2017-08-01,Algarve,ACES Algarve Sotavento,"37.383008, -7.7293275",55684.0,55486.0,99.64,165.0,0.3,33.0,0.06,67.1102,21.2121,2017,8
2017-08-01,Lisboa e Vale do Tejo,ACES Almada / Seixal,"38.6678522, -9.1875777",346330.0,295372.0,85.29,50183.0,14.49,775.0,0.22,62.3807,33.3824,2017,8
2017-08-01,Lisboa e Vale do Tejo,ACES Arrábida,"38.5324373, -8.8627453",226777.0,165486.0,72.97,60609.0,26.73,682.0,0.3,62.3012,46.3553,2017,8
2017-08-01,Lisboa e Vale do Tejo,ACES Lisboa Ocidental e Oeiras,"38.6914388, -9.3184304",244713.0,223646.0,91.39,20394.0,8.33,673.0,0.28,56.1153,32.9061,2017,8
2017-08-01,Lisboa e Vale do Tejo,ACES Médio Tejo,"39.478072, -8.5404429",225557.0,194884.0,86.4,30250.0,13.41,423.0,0.19,69.5228,59.7842,2017,8
2017-08-01,Lisboa e Vale do Tejo,ACES Oeste Norte,"39.410844, -9.1396215",179617.0,157473.0,87.67,21822.0,12.15,322.0,0.18,69.231,51.5566,2017,8
2017-08-01,Norte,ACES Alto Ave,"41.4417064, -8.1722408",269350.0,265957.0,98.74,3294.0,1.22,99.0,0.04,76.7612,67.0894,2017,8
2017-08-01,Norte,ACES Espinho / Gaia,"41.0022421, -8.642018",182513.0,179019.0,98.09,3422.0,1.87,72.0,0.04,74.5286,63.2694,2017,8
2017-08-01,Norte,ACES Matosinhos,"41.1918541, -8.6590693",173008.0,167021.0,96.54,5671.0,3.28,316.0,0.18,73.3749,61.7902,2017,8
2017-09-01,Algarve,ACES Algarve Central,"37.0274264, -7.9395984",239445.0,213319.0,89.09,25725.0,10.74,401.0,0.17,59.099,23.6719,2017,9
2017-09-01,Algarve,ACES Algarve Sotavento,"37.383008, -7.7293275",55810.0,55554.0,99.54,222.0,0.4,34.0,0.06,66.8458,26.9531,2017,9
2017-09-01,Lisboa e Vale do Tejo,ACES Lezíria,"39.2371689, -8.6908895",194105.0,162957.0,83.95,30639.0,15.78,509.0,0.26,68.4417,53.5097,2017,9
2017-09-01,Lisboa e Vale do Tejo,ACES Lisboa Ocidental e Oeiras,"38.6914388, -9.3184304",245169.0,223493.0,91.16,21010.0,8.57,666.0,0.27,55.9833,32.8843,2017,9
2017-09-01,Lisboa e Vale do Tejo,ACES Loures / Odivelas,"38.8012718, -9.1137868",357530.0,307318.0,85.96,50169.0,14.03,43.0,0.01,59.3294,36.7614,2017,9
2017-09-01,Lisboa e Vale do Tejo,ACES Médio Tejo,"39.478072, -8.5404429",225695.0,195189.0,86.48,30074.0,13.33,432.0,0.19,69.3425,59.2934,2017,9
2017-09-01,Norte,ACES Ave / Famalicão,"41.3835805, -8.4157518",123366.0,118969.0,96.44,4352.0,3.53,45.0,0.04,73.0461,61.9058,2017,9
2017-09-01,Norte,ACES Matosinhos,"41.1918541, -8.6590693",173185.0,167082.0,96.48,5786.0,3.34,317.0,0.18,73.2398,61.1239,2017,9
2017-10-01,Alentejo,ACES São Mamede,"39.2967086, -7.4284755",115632.0,109812.0,94.97,5687.0,4.92,133.0,0.12,72.977,60.4467,2017,10
2017-10-01,Algarve,ACES Algarve Central,"37.0274264, -7.9395984",240306.0,215376.0,89.63,24534.0,10.21,396.0,0.16,58.9027,23.644,2017,10
2017-10-01,Algarve,ACES Algarve Sotavento,"37.383008, -7.7293275",55914.0,55581.0,99.4,296.0,0.53,37.0,0.07,66.712,30.9309,2017,10
2017-10-01,Centro,ACES Pinhal Litoral,"39.7495331, -8.807683",264575.0,254950.0,96.36,8841.0,3.34,784.0,0.3,69.0947,47.63,2017,10
2017-10-01,Lisboa e Vale do Tejo,ACES Lisboa Norte,"38.7396924, -9.168506",259419.0,226244.0,87.21,32862.0,12.67,313.0,0.12,53.7612,26.9718,2017,10
2017-10-01,Lisboa e Vale do Tejo,ACES Loures / Odivelas,"38.8012718, -9.1137868",358179.0,313770.0,87.6,44360.0,12.38,49.0,0.01,59.4705,36.9541,2017,10
2017-10-01,Norte,ACES Alto Tâmega e Barroso,"41.741781, -7.4731648",90528.0,85337.0,94.27,5015.0,5.54,176.0,0.19,74.2704,55.0541,2017,10
2017-10-01,Norte,ACES Aveiro Norte,"40.8472225, -8.4656674",116505.0,114775.0,98.52,1671.0,1.43,59.0,0.05,74.0288,69.8266,2017,10
2017-10-01,Norte,ACES Baixo Tâmega,"41.2719719, -8.0791631",169020.0,156137.0,92.38,12353.0,7.31,530.0,0.31,74.716,59.9876,2017,10
2017-10-01,Norte,ACES Braga,"41.5518714, -8.4126362",187222.0,183249.0,97.88,3970.0,2.12,3.0,0.0,73.4453,49.6604,2017,10
2017-10-01,Norte,ACES Douro Sul,"41.0953745, -7.8123805",74456.0,70602.0,94.82,3468.0,4.66,386.0,0.52,73.2287,63.1552,2017,10
2017-10-01,Norte,ACES Maia / Valongo,"41.2333945, -8.6187474",218030.0,214421.0,98.34,3486.0,1.6,123.0,0.06,72.1135,56.8617,2017,10
2017-10-01,Norte,ACES Porto Ocidental,"41.1741353, -8.6691662",167728.0,162204.0,96.71,5354.0,3.19,170.0,0.1,67.4051,55.3484,2017,10
2017-11-01,Centro,ACES Dão Lafões,"40.6565861, -7.9124712",269223.0,257801.0,95.76,10998.0,4.09,424.0,0.16,71.2269,51.8985,2017,11
2017-11-01,Centro,ACES Guarda,"40.5353285, -7.2724426",149242.0,145338.0,97.38,2356.0,1.58,1548.0,1.04,72.1476,38.4418,2017,11
2017-11-01,Centro,ACES Pinhal Litoral,"39.7495331, -8.807683",264996.0,256855.0,96.93,7362.0,2.78,779.0,0.29,68.7283,40.7455,2017,11
2017-11-01,Lisboa e Vale do Tejo,ACES Loures / Odivelas,"38.8012718, -9.1137868",358840.0,315619.0,87.96,43171.0,12.03,50.0,0.01,59.3014,35.9718,2017,11
2017-11-01,Norte,ACES Aveiro Norte,"40.8472225, -8.4656674",116597.0,116530.0,99.94,7.0,0.01,60.0,0.05,73.9067,36.3636,2017,11
2017-11-01,Norte,ACES Maia / Valongo,"41.2333945, -8.6187474",218183.0,214563.0,98.34,3500.0,1.6,120.0,0.05,71.9865,56.8232,2017,11
2017-11-01,Norte,ACES Nordeste,"41.8069684, -6.7587977",131740.0,128865.0,97.82,2058.0,1.56,817.0,0.62,74.8524,54.887,2017,11
2017-11-01,Norte,ACES Porto Ocidental,"41.1741353, -8.6691662",167932.0,162343.0,96.67,5413.0,3.22,176.0,0.1,67.1788,54.3828,2017,11
2017-11-01,Norte,ACES Porto Oriental,"41.1694498, -8.6126428",117414.0,116727.0,99.41,650.0,0.55,37.0,0.03,69.5363,42.6492,2017,11
2017-12-01,Alentejo,ACES Alentejo Central,"38.8442031, -7.5826619",166398.0,164531.0,98.88,1736.0,1.04,131.0,0.08,74.7586,51.098,2017,12
2017-12-01,Algarve,ACES Algarve Central,"37.0274264, -7.9395984",240917.0,222465.0,92.34,18084.0,7.51,368.0,0.15,58.6818,25.3184,2017,12
2017-12-01,Centro,ACES Baixo Vouga,"40.6405055, -8.6537539",381568.0,375223.0,98.34,4129.0,1.08,2216.0,0.58,72.415,31.8519,2017,12
2017-12-01,Centro,ACES Beira Interior Sul,"39.8211367, -7.5036651",72792.0,69285.0,95.18,2902.0,3.99,605.0,0.83,68.8238,42.515,2017,12
2017-12-01,Centro,ACES Dão Lafões,"40.6565861, -7.9124712",268539.0,260269.0,96.92,7865.0,2.93,405.0,0.15,71.3135,49.6433,2017,12
2017-12-01,Lisboa e Vale do Tejo,ACES Amadora,"38.7573081, -9.23429",169656.0,128613.0,75.81,40800.0,24.05,243.0,0.14,56.6826,43.6618,2017,12
2017-12-01,Lisboa e Vale do Tejo,ACES Lisboa Central,"38.7306317, -9.1510414",282249.0,240813.0,85.32,40412.0,14.32,1024.0,0.36,52.6705,34.4539,2017,12
2017-12-01,Lisboa e Vale do Tejo,ACES Lisboa Norte,"38.7396924, -9.168506",252944.0,226076.0,89.38,26546.0,10.49,322.0,0.13,54.653,36.2388,2017,12
2017-12-01,Lisboa e Vale do Tejo,ACES Loures / Odivelas,"38.8012718, -9.1137868",355220.0,315425.0,88.8,39740.0,11.19,55.0,0.02,59.732,37.7651,2017,12
2017-12-01,Norte,ACES Alto Tâmega e Barroso,"41.741781, -7.4731648",90287.0,88075.0,97.55,2028.0,2.25,184.0,0.2,74.2649,52.9438,2017,12
2017-12-01,Norte,ACES Gerês / Cabreira,"41.6298661, -8.3596897",106436.0,103887.0,97.61,2539.0,2.39,10.0,0.01,74.8088,73.3128,2017,12
2017-12-01,Norte,ACES Vale do Sousa Norte,"41.2793583, -8.2787457",159867.0,153362.0,95.93,6498.0,4.06,7.0,0.0,75.8527,67.1945,2017,12
2018-01-01,Alentejo,ACES Alentejo Central,"38.8442031, -7.5826619",166355.0,164458.0,98.86,1766.0,1.06,131.0,0.08,74.8877,40.1872,2018,1
2018-01-01,Alentejo,ACES Alentejo Litoral,"38.3841359, -8.5132031",93091.0,82744.0,88.89,10282.0,11.05,65.0,0.07,64.0232,54.4495,2018,1
2018-01-01,Centro,ACES Beira Interior Sul,"39.8211367, -7.5036651",72871.0,70651.0,96.95,1615.0,2.22,605.0,0.83,68.5965,56.2112,2018,1
2018-01-01,Lisboa e Vale do Tejo,ACES Amadora,"38.7573081, -9.23429",170218.0,128461.0,75.47,41515.0,24.39,242.0,0.14,56.447,42.8099,2018,1
2018-01-01,Lisboa e Vale do Tejo,ACES Cascais,"38.69904, -9.3818008",198523.0,174835.0,88.07,22868.0,11.52,820.0,0.41,55.1545,33.1814,2018,1
2018-01-01,Lisboa e Vale do Tejo,ACES Estuário do Tejo,"38.9528113, -8.9911154",225614.0,178565.0,79.15,46168.0,20.46,881.0,0.39,59.073,48.4088,2018,1
2018-01-01,Lisboa e Vale do Tejo,ACES Lisboa Norte,"38.7396924, -9.168506",253764.0,226340.0,89.19,27099.0,10.68,325.0,0.13,54.6864,35.8651,2018,1
2018-01-01,Lisboa e Vale do Tejo,ACES Lisboa Ocidental e Oeiras,"38.6914388, -9.3184304",245479.0,237984.0,96.95,6944.0,2.83,551.0,0.22,55.7635,31.3901,2018,1
2018-01-01,Norte,ACES Ave / Famalicão,"41.3835805, -8.4157518",123347.0,122227.0,99.09,1047.0,0.85,73.0,0.06,72.4007,42.7679,2018,1
2018-01-01,Norte,ACES Aveiro Norte,"40.8472225, -8.4656674",116744.0,116673.0,99.94,11.0,0.01,60.0,0.05,73.4998,30.4348,2018,1
2018-01-01,Norte,ACES Barcelos / Esposende,"41.5317419, -8.6178922",156588.0,151678.0,96.86,4696.0,3.0,214.0,0.14,75.2235,65.8313,2018,1
2018-01-01,Norte,ACES Douro Sul,"41.0953745, -7.8123805",74037.0,72320.0,97.68,1411.0,1.91,306.0,0.41,73.2887,57.551,2018,1
2018-01-01,Norte,ACES Gerês / Cabreira,"41.6298661, -8.3596897",106409.0,103876.0,97.62,2527.0,2.37,6.0,0.01,74.5769,73.4472,2018,1
2018-02-01,Alentejo,ACES São Mamede,"39.2967086, -7.4284755",115325.0,109510.0,94.96,5677.0,4.92,138.0,0.12,73.1143,71.5047,2018,2
2018-02-01,Algarve,ACES Algarve Central,"37.0274264, -7.9395984",242351.0,225206.0,92.93,16783.0,6.93,362.0,0.15,58.7621,29.0563,2018,2
2018-02-01,Centro,ACES Baixo Vouga,"40.6405055, -8.6537539",382120.0,375688.0,98.32,4189.0,1.1,2243.0,0.59,72.3836,29.9922,2018,2
2018-02-01,Lisboa e Vale do Tejo,ACES Almada / Seixal,"38.6678522, -9.1875777",343143.0,299369.0,87.24,43018.0,12.54,756.0,0.22,62.574,36.1278,2018,2
2018-02-01,Lisboa e Vale do Tejo,ACES Amadora,"38.7573081, -9.23429",170500.0,124962.0,73.29,45295.0,26.57,243.0,0.14,56.3346,39.4611,2018,2
2018-02-01,Norte,ACES Alto Minho,"41.7056054, -8.8252713",244536.0,243875.0,99.73,346.0,0.14,315.0,0.13,76.3276,37.1775,2018,2
2018-02-01,Norte,ACES Alto Tâmega e Barroso,"41.741781, -7.4731648",90344.0,88168.0,97.59,2000.0,2.21,176.0,0.19,74.0619,55.2079,2018,2
2018-02-01,Norte,ACES Ave / Famalicão,"41.3835805, -8.4157518",123312.0,122183.0,99.08,1056.0,0.86,73.0,0.06,72.538,42.1986,2018,2
2018-02-01,Norte,ACES Baixo Tâmega,"41.2719719, -8.0791631",168552.0,164702.0,97.72,3276.0,1.94,574.0,0.34,74.8928,40.8831,2018,2
2018-02-01,Norte,ACES Barcelos / Esposende,"41.5317419, -8.6178922",156559.0,151778.0,96.95,4693.0,3.0,88.0,0.06,75.2344,66.9805,2018,2
2018-02-01,Norte,ACES Feira e Arouca,"40.9263169, -8.5478813",152347.0,151559.0,99.48,638.0,0.42,150.0,0.1,74.5333,57.0342,2018,2
2018-02-01,Norte,ACES Gaia,"41.1278433, -8.580396",153165.0,147191.0,96.1,5924.0,3.87,50.0,0.03,70.0867,57.7808,2018,2
2018-02-01,Norte,ACES Gerês / Cabreira,"41.6298661, -8.3596897",106423.0,103243.0,97.01,3176.0,2.98,4.0,0.0,74.405,73.3002,2018,2
2018-02-01,Norte,ACES Maia / Valongo,"41.2333945, -8.6187474",218533.0,214964.0,98.37,3455.0,1.58,114.0,0.05,71.5702,57.7074,2018,2
2018-02-01,Norte,ACES Matosinhos,"41.1918541, -8.6590693",173395.0,170186.0,98.15,2931.0,1.69,278.0,0.16,72.8139,52.976,2018,2
2018-02-01,Norte,ACES Póvoa do Varzim / Vila do Conde,"41.355519, -8.746653",149333.0,147476.0,98.76,1849.0,1.24,8.0,0.01,71.7738,74.6365,2018,2
2018-02-01,Norte,ACES Vale do Sousa Sul,"41.1548155, -8.2163769",174446.0,172961.0,99.15,1453.0,0.83,32.0,0.02,75.4559,77.7104,2018,2
2018-03-01,Alentejo,ACES São Mamede,"39.2967086, -7.4284755",115252.0,109426.0,94.94,5689.0,4.94,137.0,0.12,72.9671,71.3991,2018,3
2018-03-01,Centro,ACES Baixo Vouga,"39.7495331, -8.807683",382553.0,375938.0,98.27,4347.0,1.14,2268.0,0.59,72.1815,29.7686,2018,3
2018-03-01,Centro,ACES Beira Interior Sul,"39.8211367, -7.5036651",72922.0,70690.0,96.94,1423.0,1.95,809.0,1.11,68.5923,56.138,2018,3
2018-03-01,Centro,ACES Guarda,"40.5353285, -7.2724426",149141.0,145238.0,97.38,2338.0,1.57,1565.0,1.05,72.0393,23.0336,2018,3
2018-03-01,Centro,ACES Pinhal Interior Sul,"39.7510898, -7.9203657",30499.0,30291.0,99.32,27.0,0.09,181.0,0.59,79.9456,22.1154,2018,3
2018-03-01,Lisboa e Vale do Tejo,ACES Amadora,"38.7573081, -9.23429",170880.0,124870.0,73.07,45768.0,26.78,242.0,0.14,55.9457,39.3454,2018,3
2018-03-01,Lisboa e Vale do Tejo,ACES Cascais,"38.69904, -9.3818008",199555.0,175341.0,87.87,23165.0,11.61,1049.0,0.53,54.9016,31.4942,2018,3
2018-03-01,Lisboa e Vale do Tejo,ACES Loures / Odivelas,"38.8012718, -9.1137868",356752.0,317267.0,88.93,39407.0,11.05,78.0,0.02,59.6122,38.4465,2018,3
2018-03-01,Lisboa e Vale do Tejo,ACES Oeste Norte,"39.410844, -9.1396215",178972.0,162426.0,90.75,16247.0,9.08,299.0,0.17,68.8954,48.0738,2018,3
2018-03-01,Norte,ACES Alto Ave,"41.4417064, -8.1722408",269808.0,266587.0,98.81,3132.0,1.16,89.0,0.03,75.9578,65.84,2018,3
2018-03-01,Norte,ACES Aveiro Norte,"40.8472225, -8.4656674",116753.0,116672.0,99.93,22.0,0.02,59.0,0.05,73.0357,32.5,2018,3
2018-03-01,Norte,ACES Baixo Tâmega,"41.2719719, -8.0791631",168358.0,164489.0,97.7,3277.0,1.95,592.0,0.35,74.7826,40.848,2018,3
2018-03-01,Norte,ACES Barcelos / Esposende,"41.5317419, -8.6178922",156546.0,151773.0,96.95,4693.0,3.0,80.0,0.05,75.1206,66.1358,2018,3
2018-03-01,Norte,ACES Braga,"41.5518714, -8.4126362",188629.0,181635.0,96.29,6992.0,3.71,2.0,0.0,72.6802,54.0792,2018,3
2018-03-01,Norte,ACES Porto Oriental,"41.1694498, -8.6126428",117329.0,113168.0,96.45,4128.0,3.52,33.0,0.03,68.977,64.6564,2018,3
2018-03-01,Norte,ACES Santo Tirso / Trofa,"41.3469246, -8.4822648",115803.0,112437.0,97.09,3347.0,2.89,19.0,0.02,73.8282,65.9232,2018,3
2018-04-01,Alentejo,ACES Alentejo Litoral,"38.3841359, -8.5132031",93842.0,86849.0,92.55,6816.0,7.26,177.0,0.19,63.3798,50.4404,2018,4
2018-04-01,Alentejo,ACES São Mamede,"39.2967086, -7.4284755",115251.0,107550.0,93.32,6229.0,5.4,1472.0,1.28,73.078,70.822,2018,4
2018-04-01,Algarve,ACES Algarve Barlavento,"37.1387554, -8.5445093",162766.0,110974.0,68.18,50970.0,31.31,822.0,0.51,58.224,50.5223,2018,4
2018-04-01,Lisboa e Vale do Tejo,ACES Arrábida,"38.5324373, -8.8627453",226150.0,167539.0,74.08,57894.0,25.6,717.0,0.32,62.6375,48.6292,2018,4
2018-04-01,Lisboa e Vale do Tejo,ACES Lisboa Ocidental e Oeiras,"38.6914388, -9.3184304",246880.0,236310.0,95.72,10008.0,4.05,562.0,0.23,55.7332,38.2439,2018,4
2018-04-01,Lisboa e Vale do Tejo,ACES Oeste Norte,"39.410844, -9.1396215",179099.0,161491.0,90.17,17312.0,9.67,296.0,0.17,69.0329,48.6036,2018,4
2018-04-01,Norte,ACES Douro Sul,"41.0953745, -7.8123805",73972.0,71342.0,96.44,2325.0,3.14,305.0,0.41,73.2264,52.3773,2018,4
2018-04-01,Norte,ACES Feira e Arouca,"40.9263169, -8.5478813",152405.0,151527.0,99.42,732.0,0.48,146.0,0.1,74.3945,61.3975,2018,4
2018-04-01,Norte,ACES Gaia,"41.1278433, -8.580396",153409.0,145836.0,95.06,6552.0,4.27,1021.0,0.67,69.7406,45.1903,2018,4
2018-04-01,Norte,ACES Gondomar,"41.1738444, -8.5612238",166640.0,166554.0,99.95,26.0,0.02,60.0,0.04,73.8271,23.4568,2018,4
2018-04-01,Norte,ACES Maia / Valongo,"41.2333945, -8.6187474",218387.0,216382.0,99.08,1912.0,0.88,93.0,0.04,71.414,66.4343,2018,4
2018-04-01,Norte,ACES Nordeste,"41.8069684, -6.7587977",131525.0,129775.0,98.67,936.0,0.71,814.0,0.62,75.2256,49.0577,2018,4
2018-04-01,Norte,ACES Vale do Sousa Norte,"41.2793583, -8.2787457",159927.0,158278.0,98.97,1640.0,1.03,9.0,0.01,75.7838,71.2553,2018,4
2018-04-01,Norte,ACES Vale do Sousa Sul,"41.1548155, -8.2163769",173992.0,172534.0,99.16,1425.0,0.82,33.0,0.02,75.5463,75.8573,2018,4
2018-05-01,Alentejo,ACES Baixo Alentejo,"38.0153039, -7.8627308",123553.0,121987.0,98.73,1122.0,0.91,444.0,0.36,72.2166,51.8519,2018,5
2018-05-01,Algarve,ACES Algarve Central,"37.0274264, -7.9395984",244758.0,227530.0,92.96,17021.0,6.95,207.0,0.08,58.4767,28.593,2018,5
2018-05-01,Lisboa e Vale do Tejo,ACES Almada / Seixal,"38.6678522, -9.1875777",344783.0,295985.0,85.85,48020.0,13.93,778.0,0.23,62.1379,34.1127,2018,5
2018-05-01,Lisboa e Vale do Tejo,ACES Estuário do Tejo,"38.9528113, -8.9911154",227640.0,179459.0,78.83,47257.0,20.76,924.0,0.41,57.5308,47.3154,2018,5
2018-05-01,Lisboa e Vale do Tejo,ACES Lezíria,"39.2371689, -8.6908895",193983.0,167439.0,86.32,25986.0,13.4,558.0,0.29,68.3461,56.3277,2018,5
2018-05-01,Lisboa e Vale do Tejo,ACES Lisboa Central,"38.7306317, -9.1510414",285317.0,240702.0,84.36,43583.0,15.28,1032.0,0.36,52.4056,32.4338,2018,5
2018-05-01,Lisboa e Vale do Tejo,ACES Lisboa Norte,"38.7396924, -9.168506",256406.0,224730.0,87.65,31372.0,12.24,304.0,0.12,54.3201,33.5438,2018,5
2018-05-01,Lisboa e Vale do Tejo,ACES Loures / Odivelas,"38.8012718, -9.1137868",358188.0,313462.0,87.51,44673.0,12.47,53.0,0.01,59.4612,37.0363,2018,5
2018-05-01,Lisboa e Vale do Tejo,ACES Sintra,"38.7519209, -9.2753636",357274.0,280084.0,78.39,76404.0,21.39,786.0,0.22,56.8853,42.4041,2018,5
2018-05-01,Norte,ACES Ave / Famalicão,"41.3835805, -8.4157518",123422.0,120536.0,97.66,2837.0,2.3,49.0,0.04,72.2782,62.9373,2018,5
2018-05-01,Norte,ACES Baixo Tâmega,"41.2719719, -8.0791631",168447.0,165998.0,98.55,2025.0,1.2,424.0,0.25,74.9307,41.2413,2018,5
2018-05-01,Norte,ACES Feira e Arouca,"40.9263169, -8.5478813",152491.0,151586.0,99.41,754.0,0.49,151.0,0.1,74.1931,63.0243,2018,5
2018-05-01,Norte,ACES Maia / Valongo,"41.2333945, -8.6187474",218523.0,216586.0,99.11,1844.0,0.84,93.0,0.04,71.3023,59.0088,2018,5
2018-05-01,Norte,ACES Marão e Douro Norte,"41.2968711, -7.7483727",106217.0,105852.0,99.66,23.0,0.02,342.0,0.32,75.9087,4.33604,2018,5
2018-05-01,Norte,ACES Nordeste,"41.8069684, -6.7587977",131552.0,128875.0,97.97,1869.0,1.42,808.0,0.61,75.1767,62.3086,2018,5
2018-05-01,Norte,ACES Porto Oriental,"41.1694498, -8.6126428",117487.0,115291.0,98.13,2163.0,1.84,33.0,0.03,68.918,61.0833,2018,5
2018-05-01,Norte,ACES Santo Tirso / Trofa,"41.3469246, -8.4822648",115714.0,115608.0,99.91,86.0,0.07,20.0,0.02,73.9377,19.2857,2018,5
2018-05-01,Norte,ACES Vale do Sousa Norte,"41.2793583, -8.2787457",160005.0,158371.0,98.98,1625.0,1.02,9.0,0.01,75.8079,70.3182,2018,5
2018-06-01,Alentejo,ACES Alentejo Central,"38.8442031, -7.5826619",166508.0,166294.0,99.87,49.0,0.03,165.0,0.1,74.8817,60.7663,2018,6
2018-06-01,Centro,ACES Baixo Mondego,"40.2150023, -8.4071805",384870.0,371661.0,96.57,11057.0,2.87,2152.0,0.56,71.4474,39.788,2018,6
2018-06-01,Centro,ACES Baixo Vouga,"40.6405055, -8.6537539",384066.0,371547.0,96.74,10192.0,2.65,2327.0,0.61,71.9806,45.6899,2018,6
2018-06-01,Lisboa e Vale do Tejo,ACES Amadora,"38.7573081, -9.23429",172057.0,121101.0,70.38,50718.0,29.48,238.0,0.14,55.6819,39.3815,2018,6
2018-06-01,Lisboa e Vale do Tejo,ACES Cascais,"38.69904, -9.3818008",201384.0,175303.0,87.05,24975.0,12.4,1106.0,0.55,54.6244,30.1867,2018,6
2018-06-01,Norte,ACES Alto Minho,"41.7056054, -8.8252713",244741.0,244175.0,99.77,262.0,0.11,304.0,0.12,76.1793,32.2124,2018,6
2018-06-01,Norte,ACES Ave / Famalicão,"41.3835805, -8.4157518",123448.0,120539.0,97.64,2839.0,2.3,70.0,0.06,72.1811,62.3024,2018,6
2018-06-01,Norte,ACES Douro Sul,"41.0953745, -7.8123805",73872.0,70122.0,94.92,3446.0,4.66,304.0,0.41,73.0622,43.7867,2018,6
2018-06-01,Norte,ACES Gerês / Cabreira,"41.6298661, -8.3596897",106432.0,104642.0,98.32,1786.0,1.68,4.0,0.0,74.0109,62.8962,2018,6
2018-06-01,Norte,ACES Gondomar,"41.1738444, -8.5612238",167024.0,166930.0,99.94,28.0,0.02,66.0,0.04,73.8496,21.2766,2018,6
2018-06-01,Norte,ACES Matosinhos,"41.1918541, -8.6590693",173822.0,170253.0,97.95,3288.0,1.89,281.0,0.16,72.5929,51.8768,2018,6
2018-06-01,Norte,ACES Santo Tirso / Trofa,"41.3469246, -8.4822648",115729.0,115617.0,99.9,92.0,0.08,20.0,0.02,74.0552,20.6294,2018,6
2018-07-01,Alentejo,ACES Baixo Alentejo,"38.0153039, -7.8627308",123685.0,120581.0,97.49,2663.0,2.15,441.0,0.36,72.2805,61.0717,2018,7
2018-07-01,Lisboa e Vale do Tejo,ACES Lisboa Norte,"38.7396924, -9.168506",257969.0,224935.0,87.19,32726.0,12.69,308.0,0.12,54.2901,32.5805,2018,7
2018-07-01,Lisboa e Vale do Tejo,ACES Sintra,"38.7519209, -9.2753636",358981.0,280048.0,78.01,78108.0,21.76,825.0,0.23,56.8123,41.9669,2018,7
2018-07-01,Norte,ACES Ave / Famalicão,"41.3835805, -8.4157518",123525.0,120554.0,97.59,2847.0,2.3,124.0,0.1,72.1697,62.2476,2018,7
2018-07-01,Norte,ACES Aveiro Norte,"40.8472225, -8.4656674",117166.0,116859.0,99.74,247.0,0.21,60.0,0.05,73.1968,39.0728,2018,7
2018-07-01,Norte,ACES Gondomar,"41.1738444, -8.5612238",167150.0,167045.0,99.94,39.0,0.02,66.0,0.04,73.8929,23.8095,2018,7
2018-07-01,Norte,ACES Porto Ocidental,"41.1741353, -8.6691662",169198.0,162891.0,96.27,5977.0,3.53,330.0,0.2,65.1273,50.1902,2018,7
2018-08-01,Algarve,ACES Algarve Central,"37.0274264, -7.9395984",247223.0,227076.0,91.85,19938.0,8.06,209.0,0.08,58.3742,29.2518,2018,8
2018-08-01,Centro,ACES Baixo Vouga,"40.6405055, -8.6537539",384967.0,366834.0,95.29,15796.0,4.1,2337.0,0.61,71.9271,51.5206,2018,8
2018-08-01,Centro,ACES Beira Interior Sul,"39.8211367, -7.5036651",73217.0,70793.0,96.69,1546.0,2.11,878.0,1.2,68.9946,53.9926,2018,8
2018-08-01,Centro,ACES Dão Lafões,"40.6565861, -7.9124712",269449.0,256967.0,95.37,12047.0,4.47,435.0,0.16,71.2903,60.1291,2018,8
2018-08-01,Centro,ACES Guarda,"40.5353285, -7.2724426",149256.0,141799.0,95.0,5869.0,3.93,1588.0,1.06,71.9639,41.6311,2018,8
2018-08-01,Centro,ACES Pinhal Interior Sul,"39.7510898, -7.9203657",30547.0,30327.0,99.28,40.0,0.13,180.0,0.59,79.738,20.9091,2018,8
2018-08-01,Lisboa e Vale do Tejo,ACES Almada / Seixal,"38.6678522, -9.1875777",346744.0,293670.0,84.69,52255.0,15.07,819.0,0.24,62.3198,35.2826,2018,8
2018-08-01,Lisboa e Vale do Tejo,ACES Cascais,"38.69904, -9.3818008",202758.0,172809.0,85.23,28879.0,14.24,1070.0,0.53,54.5494,32.7344,2018,8
2018-08-01,Lisboa e Vale do Tejo,ACES Lisboa Ocidental e Oeiras,"38.6914388, -9.3184304",249123.0,232227.0,93.22,16345.0,6.56,551.0,0.22,55.5897,37.2399,2018,8
2018-08-01,Norte,ACES Nordeste,"41.8069684, -6.7587977",131615.0,128531.0,97.66,2233.0,1.7,851.0,0.65,75.1092,59.4674,2018,8
2018-08-01,Norte,ACES Porto Oriental,"41.1694498, -8.6126428",117497.0,113158.0,96.31,2657.0,2.26,1682.0,1.43,69.1679,61.2099,2018,8
2018-08-01,Norte,ACES Santo Tirso / Trofa,"41.3469246, -8.4822648",115812.0,115631.0,99.84,161.0,0.14,20.0,0.02,74.1506,21.3483,2018,8
2018-09-01,Algarve,ACES Algarve Central,"37.0274264, -7.9395984",247503.0,228133.0,92.17,19155.0,7.74,215.0,0.09,58.4735,30.8054,2018,9
2018-09-01,Centro,ACES Baixo Vouga,"40.6405055, -8.6537539",385370.0,371607.0,96.43,11432.0,2.97,2331.0,0.6,71.8279,45.7274,2018,9
2018-09-01,Centro,ACES Beira Interior Sul,"39.8211367, -7.5036651",73257.0,70788.0,96.63,1593.0,2.17,876.0,1.2,68.9248,53.4224,2018,9
2018-09-01,Lisboa e Vale do Tejo,ACES Almada / Seixal,"38.6678522, -9.1875777",344074.0,298836.0,86.85,44354.0,12.89,884.0,0.26,62.7641,33.771,2018,9
2018-09-01,Lisboa e Vale do Tejo,ACES Arrábida,"38.5324373, -8.8627453",227900.0,165704.0,72.71,61465.0,26.97,731.0,0.32,62.0716,48.4164,2018,9
2018-09-01,Lisboa e Vale do Tejo,ACES Estuário do Tejo,"38.9528113, -8.9911154",228140.0,178263.0,78.14,48985.0,21.47,892.0,0.39,58.5261,46.0618,2018,9
2018-09-01,Lisboa e Vale do Tejo,ACES Médio Tejo,"39.478072, -8.5404429",225156.0,205056.0,91.07,19603.0,8.71,497.0,0.22,69.4082,59.3961,2018,9
2018-09-01,Norte,ACES Douro Sul,"41.0953745, -7.8123805",73293.0,70357.0,95.99,2639.0,3.6,297.0,0.41,73.6281,51.891,2018,9
2018-09-01,Norte,ACES Gondomar,"41.1738444, -8.5612238",167434.0,167319.0,99.93,44.0,0.03,71.0,0.04,74.0827,26.087,2018,9
2018-09-01,Norte,ACES Póvoa do Varzim / Vila do Conde,"41.355519, -8.746653",150527.0,150497.0,99.98,17.0,0.01,13.0,0.01,71.0456,36.6667,2018,9
2018-09-01,Norte,ACES Vale do Sousa Norte,"41.2793583, -8.2787457",160176.0,158682.0,99.07,1485.0,0.93,9.0,0.01,76.3493,67.2691,2018,9
2018-10-01,Alentejo,ACES Alentejo Central,"38.8442031, -7.5826619",166905.0,165245.0,99.01,1481.0,0.89,179.0,0.11,74.846,72.2909,2018,10
2018-10-01,Centro,ACES Pinhal Interior Norte,"40.1151262, -8.2473136",129832.0,124988.0,96.27,4044.0,3.11,800.0,0.62,74.328,53.4596,2018,10
2018-10-01,Lisboa e Vale do Tejo,ACES Amadora,"38.7573081, -9.23429",172356.0,125045.0,72.55,47073.0,27.31,238.0,0.14,56.217,41.1905,2018,10
2018-10-01,Norte,ACES Douro Sul,"41.0953745, -7.8123805",73156.0,72964.0,99.74,81.0,0.11,111.0,0.15,73.5846,15.1042,2018,10
2018-10-01,Norte,ACES Espinho / Gaia,"41.0022421, -8.642018",183730.0,181168.0,98.61,2458.0,1.34,104.0,0.06,73.4109,54.8362,2018,10
2018-10-01,Norte,ACES Maia / Valongo,"41.2333945, -8.6187474",219247.0,216695.0,98.84,2458.0,1.12,94.0,0.04,71.435,52.8605,2018,10
2018-10-01,Norte,ACES Santo Tirso / Trofa,"41.3469246, -8.4822648",115732.0,115503.0,99.8,210.0,0.18,19.0,0.02,74.2025,26.1845,2018,10
2018-11-01,Alentejo,ACES Alentejo Central,"38.8442031, -7.5826619",166885.0,165240.0,99.01,1462.0,0.88,183.0,0.11,74.9282,72.9334,2018,11
2018-11-01,Algarve,ACES Algarve Sotavento,"37.383008, -7.7293275",57544.0,56448.0,98.1,1041.0,1.81,55.0,0.1,66.2369,35.8318,2018,11
2018-11-01,Centro,ACES Baixo Mondego,"40.2150023, -8.4071805",386659.0,378520.0,97.9,5401.0,1.4,2738.0,0.71,71.3677,23.4817,2018,11
2018-11-01,Centro,ACES Cova da Beira,"40.2677741, -7.4995083",86114.0,84066.0,97.62,1129.0,1.31,919.0,1.07,67.817,34.7975,2018,11
2018-11-01,Lisboa e Vale do Tejo,ACES Arrábida,"38.5324373, -8.8627453",228681.0,170301.0,74.47,57636.0,25.2,744.0,0.33,62.1371,48.1347,2018,11
2018-11-01,Lisboa e Vale do Tejo,ACES Estuário do Tejo,"38.9528113, -8.9911154",228932.0,186368.0,81.41,41667.0,18.2,897.0,0.39,59.2995,45.2044,2018,11
2018-11-01,Lisboa e Vale do Tejo,ACES Lisboa Central,"38.7306317, -9.1510414",286562.0,246699.0,86.09,38788.0,13.54,1075.0,0.38,52.5687,24.1037,2018,11
2018-11-01,Lisboa e Vale do Tejo,ACES Oeste Norte,"39.410844, -9.1396215",178948.0,150414.0,84.05,28234.0,15.78,300.0,0.17,69.1172,55.0066,2018,11
2018-11-01,Lisboa e Vale do Tejo,ACES Oeste Sul,"39.0917759, -9.2600341",202028.0,176186.0,87.21,25254.0,12.5,588.0,0.29,65.8803,37.839,2018,11
2018-11-01,Norte,ACES Feira e Arouca,"40.9263169, -8.5478813",153026.0,151904.0,99.27,972.0,0.64,150.0,0.1,74.4655,66.6964,2018,11
2018-11-01,Norte,ACES Marão e Douro Norte,"41.2968711, -7.7483727",106090.0,104149.0,98.17,1593.0,1.5,348.0,0.33,76.1815,55.1157,2018,11
2018-11-01,Norte,ACES Matosinhos,"41.1918541, -8.6590693",173778.0,172983.0,99.54,557.0,0.32,238.0,0.14,72.7443,30.3526,2018,11
2018-11-01,Norte,ACES Nordeste,"41.8069684, -6.7587977",131628.0,130085.0,98.83,664.0,0.5,879.0,0.67,74.7755,36.941,2018,11
2018-11-01,Norte,ACES Porto Ocidental,"41.1741353, -8.6691662",170069.0,168752.0,99.23,818.0,0.48,499.0,0.29,61.3202,31.5869,2018,11
2018-12-01,Algarve,ACES Algarve Sotavento,"37.383008, -7.7293275",57571.0,55830.0,96.98,1685.0,2.93,56.0,0.1,66.4745,45.2613,2018,12
2018-12-01,Centro,ACES Baixo Vouga,"40.6405055, -8.6537539",387247.0,374734.0,96.77,10152.0,2.62,2361.0,0.61,71.8194,38.5359,2018,12
2018-12-01,Centro,ACES Beira Interior Sul,"39.8211367, -7.5036651",73318.0,70537.0,96.21,1905.0,2.6,876.0,1.19,69.3274,52.9666,2018,12
2018-12-01,Centro,ACES Dão Lafões,"40.6565861, -7.9124712",270073.0,265312.0,98.24,4330.0,1.6,431.0,0.16,71.5954,46.5638,2018,12
2018-12-01,Centro,ACES Guarda,"40.5353285, -7.2724426",148800.0,140608.0,94.49,6620.0,4.45,1572.0,1.06,71.9058,43.8804,2018,12
2018-12-01,Lisboa e Vale do Tejo,ACES Estuário do Tejo,"38.9528113, -8.9911154",229133.0,186966.0,81.6,41248.0,18.0,919.0,0.4,59.6175,45.8726,2018,12
2018-12-01,Lisboa e Vale do Tejo,ACES Oeste Norte,"39.410844, -9.1396215",178925.0,150338.0,84.02,28290.0,15.81,297.0,0.17,69.001,54.903,2018,12
2018-12-01,Norte,ACES Gaia,"41.1278433, -8.580396",154541.0,148838.0,96.31,5653.0,3.66,50.0,0.03,69.4449,53.2527,2018,12
2019-01-01,Alentejo,ACES São Mamede,"39.2967086, -7.4284755",115065.0,108324.0,94.14,6607.0,5.74,134.0,0.12,72.6033,73.546,2019,1
2019-01-01,Centro,ACES Baixo Mondego,"40.2150023, -8.4071805",387425.0,377727.0,97.5,6561.0,1.69,3137.0,0.81,71.2552,32.0298,2019,1
2019-01-01,Centro,ACES Cova da Beira,"40.2677741, -7.4995083",86171.0,84009.0,97.49,1229.0,1.43,933.0,1.08,67.638,35.2778,2019,1
2019-01-01,Centro,ACES Dão Lafões,"40.6565861, -7.9124712",270200.0,265425.0,98.23,4343.0,1.61,432.0,0.16,71.5588,47.3446,2019,1
2019-01-01,Lisboa e Vale do Tejo,ACES Estuário do Tejo,"38.9528113, -8.9911154",229406.0,186913.0,81.48,41578.0,18.12,915.0,0.4,59.8923,45.7675,2019,1
2019-01-01,Lisboa e Vale do Tejo,ACES Lisboa Central,"38.7306317, -9.1510414",287245.0,246633.0,85.86,39539.0,13.76,1073.0,0.37,52.5839,26.5765,2019,1
2019-01-01,Lisboa e Vale do Tejo,ACES Médio Tejo,"39.478072, -8.5404429",225584.0,205370.0,91.04,19667.0,8.72,547.0,0.24,69.7389,60.1998,2019,1
2019-01-01,Norte,ACES Alto Tâmega e Barroso,"41.741781, -7.4731648",90455.0,89484.0,98.93,783.0,0.87,188.0,0.21,73.9019,26.1048,2019,1
2019-01-01,Norte,ACES Ave / Famalicão,"41.3835805, -8.4157518",123872.0,123163.0,99.43,701.0,0.57,8.0,0.01,72.272,48.0959,2019,1
2019-01-01,Norte,ACES Braga,"41.5518714, -8.4126362",193562.0,187641.0,96.94,5917.0,3.06,4.0,0.0,72.2993,43.0694,2019,1
2019-01-01,Norte,ACES Feira e Arouca,"40.9263169, -8.5478813",153088.0,151919.0,99.24,1025.0,0.67,144.0,0.09,74.4422,67.9213,2019,1
2019-01-01,Norte,ACES Marão e Douro Norte,"41.2968711, -7.7483727",106018.0,104106.0,98.2,1574.0,1.48,338.0,0.32,76.1463,55.6136,2019,1
2019-01-01,Norte,ACES Porto Ocidental,"41.1741353, -8.6691662",170376.0,169169.0,99.29,563.0,0.33,644.0,0.38,64.8041,30.9031,2019,1
2019-02-01,Alentejo,ACES Baixo Alentejo,"38.0153039, -7.8627308",123955.0,120160.0,96.94,3378.0,2.73,417.0,0.34,71.8799,61.3295,2019,2
2019-02-01,Alentejo,ACES São Mamede,"39.2967086, -7.4284755",114989.0,107736.0,93.69,7118.0,6.19,135.0,0.12,72.6965,73.5209,2019,2
2019-02-01,Algarve,ACES Algarve Barlavento,"37.1387554, -8.5445093",166818.0,127501.0,76.43,38349.0,22.99,968.0,0.58,58.5368,48.5362,2019,2
2019-02-01,Centro,ACES Baixo Vouga,"40.6405055, -8.6537539",388076.0,377738.0,97.34,7968.0,2.05,2370.0,0.61,71.6863,28.8091,2019,2
2019-02-01,Lisboa e Vale do Tejo,ACES Estuário do Tejo,"38.9528113, -8.9911154",229726.0,194039.0,84.47,34774.0,15.14,913.0,0.4,60.1795,46.4959,2019,2
2019-02-01,Lisboa e Vale do Tejo,ACES Oeste Norte,"39.410844, -9.1396215",179096.0,149810.0,83.65,28994.0,16.19,292.0,0.16,68.6577,54.6463,2019,2
2019-02-01,Lisboa e Vale do Tejo,ACES Oeste Sul,"39.0917759, -9.2600341",198403.0,175856.0,88.64,21976.0,11.08,571.0,0.29,67.4252,46.4363,2019,2
2019-02-01,Lisboa e Vale do Tejo,ACES Sintra,"38.7519209, -9.2753636",360407.0,281742.0,78.17,77818.0,21.59,847.0,0.24,57.6459,43.8461,2019,2
2019-02-01,Norte,ACES Alto Minho,"41.7056054, -8.8252713",245955.0,243829.0,99.14,1827.0,0.74,299.0,0.12,76.2642,64.8,2019,2
2019-02-01,Norte,ACES Braga,"41.5518714, -8.4126362",193814.0,187615.0,96.8,6196.0,3.2,3.0,0.0,72.2668,43.629,2019,2
2019-03-01,Alentejo,ACES Baixo Alentejo,"38.0153039, -7.8627308",124039.0,120192.0,96.9,3437.0,2.77,410.0,0.33,71.7847,61.0346,2019,3
2019-03-01,Centro,ACES Baixo Mondego,"40.2150023, -8.4071805",387664.0,380845.0,98.24,4266.0,1.1,2553.0,0.66,71.0636,21.2641,2019,3
2019-03-01,Centro,ACES Baixo Vouga,"40.6405055, -8.6537539",388590.0,376736.0,96.95,9461.0,2.43,2393.0,0.62,71.4676,33.8789,2019,3
2019-03-01,Centro,ACES Dão Lafões,"40.6565861, -7.9124712",270391.0,265048.0,98.02,4932.0,1.82,411.0,0.15,71.4517,58.5634,2019,3
2019-03-01,Centro,ACES Pinhal Interior Sul,"39.7510898, -7.9203657",30781.0,30522.0,99.16,97.0,0.32,162.0,0.53,78.8961,14.2857,2019,3
2019-03-01,Lisboa e Vale do Tejo,ACES Almada / Seixal,"38.6678522, -9.1875777",346894.0,299575.0,86.36,46261.0,13.34,1058.0,0.3,62.8963,36.144,2019,3
2019-03-01,Norte,ACES Baixo Tâmega,"41.2719719, -8.0791631",167941.0,163216.0,97.19,4369.0,2.6,356.0,0.21,75.4289,65.1005,2019,3
2019-03-01,Norte,ACES Porto Oriental,"41.1694498, -8.6126428",117954.0,116416.0,98.7,1497.0,1.27,41.0,0.03,69.4466,45.4486,2019,3
2019-03-01,Norte,ACES Póvoa do Varzim / Vila do Conde,"41.355519, -8.746653",150815.0,150358.0,99.7,443.0,0.29,14.0,0.01,71.8748,41.5755,2019,3
2019-03-01,Norte,ACES Santo Tirso / Trofa,"41.3469246, -8.4822648",115614.0,115298.0,99.73,294.0,0.25,22.0,0.02,74.1078,29.0061,2019,3
2019-04-01,Alentejo,ACES Baixo Alentejo,"38.0153039, -7.8627308",124122.0,120211.0,96.85,3502.0,2.82,409.0,0.33,72.2926,60.1125,2019,4
2019-04-01,Alentejo,ACES São Mamede,"39.2967086, -7.4284755",114955.0,107708.0,93.7,7111.0,6.19,136.0,0.12,72.4275,72.9506,2019,4
2019-04-01,Algarve,ACES Algarve Central,"37.0274264, -7.9395984",253447.0,234986.0,92.72,18146.0,7.16,315.0,0.12,58.0867,39.402,2019,4
2019-04-01,Algarve,ACES Algarve Sotavento,"37.383008, -7.7293275",58185.0,56655.0,97.37,1476.0,2.54,54.0,0.09,66.4054,22.7451,2019,4
2019-04-01,Centro,ACES Baixo Mondego,"40.2150023, -8.4071805",388020.0,378118.0,97.45,7283.0,1.88,2619.0,0.67,71.0349,36.326,2019,4
2019-04-01,Centro,ACES Cova da Beira,"40.2677741, -7.4995083",86171.0,83848.0,97.3,1375.0,1.6,948.0,1.1,67.3289,37.4785,2019,4
2019-04-01,Centro,ACES Dão Lafões,"40.6565861, -7.9124712",270492.0,263488.0,97.41,6603.0,2.44,401.0,0.15,71.499,62.9073,2019,4
2019-04-01,Lisboa e Vale do Tejo,ACES Oeste Sul,"39.0917759, -9.2600341",199601.0,176040.0,88.2,22986.0,11.52,575.0,0.29,67.0458,46.195,2019,4
2019-04-01,Norte,ACES Gaia,"41.1278433, -8.580396",155576.0,150747.0,96.9,4784.0,3.08,45.0,0.03,69.4302,48.1773,2019,4
2019-04-01,Norte,ACES Gondomar,"41.1738444, -8.5612238",167595.0,167410.0,99.89,114.0,0.07,71.0,0.04,74.1696,31.8919,2019,4
2019-04-01,Norte,ACES Nordeste,"41.8069684, -6.7587977",131200.0,128886.0,98.24,1733.0,1.32,581.0,0.44,74.3096,59.3345,2019,4
2019-04-01,Norte,ACES Vale do Sousa Norte,"41.2793583, -8.2787457",160474.0,160463.0,99.99,3.0,0.0,8.0,0.0,77.1719,9.09091,2019,4
2019-05-01,Algarve,ACES Algarve Barlavento,"37.1387554, -8.5445093",168273.0,126096.0,74.94,41155.0,24.46,1022.0,0.61,58.978,49.3883,2019,5
2019-05-01,Algarve,ACES Algarve Central,"37.0274264, -7.9395984",253799.0,235112.0,92.64,18366.0,7.24,321.0,0.13,58.2613,38.9948,2019,5
2019-05-01,Centro,ACES Baixo Mondego,"40.2150023, -8.4071805",387889.0,378238.0,97.51,7072.0,1.82,2579.0,0.66,71.2474,37.598,2019,5
2019-05-01,Lisboa e Vale do Tejo,ACES Lezíria,"39.2371689, -8.6908895",194655.0,167930.0,86.27,26056.0,13.39,669.0,0.34,69.3145,54.3392,2019,5
2019-05-01,Lisboa e Vale do Tejo,ACES Lisboa Ocidental e Oeiras,"38.6914388, -9.3184304",249224.0,228614.0,91.73,20082.0,8.06,528.0,0.21,56.0227,36.361,2019,5
2019-05-01,Lisboa e Vale do Tejo,ACES Oeste Norte,"39.410844, -9.1396215",179365.0,154475.0,86.12,24611.0,13.72,279.0,0.16,68.4233,54.2369,2019,5
2019-05-01,Norte,ACES Alto Ave,"41.4417064, -8.1722408",271326.0,271029.0,99.89,220.0,0.08,77.0,0.03,76.4015,19.5946,2019,5
2019-05-01,Norte,ACES Espinho / Gaia,"41.0022421, -8.642018",183838.0,176625.0,96.08,7121.0,3.87,92.0,0.05,73.0785,68.7604,2019,5
2019-05-01,Norte,ACES Matosinhos,"41.1918541, -8.6590693",174781.0,171531.0,98.14,3008.0,1.72,242.0,0.14,72.7394,59.4952,2019,5
2019-05-01,Norte,ACES Nordeste,"41.8069684, -6.7587977",131258.0,127430.0,97.08,3234.0,2.46,594.0,0.45,74.2364,65.1606,2019,5
2019-05-01,Norte,ACES Porto Ocidental,"41.1741353, -8.6691662",171160.0,169652.0,99.12,956.0,0.56,552.0,0.32,65.4318,33.6207,2019,5
2019-05-01,Norte,ACES Póvoa do Varzim / Vila do Conde,"41.355519, -8.746653",151108.0,150486.0,99.59,610.0,0.4,12.0,0.01,71.7545,46.8599,2019,5
2019-06-01,Alentejo,ACES Alentejo Litoral,"38.3841359, -8.5132031",95767.0,84653.0,88.39,11009.0,11.5,105.0,0.11,63.2107,44.8713,2019,6
2019-06-01,Lisboa e Vale do Tejo,ACES Almada / Seixal,"38.6678522, -9.1875777",347339.0,298748.0,86.01,47495.0,13.67,1096.0,0.32,62.9665,38.147,2019,6
2019-06-01,Lisboa e Vale do Tejo,ACES Arco Ribeirinho,"38.6672076, -9.0543329",220197.0,169718.0,77.08,50296.0,22.84,183.0,0.08,58.7765,46.4312,2019,6
2019-06-01,Lisboa e Vale do Tejo,ACES Oeste Sul,"39.0917759, -9.2600341",200662.0,176867.0,88.14,23243.0,11.58,552.0,0.28,66.5123,45.7617,2019,6
2019-06-01,Norte,ACES Barcelos / Esposende,"41.5317419, -8.6178922",157755.0,149937.0,95.04,7759.0,4.92,59.0,0.04,76.1323,67.0248,2019,6
2019-06-01,Norte,ACES Braga,"41.5518714, -8.4126362",195758.0,194724.0,99.47,1032.0,0.53,2.0,0.0,71.9378,4.64217,2019,6
2019-06-01,Norte,ACES Douro Sul,"41.0953745, -7.8123805",72740.0,72076.0,99.09,467.0,0.64,197.0,0.27,73.3118,31.9277,2019,6
2019-06-01,Norte,ACES Feira e Arouca,"40.9263169, -8.5478813",152932.0,151661.0,99.17,1125.0,0.74,146.0,0.1,74.1277,70.0236,2019,6
2019-06-01,Norte,ACES Gaia,"41.1278433, -8.580396",155984.0,150848.0,96.71,5087.0,3.26,49.0,0.03,69.4821,49.3769,2019,6
2019-06-01,Norte,ACES Vale do Sousa Norte,"41.2793583, -8.2787457",160631.0,156998.0,97.74,3625.0,2.26,8.0,0.0,77.1283,76.1079,2019,6
2019-07-01,Algarve,ACES Algarve Central,"37.0274264, -7.9395984",255380.0,237020.0,92.81,18009.0,7.05,351.0,0.14,57.7026,37.6635,2019,7
2019-07-01,Centro,ACES Baixo Mondego,"40.2150023, -8.4071805",388487.0,380179.0,97.86,5635.0,1.45,2673.0,0.69,70.9051,30.3978,2019,7
2019-07-01,Centro,ACES Pinhal Interior Norte,"40.1151262, -8.2473136",130477.0,127372.0,97.62,2305.0,1.77,800.0,0.61,73.7846,26.052,2019,7
2019-07-01,Lisboa e Vale do Tejo,ACES Lisboa Central,"38.7306317, -9.1510414",290194.0,251671.0,86.73,37270.0,12.84,1253.0,0.43,52.0846,24.3408,2019,7
2019-07-01,Lisboa e Vale do Tejo,ACES Lisboa Norte,"38.7396924, -9.168506",265878.0,239108.0,89.93,26188.0,9.85,582.0,0.22,53.579,31.0364,2019,7
2019-07-01,Norte,ACES Alto Tâmega e Barroso,"41.741781, -7.4731648",90505.0,89682.0,99.09,657.0,0.73,166.0,0.18,73.75,23.3596,2019,7
2019-07-01,Norte,ACES Braga,"41.5518714, -8.4126362",196281.0,195232.0,99.47,1048.0,0.53,1.0,0.0,71.9601,2.0592,2019,7
2019-07-01,Norte,ACES Nordeste,"41.8069684, -6.7587977",131358.0,127633.0,97.16,3146.0,2.39,579.0,0.44,73.835,65.7626,2019,7
2019-07-01,Norte,ACES Vale do Sousa Norte,"41.2793583, -8.2787457",160741.0,160729.0,99.99,4.0,0.0,8.0,0.0,77.0581,0.0,2019,7
2019-07-01,Norte,ACES Vale do Sousa Sul,"41.1548155, -8.2163769",173335.0,171665.0,99.04,1649.0,0.95,21.0,0.01,76.5833,80.4673,2019,7
2019-08-01,Algarve,ACES Algarve Barlavento,"37.1387554, -8.5445093",170223.0,133548.0,78.45,35674.0,20.96,1001.0,0.59,58.7841,47.6277,2019,8
2019-08-01,Algarve,ACES Algarve Central,"37.0274264, -7.9395984",256086.0,234954.0,91.75,20788.0,8.12,344.0,0.13,57.4619,39.2391,2019,8
2019-08-01,Algarve,ACES Algarve Sotavento,"37.383008, -7.7293275",58514.0,56555.0,96.65,1899.0,3.25,60.0,0.1,66.5413,22.0521,2019,8
2019-08-01,Centro,ACES Baixo Mondego,"40.2150023, -8.4071805",388691.0,381698.0,98.2,4337.0,1.12,2656.0,0.68,70.8197,21.4071,2019,8
2019-08-01,Centro,ACES Baixo Vouga,"40.6405055, -8.6537539",391411.0,374754.0,95.74,14285.0,3.65,2372.0,0.61,71.1232,45.6745,2019,8
2019-08-01,Centro,ACES Beira Interior Sul,"39.8211367, -7.5036651",73506.0,71572.0,97.37,1373.0,1.87,561.0,0.76,69.48,44.0538,2019,8
2019-08-01,Centro,ACES Cova da Beira,"40.2677741, -7.4995083",86279.0,85026.0,98.55,322.0,0.37,931.0,1.08,67.7187,21.1492,2019,8
2019-08-01,Lisboa e Vale do Tejo,ACES Lisboa Ocidental e Oeiras,"38.6914388, -9.3184304",250417.0,239763.0,95.75,10135.0,4.05,519.0,0.21,55.5434,24.1975,2019,8
2019-08-01,Norte,ACES Baixo Tâmega,"41.2719719, -8.0791631",167730.0,166242.0,99.11,1135.0,0.68,353.0,0.21,74.9598,48.7231,2019,8
2019-08-01,Norte,ACES Espinho / Gaia,"41.0022421, -8.642018",184044.0,181335.0,98.53,2617.0,1.42,92.0,0.05,72.4734,50.646,2019,8
2019-08-01,Norte,ACES Gaia,"41.1278433, -8.580396",156452.0,148984.0,95.23,7388.0,4.72,80.0,0.05,69.4447,53.3146,2019,8
2019-08-01,Norte,ACES Gondomar,"41.1738444, -8.5612238",168663.0,166914.0,98.96,1686.0,1.0,63.0,0.04,73.7647,69.8685,2019,8
2019-08-01,Norte,ACES Nordeste,"41.8069684, -6.7587977",131443.0,130685.0,99.42,167.0,0.13,591.0,0.45,73.8301,15.6992,2019,8
2019-08-01,Norte,ACES Porto Oriental,"41.1694498, -8.6126428",118323.0,117187.0,99.04,1095.0,0.93,41.0,0.03,69.2393,48.9437,2019,8
2019-09-01,Centro,ACES Dão Lafões,"40.6565861, -7.9124712",271226.0,268774.0,99.1,2042.0,0.75,410.0,0.15,71.6723,16.8842,2019,9
2019-09-01,Lisboa e Vale do Tejo,ACES Estuário do Tejo,"38.9528113, -8.9911154",232414.0,199021.0,85.63,32552.0,14.01,841.0,0.36,60.8951,46.5199,2019,9
2019-09-01,Lisboa e Vale do Tejo,ACES Lisboa Ocidental e Oeiras,"38.6914388, -9.3184304",250264.0,236417.0,94.47,13325.0,5.32,522.0,0.21,55.7815,27.6706,2019,9
2019-09-01,Lisboa e Vale do Tejo,ACES Médio Tejo,"39.478072, -8.5404429",225280.0,209402.0,92.95,15439.0,6.85,439.0,0.19,70.1489,58.9506,2019,9
2019-09-01,Lisboa e Vale do Tejo,ACES Oeste Norte,"39.410844, -9.1396215",180028.0,169171.0,93.97,10593.0,5.88,264.0,0.15,68.0916,24.4002,2019,9
2019-09-01,Lisboa e Vale do Tejo,ACES Sintra,"38.7519209, -9.2753636",363084.0,280921.0,77.37,81374.0,22.41,789.0,0.22,57.8083,46.5098,2019,9
2019-09-01,Norte,ACES Alto Minho,"41.7056054, -8.8252713",246917.0,246330.0,99.76,309.0,0.13,278.0,0.11,75.9573,20.4778,2019,9
2019-09-01,Norte,ACES Espinho / Gaia,"41.0022421, -8.642018",184121.0,181490.0,98.57,2525.0,1.37,106.0,0.06,72.4537,31.1309,2019,9
2019-09-01,Norte,ACES Matosinhos,"41.1918541, -8.6590693",175519.0,173118.0,98.63,2179.0,1.24,222.0,0.13,72.4147,47.8297,2019,9
2019-09-01,Norte,ACES Porto Ocidental,"41.1741353, -8.6691662",172283.0,170764.0,99.12,962.0,0.56,557.0,0.32,64.5421,39.5916,2019,9
2019-09-01,Norte,ACES Porto Oriental,"41.1694498, -8.6126428",118429.0,115701.0,97.7,2689.0,2.27,39.0,0.03,69.3176,57.6047,2019,9
2019-10-01,Lisboa e Vale do Tejo,ACES Arco Ribeirinho,"38.6672076, -9.0543329",221483.0,180342.0,81.42,40957.0,18.49,184.0,0.08,59.2627,45.5104,2019,10
2019-10-01,Lisboa e Vale do Tejo,ACES Estuário do Tejo,"38.9528113, -8.9911154",232816.0,199036.0,85.49,32944.0,14.15,836.0,0.36,61.3533,47.5937,2019,10
2019-10-01,Norte,ACES Ave / Famalicão,"41.3835805, -8.4157518",124644.0,124131.0,99.59,371.0,0.3,142.0,0.11,73.7989,50.7782,2019,10
2019-10-01,Norte,ACES Douro Sul,"41.0953745, -7.8123805",72521.0,72038.0,99.33,246.0,0.34,237.0,0.33,73.199,42.8571,2019,10
2019-10-01,Norte,ACES Matosinhos,"41.1918541, -8.6590693",175640.0,173174.0,98.6,2277.0,1.3,189.0,0.11,72.5427,50.5368,2019,10
2019-10-01,Norte,ACES Nordeste,"41.8069684, -6.7587977",131616.0,130811.0,99.39,177.0,0.13,628.0,0.48,73.9723,16.9576,2019,10
2019-10-01,Norte,ACES Porto Ocidental,"41.1741353, -8.6691662",172467.0,170912.0,99.1,1068.0,0.62,487.0,0.28,64.378,36.3958,2019,10
2019-11-01,Algarve,ACES Algarve Barlavento,"37.1387554, -8.5445093",171657.0,135202.0,78.76,35437.0,20.64,1018.0,0.59,59.0464,49.0334,2019,11
2019-11-01,Centro,ACES Beira Interior Sul,"39.8211367, -7.5036651",73807.0,71671.0,97.11,1576.0,2.14,560.0,0.76,69.211,36.7902,2019,11
2019-11-01,Lisboa e Vale do Tejo,ACES Arrábida,"38.5324373, -8.8627453",232225.0,174715.0,75.24,57127.0,24.6,383.0,0.16,62.5128,50.3731,2019,11
2019-11-01,Lisboa e Vale do Tejo,ACES Cascais,"38.69904, -9.3818008",209110.0,184740.0,88.35,23029.0,11.01,1341.0,0.64,55.597,32.2138,2019,11
2019-11-01,Lisboa e Vale do Tejo,ACES Estuário do Tejo,"38.9528113, -8.9911154",232929.0,198741.0,85.32,33343.0,14.31,845.0,0.36,61.4267,47.7144,2019,11
2019-11-01,Lisboa e Vale do Tejo,ACES Oeste Sul,"39.0917759, -9.2600341",202511.0,175061.0,86.45,26910.0,13.29,540.0,0.27,66.6512,48.8152,2019,11
2019-11-01,Lisboa e Vale do Tejo,ACES Sintra,"38.7519209, -9.2753636",363062.0,279072.0,76.87,83229.0,22.92,761.0,0.21,58.1883,46.7029,2019,11
2019-11-01,Norte,ACES Alto Ave,"41.4417064, -8.1722408",272216.0,272042.0,99.94,103.0,0.04,71.0,0.03,76.1755,11.4943,2019,11
2019-11-01,Norte,ACES Alto Tâmega e Barroso,"41.741781, -7.4731648",90461.0,88271.0,97.58,2012.0,2.22,178.0,0.2,73.7839,58.9286,2019,11
2019-11-01,Norte,ACES Gaia,"41.1278433, -8.580396",156985.0,150430.0,95.82,6466.0,4.12,89.0,0.06,69.7885,48.3506,2019,11
2019-11-01,Norte,ACES Gondomar,"41.1738444, -8.5612238",168833.0,168626.0,99.88,143.0,0.08,64.0,0.04,74.1362,24.6377,2019,11
2019-11-01,Norte,ACES Santo Tirso / Trofa,"41.3469246, -8.4822648",115282.0,114687.0,99.48,570.0,0.49,25.0,0.02,74.0981,29.1287,2019,11
2019-11-01,Norte,ACES Vale do Sousa Sul,"41.1548155, -8.2163769",173578.0,173562.0,99.99,1.0,0.0,15.0,0.01,77.0461,0.0,2019,11
2019-12-01,Alentejo,ACES Alentejo Central,"38.8442031, -7.5826619",167503.0,164349.0,98.12,2911.0,1.74,243.0,0.15,75.1019,74.2357,2019,12
2019-12-01,Alentejo,ACES Baixo Alentejo,"38.0153039, -7.8627308",124304.0,118278.0,95.15,5628.0,4.53,398.0,0.32,72.7555,65.0349,2019,12
2019-12-01,Centro,ACES Beira Interior Sul,"39.8211367, -7.5036651",73822.0,71717.0,97.15,1579.0,2.14,526.0,0.71,69.1948,36.3895,2019,12
2019-12-01,Centro,ACES Guarda,"40.5353285, -7.2724426",148766.0,142485.0,95.78,4630.0,3.11,1651.0,1.11,71.5668,41.6203,2019,12
2019-12-01,Centro,ACES Pinhal Interior Norte,"40.1151262, -8.2473136",130536.0,124124.0,95.09,5647.0,4.33,765.0,0.59,74.5549,54.6943,2019,12
2019-12-01,Lisboa e Vale do Tejo,ACES Arrábida,"38.5324373, -8.8627453",232622.0,174802.0,75.14,57437.0,24.69,383.0,0.16,62.4593,49.6161,2019,12
2019-12-01,Lisboa e Vale do Tejo,ACES Sintra,"38.7519209, -9.2753636",363890.0,277263.0,76.19,85872.0,23.6,755.0,0.21,58.2074,46.5237,2019,12
2019-12-01,Norte,ACES Alto Tâmega e Barroso,"41.741781, -7.4731648",90463.0,88428.0,97.75,1858.0,2.05,177.0,0.2,73.9374,59.7842,2019,12
2019-12-01,Norte,ACES Barcelos / Esposende,"41.5317419, -8.6178922",157979.0,152200.0,96.34,5721.0,3.62,58.0,0.04,76.3658,66.1475,2019,12
2019-12-01,Norte,ACES Matosinhos,"41.1918541, -8.6590693",176054.0,173215.0,98.39,2655.0,1.51,184.0,0.1,72.6215,53.0821,2019,12
2019-12-01,Norte,ACES Nordeste,"41.8069684, -6.7587977",131756.0,130007.0,98.67,1084.0,0.82,665.0,0.5,74.2366,51.5152,2019,12
2019-12-01,Norte,ACES Vale do Sousa Sul,"41.1548155, -8.2163769",173692.0,173674.0,99.99,3.0,0.0,15.0,0.01,77.121,11.1111,2019,12
2020-01-01,Alentejo,ACES Alentejo Litoral,"38.3841359, -8.5132031",96840.0,82531.0,85.22,14214.0,14.68,95.0,0.1,61.4033,51.0801,2020,1
2020-01-01,Algarve,ACES Algarve Central,"37.0274264, -7.9395984",258491.0,232009.0,89.76,26136.0,10.11,346.0,0.13,57.1781,35.4505,2020,1
2020-01-01,Algarve,ACES Algarve Sotavento,"37.383008, -7.7293275",59366.0,57181.0,96.32,2130.0,3.59,55.0,0.09,66.6633,17.9405,2020,1
2020-01-01,Centro,ACES Baixo Vouga,"40.6405055, -8.6537539",393588.0,381735.0,96.99,9485.0,2.41,2368.0,0.6,71.6036,36.7418,2020,1
2020-01-01,Centro,ACES Pinhal Interior Norte,"40.1151262, -8.2473136",130451.0,124093.0,95.13,5599.0,4.29,759.0,0.58,74.2033,53.4917,2020,1
2020-01-01,Centro,ACES Pinhal Interior Sul,"39.7510898, -7.9203657",30924.0,30337.0,98.1,451.0,1.46,136.0,0.44,79.6178,60.3066,2020,1
2020-01-01,Lisboa e Vale do Tejo,ACES Almada / Seixal,"38.6678522, -9.1875777",351361.0,316380.0,90.04,33912.0,9.65,1069.0,0.3,63.1854,35.3737,2020,1
2020-01-01,Lisboa e Vale do Tejo,ACES Amadora,"38.7573081, -9.23429",174528.0,124107.0,71.11,50009.0,28.65,412.0,0.24,55.8008,40.8302,2020,1
2020-01-01,Lisboa e Vale do Tejo,ACES Cascais,"38.69904, -9.3818008",210006.0,180911.0,86.15,27553.0,13.12,1542.0,0.73,55.5139,34.7613,2020,1
2020-01-01,Lisboa e Vale do Tejo,ACES Médio Tejo,"39.478072, -8.5404429",225211.0,203988.0,90.58,20771.0,9.22,452.0,0.2,70.5565,60.6631,2020,1
2020-01-01,Norte,ACES Braga,"41.5518714, -8.4126362",198826.0,195062.0,98.11,3760.0,1.89,4.0,0.0,72.043,69.1715,2020,1
2020-01-01,Norte,ACES Marão e Douro Norte,"41.2968711, -7.7483727",106015.0,103198.0,97.34,2492.0,2.35,325.0,0.31,75.2648,58.9714,2020,1
2020-01-01,Norte,ACES Póvoa do Varzim / Vila do Conde,"41.355519, -8.746653",151709.0,151693.0,99.99,3.0,0.0,13.0,0.01,70.9641,31.25,2020,1
2020-01-01,Norte,ACES Santo Tirso / Trofa,"41.3469246, -8.4822648",115310.0,114659.0,99.44,627.0,0.54,24.0,0.02,74.2199,28.6578,2020,1
2020-02-01,Algarve,ACES Algarve Central,"37.0274264, -7.9395984",259268.0,228532.0,88.15,30389.0,11.72,347.0,0.13,57.1281,35.3755,2020,2
2020-02-01,Centro,ACES Beira Interior Sul,"39.8211367, -7.5036651",73848.0,71003.0,96.15,2307.0,3.12,538.0,0.73,68.8902,37.3989,2020,2
2020-02-01,Lisboa e Vale do Tejo,ACES Amadora,"38.7573081, -9.23429",174935.0,124830.0,71.36,49699.0,28.41,406.0,0.23,55.6664,40.7524,2020,2
2020-02-01,Lisboa e Vale do Tejo,ACES Cascais,"38.69904, -9.3818008",210651.0,180972.0,85.91,28083.0,13.33,1596.0,0.76,55.2803,32.4691,2020,2
2020-02-01,Lisboa e Vale do Tejo,ACES Lezíria,"39.2371689, -8.6908895",195503.0,178749.0,91.43,15590.0,7.97,1164.0,0.6,69.8465,51.0652,2020,2
2020-02-01,Lisboa e Vale do Tejo,ACES Lisboa Central,"38.7306317, -9.1510414",291861.0,250430.0,85.8,40277.0,13.8,1154.0,0.4,51.867,29.2245,2020,2
2020-02-01,Lisboa e Vale do Tejo,ACES Lisboa Ocidental e Oeiras,"38.6914388, -9.3184304",249483.0,225212.0,90.27,23733.0,9.51,538.0,0.22,56.0635,37.4907,2020,2
2020-02-01,Norte,ACES Alto Minho,"41.7056054, -8.8252713",247759.0,247386.0,99.85,108.0,0.04,265.0,0.11,76.1974,18.2306,2020,2
2020-02-01,Norte,ACES Gondomar,"41.1738444, -8.5612238",169109.0,168948.0,99.9,94.0,0.06,67.0,0.04,74.5105,19.2547,2020,2
2020-02-01,Norte,ACES Marão e Douro Norte,"41.2968711, -7.7483727",105890.0,104143.0,98.35,1507.0,1.42,240.0,0.23,75.3499,60.6754,2020,2
2020-02-01,Norte,ACES Vale do Sousa Sul,"41.1548155, -8.2163769",173259.0,173247.0,99.99,0.0,0.0,12.0,0.01,77.0361,8.33333,2020,2
2020-03-01,Alentejo,ACES São Mamede,"39.2967086, -7.4284755",114791.0,105746.0,92.12,8857.0,7.72,188.0,0.16,71.5683,68.8523,2020,3
2020-03-01,Algarve,ACES Algarve Central,"37.0274264, -7.9395984",259518.0,228461.0,88.03,30714.0,11.84,343.0,0.13,56.8072,34.6138,2020,3
2020-03-01,Lisboa e Vale do Tejo,ACES Almada / Seixal,"38.6678522, -9.1875777",352053.0,314694.0,89.39,36292.0,10.31,1067.0,0.3,62.8775,37.0443,2020,3
2020-03-01,Lisboa e Vale do Tejo,ACES Lisboa Ocidental e Oeiras,"38.6914388, -9.3184304",249193.0,225409.0,90.46,23243.0,9.33,541.0,0.22,55.8088,36.999,2020,3
2020-03-01,Norte,ACES Aveiro Norte,"40.8472225, -8.4656674",118653.0,118575.0,99.93,24.0,0.02,54.0,0.05,74.5331,20.7792,2020,3
2020-03-01,Norte,ACES Espinho / Gaia,"41.0022421, -8.642018",184300.0,178439.0,96.82,5795.0,3.14,66.0,0.04,72.1908,63.8567,2020,3
2020-03-01,Norte,ACES Feira e Arouca,"40.9263169, -8.5478813",153446.0,148801.0,96.97,4504.0,2.94,141.0,0.09,73.7953,72.056,2020,3
2020-04-01,Centro,ACES Cova da Beira,"40.2677741, -7.4995083",86266.0,82853.0,96.04,3272.0,3.79,141.0,0.16,68.0195,58.2772,2020,4
2020-04-01,Centro,ACES Guarda,"40.5353285, -7.2724426",148370.0,143535.0,96.74,3201.0,2.16,1634.0,1.1,70.3543,34.8123,2020,4
2020-04-01,Centro,ACES Pinhal Interior Sul,"39.7510898, -7.9203657",30895.0,30304.0,98.09,452.0,1.46,139.0,0.45,78.7506,61.3559,2020,4
2020-04-01,Centro,ACES Pinhal Litoral,"39.7495331, -8.807683",271955.0,263149.0,96.76,8062.0,2.96,744.0,0.27,67.7237,51.1217,2020,4
2020-04-01,Lisboa e Vale do Tejo,ACES Arco Ribeirinho,"38.6672076, -9.0543329",221760.0,169926.0,76.63,51644.0,23.29,190.0,0.09,58.6134,46.8611,2020,4
2020-04-01,Lisboa e Vale do Tejo,ACES Estuário do Tejo,"38.9528113, -8.9911154",233486.0,192993.0,82.66,39653.0,16.98,840.0,0.36,60.9034,49.0454,2020,4
2020-04-01,Norte,ACES Braga,"41.5518714, -8.4126362",199285.0,191403.0,96.04,7877.0,3.95,5.0,0.0,71.2666,67.174,2020,4
2020-04-01,Norte,ACES Maia / Valongo,"41.2333945, -8.6187474",220428.0,219710.0,99.67,643.0,0.29,75.0,0.03,70.4969,39.9721,2020,4
2020-04-01,Norte,ACES Marão e Douro Norte,"41.2968711, -7.7483727",105762.0,105499.0,99.75,22.0,0.02,241.0,0.23,74.2582,4.58015,2020,4
2020-04-01,Norte,ACES Nordeste,"41.8069684, -6.7587977",131596.0,130642.0,99.28,240.0,0.18,714.0,0.54,74.0319,16.9811,2020,4
2020-05-01,Alentejo,ACES São Mamede,"39.2967086, -7.4284755",114568.0,103896.0,90.69,10482.0,9.15,190.0,0.17,70.4046,68.1754,2020,5
2020-05-01,Lisboa e Vale do Tejo,ACES Amadora,"38.7573081, -9.23429",170136.0,123521.0,72.6,46213.0,27.16,402.0,0.24,55.2198,43.1262,2020,5
2020-05-01,Lisboa e Vale do Tejo,ACES Arrábida,"38.5324373, -8.8627453",230422.0,181976.0,78.98,48027.0,20.84,419.0,0.18,61.2283,49.7348,2020,5
2020-05-01,Lisboa e Vale do Tejo,ACES Lisboa Norte,"38.7396924, -9.168506",267490.0,234988.0,87.85,29935.0,11.19,2567.0,0.96,52.7668,37.4565,2020,5
2020-05-01,Lisboa e Vale do Tejo,ACES Loures / Odivelas,"38.8012718, -9.1137868",363918.0,324124.0,89.07,39713.0,10.91,81.0,0.02,57.5835,39.911,2020,5
2020-05-01,Lisboa e Vale do Tejo,ACES Oeste Sul,"39.0917759, -9.2600341",201837.0,176417.0,87.41,24866.0,12.32,554.0,0.27,64.9318,49.2308,2020,5
2020-05-01,Norte,ACES Baixo Tâmega,"41.2719719, -8.0791631",166920.0,157928.0,94.61,8658.0,5.19,334.0,0.2,73.9108,64.3238,2020,5
2020-05-01,Norte,ACES Barcelos / Esposende,"41.5317419, -8.6178922",157957.0,154804.0,98.0,3092.0,1.96,61.0,0.04,74.0723,63.4634,2020,5
2020-05-01,Norte,ACES Matosinhos,"41.1918541, -8.6590693",176167.0,175314.0,99.52,704.0,0.4,149.0,0.08,70.7607,32.0047,2020,5
2020-05-01,Norte,ACES Vale do Sousa Norte,"41.2793583, -8.2787457",161020.0,157511.0,97.82,3501.0,2.17,8.0,0.0,75.2379,73.4967,2020,5
2020-06-01,Algarve,ACES Algarve Barlavento,"37.1387554, -8.5445093",173232.0,132281.0,76.36,39929.0,23.05,1022.0,0.59,56.9891,23.066,2020,6
2020-06-01,Centro,ACES Dão Lafões,"40.6565861, -7.9124712",271594.0,262330.0,96.59,8885.0,3.27,379.0,0.14,70.1016,49.1417,2020,6
2020-06-01,Norte,ACES Alto Ave,"41.4417064, -8.1722408",271871.0,256081.0,94.19,15722.0,5.78,68.0,0.03,73.5775,71.187,2020,6
2020-06-01,Norte,ACES Douro Sul,"41.0953745, -7.8123805",69631.0,67796.0,97.36,1700.0,2.44,135.0,0.19,74.4238,66.4305,2020,6
2020-06-01,Norte,ACES Póvoa do Varzim / Vila do Conde,"41.355519, -8.746653",151700.0,148252.0,97.73,3434.0,2.26,14.0,0.01,68.7643,66.8697,2020,6
2020-06-01,Norte,ACES Santo Tirso / Trofa,"41.3469246, -8.4822648",115143.0,114372.0,99.33,746.0,0.65,25.0,0.02,71.9896,29.0562,2020,6
2020-07-01,Centro,ACES Baixo Mondego,"40.2150023, -8.4071805",389617.0,362821.0,93.12,24224.0,6.22,2572.0,0.66,68.6934,53.5028,2020,7
2020-07-01,Lisboa e Vale do Tejo,ACES Almada / Seixal,"38.6678522, -9.1875777",349402.0,314396.0,89.98,33941.0,9.71,1065.0,0.3,60.7329,40.408,2020,7
2020-07-01,Lisboa e Vale do Tejo,ACES Amadora,"38.7573081, -9.23429",170015.0,121394.0,71.4,48225.0,28.37,396.0,0.23,54.0688,42.8992,2020,7
2020-07-01,Lisboa e Vale do Tejo,ACES Cascais,"38.69904, -9.3818008",209131.0,177027.0,84.65,30344.0,14.51,1760.0,0.84,54.2055,37.7906,2020,7
2020-07-01,Lisboa e Vale do Tejo,ACES Lisboa Central,"38.7306317, -9.1510414",287655.0,247057.0,85.89,39465.0,13.72,1133.0,0.39,50.3207,31.8144,2020,7
2020-07-01,Norte,ACES Aveiro Norte,"40.8472225, -8.4656674",118629.0,118563.0,99.94,13.0,0.01,53.0,0.04,71.5684,25.0,2020,7
2020-07-01,Norte,ACES Porto Ocidental,"41.1741353, -8.6691662",173553.0,159885.0,92.12,13476.0,7.76,192.0,0.11,63.758,48.5294,2020,7
2020-07-01,Norte,ACES Santo Tirso / Trofa,"41.3469246, -8.4822648",115115.0,114312.0,99.3,778.0,0.68,25.0,0.02,71.5042,29.7741,2020,7
2020-08-01,Alentejo,ACES Alentejo Litoral,"38.3841359, -8.5132031",97121.0,82037.0,84.47,14977.0,15.42,107.0,0.11,58.3485,43.5025,2020,8
2020-08-01,Alentejo,ACES Baixo Alentejo,"38.0153039, -7.8627308",123910.0,114994.0,92.8,8531.0,6.88,385.0,0.31,69.2464,63.6088,2020,8
2020-08-01,Algarve,ACES Algarve Central,"37.0274264, -7.9395984",260757.0,228170.0,87.5,32244.0,12.37,343.0,0.13,54.4479,30.4066,2020,8
2020-08-01,Centro,ACES Pinhal Litoral,"39.7495331, -8.807683",272651.0,262843.0,96.4,9025.0,3.31,783.0,0.29,66.185,45.8644,2020,8
2020-08-01,Lisboa e Vale do Tejo,ACES Lezíria,"39.2371689, -8.6908895",195282.0,170732.0,87.43,22830.0,11.69,1720.0,0.88,68.2919,56.5964,2020,8
2020-08-01,Lisboa e Vale do Tejo,ACES Lisboa Norte,"38.7396924, -9.168506",267291.0,225289.0,84.29,40959.0,15.32,1043.0,0.39,51.9971,35.509,2020,8
2020-08-01,Lisboa e Vale do Tejo,ACES Sintra,"38.7519209, -9.2753636",357587.0,261286.0,73.07,95563.0,26.72,738.0,0.21,55.311,46.2956,2020,8
2020-08-01,Norte,ACES Alto Tâmega e Barroso,"41.741781, -7.4731648",90210.0,86614.0,96.01,3427.0,3.8,169.0,0.19,70.6515,59.8333,2020,8
2020-08-01,Norte,ACES Barcelos / Esposende,"41.5317419, -8.6178922",158101.0,154924.0,97.99,3116.0,1.97,61.0,0.04,71.7298,61.5675,2020,8
2020-08-01,Norte,ACES Gaia,"41.1278433, -8.580396",157582.0,141210.0,89.61,16265.0,10.32,107.0,0.07,66.8602,52.5383,2020,8
2020-08-01,Norte,ACES Marão e Douro Norte,"41.2968711, -7.7483727",105836.0,104061.0,98.32,1532.0,1.45,243.0,0.23,72.1778,65.8206,2020,8
2020-08-01,Norte,ACES Póvoa do Varzim / Vila do Conde,"41.355519, -8.746653",151817.0,148399.0,97.75,3398.0,2.24,20.0,0.01,67.8783,67.1161,2020,8
2020-08-01,Norte,ACES Santo Tirso / Trofa,"41.3469246, -8.4822648",115146.0,114309.0,99.27,811.0,0.7,26.0,0.02,71.073,29.4351,2020,8
2020-08-01,Norte,ACES Vale do Sousa Sul,"41.1548155, -8.2163769",172922.0,172901.0,99.99,7.0,0.0,14.0,0.01,73.9113,19.0476,2020,8
2020-09-01,Alentejo,ACES Alentejo Litoral,"38.3841359, -8.5132031",97349.0,82044.0,84.28,15193.0,15.61,112.0,0.12,58.4762,43.8382,2020,9
2020-09-01,Lisboa e Vale do Tejo,ACES Amadora,"38.7573081, -9.23429",169610.0,119782.0,70.62,49428.0,29.14,400.0,0.24,53.3651,43.4053,2020,9
2020-09-01,Lisboa e Vale do Tejo,ACES Estuário do Tejo,"38.9528113, -8.9911154",231804.0,171832.0,74.13,59144.0,25.51,828.0,0.36,59.3148,51.1573,2020,9
2020-09-01,Lisboa e Vale do Tejo,ACES Lezíria,"39.2371689, -8.6908895",195535.0,168781.0,86.32,24984.0,12.78,1770.0,0.91,68.2382,56.7056,2020,9
2020-09-01,Lisboa e Vale do Tejo,ACES Lisboa Norte,"38.7396924, -9.168506",267207.0,221938.0,83.06,44193.0,16.54,1076.0,0.4,51.9637,35.7155,2020,9
2020-09-01,Lisboa e Vale do Tejo,ACES Loures / Odivelas,"38.8012718, -9.1137868",365990.0,321754.0,87.91,44108.0,12.05,128.0,0.03,55.9188,36.3024,2020,9
2020-09-01,Lisboa e Vale do Tejo,ACES Médio Tejo,"39.478072, -8.5404429",224023.0,195710.0,87.36,27948.0,12.48,365.0,0.16,68.8652,62.911,2020,9
2020-09-01,Lisboa e Vale do Tejo,ACES Oeste Sul,"39.0917759, -9.2600341",203447.0,171666.0,84.38,31241.0,15.36,540.0,0.27,63.1661,48.7697,2020,9
2020-09-01,Norte,ACES Alto Tâmega e Barroso,"41.741781, -7.4731648",90246.0,86619.0,95.98,3458.0,3.83,169.0,0.19,70.4064,59.7081,2020,9
2020-09-01,Norte,ACES Feira e Arouca,"40.9263169, -8.5478813",153554.0,144331.0,93.99,9084.0,5.92,139.0,0.09,71.0317,66.9522,2020,9
2020-09-01,Norte,ACES Santo Tirso / Trofa,"41.3469246, -8.4822648",115199.0,114305.0,99.22,868.0,0.75,26.0,0.02,70.9584,29.5497,2020,9
2020-10-01,Alentejo,ACES Alentejo Litoral,"38.3841359, -8.5132031",97699.0,82791.0,84.74,14799.0,15.15,109.0,0.11,58.369,42.1519,2020,10
2020-10-01,Algarve,ACES Algarve Barlavento,"37.1387554, -8.5445093",174863.0,129583.0,74.11,44253.0,25.31,1027.0,0.59,55.7595,32.129,2020,10
2020-10-01,Centro,ACES Baixo Vouga,"40.6405055, -8.6537539",394481.0,375678.0,95.23,16472.0,4.18,2331.0,0.59,67.8061,43.038,2020,10
2020-10-01,Centro,ACES Beira Interior Sul,"39.8211367, -7.5036651",73271.0,67184.0,91.69,5960.0,8.13,127.0,0.17,66.194,49.8193,2020,10
2020-10-01,Centro,ACES Pinhal Litoral,"39.7495331, -8.807683",273228.0,261672.0,95.77,10786.0,3.95,770.0,0.28,66.1023,46.1405,2020,10
2020-10-01,Lisboa e Vale do Tejo,ACES Almada / Seixal,"38.6678522, -9.1875777",350878.0,308435.0,87.9,41317.0,11.78,1126.0,0.32,59.3208,41.8632,2020,10
2020-10-01,Lisboa e Vale do Tejo,ACES Arco Ribeirinho,"38.6672076, -9.0543329",219924.0,161840.0,73.59,57887.0,26.32,197.0,0.09,56.7509,46.7951,2020,10
2020-10-01,Lisboa e Vale do Tejo,ACES Lisboa Central,"38.7306317, -9.1510414",289353.0,252384.0,87.22,35850.0,12.39,1119.0,0.39,49.3522,26.3789,2020,10
2020-10-01,Lisboa e Vale do Tejo,ACES Oeste Sul,"39.0917759, -9.2600341",204291.0,186174.0,91.13,17585.0,8.61,532.0,0.26,62.5813,38.7095,2020,10
2020-10-01,Norte,ACES Ave / Famalicão,"41.3835805, -8.4157518",124733.0,120999.0,97.01,3596.0,2.88,138.0,0.11,69.7242,45.4862,2020,10
2020-10-01,Norte,ACES Feira e Arouca,"40.9263169, -8.5478813",153666.0,147568.0,96.03,5960.0,3.88,138.0,0.09,70.8554,67.1696,2020,10
2020-11-01,Alentejo,ACES Alentejo Litoral,"38.3841359, -8.5132031",98118.0,82936.0,84.53,15076.0,15.37,106.0,0.11,58.7669,41.3425,2020,11
2020-11-01,Lisboa e Vale do Tejo,ACES Cascais,"38.69904, -9.3818008",211121.0,183625.0,86.98,25749.0,12.2,1747.0,0.83,54.6365,29.8863,2020,11
2020-11-01,Lisboa e Vale do Tejo,ACES Lisboa Central,"38.7306317, -9.1510414",290247.0,250047.0,86.15,39083.0,13.47,1117.0,0.38,49.1087,27.1611,2020,11
2020-11-01,Lisboa e Vale do Tejo,ACES Loures / Odivelas,"38.8012718, -9.1137868",367767.0,321941.0,87.54,45705.0,12.43,121.0,0.03,55.6753,34.359,2020,11
2020-11-01,Lisboa e Vale do Tejo,ACES Oeste Norte,"39.410844, -9.1396215",179829.0,168889.0,93.92,10682.0,5.94,258.0,0.14,66.368,54.2007,2020,11
2020-11-01,Lisboa e Vale do Tejo,ACES Oeste Sul,"39.0917759, -9.2600341",204555.0,186838.0,91.34,17179.0,8.4,538.0,0.26,62.4157,38.1759,2020,11
2020-11-01,Lisboa e Vale do Tejo,ACES Sintra,"38.7519209, -9.2753636",358766.0,266638.0,74.32,91370.0,25.47,758.0,0.21,53.7266,43.491,2020,11
2020-11-01,Norte,ACES Ave / Famalicão,"41.3835805, -8.4157518",124735.0,120983.0,96.99,3612.0,2.9,140.0,0.11,70.7046,45.4279,2020,11
2020-11-01,Norte,ACES Barcelos / Esposende,"41.5317419, -8.6178922",158328.0,148556.0,93.83,9712.0,6.13,60.0,0.04,71.2944,62.4028,2020,11
2020-11-01,Norte,ACES Braga,"41.5518714, -8.4126362",201105.0,196760.0,97.84,4345.0,2.16,0.0,0.0,70.919,60.1886,2020,11
2020-11-01,Norte,ACES Matosinhos,"41.1918541, -8.6590693",176169.0,173430.0,98.45,2603.0,1.48,136.0,0.08,70.1214,56.1154,2020,11
2020-11-01,Norte,ACES Porto Ocidental,"41.1741353, -8.6691662",174320.0,162531.0,93.24,11583.0,6.64,206.0,0.12,64.0878,47.2545,2020,11
2020-11-01,Norte,ACES Santo Tirso / Trofa,"41.3469246, -8.4822648",115147.0,114182.0,99.16,938.0,0.81,27.0,0.02,71.9918,30.1754,2020,11
2020-12-01,Centro,ACES Baixo Vouga,"40.6405055, -8.6537539",394294.0,366269.0,92.89,25742.0,6.53,2283.0,0.58,67.9996,47.5797,2020,12
2020-12-01,Centro,ACES Beira Interior Sul,"39.8211367, -7.5036651",73509.0,68784.0,93.57,4533.0,6.17,192.0,0.26,66.2531,46.8533,2020,12
2020-12-01,Centro,ACES Pinhal Interior Norte,"40.1151262, -8.2473136",130791.0,126350.0,96.6,3677.0,2.81,764.0,0.58,69.7702,42.5934,2020,12
2020-12-01,Lisboa e Vale do Tejo,ACES Cascais,"38.69904, -9.3818008",211734.0,187371.0,88.49,22584.0,10.67,1779.0,0.84,54.6365,29.8863,2020,12
2020-12-01,Lisboa e Vale do Tejo,ACES Loures / Odivelas,"38.8012718, -9.1137868",368362.0,324229.0,88.02,43982.0,11.94,151.0,0.04,55.6753,34.359,2020,12
2020-12-01,Lisboa e Vale do Tejo,ACES Sintra,"38.7519209, -9.2753636",359038.0,264938.0,73.79,93340.0,26.0,760.0,0.21,53.7266,43.491,2020,12
2020-12-01,Norte,ACES Alto Minho,"41.7056054, -8.8252713",247686.0,244699.0,98.79,2778.0,1.12,209.0,0.08,72.9514,64.1723,2020,12
2020-12-01,Norte,ACES Braga,"41.5518714, -8.4126362",201317.0,196680.0,97.7,4637.0,2.3,0.0,0.0,70.919,60.1886,2020,12
2020-12-01,Norte,ACES Maia / Valongo,"41.2333945, -8.6187474",220789.0,214193.0,97.01,6525.0,2.96,71.0,0.03,68.2489,56.432,2020,12
2020-12-01,Norte,ACES Vale do Sousa Sul,"41.1548155, -8.2163769",173159.0,167653.0,96.82,5493.0,3.17,13.0,0.01,73.6822,66.3992,2020,12
2021-01-01,Alentejo,ACES São Mamede,"39.2967086, -7.4284755",114604.0,105859.0,92.37,8565.0,7.47,180.0,0.16,69.4321,64.3641,2021,1
2021-01-01,Algarve,ACES Algarve Barlavento,"37.1387554, -8.5445093",176822.0,137147.0,77.56,38641.0,21.85,1034.0,0.58,55.4057,33.5745,2021,1
2021-01-01,Centro,ACES Baixo Mondego,"40.2150023, -8.4071805",389910.0,366234.0,93.93,21243.0,5.45,2433.0,0.62,67.9982,48.2281,2021,1
2021-01-01,Centro,ACES Baixo Vouga,"40.6405055, -8.6537539",394107.0,364296.0,92.44,27463.0,6.97,2348.0,0.6,67.7278,49.7199,2021,1
2021-01-01,Centro,ACES Cova da Beira,"40.2677741, -7.4995083",86235.0,85944.0,99.66,125.0,0.14,166.0,0.19,69.3532,42.268,2021,1
2021-01-01,Centro,ACES Dão Lafões,"40.6565861, -7.9124712",272212.0,265221.0,97.43,6621.0,2.43,370.0,0.14,70.1523,38.2349,2021,1
2021-01-01,Centro,ACES Pinhal Interior Sul,"39.7510898, -7.9203657",31104.0,27818.0,89.44,3149.0,10.12,137.0,0.44,75.9066,72.7937,2021,1
2021-01-01,Centro,ACES Pinhal Litoral,"39.7495331, -8.807683",273704.0,262108.0,95.76,10806.0,3.95,790.0,0.29,66.6359,43.86,2021,1
2021-01-01,Lisboa e Vale do Tejo,ACES Almada / Seixal,"38.6678522, -9.1875777",351673.0,313255.0,89.08,37488.0,10.66,930.0,0.26,58.4109,39.7132,2021,1
2021-01-01,Lisboa e Vale do Tejo,ACES Amadora,"38.7573081, -9.23429",170027.0,122823.0,72.24,46803.0,27.53,401.0,0.24,51.2089,38.3866,2021,1
2021-01-01,Lisboa e Vale do Tejo,ACES Arco Ribeirinho,"38.6672076, -9.0543329",220411.0,166039.0,75.33,54144.0,24.57,228.0,0.1,57.5856,45.7736,2021,1
2021-01-01,Lisboa e Vale do Tejo,ACES Lezíria,"39.2371689, -8.6908895",196153.0,175426.0,89.43,18892.0,9.63,1835.0,0.94,70.5626,53.8262,2021,1
2021-01-01,Norte,ACES Alto Minho,"41.7056054, -8.8252713",247727.0,244736.0,98.79,2803.0,1.13,188.0,0.08,73.0324,65.764,2021,1
2021-01-01,Norte,ACES Ave / Famalicão,"41.3835805, -8.4157518",124675.0,120888.0,96.96,3649.0,2.93,138.0,0.11,71.0625,42.4683,2021,1
2021-01-01,Norte,ACES Barcelos / Esposende,"41.5317419, -8.6178922",157926.0,148598.0,94.09,9269.0,5.87,59.0,0.04,72.2433,63.804,2021,1
2021-01-01,Norte,ACES Gondomar,"41.1738444, -8.5612238",168757.0,154806.0,91.73,13880.0,8.22,71.0,0.04,71.4519,66.153,2021,1
2021-01-01,Norte,ACES Marão e Douro Norte,"41.2968711, -7.7483727",105781.0,103983.0,98.3,1563.0,1.48,235.0,0.22,70.3716,61.1359,2021,1
2021-01-01,Norte,ACES Matosinhos,"41.1918541, -8.6590693",176335.0,175017.0,99.25,1178.0,0.67,140.0,0.08,70.0751,28.1487,2021,1
2021-01-01,Norte,ACES Vale do Sousa Norte,"41.2793583, -8.2787457",160707.0,158878.0,98.86,1820.0,1.13,9.0,0.01,75.4398,69.6009,2021,1
2021-01-01,Norte,ACES Vale do Sousa Sul,"41.1548155, -8.2163769",173167.0,166176.0,95.96,6978.0,4.03,13.0,0.01,72.4058,70.5335,2021,1
2021-02-01,Alentejo,ACES Alentejo Central,"38.8442031, -7.5826619",166706.0,157676.0,94.58,8767.0,5.26,263.0,0.16,71.9224,73.3112,2021,2
2021-02-01,Alentejo,ACES Alentejo Litoral,"38.3841359, -8.5132031",98711.0,86597.0,87.73,12003.0,12.16,111.0,0.11,59.7238,47.7959,2021,2
2021-02-01,Algarve,ACES Algarve Central,"37.0274264, -7.9395984",265830.0,239503.0,90.1,25982.0,9.77,345.0,0.13,52.9259,27.7244,2021,2
2021-02-01,Centro,ACES Beira Interior Sul,"39.8211367, -7.5036651",73520.0,68597.0,93.3,4680.0,6.37,243.0,0.33,66.0664,46.557,2021,2
2021-02-01,Centro,ACES Cova da Beira,"40.2677741, -7.4995083",86214.0,85878.0,99.61,146.0,0.17,190.0,0.22,69.1056,44.9405,2021,2
2021-02-01,Centro,ACES Pinhal Interior Norte,"40.1151262, -8.2473136",130296.0,125885.0,96.61,3678.0,2.82,733.0,0.56,70.2002,42.3487,2021,2
2021-02-01,Lisboa e Vale do Tejo,ACES Almada / Seixal,"38.6678522, -9.1875777",352063.0,309731.0,87.98,41411.0,11.76,921.0,0.26,57.8551,40.395,2021,2
2021-02-01,Lisboa e Vale do Tejo,ACES Estuário do Tejo,"38.9528113, -8.9911154",232550.0,183281.0,78.81,48550.0,20.88,719.0,0.31,59.2999,43.0047,2021,2
2021-02-01,Lisboa e Vale do Tejo,ACES Lisboa Ocidental e Oeiras,"38.6914388, -9.3184304",246718.0,223356.0,90.53,22931.0,9.29,431.0,0.17,55.7442,35.3394,2021,2
2021-02-01,Lisboa e Vale do Tejo,ACES Loures / Odivelas,"38.8012718, -9.1137868",369251.0,324066.0,87.76,45023.0,12.19,162.0,0.04,55.0135,31.4928,2021,2
2021-02-01,Lisboa e Vale do Tejo,ACES Oeste Norte,"39.410844, -9.1396215",180046.0,161177.0,89.52,18622.0,10.34,247.0,0.14,66.3514,50.8451,2021,2
2021-02-01,Norte,ACES Alto Minho,"41.7056054, -8.8252713",247557.0,244529.0,98.78,2838.0,1.15,190.0,0.08,72.4706,65.124,2021,2
2021-02-01,Norte,ACES Douro Sul,"41.0953745, -7.8123805",69432.0,69262.0,99.76,134.0,0.19,36.0,0.05,74.9294,38.8235,2021,2
2021-02-01,Norte,ACES Porto Ocidental,"41.1741353, -8.6691662",176846.0,171374.0,96.91,5250.0,2.97,222.0,0.13,63.0566,39.6985,2021,2
2021-02-01,Norte,ACES Santo Tirso / Trofa,"41.3469246, -8.4822648",115087.0,113881.0,98.95,1180.0,1.03,26.0,0.02,71.9204,25.9071,2021,2
2021-02-01,Norte,ACES Vale do Sousa Sul,"41.1548155, -8.2163769",173291.0,171109.0,98.74,2169.0,1.25,13.0,0.01,71.6627,64.8488,2021,2
2021-03-01,Centro,ACES Baixo Mondego,"40.2150023, -8.4071805",389340.0,365579.0,93.9,21359.0,5.49,2402.0,0.62,67.7256,47.883,2021,3
2021-03-01,Centro,ACES Cova da Beira,"40.2677741, -7.4995083",86376.0,86014.0,99.58,144.0,0.17,218.0,0.25,69.209,46.2604,2021,3
2021-03-01,Centro,ACES Guarda,"40.5353285, -7.2724426",150551.0,141586.0,94.05,6093.0,4.05,2872.0,1.91,67.5335,46.483,2021,3
2021-03-01,Centro,ACES Pinhal Litoral,"39.7495331, -8.807683",274184.0,264108.0,96.33,9292.0,3.39,784.0,0.29,66.5451,40.1231,2021,3
2021-03-01,Lisboa e Vale do Tejo,ACES Almada / Seixal,"38.6678522, -9.1875777",352906.0,303831.0,86.09,48058.0,13.62,1017.0,0.29,57.9059,42.849,2021,3
2021-03-01,Lisboa e Vale do Tejo,ACES Lisboa Central,"38.7306317, -9.1510414",294028.0,249671.0,84.91,43225.0,14.7,1132.0,0.38,48.0915,26.7567,2021,3
2021-03-01,Lisboa e Vale do Tejo,ACES Lisboa Ocidental e Oeiras,"38.6914388, -9.3184304",247616.0,222947.0,90.04,24238.0,9.79,431.0,0.17,55.8786,35.6428,2021,3
2021-03-01,Lisboa e Vale do Tejo,ACES Médio Tejo,"39.478072, -8.5404429",224796.0,202253.0,89.97,22208.0,9.88,335.0,0.15,68.7254,58.5174,2021,3
2021-03-01,Norte,ACES Marão e Douro Norte,"41.2968711, -7.7483727",105641.0,100928.0,95.54,4479.0,4.24,234.0,0.22,69.3822,61.3622,2021,3
2021-04-01,Alentejo,ACES Alentejo Central,"38.8442031, -7.5826619",166712.0,159603.0,95.74,6849.0,4.11,260.0,0.16,73.0133,74.0996,2021,4
2021-04-01,Algarve,ACES Algarve Sotavento,"37.383008, -7.7293275",61741.0,58567.0,94.86,3118.0,5.05,56.0,0.09,61.0884,24.3226,2021,4
2021-04-01,Centro,ACES Pinhal Litoral,"39.7495331, -8.807683",274816.0,264610.0,96.29,9394.0,3.42,812.0,0.3,67.438,44.0706,2021,4
2021-04-01,Lisboa e Vale do Tejo,ACES Almada / Seixal,"38.6678522, -9.1875777",354338.0,305291.0,86.16,47738.0,13.47,1309.0,0.37,58.7865,41.9131,2021,4
2021-04-01,Lisboa e Vale do Tejo,ACES Arco Ribeirinho,"38.6672076, -9.0543329",223046.0,165994.0,74.42,56827.0,25.48,225.0,0.1,57.8033,46.0178,2021,4
2021-04-01,Lisboa e Vale do Tejo,ACES Lisboa Central,"38.7306317, -9.1510414",295561.0,247660.0,83.79,46781.0,15.83,1120.0,0.38,48.753,28.0975,2021,4
2021-04-01,Norte,ACES Alto Minho,"41.7056054, -8.8252713",248024.0,241912.0,97.54,5934.0,2.39,178.0,0.07,73.6803,68.4615,2021,4
2021-04-01,Norte,ACES Alto Tâmega e Barroso,"41.741781, -7.4731648",90270.0,88064.0,97.56,2019.0,2.24,187.0,0.21,70.3019,56.7103,2021,4
2021-04-01,Norte,ACES Ave / Famalicão,"41.3835805, -8.4157518",124809.0,120858.0,96.83,3709.0,2.97,242.0,0.19,72.4587,33.7047,2021,4
2021-04-01,Norte,ACES Marão e Douro Norte,"41.2968711, -7.7483727",105647.0,99143.0,93.84,6271.0,5.94,233.0,0.22,69.9802,63.3303,2021,4
2021-04-01,Norte,ACES Porto Ocidental,"41.1741353, -8.6691662",177880.0,172232.0,96.82,5400.0,3.04,248.0,0.14,64.0237,38.8626,2021,4
2021-04-01,Norte,ACES Porto Oriental,"41.1694498, -8.6126428",118568.0,113964.0,96.12,4553.0,3.84,51.0,0.04,67.11,55.7174,2021,4
2021-04-01,Norte,ACES Santo Tirso / Trofa,"41.3469246, -8.4822648",115127.0,112137.0,97.4,2963.0,2.57,27.0,0.02,72.8402,46.2243,2021,4
2021-04-01,Norte,ACES Vale do Sousa Sul,"41.1548155, -8.2163769",173479.0,167724.0,96.68,5743.0,3.31,12.0,0.01,73.3301,65.543,2021,4
2021-05-01,Alentejo,ACES Alentejo Central,"38.8442031, -7.5826619",166717.0,158659.0,95.17,7795.0,4.68,263.0,0.16,73.9947,74.1996,2021,5
2021-05-01,Algarve,ACES Algarve Central,"37.0274264, -7.9395984",269131.0,240035.0,89.19,28757.0,10.69,339.0,0.13,54.4738,26.5647,2021,5
2021-05-01,Centro,ACES Pinhal Interior Norte,"40.1151262, -8.2473136",130628.0,125227.0,95.87,4675.0,3.58,726.0,0.56,72.0864,46.4544,2021,5
2021-05-01,Centro,ACES Pinhal Interior Sul,"39.7510898, -7.9203657",31123.0,27821.0,89.39,3151.0,10.12,151.0,0.49,76.9656,74.1672,2021,5
2021-05-01,Centro,ACES Pinhal Litoral,"39.7495331, -8.807683",275291.0,255489.0,92.81,18971.0,6.89,831.0,0.3,68.1766,52.6995,2021,5
2021-05-01,Lisboa e Vale do Tejo,ACES Almada / Seixal,"38.6678522, -9.1875777",354109.0,309321.0,87.35,43274.0,12.22,1514.0,0.43,59.9266,41.4526,2021,5
2021-05-01,Lisboa e Vale do Tejo,ACES Amadora,"38.7573081, -9.23429",171764.0,126972.0,73.92,44393.0,25.85,399.0,0.23,51.6726,37.7233,2021,5
2021-05-01,Lisboa e Vale do Tejo,ACES Arco Ribeirinho,"38.6672076, -9.0543329",223489.0,164743.0,73.71,58523.0,26.19,223.0,0.1,58.5756,46.4742,2021,5
2021-05-01,Lisboa e Vale do Tejo,ACES Lezíria,"39.2371689, -8.6908895",197206.0,170729.0,86.57,24530.0,12.44,1947.0,0.99,71.7635,49.0533,2021,5
2021-05-01,Lisboa e Vale do Tejo,ACES Lisboa Ocidental e Oeiras,"38.6914388, -9.3184304",248850.0,219366.0,88.15,29055.0,11.68,429.0,0.17,57.3568,38.258,2021,5
2021-05-01,Norte,ACES Feira e Arouca,"40.9263169, -8.5478813",154117.0,148275.0,96.21,5792.0,3.76,50.0,0.03,73.6846,70.8319,2021,5
2021-06-01,Alentejo,ACES Baixo Alentejo,"38.0153039, -7.8627308",124131.0,115486.0,93.04,8209.0,6.61,436.0,0.35,70.2677,60.6548,2021,6
2021-06-01,Centro,ACES Pinhal Litoral,"39.7495331, -8.807683",275183.0,249523.0,90.68,24713.0,8.98,947.0,0.34,68.7266,56.5123,2021,6
2021-06-01,Lisboa e Vale do Tejo,ACES Cascais,"38.69904, -9.3818008",219064.0,185297.0,84.59,31517.0,14.39,2250.0,1.03,54.8545,28.0588,2021,6
2021-06-01,Norte,ACES Baixo Tâmega,"41.2719719, -8.0791631",165142.0,164373.0,99.53,471.0,0.29,298.0,0.18,74.0422,20.2086,2021,6
2021-06-01,Norte,ACES Porto Oriental,"41.1694498, -8.6126428",118641.0,113855.0,95.97,4729.0,3.99,57.0,0.05,68.3223,53.8478,2021,6
2021-06-01,Norte,ACES Santo Tirso / Trofa,"41.3469246, -8.4822648",115151.0,112081.0,97.33,3038.0,2.64,32.0,0.03,74.6548,47.6102,2021,6
2021-06-01,Norte,ACES Vale do Sousa Sul,"41.1548155, -8.2163769",173560.0,166212.0,95.77,7336.0,4.23,12.0,0.01,74.7129,67.0387,2021,6
2021-07-01,Centro,ACES Dão Lafões,"40.6565861, -7.9124712",273201.0,265941.0,97.34,6884.0,2.52,376.0,0.14,72.3391,30.5785,2021,7
2021-07-01,Centro,ACES Pinhal Interior Norte,"40.1151262, -8.2473136",130940.0,122619.0,93.65,7558.0,5.77,763.0,0.58,72.9899,52.9023,2021,7
2021-07-01,Centro,ACES Pinhal Litoral,"39.7495331, -8.807683",275351.0,246531.0,89.53,27836.0,10.11,984.0,0.36,69.3715,58.0465,2021,7
2021-07-01,Lisboa e Vale do Tejo,ACES Médio Tejo,"39.478072, -8.5404429",224829.0,187599.0,83.44,36839.0,16.39,391.0,0.17,70.4878,63.1749,2021,7
2021-07-01,Lisboa e Vale do Tejo,ACES Sintra,"38.7519209, -9.2753636",365196.0,262014.0,71.75,102066.0,27.95,1116.0,0.31,54.7895,42.6567,2021,7
2021-07-01,Norte,ACES Alto Tâmega e Barroso,"41.741781, -7.4731648",90432.0,83143.0,91.94,7087.0,7.84,202.0,0.22,71.9767,72.726,2021,7
2021-07-01,Norte,ACES Baixo Tâmega,"41.2719719, -8.0791631",165208.0,164408.0,99.52,515.0,0.31,285.0,0.17,74.5037,19.625,2021,7
2021-07-01,Norte,ACES Douro Sul,"41.0953745, -7.8123805",68910.0,65736.0,95.39,3133.0,4.55,41.0,0.06,78.8797,63.6106,2021,7
2021-07-01,Norte,ACES Gerês / Cabreira,"41.6298661, -8.3596897",108184.0,106403.0,98.35,1751.0,1.62,30.0,0.03,76.8531,71.3326,2021,7
2021-07-01,Norte,ACES Maia / Valongo,"41.2333945, -8.6187474",221420.0,215479.0,97.32,5879.0,2.66,62.0,0.03,70.8811,52.7352,2021,7
2021-07-01,Norte,ACES Nordeste,"41.8069684, -6.7587977",131870.0,125583.0,95.23,5367.0,4.07,920.0,0.7,74.261,51.7417,2021,7
2021-07-01,Norte,ACES Santo Tirso / Trofa,"41.3469246, -8.4822648",115257.0,112050.0,97.22,3175.0,2.75,32.0,0.03,75.4271,47.1927,2021,7
2021-08-01,Alentejo,ACES São Mamede,"39.2967086, -7.4284755",114754.0,100671.0,87.73,13904.0,12.12,179.0,0.16,70.3546,65.0664,2021,8
2021-08-01,Centro,ACES Guarda,"40.5353285, -7.2724426",150703.0,134167.0,89.03,15326.0,10.17,1210.0,0.8,70.8179,51.0497,2021,8
2021-08-01,Lisboa e Vale do Tejo,ACES Lezíria,"39.2371689, -8.6908895",198986.0,178405.0,89.66,18656.0,9.38,1925.0,0.97,73.0021,51.9243,2021,8
2021-08-01,Lisboa e Vale do Tejo,ACES Lisboa Ocidental e Oeiras,"38.6914388, -9.3184304",251602.0,209787.0,83.38,41381.0,16.45,434.0,0.17,59.2326,41.3366,2021,8
2021-08-01,Norte,ACES Aveiro Norte,"40.8472225, -8.4656674",118952.0,118871.0,99.93,37.0,0.03,44.0,0.04,75.6634,31.0811,2021,8
2021-08-01,Norte,ACES Barcelos / Esposende,"41.5317419, -8.6178922",160157.0,154989.0,96.77,5072.0,3.17,96.0,0.06,74.592,71.2212,2021,8
2021-08-01,Norte,ACES Gondomar,"41.1738444, -8.5612238",168049.0,157060.0,93.46,10916.0,6.5,73.0,0.04,74.2871,68.6596,2021,8
2021-08-01,Norte,ACES Porto Ocidental,"41.1741353, -8.6691662",178903.0,166251.0,92.93,12380.0,6.92,272.0,0.15,66.3167,50.9649,2021,8
2021-08-01,Norte,ACES Porto Oriental,"41.1694498, -8.6126428",118908.0,110638.0,93.05,8211.0,6.91,59.0,0.05,69.7106,57.0927,2021,8
2021-08-01,Norte,ACES Vale do Sousa Norte,"41.2793583, -8.2787457",160453.0,153398.0,95.6,7046.0,4.39,9.0,0.01,78.6577,72.3911,2021,8
2021-08-01,Norte,ACES Vale do Sousa Sul,"41.1548155, -8.2163769",173860.0,169585.0,97.54,4262.0,2.45,13.0,0.01,75.824,71.3099,2021,8
2021-09-01,Centro,ACES Baixo Mondego,"40.2150023, -8.4071805",390855.0,371255.0,94.99,17358.0,4.44,2242.0,0.57,70.2672,41.8644,2021,9
2021-09-01,Centro,ACES Cova da Beira,"40.2677741, -7.4995083",87087.0,83417.0,95.79,3557.0,4.08,113.0,0.13,72.0139,61.1172,2021,9
2021-09-01,Centro,ACES Pinhal Interior Norte,"40.1151262, -8.2473136",131260.0,123098.0,93.78,7384.0,5.63,778.0,0.59,73.49,55.3786,2021,9
2021-09-01,Lisboa e Vale do Tejo,ACES Amadora,"38.7573081, -9.23429",174037.0,127513.0,73.27,46136.0,26.51,388.0,0.22,53.8466,37.7469,2021,9
2021-09-01,Lisboa e Vale do Tejo,ACES Estuário do Tejo,"38.9528113, -8.9911154",236328.0,174016.0,73.63,61657.0,26.09,655.0,0.28,61.8709,41.5051,2021,9
2021-09-01,Lisboa e Vale do Tejo,ACES Lisboa Ocidental e Oeiras,"38.6914388, -9.3184304",251931.0,215787.0,85.65,35707.0,14.17,437.0,0.17,59.1934,40.9287,2021,9
2021-09-01,Norte,ACES Alto Minho,"41.7056054, -8.8252713",248277.0,247628.0,99.74,486.0,0.2,163.0,0.07,76.3037,35.1852,2021,9
2021-09-01,Norte,ACES Alto Tâmega e Barroso,"41.741781, -7.4731648",90495.0,85618.0,94.61,4665.0,5.15,212.0,0.23,72.8361,67.1171,2021,9
2021-09-01,Norte,ACES Aveiro Norte,"40.8472225, -8.4656674",118972.0,118907.0,99.95,22.0,0.02,43.0,0.04,75.9532,23.0769,2021,9
2021-09-01,Norte,ACES Baixo Tâmega,"41.2719719, -8.0791631",164752.0,163911.0,99.49,572.0,0.35,269.0,0.16,75.5759,19.2857,2021,9
2021-09-01,Norte,ACES Espinho / Gaia,"41.0022421, -8.642018",184498.0,175793.0,95.28,8638.0,4.68,67.0,0.04,72.9414,61.1443,2021,9
2021-09-01,Norte,ACES Feira e Arouca,"40.9263169, -8.5478813",154668.0,152071.0,98.32,2543.0,1.64,54.0,0.03,75.7558,73.074,2021,9
2021-09-01,Norte,ACES Nordeste,"41.8069684, -6.7587977",132170.0,126863.0,95.98,4396.0,3.33,911.0,0.69,74.7719,46.7684,2021,9
2021-09-01,Norte,ACES Santo Tirso / Trofa,"41.3469246, -8.4822648",115396.0,113504.0,98.36,1852.0,1.6,40.0,0.03,76.2418,27.8879,2021,9
2021-09-01,Norte,ACES Vale do Sousa Sul,"41.1548155, -8.2163769",174113.0,172227.0,98.92,1873.0,1.08,13.0,0.01,76.1318,70.6631,2021,9
2021-10-01,Alentejo,ACES Baixo Alentejo,"38.0153039, -7.8627308",124488.0,117833.0,94.65,6219.0,5.0,436.0,0.35,71.773,54.876,2021,10
2021-10-01,Centro,ACES Baixo Vouga,"40.6405055, -8.6537539",397416.0,375704.0,94.54,19381.0,4.88,2331.0,0.59,70.349,43.0591,2021,10
2021-10-01,Centro,ACES Beira Interior Sul,"39.8211367, -7.5036651",74277.0,64615.0,86.99,9296.0,12.52,366.0,0.49,69.9247,47.1227,2021,10
2021-10-01,Centro,ACES Pinhal Interior Norte,"40.1151262, -8.2473136",131349.0,123105.0,93.72,7470.0,5.69,774.0,0.59,73.693,55.2402,2021,10
2021-10-01,Lisboa e Vale do Tejo,ACES Cascais,"38.69904, -9.3818008",223616.0,186294.0,83.31,33978.0,15.19,3344.0,1.5,53.993,20.5016,2021,10
2021-10-01,Lisboa e Vale do Tejo,ACES Estuário do Tejo,"38.9528113, -8.9911154",236550.0,174310.0,73.69,61598.0,26.04,642.0,0.27,61.7358,42.1867,2021,10
2021-10-01,Lisboa e Vale do Tejo,ACES Oeste Norte,"39.410844, -9.1396215",180330.0,144992.0,80.4,35117.0,19.47,221.0,0.12,70.6527,54.127,2021,10
2021-10-01,Lisboa e Vale do Tejo,ACES Sintra,"38.7519209, -9.2753636",367915.0,261675.0,71.12,105242.0,28.6,998.0,0.27,55.3188,43.2238,2021,10
2021-10-01,Norte,ACES Alto Ave,"41.4417064, -8.1722408",273185.0,263177.0,96.34,9934.0,3.64,74.0,0.03,76.957,67.5959,2021,10
2021-10-01,Norte,ACES Aveiro Norte,"40.8472225, -8.4656674",119000.0,118943.0,99.95,16.0,0.01,41.0,0.03,75.9202,21.0526,2021,10
2021-10-01,Norte,ACES Baixo Tâmega,"41.2719719, -8.0791631",164281.0,163497.0,99.52,533.0,0.32,251.0,0.15,75.7306,19.0051,2021,10
2021-10-01,Norte,ACES Barcelos / Esposende,"41.5317419, -8.6178922",160172.0,156735.0,97.85,3378.0,2.11,59.0,0.04,75.0156,68.0826,2021,10
2021-10-01,Norte,ACES Gondomar,"41.1738444, -8.5612238",167869.0,162942.0,97.06,4855.0,2.89,72.0,0.04,74.1823,62.2691,2021,10
2021-10-01,Norte,ACES Nordeste,"41.8069684, -6.7587977",132224.0,126850.0,95.94,4470.0,3.38,904.0,0.68,74.6597,47.0785,2021,10
2021-11-01,Centro,ACES Baixo Mondego,"40.2150023, -8.4071805",391103.0,368001.0,94.09,21037.0,5.38,2065.0,0.53,70.6458,46.6837,2021,11
2021-11-01,Centro,ACES Dão Lafões,"40.6565861, -7.9124712",274332.0,264557.0,96.44,9393.0,3.42,382.0,0.14,73.469,35.4476,2021,11
2021-11-01,Lisboa e Vale do Tejo,ACES Amadora,"38.7573081, -9.23429",175127.0,125795.0,71.83,48945.0,27.95,387.0,0.22,54.5279,39.7377,2021,11
2021-11-01,Lisboa e Vale do Tejo,ACES Arco Ribeirinho,"38.6672076, -9.0543329",226697.0,167095.0,73.71,59379.0,26.19,223.0,0.1,61.2064,44.9998,2021,11
2021-11-01,Lisboa e Vale do Tejo,ACES Cascais,"38.69904, -9.3818008",224353.0,184700.0,82.33,36300.0,16.18,3353.0,1.49,53.9169,21.687,2021,11
2021-11-01,Lisboa e Vale do Tejo,ACES Lisboa Ocidental e Oeiras,"38.6914388, -9.3184304",251987.0,215542.0,85.54,36020.0,14.29,425.0,0.17,58.941,39.8139,2021,11
2021-11-01,Norte,ACES Ave / Famalicão,"41.3835805, -8.4157518",124815.0,124456.0,99.71,292.0,0.23,67.0,0.05,76.744,3.62117,2021,11
2021-11-01,Norte,ACES Braga,"41.5518714, -8.4126362",204038.0,198379.0,97.23,5659.0,2.77,0.0,0.0,74.369,51.1587,2021,11
2021-11-01,Norte,ACES Feira e Arouca,"40.9263169, -8.5478813",154755.0,151285.0,97.76,1911.0,1.23,1559.0,1.01,75.3475,72.219,2021,11
2021-12-01,Algarve,ACES Algarve Central,"37.0274264, -7.9395984",275231.0,244652.0,88.89,30212.0,10.98,367.0,0.13,56.9929,24.9616,2021,12
2021-12-01,Centro,ACES Pinhal Interior Norte,"40.1151262, -8.2473136",131490.0,123259.0,93.74,7448.0,5.66,783.0,0.6,74.1524,54.4405,2021,12
2021-12-01,Lisboa e Vale do Tejo,ACES Amadora,"38.7573081, -9.23429",175906.0,127837.0,72.67,47686.0,27.11,383.0,0.22,55.1522,40.0466,2021,12
2021-12-01,Lisboa e Vale do Tejo,ACES Cascais,"38.69904, -9.3818008",225270.0,183305.0,81.37,38603.0,17.14,3362.0,1.49,54.2984,23.2057,2021,12
2021-12-01,Lisboa e Vale do Tejo,ACES Lisboa Central,"38.7306317, -9.1510414",304682.0,247231.0,81.14,56391.0,18.51,1060.0,0.35,51.9396,23.8812,2021,12
2021-12-01,Norte,ACES Ave / Famalicão,"41.3835805, -8.4157518",124826.0,124485.0,99.73,276.0,0.22,65.0,0.05,77.2499,1.46628,2021,12
2021-12-01,Norte,ACES Gaia,"41.1278433, -8.580396",161025.0,158915.0,98.69,1935.0,1.2,175.0,0.11,69.3718,57.0142,2021,12
2021-12-01,Norte,ACES Santo Tirso / Trofa,"41.3469246, -8.4822648",115555.0,111883.0,96.82,3640.0,3.15,32.0,0.03,75.3382,62.4545,2021,12
2021-12-01,Norte,ACES Vale do Sousa Sul,"41.1548155, -8.2163769",174720.0,171128.0,97.94,3581.0,2.05,11.0,0.01,76.3788,73.8102,2021,12
2022-01-01,Centro,ACES Baixo Vouga,"40.6405055, -8.6537539",398974.0,373020.0,93.49,23556.0,5.9,2398.0,0.6,71.0569,44.3875,2022,1
2022-01-01,Lisboa e Vale do Tejo,ACES Amadora,"38.7573081, -9.23429",176554.0,126596.0,71.7,49576.0,28.08,382.0,0.22,55.9308,41.0725,2022,1
2022-01-01,Lisboa e Vale do Tejo,ACES Arrábida,"38.5324373, -8.8627453",239757.0,183964.0,76.73,55182.0,23.02,611.0,0.25,65.1205,45.7359,2022,1
2022-01-01,Lisboa e Vale do Tejo,ACES Lezíria,"39.2371689, -8.6908895",200643.0,167992.0,83.73,30701.0,15.3,1950.0,0.97,73.1159,60.62,2022,1
2022-01-01,Lisboa e Vale do Tejo,ACES Oeste Norte,"39.410844, -9.1396215",181097.0,140844.0,77.77,40045.0,22.11,208.0,0.11,71.2602,49.4297,2022,1
2022-01-01,Norte,ACES Alto Minho,"41.7056054, -8.8252713",249401.0,248608.0,99.68,670.0,0.27,123.0,0.05,77.11,36.9949,2022,1
2022-01-01,Norte,ACES Alto Tâmega e Barroso,"41.741781, -7.4731648",90617.0,86997.0,96.01,3403.0,3.76,217.0,0.24,74.1417,60.2811,2022,1
2022-01-01,Norte,ACES Baixo Tâmega,"41.2719719, -8.0791631",164321.0,163476.0,99.49,611.0,0.37,234.0,0.14,76.1271,18.1495,2022,1
2022-01-01,Norte,ACES Braga,"41.5518714, -8.4126362",204593.0,198979.0,97.26,3918.0,1.92,1696.0,0.83,74.2481,58.2529,2022,1
2022-01-01,Norte,ACES Vale do Sousa Norte,"41.2793583, -8.2787457",160834.0,146431.0,91.04,14395.0,8.95,8.0,0.0,78.2689,69.0759,2022,1
2022-02-01,Alentejo,ACES Alentejo Litoral,"38.3841359, -8.5132031",103077.0,88920.0,86.27,13622.0,13.22,535.0,0.52,62.8326,41.5737,2022,2
2022-02-01,Algarve,ACES Algarve Central,"37.0274264, -7.9395984",276858.0,242763.0,87.69,33732.0,12.18,363.0,0.13,57.6868,25.6578,2022,2
2022-02-01,Centro,ACES Baixo Vouga,"40.6405055, -8.6537539",399662.0,379192.0,94.88,18022.0,4.51,2448.0,0.61,71.1108,36.9654,2022,2
2022-02-01,Centro,ACES Cova da Beira,"40.2677741, -7.4995083",87564.0,84260.0,96.23,3185.0,3.64,119.0,0.14,73.8246,62.8935,2022,2
2022-02-01,Centro,ACES Pinhal Interior Norte,"40.1151262, -8.2473136",131565.0,124673.0,94.76,6144.0,4.67,748.0,0.57,74.4149,53.1123,2022,2
2022-02-01,Lisboa e Vale do Tejo,ACES Lezíria,"39.2371689, -8.6908895",201022.0,167841.0,83.49,31239.0,15.54,1942.0,0.97,73.0436,60.3571,2022,2
2022-02-01,Lisboa e Vale do Tejo,ACES Lisboa Central,"38.7306317, -9.1510414",306672.0,243451.0,79.38,62167.0,20.27,1054.0,0.34,52.2516,26.124,2022,2
2022-02-01,Norte,ACES Braga,"41.5518714, -8.4126362",204844.0,200665.0,97.96,4179.0,2.04,0.0,0.0,74.3307,60.4112,2022,2
2022-02-01,Norte,ACES Gondomar,"41.1738444, -8.5612238",167751.0,163976.0,97.75,3700.0,2.21,75.0,0.04,75.541,65.2174,2022,2
2022-03-01,Alentejo,ACES Baixo Alentejo,"38.0153039, -7.8627308",124514.0,112885.0,90.66,11193.0,8.99,436.0,0.35,74.1997,60.4383,2022,3
2022-03-01,Centro,ACES Guarda,"40.5353285, -7.2724426",150377.0,132554.0,88.15,16626.0,11.06,1197.0,0.8,72.3289,53.5837,2022,3
2022-03-01,Lisboa e Vale do Tejo,ACES Amadora,"38.7573081, -9.23429",177082.0,120418.0,68.0,56086.0,31.67,578.0,0.33,56.5772,42.5349,2022,3
2022-03-01,Lisboa e Vale do Tejo,ACES Oeste Norte,"39.410844, -9.1396215",181673.0,139937.0,77.03,41530.0,22.86,206.0,0.11,71.6239,52.8497,2022,3
2022-03-01,Norte,ACES Alto Minho,"41.7056054, -8.8252713",249518.0,248764.0,99.7,704.0,0.28,50.0,0.02,77.5636,46.6045,2022,3
2022-03-01,Norte,ACES Ave / Famalicão,"41.3835805, -8.4157518",124902.0,124572.0,99.74,270.0,0.22,60.0,0.05,78.4663,2.42424,2022,3
2022-03-01,Norte,ACES Baixo Tâmega,"41.2719719, -8.0791631",163293.0,163116.0,99.89,51.0,0.03,126.0,0.08,76.9363,23.4286,2022,3
2022-03-01,Norte,ACES Douro Sul,"41.0953745, -7.8123805",68931.0,68603.0,99.52,312.0,0.45,16.0,0.02,79.0599,32.622,2022,3
2022-03-01,Norte,ACES Espinho / Gaia,"41.0022421, -8.642018",184483.0,182784.0,99.08,1635.0,0.89,64.0,0.03,73.8328,28.3274,2022,3
2022-03-01,Norte,ACES Feira e Arouca,"40.9263169, -8.5478813",155233.0,153408.0,98.82,1812.0,1.17,13.0,0.01,76.3878,78.8493,2022,3
2022-03-01,Norte,ACES Matosinhos,"41.1918541, -8.6590693",176775.0,164494.0,93.05,12133.0,6.86,148.0,0.08,75.053,53.5979,2022,3
2022-03-01,Norte,ACES Nordeste,"41.8069684, -6.7587977",132299.0,121627.0,91.93,9713.0,7.34,959.0,0.72,75.9356,57.6811,2022,3
2022-03-01,Norte,ACES Póvoa do Varzim / Vila do Conde,"41.355519, -8.746653",154261.0,152900.0,99.12,1328.0,0.86,33.0,0.02,71.5002,32.1297,2022,3
2022-03-01,Norte,ACES Santo Tirso / Trofa,"41.3469246, -8.4822648",115609.0,114902.0,99.39,675.0,0.58,32.0,0.03,75.753,13.7656,2022,3
2022-04-01,Centro,ACES Baixo Vouga,"40.6405055, -8.6537539",400931.0,368167.0,91.83,30372.0,7.58,2392.0,0.6,71.4622,50.3754,2022,4
2022-04-01,Centro,ACES Cova da Beira,"40.2677741, -7.4995083",87616.0,82716.0,94.41,4775.0,5.45,125.0,0.14,74.1677,64.2653,2022,4
2022-04-01,Centro,ACES Pinhal Interior Norte,"40.1151262, -8.2473136",131565.0,123631.0,93.97,7183.0,5.46,751.0,0.57,74.4826,53.756,2022,4
2022-04-01,Lisboa e Vale do Tejo,ACES Amadora,"38.7573081, -9.23429",177291.0,120395.0,67.91,56333.0,31.77,563.0,0.32,56.6571,42.9661,2022,4
2022-04-01,Lisboa e Vale do Tejo,ACES Lisboa Norte,"38.7396924, -9.168506",273444.0,225358.0,82.41,43317.0,15.84,4769.0,1.74,57.5376,33.5877,2022,4
2022-04-01,Lisboa e Vale do Tejo,ACES Médio Tejo,"39.478072, -8.5404429",225441.0,167753.0,74.41,57275.0,25.41,413.0,0.18,70.8749,63.658,2022,4
2022-04-01,Norte,ACES Ave / Famalicão,"41.3835805, -8.4157518",124901.0,124572.0,99.74,270.0,0.22,59.0,0.05,78.3989,2.43161,2022,4
2022-04-01,Norte,ACES Aveiro Norte,"40.8472225, -8.4656674",119403.0,118391.0,99.15,975.0,0.82,37.0,0.03,75.6874,62.9447,2022,4
2022-04-01,Norte,ACES Braga,"41.5518714, -8.4126362",205300.0,200487.0,97.66,4813.0,2.34,0.0,0.0,74.7716,56.5172,2022,4
2022-04-01,Norte,ACES Espinho / Gaia,"41.0022421, -8.642018",184541.0,181055.0,98.11,3422.0,1.85,64.0,0.03,74.0616,50.2008,2022,4
2022-04-01,Norte,ACES Gaia,"41.1278433, -8.58",,,,,,,,,,2022,4
