tempo,periodoformat2,regiao,instituicao,localizacao_geografica,urgencias_geral,urgencias_pediatricas,urgencia_obstetricia,urgencia_psiquiatrica,total_urgencias
2013-01,2013/01/01,Região de Saúde do Alentejo,"Unidade Local de Saúde do Litoral Alentejano, EPE","38.0162314, -8.6956768",8247.0,,,,8247.0
2013-01,2013/01/01,Região de Saúde do Algarve,"Centro Hospitalar Universitário do Algarve,EPE","37.0238973, -7.9281554",12843.0,7032.0,862.0,,20737.0
2013-01,2013/01/01,Região de Saúde do Centro,"Hospital Distrital da Figueira da Foz, EPE","40.117897, -8.8586755",4821.0,2046.0,,,6867.0
2013-01,2013/01/01,Região de Saúde do Centro,"Unidade Local de Saúde de Castelo Branco, EPE","39.8212263, -7.4981271",4220.0,1291.0,105.0,,5616.0
2013-02,2013/02/01,Região de Saúde do Alentejo,"Unidade Local de Saúde do Baixo Alentejo, EPE","38.014123, -7.8721227",16895.0,3016.0,665.0,,20576.0
2013-02,2013/02/01,Região de Saúde do Alentejo,"Unidade Local de Saúde do Litoral Alentejano, EPE","38.0162314, -8.6956768",15819.0,,,,15819.0
2013-02,2013/02/01,Região de Saúde do Centro,"Centro Hospitalar Universitário Cova da Beira, EPE","40.2804158, -7.4922407",9789.0,3577.0,263.0,,13629.0
2013-02,2013/02/01,Região de Saúde LVT,"Centro Hospitalar Barreiro/Montijo, EPE","38.6554005, -9.0592392",16649.0,6549.0,1565.0,,24763.0
2013-02,2013/02/01,Região de Saúde LVT,"Centro Hospitalar Médio Tejo, EPE","39.478072, -8.5404429",21034.0,5421.0,442.0,,26897.0
2013-02,2013/02/01,Região de Saúde LVT,"Hospital de Loures, PPP","38.821455, -9.176296",20012.0,9668.0,1724.0,,31404.0
2013-02,2013/02/01,Região de Saúde Norte,"Centro Hospitalar Tâmega e Sousa, EPE","41.2494561, -8.264901",24041.0,8348.0,2045.0,,34434.0
2013-02,2013/02/01,Região de Saúde Norte,"Centro Hospitalar Trás-os-Montes e Alto Douro, EPE","41.3031784, -7.7515252",25196.0,4136.0,583.0,,29915.0
2013-02,2013/02/01,Região de Saúde Norte,"Hospital de Braga, PPP","41.56785, -8.398982",21098.0,7884.0,1887.0,,30869.0
2013-02,2013/02/01,Região de Saúde Norte,"Hospital Santa Maria Maior, EPE","41.5324234, -8.6171561",8515.0,4755.0,,,13270.0
2013-03,2013/03/01,Região de Saúde do Alentejo,"Unidade Local de Saúde do Norte Alentejano, EPE","39.3003425, -7.4263845",20568.0,3062.0,253.0,,23883.0
2013-03,2013/03/01,Região de Saúde do Algarve,"Centro Hospitalar Universitário do Algarve,EPE","37.0238973, -7.9281554",37065.0,20211.0,2459.0,,59735.0
2013-03,2013/03/01,Região de Saúde LVT,"Centro Hospitalar do Oeste, EPE","39.4054629, -9.1258493",38163.0,15138.0,3219.0,,56520.0
2013-03,2013/03/01,Região de Saúde LVT,"Hospital de Vila Franca de Xira, PPP","38.977235, -8.984506",18038.0,7761.0,1244.0,,27043.0
2013-03,2013/03/01,Região de Saúde LVT,"Hospital Distrital de Santarém, EPE","39.2410946, -8.6937515",20252.0,9883.0,2110.0,,32245.0
2013-03,2013/03/01,Região de Saúde Norte,"Centro Hospitalar Universitário de São João, EPE","41.1831056, -8.6010558",47097.0,20082.0,3394.0,,70573.0
2013-03,2013/03/01,Região de Saúde Norte,"Centro Hospitalar Trás-os-Montes e Alto Douro, EPE","41.3031784, -7.7515252",38229.0,5947.0,898.0,,45074.0
2013-03,2013/03/01,Região de Saúde Norte,"Hospital de Braga, PPP","41.56785, -8.398982",31910.0,11283.0,2827.0,,46020.0
2013-03,2013/03/01,Região de Saúde Norte,"Unidade Local de Saúde do Nordeste, EPE","41.8056532, -6.7888197",31940.0,,,,31940.0
2013-04,2013/04/01,Região de Saúde do Centro,"Centro Hospitalar de Leiria, EPE","39.7414812, -8.7982706",40340.0,15106.0,3301.0,,58747.0
2013-04,2013/04/01,Região de Saúde do Centro,"Centro Hospitalar do Baixo Vouga, EPE","40.6362453, -8.6543716",43509.0,12539.0,1891.0,,57939.0
2013-04,2013/04/01,Região de Saúde LVT,"Centro Hospitalar Barreiro/Montijo, EPE","38.6554005, -9.0592392",33785.0,13071.0,3126.0,,49982.0
2013-04,2013/04/01,Região de Saúde LVT,"Hospital de Loures, PPP","38.821455, -9.176296",40171.0,18616.0,3559.0,,62346.0
2013-04,2013/04/01,Região de Saúde Norte,"Centro Hospitalar do Médio Ave, EPE","41.3423984, -8.4802503",31064.0,11775.0,1355.0,,44194.0
2013-04,2013/04/01,Região de Saúde Norte,"Unidade Local de Saúde de Matosinhos, EPE","41.1794456, -8.6745115",23836.0,,2534.0,,26370.0
2013-05,2013/05/01,Região de Saúde do Alentejo,"Hospital Espírito Santo de Évora, EPE","38.5684861, -7.9032848",21289.0,9060.0,,,30349.0
2013-05,2013/05/01,Região de Saúde do Alentejo,"Unidade Local de Saúde do Litoral Alentejano, EPE","38.0162314, -8.6956768",38768.0,,,,38768.0
2013-05,2013/05/01,Região de Saúde do Centro,"Centro Hospitalar e Universitário de Coimbra, EPE","40.2191523, -8.4098211",83646.0,27582.0,11309.0,,122537.0
2013-05,2013/05/01,Região de Saúde do Centro,"Unidade Local de Saúde da Guarda, EPE","40.5309916, -7.2734793",29297.0,5528.0,1548.0,,36373.0
2013-05,2013/05/01,Região de Saúde LVT,"Centro Hospitalar Médio Tejo, EPE","39.478072, -8.5404429",52426.0,13068.0,1092.0,,66586.0
2013-05,2013/05/01,Região de Saúde LVT,"Hospital Garcia de Orta, EPE","38.6658713, -9.1822554",35881.0,18566.0,6841.0,,61288.0
2013-05,2013/05/01,Região de Saúde Norte,"Centro Hospitalar do Médio Ave, EPE","41.3423984, -8.4802503",39092.0,14749.0,1724.0,,55565.0
2013-05,2013/05/01,Região de Saúde Norte,"Centro Hospitalar Trás-os-Montes e Alto Douro, EPE","41.3031784, -7.7515252",63515.0,9261.0,1460.0,,74236.0
2013-05,2013/05/01,Região de Saúde Norte,"Centro Hospitalar Vila Nova de Gaia/Espinho, EPE","41.1094138, -8.5972617",47087.0,19367.0,4767.0,,71221.0
2013-06,2013/06/01,Região de Saúde do Alentejo,"Unidade Local de Saúde do Norte Alentejano, EPE","39.3003425, -7.4263845",41357.0,5660.0,521.0,,47538.0
2013-06,2013/06/01,Região de Saúde do Algarve,"Centro Hospitalar Universitário do Algarve,EPE","37.0238973, -7.9281554",75317.0,39057.0,5092.0,,119466.0
2013-06,2013/06/01,Região de Saúde do Centro,"Centro Hospitalar Universitário Cova da Beira, EPE","40.2804158, -7.4922407",30015.0,9979.0,798.0,,40792.0
2013-06,2013/06/01,Região de Saúde do Centro,"Centro Hospitalar do Baixo Vouga, EPE","40.6362453, -8.6543716",64381.0,19346.0,2816.0,,86543.0
2013-06,2013/06/01,Região de Saúde do Centro,"Hospital Distrital da Figueira da Foz, EPE","40.117897, -8.8586755",26201.0,9974.0,,,36175.0
2013-06,2013/06/01,Região de Saúde LVT,"Centro Hospitalar de Lisboa Ocidental, EPE","38.708454, -9.216985",55336.0,18036.0,7282.0,,80654.0
2013-06,2013/06/01,Região de Saúde LVT,"Centro Hospitalar do Oeste, EPE","39.4054629, -9.1258493",74323.0,28052.0,6424.0,,108799.0
2013-06,2013/06/01,Região de Saúde Norte,"Centro Hospitalar do Médio Ave, EPE","41.3423984, -8.4802503",46771.0,17237.0,2104.0,,66112.0
2013-06,2013/06/01,Região de Saúde Norte,"Centro Hospitalar Tâmega e Sousa, EPE","41.2494561, -8.264901",70845.0,21150.0,6343.0,,98338.0
2013-06,2013/06/01,Região de Saúde Norte,"Centro Hospitalar Trás-os-Montes e Alto Douro, EPE","41.3031784, -7.7515252",76089.0,10898.0,1707.0,,88694.0
2013-07,2013/07/01,Região de Saúde do Centro,"Centro Hospitalar do Baixo Vouga, EPE","40.6362453, -8.6543716",75849.0,22387.0,3362.0,,101598.0
2013-07,2013/07/01,Região de Saúde do Centro,"Centro Hospitalar Tondela-Viseu, EPE","40.516364, -8.0827433",72671.0,21077.0,8229.0,,101977.0
2013-07,2013/07/01,Região de Saúde do Centro,"Hospital Distrital da Figueira da Foz, EPE","40.117897, -8.8586755",31090.0,11638.0,,,42728.0
2013-07,2013/07/01,Região de Saúde LVT,"Centro Hospitalar Universitário Lisboa Central, EPE","38.7166948, -9.1371248",87722.0,46581.0,12336.0,4263.0,150902.0
2013-07,2013/07/01,Região de Saúde LVT,"Hospital de Vila Franca de Xira, PPP","38.977235, -8.984506",43060.0,17070.0,3420.0,,63550.0
2013-07,2013/07/01,Região de Saúde LVT,"Hospital Garcia de Orta, EPE","38.6658713, -9.1822554",50779.0,25405.0,9735.0,,85919.0
2013-07,2013/07/01,Região de Saúde Norte,"Centro Hospitalar do Médio Ave, EPE","41.3423984, -8.4802503",55403.0,19686.0,2469.0,,77558.0
2013-07,2013/07/01,Região de Saúde Norte,"Centro Hospitalar Entre Douro e Vouga, EPE","40.9293884, -8.5458794",80102.0,21132.0,5081.0,,106315.0
2013-07,2013/07/01,Região de Saúde Norte,"Centro Hospitalar Tâmega e Sousa, EPE","41.2494561, -8.264901",83903.0,23787.0,7507.0,,115197.0
2013-07,2013/07/01,Região de Saúde Norte,"Centro Hospitalar Trás-os-Montes e Alto Douro, EPE","41.3031784, -7.7515252",90088.0,12421.0,2020.0,,104529.0
2013-07,2013/07/01,Região de Saúde Norte,"Unidade Local de Saúde de Matosinhos, EPE","41.1794456, -8.6745115",42633.0,,4483.0,,47116.0
2013-08,2013/08/01,Região de Saúde do Centro,"Hospital Distrital da Figueira da Foz, EPE","40.117897, -8.8586755",36147.0,13295.0,,,49442.0
2013-08,2013/08/01,Região de Saúde LVT,"Centro Hospitalar Barreiro/Montijo, EPE","38.6554005, -9.0592392",68283.0,24199.0,6318.0,,98800.0
2013-08,2013/08/01,Região de Saúde LVT,"Centro Hospitalar Universitário de Lisboa Norte, EPE","38.7500861, -9.1616116",105587.0,26279.0,10014.0,,141880.0
2013-08,2013/08/01,Região de Saúde LVT,"Centro Hospitalar Médio Tejo, EPE","39.478072, -8.5404429",82893.0,19137.0,1708.0,,103738.0
2013-08,2013/08/01,Região de Saúde LVT,"Hospital Distrital de Santarém, EPE","39.2410946, -8.6937515",54684.0,23949.0,5805.0,,84438.0
2013-08,2013/08/01,Região de Saúde LVT,"Hospital Professor Doutor Fernando Fonseca, EPE","38.7422257, -9.2264834",121860.0,40042.0,12653.0,,174555.0
2013-08,2013/08/01,Região de Saúde LVT,"Hospital Garcia de Orta, EPE","38.6658713, -9.1822554",58627.0,28432.0,11206.0,,98265.0
2013-08,2013/08/01,Região de Saúde Norte,"Unidade Local de Saúde de Matosinhos, EPE","41.1794456, -8.6745115",49022.0,,5209.0,,54231.0
2013-09,2013/09/01,Região de Saúde do Centro,"Centro Hospitalar de Leiria, EPE","39.7414812, -8.7982706",91633.0,32223.0,7688.0,,131544.0
2013-09,2013/09/01,Região de Saúde do Centro,"Centro Hospitalar Tondela-Viseu, EPE","40.516364, -8.0827433",93717.0,25920.0,10784.0,,130421.0
2013-09,2013/09/01,Região de Saúde Norte,"Centro Hospitalar do Alto Ave, EPE","41.4387173, -8.3086907",76948.0,27936.0,5459.0,,110343.0
2013-09,2013/09/01,Região de Saúde Norte,"Centro Hospitalar Vila Nova de Gaia/Espinho, EPE","41.1094138, -8.5972617",87347.0,31836.0,8987.0,,128170.0
2013-09,2013/09/01,Região de Saúde Norte,"Hospital de Braga, PPP","41.56785, -8.398982",98488.0,30738.0,9394.0,,138620.0
2013-09,2013/09/01,Região de Saúde Norte,"Unidade Local de Saúde do Nordeste, EPE","41.8056532, -6.7888197",89034.0,,,,89034.0
2013-10,2013/10/01,Região de Saúde do Alentejo,"Hospital Espírito Santo de Évora, EPE","38.5684861, -7.9032848",43267.0,16738.0,,,60005.0
2013-10,2013/10/01,Região de Saúde do Algarve,"Centro Hospitalar Universitário do Algarve,EPE","37.0238973, -7.9281554",132853.0,62531.0,9193.0,,204577.0
2013-10,2013/10/01,Região de Saúde do Centro,"Centro Hospitalar Tondela-Viseu, EPE","40.516364, -8.0827433",103595.0,28900.0,11979.0,,144474.0
2013-10,2013/10/01,Região de Saúde LVT,"Centro Hospitalar Barreiro/Montijo, EPE","38.6554005, -9.0592392",84960.0,30697.0,7943.0,,123600.0
2013-10,2013/10/01,Região de Saúde Norte,"Hospital de Braga, PPP","41.56785, -8.398982",109474.0,34606.0,10440.0,,154520.0
2013-10,2013/10/01,Região de Saúde Norte,"Unidade Local de Saúde de Matosinhos, EPE","41.1794456, -8.6745115",61619.0,,6672.0,,68291.0
2013-11,2013/11/01,Região de Saúde do Centro,"Hospital Distrital da Figueira da Foz, EPE","40.117897, -8.8586755",48056.0,17883.0,,,65939.0
2013-11,2013/11/01,Região de Saúde LVT,"Centro Hospitalar de Setúbal, EPE","38.5283754, -8.8818638",73279.0,37139.0,11287.0,,121705.0
2013-11,2013/11/01,Região de Saúde LVT,"Centro Hospitalar do Oeste, EPE","39.4054629, -9.1258493",131204.0,48839.0,11103.0,,191146.0
2013-11,2013/11/01,Região de Saúde LVT,"Hospital de Loures, PPP","38.821455, -9.176296",109421.0,47961.0,10450.0,,167832.0
2013-11,2013/11/01,Região de Saúde Norte,"Hospital Santa Maria Maior, EPE","41.5324234, -8.6171561",46591.0,18608.0,,,65199.0
2013-12,2013/12/01,Região de Saúde do Centro,"Centro Hospitalar de Leiria, EPE","39.7414812, -8.7982706",129008.0,43262.0,10311.0,,182581.0
2013-12,2013/12/01,Região de Saúde do Centro,"Centro Hospitalar e Universitário de Coimbra, EPE","40.2191523, -8.4098211",199038.0,60277.0,27527.0,,286842.0
2013-12,2013/12/01,Região de Saúde do Centro,"Unidade Local de Saúde de Castelo Branco, EPE","39.8212263, -7.4981271",49738.0,13776.0,1280.0,,64794.0
2013-12,2013/12/01,Região de Saúde LVT,"Centro Hospitalar Universitário Lisboa Central, EPE","38.7166948, -9.1371248",149996.0,78289.0,21040.0,7450.0,256775.0
2013-12,2013/12/01,Região de Saúde Norte,"Centro Hospitalar Universitário de São João, EPE","41.1831056, -8.6010558",190917.0,79136.0,13695.0,,283748.0
2013-12,2013/12/01,Região de Saúde Norte,"Centro Hospitalar do Médio Ave, EPE","41.3423984, -8.4802503",94343.0,33048.0,4230.0,,131621.0
2013-12,2013/12/01,Região de Saúde Norte,"Centro Hospitalar Póvoa de Varzim/Vila do Conde, EPE","41.3828711, -8.7589945",78471.0,,,,78471.0
2013-12,2013/12/01,Região de Saúde Norte,"Centro Hospitalar Trás-os-Montes e Alto Douro, EPE","41.3031784, -7.7515252",155571.0,20877.0,3456.0,,179904.0
2013-12,2013/12/01,Região de Saúde Norte,"Hospital Santa Maria Maior, EPE","41.5324234, -8.6171561",50996.0,20344.0,,,71340.0
2014-01,2014/01/01,Região de Saúde do Centro,"Centro Hospitalar de Leiria, EPE","39.7414812, -8.7982706",12435.0,3634.0,771.0,,16840.0
2014-01,2014/01/01,Região de Saúde do Centro,"Unidade Local de Saúde da Guarda, EPE","40.5309916, -7.2734793",6083.0,1124.0,339.0,,7546.0
2014-01,2014/01/01,Região de Saúde LVT,"Hospital Distrital de Santarém, EPE","39.2410946, -8.6937515",7038.0,3917.0,649.0,,11604.0
2014-01,2014/01/01,Região de Saúde Norte,"Centro Hospitalar Universitário do Porto, EPE","41.1472498, -8.6172617",10194.0,,1130.0,,11324.0
2014-01,2014/01/01,Região de Saúde Norte,"Unidade Local de Saúde do Alto Minho, EPE","41.7056054, -8.8252713",11697.0,2273.0,371.0,,14341.0
2014-02,2014/02/01,Região de Saúde do Alentejo,"Unidade Local de Saúde do Baixo Alentejo, EPE","38.014123, -7.8721227",17627.0,2925.0,585.0,,21137.0
2014-02,2014/02/01,Região de Saúde do Centro,"Centro Hospitalar Universitário Cova da Beira, EPE","40.2804158, -7.4922407",9389.0,3158.0,217.0,,12764.0
2014-02,2014/02/01,Região de Saúde do Centro,"Centro Hospitalar Tondela-Viseu, EPE","40.516364, -8.0827433",20345.0,6504.0,2309.0,,29158.0
2014-02,2014/02/01,Região de Saúde LVT,"Centro Hospitalar Barreiro/Montijo, EPE","38.6554005, -9.0592392",16304.0,6955.0,1584.0,,24843.0
2014-02,2014/02/01,Região de Saúde LVT,"Centro Hospitalar Universitário de Lisboa Norte, EPE","38.7500861, -9.1616116",24592.0,7329.0,2396.0,,34317.0
2014-02,2014/02/01,Região de Saúde LVT,"Hospital de Cascais, PPP","38.729006, -9.418267",14130.0,10237.0,2441.0,,26808.0
2014-02,2014/02/01,Região de Saúde LVT,"Hospital Garcia de Orta, EPE","38.6658713, -9.1822554",13804.0,8160.0,2401.0,,24365.0
2014-02,2014/02/01,Região de Saúde Norte,"Centro Hospitalar Universitário do Porto, EPE","41.1472498, -8.6172617",18761.0,,2136.0,,20897.0
2014-02,2014/02/01,Região de Saúde Norte,"Centro Hospitalar Tâmega e Sousa, EPE","41.2494561, -8.264901",24961.0,7033.0,2092.0,,34086.0
2014-02,2014/02/01,Região de Saúde Norte,"Hospital de Braga, PPP","41.56785, -8.398982",20970.0,8149.0,1958.0,,31077.0
2014-03,2014/03/01,Região de Saúde do Alentejo,"Unidade Local de Saúde do Norte Alentejano, EPE","39.3003425, -7.4263845",21385.0,2849.0,239.0,,24473.0
2014-03,2014/03/01,Região de Saúde do Centro,"Centro Hospitalar Universitário Cova da Beira, EPE","40.2804158, -7.4922407",14295.0,4677.0,326.0,,19298.0
2014-03,2014/03/01,Região de Saúde do Centro,"Centro Hospitalar de Leiria, EPE","39.7414812, -8.7982706",34406.0,12196.0,2586.0,,49188.0
2014-03,2014/03/01,Região de Saúde do Centro,"Centro Hospitalar e Universitário de Coimbra, EPE","40.2191523, -8.4098211",47516.0,16564.0,6550.0,,70630.0
2014-03,2014/03/01,Região de Saúde do Centro,"Centro Hospitalar Tondela-Viseu, EPE","40.516364, -8.0827433",31164.0,9697.0,3487.0,,44348.0
2014-03,2014/03/01,Região de Saúde do Centro,"Unidade Local de Saúde de Castelo Branco, EPE","39.8212263, -7.4981271",12118.0,3857.0,289.0,,16264.0
2014-03,2014/03/01,Região de Saúde Norte,"Unidade Local de Saúde do Alto Minho, EPE","41.7056054, -8.8252713",32929.0,6766.0,994.0,,40689.0
2014-04,2014/04/01,Região de Saúde do Alentejo,"Unidade Local de Saúde do Litoral Alentejano, EPE","38.0162314, -8.6956768",31687.0,,,,31687.0
2014-04,2014/04/01,Região de Saúde do Centro,"Unidade Local de Saúde de Castelo Branco, EPE","39.8212263, -7.4981271",16046.0,4924.0,401.0,,21371.0
2014-04,2014/04/01,Região de Saúde LVT,"Centro Hospitalar de Lisboa Ocidental, EPE","38.708454, -9.216985",34558.0,12456.0,4997.0,,52011.0
2014-04,2014/04/01,Região de Saúde LVT,"Centro Hospitalar do Oeste, EPE","39.4054629, -9.1258493",38114.0,18065.0,3121.0,,59300.0
2014-04,2014/04/01,Região de Saúde LVT,"Centro Hospitalar Médio Tejo, EPE","39.478072, -8.5404429",38603.0,10077.0,743.0,,49423.0
2014-04,2014/04/01,Região de Saúde LVT,"Hospital de Loures, PPP","38.821455, -9.176296",41458.0,20029.0,3921.0,,65408.0
2014-04,2014/04/01,Região de Saúde LVT,"Hospital de Vila Franca de Xira, PPP","38.977235, -8.984506",25842.0,11129.0,2323.0,,39294.0
2014-04,2014/04/01,Região de Saúde LVT,"Hospital Garcia de Orta, EPE","38.6658713, -9.1822554",27973.0,15108.0,5114.0,,48195.0
2014-05,2014/05/01,Região de Saúde do Centro,"Centro Hospitalar e Universitário de Coimbra, EPE","40.2191523, -8.4098211",80218.0,26503.0,11069.0,,117790.0
2014-05,2014/05/01,Região de Saúde do Centro,"Centro Hospitalar Tondela-Viseu, EPE","40.516364, -8.0827433",52464.0,15578.0,5815.0,,73857.0
2014-05,2014/05/01,Região de Saúde do Centro,"Unidade Local de Saúde da Guarda, EPE","40.5309916, -7.2734793",28790.0,5128.0,1715.0,,35633.0
2014-05,2014/05/01,Região de Saúde LVT,"Centro Hospitalar de Lisboa Ocidental, EPE","38.708454, -9.216985",43841.0,15371.0,6317.0,,65529.0
2014-05,2014/05/01,Região de Saúde LVT,"Centro Hospitalar de Setúbal, EPE","38.5283754, -8.8818638",33329.0,18786.0,5129.0,,57244.0
2014-05,2014/05/01,Região de Saúde LVT,"Centro Hospitalar Universitário de Lisboa Norte, EPE","38.7500861, -9.1616116",63693.0,17381.0,6193.0,,87267.0
2014-05,2014/05/01,Região de Saúde LVT,"Hospital Professor Doutor Fernando Fonseca, EPE","38.7422257, -9.2264834",77945.0,27159.0,7888.0,,112992.0
2014-05,2014/05/01,Região de Saúde Norte,"Centro Hospitalar do Alto Ave, EPE","41.4387173, -8.3086907",42274.0,15972.0,2820.0,,61066.0
2014-05,2014/05/01,Região de Saúde Norte,"Centro Hospitalar Vila Nova de Gaia/Espinho, EPE","41.1094138, -8.5972617",48282.0,19346.0,4853.0,,72481.0
2014-06,2014/06/01,Região de Saúde do Alentejo,"Hospital Espírito Santo de Évora, EPE","38.5684861, -7.9032848",25974.0,11038.0,,,37012.0
2014-06,2014/06/01,Região de Saúde do Alentejo,"Unidade Local de Saúde do Norte Alentejano, EPE","39.3003425, -7.4263845",42380.0,5325.0,465.0,,48170.0
2014-06,2014/06/01,Região de Saúde do Centro,"Centro Hospitalar Universitário Cova da Beira, EPE","40.2804158, -7.4922407",28253.0,8927.0,688.0,,37868.0
2014-06,2014/06/01,Região de Saúde LVT,"Centro Hospitalar de Setúbal, EPE","38.5283754, -8.8818638",39989.0,22195.0,6222.0,,68406.0
2014-06,2014/06/01,Região de Saúde LVT,"Hospital de Vila Franca de Xira, PPP","38.977235, -8.984506",39297.0,16847.0,3552.0,,59696.0
2014-06,2014/06/01,Região de Saúde LVT,"Hospital Distrital de Santarém, EPE","39.2410946, -8.6937515",40264.0,19601.0,4149.0,,64014.0
2014-06,2014/06/01,Região de Saúde LVT,"Hospital Professor Doutor Fernando Fonseca, EPE","38.7422257, -9.2264834",93578.0,32238.0,9521.0,,135337.0
2014-06,2014/06/01,Região de Saúde Norte,"Centro Hospitalar Universitário de São João, EPE","41.1831056, -8.6010558",91743.0,43344.0,6637.0,0.0,141724.0
2014-06,2014/06/01,Região de Saúde Norte,"Centro Hospitalar Universitário do Porto, EPE","41.1472498, -8.6172617",59499.0,,6742.0,,66241.0
2014-06,2014/06/01,Região de Saúde Norte,"Centro Hospitalar Trás-os-Montes e Alto Douro, EPE","41.3031784, -7.7515252",76867.0,11103.0,1674.0,,89644.0
2014-06,2014/06/01,Região de Saúde Norte,"Hospital Santa Maria Maior, EPE","41.5324234, -8.6171561",24721.0,10264.0,,,34985.0
2014-06,2014/06/01,Região de Saúde Norte,"Unidade Local de Saúde de Matosinhos, EPE","41.1794456, -8.6745115",38260.0,,4011.0,,42271.0
2014-07,2014/07/01,Região de Saúde do Alentejo,"Hospital Espírito Santo de Évora, EPE","38.5684861, -7.9032848",30493.0,12552.0,,,43045.0
2014-07,2014/07/01,Região de Saúde do Centro,"Unidade Local de Saúde da Guarda, EPE","40.5309916, -7.2734793",40377.0,7144.0,2396.0,,49917.0
2014-07,2014/07/01,Região de Saúde LVT,"Centro Hospitalar Universitário Lisboa Central, EPE","38.7166948, -9.1371248",86479.0,45543.0,12403.0,4293.0,148718.0
2014-07,2014/07/01,Região de Saúde LVT,"Hospital Distrital de Santarém, EPE","39.2410946, -8.6937515",47276.0,22195.0,4956.0,,74427.0
2014-07,2014/07/01,Região de Saúde Norte,"Centro Hospitalar Póvoa de Varzim/Vila do Conde, EPE","41.3828711, -8.7589945",44522.0,,,,44522.0
2014-07,2014/07/01,Região de Saúde Norte,"Centro Hospitalar Tâmega e Sousa, EPE","41.2494561, -8.264901",85862.0,23260.0,7353.0,,116475.0
2014-08,2014/08/01,Região de Saúde do Alentejo,"Hospital Espírito Santo de Évora, EPE","38.5684861, -7.9032848",34942.0,13776.0,,,48718.0
2014-08,2014/08/01,Região de Saúde LVT,"Centro Hospitalar Universitário de Lisboa Norte, EPE","38.7500861, -9.1616116",101014.0,25978.0,10035.0,,137027.0
2014-08,2014/08/01,Região de Saúde LVT,"Hospital de Loures, PPP","38.821455, -9.176296",83355.0,36996.0,8141.0,,128492.0
2014-08,2014/08/01,Região de Saúde Norte,"Centro Hospitalar do Alto Ave, EPE","41.4387173, -8.3086907",69269.0,24192.0,4663.0,,98124.0
2014-08,2014/08/01,Região de Saúde Norte,"Centro Hospitalar Trás-os-Montes e Alto Douro, EPE","41.3031784, -7.7515252",105156.0,14207.0,2427.0,,121790.0
2014-08,2014/08/01,Região de Saúde Norte,"Hospital Santa Maria Maior, EPE","41.5324234, -8.6171561",33032.0,12771.0,,,45803.0
2014-08,2014/08/01,Região de Saúde Norte,"Unidade Local de Saúde do Nordeste, EPE","41.8056532, -6.7888197",79153.0,,,,79153.0
2014-09,2014/09/01,Região de Saúde do Alentejo,"Unidade Local de Saúde do Litoral Alentejano, EPE","38.0162314, -8.6956768",72513.0,,,,72513.0
2014-09,2014/09/01,Região de Saúde do Algarve,"Centro Hospitalar Universitário do Algarve,EPE","37.0238973, -7.9281554",135073.0,52984.0,13427.0,,201484.0
2014-09,2014/09/01,Região de Saúde do Centro,"Centro Hospitalar Universitário Cova da Beira, EPE","40.2804158, -7.4922407",42697.0,12388.0,1120.0,,56205.0
2014-09,2014/09/01,Região de Saúde do Centro,"Centro Hospitalar de Leiria, EPE","39.7414812, -8.7982706",107665.0,31560.0,7973.0,,147198.0
2014-09,2014/09/01,Região de Saúde LVT,"Centro Hospitalar de Lisboa Ocidental, EPE","38.708454, -9.216985",77799.0,24075.0,11553.0,,113427.0
2014-09,2014/09/01,Região de Saúde LVT,"Centro Hospitalar de Setúbal, EPE","38.5283754, -8.8818638",60375.0,30374.0,9696.0,,100445.0
2014-09,2014/09/01,Região de Saúde LVT,"Hospital de Vila Franca de Xira, PPP","38.977235, -8.984506",59411.0,23126.0,5739.0,,88276.0
2014-09,2014/09/01,Região de Saúde Norte,"Centro Hospitalar do Médio Ave, EPE","41.3423984, -8.4802503",69710.0,24683.0,4073.0,,98466.0
2014-09,2014/09/01,Região de Saúde Norte,"Centro Hospitalar Tâmega e Sousa, EPE","41.2494561, -8.264901",111459.0,28181.0,9725.0,,149365.0
2014-09,2014/09/01,Região de Saúde Norte,"Centro Hospitalar Trás-os-Montes e Alto Douro, EPE","41.3031784, -7.7515252",117629.0,15534.0,2778.0,,135941.0
2014-09,2014/09/01,Região de Saúde Norte,"Hospital de Braga, PPP","41.56785, -8.398982",99473.0,32707.0,10169.0,,142349.0
2014-09,2014/09/01,Região de Saúde Norte,"Unidade Local de Saúde do Nordeste, EPE","41.8056532, -6.7888197",87161.0,,,,87161.0
2014-10,2014/10/01,Região de Saúde do Alentejo,"Unidade Local de Saúde do Baixo Alentejo, EPE","38.014123, -7.8721227",85841.0,12428.0,3026.0,,101295.0
2014-10,2014/10/01,Região de Saúde do Centro,"Centro Hospitalar Universitário Cova da Beira, EPE","40.2804158, -7.4922407",47363.0,13686.0,1246.0,,62295.0
2014-10,2014/10/01,Região de Saúde LVT,"Centro Hospitalar Barreiro/Montijo, EPE","38.6554005, -9.0592392",83422.0,28997.0,8007.0,,120426.0
2014-10,2014/10/01,Região de Saúde LVT,"Centro Hospitalar Médio Tejo, EPE","39.478072, -8.5404429",97356.0,22343.0,1992.0,,121691.0
2014-10,2014/10/01,Região de Saúde LVT,"Hospital de Cascais, PPP","38.729006, -9.418267",73106.0,44841.0,13028.0,,130975.0
2014-10,2014/10/01,Região de Saúde LVT,"Hospital Professor Doutor Fernando Fonseca, EPE","38.7422257, -9.2264834",156509.0,49965.0,16699.0,,223173.0
2014-10,2014/10/01,Região de Saúde Norte,"Centro Hospitalar Universitário de São João, EPE","41.1831056, -8.6010558",148550.0,68322.0,11335.0,0.0,228207.0
2014-10,2014/10/01,Região de Saúde Norte,"Centro Hospitalar do Médio Ave, EPE","41.3423984, -8.4802503",77401.0,27781.0,4564.0,,109746.0
2014-10,2014/10/01,Região de Saúde Norte,"Centro Hospitalar Póvoa de Varzim/Vila do Conde, EPE","41.3828711, -8.7589945",63029.0,,,,63029.0
2014-10,2014/10/01,Região de Saúde Norte,"Centro Hospitalar Vila Nova de Gaia/Espinho, EPE","41.1094138, -8.5972617",99778.0,35991.0,10151.0,,145920.0
2014-11,2014/11/01,Região de Saúde LVT,"Centro Hospitalar Barreiro/Montijo, EPE","38.6554005, -9.0592392",91641.0,32388.0,8624.0,,132653.0
2014-11,2014/11/01,Região de Saúde LVT,"Centro Hospitalar Universitário Lisboa Central, EPE","38.7166948, -9.1371248",136317.0,69812.0,19844.0,6703.0,232676.0
2014-11,2014/11/01,Região de Saúde LVT,"Centro Hospitalar Universitário de Lisboa Norte, EPE","38.7500861, -9.1616116",139091.0,36909.0,13795.0,,189795.0
2014-11,2014/11/01,Região de Saúde LVT,"Hospital Garcia de Orta, EPE","38.6658713, -9.1822554",81423.0,39616.0,14516.0,,135555.0
2014-11,2014/11/01,Região de Saúde Norte,"Centro Hospitalar Universitário do Porto, EPE","41.1472498, -8.6172617",111650.0,,13514.0,,125164.0
2014-11,2014/11/01,Região de Saúde Norte,"Unidade Local de Saúde do Alto Minho, EPE","41.7056054, -8.8252713",122515.0,21098.0,3935.0,,147548.0
2014-12,2014/12/01,Região de Saúde do Centro,"Centro Hospitalar de Leiria, EPE","39.7414812, -8.7982706",142923.0,43376.0,10686.0,,196985.0
2014-12,2014/12/01,Região de Saúde do Centro,"Unidade Local de Saúde de Castelo Branco, EPE","39.8212263, -7.4981271",48321.0,13549.0,1180.0,,63050.0
2014-12,2014/12/01,Região de Saúde LVT,"Centro Hospitalar de Lisboa Ocidental, EPE","38.708454, -9.216985",104459.0,34105.0,15267.0,,153831.0
2014-12,2014/12/01,Região de Saúde LVT,"Centro Hospitalar Universitário de Lisboa Norte, EPE","38.7500861, -9.1616116",151454.0,40939.0,14915.0,,207308.0
2014-12,2014/12/01,Região de Saúde LVT,"Centro Hospitalar Médio Tejo, EPE","39.478072, -8.5404429",116540.0,27793.0,2416.0,,146749.0
2014-12,2014/12/01,Região de Saúde LVT,"Hospital de Vila Franca de Xira, PPP","38.977235, -8.984506",80389.0,33307.0,7877.0,,121573.0
2014-12,2014/12/01,Região de Saúde LVT,"Hospital Professor Doutor Fernando Fonseca, EPE","38.7422257, -9.2264834",186595.0,61205.0,19901.0,,267701.0
2014-12,2014/12/01,Região de Saúde Norte,"Centro Hospitalar Vila Nova de Gaia/Espinho, EPE","41.1094138, -8.5972617",119470.0,44966.0,12137.0,,176573.0
2015-01,2015/01/01,Região de Saúde do Alentejo,"Unidade Local de Saúde do Baixo Alentejo, EPE","38.014123, -7.8721227",8746.0,1996.0,254.0,,10996.0
2015-01,2015/01/01,Região de Saúde do Centro,"Centro Hospitalar do Baixo Vouga, EPE","40.6362453, -8.6543716",11245.0,4108.0,474.0,,15827.0
2015-01,2015/01/01,Região de Saúde LVT,"Centro Hospitalar Barreiro/Montijo, EPE","38.6554005, -9.0592392",9457.0,3738.0,734.0,,13929.0
2015-01,2015/01/01,Região de Saúde LVT,"Centro Hospitalar Universitário Lisboa Central, EPE","38.7166948, -9.1371248",12043.0,7645.0,1738.0,517.0,21943.0
2015-01,2015/01/01,Região de Saúde Norte,"Centro Hospitalar do Médio Ave, EPE","41.3423984, -8.4802503",8081.0,3715.0,509.0,,12305.0
2015-01,2015/01/01,Região de Saúde Norte,"Centro Hospitalar Trás-os-Montes e Alto Douro, EPE","41.3031784, -7.7515252",14744.0,2553.0,354.0,,17651.0
2015-01,2015/01/01,Região de Saúde Norte,"Hospital da Senhora da Oliveira, Guimarães, EPE","41.4387173, -8.3086907",6339.0,4104.0,618.0,,11061.0
2015-01,2015/01/01,Região de Saúde Norte,"Unidade Local de Saúde de Matosinhos, EPE","41.1794456, -8.6745115",6757.0,,618.0,,7375.0
2015-01,2015/01/01,Região de Saúde Norte,"Unidade Local de Saúde do Alto Minho, EPE","41.7056054, -8.8252713",12902.0,2675.0,364.0,,15941.0
2015-02,2015/02/01,Região de Saúde do Alentejo,"Hospital Espírito Santo de Évora, EPE","38.5684861, -7.9032848",8219.0,3755.0,,,11974.0
2015-02,2015/02/01,Região de Saúde do Alentejo,"Unidade Local de Saúde do Baixo Alentejo, EPE","38.014123, -7.8721227",16308.0,3726.0,505.0,,20539.0
2015-02,2015/02/01,Região de Saúde do Centro,"Hospital Distrital da Figueira da Foz, EPE","40.117897, -8.8586755",9102.0,4055.0,,,13157.0
2015-02,2015/02/01,Região de Saúde do Centro,"Unidade Local de Saúde de Castelo Branco, EPE","39.8212263, -7.4981271",8735.0,2666.0,216.0,,11617.0
2015-02,2015/02/01,Região de Saúde LVT,"Centro Hospitalar Universitário Lisboa Central, EPE","38.7166948, -9.1371248",22883.0,13818.0,3300.0,1033.0,41034.0
2015-02,2015/02/01,Região de Saúde LVT,"Centro Hospitalar de Setúbal, EPE","38.5283754, -8.8818638",13289.0,8085.0,2009.0,,23383.0
2015-02,2015/02/01,Região de Saúde LVT,"Centro Hospitalar Universitário de Lisboa Norte, EPE","38.7500861, -9.1616116",23166.0,7472.0,2235.0,,32873.0
2015-02,2015/02/01,Região de Saúde LVT,"Centro Hospitalar Médio Tejo, EPE","39.478072, -8.5404429",19084.0,5417.0,421.0,,24922.0
2015-02,2015/02/01,Região de Saúde LVT,"Hospital de Cascais, PPP","38.729006, -9.418267",14438.0,9803.0,2638.0,,26879.0
2015-02,2015/02/01,Região de Saúde LVT,"Hospital Distrital de Santarém, EPE","39.2410946, -8.6937515",12678.0,6824.0,1411.0,,20913.0
2015-02,2015/02/01,Região de Saúde LVT,"Hospital Professor Doutor Fernando Fonseca, EPE","38.7422257, -9.2264834",29052.0,10058.0,2858.0,,41968.0
2015-02,2015/02/01,Região de Saúde Norte,"Centro Hospitalar Universitário do Porto, EPE","41.1472498, -8.6172617",18533.0,,2334.0,,20867.0
2015-02,2015/02/01,Região de Saúde Norte,"Centro Hospitalar Entre Douro e Vouga, EPE","40.9293884, -8.5458794",21440.0,6023.0,1253.0,,28716.0
2015-02,2015/02/01,Região de Saúde Norte,"Unidade Local de Saúde do Alto Minho, EPE","41.7056054, -8.8252713",23746.0,4544.0,710.0,,29000.0
2015-02,2015/02/01,Região de Saúde Norte,"Unidade Local de Saúde do Nordeste, EPE","41.8056532, -6.7888197",20870.0,,,,20870.0
2015-03,2015/03/01,Região de Saúde do Alentejo,"Unidade Local de Saúde do Baixo Alentejo, EPE","38.014123, -7.8721227",23838.0,5219.0,795.0,,29852.0
2015-03,2015/03/01,Região de Saúde do Centro,"Centro Hospitalar Tondela-Viseu, EPE","40.516364, -8.0827433",32414.0,9936.0,3668.0,,46018.0
2015-03,2015/03/01,Região de Saúde Norte,"Centro Hospitalar Entre Douro e Vouga, EPE","40.9293884, -8.5458794",32463.0,8934.0,1981.0,,43378.0
2015-03,2015/03/01,Região de Saúde Norte,"Hospital de Braga, PPP","41.56785, -8.398982",32508.0,12869.0,3351.0,,48728.0
2015-03,2015/03/01,Região de Saúde Norte,"Hospital Santa Maria Maior, EPE","41.5324234, -8.6171561",12148.0,5210.0,,,17358.0
2015-03,2015/03/01,Região de Saúde Norte,"Unidade Local de Saúde do Alto Minho, EPE","41.7056054, -8.8252713",34670.0,6495.0,1102.0,,42267.0
2015-03,2015/03/01,Região de Saúde Norte,"Unidade Local de Saúde do Nordeste, EPE","41.8056532, -6.7888197",29444.0,,,,29444.0
2015-04,2015/04/01,Região de Saúde do Alentejo,"Unidade Local de Saúde do Norte Alentejano, EPE","39.3003425, -7.4263845",28202.0,3958.0,383.0,,32543.0
2015-04,2015/04/01,Região de Saúde do Centro,"Centro Hospitalar Universitário Cova da Beira, EPE","40.2804158, -7.4922407",18400.0,6470.0,477.0,,25347.0
2015-04,2015/04/01,Região de Saúde do Centro,"Centro Hospitalar do Baixo Vouga, EPE","40.6362453, -8.6543716",39936.0,13080.0,1927.0,,54943.0
2015-04,2015/04/01,Região de Saúde LVT,"Centro Hospitalar Universitário Lisboa Central, EPE","38.7166948, -9.1371248",46283.0,26907.0,6810.0,2306.0,82306.0
2015-04,2015/04/01,Região de Saúde LVT,"Centro Hospitalar do Oeste, EPE","39.4054629, -9.1258493",37661.0,17958.0,3287.0,,58906.0
2015-04,2015/04/01,Região de Saúde LVT,"Hospital de Cascais, PPP","38.729006, -9.418267",28611.0,19840.0,5379.0,,53830.0
2015-04,2015/04/01,Região de Saúde LVT,"Hospital de Loures, PPP","38.821455, -9.176296",39854.0,21226.0,4645.0,,65725.0
2015-04,2015/04/01,Região de Saúde LVT,"Hospital de Vila Franca de Xira, PPP","38.977235, -8.984506",26510.0,12632.0,2690.0,,41832.0
2015-04,2015/04/01,Região de Saúde LVT,"Hospital Garcia de Orta, EPE","38.6658713, -9.1822554",27486.0,15453.0,5125.0,,48064.0
2015-04,2015/04/01,Região de Saúde Norte,"Centro Hospitalar Póvoa de Varzim/Vila do Conde, EPE","41.3828711, -8.7589945",24942.0,,,,24942.0
2015-04,2015/04/01,Região de Saúde Norte,"Centro Hospitalar Trás-os-Montes e Alto Douro, EPE","41.3031784, -7.7515252",51669.0,7798.0,1203.0,,60670.0
2015-05,2015/05/01,Região de Saúde do Alentejo,"Unidade Local de Saúde do Norte Alentejano, EPE","39.3003425, -7.4263845",35281.0,5006.0,499.0,,40786.0
2015-05,2015/05/01,Região de Saúde do Centro,"Centro Hospitalar Universitário Cova da Beira, EPE","40.2804158, -7.4922407",22882.0,8002.0,577.0,,31461.0
2015-05,2015/05/01,Região de Saúde do Centro,"Centro Hospitalar do Baixo Vouga, EPE","40.6362453, -8.6543716",50167.0,16205.0,2494.0,,68866.0
2015-05,2015/05/01,Região de Saúde do Centro,"Hospital Distrital da Figueira da Foz, EPE","40.117897, -8.8586755",21501.0,9300.0,,,30801.0
2015-05,2015/05/01,Região de Saúde do Centro,"Unidade Local de Saúde de Castelo Branco, EPE","39.8212263, -7.4981271",20773.0,6226.0,625.0,,27624.0
2015-05,2015/05/01,Região de Saúde LVT,"Centro Hospitalar de Lisboa Ocidental, EPE","38.708454, -9.216985",42450.0,15025.0,6038.0,,63513.0
2015-05,2015/05/01,Região de Saúde LVT,"Centro Hospitalar do Oeste, EPE","39.4054629, -9.1258493",47139.0,22386.0,4064.0,,73589.0
2015-05,2015/05/01,Região de Saúde LVT,"Hospital de Cascais, PPP","38.729006, -9.418267",35826.0,24954.0,6834.0,,67614.0
2015-05,2015/05/01,Região de Saúde Norte,"Centro Hospitalar Tâmega e Sousa, EPE","41.2494561, -8.264901",61145.0,18224.0,5433.0,,84802.0
2015-05,2015/05/01,Região de Saúde Norte,"Hospital Santa Maria Maior, EPE","41.5324234, -8.6171561",19920.0,8206.0,,,28126.0
2015-05,2015/05/01,Região de Saúde Norte,"Unidade Local de Saúde de Matosinhos, EPE","41.1794456, -8.6745115",31856.0,,3328.0,,35184.0
2015-06,2015/06/01,Região de Saúde do Centro,"Hospital Distrital da Figueira da Foz, EPE","40.117897, -8.8586755",25856.0,10836.0,,,36692.0
2015-06,2015/06/01,Região de Saúde do Centro,"Unidade Local de Saúde da Guarda, EPE","40.5309916, -7.2734793",42549.0,7477.0,2076.0,,52102.0
2015-06,2015/06/01,Região de Saúde do Centro,"Unidade Local de Saúde de Castelo Branco, EPE","39.8212263, -7.4981271",24834.0,7210.0,776.0,,32820.0
2015-06,2015/06/01,Região de Saúde LVT,"Centro Hospitalar Barreiro/Montijo, EPE","38.6554005, -9.0592392",49250.0,17633.0,4384.0,,71267.0
2015-06,2015/06/01,Região de Saúde LVT,"Hospital de Vila Franca de Xira, PPP","38.977235, -8.984506",40477.0,18245.0,4216.0,,62938.0
2015-06,2015/06/01,Região de Saúde Norte,"Centro Hospitalar Universitário do Porto, EPE","41.1472498, -8.6172617",58581.0,,7653.0,,66234.0
2015-06,2015/06/01,Região de Saúde Norte,"Unidade Local de Saúde do Nordeste, EPE","41.8056532, -6.7888197",54562.0,,,,54562.0
2015-07,2015/07/01,Região de Saúde do Alentejo,"Unidade Local de Saúde do Norte Alentejano, EPE","39.3003425, -7.4263845",48451.0,6552.0,740.0,,55743.0
2015-07,2015/07/01,Região de Saúde do Algarve,"Centro Hospitalar Universitário do Algarve,EPE","37.0238973, -7.9281554",150898.0,43791.0,10471.0,0.0,205160.0
2015-07,2015/07/01,Região de Saúde do Centro,"Centro Hospitalar de Leiria, EPE","39.7414812, -8.7982706",82025.0,23846.0,6579.0,,112450.0
2015-07,2015/07/01,Região de Saúde do Centro,"Unidade Local de Saúde de Castelo Branco, EPE","39.8212263, -7.4981271",28959.0,8039.0,907.0,,37905.0
2015-07,2015/07/01,Região de Saúde LVT,"Centro Hospitalar de Setúbal, EPE","38.5283754, -8.8818638",47855.0,25013.0,7903.0,,80771.0
2015-07,2015/07/01,Região de Saúde LVT,"Centro Hospitalar Médio Tejo, EPE","39.478072, -8.5404429",66058.0,16470.0,1445.0,,83973.0
2015-07,2015/07/01,Região de Saúde Norte,"Unidade Local de Saúde de Matosinhos, EPE","41.1794456, -8.6745115",45232.0,,4829.0,,50061.0
2015-08,2015/08/01,Região de Saúde do Alentejo,"Hospital Espírito Santo de Évora, EPE","38.5684861, -7.9032848",34512.0,13236.0,,,47748.0
2015-08,2015/08/01,Região de Saúde do Centro,"Centro Hospitalar Universitário Cova da Beira, EPE","40.2804158, -7.4922407",36942.0,11694.0,983.0,,49619.0
2015-08,2015/08/01,Região de Saúde do Centro,"Unidade Local de Saúde da Guarda, EPE","40.5309916, -7.2734793",57282.0,9503.0,2854.0,,69639.0
2015-08,2015/08/01,Região de Saúde LVT,"Centro Hospitalar Universitário Lisboa Central, EPE","38.7166948, -9.1371248",96377.0,48934.0,14208.0,4853.0,164372.0
2015-08,2015/08/01,Região de Saúde LVT,"Centro Hospitalar Médio Tejo, EPE","39.478072, -8.5404429",75901.0,18085.0,1664.0,,95650.0
2015-08,2015/08/01,Região de Saúde LVT,"Hospital de Vila Franca de Xira, PPP","38.977235, -8.984506",54204.0,22427.0,5850.0,,82481.0
2015-08,2015/08/01,Região de Saúde Norte,"Centro Hospitalar Póvoa de Varzim/Vila do Conde, EPE","41.3828711, -8.7589945",49166.0,,,,49166.0
2015-08,2015/08/01,Região de Saúde Norte,"Unidade Local de Saúde do Alto Minho, EPE","41.7056054, -8.8252713",90388.0,15535.0,3225.0,,109148.0
2015-09,2015/09/01,Região de Saúde do Centro,"Centro Hospitalar Universitário Cova da Beira, EPE","40.2804158, -7.4922407",41168.0,12731.0,1107.0,,55006.0
2015-09,2015/09/01,Região de Saúde do Centro,"Centro Hospitalar do Baixo Vouga, EPE","40.6362453, -8.6543716",91334.0,26675.0,4709.0,,122718.0
2015-09,2015/09/01,Região de Saúde do Centro,"Unidade Local de Saúde da Guarda, EPE","40.5309916, -7.2734793",63575.0,10402.0,3207.0,,77184.0
2015-09,2015/09/01,Região de Saúde LVT,"Centro Hospitalar Barreiro/Montijo, EPE","38.6554005, -9.0592392",73859.0,24213.0,6782.0,,104854.0
2015-09,2015/09/01,Região de Saúde LVT,"Centro Hospitalar de Lisboa Ocidental, EPE","38.708454, -9.216985",76438.0,23573.0,11584.0,,111595.0
2015-09,2015/09/01,Região de Saúde LVT,"Hospital Professor Doutor Fernando Fonseca, EPE","38.7422257, -9.2264834",133837.0,41839.0,14476.0,,190152.0
2015-09,2015/09/01,Região de Saúde Norte,"Centro Hospitalar Trás-os-Montes e Alto Douro, EPE","41.3031784, -7.7515252",115640.0,15626.0,3138.0,,134404.0
2015-09,2015/09/01,Região de Saúde Norte,"Hospital de Braga, PPP","41.56785, -8.398982",100088.0,34208.0,10203.0,,144499.0
2015-10,2015/10/01,Região de Saúde do Centro,"Centro Hospitalar e Universitário de Coimbra, EPE","40.2191523, -8.4098211",160908.0,49949.0,25194.0,,236051.0
2015-10,2015/10/01,Região de Saúde do Centro,"Centro Hospitalar Tondela-Viseu, EPE","40.516364, -8.0827433",106800.0,30630.0,13260.0,,150690.0
2015-10,2015/10/01,Região de Saúde do Centro,"Unidade Local de Saúde da Guarda, EPE","40.5309916, -7.2734793",70414.0,11594.0,3492.0,,85500.0
2015-10,2015/10/01,Região de Saúde LVT,"Centro Hospitalar de Setúbal, EPE","38.5283754, -8.8818638",69095.0,34073.0,11521.0,,114689.0
2015-10,2015/10/01,Região de Saúde LVT,"Hospital de Loures, PPP","38.821455, -9.176296",101200.0,48949.0,12889.0,,163038.0
2015-10,2015/10/01,Região de Saúde Norte,"Centro Hospitalar do Médio Ave, EPE","41.3423984, -8.4802503",72420.0,27251.0,5395.0,,105066.0
2015-11,2015/11/01,Região de Saúde do Alentejo,"Unidade Local de Saúde do Litoral Alentejano, EPE","38.0162314, -8.6956768",87507.0,,,,87507.0
2015-11,2015/11/01,Região de Saúde do Alentejo,"Unidade Local de Saúde do Norte Alentejano, EPE","39.3003425, -7.4263845",74459.0,9663.0,1219.0,,85341.0
2015-11,2015/11/01,Região de Saúde do Centro,"Centro Hospitalar Tondela-Viseu, EPE","40.516364, -8.0827433",116680.0,34042.0,14574.0,,165296.0
2015-11,2015/11/01,Região de Saúde do Centro,"Hospital Distrital da Figueira da Foz, EPE","40.117897, -8.8586755",47735.0,18648.0,,,66383.0
2015-11,2015/11/01,Região de Saúde LVT,"Centro Hospitalar Barreiro/Montijo, EPE","38.6554005, -9.0592392",90068.0,30700.0,8321.0,,129089.0
2015-11,2015/11/01,Região de Saúde LVT,"Centro Hospitalar de Lisboa Ocidental, EPE","38.708454, -9.216985",93874.0,29775.0,14112.0,,137761.0
2015-11,2015/11/01,Região de Saúde LVT,"Centro Hospitalar Médio Tejo, EPE","39.478072, -8.5404429",104093.0,24680.0,2339.0,,131112.0
2015-11,2015/11/01,Região de Saúde LVT,"Hospital de Loures, PPP","38.821455, -9.176296",111135.0,55001.0,14239.0,,180375.0
2015-11,2015/11/01,Região de Saúde LVT,"Hospital Garcia de Orta, EPE","38.6658713, -9.1822554",79890.0,41173.0,15035.0,,136098.0
2015-11,2015/11/01,Região de Saúde Norte,"Centro Hospitalar Universitário de São João, EPE","41.1831056, -8.6010558",146123.0,69313.0,12821.0,,228257.0
2015-11,2015/11/01,Região de Saúde Norte,"Centro Hospitalar Entre Douro e Vouga, EPE","40.9293884, -8.5458794",118940.0,28926.0,7907.0,,155773.0
2015-11,2015/11/01,Região de Saúde Norte,"Hospital Santa Maria Maior, EPE","41.5324234, -8.6171561",44189.0,16513.0,,,60702.0
2015-11,2015/11/01,Região de Saúde Norte,"Unidade Local de Saúde de Matosinhos, EPE","41.1794456, -8.6745115",70891.0,,7708.0,,78599.0
2015-12,2015/12/01,Região de Saúde do Alentejo,"Unidade Local de Saúde do Baixo Alentejo, EPE","38.014123, -7.8721227",85605.0,17070.0,3881.0,,106556.0
2015-12,2015/12/01,Região de Saúde do Centro,"Unidade Local de Saúde de Castelo Branco, EPE","39.8212263, -7.4981271",49009.0,12671.0,1683.0,,63363.0
2015-12,2015/12/01,Região de Saúde LVT,"Centro Hospitalar Universitário de Lisboa Norte, EPE","38.7500861, -9.1616116",148249.0,42927.0,15139.0,,206315.0
2015-12,2015/12/01,Região de Saúde LVT,"Hospital de Loures, PPP","38.821455, -9.176296",121449.0,61315.0,15527.0,,198291.0
2015-12,2015/12/01,Região de Saúde LVT,"Hospital Distrital de Santarém, EPE","39.2410946, -8.6937515",81685.0,36996.0,7053.0,,125734.0
2015-12,2015/12/01,Região de Saúde Norte,"Centro Hospitalar do Médio Ave, EPE","41.3423984, -8.4802503",86596.0,33094.0,6382.0,,126072.0
2015-12,2015/12/01,Região de Saúde Norte,"Hospital Santa Maria Maior, EPE","41.5324234, -8.6171561",48930.0,17766.0,,,66696.0
2015-12,2015/12/01,Região de Saúde Norte,"Unidade Local de Saúde do Alto Minho, EPE","41.7056054, -8.8252713",132542.0,23093.0,4861.0,,160496.0
2015-12,2015/12/01,Região de Saúde Norte,"Unidade Local de Saúde do Nordeste, EPE","41.8056532, -6.7888197",107380.0,,,,107380.0
2016-01,2016/01/01,Região de Saúde do Centro,"Centro Hospitalar Universitário Cova da Beira, EPE","40.2804158, -7.4922407",4747.0,1732.0,121.0,,6600.0
2016-01,2016/01/01,Região de Saúde do Centro,"Hospital Distrital da Figueira da Foz, EPE","40.117897, -8.8586755",4456.0,2174.0,,,6630.0
2016-01,2016/01/01,Região de Saúde do Centro,"Unidade Local de Saúde da Guarda, EPE","40.5309916, -7.2734793",7294.0,1451.0,319.0,,9064.0
2016-01,2016/01/01,Região de Saúde LVT,"Centro Hospitalar do Oeste, EPE","39.4054629, -9.1258493",10479.0,5184.0,810.0,,16473.0
2016-01,2016/01/01,Região de Saúde LVT,"Hospital de Loures, PPP","38.821455, -9.176296",10529.0,6353.0,1411.0,,18293.0
2016-02,2016/02/01,Região de Saúde do Centro,"Centro Hospitalar Universitário Cova da Beira, EPE","40.2804158, -7.4922407",9385.0,3380.0,223.0,,12988.0
2016-02,2016/02/01,Região de Saúde do Centro,"Centro Hospitalar e Universitário de Coimbra, EPE","40.2191523, -8.4098211",31652.0,12117.0,4774.0,,48543.0
2016-02,2016/02/01,Região de Saúde do Centro,"Centro Hospitalar Tondela-Viseu, EPE","40.516364, -8.0827433",20553.0,6946.0,2515.0,,30014.0
2016-02,2016/02/01,Região de Saúde do Centro,"Unidade Local de Saúde da Guarda, EPE","40.5309916, -7.2734793",14336.0,2718.0,634.0,,17688.0
2016-02,2016/02/01,Região de Saúde LVT,"Centro Hospitalar Universitário Lisboa Central, EPE","38.7166948, -9.1371248",24344.0,14241.0,3420.0,1128.0,43133.0
2016-02,2016/02/01,Região de Saúde LVT,"Centro Hospitalar do Oeste, EPE","39.4054629, -9.1258493",20503.0,9287.0,1667.0,,31457.0
2016-02,2016/02/01,Região de Saúde Norte,"Centro Hospitalar Tâmega e Sousa, EPE","41.2494561, -8.264901",25084.0,7557.0,2288.0,,34929.0
2016-02,2016/02/01,Região de Saúde Norte,"Centro Hospitalar Trás-os-Montes e Alto Douro, EPE","41.3031784, -7.7515252",25057.0,4248.0,742.0,,30047.0
2016-02,2016/02/01,Região de Saúde Norte,"Centro Hospitalar Vila Nova de Gaia/Espinho, EPE","41.1094138, -8.5972617",18499.0,7556.0,2002.0,,28057.0
2016-02,2016/02/01,Região de Saúde Norte,"Hospital da Senhora da Oliveira, Guimarães, EPE","41.4387173, -8.3086907",12987.0,6285.0,1314.0,,20586.0
2016-02,2016/02/01,Região de Saúde Norte,"Hospital de Braga, PPP","41.56785, -8.398982",22262.0,8233.0,2213.0,,32708.0
2016-03,2016/03/01,Região de Saúde do Alentejo,"Unidade Local de Saúde do Litoral Alentejano, EPE","38.0162314, -8.6956768",24562.0,,,,24562.0
2016-03,2016/03/01,Região de Saúde LVT,"Hospital de Cascais, PPP","38.729006, -9.418267",22407.0,16000.0,3762.0,,42169.0
2016-03,2016/03/01,Região de Saúde Norte,"Centro Hospitalar Tâmega e Sousa, EPE","41.2494561, -8.264901",38612.0,11729.0,3456.0,,53797.0
2016-03,2016/03/01,Região de Saúde Norte,"Centro Hospitalar Vila Nova de Gaia/Espinho, EPE","41.1094138, -8.5972617",28966.0,11557.0,3108.0,,43631.0
2016-03,2016/03/01,Região de Saúde Norte,"Unidade Local de Saúde do Alto Minho, EPE","41.7056054, -8.8252713",32905.0,5762.0,1270.0,,39937.0
2016-04,2016/04/01,Região de Saúde do Alentejo,"Hospital Espírito Santo de Évora, EPE","38.5684861, -7.9032848",17605.0,7203.0,,,24808.0
2016-04,2016/04/01,Região de Saúde LVT,"Hospital de Loures, PPP","38.821455, -9.176296",41132.0,23270.0,5163.0,,69565.0
2016-04,2016/04/01,Região de Saúde LVT,"Hospital de Vila Franca de Xira, PPP","38.977235, -8.984506",27746.0,16976.0,2497.0,,47219.0
2016-04,2016/04/01,Região de Saúde Norte,"Centro Hospitalar do Médio Ave, EPE","41.3423984, -8.4802503",29090.0,12082.0,2055.0,,43227.0
2016-05,2016/05/01,Região de Saúde do Algarve,"Centro Hospitalar Universitário do Algarve,EPE","37.0238973, -7.9281554",103650.0,31498.0,8050.0,0.0,143198.0
2016-05,2016/05/01,Região de Saúde do Centro,"Centro Hospitalar Universitário Cova da Beira, EPE","40.2804158, -7.4922407",23736.0,8486.0,538.0,,32760.0
2016-05,2016/05/01,Região de Saúde LVT,"Centro Hospitalar Universitário de Lisboa Norte, EPE","38.7500861, -9.1616116",66342.0,20838.0,6498.0,,93678.0
2016-05,2016/05/01,Região de Saúde Norte,"Centro Hospitalar Tâmega e Sousa, EPE","41.2494561, -8.264901",64922.0,19645.0,5867.0,,90434.0
2016-05,2016/05/01,Região de Saúde Norte,"Unidade Local de Saúde de Matosinhos, EPE","41.1794456, -8.6745115",32786.0,,3953.0,,36739.0
2016-05,2016/05/01,Região de Saúde Norte,"Unidade Local de Saúde do Alto Minho, EPE","41.7056054, -8.8252713",56303.0,9259.0,2433.0,,67995.0
2016-06,2016/06/01,Região de Saúde do Centro,"Centro Hospitalar do Baixo Vouga, EPE","40.6362453, -8.6543716",63188.0,21920.0,3241.0,,88349.0
2016-06,2016/06/01,Região de Saúde do Centro,"Unidade Local de Saúde da Guarda, EPE","40.5309916, -7.2734793",43853.0,8436.0,1920.0,,54209.0
2016-06,2016/06/01,Região de Saúde LVT,"Hospital de Loures, PPP","38.821455, -9.176296",62222.0,34469.0,7891.0,,104582.0
2016-06,2016/06/01,Região de Saúde LVT,"Hospital de Vila Franca de Xira, PPP","38.977235, -8.984506",41877.0,25200.0,3889.0,,70966.0
2016-06,2016/06/01,Região de Saúde Norte,"Centro Hospitalar Entre Douro e Vouga, EPE","40.9293884, -8.5458794",66869.0,18640.0,4462.0,,89971.0
2016-06,2016/06/01,Região de Saúde Norte,"Centro Hospitalar Póvoa de Varzim/Vila do Conde, EPE","41.3828711, -8.7589945",37559.0,,,,37559.0
2016-06,2016/06/01,Região de Saúde Norte,"Hospital de Braga, PPP","41.56785, -8.398982",70723.0,25861.0,7081.0,,103665.0
2016-06,2016/06/01,Região de Saúde Norte,"Hospital Santa Maria Maior, EPE","41.5324234, -8.6171561",25919.0,9260.0,,,35179.0
2016-06,2016/06/01,Região de Saúde Norte,"Unidade Local de Saúde do Alto Minho, EPE","41.7056054, -8.8252713",67246.0,10635.0,2998.0,,80879.0
2016-07,2016/07/01,Região de Saúde do Alentejo,"Hospital Espírito Santo de Évora, EPE","38.5684861, -7.9032848",31718.0,12543.0,,,44261.0
2016-07,2016/07/01,Região de Saúde do Centro,"Centro Hospitalar de Leiria, EPE","39.7414812, -8.7982706",85961.0,26839.0,7037.0,,119837.0
2016-07,2016/07/01,Região de Saúde LVT,"Centro Hospitalar de Setúbal, EPE","38.5283754, -8.8818638",50984.0,26585.0,8353.0,,85922.0
2016-07,2016/07/01,Região de Saúde LVT,"Centro Hospitalar Médio Tejo, EPE","39.478072, -8.5404429",69603.0,17831.0,1952.0,,89386.0
2016-07,2016/07/01,Região de Saúde LVT,"Hospital de Loures, PPP","38.821455, -9.176296",73017.0,38900.0,9248.0,,121165.0
2016-07,2016/07/01,Região de Saúde LVT,"Hospital de Vila Franca de Xira, PPP","38.977235, -8.984506",49081.0,28101.0,4543.0,,81725.0
2016-07,2016/07/01,Região de Saúde LVT,"Hospital Distrital de Santarém, EPE","39.2410946, -8.6937515",49599.0,23431.0,3945.0,,76975.0
2016-07,2016/07/01,Região de Saúde Norte,"Centro Hospitalar Universitário de São João, EPE","41.1831056, -8.6010558",97341.0,47588.0,8157.0,,153086.0
2016-08,2016/08/01,Região de Saúde do Alentejo,"Hospital Espírito Santo de Évora, EPE","38.5684861, -7.9032848",36324.0,13876.0,,,50200.0
2016-08,2016/08/01,Região de Saúde do Alentejo,"Unidade Local de Saúde do Litoral Alentejano, EPE","38.0162314, -8.6956768",68235.0,,,,68235.0
2016-08,2016/08/01,Região de Saúde do Centro,"Centro Hospitalar do Baixo Vouga, EPE","40.6362453, -8.6543716",85415.0,27142.0,4472.0,,117029.0
2016-08,2016/08/01,Região de Saúde do Centro,"Unidade Local de Saúde de Castelo Branco, EPE","39.8212263, -7.4981271",34950.0,9104.0,1129.0,,45183.0
2016-08,2016/08/01,Região de Saúde LVT,"Hospital Garcia de Orta, EPE","38.6658713, -9.1822554",64645.0,32439.0,11331.0,,108415.0
2016-08,2016/08/01,Região de Saúde Norte,"Centro Hospitalar Universitário de São João, EPE","41.1831056, -8.6010558",112102.0,52509.0,9431.0,,174042.0
2016-08,2016/08/01,Região de Saúde Norte,"Hospital da Senhora da Oliveira, Guimarães, EPE","41.4387173, -8.3086907",57308.0,21649.0,6428.0,,85385.0
2016-08,2016/08/01,Região de Saúde Norte,"Unidade Local de Saúde de Matosinhos, EPE","41.1794456, -8.6745115",53818.0,,6441.0,,60259.0
2016-09,2016/09/01,Região de Saúde LVT,"Centro Hospitalar Universitário Lisboa Central, EPE","38.7166948, -9.1371248",113968.0,57127.0,16363.0,5442.0,192900.0
2016-09,2016/09/01,Região de Saúde LVT,"Hospital Distrital de Santarém, EPE","39.2410946, -8.6937515",64293.0,28275.0,5173.0,,97741.0
2016-09,2016/09/01,Região de Saúde LVT,"Hospital Professor Doutor Fernando Fonseca, EPE","38.7422257, -9.2264834",143677.0,44658.0,15201.0,,203536.0
2016-09,2016/09/01,Região de Saúde LVT,"Hospital Garcia de Orta, EPE","38.6658713, -9.1822554",72637.0,35780.0,12933.0,,121350.0
2016-09,2016/09/01,Região de Saúde Norte,"Centro Hospitalar Universitário do Porto, EPE","41.1472498, -8.6172617",95626.0,,12381.0,,108007.0
2016-09,2016/09/01,Região de Saúde Norte,"Centro Hospitalar Trás-os-Montes e Alto Douro, EPE","41.3031784, -7.7515252",117003.0,16420.0,3657.0,,137080.0
2016-09,2016/09/01,Região de Saúde Norte,"Unidade Local de Saúde do Alto Minho, EPE","41.7056054, -8.8252713",105560.0,14203.0,5022.0,,124785.0
2016-10,2016/10/01,Região de Saúde do Alentejo,"Hospital Espírito Santo de Évora, EPE","38.5684861, -7.9032848",45450.0,17118.0,,,62568.0
2016-10,2016/10/01,Região de Saúde do Alentejo,"Unidade Local de Saúde do Baixo Alentejo, EPE","38.014123, -7.8721227",71286.0,14842.0,3410.0,,89538.0
2016-10,2016/10/01,Região de Saúde do Alentejo,"Unidade Local de Saúde do Litoral Alentejano, EPE","38.0162314, -8.6956768",83089.0,,,,83089.0
2016-10,2016/10/01,Região de Saúde do Centro,"Centro Hospitalar de Leiria, EPE","39.7414812, -8.7982706",121817.0,36752.0,9947.0,,168516.0
2016-10,2016/10/01,Região de Saúde do Centro,"Centro Hospitalar do Baixo Vouga, EPE","40.6362453, -8.6543716",105790.0,33080.0,5707.0,,144577.0
2016-10,2016/10/01,Região de Saúde do Centro,"Unidade Local de Saúde da Guarda, EPE","40.5309916, -7.2734793",72878.0,12570.0,3334.0,,88782.0
2016-10,2016/10/01,Região de Saúde LVT,"Centro Hospitalar de Lisboa Ocidental, EPE","38.708454, -9.216985",88280.0,27898.0,13380.0,,129558.0
2016-10,2016/10/01,Região de Saúde LVT,"Centro Hospitalar de Setúbal, EPE","38.5283754, -8.8818638",72848.0,35980.0,11920.0,,120748.0
2016-10,2016/10/01,Região de Saúde LVT,"Centro Hospitalar Universitário de Lisboa Norte, EPE","38.7500861, -9.1616116",136657.0,37647.0,13489.0,,187793.0
2016-10,2016/10/01,Região de Saúde Norte,"Centro Hospitalar Entre Douro e Vouga, EPE","40.9293884, -8.5458794",112539.0,28234.0,7466.0,,148239.0
2016-10,2016/10/01,Região de Saúde Norte,"Centro Hospitalar Trás-os-Montes e Alto Douro, EPE","41.3031784, -7.7515252",129570.0,18352.0,3996.0,,151918.0
2016-10,2016/10/01,Região de Saúde Norte,"Unidade Local de Saúde de Matosinhos, EPE","41.1794456, -8.6745115",67478.0,,8015.0,,75493.0
2016-10,2016/10/01,Região de Saúde Norte,"Unidade Local de Saúde do Alto Minho, EPE","41.7056054, -8.8252713",116874.0,15588.0,5611.0,,138073.0
2016-11,2016/11/01,Região de Saúde do Centro,"Centro Hospitalar de Leiria, EPE","39.7414812, -8.7982706",132781.0,40060.0,10842.0,,183683.0
2016-11,2016/11/01,Região de Saúde do Centro,"Centro Hospitalar e Universitário de Coimbra, EPE","40.2191523, -8.4098211",182883.0,58505.0,27297.0,,268685.0
2016-11,2016/11/01,Região de Saúde LVT,"Centro Hospitalar do Oeste, EPE","39.4054629, -9.1258493",117672.0,43587.0,9525.0,,170784.0
2016-11,2016/11/01,Região de Saúde LVT,"Centro Hospitalar Médio Tejo, EPE","39.478072, -8.5404429",109528.0,27008.0,3231.0,,139767.0
2016-11,2016/11/01,Região de Saúde LVT,"Hospital de Vila Franca de Xira, PPP","38.977235, -8.984506",77450.0,42640.0,7246.0,,127336.0
2016-11,2016/11/01,Região de Saúde LVT,"Hospital Professor Doutor Fernando Fonseca, EPE","38.7422257, -9.2264834",174402.0,55978.0,18399.0,,248779.0
2016-11,2016/11/01,Região de Saúde Norte,"Centro Hospitalar Universitário de São João, EPE","41.1831056, -8.6010558",153895.0,72765.0,13074.0,,239734.0
2016-11,2016/11/01,Região de Saúde Norte,"Centro Hospitalar Entre Douro e Vouga, EPE","40.9293884, -8.5458794",123286.0,31587.0,8215.0,,163088.0
2016-11,2016/11/01,Região de Saúde Norte,"Centro Hospitalar Vila Nova de Gaia/Espinho, EPE","41.1094138, -8.5972617",111391.0,38894.0,11555.0,,161840.0
2016-12,2016/12/01,Região de Saúde do Algarve,"Centro Hospitalar Universitário do Algarve,EPE","37.0238973, -7.9281554",263252.0,73529.0,20393.0,0.0,357174.0
2016-12,2016/12/01,Região de Saúde LVT,"Centro Hospitalar Universitário Lisboa Central, EPE","38.7166948, -9.1371248",150550.0,79494.0,21719.0,7050.0,258813.0
2016-12,2016/12/01,Região de Saúde LVT,"Centro Hospitalar Universitário de Lisboa Norte, EPE","38.7500861, -9.1616116",165276.0,46780.0,16149.0,,228205.0
2016-12,2016/12/01,Região de Saúde Norte,"Centro Hospitalar Entre Douro e Vouga, EPE","40.9293884, -8.5458794",135407.0,35779.0,8933.0,,180119.0
2016-12,2016/12/01,Região de Saúde Norte,"Centro Hospitalar Póvoa de Varzim/Vila do Conde, EPE","41.3828711, -8.7589945",74777.0,,,,74777.0
2016-12,2016/12/01,Região de Saúde Norte,"Centro Hospitalar Vila Nova de Gaia/Espinho, EPE","41.1094138, -8.5972617",122293.0,43649.0,12626.0,,178568.0
2016-12,2016/12/01,Região de Saúde Norte,"Hospital de Braga, PPP","41.56785, -8.398982",143263.0,49149.0,14652.0,,207064.0
2017-01,2017/01/01,Região de Saúde do Alentejo,"Unidade Local de Saúde do Norte Alentejano, EPE","39.3003425, -7.4263845",6866.0,868.0,102.0,,7836.0
2017-01,2017/01/01,Região de Saúde do Centro,"Centro Hospitalar Tondela-Viseu, EPE","40.516364, -8.0827433",9881.0,3404.0,1201.0,,14486.0
2017-01,2017/01/01,Região de Saúde do Centro,"Unidade Local de Saúde de Castelo Branco, EPE","39.8212263, -7.4981271",4416.0,1029.0,144.0,,5589.0
2017-01,2017/01/01,Região de Saúde LVT,"Centro Hospitalar Barreiro/Montijo, EPE","38.6554005, -9.0592392",8155.0,3092.0,743.0,,11990.0
2017-01,2017/01/01,Região de Saúde LVT,"Centro Hospitalar Universitário Lisboa Central, EPE","38.7166948, -9.1371248",11796.0,6876.0,1776.0,515.0,20963.0
2017-01,2017/01/01,Região de Saúde LVT,"Centro Hospitalar Universitário de Lisboa Norte, EPE","38.7500861, -9.1616116",14209.0,4035.0,1473.0,,19717.0
2017-01,2017/01/01,Região de Saúde LVT,"Hospital Professor Doutor Fernando Fonseca, EPE","38.7422257, -9.2264834",14311.0,5037.0,1522.0,,20870.0
2017-01,2017/01/01,Região de Saúde Norte,"Centro Hospitalar Universitário do Porto, EPE","41.1472498, -8.6172617",9896.0,,1362.0,,11258.0
2017-01,2017/01/01,Região de Saúde Norte,"Unidade Local de Saúde do Alto Minho, EPE","41.7056054, -8.8252713",12235.0,1765.0,546.0,,14546.0
2017-02,2017/02/01,Região de Saúde do Centro,"Centro Hospitalar de Leiria, EPE","39.7414812, -8.7982706",23179.0,6583.0,1928.0,,31690.0
2017-02,2017/02/01,Região de Saúde LVT,"Hospital de Cascais, PPP","38.729006, -9.418267",13898.0,9724.0,2251.0,,25873.0
2017-02,2017/02/01,Região de Saúde Norte,"Centro Hospitalar do Médio Ave, EPE","41.3423984, -8.4802503",14461.0,5538.0,946.0,,20945.0
2017-02,2017/02/01,Região de Saúde Norte,"Centro Hospitalar Universitário do Porto, EPE","41.1472498, -8.6172617",19272.0,,2646.0,,21918.0
2017-02,2017/02/01,Região de Saúde Norte,"Centro Hospitalar Entre Douro e Vouga, EPE","40.9293884, -8.5458794",26274.0,5816.0,1363.0,,33453.0
2017-02,2017/02/01,Região de Saúde Norte,"Centro Hospitalar Tâmega e Sousa, EPE","41.2494561, -8.264901",23241.0,6715.0,2205.0,,32161.0
2017-02,2017/02/01,Região de Saúde Norte,"Hospital de Braga, PPP","41.56785, -8.398982",22862.0,7906.0,2259.0,,33027.0
2017-02,2017/02/01,Região de Saúde Norte,"Hospital Santa Maria Maior, EPE","41.5324234, -8.6171561",7882.0,2925.0,,,10807.0
2017-03,2017/03/01,Região de Saúde do Alentejo,"Hospital Espírito Santo de Évora, EPE","38.5684861, -7.9032848",13031.0,5337.0,,,18368.0
2017-03,2017/03/01,Região de Saúde do Alentejo,"Unidade Local de Saúde do Litoral Alentejano, EPE","38.0162314, -8.6956768",22098.0,,,,22098.0
2017-03,2017/03/01,Região de Saúde do Centro,"Centro Hospitalar do Baixo Vouga, EPE","40.6362453, -8.6543716",29292.0,9693.0,1571.0,,40556.0
2017-03,2017/03/01,Região de Saúde do Centro,"Centro Hospitalar Tondela-Viseu, EPE","40.516364, -8.0827433",27782.0,9308.0,3493.0,,40583.0
2017-03,2017/03/01,Região de Saúde do Centro,"Unidade Local de Saúde de Castelo Branco, EPE","39.8212263, -7.4981271",12626.0,2934.0,370.0,,15930.0
2017-03,2017/03/01,Região de Saúde LVT,"Centro Hospitalar de Setúbal, EPE","38.5283754, -8.8818638",20787.0,11033.0,3264.0,,35084.0
2017-03,2017/03/01,Região de Saúde LVT,"Hospital Distrital de Santarém, EPE","39.2410946, -8.6937515",20460.0,9979.0,1518.0,,31957.0
2017-03,2017/03/01,Região de Saúde Norte,"Centro Hospitalar Universitário do Porto, EPE","41.1472498, -8.6172617",30072.0,,4094.0,,34166.0
2017-03,2017/03/01,Região de Saúde Norte,"Centro Hospitalar Vila Nova de Gaia/Espinho, EPE","41.1094138, -8.5972617",28631.0,11134.0,3047.0,,42812.0
2017-03,2017/03/01,Região de Saúde Norte,"Hospital da Senhora da Oliveira, Guimarães, EPE","41.4387173, -8.3086907",21828.0,6820.0,2233.0,,30881.0
2017-04,2017/04/01,Região de Saúde do Alentejo,"Hospital Espírito Santo de Évora, EPE","38.5684861, -7.9032848",17485.0,6991.0,,,24476.0
2017-04,2017/04/01,Região de Saúde do Alentejo,"Unidade Local de Saúde do Baixo Alentejo, EPE","38.014123, -7.8721227",28301.0,5871.0,1087.0,,35259.0
2017-04,2017/04/01,Região de Saúde do Centro,"Centro Hospitalar Tondela-Viseu, EPE","40.516364, -8.0827433",37060.0,11869.0,4699.0,,53628.0
2017-05,2017/05/01,Região de Saúde do Algarve,"Centro Hospitalar Universitário do Algarve,EPE","37.0238973, -7.9281554",102372.0,28778.0,8164.0,0.0,139314.0
2017-05,2017/05/01,Região de Saúde do Centro,"Unidade Local de Saúde de Castelo Branco, EPE","39.8212263, -7.4981271",21395.0,4991.0,648.0,,27034.0
2017-05,2017/05/01,Região de Saúde LVT,"Centro Hospitalar Universitário Lisboa Central, EPE","38.7166948, -9.1371248",59078.0,32562.0,9106.0,2797.0,103543.0
2017-05,2017/05/01,Região de Saúde LVT,"Centro Hospitalar Médio Tejo, EPE","39.478072, -8.5404429",48672.0,11858.0,979.0,,61509.0
2017-05,2017/05/01,Região de Saúde LVT,"Hospital Professor Doutor Fernando Fonseca, EPE","38.7422257, -9.2264834",75297.0,25403.0,8167.0,,108867.0
2017-05,2017/05/01,Região de Saúde Norte,"Hospital de Braga, PPP","41.56785, -8.398982",58691.0,19822.0,6072.0,,84585.0
2017-06,2017/06/01,Região de Saúde do Alentejo,"Hospital Espírito Santo de Évora, EPE","38.5684861, -7.9032848",26604.0,10314.0,,,36918.0
2017-06,2017/06/01,Região de Saúde do Alentejo,"Unidade Local de Saúde do Baixo Alentejo, EPE","38.014123, -7.8721227",42304.0,8686.0,1630.0,,52620.0
2017-06,2017/06/01,Região de Saúde do Alentejo,"Unidade Local de Saúde do Norte Alentejano, EPE","39.3003425, -7.4263845",38679.0,4816.0,660.0,,44155.0
2017-06,2017/06/01,Região de Saúde do Centro,"Centro Hospitalar Universitário Cova da Beira, EPE","40.2804158, -7.4922407",24005.0,8226.0,1868.0,,34099.0
2017-06,2017/06/01,Região de Saúde do Centro,"Centro Hospitalar do Baixo Vouga, EPE","40.6362453, -8.6543716",59758.0,18919.0,3289.0,,81966.0
2017-06,2017/06/01,Região de Saúde do Centro,"Centro Hospitalar Tondela-Viseu, EPE","40.516364, -8.0827433",56020.0,17644.0,7077.0,,80741.0
2017-06,2017/06/01,Região de Saúde do Centro,"Unidade Local de Saúde da Guarda, EPE","40.5309916, -7.2734793",41089.0,7037.0,1893.0,,50019.0
2017-06,2017/06/01,Região de Saúde LVT,"Centro Hospitalar Barreiro/Montijo, EPE","38.6554005, -9.0592392",51230.0,17376.0,4616.0,,73222.0
2017-06,2017/06/01,Região de Saúde Norte,"Centro Hospitalar Universitário de São João, EPE","41.1831056, -8.6010558",82599.0,38995.0,6838.0,,128432.0
2017-06,2017/06/01,Região de Saúde Norte,"Centro Hospitalar Trás-os-Montes e Alto Douro, EPE","41.3031784, -7.7515252",74074.0,10381.0,2339.0,,86794.0
2017-06,2017/06/01,Região de Saúde Norte,"Hospital da Senhora da Oliveira, Guimarães, EPE","41.4387173, -8.3086907",45475.0,13633.0,4530.0,,63638.0
2017-06,2017/06/01,Região de Saúde Norte,"Hospital Santa Maria Maior, EPE","41.5324234, -8.6171561",24282.0,8106.0,,,32388.0
2017-07,2017/07/01,Região de Saúde do Alentejo,"Unidade Local de Saúde do Norte Alentejano, EPE","39.3003425, -7.4263845",45207.0,5464.0,787.0,,51458.0
2017-07,2017/07/01,Região de Saúde do Centro,"Centro Hospitalar e Universitário de Coimbra, EPE","40.2191523, -8.4098211",113766.0,36374.0,17284.0,,167424.0
2017-07,2017/07/01,Região de Saúde do Centro,"Unidade Local de Saúde de Castelo Branco, EPE","39.8212263, -7.4981271",30190.0,6846.0,936.0,,37972.0
2017-07,2017/07/01,Região de Saúde Norte,"Centro Hospitalar Universitário do Porto, EPE","41.1472498, -8.6172617",73089.0,,10213.0,,83302.0
2017-07,2017/07/01,Região de Saúde Norte,"Centro Hospitalar Entre Douro e Vouga, EPE","40.9293884, -8.5458794",96066.0,18669.0,5209.0,,119944.0
2017-07,2017/07/01,Região de Saúde Norte,"Centro Hospitalar Póvoa de Varzim/Vila do Conde, EPE","41.3828711, -8.7589945",42155.0,,,,42155.0
2017-07,2017/07/01,Região de Saúde Norte,"Centro Hospitalar Tâmega e Sousa, EPE","41.2494561, -8.264901",84748.0,22223.0,8209.0,,115180.0
2017-07,2017/07/01,Região de Saúde Norte,"Centro Hospitalar Vila Nova de Gaia/Espinho, EPE","41.1094138, -8.5972617",70885.0,24146.0,7248.0,,102279.0
2017-07,2017/07/01,Região de Saúde Norte,"Hospital Santa Maria Maior, EPE","41.5324234, -8.6171561",28588.0,9230.0,,,37818.0
2017-08,2017/08/01,Região de Saúde do Alentejo,"Unidade Local de Saúde do Baixo Alentejo, EPE","38.014123, -7.8721227",55767.0,10847.0,2175.0,,68789.0
2017-08,2017/08/01,Região de Saúde do Centro,"Centro Hospitalar de Leiria, EPE","39.7414812, -8.7982706",99293.0,23330.0,8224.0,,130847.0
2017-08,2017/08/01,Região de Saúde do Centro,"Centro Hospitalar do Baixo Vouga, EPE","40.6362453, -8.6543716",81233.0,23956.0,4488.0,,109677.0
2017-08,2017/08/01,Região de Saúde do Centro,"Unidade Local de Saúde de Castelo Branco, EPE","39.8212263, -7.4981271",34808.0,7486.0,1114.0,,43408.0
2017-08,2017/08/01,Região de Saúde LVT,"Centro Hospitalar Universitário Lisboa Central, EPE","38.7166948, -9.1371248",96305.0,48008.0,14697.0,4565.0,163575.0
2017-08,2017/08/01,Região de Saúde LVT,"Centro Hospitalar de Setúbal, EPE","38.5283754, -8.8818638",58759.0,26862.0,8775.0,,94396.0
2017-08,2017/08/01,Região de Saúde LVT,"Hospital de Vila Franca de Xira, PPP","38.977235, -8.984506",58037.0,29252.0,5382.0,,92671.0
2017-08,2017/08/01,Região de Saúde Norte,"Hospital de Braga, PPP","41.56785, -8.398982",96974.0,30251.0,10149.0,,137374.0
2017-09,2017/09/01,Região de Saúde do Alentejo,"Hospital Espírito Santo de Évora, EPE","38.5684861, -7.9032848",40158.0,14386.0,,,54544.0
2017-09,2017/09/01,Região de Saúde do Alentejo,"Unidade Local de Saúde do Baixo Alentejo, EPE","38.014123, -7.8721227",62463.0,11995.0,2447.0,,76905.0
2017-09,2017/09/01,Região de Saúde do Alentejo,"Unidade Local de Saúde do Norte Alentejano, EPE","39.3003425, -7.4263845",57953.0,6660.0,1092.0,,65705.0
2017-09,2017/09/01,Região de Saúde do Centro,"Centro Hospitalar Universitário Cova da Beira, EPE","40.2804158, -7.4922407",36901.0,11395.0,3239.0,,51535.0
2017-09,2017/09/01,Região de Saúde LVT,"Centro Hospitalar Médio Tejo, EPE","39.478072, -8.5404429",87860.0,19088.0,1777.0,,108725.0
2017-09,2017/09/01,Região de Saúde LVT,"Hospital de Cascais, PPP","38.729006, -9.418267",67773.0,41187.0,11188.0,,120148.0
2017-09,2017/09/01,Região de Saúde LVT,"Hospital de Loures, PPP","38.821455, -9.176296",91915.0,44217.0,12639.0,,148771.0
2017-09,2017/09/01,Região de Saúde LVT,"Hospital de Vila Franca de Xira, PPP","38.977235, -8.984506",65200.0,32591.0,6082.0,,103873.0
2017-09,2017/09/01,Região de Saúde Norte,"Centro Hospitalar Universitário de São João, EPE","41.1831056, -8.6010558",125178.0,54848.0,10622.0,,190648.0
2017-09,2017/09/01,Região de Saúde Norte,"Hospital da Senhora da Oliveira, Guimarães, EPE","41.4387173, -8.3086907",69200.0,19273.0,7132.0,,95605.0
2017-09,2017/09/01,Região de Saúde Norte,"Hospital de Braga, PPP","41.56785, -8.398982",108865.0,33762.0,11543.0,,154170.0
2017-10,2017/10/01,Região de Saúde do Alentejo,"Hospital Espírito Santo de Évora, EPE","38.5684861, -7.9032848",44637.0,16247.0,,,60884.0
2017-10,2017/10/01,Região de Saúde do Algarve,"Centro Hospitalar Universitário do Algarve,EPE","37.0238973, -7.9281554",219758.0,57023.0,17161.0,0.0,293942.0
2017-10,2017/10/01,Região de Saúde do Centro,"Centro Hospitalar Tondela-Viseu, EPE","40.516364, -8.0827433",95490.0,27850.0,12369.0,,135709.0
2017-10,2017/10/01,Região de Saúde LVT,"Centro Hospitalar de Setúbal, EPE","38.5283754, -8.8818638",73991.0,33979.0,10856.0,,118826.0
2017-10,2017/10/01,Região de Saúde Norte,"Centro Hospitalar Universitário do Porto, EPE","41.1472498, -8.6172617",105950.0,,15344.0,,121294.0
2017-10,2017/10/01,Região de Saúde Norte,"Hospital da Senhora da Oliveira, Guimarães, EPE","41.4387173, -8.3086907",77785.0,22256.0,8005.0,,108046.0
2017-10,2017/10/01,Região de Saúde Norte,"Unidade Local de Saúde do Alto Minho, EPE","41.7056054, -8.8252713",113567.0,14635.0,5785.0,,133987.0
2017-11,2017/11/01,Região de Saúde do Centro,"Centro Hospitalar e Universitário de Coimbra, EPE","40.2191523, -8.4098211",181090.0,56542.0,27525.0,,265157.0
2017-11,2017/11/01,Região de Saúde LVT,"Centro Hospitalar Médio Tejo, EPE","39.478072, -8.5404429",108272.0,24083.0,2263.0,,134618.0
2017-11,2017/11/01,Região de Saúde LVT,"Hospital Professor Doutor Fernando Fonseca, EPE","38.7422257, -9.2264834",169216.0,53167.0,18865.0,,241248.0
2017-11,2017/11/01,Região de Saúde Norte,"Centro Hospitalar do Médio Ave, EPE","41.3423984, -8.4802503",85597.0,29248.0,6587.0,,121432.0
2017-11,2017/11/01,Região de Saúde Norte,"Centro Hospitalar Trás-os-Montes e Alto Douro, EPE","41.3031784, -7.7515252",138188.0,19338.0,4462.0,,161988.0
2017-11,2017/11/01,Região de Saúde Norte,"Centro Hospitalar Vila Nova de Gaia/Espinho, EPE","41.1094138, -8.5972617",113260.0,38545.0,11538.0,,163343.0
2017-11,2017/11/01,Região de Saúde Norte,"Unidade Local de Saúde do Nordeste, EPE","41.8056532, -6.7888197",99217.0,,,,99217.0
2017-12,2017/12/01,Região de Saúde do Centro,"Centro Hospitalar Universitário Cova da Beira, EPE","40.2804158, -7.4922407",49828.0,15639.0,4278.0,,69745.0
2017-12,2017/12/01,Região de Saúde do Centro,"Centro Hospitalar do Baixo Vouga, EPE","40.6362453, -8.6543716",122138.0,37606.0,6869.0,,166613.0
2017-12,2017/12/01,Região de Saúde do Centro,"Centro Hospitalar e Universitário de Coimbra, EPE","40.2191523, -8.4098211",197813.0,62112.0,30022.0,,289947.0
2017-12,2017/12/01,Região de Saúde LVT,"Centro Hospitalar de Lisboa Ocidental, EPE","38.708454, -9.216985",102676.0,31558.0,15871.0,,150105.0
2017-12,2017/12/01,Região de Saúde LVT,"Hospital Garcia de Orta, EPE","38.6658713, -9.1822554",100006.0,48744.0,17554.0,,166304.0
2017-12,2017/12/01,Região de Saúde Norte,"Centro Hospitalar Universitário do Porto, EPE","41.1472498, -8.6172617",127184.0,,18596.0,,145780.0
2017-12,2017/12/01,Região de Saúde Norte,"Centro Hospitalar Póvoa de Varzim/Vila do Conde, EPE","41.3828711, -8.7589945",74735.0,,,,74735.0
2017-12,2017/12/01,Região de Saúde Norte,"Centro Hospitalar Vila Nova de Gaia/Espinho, EPE","41.1094138, -8.5972617",124054.0,42984.0,12492.0,,179530.0
2017-12,2017/12/01,Região de Saúde Norte,"Hospital da Senhora da Oliveira, Guimarães, EPE","41.4387173, -8.3086907",94030.0,28294.0,9740.0,,132064.0
2017-12,2017/12/01,Região de Saúde Norte,"Hospital de Braga, PPP","41.56785, -8.398982",146232.0,47907.0,15397.0,,209536.0
2018-01,2018/01/01,Região de Saúde do Alentejo,"Unidade Local de Saúde do Litoral Alentejano, EPE","38.0162314, -8.6956768",8973.0,,,,8973.0
2018-01,2018/01/01,Região de Saúde do Centro,"Centro Hospitalar Universitário Cova da Beira, EPE","40.2804158, -7.4922407",4408.0,1889.0,338.0,,6635.0
2018-01,2018/01/01,Região de Saúde do Centro,"Centro Hospitalar e Universitário de Coimbra, EPE","40.2191523, -8.4098211",17170.0,6654.0,2563.0,,26387.0
2018-01,2018/01/01,Região de Saúde do Centro,"Unidade Local de Saúde de Castelo Branco, EPE","39.8212263, -7.4981271",4455.0,1011.0,138.0,,5604.0
2018-01,2018/01/01,Região de Saúde LVT,"Centro Hospitalar Universitário Lisboa Central, EPE","38.7166948, -9.1371248",12328.0,8291.0,1768.0,538.0,22925.0
2018-01,2018/01/01,Região de Saúde LVT,"Centro Hospitalar do Oeste, EPE","39.4054629, -9.1258493",10467.0,5215.0,723.0,,16405.0
2018-01,2018/01/01,Região de Saúde LVT,"Hospital de Loures, PPP","38.821455, -9.176296",10762.0,6574.0,1454.0,,18790.0
2018-01,2018/01/01,Região de Saúde LVT,"Hospital Distrital de Santarém, EPE","39.2410946, -8.6937515",7174.0,4157.0,531.0,,11862.0
2018-01,2018/01/01,Região de Saúde Norte,"Centro Hospitalar Universitário de São João, EPE","41.1831056, -8.6010558",13447.0,6805.0,1218.0,,21470.0
2018-01,2018/01/01,Região de Saúde Norte,"Centro Hospitalar do Médio Ave, EPE","41.3423984, -8.4802503",8182.0,3405.0,550.0,,12137.0
2018-01,2018/01/01,Região de Saúde Norte,"Centro Hospitalar Trás-os-Montes e Alto Douro, EPE","41.3031784, -7.7515252",13856.0,2709.0,430.0,,16995.0
2018-01,2018/01/01,Região de Saúde Norte,"Hospital de Braga, PPP","41.56785, -8.398982",12438.0,4824.0,1287.0,,18549.0
2018-02,2018/02/01,Região de Saúde do Centro,"Centro Hospitalar Universitário Cova da Beira, EPE","40.2804158, -7.4922407",8648.0,3477.0,595.0,,12720.0
2018-02,2018/02/01,Região de Saúde do Centro,"Unidade Local de Saúde de Castelo Branco, EPE","39.8212263, -7.4981271",8604.0,1891.0,256.0,,10751.0
2018-02,2018/02/01,Região de Saúde LVT,"Centro Hospitalar do Oeste, EPE","39.4054629, -9.1258493",20337.0,9312.0,1420.0,,31069.0
2018-02,2018/02/01,Região de Saúde Norte,"Centro Hospitalar Póvoa de Varzim/Vila do Conde, EPE","41.3828711, -8.7589945",13131.0,,,,13131.0
2018-02,2018/02/01,Região de Saúde Norte,"Centro Hospitalar Tâmega e Sousa, EPE","41.2494561, -8.264901",22815.0,6923.0,2162.0,,31900.0
2018-02,2018/02/01,Região de Saúde Norte,"Hospital de Braga, PPP","41.56785, -8.398982",24238.0,9161.0,2518.0,,35917.0
2018-03,2018/03/01,Região de Saúde do Alentejo,"Hospital Espírito Santo de Évora, EPE","38.5684861, -7.9032848",13241.0,5517.0,,,18758.0
2018-03,2018/03/01,Região de Saúde do Alentejo,"Unidade Local de Saúde do Norte Alentejano, EPE","39.3003425, -7.4263845",21333.0,2443.0,365.0,,24141.0
2018-03,2018/03/01,Região de Saúde do Centro,"Centro Hospitalar do Baixo Vouga, EPE","40.6362453, -8.6543716",31401.0,10527.0,1667.0,,43595.0
2018-03,2018/03/01,Região de Saúde LVT,"Centro Hospitalar de Setúbal, EPE","38.5283754, -8.8818638",22159.0,11409.0,2999.0,,36567.0
2018-03,2018/03/01,Região de Saúde LVT,"Hospital Professor Doutor Fernando Fonseca, EPE","38.7422257, -9.2264834",48100.0,16191.0,5195.0,,69486.0
2018-03,2018/03/01,Região de Saúde Norte,"Centro Hospitalar Universitário de São João, EPE","41.1831056, -8.6010558",40047.0,19469.0,3430.0,,62946.0
2018-03,2018/03/01,Região de Saúde Norte,"Centro Hospitalar Trás-os-Montes e Alto Douro, EPE","41.3031784, -7.7515252",39015.0,7189.0,1190.0,,47394.0
2018-03,2018/03/01,Região de Saúde Norte,"Hospital Santa Maria Maior, EPE","41.5324234, -8.6171561",11976.0,4371.0,,,16347.0
2018-03,2018/03/01,Região de Saúde Norte,"Unidade Local de Saúde de Matosinhos, EPE","41.1794456, -8.6745115",18909.0,,2238.0,,21147.0
2018-04,2018/04/01,Região de Saúde do Centro,"Unidade Local de Saúde de Castelo Branco, EPE","39.8212263, -7.4981271",17271.0,3403.0,604.0,,21278.0
2018-04,2018/04/01,Região de Saúde LVT,"Centro Hospitalar Universitário Lisboa Central, EPE","38.7166948, -9.1371248",47809.0,27045.0,6780.0,2085.0,83719.0
2018-04,2018/04/01,Região de Saúde Norte,"Centro Hospitalar Universitário de São João, EPE","41.1831056, -8.6010558",53694.0,25307.0,4595.0,,83596.0
2018-04,2018/04/01,Região de Saúde Norte,"Centro Hospitalar Universitário do Porto, EPE","41.1472498, -8.6172617",40728.0,,6247.0,,46975.0
2018-04,2018/04/01,Região de Saúde Norte,"Centro Hospitalar Póvoa de Varzim/Vila do Conde, EPE","41.3828711, -8.7589945",25438.0,,,,25438.0
2018-04,2018/04/01,Região de Saúde Norte,"Centro Hospitalar Trás-os-Montes e Alto Douro, EPE","41.3031784, -7.7515252",51393.0,9292.0,1585.0,,62270.0
2018-05,2018/05/01,Região de Saúde do Algarve,"Centro Hospitalar Universitário do Algarve,EPE","37.0238973, -7.9281554",101170.0,30134.0,8082.0,,139386.0
2018-05,2018/05/01,Região de Saúde do Centro,"Centro Hospitalar Universitário Cova da Beira, EPE","40.2804158, -7.4922407",21477.0,7741.0,1420.0,,30638.0
2018-05,2018/05/01,Região de Saúde LVT,"Centro Hospitalar Barreiro/Montijo, EPE","38.6554005, -9.0592392",44455.0,15344.0,4062.0,,63861.0
2018-05,2018/05/01,Região de Saúde LVT,"Centro Hospitalar do Oeste, EPE","39.4054629, -9.1258493",49780.0,20436.0,4046.0,,74262.0
2018-05,2018/05/01,Região de Saúde LVT,"Hospital de Cascais, PPP","38.729006, -9.418267",38453.0,24453.0,6112.0,,69018.0
2018-05,2018/05/01,Região de Saúde LVT,"Hospital de Loures, PPP","38.821455, -9.176296",51161.0,27381.0,7240.0,,85782.0
2018-05,2018/05/01,Região de Saúde Norte,"Centro Hospitalar Universitário do Porto, EPE","41.1472498, -8.6172617",51467.0,,7990.0,,59457.0
2018-05,2018/05/01,Região de Saúde Norte,"Centro Hospitalar Tâmega e Sousa, EPE","41.2494561, -8.264901",58417.0,16144.0,5558.0,,80119.0
2018-05,2018/05/01,Região de Saúde Norte,"Centro Hospitalar Trás-os-Montes e Alto Douro, EPE","41.3031784, -7.7515252",64019.0,11638.0,2039.0,,77696.0
2018-05,2018/05/01,Região de Saúde Norte,"Hospital da Senhora da Oliveira, Guimarães, EPE","41.4387173, -8.3086907",40077.0,13425.0,4111.0,,57613.0
2018-05,2018/05/01,Região de Saúde Norte,"Unidade Local de Saúde do Nordeste, EPE","41.8056532, -6.7888197",48346.0,,,,48346.0
2018-06,2018/06/01,Região de Saúde do Centro,"Centro Hospitalar Universitário Cova da Beira, EPE","40.2804158, -7.4922407",25702.0,9233.0,1826.0,,36761.0
2018-06,2018/06/01,Região de Saúde do Centro,"Centro Hospitalar de Leiria, EPE","39.7414812, -8.7982706",74019.0,18509.0,6336.0,,98864.0
2018-06,2018/06/01,Região de Saúde do Centro,"Centro Hospitalar Tondela-Viseu, EPE","40.516364, -8.0827433",57420.0,17903.0,7501.0,,82824.0
2018-06,2018/06/01,Região de Saúde LVT,"Centro Hospitalar de Lisboa Ocidental, EPE","38.708454, -9.216985",54030.0,17152.0,7828.0,,79010.0
2018-06,2018/06/01,Região de Saúde LVT,"Centro Hospitalar Médio Tejo, EPE","39.478072, -8.5404429",57540.0,13333.0,1393.0,,72266.0
2018-06,2018/06/01,Região de Saúde LVT,"Hospital de Loures, PPP","38.821455, -9.176296",61148.0,32132.0,8752.0,,102032.0
2018-06,2018/06/01,Região de Saúde LVT,"Hospital Garcia de Orta, EPE","38.6658713, -9.1822554",50772.0,24418.0,8883.0,,84073.0
2018-06,2018/06/01,Região de Saúde Norte,"Centro Hospitalar Tâmega e Sousa, EPE","41.2494561, -8.264901",70487.0,19048.0,6734.0,,96269.0
2018-06,2018/06/01,Região de Saúde Norte,"Centro Hospitalar Vila Nova de Gaia/Espinho, EPE","41.1094138, -8.5972617",61370.0,20418.0,5867.0,,87655.0
2018-06,2018/06/01,Região de Saúde Norte,"Hospital de Braga, PPP","41.56785, -8.398982",74466.0,25630.0,7911.0,,108007.0
2018-07,2018/07/01,Região de Saúde do Centro,"Centro Hospitalar Tondela-Viseu, EPE","40.516364, -8.0827433",67284.0,20368.0,8917.0,,96569.0
2018-07,2018/07/01,Região de Saúde do Centro,"Hospital Distrital da Figueira da Foz, EPE","40.117897, -8.8586755",31419.0,11755.0,,,43174.0
2018-07,2018/07/01,Região de Saúde LVT,"Centro Hospitalar Universitário Lisboa Central, EPE","38.7166948, -9.1371248",84434.0,44968.0,12470.0,3798.0,145670.0
2018-07,2018/07/01,Região de Saúde LVT,"Hospital de Vila Franca de Xira, PPP","38.977235, -8.984506",51604.0,26930.0,5129.0,,83663.0
2018-07,2018/07/01,Região de Saúde LVT,"Hospital Professor Doutor Fernando Fonseca, EPE","38.7422257, -9.2264834",109660.0,34682.0,12399.0,,156741.0
2018-07,2018/07/01,Região de Saúde Norte,"Centro Hospitalar Póvoa de Varzim/Vila do Conde, EPE","41.3828711, -8.7589945",43837.0,,,,43837.0
2018-07,2018/07/01,Região de Saúde Norte,"Centro Hospitalar Vila Nova de Gaia/Espinho, EPE","41.1094138, -8.5972617",72653.0,23337.0,6979.0,,102969.0
2018-07,2018/07/01,Região de Saúde Norte,"Hospital de Braga, PPP","41.56785, -8.398982",87839.0,29357.0,9414.0,,126610.0
2018-07,2018/07/01,Região de Saúde Norte,"Unidade Local de Saúde de Matosinhos, EPE","41.1794456, -8.6745115",44536.0,,5745.0,,50281.0
2018-07,2018/07/01,Região de Saúde Norte,"Unidade Local de Saúde do Alto Minho, EPE","41.7056054, -8.8252713",80006.0,11922.0,4022.0,,95950.0
2018-08,2018/08/01,Região de Saúde do Alentejo,"Hospital Espírito Santo de Évora, EPE","38.5684861, -7.9032848",36023.0,13645.0,,,49668.0
2018-08,2018/08/01,Região de Saúde do Algarve,"Centro Hospitalar Universitário do Algarve,EPE","37.0238973, -7.9281554",175058.0,47712.0,13882.0,0.0,236652.0
2018-08,2018/08/01,Região de Saúde LVT,"Centro Hospitalar Universitário Lisboa Central, EPE","38.7166948, -9.1371248",96572.0,49629.0,14441.0,4402.0,165044.0
2018-08,2018/08/01,Região de Saúde LVT,"Centro Hospitalar de Lisboa Ocidental, EPE","38.708454, -9.216985",72800.0,21121.0,10809.0,,104730.0
2018-08,2018/08/01,Região de Saúde LVT,"Hospital Distrital de Santarém, EPE","39.2410946, -8.6937515",57935.0,24608.0,4446.0,,86989.0
2018-08,2018/08/01,Região de Saúde Norte,"Hospital de Braga, PPP","41.56785, -8.398982",102228.0,32787.0,10943.0,,145958.0
2018-09,2018/09/01,Região de Saúde do Alentejo,"Hospital Espírito Santo de Évora, EPE","38.5684861, -7.9032848",40435.0,15002.0,,,55437.0
2018-09,2018/09/01,Região de Saúde do Algarve,"Centro Hospitalar Universitário do Algarve,EPE","37.0238973, -7.9281554",198154.0,52907.0,15709.0,0.0,266770.0
2018-09,2018/09/01,Região de Saúde do Centro,"Centro Hospitalar de Leiria, EPE","39.7414812, -8.7982706",112630.0,26106.0,9803.0,,148539.0
2018-09,2018/09/01,Região de Saúde do Centro,"Centro Hospitalar do Baixo Vouga, EPE","40.6362453, -8.6543716",95587.0,28072.0,5108.0,,128767.0
2018-09,2018/09/01,Região de Saúde LVT,"Centro Hospitalar Médio Tejo, EPE","39.478072, -8.5404429",87875.0,18561.0,2165.0,,108601.0
2018-09,2018/09/01,Região de Saúde LVT,"Hospital de Cascais, PPP","38.729006, -9.418267",70138.0,40138.0,11270.0,,121546.0
2018-09,2018/09/01,Região de Saúde LVT,"Hospital Distrital de Santarém, EPE","39.2410946, -8.6937515",65335.0,27286.0,5154.0,,97775.0
2018-09,2018/09/01,Região de Saúde Norte,"Centro Hospitalar Póvoa de Varzim/Vila do Conde, EPE","41.3828711, -8.7589945",56375.0,,,,56375.0
2018-09,2018/09/01,Região de Saúde Norte,"Unidade Local de Saúde do Alto Minho, EPE","41.7056054, -8.8252713",105342.0,14420.0,5360.0,,125122.0
2018-09,2018/09/01,Região de Saúde Norte,"Unidade Local de Saúde do Nordeste, EPE","41.8056532, -6.7888197",85236.0,,,,85236.0
2018-10,2018/10/01,Região de Saúde do Alentejo,"Unidade Local de Saúde do Litoral Alentejano, EPE","38.0162314, -8.6956768",80162.0,,,,80162.0
2018-10,2018/10/01,Região de Saúde do Alentejo,"Unidade Local de Saúde do Norte Alentejano, EPE","39.3003425, -7.4263845",68470.0,7018.0,1239.0,,76727.0
2018-10,2018/10/01,Região de Saúde do Centro,"Centro Hospitalar Tondela-Viseu, EPE","40.516364, -8.0827433",96606.0,27815.0,12801.0,,137222.0
2018-10,2018/10/01,Região de Saúde do Centro,"Unidade Local de Saúde da Guarda, EPE","40.5309916, -7.2734793",69827.0,11802.0,2385.0,0.0,84014.0
2018-10,2018/10/01,Região de Saúde LVT,"Centro Hospitalar do Oeste, EPE","39.4054629, -9.1258493",102473.0,37746.0,8519.0,,148738.0
2018-10,2018/10/01,Região de Saúde Norte,"Centro Hospitalar Universitário de São João, EPE","41.1831056, -8.6010558",140220.0,61405.0,12366.0,,213991.0
2018-10,2018/10/01,Região de Saúde Norte,"Centro Hospitalar do Médio Ave, EPE","41.3423984, -8.4802503",78961.0,27463.0,5938.0,,112362.0
2018-10,2018/10/01,Região de Saúde Norte,"Hospital de Braga, PPP","41.56785, -8.398982",128039.0,40665.0,13944.0,,182648.0
2018-10,2018/10/01,Região de Saúde Norte,"Hospital Santa Maria Maior, EPE","41.5324234, -8.6171561",41388.0,12623.0,,,54011.0
2018-10,2018/10/01,Região de Saúde Norte,"Unidade Local de Saúde de Matosinhos, EPE","41.1794456, -8.6745115",64682.0,,8604.0,,73286.0
2018-10,2018/10/01,Região de Saúde Norte,"Unidade Local de Saúde do Alto Minho, EPE","41.7056054, -8.8252713",116475.0,16049.0,5903.0,,138427.0
2018-11,2018/11/01,Região de Saúde do Centro,"Centro Hospitalar Tondela-Viseu, EPE","40.516364, -8.0827433",105401.0,30628.0,14037.0,,150066.0
2018-11,2018/11/01,Região de Saúde LVT,"Centro Hospitalar Barreiro/Montijo, EPE","38.6554005, -9.0592392",97143.0,31594.0,9571.0,,138308.0
2018-11,2018/11/01,Região de Saúde Norte,"Centro Hospitalar Entre Douro e Vouga, EPE","40.9293884, -8.5458794",155996.0,28166.0,8596.0,,192758.0
2018-12,2018/12/01,Região de Saúde do Centro,"Centro Hospitalar de Leiria, EPE","39.7414812, -8.7982706",148231.0,35426.0,12838.0,,196495.0
2018-12,2018/12/01,Região de Saúde do Centro,"Unidade Local de Saúde da Guarda, EPE","40.5309916, -7.2734793",82930.0,14095.0,3010.0,,100035.0
2018-12,2018/12/01,Região de Saúde LVT,"Hospital Garcia de Orta, EPE","38.6658713, -9.1822554",103527.0,47200.0,18312.0,,169039.0
2018-12,2018/12/01,Região de Saúde Norte,"Centro Hospitalar Universitário de São João, EPE","41.1831056, -8.6010558",166268.0,74044.0,14786.0,,255098.0
2018-12,2018/12/01,Região de Saúde Norte,"Centro Hospitalar Póvoa de Varzim/Vila do Conde, EPE","41.3828711, -8.7589945",74639.0,,,,74639.0
2018-12,2018/12/01,Região de Saúde Norte,"Centro Hospitalar Tâmega e Sousa, EPE","41.2494561, -8.264901",142373.0,34745.0,14326.0,,191444.0
2018-12,2018/12/01,Região de Saúde Norte,"Centro Hospitalar Trás-os-Montes e Alto Douro, EPE","41.3031784, -7.7515252",151158.0,26143.0,4916.0,,182217.0
2018-12,2018/12/01,Região de Saúde Norte,"Centro Hospitalar Vila Nova de Gaia/Espinho, EPE","41.1094138, -8.5972617",126187.0,39500.0,12081.0,,177768.0
2018-12,2018/12/01,Região de Saúde Norte,"Hospital da Senhora da Oliveira, Guimarães, EPE","41.4387173, -8.3086907",98811.0,29640.0,10234.0,,138685.0
2018-12,2018/12/01,Região de Saúde Norte,"Hospital Santa Maria Maior, EPE","41.5324234, -8.6171561",49157.0,15148.0,,,64305.0
2019-01,2019/01/01,Região de Saúde do Centro,"Centro Hospitalar de Leiria, EPE","39.7414812, -8.7982706",12043.0,3721.0,1096.0,,16860.0
2019-01,2019/01/01,Região de Saúde do Centro,"Centro Hospitalar e Universitário de Coimbra, EPE","40.2191523, -8.4098211",17600.0,6775.0,2258.0,,26633.0
2019-01,2019/01/01,Região de Saúde do Centro,"Hospital Distrital da Figueira da Foz, EPE","40.117897, -8.8586755",4787.0,1926.0,,,6713.0
2019-01,2019/01/01,Região de Saúde LVT,"Centro Hospitalar Universitário Lisboa Central, EPE","38.7166948, -9.1371248",11815.0,7549.0,1753.0,490.0,21607.0
2019-01,2019/01/01,Região de Saúde LVT,"Centro Hospitalar Universitário de Lisboa Norte, EPE","38.7500861, -9.1616116",15877.0,4214.0,1511.0,,21602.0
2019-01,2019/01/01,Região de Saúde LVT,"Hospital de Vila Franca de Xira, PPP","38.977235, -8.984506",7700.0,4538.0,821.0,,13059.0
2019-01,2019/01/01,Região de Saúde LVT,"Hospital Distrital de Santarém, EPE","39.2410946, -8.6937515",8491.0,2880.0,778.0,,12149.0
2019-01,2019/01/01,Região de Saúde LVT,"Hospital Garcia de Orta, EPE","38.6658713, -9.1822554",8857.0,4705.0,1501.0,,15063.0
2019-01,2019/01/01,Região de Saúde Norte,"Centro Hospitalar Trás-os-Montes e Alto Douro, EPE","41.3031784, -7.7515252",12701.0,2911.0,371.0,0.0,15983.0
2019-01,2019/01/01,Região de Saúde Norte,"Centro Hospitalar Vila Nova de Gaia/Espinho, EPE","41.1094138, -8.5972617",10670.0,4106.0,1072.0,,15848.0
2019-02,2019/02/01,Região de Saúde do Alentejo,"Unidade Local de Saúde do Litoral Alentejano, EPE","38.0162314, -8.6956768",16329.0,,,,16329.0
2019-02,2019/02/01,Região de Saúde do Algarve,"Centro Hospitalar Universitário do Algarve,EPE","37.0238973, -7.9281554",41004.0,13735.0,3255.0,0.0,57994.0
2019-02,2019/02/01,Região de Saúde LVT,"Centro Hospitalar Universitário Lisboa Central, EPE","38.7166948, -9.1371248",22506.0,14061.0,3333.0,986.0,40886.0
2019-02,2019/02/01,Região de Saúde LVT,"Centro Hospitalar de Setúbal, EPE","38.5283754, -8.8818638",14663.0,7594.0,2036.0,,24293.0
2019-02,2019/02/01,Região de Saúde LVT,"Centro Hospitalar do Oeste, EPE","39.4054629, -9.1258493",20330.0,9470.0,1622.0,,31422.0
2019-02,2019/02/01,Região de Saúde LVT,"Centro Hospitalar Médio Tejo, EPE","39.478072, -8.5404429",19619.0,5332.0,460.0,,25411.0
2019-02,2019/02/01,Região de Saúde LVT,"Hospital de Cascais, PPP","38.729006, -9.418267",14861.0,9674.0,2295.0,,26830.0
2019-02,2019/02/01,Região de Saúde Norte,"Centro Hospitalar Universitário de São João, EPE","41.1831056, -8.6010558",26080.0,14150.0,2320.0,,42550.0
2019-02,2019/02/01,Região de Saúde Norte,"Centro Hospitalar Trás-os-Montes e Alto Douro, EPE","41.3031784, -7.7515252",24899.0,5766.0,721.0,,31386.0
2019-02,2019/02/01,Região de Saúde Norte,"Hospital da Senhora da Oliveira, Guimarães, EPE","41.4387173, -8.3086907",16419.0,6364.0,1550.0,,24333.0
2019-02,2019/02/01,Região de Saúde Norte,"Unidade Local de Saúde do Alto Minho, EPE","41.7056054, -8.8252713",23061.0,4231.0,1013.0,,28305.0
2019-02,2019/02/01,Região de Saúde Norte,"Unidade Local de Saúde do Nordeste, EPE","41.8056532, -6.7888197",19853.0,,,,19853.0
2019-03,2019/03/01,Região de Saúde do Alentejo,"Unidade Local de Saúde do Baixo Alentejo, EPE","38.014123, -7.8721227",22874.0,5013.0,764.0,,28651.0
2019-03,2019/03/01,Região de Saúde do Alentejo,"Unidade Local de Saúde do Litoral Alentejano, EPE","38.0162314, -8.6956768",23733.0,,,,23733.0
2019-03,2019/03/01,Região de Saúde do Algarve,"Centro Hospitalar Universitário do Algarve,EPE","37.0238973, -7.9281554",62053.0,20138.0,4992.0,0.0,87183.0
2019-03,2019/03/01,Região de Saúde LVT,"Centro Hospitalar Barreiro/Montijo, EPE","38.6554005, -9.0592392",26979.0,10160.0,2615.0,,39754.0
2019-03,2019/03/01,Região de Saúde LVT,"Centro Hospitalar de Lisboa Ocidental, EPE","38.708454, -9.216985",28337.0,8942.0,3846.0,,41125.0
2019-03,2019/03/01,Região de Saúde LVT,"Centro Hospitalar do Oeste, EPE","39.4054629, -9.1258493",30273.0,13292.0,2481.0,,46046.0
2019-03,2019/03/01,Região de Saúde Norte,"Centro Hospitalar Tâmega e Sousa, EPE","41.2494561, -8.264901",34977.0,10608.0,3417.0,,49002.0
2019-03,2019/03/01,Região de Saúde Norte,"Centro Hospitalar Vila Nova de Gaia/Espinho, EPE","41.1094138, -8.5972617",31538.0,11686.0,2980.0,,46204.0
2019-04,2019/04/01,Região de Saúde do Alentejo,"Unidade Local de Saúde do Baixo Alentejo, EPE","38.014123, -7.8721227",29455.0,6183.0,1066.0,,36704.0
2019-04,2019/04/01,Região de Saúde do Alentejo,"Unidade Local de Saúde do Norte Alentejano, EPE","39.3003425, -7.4263845",27158.0,2772.0,448.0,,30378.0
2019-04,2019/04/01,Região de Saúde do Centro,"Centro Hospitalar Tondela-Viseu, EPE","40.516364, -8.0827433",35686.0,11375.0,5069.0,,52130.0
2019-04,2019/04/01,Região de Saúde LVT,"Centro Hospitalar Universitário Lisboa Central, EPE","38.7166948, -9.1371248",46087.0,26216.0,6976.0,2075.0,81354.0
2019-04,2019/04/01,Região de Saúde LVT,"Centro Hospitalar Universitário de Lisboa Norte, EPE","38.7500861, -9.1616116",60133.0,15380.0,5978.0,,81491.0
2019-04,2019/04/01,Região de Saúde LVT,"Hospital de Cascais, PPP","38.729006, -9.418267",30009.0,18298.0,4705.0,,53012.0
2019-04,2019/04/01,Região de Saúde LVT,"Hospital de Loures, PPP","38.821455, -9.176296",39669.0,21174.0,5764.0,,66607.0
2019-05,2019/05/01,Região de Saúde do Alentejo,"Hospital Espírito Santo de Évora, EPE","38.5684861, -7.9032848",22559.0,8953.0,,,31512.0
2019-05,2019/05/01,Região de Saúde do Alentejo,"Unidade Local de Saúde do Baixo Alentejo, EPE","38.014123, -7.8721227",36798.0,7571.0,1469.0,,45838.0
2019-05,2019/05/01,Região de Saúde do Alentejo,"Unidade Local de Saúde do Litoral Alentejano, EPE","38.0162314, -8.6956768",38516.0,,,,38516.0
2019-05,2019/05/01,Região de Saúde do Algarve,"Centro Hospitalar Universitário do Algarve,EPE","37.0238973, -7.9281554",104829.0,32058.0,8538.0,0.0,145425.0
2019-05,2019/05/01,Região de Saúde do Centro,"Centro Hospitalar de Leiria, EPE","39.7414812, -8.7982706",57073.0,14420.0,5225.0,,76718.0
2019-05,2019/05/01,Região de Saúde LVT,"Centro Hospitalar Barreiro/Montijo, EPE","38.6554005, -9.0592392",44958.0,16436.0,4454.0,,65848.0
2019-05,2019/05/01,Região de Saúde LVT,"Hospital de Vila Franca de Xira, PPP","38.977235, -8.984506",35766.0,19578.0,4182.0,,59526.0
2019-05,2019/05/01,Região de Saúde Norte,"Centro Hospitalar Entre Douro e Vouga, EPE","40.9293884, -8.5458794",71444.0,13733.0,3735.0,,88912.0
2019-05,2019/05/01,Região de Saúde Norte,"Centro Hospitalar Vila Nova de Gaia/Espinho, EPE","41.1094138, -8.5972617",53331.0,18361.0,5065.0,,76757.0
2019-05,2019/05/01,Região de Saúde Norte,"Unidade Local de Saúde de Matosinhos, EPE","41.1794456, -8.6745115",32572.0,,4330.0,,36902.0
2019-06,2019/06/01,Região de Saúde do Alentejo,"Unidade Local de Saúde do Norte Alentejano, EPE","39.3003425, -7.4263845",40456.0,4191.0,639.0,,45286.0
2019-06,2019/06/01,Região de Saúde LVT,"Centro Hospitalar do Oeste, EPE","39.4054629, -9.1258493",59664.0,23934.0,4946.0,,88544.0
2019-06,2019/06/01,Região de Saúde LVT,"Centro Hospitalar Médio Tejo, EPE","39.478072, -8.5404429",57849.0,14537.0,1378.0,,73764.0
2019-06,2019/06/01,Região de Saúde LVT,"Hospital de Vila Franca de Xira, PPP","38.977235, -8.984506",42843.0,22832.0,5000.0,,70675.0
2019-06,2019/06/01,Região de Saúde LVT,"Hospital Garcia de Orta, EPE","38.6658713, -9.1822554",50931.0,22517.0,8644.0,,82092.0
2019-06,2019/06/01,Região de Saúde Norte,"Hospital da Senhora da Oliveira, Guimarães, EPE","41.4387173, -8.3086907",49143.0,15401.0,4896.0,,69440.0
2019-07,2019/07/01,Região de Saúde do Alentejo,"Unidade Local de Saúde do Baixo Alentejo, EPE","38.014123, -7.8721227",50342.0,9811.0,2169.0,,62322.0
2019-07,2019/07/01,Região de Saúde do Alentejo,"Unidade Local de Saúde do Norte Alentejano, EPE","39.3003425, -7.4263845",47385.0,4833.0,727.0,,52945.0
2019-07,2019/07/01,Região de Saúde LVT,"Centro Hospitalar de Setúbal, EPE","38.5283754, -8.8818638",53471.0,23533.0,7889.0,,84893.0
2019-07,2019/07/01,Região de Saúde LVT,"Hospital de Cascais, PPP","38.729006, -9.418267",53227.0,30552.0,8487.0,,92266.0
2019-07,2019/07/01,Região de Saúde LVT,"Hospital de Loures, PPP","38.821455, -9.176296",70326.0,34956.0,10518.0,,115800.0
2019-07,2019/07/01,Região de Saúde LVT,"Hospital Distrital de Santarém, EPE","39.2410946, -8.6937515",50210.0,22024.0,4637.0,,76871.0
2019-07,2019/07/01,Região de Saúde Norte,"Centro Hospitalar do Médio Ave, EPE","41.3423984, -8.4802503",54031.0,19533.0,4292.0,,77856.0
2019-07,2019/07/01,Região de Saúde Norte,"Hospital Santa Maria Maior, EPE","41.5324234, -8.6171561",28604.0,8239.0,,,36843.0
2019-07,2019/07/01,Região de Saúde Norte,"Unidade Local de Saúde do Nordeste, EPE","41.8056532, -6.7888197",64664.0,,,,64664.0
2019-08,2019/08/01,Região de Saúde do Alentejo,"Hospital Espírito Santo de Évora, EPE","38.5684861, -7.9032848",36303.0,13070.0,,,49373.0
2019-08,2019/08/01,Região de Saúde do Centro,"Hospital Distrital da Figueira da Foz, EPE","40.117897, -8.8586755",36729.0,12352.0,,,49081.0
2019-08,2019/08/01,Região de Saúde Norte,"Centro Hospitalar Universitário do Porto, EPE","41.1472498, -8.6172617",86491.0,,15345.0,,101836.0
2019-08,2019/08/01,Região de Saúde Norte,"Hospital de Braga, PPP","41.56785, -8.398982",104621.0,31895.0,11296.0,,147812.0
2019-08,2019/08/01,Região de Saúde Norte,"Hospital Santa Maria Maior, EPE","41.5324234, -8.6171561",32795.0,9032.0,,,41827.0
2019-09,2019/09/01,Região de Saúde do Alentejo,"Hospital Espírito Santo de Évora, EPE","38.5684861, -7.9032848",40911.0,14508.0,,,55419.0
2019-09,2019/09/01,Região de Saúde do Algarve,"Centro Hospitalar Universitário do Algarve,EPE","37.0238973, -7.9281554",203344.0,54733.0,16501.0,0.0,274578.0
2019-09,2019/09/01,Região de Saúde do Centro,"Centro Hospitalar e Universitário de Coimbra, EPE","40.2191523, -8.4098211",156727.0,46401.0,18938.0,,222066.0
2019-09,2019/09/01,Região de Saúde do Centro,"Hospital Distrital da Figueira da Foz, EPE","40.117897, -8.8586755",41463.0,13628.0,,,55091.0
2019-09,2019/09/01,Região de Saúde do Centro,"Unidade Local de Saúde de Castelo Branco, EPE","39.8212263, -7.4981271",39432.0,7788.0,1237.0,,48457.0
2019-09,2019/09/01,Região de Saúde LVT,"Centro Hospitalar de Setúbal, EPE","38.5283754, -8.8818638",69485.0,28963.0,10464.0,,108912.0
2019-09,2019/09/01,Região de Saúde LVT,"Centro Hospitalar do Oeste, EPE","39.4054629, -9.1258493",91983.0,33100.0,8026.0,,133109.0
2019-09,2019/09/01,Região de Saúde Norte,"Centro Hospitalar Trás-os-Montes e Alto Douro, EPE","41.3031784, -7.7515252",113019.0,20210.0,3577.0,,136806.0
2019-10,2019/10/01,Região de Saúde do Alentejo,"Hospital Espírito Santo de Évora, EPE","38.5684861, -7.9032848",45702.0,16352.0,,,62054.0
2019-10,2019/10/01,Região de Saúde do Alentejo,"Unidade Local de Saúde do Norte Alentejano, EPE","39.3003425, -7.4263845",67812.0,6760.0,1098.0,,75670.0
2019-10,2019/10/01,Região de Saúde do Centro,"Centro Hospitalar Universitário Cova da Beira, EPE","40.2804158, -7.4922407",42865.0,12794.0,2951.0,,58610.0
2019-10,2019/10/01,Região de Saúde do Centro,"Hospital Distrital da Figueira da Foz, EPE","40.117897, -8.8586755",45972.0,15359.0,,,61331.0
2019-10,2019/10/01,Região de Saúde LVT,"Centro Hospitalar de Lisboa Ocidental, EPE","38.708454, -9.216985",95029.0,26084.0,13237.0,,134350.0
2019-10,2019/10/01,Região de Saúde LVT,"Centro Hospitalar Médio Tejo, EPE","39.478072, -8.5404429",97999.0,22456.0,2542.0,,122997.0
2019-10,2019/10/01,Região de Saúde Norte,"Hospital da Senhora da Oliveira, Guimarães, EPE","41.4387173, -8.3086907",83133.0,23846.0,8708.0,,115687.0
2019-10,2019/10/01,Região de Saúde Norte,"Hospital de Braga, EPE","41.56785, -8.398982",130792.0,39954.0,14235.0,,184981.0
2019-10,2019/10/01,Região de Saúde Norte,"Unidade Local de Saúde do Alto Minho, EPE","41.7056054, -8.8252713",117171.0,16013.0,5631.0,,138815.0
2019-11,2019/11/01,Região de Saúde do Alentejo,"Hospital Espírito Santo de Évora, EPE","38.5684861, -7.9032848",50046.0,18011.0,,,68057.0
2019-11,2019/11/01,Região de Saúde do Centro,"Centro Hospitalar Tondela-Viseu, EPE","40.516364, -8.0827433",102573.0,29957.0,14606.0,,147136.0
2019-11,2019/11/01,Região de Saúde do Centro,"Unidade Local de Saúde de Castelo Branco, EPE","39.8212263, -7.4981271",48528.0,10101.0,1473.0,,60102.0
2019-11,2019/11/01,Região de Saúde LVT,"Centro Hospitalar de Setúbal, EPE","38.5283754, -8.8818638",84514.0,36600.0,12801.0,,133915.0
2019-11,2019/11/01,Região de Saúde LVT,"Centro Hospitalar Universitário de Lisboa Norte, EPE","38.7500861, -9.1616116",170836.0,41361.0,17369.0,,229566.0
2019-11,2019/11/01,Região de Saúde Norte,"Centro Hospitalar do Médio Ave, EPE","41.3423984, -8.4802503",84104.0,29882.0,6810.0,,120796.0
2019-11,2019/11/01,Região de Saúde Norte,"Centro Hospitalar Entre Douro e Vouga, EPE","40.9293884, -8.5458794",159493.0,28605.0,8616.0,,196714.0
2019-12,2019/12/01,Região de Saúde do Centro,"Hospital Distrital da Figueira da Foz, EPE","40.117897, -8.8586755",54630.0,19305.0,,,73935.0
2019-12,2019/12/01,Região de Saúde LVT,"Centro Hospitalar Barreiro/Montijo, EPE","38.6554005, -9.0592392",109263.0,38393.0,11265.0,,158921.0
2019-12,2019/12/01,Região de Saúde LVT,"Centro Hospitalar Universitário Lisboa Central, EPE","38.7166948, -9.1371248",142145.0,77635.0,21344.0,6533.0,247657.0
2019-12,2019/12/01,Região de Saúde LVT,"Hospital de Cascais, PPP","38.729006, -9.418267",92747.0,53424.0,14851.0,,161022.0
2019-12,2019/12/01,Região de Saúde LVT,"Hospital Professor Doutor Fernando Fonseca, EPE","38.7422257, -9.2264834",181628.0,58485.0,22113.0,,262226.0
2019-12,2019/12/01,Região de Saúde Norte,"Centro Hospitalar Vila Nova de Gaia/Espinho, EPE","41.1094138, -8.5972617",130179.0,43035.0,12660.0,,185874.0
2019-12,2019/12/01,Região de Saúde Norte,"Hospital da Senhora da Oliveira, Guimarães, EPE","41.4387173, -8.3086907",98991.0,30270.0,10514.0,,139775.0
2019-12,2019/12/01,Região de Saúde Norte,"Unidade Local de Saúde do Nordeste, EPE","41.8056532, -6.7888197",112108.0,,,,112108.0
2020-01,2020/01/01,Região de Saúde do Alentejo,"Unidade Local de Saúde do Baixo Alentejo, EPE","38.014123, -7.8721227",8149.0,1826.0,403.0,,10378.0
2020-01,2020/01/01,Região de Saúde do Algarve,"Centro Hospitalar Universitário do Algarve,EPE","37.0238973, -7.9281554",22920.0,7738.0,1750.0,0.0,32408.0
2020-01,2020/01/01,Região de Saúde LVT,"Centro Hospitalar de Setúbal, EPE","38.5283754, -8.8818638",7544.0,3913.0,1168.0,,12625.0
2020-01,2020/01/01,Região de Saúde LVT,"Centro Hospitalar Médio Tejo, EPE","39.478072, -8.5404429",9827.0,2526.0,295.0,,12648.0
2020-01,2020/01/01,Região de Saúde LVT,"Hospital de Loures, PPP","38.821455, -9.176296",10112.0,5664.0,1607.0,,17383.0
2020-01,2020/01/01,Região de Saúde LVT,"Hospital Distrital de Santarém, EPE","39.2410946, -8.6937515",7890.0,3852.0,676.0,,12418.0
2020-01,2020/01/01,Região de Saúde Norte,"Centro Hospitalar do Médio Ave, EPE","41.3423984, -8.4802503",8017.0,2999.0,567.0,,11583.0
2020-01,2020/01/01,Região de Saúde Norte,"Hospital Santa Maria Maior, EPE","41.5324234, -8.6171561",4315.0,1570.0,,,5885.0
2020-02,2020/02/01,Região de Saúde do Alentejo,"Unidade Local de Saúde do Litoral Alentejano, EPE","38.0162314, -8.6956768",16505.0,,,,16505.0
2020-02,2020/02/01,Região de Saúde do Centro,"Centro Hospitalar do Baixo Vouga, EPE","40.6362453, -8.6543716",21207.0,7175.0,1192.0,,29574.0
2020-02,2020/02/01,Região de Saúde do Centro,"Unidade Local de Saúde da Guarda, EPE","40.5309916, -7.2734793",13225.0,2892.0,724.0,,16841.0
2020-02,2020/02/01,Região de Saúde LVT,"Centro Hospitalar de Lisboa Ocidental, EPE","38.708454, -9.216985",19621.0,6451.0,2435.0,,28507.0
2020-02,2020/02/01,Região de Saúde LVT,"Centro Hospitalar Universitário de Lisboa Norte, EPE","38.7500861, -9.1616116",30871.0,8782.0,3040.0,,42693.0
2020-02,2020/02/01,Região de Saúde LVT,"Hospital Distrital de Santarém, EPE","39.2410946, -8.6937515",15104.0,7206.0,1337.0,,23647.0
2020-02,2020/02/01,Região de Saúde LVT,"Hospital Professor Doutor Fernando Fonseca, EPE","38.7422257, -9.2264834",30325.0,10816.0,3491.0,,44632.0
2020-02,2020/02/01,Região de Saúde Norte,"Centro Hospitalar Póvoa de Varzim/Vila do Conde, EPE","41.3828711, -8.7589945",12664.0,,,,12664.0
2020-02,2020/02/01,Região de Saúde Norte,"Hospital Santa Maria Maior, EPE","41.5324234, -8.6171561",8338.0,2977.0,,,11315.0
2020-03,2020/03/01,Região de Saúde do Alentejo,"Unidade Local de Saúde do Baixo Alentejo, EPE","38.014123, -7.8721227",20455.0,4016.0,1099.0,,25570.0
2020-03,2020/03/01,Região de Saúde do Alentejo,"Unidade Local de Saúde do Litoral Alentejano, EPE","38.0162314, -8.6956768",21569.0,,,,21569.0
2020-03,2020/03/01,Região de Saúde do Centro,"Centro Hospitalar de Leiria, EPE","39.7414812, -8.7982706",31317.0,7347.0,2857.0,,41521.0
2020-03,2020/03/01,Região de Saúde LVT,"Centro Hospitalar do Oeste, EPE","39.4054629, -9.1258493",27033.0,10895.0,2340.0,,40268.0
2020-03,2020/03/01,Região de Saúde Norte,"Centro Hospitalar Universitário do Porto, EPE","41.1472498, -8.6172617",28954.0,,5089.0,,34043.0
2020-03,2020/03/01,Região de Saúde Norte,"Centro Hospitalar Trás-os-Montes e Alto Douro, EPE","41.3031784, -7.7515252",32751.0,6655.0,1072.0,,40478.0
2020-03,2020/03/01,Região de Saúde Norte,"Centro Hospitalar Vila Nova de Gaia/Espinho, EPE","41.1094138, -8.5972617",28416.0,9143.0,2757.0,,40316.0
2020-04,2020/04/01,Região de Saúde do Alentejo,"Hospital Espírito Santo de Évora, EPE","38.5684861, -7.9032848",14370.0,4916.0,,,19286.0
2020-04,2020/04/01,Região de Saúde LVT,"Centro Hospitalar Barreiro/Montijo, EPE","38.6554005, -9.0592392",29835.0,9859.0,2881.0,,42575.0
2020-04,2020/04/01,Região de Saúde Norte,"Centro Hospitalar Universitário de São João, EPE","41.1831056, -8.6010558",47206.0,18940.0,3662.0,,69808.0
2020-04,2020/04/01,Região de Saúde Norte,"Centro Hospitalar Entre Douro e Vouga, EPE","40.9293884, -8.5458794",45968.0,7628.0,2446.0,,56042.0
2020-04,2020/04/01,Região de Saúde Norte,"Centro Hospitalar Póvoa de Varzim/Vila do Conde, EPE","41.3828711, -8.7589945",19330.0,,,,19330.0
2020-04,2020/04/01,Região de Saúde Norte,"Centro Hospitalar Vila Nova de Gaia/Espinho, EPE","41.1094138, -8.5972617",35360.0,9881.0,3377.0,,48618.0
2020-04,2020/04/01,Região de Saúde Norte,"Unidade Local de Saúde de Matosinhos, EPE","41.1794456, -8.6745115",23152.0,,2918.0,,26070.0
2020-05,2020/05/01,Região de Saúde do Centro,"Centro Hospitalar de Leiria, EPE","39.7414812, -8.7982706",44973.0,8679.0,4245.0,,57897.0
2020-05,2020/05/01,Região de Saúde LVT,"Hospital de Loures, PPP","38.821455, -9.176296",38681.0,15774.0,5911.0,,60366.0
2020-05,2020/05/01,Região de Saúde LVT,"Hospital Garcia de Orta, EPE","38.6658713, -9.1822554",35154.0,8705.0,6107.0,,49966.0
2020-05,2020/05/01,Região de Saúde Norte,"Centro Hospitalar do Médio Ave, EPE","41.3423984, -8.4802503",30311.0,8407.0,2266.0,,40984.0
2020-05,2020/05/01,Região de Saúde Norte,"Centro Hospitalar Universitário do Porto, EPE","41.1472498, -8.6172617",44919.0,,8290.0,,53209.0
2020-05,2020/05/01,Região de Saúde Norte,"Centro Hospitalar Trás-os-Montes e Alto Douro, EPE","41.3031784, -7.7515252",46152.0,7749.0,1762.0,,55663.0
2020-05,2020/05/01,Região de Saúde Norte,"Centro Hospitalar Vila Nova de Gaia/Espinho, EPE","41.1094138, -8.5972617",43489.0,10793.0,4101.0,,58383.0
2020-05,2020/05/01,Região de Saúde Norte,"Hospital Santa Maria Maior, EPE","41.5324234, -8.6171561",16091.0,3844.0,,,19935.0
2020-05,2020/05/01,Região de Saúde Norte,"Unidade Local de Saúde de Matosinhos, EPE","41.1794456, -8.6745115",28171.0,,3428.0,,31599.0
2020-06,2020/06/01,Região de Saúde do Centro,"Centro Hospitalar Universitário Cova da Beira, EPE","40.2804158, -7.4922407",19057.0,4186.0,1458.0,,24701.0
2020-06,2020/06/01,Região de Saúde do Centro,"Centro Hospitalar Tondela-Viseu, EPE","40.516364, -8.0827433",43347.0,10014.0,6520.0,,59881.0
2020-06,2020/06/01,Região de Saúde LVT,"Centro Hospitalar Universitário de Lisboa Norte, EPE","38.7500861, -9.1616116",67144.0,14045.0,6855.0,,88044.0
2020-06,2020/06/01,Região de Saúde LVT,"Hospital de Cascais, PPP","38.729006, -9.418267",35143.0,15002.0,5388.0,,55533.0
2020-06,2020/06/01,Região de Saúde Norte,"Hospital Santa Maria Maior, EPE","41.5324234, -8.6171561",19215.0,4058.0,,,23273.0
2020-07,2020/07/01,Região de Saúde do Alentejo,"Unidade Local de Saúde do Norte Alentejano, EPE","39.3003425, -7.4263845",34700.0,3156.0,790.0,,38646.0
2020-07,2020/07/01,Região de Saúde do Centro,"Centro Hospitalar de Leiria, EPE","39.7414812, -8.7982706",62355.0,10889.0,5970.0,,79214.0
2020-07,2020/07/01,Região de Saúde do Centro,"Centro Hospitalar do Baixo Vouga, EPE","40.6362453, -8.6543716",56264.0,11510.0,3403.0,,71177.0
2020-07,2020/07/01,Região de Saúde LVT,"Centro Hospitalar Barreiro/Montijo, EPE","38.6554005, -9.0592392",49232.0,13010.0,4787.0,,67029.0
2020-07,2020/07/01,Região de Saúde LVT,"Centro Hospitalar do Oeste, EPE","39.4054629, -9.1258493",51612.0,14763.0,4557.0,,70932.0
2020-07,2020/07/01,Região de Saúde LVT,"Hospital de Cascais, PPP","38.729006, -9.418267",41038.0,16783.0,6354.0,,64175.0
2020-07,2020/07/01,Região de Saúde Norte,"Hospital da Senhora da Oliveira, Guimarães, EPE","41.4387173, -8.3086907",44022.0,9286.0,4870.0,,58178.0
2020-07,2020/07/01,Região de Saúde Norte,"Hospital Santa Maria Maior, EPE","41.5324234, -8.6171561",22789.0,4397.0,,,27186.0
2020-07,2020/07/01,Região de Saúde Norte,"Unidade Local de Saúde do Alto Minho, EPE","41.7056054, -8.8252713",57040.0,6426.0,2758.0,,66224.0
2020-07,2020/07/01,Região de Saúde Norte,"Unidade Local de Saúde do Nordeste, EPE","41.8056532, -6.7888197",46829.0,,,,46829.0
2020-08,2020/08/01,Região de Saúde do Alentejo,"Unidade Local de Saúde do Litoral Alentejano, EPE","38.0162314, -8.6956768",46942.0,,,,46942.0
2020-08,2020/08/01,Região de Saúde do Algarve,"Centro Hospitalar Universitário do Algarve,EPE","37.0238973, -7.9281554",134690.0,29807.0,11925.0,0.0,176422.0
2020-08,2020/08/01,Região de Saúde do Centro,"Centro Hospitalar Tondela-Viseu, EPE","40.516364, -8.0827433",60237.0,12698.0,8887.0,,81822.0
2020-08,2020/08/01,Região de Saúde LVT,"Centro Hospitalar de Lisboa Ocidental, EPE","38.708454, -9.216985",56880.0,11842.0,7902.0,,76624.0
2020-08,2020/08/01,Região de Saúde LVT,"Centro Hospitalar Universitário de Lisboa Norte, EPE","38.7500861, -9.1616116",88791.0,17364.0,9318.0,,115473.0
2020-08,2020/08/01,Região de Saúde LVT,"Hospital de Loures, PPP","38.821455, -9.176296",58725.0,20185.0,8857.0,,87767.0
2020-08,2020/08/01,Região de Saúde LVT,"Hospital de Vila Franca de Xira, PPP","38.977235, -8.984506",47171.0,17144.0,5640.0,,69955.0
2020-09,2020/09/01,Região de Saúde do Alentejo,"Hospital Espírito Santo de Évora, EPE","38.5684861, -7.9032848",32546.0,8361.0,,,40907.0
2020-09,2020/09/01,Região de Saúde do Centro,"Centro Hospitalar do Baixo Vouga, EPE","40.6362453, -8.6543716",72940.0,14658.0,4470.0,,92068.0
2020-09,2020/09/01,Região de Saúde do Centro,"Centro Hospitalar Tondela-Viseu, EPE","40.516364, -8.0827433",67864.0,14127.0,10120.0,,92111.0
2020-09,2020/09/01,Região de Saúde do Centro,"Hospital Distrital da Figueira da Foz, EPE","40.117897, -8.8586755",32518.0,7682.0,,,40200.0
2020-09,2020/09/01,Região de Saúde LVT,"Centro Hospitalar Barreiro/Montijo, EPE","38.6554005, -9.0592392",63143.0,15898.0,6228.0,,85269.0
2020-09,2020/09/01,Região de Saúde LVT,"Centro Hospitalar do Oeste, EPE","39.4054629, -9.1258493",66818.0,17731.0,5937.0,,90486.0
2020-09,2020/09/01,Região de Saúde Norte,"Centro Hospitalar do Médio Ave, EPE","41.3423984, -8.4802503",55543.0,12973.0,4310.0,,72826.0
2020-09,2020/09/01,Região de Saúde Norte,"Centro Hospitalar Trás-os-Montes e Alto Douro, EPE","41.3031784, -7.7515252",84251.0,11559.0,4142.0,,99952.0
2020-09,2020/09/01,Região de Saúde Norte,"Hospital da Senhora da Oliveira, Guimarães, EPE","41.4387173, -8.3086907",57233.0,11408.0,6441.0,,75082.0
2020-09,2020/09/01,Região de Saúde Norte,"Unidade Local de Saúde do Alto Minho, EPE","41.7056054, -8.8252713",74186.0,7866.0,3758.0,,85810.0
2020-10,2020/10/01,Região de Saúde do Alentejo,"Hospital Espírito Santo de Évora, EPE","38.5684861, -7.9032848",36252.0,9313.0,,,45565.0
2020-10,2020/10/01,Região de Saúde do Centro,"Hospital Distrital da Figueira da Foz, EPE","40.117897, -8.8586755",35959.0,8615.0,,,44574.0
2020-10,2020/10/01,Região de Saúde LVT,"Centro Hospitalar Barreiro/Montijo, EPE","38.6554005, -9.0592392",69814.0,17832.0,6929.0,,94575.0
2020-10,2020/10/01,Região de Saúde LVT,"Centro Hospitalar Universitário Lisboa Central, EPE","38.7166948, -9.1371248",86039.0,40025.0,14476.0,4654.0,145194.0
2020-10,2020/10/01,Região de Saúde LVT,"Hospital de Loures, PPP","38.821455, -9.176296",72289.0,25082.0,10992.0,,108363.0
2020-11,2020/11/01,Região de Saúde do Alentejo,"Hospital Espírito Santo de Évora, EPE","38.5684861, -7.9032848",39510.0,10059.0,,,49569.0
2020-11,2020/11/01,Região de Saúde do Alentejo,"Unidade Local de Saúde do Baixo Alentejo, EPE","38.014123, -7.8721227",56425.0,8171.0,2961.0,,67557.0
2020-11,2020/11/01,Região de Saúde do Alentejo,"Unidade Local de Saúde do Norte Alentejano, EPE","39.3003425, -7.4263845",52746.0,4476.0,1259.0,,58481.0
2020-11,2020/11/01,Região de Saúde do Centro,"Centro Hospitalar do Baixo Vouga, EPE","40.6362453, -8.6543716",88694.0,18479.0,5399.0,,112572.0
2020-11,2020/11/01,Região de Saúde do Centro,"Centro Hospitalar Tondela-Viseu, EPE","40.516364, -8.0827433",81724.0,17177.0,12372.0,,111273.0
2020-11,2020/11/01,Região de Saúde LVT,"Centro Hospitalar Universitário Lisboa Central, EPE","38.7166948, -9.1371248",93469.0,43891.0,15761.0,5068.0,158189.0
2020-11,2020/11/01,Região de Saúde LVT,"Centro Hospitalar de Setúbal, EPE","38.5283754, -8.8818638",63945.0,20519.0,9491.0,,93955.0
2020-11,2020/11/01,Região de Saúde LVT,"Hospital de Cascais, PPP","38.729006, -9.418267",64370.0,25798.0,10375.0,,100543.0
2020-11,2020/11/01,Região de Saúde LVT,"Hospital de Vila Franca de Xira, PPP","38.977235, -8.984506",62932.0,22863.0,7660.0,,93455.0
2020-11,2020/11/01,Região de Saúde LVT,"Hospital Professor Doutor Fernando Fonseca, EPE","38.7422257, -9.2264834",125787.0,27419.0,14424.0,,167630.0
2020-11,2020/11/01,Região de Saúde Norte,"Centro Hospitalar Universitário do Porto, EPE","41.1472498, -8.6172617",96692.0,,18361.0,,115053.0
2020-11,2020/11/01,Região de Saúde Norte,"Hospital da Senhora da Oliveira, Guimarães, EPE","41.4387173, -8.3086907",70786.0,13785.0,7720.0,,92291.0
2020-11,2020/11/01,Região de Saúde Norte,"Hospital de Braga, EPE","41.56785, -8.398982",112779.0,25311.0,11126.0,,149216.0
2020-12,2020/12/01,Região de Saúde do Alentejo,"Hospital Espírito Santo de Évora, EPE","38.5684861, -7.9032848",43177.0,10738.0,,,53915.0
2020-12,2020/12/01,Região de Saúde do Centro,"Centro Hospitalar Tondela-Viseu, EPE","40.516364, -8.0827433",88947.0,18352.0,13420.0,,120719.0
2020-12,2020/12/01,Região de Saúde LVT,"Centro Hospitalar Barreiro/Montijo, EPE","38.6554005, -9.0592392",82146.0,20757.0,8093.0,,110996.0
2020-12,2020/12/01,Região de Saúde LVT,"Hospital Distrital de Santarém, EPE","39.2410946, -8.6937515",61941.0,16260.0,6717.0,,84918.0
2020-12,2020/12/01,Região de Saúde Norte,"Hospital Santa Maria Maior, EPE","41.5324234, -8.6171561",39546.0,6046.0,,,45592.0
2020-12,2020/12/01,Região de Saúde Norte,"Unidade Local de Saúde do Alto Minho, EPE","41.7056054, -8.8252713",95260.0,9863.0,4993.0,,110116.0
2021-01,2021/01/01,Região de Saúde do Alentejo,"Unidade Local de Saúde do Baixo Alentejo, EPE","38.014123, -7.8721227",4695.0,902.0,246.0,,5843.0
2021-01,2021/01/01,Região de Saúde do Alentejo,"Unidade Local de Saúde do Litoral Alentejano, EPE","38.0162314, -8.6956768",4810.0,,,,4810.0
2021-01,2021/01/01,Região de Saúde do Centro,"Centro Hospitalar Universitário Cova da Beira, EPE","40.2804158, -7.4922407",2954.0,379.0,180.0,,3513.0
2021-01,2021/01/01,Região de Saúde LVT,"Centro Hospitalar Universitário de Lisboa Norte, EPE","38.7500861, -9.1616116",8508.0,1487.0,1051.0,,11046.0
2021-01,2021/01/01,Região de Saúde LVT,"Centro Hospitalar Médio Tejo, EPE","39.478072, -8.5404429",6480.0,916.0,211.0,,7607.0
2021-01,2021/01/01,Região de Saúde LVT,"Hospital Distrital de Santarém, EPE","39.2410946, -8.6937515",4585.0,833.0,436.0,,5854.0
2021-01,2021/01/01,Região de Saúde LVT,"Hospital Professor Doutor Fernando Fonseca, EPE","38.7422257, -9.2264834",10263.0,1834.0,1090.0,,13187.0
2021-01,2021/01/01,Região de Saúde Norte,"Centro Hospitalar do Médio Ave, EPE","41.3423984, -8.4802503",5754.0,974.0,383.0,,7111.0
2021-01,2021/01/01,Região de Saúde Norte,"Centro Hospitalar Universitário do Porto, EPE","41.1472498, -8.6172617",7190.0,,1301.0,,8491.0
2021-01,2021/01/01,Região de Saúde Norte,"Centro Hospitalar Póvoa de Varzim/Vila do Conde, EPE","41.3828711, -8.7589945",4114.0,,,,4114.0
2021-02,2021/02/01,Região de Saúde do Alentejo,"Unidade Local de Saúde do Baixo Alentejo, EPE","38.014123, -7.8721227",8150.0,1288.0,512.0,,9950.0
2021-02,2021/02/01,Região de Saúde do Alentejo,"Unidade Local de Saúde do Norte Alentejano, EPE","39.3003425, -7.4263845",7036.0,400.0,190.0,,7626.0
2021-02,2021/02/01,Região de Saúde do Centro,"Centro Hospitalar Universitário Cova da Beira, EPE","40.2804158, -7.4922407",5341.0,598.0,390.0,,6329.0
2021-02,2021/02/01,Região de Saúde do Centro,"Hospital Distrital da Figueira da Foz, EPE","40.117897, -8.8586755",5773.0,868.0,,,6641.0
2021-02,2021/02/01,Região de Saúde LVT,"Centro Hospitalar Universitário Lisboa Central, EPE","38.7166948, -9.1371248",13735.0,5361.0,2337.0,652.0,22085.0
2021-02,2021/02/01,Região de Saúde LVT,"Centro Hospitalar de Lisboa Ocidental, EPE","38.708454, -9.216985",10456.0,1794.0,1582.0,,13832.0
2021-02,2021/02/01,Região de Saúde LVT,"Centro Hospitalar do Oeste, EPE","39.4054629, -9.1258493",10078.0,1775.0,1019.0,,12872.0
2021-02,2021/02/01,Região de Saúde LVT,"Centro Hospitalar Universitário de Lisboa Norte, EPE","38.7500861, -9.1616116",14428.0,2309.0,2023.0,,18760.0
2021-02,2021/02/01,Região de Saúde LVT,"Hospital de Cascais, PPP","38.729006, -9.418267",7912.0,2447.0,1372.0,,11731.0
2021-02,2021/02/01,Região de Saúde LVT,"Hospital de Vila Franca de Xira, PPP","38.977235, -8.984506",9065.0,2114.0,1001.0,,12180.0
2021-02,2021/02/01,Região de Saúde LVT,"Hospital Professor Doutor Fernando Fonseca, EPE","38.7422257, -9.2264834",18927.0,2809.0,2084.0,,23820.0
2021-02,2021/02/01,Região de Saúde Norte,"Centro Hospitalar Universitário de São João, EPE","41.1831056, -8.6010558",18834.0,5066.0,1544.0,,25444.0
2021-02,2021/02/01,Região de Saúde Norte,"Centro Hospitalar Universitário do Porto, EPE","41.1472498, -8.6172617",13158.0,,2523.0,,15681.0
2021-02,2021/02/01,Região de Saúde Norte,"Hospital da Senhora da Oliveira, Guimarães, EPE","41.4387173, -8.3086907",10254.0,1343.0,1159.0,,12756.0
2021-03,2021/03/01,Região de Saúde do Centro,"Unidade Local de Saúde da Guarda, EPE","40.5309916, -7.2734793",11917.0,1925.0,804.0,,14646.0
2021-03,2021/03/01,Região de Saúde LVT,"Centro Hospitalar Universitário Lisboa Central, EPE","38.7166948, -9.1371248",21343.0,8056.0,3740.0,1090.0,34229.0
2021-03,2021/03/01,Região de Saúde LVT,"Centro Hospitalar de Lisboa Ocidental, EPE","38.708454, -9.216985",15914.0,2763.0,2472.0,,21149.0
2021-03,2021/03/01,Região de Saúde LVT,"Centro Hospitalar do Oeste, EPE","39.4054629, -9.1258493",16604.0,2854.0,1674.0,,21132.0
2021-03,2021/03/01,Região de Saúde LVT,"Centro Hospitalar Universitário de Lisboa Norte, EPE","38.7500861, -9.1616116",22873.0,3693.0,3143.0,,29709.0
2021-03,2021/03/01,Região de Saúde LVT,"Centro Hospitalar Médio Tejo, EPE","39.478072, -8.5404429",17881.0,2148.0,676.0,,20705.0
2021-03,2021/03/01,Região de Saúde Norte,"Centro Hospitalar Entre Douro e Vouga, EPE","40.9293884, -8.5458794",26617.0,2315.0,1533.0,,30465.0
2021-03,2021/03/01,Região de Saúde Norte,"Centro Hospitalar Póvoa de Varzim/Vila do Conde, EPE","41.3828711, -8.7589945",10643.0,,,,10643.0
2021-03,2021/03/01,Região de Saúde Norte,"Centro Hospitalar Vila Nova de Gaia/Espinho, EPE","41.1094138, -8.5972617",23110.0,3644.0,2179.0,,28933.0
2021-03,2021/03/01,Região de Saúde Norte,"Unidade Local de Saúde de Matosinhos, EPE","41.1794456, -8.6745115",14184.0,,1836.0,,16020.0
2021-03,2021/03/01,Região de Saúde Norte,"Unidade Local de Saúde do Nordeste, EPE","41.8056532, -6.7888197",15606.0,,,,15606.0
2021-04,2021/04/01,Região de Saúde do Centro,"Centro Hospitalar Universitário Cova da Beira, EPE","40.2804158, -7.4922407",11607.0,1601.0,874.0,,14082.0
2021-04,2021/04/01,Região de Saúde do Centro,"Centro Hospitalar do Baixo Vouga, EPE","40.6362453, -8.6543716",29097.0,5018.0,1851.0,,35966.0
2021-04,2021/04/01,Região de Saúde do Centro,"Hospital Distrital da Figueira da Foz, EPE","40.117897, -8.8586755",12735.0,2305.0,,,15040.0
2021-04,2021/04/01,Região de Saúde LVT,"Centro Hospitalar Médio Tejo, EPE","39.478072, -8.5404429",24989.0,3451.0,958.0,,29398.0
2021-04,2021/04/01,Região de Saúde LVT,"Hospital Garcia de Orta, EPE","38.6658713, -9.1822554",22480.0,4443.0,4097.0,,31020.0
2021-04,2021/04/01,Região de Saúde Norte,"Centro Hospitalar do Médio Ave, EPE","41.3423984, -8.4802503",21734.0,3867.0,1725.0,,27326.0
2021-04,2021/04/01,Região de Saúde Norte,"Centro Hospitalar Universitário do Porto, EPE","41.1472498, -8.6172617",29844.0,,5361.0,,35205.0
2021-04,2021/04/01,Região de Saúde Norte,"Centro Hospitalar Tâmega e Sousa, EPE","41.2494561, -8.264901",37011.0,5341.0,3625.0,,45977.0
2021-04,2021/04/01,Região de Saúde Norte,"Centro Hospitalar Trás-os-Montes e Alto Douro, EPE","41.3031784, -7.7515252",33511.0,3057.0,2063.0,,38631.0
2021-04,2021/04/01,Região de Saúde Norte,"Hospital da Senhora da Oliveira, Guimarães, EPE","41.4387173, -8.3086907",23509.0,3277.0,2501.0,,29287.0
2021-04,2021/04/01,Região de Saúde Norte,"Unidade Local de Saúde de Matosinhos, EPE","41.1794456, -8.6745115",19983.0,,2558.0,,22541.0
2021-05,2021/05/01,Região de Saúde do Algarve,"Centro Hospitalar Universitário do Algarve,EPE","37.0238973, -7.9281554",74538.0,13939.0,7048.0,0.0,95525.0
2021-05,2021/05/01,Região de Saúde do Centro,"Centro Hospitalar de Leiria, EPE","39.7414812, -8.7982706",40758.0,6656.0,3937.0,,51351.0
2021-05,2021/05/01,Região de Saúde do Centro,"Centro Hospitalar do Baixo Vouga, EPE","40.6362453, -8.6543716",38939.0,7813.0,2417.0,,49169.0
2021-05,2021/05/01,Região de Saúde LVT,"Centro Hospitalar Universitário Lisboa Central, EPE","38.7166948, -9.1371248",39700.0,18891.0,6630.0,2165.0,67386.0
2021-05,2021/05/01,Região de Saúde LVT,"Centro Hospitalar Universitário de Lisboa Norte, EPE","38.7500861, -9.1616116",44293.0,8939.0,5844.0,,59076.0
2021-05,2021/05/01,Região de Saúde LVT,"Hospital Distrital de Santarém, EPE","39.2410946, -8.6937515",25152.0,4978.0,2588.0,,32718.0
2021-05,2021/05/01,Região de Saúde LVT,"Hospital Professor Doutor Fernando Fonseca, EPE","38.7422257, -9.2264834",55303.0,11655.0,6155.0,,73113.0
2021-05,2021/05/01,Região de Saúde Norte,"Centro Hospitalar Entre Douro e Vouga, EPE","40.9293884, -8.5458794",50026.0,5408.0,2794.0,,58228.0
2021-05,2021/05/01,Região de Saúde Norte,"Centro Hospitalar Póvoa de Varzim/Vila do Conde, EPE","41.3828711, -8.7589945",19827.0,,,,19827.0
2021-05,2021/05/01,Região de Saúde Norte,"Centro Hospitalar Vila Nova de Gaia/Espinho, EPE","41.1094138, -8.5972617",43222.0,8586.0,3957.0,,55765.0
2021-05,2021/05/01,Região de Saúde Norte,"Hospital da Senhora da Oliveira, Guimarães, EPE","41.4387173, -8.3086907",31284.0,5053.0,3229.0,,39566.0
2021-05,2021/05/01,Região de Saúde Norte,"Hospital Santa Maria Maior, EPE","41.5324234, -8.6171561",16078.0,1750.0,,,17828.0
2021-05,2021/05/01,Região de Saúde Norte,"Unidade Local de Saúde de Matosinhos, EPE","41.1794456, -8.6745115",26625.0,,3354.0,,29979.0
2021-05,2021/05/01,Região de Saúde Norte,"Unidade Local de Saúde do Alto Minho, EPE","41.7056054, -8.8252713",37201.0,2928.0,1881.0,,42010.0
2021-06,2021/06/01,Região de Saúde Norte,"Unidade Local de Saúde do Alto Minho, EPE","41.7056054, -8.8252713",46872.0,4207.0,2381.0,,53460.0
2021-07,2021/07/01,Região de Saúde do Alentejo,"Unidade Local de Saúde do Litoral Alentejano, EPE","38.0162314, -8.6956768",38944.0,,,,38944.0
2021-07,2021/07/01,Região de Saúde do Alentejo,"Unidade Local de Saúde do Norte Alentejano, EPE","39.3003425, -7.4263845",33433.0,2608.0,761.0,,36802.0
2021-07,2021/07/01,Região de Saúde do Algarve,"Centro Hospitalar Universitário do Algarve,EPE","37.0238973, -7.9281554",118211.0,25134.0,10531.0,0.0,153876.0
2021-07,2021/07/01,Região de Saúde do Centro,"Centro Hospitalar Universitário Cova da Beira, EPE","40.2804158, -7.4922407",22954.0,4173.0,1683.0,,28810.0
2021-07,2021/07/01,Região de Saúde do Centro,"Centro Hospitalar e Universitário de Coimbra, EPE","40.2191523, -8.4098211",87693.0,25142.0,11485.0,,124320.0
2021-07,2021/07/01,Região de Saúde do Centro,"Centro Hospitalar Tondela-Viseu, EPE","40.516364, -8.0827433",54147.0,11261.0,7482.0,,72890.0
2021-07,2021/07/01,Região de Saúde do Centro,"Unidade Local de Saúde da Guarda, EPE","40.5309916, -7.2734793",33677.0,5761.0,2114.0,,41552.0
2021-07,2021/07/01,Região de Saúde LVT,"Centro Hospitalar Barreiro/Montijo, EPE","38.6554005, -9.0592392",46480.0,12722.0,4484.0,,63686.0
2021-07,2021/07/01,Região de Saúde LVT,"Centro Hospitalar Universitário Lisboa Central, EPE","38.7166948, -9.1371248",60601.0,32038.0,9783.0,3157.0,105579.0
2021-07,2021/07/01,Região de Saúde LVT,"Centro Hospitalar de Setúbal, EPE","38.5283754, -8.8818638",41710.0,13994.0,5665.0,,61369.0
2021-07,2021/07/01,Região de Saúde LVT,"Centro Hospitalar Universitário de Lisboa Norte, EPE","38.7500861, -9.1616116",68777.0,14996.0,8717.0,,92490.0
2021-07,2021/07/01,Região de Saúde LVT,"Hospital de Loures, PPP","38.821455, -9.176296",48240.0,17721.0,7266.0,,73227.0
2021-07,2021/07/01,Região de Saúde LVT,"Hospital de Vila Franca de Xira, EPE","38.977235, -8.984506",40433.0,15122.0,4282.0,,59837.0
2021-07,2021/07/01,Região de Saúde Norte,"Centro Hospitalar Universitário de São João, EPE","41.1831056, -8.6010558",86016.0,31657.0,6650.0,,124323.0
2021-07,2021/07/01,Região de Saúde Norte,"Centro Hospitalar Póvoa de Varzim/Vila do Conde, EPE","41.3828711, -8.7589945",31396.0,,,,31396.0
2021-07,2021/07/01,Região de Saúde Norte,"Centro Hospitalar Trás-os-Montes e Alto Douro, EPE","41.3031784, -7.7515252",67154.0,8629.0,3895.0,,79678.0
2021-07,2021/07/01,Região de Saúde Norte,"Centro Hospitalar Vila Nova de Gaia/Espinho, EPE","41.1094138, -8.5972617",65638.0,15135.0,5776.0,,86549.0
2021-08,2021/08/01,Região de Saúde do Alentejo,"Unidade Local de Saúde do Baixo Alentejo, EPE","38.014123, -7.8721227",41977.0,7263.0,2272.0,,51512.0
2021-08,2021/08/01,Região de Saúde do Alentejo,"Unidade Local de Saúde do Litoral Alentejano, EPE","38.0162314, -8.6956768",46833.0,,,,46833.0
2021-08,2021/08/01,Região de Saúde do Alentejo,"Unidade Local de Saúde do Norte Alentejano, EPE","39.3003425, -7.4263845",39331.0,3056.0,893.0,,43280.0
2021-08,2021/08/01,Região de Saúde do Centro,"Centro Hospitalar de Leiria, EPE","39.7414812, -8.7982706",74564.0,14513.0,6853.0,,95930.0
2021-08,2021/08/01,Região de Saúde do Centro,"Unidade Local de Saúde da Guarda, EPE","40.5309916, -7.2734793",40236.0,6782.0,2483.0,,49501.0
2021-08,2021/08/01,Região de Saúde LVT,"Centro Hospitalar Universitário Lisboa Central, EPE","38.7166948, -9.1371248",70850.0,36619.0,11446.0,3664.0,122579.0
2021-08,2021/08/01,Região de Saúde LVT,"Centro Hospitalar de Lisboa Ocidental, EPE","38.708454, -9.216985",51821.0,13789.0,7924.0,,73534.0
2021-08,2021/08/01,Região de Saúde LVT,"Hospital Professor Doutor Fernando Fonseca, EPE","38.7422257, -9.2264834",97007.0,23039.0,10640.0,,130686.0
2021-08,2021/08/01,Região de Saúde LVT,"Hospital Garcia de Orta, EPE","38.6658713, -9.1822554",53929.0,13981.0,9577.0,,77487.0
2021-08,2021/08/01,Região de Saúde Norte,"Centro Hospitalar Tâmega e Sousa, EPE","41.2494561, -8.264901",88619.0,16327.0,8415.0,,113361.0
2021-08,2021/08/01,Região de Saúde Norte,"Centro Hospitalar Vila Nova de Gaia/Espinho, EPE","41.1094138, -8.5972617",77068.0,17649.0,6761.0,,101478.0
2021-08,2021/08/01,Região de Saúde Norte,"Hospital da Senhora da Oliveira, Guimarães, EPE","41.4387173, -8.3086907",55360.0,12096.0,5629.0,,73085.0
2021-08,2021/08/01,Região de Saúde Norte,"Hospital de Braga, EPE","41.56785, -8.398982",88800.0,20114.0,7981.0,,116895.0
2021-08,2021/08/01,Região de Saúde Norte,"Hospital Santa Maria Maior, EPE","41.5324234, -8.6171561",28934.0,4217.0,,,33151.0
2021-09,2021/09/01,Região de Saúde do Alentejo,"Hospital Espírito Santo de Évora, EPE","38.5684861, -7.9032848",34324.0,9101.0,,,43425.0
2021-09,2021/09/01,Região de Saúde do Centro,"Centro Hospitalar e Universitário de Coimbra, EPE","40.2191523, -8.4098211",117833.0,34215.0,15250.0,,167298.0
2021-10,2021/10/01,Região de Saúde do Alentejo,"Unidade Local de Saúde do Litoral Alentejano, EPE","38.0162314, -8.6956768",60724.0,,,,60724.0
2021-10,2021/10/01,Região de Saúde do Centro,"Centro Hospitalar e Universitário de Coimbra, EPE","40.2191523, -8.4098211",133671.0,40603.0,17077.0,,191351.0
2021-10,2021/10/01,Região de Saúde do Centro,"Hospital Distrital da Figueira da Foz, EPE","40.117897, -8.8586755",39898.0,10652.0,,,50550.0
2021-10,2021/10/01,Região de Saúde do Centro,"Unidade Local de Saúde da Guarda, EPE","40.5309916, -7.2734793",51431.0,9133.0,3106.0,,63670.0
2021-10,2021/10/01,Região de Saúde LVT,"Centro Hospitalar do Oeste, EPE","39.4054629, -9.1258493",80372.0,24421.0,6514.0,,111307.0
2021-10,2021/10/01,Região de Saúde LVT,"Centro Hospitalar Universitário de Lisboa Norte, EPE","38.7500861, -9.1616116",107026.0,24192.0,13134.0,,144352.0
2021-10,2021/10/01,Região de Saúde LVT,"Hospital Garcia de Orta, EPE","38.6658713, -9.1822554",69194.0,21511.0,12475.0,,103180.0
2021-10,2021/10/01,Região de Saúde Norte,"Centro Hospitalar do Médio Ave, EPE","41.3423984, -8.4802503",65677.0,17523.0,4878.0,,88078.0
2021-10,2021/10/01,Região de Saúde Norte,"Hospital da Senhora da Oliveira, Guimarães, EPE","41.4387173, -8.3086907",71773.0,17098.0,7109.0,,95980.0
2021-11,2021/11/01,Região de Saúde do Alentejo,"Hospital Espírito Santo de Évora, EPE","38.5684861, -7.9032848",43309.0,13068.0,,,56377.0
2021-11,2021/11/01,Região de Saúde LVT,"Centro Hospitalar Médio Tejo, EPE","39.478072, -8.5404429",87429.0,18969.0,3302.0,,109700.0
2021-11,2021/11/01,Região de Saúde LVT,"Hospital de Cascais, PPP","38.729006, -9.418267",68243.0,33668.0,9980.0,,111891.0
2021-11,2021/11/01,Região de Saúde LVT,"Hospital de Loures, PPP","38.821455, -9.176296",77748.0,33910.0,12276.0,,123934.0
2021-11,2021/11/01,Região de Saúde LVT,"Hospital de Vila Franca de Xira, EPE","38.977235, -8.984506",67381.0,30045.0,7102.0,,104528.0
2021-11,2021/11/01,Região de Saúde LVT,"Hospital Professor Doutor Fernando Fonseca, EPE","38.7422257, -9.2264834",138564.0,37703.0,15170.0,,191437.0
2021-11,2021/11/01,Região de Saúde Norte,"Centro Hospitalar Universitário do Porto, EPE","41.1472498, -8.6172617",102502.0,,17247.0,,119749.0
2021-11,2021/11/01,Região de Saúde Norte,"Centro Hospitalar Tâmega e Sousa, EPE","41.2494561, -8.264901",125913.0,27866.0,11909.0,,165688.0
2021-11,2021/11/01,Região de Saúde Norte,"Centro Hospitalar Vila Nova de Gaia/Espinho, EPE","41.1094138, -8.5972617",109416.0,29764.0,9584.0,,148764.0
2021-11,2021/11/01,Região de Saúde Norte,"Hospital Santa Maria Maior, EPE","41.5324234, -8.6171561",41305.0,7780.0,,,49085.0
2021-11,2021/11/01,Região de Saúde Norte,"Unidade Local de Saúde de Matosinhos, EPE","41.1794456, -8.6745115",68756.0,,8386.0,,77142.0
2021-11,2021/11/01,Região de Saúde Norte,"Unidade Local de Saúde do Alto Minho, EPE","41.7056054, -8.8252713",101015.0,11292.0,4682.0,,116989.0
2021-12,2021/12/01,Região de Saúde LVT,"Centro Hospitalar Universitário Lisboa Central, EPE","38.7166948, -9.1371248",114577.0,65583.0,17849.0,5740.0,203749.0
2021-12,2021/12/01,Região de Saúde LVT,"Centro Hospitalar Universitário de Lisboa Norte, EPE","38.7500861, -9.1616116",131423.0,31289.0,15887.0,,178599.0
2021-12,2021/12/01,Região de Saúde Norte,"Centro Hospitalar Entre Douro e Vouga, EPE","40.9293884, -8.5458794",146942.0,24568.0,7735.0,,179245.0
2021-12,2021/12/01,Região de Saúde Norte,"Centro Hospitalar Tâmega e Sousa, EPE","41.2494561, -8.264901",137974.0,30933.0,13106.0,,182013.0
2021-12,2021/12/01,Região de Saúde Norte,"Hospital da Senhora da Oliveira, Guimarães, EPE","41.4387173, -8.3086907",87626.0,22700.0,8662.0,,118988.0
2022-01,2022/01/01,Região de Saúde do Centro,"Unidade Local de Saúde da Guarda, EPE","40.5309916, -7.2734793",5287.0,1004.0,295.0,,6586.0
2022-01,2022/01/01,Região de Saúde LVT,"Centro Hospitalar de Lisboa Ocidental, EPE","38.708454, -9.216985",7723.0,2285.0,1178.0,,11186.0
2022-01,2022/01/01,Região de Saúde LVT,"Centro Hospitalar do Oeste, EPE","39.4054629, -9.1258493",8285.0,2359.0,687.0,,11331.0
2022-01,2022/01/01,Região de Saúde LVT,"Hospital de Cascais, PPP","38.729006, -9.418267",6284.0,2928.0,972.0,,10184.0
2022-01,2022/01/01,Região de Saúde LVT,"Hospital de Loures, EPE","38.821455, -9.176296",7772.0,3165.0,1079.0,0.0,12016.0
2022-01,2022/01/01,Região de Saúde LVT,"Hospital Professor Doutor Fernando Fonseca, EPE","38.7422257, -9.2264834",13296.0,3527.0,1486.0,,18309.0
2022-01,2022/01/01,Região de Saúde Norte,"Centro Hospitalar do Médio Ave, EPE","41.3423984, -8.4802503",7397.0,2012.0,496.0,,9905.0
2022-01,2022/01/01,Região de Saúde Norte,"Centro Hospitalar Universitário do Porto, EPE","41.1472498, -8.6172617",9599.0,,1609.0,,11208.0
2022-01,2022/01/01,Região de Saúde Norte,"Centro Hospitalar Tâmega e Sousa, EPE","41.2494561, -8.264901",12669.0,2835.0,1116.0,,16620.0
2022-01,2022/01/01,Região de Saúde Norte,"Unidade Local de Saúde do Nordeste, EPE","41.8056532, -6.7888197",7868.0,,,,7868.0
2022-02,2022/02/01,Região de Saúde do Centro,"Hospital Distrital da Figueira da Foz, EPE","40.117897, -8.8586755",7628.0,2314.0,,,9942.0
2022-02,2022/02/01,Região de Saúde LVT,"Hospital Professor Doutor Fernando Fonseca, EPE","38.7422257, -9.2264834",25457.0,7958.0,2851.0,,36266.0
2022-02,2022/02/01,Região de Saúde Norte,"Hospital de Braga, EPE","41.56785, -8.398982",22526.0,5901.0,1981.0,,30408.0
2022-03,2022/03/01,Região de Saúde do Alentejo,"Unidade Local de Saúde do Norte Alentejano, EPE","39.3003425, -7.4263845",16700.0,2258.0,566.0,0.0,19524.0
2022-03,2022/03/01,Região de Saúde do Centro,"Centro Hospitalar Tondela-Viseu, EPE","40.516364, -8.0827433",25804.0,7795.0,3525.0,,37124.0
2022-03,2022/03/01,Região de Saúde LVT,"Centro Hospitalar Barreiro/Montijo, EPE","38.6554005, -9.0592392",24324.0,9338.0,2323.0,,35985.0
2022-03,2022/03/01,Região de Saúde LVT,"Centro Hospitalar Universitário Lisboa Central, EPE","38.7166948, -9.1371248",31762.0,20572.0,4533.0,1500.0,58367.0
2022-03,2022/03/01,Região de Saúde LVT,"Hospital Distrital de Santarém, EPE","39.2410946, -8.6937515",19762.0,6620.0,1866.0,,28248.0
2022-03,2022/03/01,Região de Saúde Norte,"Centro Hospitalar Universitário de São João, EPE","41.1831056, -8.6010558",39673.0,19430.0,3093.0,,62196.0
2022-03,2022/03/01,Região de Saúde Norte,"Centro Hospitalar do Médio Ave, EPE","41.3423984, -8.4802503",21488.0,7732.0,1568.0,,30788.0
2022-03,2022/03/01,Região de Saúde Norte,"Centro Hospitalar Trás-os-Montes e Alto Douro, EPE","41.3031784, -7.7515252",33705.0,7226.0,1739.0,,42670.0
2022-03,2022/03/01,Região de Saúde Norte,"Unidade Local de Saúde do Alto Minho, EPE","41.7056054, -8.8252713",29994.0,4071.0,1336.0,,35401.0
2022-04,2022/04/01,Região de Saúde do Alentejo,"Hospital Espírito Santo de Évora, EPE","38.5684861, -7.9032848",17134.0,6602.0,,,23736.0
2022-04,2022/04/01,Região de Saúde do Alentejo,"Unidade Local de Saúde do Norte Alentejano, EPE","39.3003425, -7.4263845",22541.0,2950.0,759.0,,26250.0
2022-04,2022/04/01,Região de Saúde do Centro,"Centro Hospitalar do Baixo Vouga, EPE","40.6362453, -8.6543716",40694.0,13383.0,1955.0,,56032.0
2022-04,2022/04/01,Região de Saúde do Centro,"Unidade Local de Saúde de Castelo Branco, EPE","39.8212263, -7.4981271",15714.0,4406.0,515.0,,20635.0
2022-04,2022/04/01,Região de Saúde LVT,"Centro Hospitalar de Lisboa Ocidental, EPE","38.708454, -9.216985",31508.0,12409.0,4764.0,,48681.0
2022-04,2022/04/01,Região de Saúde LVT,"Centro Hospitalar de Setúbal, EPE","38.5283754, -8.8818638",27666.0,14570.0,3366.0,,45602.0
2022-04,2022/04/01,Região de Saúde LVT,"Hospital de Loures, EPE","38.821455, -9.176296",31106.0,17161.0,4248.0,0.0,52515.0
2022-04,2022/04/01,Região de Saúde Norte,"Centro Hospitalar Universitário do Porto, EPE","41.1472498, -8.6172617",39879.0,,6664.0,,46543.0
2022-05,2022/05/01,Região de Saúde do Alentejo,"Unidade Local de Saúde do Litoral Alentejano, EPE","38.0162314, -8.6956768",37492.0,,,,37492.0
2022-05,2022/05/01,Região de Saúde do Alentejo,"Unidade Local de Saúde do Norte Alentejano, EPE","39.3003425, -7.4263845",29341.0,3826.0,929.0,,34096.0
2022-05,2022/05/01,Região de Saúde do Centro,"Centro Hospitalar e Universitário de Coimbra, EPE","40.2191523, -8.4098211",75084.0,29765.0,9022.0,,113871.0
2022-05,2022/05/01,Região de Saúde do Centro,"Unidade Local de Saúde da Guarda, EPE","40.5309916, -7.2734793",29975.0,6179.0,1618.0,,37772.0
2022-05,2022/05/01,Região de Saúde LVT,"Hospital de Vila Franca de Xira, EPE","38.977235, -8.984506",33347.0,19875.0,3491.0,,56713.0
2022-05,2022/05/01,Região de Saúde Norte,"Centro Hospitalar Tâmega e Sousa, EPE","41.2494561, -8.264901",63715.0,17199.0,5803.0,,86717.0
2022-06,2022/06/01,Região de Saúde LVT,"Centro Hospitalar Universitário de Lisboa Norte, EPE","38.7500861, -9.1616116",75380.0,20450.0,8855.0,,104685.0
2022-06,2022/06/01,Região de Saúde Norte,"Centro Hospitalar Universitário do Porto, EPE","41.1472498, -8.6172617",62337.0,,10157.0,,72494.0
2022-06,2022/06/01,Região de Saúde Norte,"Centro Hospitalar Tâmega e Sousa, EPE","41.2494561, -8.264901",76099.0,19895.0,7036.0,,103030.0
2022-06,2022/06/01,Região de Saúde Norte,"Centro Hospitalar Vila Nova de Gaia/Espinho, EPE","41.1094138, -8.5972617",65707.0,21959.0,4305.0,,91971.0
2022-06,2022/06/01,Região de Saúde Norte,"Hospital da Senhora da Oliveira, Guimarães, EPE","41.4387173, -8.3086907",50138.0,16486.0,4900.0,,71524.0
2022-06,2022/06/01,Região de Saúde Norte,"Hospital Santa Maria Maior, EPE","41.5324234, -8.6171561",25715.0,6929.0,,,32644.0
2022-07,2022/07/01,Região de Saúde do Centro,"Hospital Distrital da Figueira da Foz, EPE","40.117897, -8.8586755",30979.0,10681.0,,,41660.0
2022-07,2022/07/01,Região de Saúde LVT,"Centro Hospitalar de Setúbal, EPE","38.5283754, -8.8818638",49675.0,25573.0,6074.0,,81322.0
2022-07,2022/07/01,Região de Saúde LVT,"Centro Hospitalar do Oeste, EPE","39.4054629, -9.1258493",65524.0,26413.0,4717.0,,96654.0
2022-07,2022/07/01,Região de Saúde Norte,"Centro Hospitalar do Médio Ave, EPE","41.3423984, -8.4802503",52767.0,18082.0,3805.0,,74654.0
2022-07,2022/07/01,Região de Saúde Norte,"Centro Hospitalar Universitário do Porto, EPE","41.1472498, -8.6172617",73430.0,,11911.0,,85341.0
2022-07,2022/07/01,Região de Saúde Norte,"Centro Hospitalar Póvoa de Varzim/Vila do Conde, EPE","41.3828711, -8.7589945",42603.0,,,,42603.0
2022-07,2022/07/01,Região de Saúde Norte,"Unidade Local de Saúde do Nordeste, EPE","41.8056532, -6.7888197",58639.0,,,,58639.0
2022-08,2022/08/01,Região de Saúde do Alentejo,"Hospital Espírito Santo de Évora, EPE","38.5684861, -7.9032848",35742.0,13245.0,,,48987.0
2022-08,2022/08/01,Região de Saúde do Algarve,"Centro Hospitalar Universitário do Algarve,EPE","37.0238973, -7.9281554",187526.0,46880.0,13556.0,0.0,247962.0
2022-08,2022/08/01,Região de Saúde do Centro,"Centro Hospitalar e Universitário de Coimbra, EPE","40.2191523, -8.4098211",121237.0,44978.0,15089.0,,181304.0
2022-08,2022/08/01,Região de Saúde do Centro,"Unidade Local de Saúde de Castelo Branco, EPE","39.8212263, -7.4981271",33183.0,8844.0,1073.0,,43100.0
2022-08,2022/08/01,Região de Saúde LVT,"Centro Hospitalar Universitário de Lisboa Norte, EPE","38.7500861, -9.1616116",100386.0,26011.0,11918.0,,138315.0
2022-08,2022/08/01,Região de Saúde Norte,"Hospital Santa Maria Maior, EPE","41.5324234, -8.6171561",34621.0,8728.0,,,43349.0
2022-09,2022/09/01,Região de Saúde do Alentejo,"Hospital Espírito Santo de Évora, EPE","38.5684861, -7.9032848",40247.0,14465.0,,,54712.0
2022-09,2022/09/01,Região de Saúde do Algarve,"Centro Hospitalar Universitário do Algarve,EPE","37.0238973, -7.9281554",211475.0,52079.0,15337.0,0.0,278891.0
2022-09,2022/09/01,Região de Saúde do Centro,"Centro Hospitalar de Leiria, EPE","39.7414812, -8.7982706",101562.0,23469.0,8928.0,,133959.0
2022-09,2022/09/01,Região de Saúde LVT,"Centro Hospitalar Barreiro/Montijo, EPE","38.6554005, -9.0592392",77528.0,26587.0,7451.0,,111566.0
2022-09,2022/09/01,Região de Saúde LVT,"Centro Hospitalar Universitário Lisboa Central, EPE","38.7166948, -9.1371248",101971.0,57603.0,15076.0,5008.0,179658.0
2022-09,2022/09/01,Região de Saúde LVT,"Hospital de Loures, EPE","38.821455, -9.176296",70364.0,36729.0,9846.0,0.0,116939.0
2022-09,2022/09/01,Região de Saúde LVT,"Hospital de Vila Franca de Xira, EPE","38.977235, -8.984506",60280.0,32111.0,6470.0,,98861.0
2022-09,2022/09/01,Região de Saúde LVT,"Hospital Distrital de Santarém, EPE","39.2410946, -8.6937515",62513.0,21306.0,5848.0,,89667.0
2022-09,2022/09/01,Região de Saúde Norte,"Centro Hospitalar do Médio Ave, EPE","41.3423984, -8.4802503",67118.0,22085.0,4993.0,,94196.0
2022-09,2022/09/01,Região de Saúde Norte,"Unidade Local de Saúde do Nordeste, EPE","41.8056532, -6.7888197",75964.0,,,,75964.0
2022-10,2022/10/01,Região de Saúde do Centro,"Centro Hospitalar de Leiria, EPE","39.7414812, -8.7982706",113315.0,27273.0,9967.0,,150555.0
2022-10,2022/10/01,Região de Saúde LVT,"Centro Hospitalar Barreiro/Montijo, EPE","38.6554005, -9.0592392",87061.0,30996.0,8304.0,,126361.0
2022-10,2022/10/01,Região de Saúde Norte,"Centro Hospitalar Universitário de São João, EPE","41.1831056, -8.6010558",141446.0,68218.0,10547.0,,220211.0
2022-10,2022/10/01,Região de Saúde Norte,"Centro Hospitalar do Médio Ave, EPE","41.3423984, -8.4802503",74709.0,25796.0,5587.0,,106092.0
2022-11,2022/11/01,Região de Saúde do Alentejo,"Unidade Local de Saúde do Litoral Alentejano, EPE","38.0162314, -8.6956768",86938.0,,,,86938.0
2022-11,2022/11/01,Região de Saúde do Centro,"Hospital Distrital da Figueira da Foz, EPE","40.117897, -8.8586755",49317.0,18198.0,,,67515.0
2022-11,2022/11/01,Região de Saúde LVT,"Centro Hospitalar Médio Tejo, EPE","39.478072, -8.5404429",106084.0,30618.0,3567.0,,140269.0
2022-11,2022/11/01,Região de Saúde Norte,"Centro Hospitalar do Médio Ave, EPE","41.3423984, -8.4802503",82234.0,29743.0,6125.0,,118102.0
2022-11,2022/11/01,Região de Saúde Norte,"Hospital da Senhora da Oliveira, Guimarães, EPE","41.4387173, -8.3086907",92512.0,31979.0,9481.0,,133972.0
2022-12,2022/12/01,Região de Saúde do Centro,"Centro Hospitalar do Baixo Vouga, EPE","40.6362453, -8.6543716",129350.0,43663.0,6361.0,,179374.0
2022-12,2022/12/01,Região de Saúde do Centro,"Unidade Local de Saúde de Castelo Branco, EPE","39.8212263, -7.4981271",50205.0,14644.0,1657.0,,66506.0
2022-12,2022/12/01,Região de Saúde LVT,"Centro Hospitalar Médio Tejo, EPE","39.478072, -8.5404429",115927.0,34288.0,3923.0,,154138.0
2022-12,2022/12/01,Região de Saúde LVT,"Hospital Garcia de Orta, EPE","38.6658713, -9.1822554",83298.0,47668.0,15448.0,0.0,146414.0
2022-12,2022/12/01,Região de Saúde Norte,"Centro Hospitalar do Médio Ave, EPE","41.3423984, -8.4802503",89763.0,32733.0,6648.0,,129144.0
2022-12,2022/12/01,Região de Saúde Norte,"Centro Hospitalar Vila Nova de Gaia/Espinho, EPE","41.1094138, -8.5972617",134256.0,46713.0,8154.0,,189123.0
2022-12,2022/12/01,Região de Saúde Norte,"Hospital da Senhora da Oliveira, Guimarães, EPE","41.4387173, -8.3086907",100865.0,35750.0,10257.0,,146872.0
2022-12,2022/12/01,Região de Saúde Norte,"Unidade Local de Saúde do Alto Minho, EPE","41.7056054, -8.8252713",137374.0,20240.0,6131.0,,163745.0
2023-01,2023/01/01,Região de Saúde do Centro,"Centro Hospitalar do Baixo Vouga, EPE","40.6362453, -8.6543716",10641.0,3388.0,526.0,,14555.0
2023-01,2023/01/01,Região de Saúde do Centro,"Unidade Local de Saúde da Guarda, EPE","40.5309916, -7.2734793",6616.0,1438.0,365.0,,8419.0
2023-01,2023/01/01,Região de Saúde do Centro,"Unidade Local de Saúde de Castelo Branco, EPE","39.8212263, -7.4981271",4523.0,1256.0,133.0,,5912.0
2023-01,2023/01/01,Região de Saúde LVT,"Centro Hospitalar de Lisboa Ocidental, EPE","38.708454, -9.216985",7811.0,2854.0,1126.0,,11791.0
2023-01,2023/01/01,Região de Saúde LVT,"Centro Hospitalar Universitário de Lisboa Norte, EPE","38.7500861, -9.1616116",11259.0,3563.0,1421.0,,16243.0
2023-01,2023/01/01,Região de Saúde LVT,"Hospital de Cascais, PPP","38.729006, -9.418267",7298.0,4052.0,1027.0,,12377.0
2023-01,2023/01/01,Região de Saúde LVT,"Hospital de Loures, EPE","38.821455, -9.176296",6731.0,4328.0,1068.0,0.0,12127.0
2023-01,2023/01/01,Região de Saúde LVT,"Hospital de Vila Franca de Xira, EPE","38.977235, -8.984506",6611.0,3850.0,663.0,,11124.0
2023-01,2023/01/01,Região de Saúde Norte,"Centro Hospitalar Tâmega e Sousa, EPE","41.2494561, -8.264901",12414.0,3040.0,1191.0,,16645.0
2023-01,2023/01/01,Região de Saúde Norte,"Hospital Santa Maria Maior, EPE","41.5324234, -8.6171561",4378.0,1251.0,,,5629.0
2023-02,2023/02/01,Região de Saúde do Centro,"Centro Hospitalar de Leiria, EPE","39.7414812, -8.7982706",20440.0,5356.0,1984.0,,27780.0
2023-02,2023/02/01,Região de Saúde do Centro,"Centro Hospitalar Tondela-Viseu, EPE","40.516364, -8.0827433",17762.0,5907.0,2428.0,,26097.0
2023-02,2023/02/01,Região de Saúde LVT,"Centro Hospitalar de Setúbal, EPE","38.5283754, -8.8818638",12275.0,6211.0,1475.0,,19961.0
2023-02,2023/02/01,Região de Saúde LVT,"Hospital Garcia de Orta, EPE","38.6658713, -9.1822554",13225.0,8029.0,2957.0,0.0,24211.0
2023-02,2023/02/01,Região de Saúde Norte,"Unidade Local de Saúde de Matosinhos, EPE","41.1794456, -8.6745115",12814.0,,1423.0,,14237.0
2023-03,2023/03/01,Região de Saúde do Algarve,"Centro Hospitalar Universitário do Algarve,EPE","37.0238973, -7.9281554",67030.0,18012.0,4703.0,0.0,89745.0
2023-03,2023/03/01,Região de Saúde do Centro,"Centro Hospitalar Universitário Cova da Beira, EPE","40.2804158, -7.4922407",12234.0,3999.0,966.0,86.0,17285.0
2023-03,2023/03/01,Região de Saúde LVT,"Hospital de Cascais, PPP","38.729006, -9.418267",22084.0,12812.0,3199.0,,38095.0
2023-03,2023/03/01,Região de Saúde LVT,"Hospital Professor Doutor Fernando Fonseca, EPE","38.7422257, -9.2264834",43487.0,15579.0,4829.0,,63895.0
2023-03,2023/03/01,Região de Saúde Norte,"Centro Hospitalar Entre Douro e Vouga, EPE","40.9293884, -8.5458794",46046.0,9365.0,2056.0,,57467.0
2023-03,2023/03/01,Região de Saúde Norte,"Centro Hospitalar Vila Nova de Gaia/Espinho, EPE","41.1094138, -8.5972617",33311.0,11222.0,1966.0,,46499.0
2023-03,2023/03/01,Região de Saúde Norte,"Unidade Local de Saúde do Alto Minho, EPE","41.7056054, -8.8252713",34670.0,5760.0,1541.0,,41971.0
2023-04,2023/04/01,Região de Saúde do Centro,"Centro Hospitalar do Baixo Vouga, EPE","40.6362453, -8.6543716",42832.0,14470.0,2195.0,,59497.0
2023-04,2023/04/01,Região de Saúde LVT,"Centro Hospitalar Barreiro/Montijo, EPE","38.6554005, -9.0592392",37448.0,13593.0,3109.0,,54150.0
2023-04,2023/04/01,Região de Saúde LVT,"Hospital Professor Doutor Fernando Fonseca, EPE","38.7422257, -9.2264834",57628.0,19996.0,6321.0,,83945.0
2023-04,2023/04/01,Região de Saúde Norte,"Centro Hospitalar Universitário de São João, EPE","41.1831056, -8.6010558",57087.0,26512.0,4102.0,,87701.0
2023-04,2023/04/01,Região de Saúde Norte,"Hospital Santa Maria Maior, EPE","41.5324234, -8.6171561",17477.0,4647.0,,,22124.0
2023-05,2023/05/01,Região de Saúde do Centro,"Centro Hospitalar do Baixo Vouga, EPE","40.6362453, -8.6543716",54545.0,18572.0,2809.0,,75926.0
2023-05,2023/05/01,Região de Saúde LVT,"Centro Hospitalar de Setúbal, EPE","38.5283754, -8.8818638",31699.0,15323.0,3832.0,,50854.0
2023-05,2023/05/01,Região de Saúde LVT,"Hospital de Cascais, PPP","38.729006, -9.418267",37482.0,21402.0,5530.0,,64414.0
2023-05,2023/05/01,Região de Saúde LVT,"Hospital Distrital de Santarém, EPE","39.2410946, -8.6937515",34320.0,13374.0,3188.0,,50882.0
2023-05,2023/05/01,Região de Saúde Norte,"Centro Hospitalar Póvoa de Varzim/Vila do Conde, EPE","41.3828711, -8.7589945",29916.0,,,,29916.0
2023-05,2023/05/01,Região de Saúde Norte,"Centro Hospitalar Trás-os-Montes e Alto Douro, EPE","41.3031784, -7.7515252",62297.0,13304.0,3369.0,,78970.0
2023-05,2023/05/01,Região de Saúde Norte,"Centro Hospitalar Universitário de Santo António, EPE","41.1472498, -8.6172617",52703.0,,8260.0,,60963.0
2023-05,2023/05/01,Região de Saúde Norte,"Centro Hospitalar Vila Nova de Gaia/Espinho, EPE","41.1094138, -8.5972617",57042.0,19173.0,3383.0,,79598.0
2023-05,2023/05/01,Região de Saúde Norte,"Hospital de Braga, EPE","41.56785, -8.398982",62020.0,20436.0,5652.0,,88108.0
2023-06,2023/06/01,Região de Saúde do Alentejo,"Hospital Espírito Santo de Évora, EPE","38.5684861, -7.9032848",25827.0,9085.0,,,34912.0
2023-06,2023/06/01,Região de Saúde do Algarve,"Centro Hospitalar Universitário do Algarve,EPE","37.0238973, -7.9281554",138876.0,34908.0,9528.0,0.0,183312.0
2023-06,2023/06/01,Região de Saúde do Centro,"Centro Hospitalar Tondela-Viseu, EPE","40.516364, -8.0827433",55520.0,17512.0,7308.0,,80340.0
2023-06,2023/06/01,Região de Saúde LVT,"Centro Hospitalar Barreiro/Montijo, EPE","38.6554005, -9.0592392",56827.0,20074.0,4628.0,,81529.0
2023-06,2023/06/01,Região de Saúde LVT,"Centro Hospitalar do Oeste, EPE","39.4054629, -9.1258493",58037.0,24089.0,3010.0,,85136.0
2023-06,2023/06/01,Região de Saúde LVT,"Centro Hospitalar Universitário de Lisboa Norte, EPE","38.7500861, -9.1616116",70140.0,23497.0,8994.0,,102631.0
2023-06,2023/06/01,Região de Saúde Norte,"Centro Hospitalar Universitário de São João, EPE","41.1831056, -8.6010558",87840.0,40285.0,6455.0,,134580.0
2023-06,2023/06/01,Região de Saúde Norte,"Centro Hospitalar Trás-os-Montes e Alto Douro, EPE","41.3031784, -7.7515252",75030.0,15743.0,4135.0,,94908.0
2023-06,2023/06/01,Região de Saúde Norte,"Hospital Santa Maria Maior, EPE","41.5324234, -8.6171561",26749.0,6597.0,,,33346.0
2023-06,2023/06/01,Região de Saúde Norte,"Unidade Local de Saúde do Nordeste, EPE","41.8056532, -6.7888197",49545.0,,,,49545.0
2023-07,2023/07/01,Região de Saúde do Centro,"Centro Hospitalar de Leiria, EPE","39.7414812, -8.7982706",77005.0,18365.0,8269.0,,103639.0
2023-07,2023/07/01,Região de Saúde do Centro,"Centro Hospitalar e Universitário de Coimbra, EPE","40.2191523, -8.4098211",106515.0,38090.0,12977.0,,157582.0
2023-07,2023/07/01,Região de Saúde LVT,"Centro Hospitalar Barreiro/Montijo, EPE","38.6554005, -9.0592392",66662.0,22173.0,5373.0,,94208.0
2023-07,2023/07/01,Região de Saúde LVT,"Centro Hospitalar de Setúbal, EPE","38.5283754, -8.8818638",44630.0,20295.0,5686.0,,70611.0
2023-07,2023/07/01,Região de Saúde LVT,"Centro Hospitalar Médio Tejo, EPE","39.478072, -8.5404429",68899.0,19841.0,2609.0,,91349.0
2023-07,2023/07/01,Região de Saúde Norte,"Centro Hospitalar Universitário de São João, EPE","41.1831056, -8.6010558",103057.0,46215.0,7639.0,,156911.0
2023-07,2023/07/01,Região de Saúde Norte,"Centro Hospitalar Entre Douro e Vouga, EPE","40.9293884, -8.5458794",108852.0,20585.0,5086.0,,134523.0
2023-07,2023/07/01,Região de Saúde Norte,"Centro Hospitalar Trás-os-Montes e Alto Douro, EPE","41.3031784, -7.7515252",88834.0,17945.0,4861.0,,111640.0
2023-07,2023/07/01,Região de Saúde Norte,"Centro Hospitalar Vila Nova de Gaia/Espinho, EPE","41.1094138, -8.5972617",81747.0,26084.0,4835.0,,112666.0
2023-07,2023/07/01,Região de Saúde Norte,"Unidade Local de Saúde de Matosinhos, EPE","41.1794456, -8.6745115",48372.0,,5512.0,,53884.0
2023-07,2023/07/01,Região de Saúde Norte,"Unidade Local de Saúde do Alto Minho, EPE","41.7056054, -8.8252713",82334.0,11687.0,3881.0,,97902.0
2023-07,2023/07/01,Região de Saúde Norte,"Unidade Local de Saúde do Nordeste, EPE","41.8056532, -6.7888197",58237.0,,,,58237.0
2023-08,2023/08/01,Região de Saúde do Alentejo,"Unidade Local de Saúde do Norte Alentejano, EPE","39.3003425, -7.4263845",52215.0,5641.0,1654.0,0.0,59510.0
2023-08,2023/08/01,Região de Saúde do Centro,"Centro Hospitalar do Baixo Vouga, EPE","40.6362453, -8.6543716",90042.0,28046.0,4706.0,,122794.0
2023-08,2023/08/01,Região de Saúde do Centro,"Centro Hospitalar Tondela-Viseu, EPE","40.516364, -8.0827433",76995.0,22628.0,10133.0,,109756.0
2023-08,2023/08/01,Região de Saúde do Centro,"Hospital Distrital da Figueira da Foz, EPE","40.117897, -8.8586755",35780.0,12724.0,,,48504.0
2023-08,2023/08/01,Região de Saúde LVT,"Centro Hospitalar Barreiro/Montijo, EPE","38.6554005, -9.0592392",76819.0,23899.0,6176.0,,106894.0
2023-08,2023/08/01,Região de Saúde LVT,"Centro Hospitalar de Lisboa Ocidental, EPE","38.708454, -9.216985",62309.0,20155.0,9620.0,,92084.0
2023-08,2023/08/01,Região de Saúde Norte,"Centro Hospitalar do Médio Ave, EPE","41.3423984, -8.4802503",59100.0,20799.0,4729.0,,84628.0
2023-08,2023/08/01,Região de Saúde Norte,"Centro Hospitalar Entre Douro e Vouga, EPE","40.9293884, -8.5458794",125411.0,22806.0,5889.0,,154106.0
2023-08,2023/08/01,Região de Saúde Norte,"Centro Hospitalar Tâmega e Sousa, EPE","41.2494561, -8.264901",105511.0,24333.0,10383.0,,140227.0
2023-08,2023/08/01,Região de Saúde Norte,"Hospital de Braga, EPE","41.56785, -8.398982",102780.0,30838.0,9082.0,,142700.0
2023-08,2023/08/01,Região de Saúde Norte,"Unidade Local de Saúde do Alto Minho, EPE","41.7056054, -8.8252713",97490.0,13152.0,4572.0,,115214.0
2023-08,2023/08/01,Região de Saúde Norte,"Unidade Local de Saúde do Nordeste, EPE","41.8056532, -6.7888197",68746.0,,,,68746.0
2023-09,2023/09/01,Região de Saúde do Alentejo,"Unidade Local de Saúde do Baixo Alentejo, EPE","38.014123, -7.8721227",67704.0,12724.0,3051.0,,83479.0
2023-09,2023/09/01,Região de Saúde do Alentejo,"Unidade Local de Saúde do Norte Alentejano, EPE","39.3003425, -7.4263845",58633.0,6126.0,1916.0,,66675.0
2023-09,2023/09/01,Região de Saúde do Centro,"Centro Hospitalar Tondela-Viseu, EPE","40.516364, -8.0827433",86598.0,24834.0,11450.0,,122882.0
2023-09,2023/09/01,Região de Saúde do Centro,"Unidade Local de Saúde da Guarda, EPE","40.5309916, -7.2734793",60342.0,10897.0,3277.0,,74516.0
2023-09,2023/09/01,Região de Saúde Norte,"Centro Hospitalar Universitário de Santo António, EPE","41.1472498, -8.6172617",97289.0,,15279.0,,112568.0
2023-10,2023/10/01,Região de Saúde do Alentejo,"Unidade Local de Saúde do Baixo Alentejo, EPE","38.014123, -7.8721227",75233.0,14386.0,3494.0,,93113.0
2023-10,2023/10/01,Região de Saúde do Alentejo,"Unidade Local de Saúde do Litoral Alentejano, EPE","38.0162314, -8.6956768",80972.0,,,,80972.0
2023-10,2023/10/01,Região de Saúde do Algarve,"Centro Hospitalar Universitário do Algarve,EPE","37.0238973, -7.9281554",242500.0,57464.0,15623.0,0.0,315587.0
2023-10,2023/10/01,Região de Saúde do Centro,"Centro Hospitalar Universitário Cova da Beira, EPE","40.2804158, -7.4922407",42011.0,12101.0,3410.0,316.0,57838.0
2023-10,2023/10/01,Região de Saúde do Centro,"Centro Hospitalar de Leiria, EPE","39.7414812, -8.7982706",111286.0,25526.0,12107.0,,148919.0
2023-10,2023/10/01,Região de Saúde do Centro,"Centro Hospitalar Tondela-Viseu, EPE","40.516364, -8.0827433",95973.0,27991.0,12656.0,,136620.0
2023-10,2023/10/01,Região de Saúde LVT,"Centro Hospitalar de Lisboa Ocidental, EPE","38.708454, -9.216985",77267.0,24910.0,13580.0,,115757.0
2023-10,2023/10/01,Região de Saúde LVT,"Centro Hospitalar de Setúbal, EPE","38.5283754, -8.8818638",63301.0,27425.0,8289.0,,99015.0
2023-10,2023/10/01,Região de Saúde LVT,"Hospital de Cascais, PPP","38.729006, -9.418267",75358.0,39479.0,12614.0,,127451.0
2023-10,2023/10/01,Região de Saúde LVT,"Hospital Garcia de Orta, EPE","38.6658713, -9.1822554",73027.0,39045.0,14671.0,,126743.0
2023-10,2023/10/01,Região de Saúde Norte,"Centro Hospitalar do Médio Ave, EPE","41.3423984, -8.4802503",73520.0,26217.0,5995.0,,105732.0
2023-10,2023/10/01,Região de Saúde Norte,"Centro Hospitalar Tâmega e Sousa, EPE","41.2494561, -8.264901",130386.0,29887.0,13016.0,,173289.0
2023-10,2023/10/01,Região de Saúde Norte,"Centro Hospitalar Trás-os-Montes e Alto Douro, EPE","41.3031784, -7.7515252",129533.0,24692.0,7227.0,,161452.0
2023-10,2023/10/01,Região de Saúde Norte,"Centro Hospitalar Universitário de Santo António, EPE","41.1472498, -8.6172617",107717.0,,17116.0,,124833.0
2023-10,2023/10/01,Região de Saúde Norte,"Unidade Local de Saúde de Matosinhos, EPE","41.1794456, -8.6745115",70178.0,,7946.0,,78124.0
2023-11,2023/11/01,Região de Saúde do Alentejo,"Unidade Local de Saúde do Baixo Alentejo, EPE","38.014123, -7.8721227",82577.0,16055.0,3888.0,,102520.0
2023-11,2023/11/01,Região de Saúde do Centro,"Centro Hospitalar Universitário Cova da Beira, EPE","40.2804158, -7.4922407",45944.0,13541.0,3755.0,364.0,63604.0
2023-11,2023/11/01,Região de Saúde LVT,"Centro Hospitalar Universitário de Lisboa Norte, EPE","38.7500861, -9.1616116",127832.0,42138.0,10319.0,,180289.0
2023-11,2023/11/01,Região de Saúde LVT,"Hospital de Cascais, PPP","38.729006, -9.418267",82014.0,44196.0,13946.0,,140156.0
2023-11,2023/11/01,Região de Saúde Norte,"Centro Hospitalar Universitário de São João, EPE","41.1831056, -8.6010558",160123.0,73217.0,12354.0,,245694.0
2023-11,2023/11/01,Região de Saúde Norte,"Centro Hospitalar do Médio Ave, EPE","41.3423984, -8.4802503",79990.0,29711.0,6651.0,,116352.0
2023-11,2023/11/01,Região de Saúde Norte,"Centro Hospitalar Póvoa de Varzim/Vila do Conde, EPE","41.3828711, -8.7589945",65490.0,,,,65490.0
2023-12,2023/12/01,Região de Saúde do Centro,"Centro Hospitalar do Baixo Vouga, EPE","40.6362453, -8.6543716",131126.0,42699.0,6914.0,,180739.0
2023-12,2023/12/01,Região de Saúde do Centro,"Centro Hospitalar Tondela-Viseu, EPE","40.516364, -8.0827433",114643.0,35086.0,14894.0,,164623.0
2023-12,2023/12/01,Região de Saúde do Centro,"Hospital Distrital da Figueira da Foz, EPE","40.117897, -8.8586755",52242.0,19736.0,,,71978.0
2023-12,2023/12/01,Região de Saúde LVT,"Centro Hospitalar Barreiro/Montijo, EPE","38.6554005, -9.0592392",114983.0,32852.0,9064.0,,156899.0
2023-12,2023/12/01,Região de Saúde LVT,"Centro Hospitalar do Oeste, EPE","39.4054629, -9.1258493",118679.0,47109.0,3822.0,,169610.0
2023-12,2023/12/01,Região de Saúde LVT,"Centro Hospitalar Universitário de Lisboa Norte, EPE","38.7500861, -9.1616116",138346.0,47249.0,10319.0,,195914.0
2023-12,2023/12/01,Região de Saúde Norte,"Centro Hospitalar Póvoa de Varzim/Vila do Conde, EPE","41.3828711, -8.7589945",72262.0,,,,72262.0
2023-12,2023/12/01,Região de Saúde Norte,"Centro Hospitalar Tâmega e Sousa, EPE","41.2494561, -8.264901",152668.0,34150.0,14562.0,,201380.0
2024-01,2024/01/01,Região de Saúde do Centro,"Unidade Local de Saúde da Guarda, EPE","40.5309943471486, -7.0",6762.0,1282.0,352.0,,8396.0
2024-01,2024/01/01,Região de Saúde LVT,"Unidade Local de Saúde da Lezíria, EPE","39.232503, -8.715083",5647.0,2282.0,570.0,,8499.0
2024-01,2024/01/01,Região de Saúde Norte,"Unidade Local de Saúde da Póvoa de Varzim/Vila do Conde, EPE","41.383183, -8.758784",5536.0,,,,5536.0
2024-01,2024/01/01,Região de Saúde do Centro,"Unidade Local de Saúde da Região de Leiria, EPE","39.7418, -8.79444",10042.0,2483.0,800.0,,13325.0
2024-01,2024/01/01,Região de Saúde Norte,"Unidade Local de Saúde de Matosinhos, EPE","41.181859, -8.663374",6206.0,,615.0,,6821.0
2025-01,2025/01/01,Região de Saúde LVT,"Unidade Local de Saúde da Arrábida, EPE","38.529351, -8.881073",6778.0,3194.0,568.0,,10540.0
2025-01,2025/01/01,Região de Saúde do Centro,"Unidade Local de Saúde da Região de Aveiro, EPE","40.636332, -8.654388",9872.0,3498.0,547.0,,13917.0
2025-01,2025/01/01,Região de Saúde Norte,"Unidade Local de Saúde de Barcelos/Esposende, EPE","41.533438, -8.616604",4111.0,751.0,,,4862.0
2025-01,2025/01/01,Região de Saúde Norte,"Unidade Local de Saúde de Entre Douro e Vouga, EPE","40.9295, -8.54567",12394.0,2115.0,573.0,,15082.0
2025-01,2025/01/01,Região de Saúde LVT,"Unidade Local de Saúde de Loures-Odivelas, EPE","38.821769, -9.176301",5547.0,1950.0,959.0,0.0,8456.0
2025-01,2025/01/01,Região de Saúde do Alentejo,"Unidade Local de Saúde do Litoral Alentejano, EPE","38.039936, -8.731693",7824.0,,,,7824.0
2026-01,2026/01/01,Região de Saúde do Centro,"Unidade Local de Saúde Castelo Branco, EPE","39.822737, -7.499876",3927.0,1500.0,274.0,39.0,5740.0
2026-01,2026/01/01,Região de Saúde LVT,"Unidade Local de Saúde da Arrábida, EPE","38.529351, -8.881073",6624.0,2369.0,451.0,,9444.0
2026-01,2026/01/01,Região de Saúde do Centro,"Unidade Local de Saúde da Guarda, EPE","40.5309943471486, -7.0",6731.0,1376.0,393.0,,8500.0
2026-01,2026/01/01,Região de Saúde LVT,"Unidade Local de Saúde da Lezíria, EPE","39.232503, -8.715083",5789.0,1868.0,600.0,,8257.0
2026-01,2026/01/01,Região de Saúde do Centro,"Unidade Local de Saúde da Região de Aveiro, EPE","40.636332, -8.654388",9872.0,3498.0,547.0,,13917.0
2026-01,2026/01/01,Região de Saúde LVT,"Unidade Local de Saúde de Amadora/Sintra, EPE","38.7436332060551, -9.0",11351.0,3809.0,1406.0,,16566.0
2026-01,2026/01/01,Região de Saúde do Centro,"Unidade Local de Saúde de Dão-Lafões, EPE","40.6509, -7.91039",10567.0,2148.0,1099.0,,13814.0
2026-01,2026/01/01,Região de Saúde Norte,"Unidade Local de Saúde de Entre Douro e Vouga, EPE","40.9295, -8.54567",9966.0,1389.0,551.0,,11906.0
2026-01,2026/01/01,Região de Saúde Norte,"Unidade Local de Saúde de Matosinhos, EPE","41.181859, -8.663374",5540.0,,798.0,,6338.0
2026-01,2026/01/01,Região de Saúde do Alentejo,"Unidade Local de Saúde do Alto Alentejo, EPE","39.2999, -7.4267",5961.0,895.0,227.0,0.0,7083.0
2026-01,2026/01/01,Região de Saúde LVT,"Unidade Local de Saúde do Arco Ribeirinho, EPE","38.6527214050293, -9.0",7642.0,2510.0,348.0,0.0,10500.0
2026-01,2026/01/01,Região de Saúde Norte,"Unidade Local de Saúde do Médio Ave, EPE","41.3422317504883, -8.0",5711.0,1845.0,634.0,,8190.0
2026-01,2026/01/01,Região de Saúde LVT,"Unidade Local de Saúde do Oeste, EPE","39.4055519104004, -9.0",7921.0,2949.0,498.0,,11368.0
2024-02,2024/02/01,Região de Saúde do Centro,"Unidade Local de Saúde Castelo Branco, EPE","39.822737, -7.499876",8311.0,2905.0,374.0,,11590.0
2024-02,2024/02/01,Região de Saúde LVT,"Unidade Local de Saúde da Lezíria, EPE","39.232503, -8.715083",11627.0,4642.0,1119.0,,17388.0
2024-02,2024/02/01,Região de Saúde do Centro,"Unidade Local de Saúde da Região de Aveiro, EPE","40.636332, -8.654388",18709.0,7382.0,915.0,,27006.0
2024-02,2024/02/01,Região de Saúde do Alentejo,"Unidade Local de Saúde do Alto Alentejo, EPE","39.2999, -7.4267",12472.0,1395.0,417.0,,14284.0
2024-02,2024/02/01,Região de Saúde LVT,"Unidade Local de Saúde do Estuário do Tejo, EPE","38.977344, -8.984882",12503.0,8073.0,1315.0,,21891.0
2024-02,2024/02/01,Região de Saúde Norte,"Unidade Local de Saúde do Médio Ave, EPE","41.3422317504883, -8.0",13529.0,5665.0,1120.0,,20314.0
2024-02,2024/02/01,Região de Saúde LVT,"Unidade Local de Saúde do Médio Tejo, EPE","39.605565, -8.404399",17351.0,4224.0,623.0,,22198.0
2024-02,2024/02/01,Região de Saúde Norte,"Unidade Local de Saúde do Nordeste, EPE","41.802452, -6.768198",16699.0,,,,16699.0
2024-02,2024/02/01,Região de Saúde LVT,"Unidade Local de Saúde do Oeste, EPE","39.4055519104004, -9.0",18343.0,7933.0,954.0,,27230.0
2025-02,2025/02/01,Região de Saúde LVT,"Hospital de Cascais, PPP","38.730076, -9.418207",13859.0,7357.0,2393.0,130.0,23739.0
2025-02,2025/02/01,Região de Saúde do Centro,"Unidade Local de Saúde Castelo Branco, EPE","39.822737, -7.499876",8210.0,2785.0,409.0,54.0,11458.0
2025-02,2025/02/01,Região de Saúde LVT,"Unidade Local de Saúde da Lezíria, EPE","39.232503, -8.715083",12980.0,4590.0,1012.0,,18582.0
2025-02,2025/02/01,Região de Saúde Norte,"Unidade Local de Saúde da Póvoa de Varzim/Vila do Conde, EPE","41.383183, -8.758784",10998.0,,,,10998.0
2025-02,2025/02/01,Região de Saúde Norte,"Unidade Local de Saúde de Braga, EPE","41.562328338623, -8.3",22122.0,6881.0,1809.0,,30812.0
2025-02,2025/02/01,Região de Saúde LVT,"Unidade Local de Saúde de Lisboa Ocidental, EPE","38.7084, -9.21711",15023.0,5295.0,2337.0,0.0,22655.0
2025-02,2025/02/01,Região de Saúde Norte,"Unidade Local de Saúde de Matosinhos, EPE","41.181859, -8.663374",12191.0,,1331.0,,13522.0
2025-02,2025/02/01,Região de Saúde Norte,"Unidade Local de Saúde de Trás-os-Montes e Alto Douro, EPE","41.310331, -7.760103",31332.0,5440.0,797.0,,37569.0
2025-02,2025/02/01,Região de Saúde do Alentejo,"Unidade Local de Saúde do Alentejo Central, EPE","38.568838, -7.903064",8209.0,3056.0,,,11265.0
2025-02,2025/02/01,Região de Saúde do Algarve,"Unidade Local de Saúde do Algarve, EPE","37.024668, -7.928949",45800.0,12938.0,1993.0,0.0,60731.0
2025-02,2025/02/01,Região de Saúde Norte,"Unidade Local de Saúde do Alto Minho, EPE","41.697519, -8.832517",18709.0,3402.0,953.0,,23064.0
2025-02,2025/02/01,Região de Saúde LVT,"Unidade Local de Saúde do Arco Ribeirinho, EPE","38.6527214050293, -9.0",17992.0,4941.0,1205.0,0.0,24138.0
2025-02,2025/02/01,Região de Saúde do Alentejo,"Unidade Local de Saúde do Baixo Alentejo, EPE","38.0146, -7.86863",15658.0,3525.0,681.0,,19864.0
2025-02,2025/02/01,Região de Saúde LVT,"Unidade Local de Saúde do Estuário do Tejo, EPE","38.977344, -8.984882",11787.0,7674.0,979.0,,20440.0
2025-02,2025/02/01,Região de Saúde LVT,"Unidade Local de Saúde do Oeste, EPE","39.4055519104004, -9.0",16460.0,6710.0,962.0,,24132.0
2026-02,2026/02/01,Região de Saúde do Centro,"Unidade Local de Saúde da Cova da Beira, EPE","40.2776794433594, -7.0",7283.0,2576.0,572.0,0.0,10431.0
2026-02,2026/02/01,Região de Saúde do Centro,"Unidade Local de Saúde da Região de Aveiro, EPE","40.636332, -8.654388",19008.0,6871.0,1114.0,,26993.0
2026-02,2026/02/01,Região de Saúde do Centro,"Unidade Local de Saúde de Coimbra, EPE","40.217426, -8.410075",25519.0,7524.0,3034.0,,36077.0
2026-02,2026/02/01,Região de Saúde Norte,"Unidade Local de Saúde de Vila Nova de Gaia/Espinho, EPE","41.1254463195801, -8.0",18793.0,4791.0,1293.0,,24877.0
2026-02,2026/02/01,Região de Saúde do Alentejo,"Unidade Local de Saúde do Alto Alentejo, EPE","39.2999, -7.4267",11240.0,1561.0,421.0,0.0,13222.0
2026-02,2026/02/01,Região de Saúde do Alentejo,"Unidade Local de Saúde do Baixo Alentejo, EPE","38.0146, -7.86863",13536.0,2609.0,706.0,,16851.0
2026-02,2026/02/01,Região de Saúde Norte,"Unidade Local de Saúde do Médio Ave, EPE","41.3422317504883, -8.0",11141.0,3527.0,1178.0,,15846.0
2026-02,2026/02/01,Região de Saúde Norte,"Unidade Local de Saúde do Nordeste, EPE","41.802452, -6.768198",16067.0,,,,16067.0
2026-02,2026/02/01,Região de Saúde LVT,"Unidade Local de Saúde do Oeste, EPE","39.4055519104004, -9.0",14930.0,5397.0,959.0,,21286.0
2024-03,2024/03/01,Região de Saúde do Centro,"Unidade Local de Saúde Castelo Branco, EPE","39.822737, -7.499876",12757.0,4469.0,581.0,,17807.0
2024-03,2024/03/01,Região de Saúde do Centro,"Unidade Local de Saúde da Cova da Beira, EPE","40.2776794433594, -7.0",11647.0,4289.0,953.0,74.0,16963.0
2024-03,2024/03/01,Região de Saúde LVT,"Unidade Local de Saúde da Lezíria, EPE","39.232503, -8.715083",18388.0,7862.0,1802.0,,28052.0
2024-03,2024/03/01,Região de Saúde Norte,"Unidade Local de Saúde da Póvoa de Varzim/Vila do Conde, EPE","41.383183, -8.758784",17147.0,,,,17147.0
2024-03,2024/03/01,Região de Saúde Norte,"Unidade Local de Saúde de Barcelos/Esposende, EPE","41.533438, -8.616604",12732.0,3877.0,,,16609.0
2024-03,2024/03/01,Região de Saúde Norte,"Unidade Local de Saúde de Entre Douro e Vouga, EPE","40.9295, -8.54567",44439.0,8987.0,1899.0,,55325.0
2024-03,2024/03/01,Região de Saúde LVT,"Unidade Local de Saúde de São José, EPE","38.7169, -9.13654",31917.0,21280.0,5921.0,1502.0,60620.0
2025-03,2025/03/01,Região de Saúde Norte,"Unidade Local de Saúde de Barcelos/Esposende, EPE","41.533438, -8.616604",12488.0,2348.0,,,14836.0
2025-03,2025/03/01,Região de Saúde Norte,"Unidade Local de Saúde de Braga, EPE","41.562328338623, -8.3",34173.0,10602.0,2756.0,,47531.0
2025-03,2025/03/01,Região de Saúde LVT,"Unidade Local de Saúde de Loures-Odivelas, EPE","38.821769, -9.176301",16143.0,5514.0,3032.0,0.0,24689.0
2025-03,2025/03/01,Região de Saúde LVT,"Unidade Local de Saúde de Santa Maria, EPE","38.7500648498535, -9.0",29478.0,11092.0,3797.0,,44367.0
2025-03,2025/03/01,Região de Saúde do Algarve,"Unidade Local de Saúde do Algarve, EPE","37.024668, -7.928949",68650.0,18557.0,3203.0,0.0,90410.0
2025-03,2025/03/01,Região de Saúde Norte,"Unidade Local de Saúde do Alto Ave, EPE","41.488574, -8.338685",23882.0,7270.0,2332.0,,33484.0
2025-03,2025/03/01,Região de Saúde Norte,"Unidade Local de Saúde do Alto Minho, EPE","41.697519, -8.832517",28114.0,5312.0,1447.0,,34873.0
2025-03,2025/03/01,Região de Saúde LVT,"Unidade Local de Saúde do Estuário do Tejo, EPE","38.977344, -8.984882",17724.0,9671.0,1416.0,,28811.0
2025-03,2025/03/01,Região de Saúde Norte,"Unidade Local de Saúde do Nordeste, EPE","41.802452, -6.768198",25492.0,,,,25492.0
2024-04,2024/04/01,Região de Saúde LVT,"Hospital de Cascais, PPP","38.730076, -9.418207",26761.0,16395.0,5315.0,294.0,48765.0
2024-04,2024/04/01,Região de Saúde Norte,"Unidade Local de Saúde da Póvoa de Varzim/Vila do Conde, EPE","41.383183, -8.758784",23064.0,,,,23064.0
2024-04,2024/04/01,Região de Saúde Norte,"Unidade Local de Saúde de Braga, EPE","41.562328338623, -8.3",49293.0,17482.0,3775.0,,70550.0
2024-04,2024/04/01,Região de Saúde Norte,"Unidade Local de Saúde de Santo António, EPE","41.147283, -8.619536",41169.0,,6667.0,,47836.0
2024-04,2024/04/01,Região de Saúde Norte,"Unidade Local de Saúde de São João, EPE","41.1833, -8.60193",55187.0,28426.0,4103.0,,87716.0
2024-04,2024/04/01,Região de Saúde Norte,"Unidade Local de Saúde de Trás-os-Montes e Alto Douro, EPE","41.310331, -7.760103",61592.0,11168.0,1878.0,,74638.0
2024-04,2024/04/01,Região de Saúde LVT,"Unidade Local de Saúde do Arco Ribeirinho, EPE","38.6527214050293, -9.0",38399.0,7523.0,2331.0,0.0,48253.0
2025-04,2025/04/01,Região de Saúde do Centro,"Unidade Local de Saúde Castelo Branco, EPE","39.822737, -7.499876",16382.0,4988.0,792.0,125.0,22287.0
2025-04,2025/04/01,Região de Saúde LVT,"Unidade Local de Saúde de Almada-Seixal, EPE","38.67381, -9.17597",27930.0,11127.0,3565.0,,42622.0
2025-04,2025/04/01,Região de Saúde LVT,"Unidade Local de Saúde de Lisboa Ocidental, EPE","38.7084, -9.21711",30454.0,9529.0,4669.0,0.0,44652.0
2025-04,2025/04/01,Região de Saúde Norte,"Unidade Local de Saúde de Matosinhos, EPE","41.181859, -8.663374",24834.0,,2704.0,,27538.0
2025-04,2025/04/01,Região de Saúde LVT,"Unidade Local de Saúde de Santa Maria, EPE","38.7500648498535, -9.0",39795.0,14433.0,5245.0,,59473.0
2025-04,2025/04/01,Região de Saúde do Alentejo,"Unidade Local de Saúde do Alto Alentejo, EPE","39.2999, -7.4267",24910.0,3188.0,793.0,0.0,28891.0
2025-04,2025/04/01,Região de Saúde Norte,"Unidade Local de Saúde do Alto Ave, EPE","41.488574, -8.338685",31986.0,9236.0,3180.0,,44402.0
2025-04,2025/04/01,Região de Saúde do Centro,"Unidade Local de Saúde do Baixo Mondego, EPE","40.130297609, -8.8606",15291.0,5447.0,,,20738.0
2025-04,2025/04/01,Região de Saúde Norte,"Unidade Local de Saúde do Tâmega e Sousa, EPE","41.1971153671548, -8.0",55636.0,10168.0,3857.0,,69661.0
2024-05,2024/05/01,Região de Saúde do Centro,"Unidade Local de Saúde da Região de Aveiro, EPE","40.636332, -8.654388",51865.0,21193.0,2517.0,,75575.0
2024-05,2024/05/01,Região de Saúde LVT,"Unidade Local de Saúde de Amadora/Sintra, EPE","38.7436332060551, -9.0",75970.0,22350.0,7258.0,0.0,105578.0
2024-05,2024/05/01,Região de Saúde Norte,"Unidade Local de Saúde de Braga, EPE","41.562328338623, -8.3",62649.0,22098.0,4794.0,,89541.0
2024-05,2024/05/01,Região de Saúde do Centro,"Unidade Local de Saúde de Dão-Lafões, EPE","40.6509, -7.91039",46642.0,14875.0,6012.0,,67529.0
2024-05,2024/05/01,Região de Saúde Norte,"Unidade Local de Saúde de Entre Douro e Vouga, EPE","40.9295, -8.54567",70714.0,14457.0,3082.0,,88253.0
2024-05,2024/05/01,Região de Saúde LVT,"Unidade Local de Saúde de Lisboa Ocidental, EPE","38.7084, -9.21711",37458.0,13868.0,5563.0,,56889.0
2024-05,2024/05/01,Região de Saúde do Alentejo,"Unidade Local de Saúde do Alentejo Central, EPE","38.568838, -7.903064",18971.0,8208.0,,,27179.0
2024-05,2024/05/01,Região de Saúde do Alentejo,"Unidade Local de Saúde do Alto Alentejo, EPE","39.2999, -7.4267",33018.0,3977.0,1096.0,,38091.0
2024-05,2024/05/01,Região de Saúde LVT,"Unidade Local de Saúde do Estuário do Tejo, EPE","38.977344, -8.984882",34021.0,21535.0,3034.0,,58590.0
2024-05,2024/05/01,Região de Saúde Norte,"Unidade Local de Saúde do Médio Ave, EPE","41.3422317504883, -8.0",36239.0,15823.0,2971.0,0.0,55033.0
2025-05,2025/05/01,Região de Saúde do Centro,"Unidade Local de Saúde Castelo Branco, EPE","39.822737, -7.499876",20791.0,6269.0,1030.0,125.0,28215.0
2025-05,2025/05/01,Região de Saúde do Centro,"Unidade Local de Saúde da Cova da Beira, EPE","40.2776794433594, -7.0",19643.0,7035.0,1486.0,200.0,28364.0
2025-05,2025/05/01,Região de Saúde LVT,"Unidade Local de Saúde de Lisboa Ocidental, EPE","38.7084, -9.21711",38263.0,11712.0,5764.0,0.0,55739.0
2025-05,2025/05/01,Região de Saúde Norte,"Unidade Local de Saúde de Matosinhos, EPE","41.181859, -8.663374",31341.0,,3475.0,,34816.0
2025-05,2025/05/01,Região de Saúde do Alentejo,"Unidade Local de Saúde do Alentejo Central, EPE","38.568838, -7.903064",21242.0,6699.0,,,27941.0
2025-05,2025/05/01,Região de Saúde Norte,"Unidade Local de Saúde do Alto Ave, EPE","41.488574, -8.338685",40455.0,11445.0,4074.0,,55974.0
2025-05,2025/05/01,Região de Saúde do Alentejo,"Unidade Local de Saúde do Litoral Alentejano, EPE","38.039936, -8.731693",37528.0,,,,37528.0
2025-05,2025/05/01,Região de Saúde Norte,"Unidade Local de Saúde do Nordeste, EPE","41.802452, -6.768198",41593.0,,,,41593.0
2025-05,2025/05/01,Região de Saúde LVT,"Unidade Local de Saúde do Oeste, EPE","39.4055519104004, -9.0",42118.0,15973.0,2773.0,,60864.0
2024-06,2024/06/01,Região de Saúde LVT,"Hospital de Cascais, PPP","38.730076, -9.418207",41538.0,24810.0,8129.0,432.0,74909.0
2024-06,2024/06/01,Região de Saúde LVT,"Unidade Local de Saúde da Arrábida, EPE","38.529351, -8.881073",36009.0,16105.0,3558.0,,55672.0
2024-06,2024/06/01,Região de Saúde Norte,"Unidade Local de Saúde da Póvoa de Varzim/Vila do Conde, EPE","41.383183, -8.758784",34415.0,,,,34415.0
2024-06,2024/06/01,Região de Saúde LVT,"Unidade Local de Saúde de Santa Maria, EPE","38.7500648498535, -9.0",69051.0,25286.0,1919.0,,96256.0
2024-06,2024/06/01,Região de Saúde do Algarve,"Unidade Local de Saúde do Algarve, EPE","37.024668, -7.928949",141489.0,38062.0,8196.0,0.0,187747.0
2024-06,2024/06/01,Região de Saúde Norte,"Unidade Local de Saúde do Alto Ave, EPE","41.488574, -8.338685",51534.0,20238.0,5074.0,,76846.0
2024-06,2024/06/01,Região de Saúde do Alentejo,"Unidade Local de Saúde do Litoral Alentejano, EPE","38.039936, -8.731693",51345.0,,,,51345.0
2025-06,2025/06/01,Região de Saúde LVT,"Unidade Local de Saúde da Lezíria, EPE","39.232503, -8.715083",37569.0,11043.0,3085.0,,51697.0
2025-06,2025/06/01,Região de Saúde Norte,"Unidade Local de Saúde de Barcelos/Esposende, EPE","41.533438, -8.616604",25543.0,4293.0,,,29836.0
2025-06,2025/06/01,Região de Saúde Norte,"Unidade Local de Saúde de Entre Douro e Vouga, EPE","40.9295, -8.54567",73054.0,11123.0,3472.0,,87649.0
2025-06,2025/06/01,Região de Saúde Norte,"Unidade Local de Saúde de Matosinhos, EPE","41.181859, -8.663374",37906.0,,4206.0,,42112.0
2025-06,2025/06/01,Região de Saúde Norte,"Unidade Local de Saúde de Santo António, EPE","41.147283, -8.619536",60807.0,,7754.0,,68561.0
2025-06,2025/06/01,Região de Saúde Norte,"Unidade Local de Saúde de Vila Nova de Gaia/Espinho, EPE","41.1254463195801, -8.0",64355.0,17043.0,3762.0,,85160.0
2025-06,2025/06/01,Região de Saúde do Alentejo,"Unidade Local de Saúde do Alto Alentejo, EPE","39.2999, -7.4267",37841.0,4469.0,1265.0,0.0,43575.0
2025-06,2025/06/01,Região de Saúde Norte,"Unidade Local de Saúde do Alto Minho, EPE","41.697519, -8.832517",57269.0,10198.0,3063.0,,70530.0
2025-06,2025/06/01,Região de Saúde LVT,"Unidade Local de Saúde do Arco Ribeirinho, EPE","38.6527214050293, -9.0",52958.0,13508.0,2824.0,0.0,69290.0
2025-06,2025/06/01,Região de Saúde do Alentejo,"Unidade Local de Saúde do Litoral Alentejano, EPE","38.039936, -8.731693",,,,,
2025-06,2025/06/01,Região de Saúde LVT,"Unidade Local de Saúde do Médio Tejo, EPE","39.605565, -8.404399",58603.0,14117.0,1744.0,,74464.0
2025-06,2025/06/01,Região de Saúde Norte,"Unidade Local de Saúde do Nordeste, EPE","41.802452, -6.768198",49632.0,,,,49632.0
2024-07,2024/07/01,Região de Saúde LVT,"Unidade Local de Saúde da Lezíria, EPE","39.232503, -8.715083",45321.0,18545.0,4397.0,,68263.0
2024-07,2024/07/01,Região de Saúde Norte,"Unidade Local de Saúde do Nordeste, EPE","41.802452, -6.768198",61593.0,,,,61593.0
2025-07,2025/07/01,Região de Saúde do Centro,"Unidade Local de Saúde Castelo Branco, EPE","39.822737, -7.499876",29582.0,8374.0,1399.0,210.0,39565.0
2025-07,2025/07/01,Região de Saúde LVT,"Unidade Local de Saúde da Arrábida, EPE","38.529351, -8.881073",47862.0,19169.0,3111.0,,70142.0
2025-07,2025/07/01,Região de Saúde LVT,"Unidade Local de Saúde de Amadora/Sintra, EPE","38.7436332060551, -9.0",91629.0,27831.0,9322.0,,128782.0
2025-07,2025/07/01,Região de Saúde LVT,"Unidade Local de Saúde de Lisboa Ocidental, EPE","38.7084, -9.21711",53815.0,15390.0,8127.0,0.0,77332.0
2025-07,2025/07/01,Região de Saúde Norte,"Unidade Local de Saúde de Matosinhos, EPE","41.181859, -8.663374",44542.0,,5041.0,,49583.0
2025-07,2025/07/01,Região de Saúde LVT,"Unidade Local de Saúde de São José, EPE","38.7169, -9.13654",76500.0,40615.0,12277.0,3353.0,132745.0
2025-07,2025/07/01,Região de Saúde Norte,"Unidade Local de Saúde de Trás-os-Montes e Alto Douro, EPE","41.310331, -7.760103",110903.0,16184.0,3177.0,,130264.0
2025-07,2025/07/01,Região de Saúde do Alentejo,"Unidade Local de Saúde do Baixo Alentejo, EPE","38.0146, -7.86863",53674.0,10139.0,2477.0,,66290.0
2025-07,2025/07/01,Região de Saúde Norte,"Unidade Local de Saúde do Médio Ave, EPE","41.3422317504883, -8.0",45992.0,13013.0,4269.0,,63274.0
2025-07,2025/07/01,Região de Saúde LVT,"Unidade Local de Saúde do Oeste, EPE","39.4055519104004, -9.0",59791.0,20952.0,4105.0,,84848.0
2024-08,2024/08/01,Região de Saúde LVT,"Hospital de Cascais, PPP","38.730076, -9.418207",56048.0,31176.0,11035.0,562.0,98821.0
2024-08,2024/08/01,Região de Saúde LVT,"Unidade Local de Saúde de Lisboa Ocidental, EPE","38.7084, -9.21711",59950.0,20037.0,8460.0,0.0,88447.0
2024-08,2024/08/01,Região de Saúde LVT,"Unidade Local de Saúde de Santa Maria, EPE","38.7500648498535, -9.0",92888.0,31971.0,3963.0,,128822.0
2024-08,2024/08/01,Região de Saúde Norte,"Unidade Local de Saúde do Médio Ave, EPE","41.3422317504883, -8.0",58331.0,22487.0,4795.0,0.0,85613.0
2024-08,2024/08/01,Região de Saúde Norte,"Unidade Local de Saúde do Nordeste, EPE","41.802452, -6.768198",71588.0,,,,71588.0
2024-08,2024/08/01,Região de Saúde LVT,"Unidade Local de Saúde do Oeste, EPE","39.4055519104004, -9.0",80210.0,33446.0,4202.0,,117858.0
2024-08,2024/08/01,Região de Saúde Norte,"Unidade Local de Saúde do Tâmega e Sousa, EPE","41.1971153671548, -8.0",107106.0,25056.0,8637.0,,140799.0
2025-08,2025/08/01,Região de Saúde do Centro,"Unidade Local de Saúde da Cova da Beira, EPE","40.2776794433594, -7.0",32513.0,10109.0,2466.0,357.0,45445.0
2025-08,2025/08/01,Região de Saúde do Centro,"Unidade Local de Saúde da Guarda, EPE","40.5309943471486, -7.0",53631.0,10006.0,2797.0,,66434.0
2025-08,2025/08/01,Região de Saúde Norte,"Unidade Local de Saúde da Póvoa de Varzim/Vila do Conde, EPE","41.383183, -8.758784",42924.0,,,,42924.0
2025-08,2025/08/01,Região de Saúde do Centro,"Unidade Local de Saúde da Região de Aveiro, EPE","40.636332, -8.654388",79754.0,23473.0,4015.0,,107242.0
2025-08,2025/08/01,Região de Saúde do Centro,"Unidade Local de Saúde da Região de Leiria, EPE","39.7418, -8.79444",79548.0,14884.0,4885.0,,99317.0
2025-08,2025/08/01,Região de Saúde LVT,"Unidade Local de Saúde de Almada-Seixal, EPE","38.67381, -9.17597",57336.0,19499.0,7093.0,,83928.0
2025-08,2025/08/01,Região de Saúde Norte,"Unidade Local de Saúde de Barcelos/Esposende, EPE","41.533438, -8.616604",34725.0,5459.0,,,40184.0
2025-08,2025/08/01,Região de Saúde Norte,"Unidade Local de Saúde de Braga, EPE","41.562328338623, -8.3",100342.0,24879.0,7779.0,,133000.0
2025-08,2025/08/01,Região de Saúde LVT,"Unidade Local de Saúde de Lisboa Ocidental, EPE","38.7084, -9.21711",61255.0,16689.0,9222.0,0.0,87166.0
2025-08,2025/08/01,Região de Saúde do Alentejo,"Unidade Local de Saúde do Alentejo Central, EPE","38.568838, -7.903064",34529.0,10272.0,,,44801.0
2025-08,2025/08/01,Região de Saúde do Algarve,"Unidade Local de Saúde do Algarve, EPE","37.024668, -7.928949",198634.0,46765.0,8915.0,0.0,254314.0
2025-08,2025/08/01,Região de Saúde Norte,"Unidade Local de Saúde do Alto Minho, EPE","41.697519, -8.832517",80574.0,13228.0,4375.0,,98177.0
2025-08,2025/08/01,Região de Saúde do Alentejo,"Unidade Local de Saúde do Baixo Alentejo, EPE","38.0146, -7.86863",61547.0,11226.0,2865.0,,75638.0
2025-08,2025/08/01,Região de Saúde LVT,"Unidade Local de Saúde do Médio Tejo, EPE","39.605565, -8.404399",79659.0,18047.0,2518.0,,100224.0
2024-09,2024/09/01,Região de Saúde do Centro,"Unidade Local de Saúde da Cova da Beira, EPE","40.2776794433594, -7.0",37663.0,12591.0,3010.0,361.0,53625.0
2024-09,2024/09/01,Região de Saúde do Centro,"Unidade Local de Saúde da Guarda, EPE","40.5309943471486, -7.0",62016.0,12120.0,3015.0,,77151.0
2024-09,2024/09/01,Região de Saúde Norte,"Unidade Local de Saúde de Entre Douro e Vouga, EPE","40.9295, -8.54567",121505.0,21949.0,5431.0,,148885.0
2024-09,2024/09/01,Região de Saúde Norte,"Unidade Local de Saúde de Santo António, EPE","41.147283, -8.619536",95575.0,,15213.0,,110788.0
2024-09,2024/09/01,Região de Saúde do Alentejo,"Unidade Local de Saúde do Alentejo Central, EPE","38.568838, -7.903064",34655.0,13519.0,,,48174.0
2024-09,2024/09/01,Região de Saúde Norte,"Unidade Local de Saúde do Alto Minho, EPE","41.697519, -8.832517",109079.0,15830.0,5264.0,,130173.0
2024-09,2024/09/01,Região de Saúde do Alentejo,"Unidade Local de Saúde do Litoral Alentejano, EPE","38.039936, -8.731693",77711.0,,,,77711.0
2025-09,2025/09/01,Região de Saúde Norte,"Unidade Local de Saúde de Vila Nova de Gaia/Espinho, EPE","41.1254463195801, -8.0",97639.0,23990.0,5939.0,,127568.0
2025-09,2025/09/01,Região de Saúde do Alentejo,"Unidade Local de Saúde do Alentejo Central, EPE","38.568838, -7.903064",38604.0,11511.0,,,50115.0
2025-09,2025/09/01,Região de Saúde do Algarve,"Unidade Local de Saúde do Algarve, EPE","37.024668, -7.928949",223140.0,51853.0,10202.0,0.0,285195.0
2025-09,2025/09/01,Região de Saúde do Centro,"Unidade Local de Saúde do Baixo Mondego, EPE","40.130297609, -8.8606",37195.0,11362.0,,,48557.0
2025-09,2025/09/01,Região de Saúde LVT,"Unidade Local de Saúde do Estuário do Tejo, EPE","38.977344, -8.984882",52999.0,16074.0,3604.0,,72677.0
2025-09,2025/09/01,Região de Saúde Norte,"Unidade Local de Saúde do Médio Ave, EPE","41.3422317504883, -8.0",58638.0,15970.0,5489.0,,80097.0
2024-10,2024/10/01,Região de Saúde LVT,"Unidade Local de Saúde de Amadora/Sintra, EPE","38.7436332060551, -9.0",152514.0,41891.0,15422.0,,209827.0
2024-10,2024/10/01,Região de Saúde LVT,"Unidade Local de Saúde de Loures-Odivelas, EPE","38.821769, -9.176301",59776.0,20356.0,12156.0,0.0,92288.0
2024-10,2024/10/01,Região de Saúde LVT,"Unidade Local de Saúde de São José, EPE","38.7169, -9.13654",114911.0,68439.0,20643.0,5304.0,209297.0
2024-10,2024/10/01,Região de Saúde Norte,"Unidade Local de Saúde de Trás-os-Montes e Alto Douro, EPE","41.310331, -7.760103",164172.0,25807.0,4520.0,,194499.0
2024-10,2024/10/01,Região de Saúde Norte,"Unidade Local de Saúde de Vila Nova de Gaia/Espinho, EPE","41.1254463195801, -8.0",111323.0,32488.0,6833.0,,150644.0
2024-10,2024/10/01,Região de Saúde Norte,"Unidade Local de Saúde do Médio Ave, EPE","41.3422317504883, -8.0",72272.0,27445.0,6074.0,,105791.0
2024-10,2024/10/01,Região de Saúde LVT,"Unidade Local de Saúde do Médio Tejo, EPE","39.605565, -8.404399",100131.0,22750.0,3559.0,,126440.0
2025-10,2025/10/01,Região de Saúde LVT,"Unidade Local de Saúde da Arrábida, EPE","38.529351, -8.881073",69239.0,26787.0,4704.0,,100730.0
2025-10,2025/10/01,Região de Saúde LVT,"Unidade Local de Saúde da Lezíria, EPE","39.232503, -8.715083",63313.0,17455.0,4960.0,,85728.0
2025-10,2025/10/01,Região de Saúde do Centro,"Unidade Local de Saúde de Coimbra, EPE","40.217426, -8.410075",147383.0,39452.0,17687.0,,204522.0
2025-10,2025/10/01,Região de Saúde Norte,"Unidade Local de Saúde de Matosinhos, EPE","41.181859, -8.663374",63404.0,,7372.0,,70776.0
2025-10,2025/10/01,Região de Saúde do Centro,"Unidade Local de Saúde do Baixo Mondego, EPE","40.130297609, -8.8606",41103.0,12855.0,,,53958.0
2025-10,2025/10/01,Região de Saúde LVT,"Unidade Local de Saúde do Médio Tejo, EPE","39.605565, -8.404399",99188.0,22412.0,3082.0,,124682.0
2024-11,2024/11/01,Região de Saúde LVT,"Hospital de Cascais, PPP","38.730076, -9.418207",82139.0,44457.0,15617.0,799.0,143012.0
2024-11,2024/11/01,Região de Saúde Norte,"Unidade Local de Saúde da Póvoa de Varzim/Vila do Conde, EPE","41.383183, -8.758784",61871.0,,,,61871.0
2024-11,2024/11/01,Região de Saúde do Centro,"Unidade Local de Saúde da Região de Leiria, EPE","39.7418, -8.79444",112529.0,22555.0,7663.0,,142747.0
2024-11,2024/11/01,Região de Saúde LVT,"Unidade Local de Saúde de Almada-Seixal, EPE","38.67381, -9.17597",85905.0,35477.0,11388.0,,132770.0
2024-11,2024/11/01,Região de Saúde LVT,"Unidade Local de Saúde de Amadora/Sintra, EPE","38.7436332060551, -9.0",167352.0,47021.0,17013.0,,231386.0
2024-11,2024/11/01,Região de Saúde do Centro,"Unidade Local de Saúde de Coimbra, EPE","40.217426, -8.410075",185366.0,62150.0,21474.0,,268990.0
2024-11,2024/11/01,Região de Saúde do Alentejo,"Unidade Local de Saúde do Alentejo Central, EPE","38.568838, -7.903064",43435.0,16326.0,,,59761.0
2024-11,2024/11/01,Região de Saúde do Algarve,"Unidade Local de Saúde do Algarve, EPE","37.024668, -7.928949",268869.0,66223.0,15479.0,0.0,350571.0
2024-11,2024/11/01,Região de Saúde do Centro,"Unidade Local de Saúde do Baixo Mondego, EPE","40.130297609, -8.8606",47148.0,18235.0,,,65383.0
2024-11,2024/11/01,Região de Saúde do Alentejo,"Unidade Local de Saúde do Litoral Alentejano, EPE","38.039936, -8.731693",95216.0,,,,95216.0
2024-11,2024/11/01,Região de Saúde Norte,"Unidade Local de Saúde do Tâmega e Sousa, EPE","41.1971153671548, -8.0",149349.0,33259.0,11731.0,,194339.0
2025-11,2025/11/01,Região de Saúde do Centro,"Unidade Local de Saúde da Cova da Beira, EPE","40.2776794433594, -7.0",44329.0,13664.0,3456.0,637.0,62086.0
2025-11,2025/11/01,Região de Saúde do Centro,"Unidade Local de Saúde da Guarda, EPE","40.5309943471486, -7.0",72401.0,13464.0,3818.0,,89683.0
2025-11,2025/11/01,Região de Saúde LVT,"Unidade Local de Saúde de Almada-Seixal, EPE","38.67381, -9.17597",78980.0,27564.0,11725.0,,118269.0
2025-11,2025/11/01,Região de Saúde LVT,"Unidade Local de Saúde de Loures-Odivelas, EPE","38.821769, -9.176301",59990.0,17655.0,13012.0,0.0,90657.0
2025-11,2025/11/01,Região de Saúde Norte,"Unidade Local de Saúde do Alto Ave, EPE","41.488574, -8.338685",92661.0,25315.0,9854.0,,127830.0
2025-11,2025/11/01,Região de Saúde LVT,"Unidade Local de Saúde do Estuário do Tejo, EPE","38.977344, -8.984882",64345.0,18977.0,3994.0,,87316.0
2025-11,2025/11/01,Região de Saúde LVT,"Unidade Local de Saúde do Oeste, EPE","39.4055519104004, -9.0",94925.0,32342.0,6335.0,,133602.0
2024-12,2024/12/01,Região de Saúde do Centro,"Unidade Local de Saúde da Região de Aveiro, EPE","40.636332, -8.654388",123623.0,47138.0,6670.0,,177431.0
2024-12,2024/12/01,Região de Saúde LVT,"Unidade Local de Saúde de Lisboa Ocidental, EPE","38.7084, -9.21711",90951.0,31349.0,12294.0,0.0,134594.0
2024-12,2024/12/01,Região de Saúde do Algarve,"Unidade Local de Saúde do Algarve, EPE","37.024668, -7.928949",292003.0,72177.0,16579.0,0.0,380759.0
2024-12,2024/12/01,Região de Saúde Norte,"Unidade Local de Saúde do Alto Ave, EPE","41.488574, -8.338685",104420.0,37039.0,10324.0,,151783.0
2024-12,2024/12/01,Região de Saúde LVT,"Unidade Local de Saúde do Estuário do Tejo, EPE","38.977344, -8.984882",75072.0,49244.0,7852.0,,132168.0
2024-12,2024/12/01,Região de Saúde Norte,"Unidade Local de Saúde do Tâmega e Sousa, EPE","41.1971153671548, -8.0",163456.0,36613.0,12646.0,,212715.0
2025-12,2025/12/01,Região de Saúde LVT,"Unidade Local de Saúde da Arrábida, EPE","38.529351, -8.881073",82527.0,32889.0,5484.0,,120900.0
2025-12,2025/12/01,Região de Saúde do Centro,"Unidade Local de Saúde da Cova da Beira, EPE","40.2776794433594, -7.0",48360.0,15152.0,3784.0,682.0,67978.0
2025-12,2025/12/01,Região de Saúde do Centro,"Unidade Local de Saúde da Região de Aveiro, EPE","40.636332, -8.654388",118681.0,37745.0,6116.0,,162542.0
2025-12,2025/12/01,Região de Saúde do Centro,"Unidade Local de Saúde da Região de Leiria, EPE","39.7418, -8.79444",119331.0,23389.0,7310.0,,150030.0
2025-12,2025/12/01,Região de Saúde Norte,"Unidade Local de Saúde do Alto Minho, EPE","41.697519, -8.832517",120526.0,20786.0,6742.0,,148054.0
2025-12,2025/12/01,Região de Saúde LVT,"Unidade Local de Saúde do Estuário do Tejo, EPE","38.977344, -8.984882",69487.0,20404.0,4189.0,,94080.0
2025-12,2025/12/01,Região de Saúde LVT,"Unidade Local de Saúde do Médio Tejo, EPE","39.605565, -8.404399",118332.0,28123.0,3608.0,,150063.0
2024-01,2024/01/01,Região de Saúde LVT,"Unidade Local de Saúde de Almada-Seixal, EPE","38.67381, -9.17597",6831.0,2711.0,1357.0,0.0,10899.0
2024-01,2024/01/01,Região de Saúde LVT,"Unidade Local de Saúde de Amadora/Sintra, EPE","38.7436332060551, -9.0",13917.0,3268.0,1303.0,,18488.0
2024-01,2024/01/01,Região de Saúde do Centro,"Unidade Local de Saúde de Dão-Lafões, EPE","40.6509, -7.91039",8917.0,3077.0,1110.0,,13104.0
2024-01,2024/01/01,Região de Saúde Norte,"Unidade Local de Saúde de Entre Douro e Vouga, EPE","40.9295, -8.54567",15899.0,2720.0,630.0,,19249.0
2024-01,2024/01/01,Região de Saúde LVT,"Unidade Local de Saúde de Lisboa Ocidental, EPE","38.7084, -9.21711",6569.0,2194.0,1288.0,,10051.0
2024-01,2024/01/01,Região de Saúde Norte,"Unidade Local de Saúde de Santo António, EPE","41.147283, -8.619536",9644.0,,1594.0,,11238.0
2024-01,2024/01/01,Região de Saúde LVT,"Unidade Local de Saúde de São José, EPE","38.7169, -9.13654",10366.0,6734.0,1935.0,489.0,19524.0
2024-01,2024/01/01,Região de Saúde do Alentejo,"Unidade Local de Saúde do Alto Alentejo, EPE","39.2999, -7.4267",6586.0,751.0,206.0,,7543.0
2024-01,2024/01/01,Região de Saúde do Alentejo,"Unidade Local de Saúde do Baixo Alentejo, EPE","38.0146, -7.86863",7970.0,1582.0,332.0,,9884.0
2024-01,2024/01/01,Região de Saúde do Centro,"Unidade Local de Saúde do Baixo Mondego, EPE","40.130297609, -8.8606",3994.0,1621.0,,,5615.0
2024-01,2024/01/01,Região de Saúde LVT,"Unidade Local de Saúde do Médio Tejo, EPE","39.605565, -8.404399",8830.0,1827.0,328.0,,10985.0
2025-01,2025/01/01,Região de Saúde LVT,"Hospital de Cascais, PPP","38.730076, -9.418207",7169.0,3836.0,1210.0,56.0,12271.0
2025-01,2025/01/01,Região de Saúde do Centro,"Unidade Local de Saúde da Cova da Beira, EPE","40.2776794433594, -7.0",3960.0,1993.0,339.0,39.0,6331.0
2025-01,2025/01/01,Região de Saúde do Centro,"Unidade Local de Saúde da Guarda, EPE","40.5309943471486, -7.0",7223.0,1746.0,316.0,,9285.0
2025-01,2025/01/01,Região de Saúde LVT,"Unidade Local de Saúde da Lezíria, EPE","39.232503, -8.715083",6310.0,2423.0,502.0,,9235.0
2025-01,2025/01/01,Região de Saúde LVT,"Unidade Local de Saúde de Almada-Seixal, EPE","38.67381, -9.17597",7108.0,2880.0,1051.0,,11039.0
2025-01,2025/01/01,Região de Saúde do Centro,"Unidade Local de Saúde de Coimbra, EPE","40.217426, -8.410075",15076.0,5161.0,1839.0,,22076.0
2025-01,2025/01/01,Região de Saúde do Centro,"Unidade Local de Saúde de Dão-Lafões, EPE","40.6509, -7.91039",10900.0,2807.0,1130.0,,14837.0
2025-01,2025/01/01,Região de Saúde LVT,"Unidade Local de Saúde de Lisboa Ocidental, EPE","38.7084, -9.21711",7807.0,2765.0,1157.0,0.0,11729.0
2025-01,2025/01/01,Região de Saúde Norte,"Unidade Local de Saúde de Matosinhos, EPE","41.181859, -8.663374",6206.0,,615.0,,6821.0
2025-01,2025/01/01,Região de Saúde Norte,"Unidade Local de Saúde de São João, EPE","41.1833, -8.60193",12890.0,6631.0,1035.0,,20556.0
2025-01,2025/01/01,Região de Saúde Norte,"Unidade Local de Saúde de Trás-os-Montes e Alto Douro, EPE","41.310331, -7.760103",16292.0,2809.0,415.0,,19516.0
2025-01,2025/01/01,Região de Saúde Norte,"Unidade Local de Saúde de Vila Nova de Gaia/Espinho, EPE","41.1254463195801, -8.0",10658.0,3060.0,583.0,,14301.0
2025-01,2025/01/01,Região de Saúde do Alentejo,"Unidade Local de Saúde do Alentejo Central, EPE","38.568838, -7.903064",4224.0,1655.0,,,5879.0
2025-01,2025/01/01,Região de Saúde Norte,"Unidade Local de Saúde do Médio Ave, EPE","41.3422317504883, -8.0",6499.0,1923.0,579.0,0.0,9001.0
2025-01,2025/01/01,Região de Saúde Norte,"Unidade Local de Saúde do Nordeste, EPE","41.802452, -6.768198",9131.0,,,,9131.0
2026-01,2026/01/01,Região de Saúde Norte,"Unidade Local de Saúde do Alto Ave, EPE","41.488574, -8.338685",7783.0,2376.0,883.0,,11042.0
2026-01,2026/01/01,Região de Saúde Norte,"Unidade Local de Saúde do Alto Minho, EPE","41.697519, -8.832517",9259.0,1811.0,613.0,,11683.0
2026-01,2026/01/01,Região de Saúde LVT,"Unidade Local de Saúde do Estuário do Tejo, EPE","38.977344, -8.984882",5705.0,1070.0,262.0,,7037.0
2026-01,2026/01/01,Região de Saúde Norte,"Unidade Local de Saúde do Tâmega e Sousa, EPE","41.1971153671548, -8.0",12206.0,2123.0,934.0,,15263.0
2024-02,2024/02/01,Região de Saúde Norte,"Unidade Local de Saúde da Póvoa de Varzim/Vila do Conde, EPE","41.383183, -8.758784",11014.0,,,,11014.0
2024-02,2024/02/01,Região de Saúde LVT,"Unidade Local de Saúde de Amadora/Sintra, EPE","38.7436332060551, -9.0",28032.0,7309.0,2729.0,,38070.0
2024-02,2024/02/01,Região de Saúde Norte,"Unidade Local de Saúde de Barcelos/Esposende, EPE","41.533438, -8.616604",8199.0,2453.0,,,10652.0
2024-02,2024/02/01,Região de Saúde Norte,"Unidade Local de Saúde de Entre Douro e Vouga, EPE","40.9295, -8.54567",28482.0,5787.0,1278.0,,35547.0
2024-02,2024/02/01,Região de Saúde Norte,"Unidade Local de Saúde de Matosinhos, EPE","41.181859, -8.663374",12520.0,,1257.0,,13777.0
2024-02,2024/02/01,Região de Saúde LVT,"Unidade Local de Saúde de São José, EPE","38.7169, -9.13654",21143.0,14139.0,3913.0,1005.0,40200.0
2024-02,2024/02/01,Região de Saúde do Algarve,"Unidade Local de Saúde do Algarve, EPE","37.024668, -7.928949",42561.0,11261.0,2795.0,0.0,56617.0
2025-02,2025/02/01,Região de Saúde LVT,"Unidade Local de Saúde da Arrábida, EPE","38.529351, -8.881073",13080.0,6383.0,1015.0,,20478.0
2025-02,2025/02/01,Região de Saúde do Centro,"Unidade Local de Saúde da Região de Leiria, EPE","39.7418, -8.79444",18873.0,4582.0,1103.0,,24558.0
2025-02,2025/02/01,Região de Saúde do Centro,"Unidade Local de Saúde de Coimbra, EPE","40.217426, -8.410075",28916.0,9473.0,3436.0,,41825.0
2025-02,2025/02/01,Região de Saúde LVT,"Unidade Local de Saúde de São José, EPE","38.7169, -9.13654",20450.0,12432.0,3209.0,889.0,36980.0
2026-02,2026/02/01,Região de Saúde do Centro,"Unidade Local de Saúde Castelo Branco, EPE","39.822737, -7.499876",7497.0,2730.0,525.0,79.0,10831.0
2026-02,2026/02/01,Região de Saúde Norte,"Unidade Local de Saúde da Póvoa de Varzim/Vila do Conde, EPE","41.383183, -8.758784",10065.0,,,,10065.0
2026-02,2026/02/01,Região de Saúde Norte,"Unidade Local de Saúde de Braga, EPE","41.562328338623, -8.3",22277.0,4346.0,1937.0,,28560.0
2026-02,2026/02/01,Região de Saúde Norte,"Unidade Local de Saúde de Entre Douro e Vouga, EPE","40.9295, -8.54567",19540.0,3139.0,1062.0,,23741.0
2026-02,2026/02/01,Região de Saúde do Alentejo,"Unidade Local de Saúde do Alentejo Central, EPE","38.568838, -7.903064",7764.0,2707.0,,,10471.0
2026-02,2026/02/01,Região de Saúde Norte,"Unidade Local de Saúde do Alto Minho, EPE","41.697519, -8.832517",17829.0,3525.0,1148.0,,22502.0
2026-02,2026/02/01,Região de Saúde LVT,"Unidade Local de Saúde do Arco Ribeirinho, EPE","38.6527214050293, -9.0",14517.0,4663.0,760.0,0.0,19940.0
2026-02,2026/02/01,Região de Saúde LVT,"Unidade Local de Saúde do Estuário do Tejo, EPE","38.977344, -8.984882",11165.0,2067.0,559.0,,13791.0
2026-02,2026/02/01,Região de Saúde Norte,"Unidade Local de Saúde do Tâmega e Sousa, EPE","41.1971153671548, -8.0",23715.0,4173.0,1846.0,,29734.0
2024-03,2024/03/01,Região de Saúde LVT,"Hospital de Cascais, PPP","38.730076, -9.418207",19425.0,12137.0,3983.0,218.0,35763.0
2024-03,2024/03/01,Região de Saúde LVT,"Unidade Local de Saúde da Arrábida, EPE","38.529351, -8.881073",17144.0,7622.0,1765.0,,26531.0
2024-03,2024/03/01,Região de Saúde LVT,"Unidade Local de Saúde de Almada-Seixal, EPE","38.67381, -9.17597",21579.0,9672.0,4140.0,,35391.0
2024-03,2024/03/01,Região de Saúde Norte,"Unidade Local de Saúde de Braga, EPE","41.562328338623, -8.3",36308.0,13096.0,2813.0,,52217.0
2024-03,2024/03/01,Região de Saúde LVT,"Unidade Local de Saúde de Loures-Odivelas, EPE","38.821769, -9.176301",17441.0,6985.0,4136.0,0.0,28562.0
2024-03,2024/03/01,Região de Saúde Norte,"Unidade Local de Saúde de Trás-os-Montes e Alto Douro, EPE","41.310331, -7.760103",44658.0,8364.0,1411.0,,54433.0
2024-03,2024/03/01,Região de Saúde do Alentejo,"Unidade Local de Saúde do Alto Alentejo, EPE","39.2999, -7.4267",19144.0,2274.0,624.0,,22042.0
2024-03,2024/03/01,Região de Saúde Norte,"Unidade Local de Saúde do Alto Minho, EPE","41.697519, -8.832517",33378.0,5763.0,1635.0,,40776.0
2024-03,2024/03/01,Região de Saúde do Alentejo,"Unidade Local de Saúde do Litoral Alentejano, EPE","38.039936, -8.731693",23945.0,,,,23945.0
2024-03,2024/03/01,Região de Saúde Norte,"Unidade Local de Saúde do Médio Ave, EPE","41.3422317504883, -8.0",20894.0,9042.0,1699.0,0.0,31635.0
2024-03,2024/03/01,Região de Saúde LVT,"Unidade Local de Saúde do Oeste, EPE","39.4055519104004, -9.0",28566.0,12984.0,1414.0,,42964.0
2025-03,2025/03/01,Região de Saúde LVT,"Hospital de Cascais, PPP","38.730076, -9.418207",21181.0,10910.0,3594.0,192.0,35877.0
2025-03,2025/03/01,Região de Saúde LVT,"Unidade Local de Saúde da Lezíria, EPE","39.232503, -8.715083",18645.0,6333.0,1520.0,,26498.0
2025-03,2025/03/01,Região de Saúde LVT,"Unidade Local de Saúde de Almada-Seixal, EPE","38.67381, -9.17597",20868.0,8696.0,2609.0,,32173.0
2025-03,2025/03/01,Região de Saúde do Centro,"Unidade Local de Saúde de Dão-Lafões, EPE","40.6509, -7.91039",31931.0,7450.0,3309.0,,42690.0
2025-03,2025/03/01,Região de Saúde Norte,"Unidade Local de Saúde de Santo António, EPE","41.147283, -8.619536",29493.0,,3696.0,,33189.0
2025-03,2025/03/01,Região de Saúde do Alentejo,"Unidade Local de Saúde do Alentejo Central, EPE","38.568838, -7.903064",12465.0,4273.0,,,16738.0
2025-03,2025/03/01,Região de Saúde Norte,"Unidade Local de Saúde do Médio Ave, EPE","41.3422317504883, -8.0",19348.0,5966.0,1691.0,,27005.0
2024-04,2024/04/01,Região de Saúde do Centro,"Unidade Local de Saúde Castelo Branco, EPE","39.822737, -7.499876",17346.0,5875.0,751.0,,23972.0
2024-04,2024/04/01,Região de Saúde LVT,"Unidade Local de Saúde da Arrábida, EPE","38.529351, -8.881073",23436.0,10475.0,2476.0,,36387.0
2024-04,2024/04/01,Região de Saúde do Centro,"Unidade Local de Saúde da Guarda, EPE","40.5309943471486, -7.0",23732.0,4988.0,1139.0,,29859.0
2024-04,2024/04/01,Região de Saúde LVT,"Unidade Local de Saúde da Lezíria, EPE","39.232503, -8.715083",25189.0,10717.0,2495.0,,38401.0
2024-04,2024/04/01,Região de Saúde do Centro,"Unidade Local de Saúde da Região de Leiria, EPE","39.7418, -8.79444",40745.0,10130.0,3138.0,,54013.0
2024-04,2024/04/01,Região de Saúde do Centro,"Unidade Local de Saúde de Dão-Lafões, EPE","40.6509, -7.91039",36538.0,11686.0,4704.0,,52928.0
2024-04,2024/04/01,Região de Saúde do Alentejo,"Unidade Local de Saúde do Alentejo Central, EPE","38.568838, -7.903064",14785.0,6160.0,,,20945.0
2024-04,2024/04/01,Região de Saúde do Alentejo,"Unidade Local de Saúde do Baixo Alentejo, EPE","38.0146, -7.86863",31199.0,6393.0,1313.0,,38905.0
2024-04,2024/04/01,Região de Saúde Norte,"Unidade Local de Saúde do Tâmega e Sousa, EPE","41.1971153671548, -8.0",49276.0,12830.0,4071.0,,66177.0
2025-04,2025/04/01,Região de Saúde do Centro,"Unidade Local de Saúde da Cova da Beira, EPE","40.2776794433594, -7.0",15538.0,5793.0,1197.0,112.0,22640.0
2025-04,2025/04/01,Região de Saúde do Centro,"Unidade Local de Saúde da Região de Aveiro, EPE","40.636332, -8.654388",38483.0,12842.0,2263.0,,53588.0
2025-04,2025/04/01,Região de Saúde Norte,"Unidade Local de Saúde de Barcelos/Esposende, EPE","41.533438, -8.616604",16729.0,2979.0,,,19708.0
2025-04,2025/04/01,Região de Saúde LVT,"Unidade Local de Saúde de Loures-Odivelas, EPE","38.821769, -9.176301",21526.0,7172.0,4263.0,0.0,32961.0
2025-04,2025/04/01,Região de Saúde Norte,"Unidade Local de Saúde de Santo António, EPE","41.147283, -8.619536",39625.0,,5071.0,,44696.0
2025-04,2025/04/01,Região de Saúde Norte,"Unidade Local de Saúde de São João, EPE","41.1833, -8.60193",51900.0,24804.0,4204.0,,80908.0
2025-04,2025/04/01,Região de Saúde do Algarve,"Unidade Local de Saúde do Algarve, EPE","37.024668, -7.928949",91193.0,23676.0,4338.0,0.0,119207.0
2025-04,2025/04/01,Região de Saúde do Alentejo,"Unidade Local de Saúde do Litoral Alentejano, EPE","38.039936, -8.731693",29794.0,,,,29794.0
2025-04,2025/04/01,Região de Saúde LVT,"Unidade Local de Saúde do Médio Tejo, EPE","39.605565, -8.404399",38466.0,9858.0,1099.0,,49423.0
2025-04,2025/04/01,Região de Saúde Norte,"Unidade Local de Saúde do Nordeste, EPE","41.802452, -6.768198",33398.0,,,,33398.0
2024-05,2024/05/01,Região de Saúde do Centro,"Unidade Local de Saúde Castelo Branco, EPE","39.822737, -7.499876",22478.0,7819.0,942.0,,31239.0
2024-05,2024/05/01,Região de Saúde do Centro,"Unidade Local de Saúde da Cova da Beira, EPE","40.2776794433594, -7.0",20702.0,7671.0,1628.0,140.0,30141.0
2024-05,2024/05/01,Região de Saúde do Centro,"Unidade Local de Saúde da Região de Leiria, EPE","39.7418, -8.79444",51469.0,12454.0,3975.0,,67898.0
2024-05,2024/05/01,Região de Saúde Norte,"Unidade Local de Saúde de São João, EPE","41.1833, -8.60193",70504.0,36485.0,5263.0,,112252.0
2024-05,2024/05/01,Região de Saúde Norte,"Unidade Local de Saúde do Alto Minho, EPE","41.697519, -8.832517",58550.0,9726.0,2786.0,,71062.0
2024-05,2024/05/01,Região de Saúde LVT,"Unidade Local de Saúde do Arco Ribeirinho, EPE","38.6527214050293, -9.0",48827.0,9399.0,2934.0,0.0,61160.0
2024-05,2024/05/01,Região de Saúde do Centro,"Unidade Local de Saúde do Baixo Mondego, EPE","40.130297609, -8.8606",21086.0,9144.0,,,30230.0
2024-05,2024/05/01,Região de Saúde LVT,"Unidade Local de Saúde do Médio Tejo, EPE","39.605565, -8.404399",48334.0,12128.0,1677.0,,62139.0
2024-05,2024/05/01,Região de Saúde Norte,"Unidade Local de Saúde do Nordeste, EPE","41.802452, -6.768198",43794.0,,,,43794.0
2024-05,2024/05/01,Região de Saúde LVT,"Unidade Local de Saúde do Oeste, EPE","39.4055519104004, -9.0",49305.0,22746.0,2559.0,,74610.0
2025-05,2025/05/01,Região de Saúde do Centro,"Unidade Local de Saúde da Guarda, EPE","40.5309943471486, -7.0",32929.0,6716.0,1646.0,,41291.0
2025-05,2025/05/01,Região de Saúde Norte,"Unidade Local de Saúde da Póvoa de Varzim/Vila do Conde, EPE","41.383183, -8.758784",26891.0,,,,26891.0
2025-05,2025/05/01,Região de Saúde LVT,"Unidade Local de Saúde de Amadora/Sintra, EPE","38.7436332060551, -9.0",66003.0,20942.0,6720.0,,93665.0
2025-05,2025/05/01,Região de Saúde do Centro,"Unidade Local de Saúde de Dão-Lafões, EPE","40.6509, -7.91039",53623.0,11665.0,5555.0,,70843.0
2025-05,2025/05/01,Região de Saúde Norte,"Unidade Local de Saúde de Entre Douro e Vouga, EPE","40.9295, -8.54567",60968.0,9672.0,2818.0,,73458.0
2025-05,2025/05/01,Região de Saúde LVT,"Unidade Local de Saúde de Santa Maria, EPE","38.7500648498535, -9.0",50541.0,18218.0,6540.0,,75299.0
2025-05,2025/05/01,Região de Saúde Norte,"Unidade Local de Saúde de São João, EPE","41.1833, -8.60193",65856.0,31104.0,5286.0,,102246.0
2025-05,2025/05/01,Região de Saúde do Algarve,"Unidade Local de Saúde do Algarve, EPE","37.024668, -7.928949",115664.0,29418.0,5589.0,0.0,150671.0
2025-05,2025/05/01,Região de Saúde do Alentejo,"Unidade Local de Saúde do Alto Alentejo, EPE","39.2999, -7.4267",31350.0,3866.0,1005.0,0.0,36221.0
2025-05,2025/05/01,Região de Saúde LVT,"Unidade Local de Saúde do Arco Ribeirinho, EPE","38.6527214050293, -9.0",44248.0,11170.0,2295.0,0.0,57713.0
2024-06,2024/06/01,Região de Saúde LVT,"Unidade Local de Saúde de Amadora/Sintra, EPE","38.7436332060551, -9.0",90883.0,26412.0,8782.0,,126077.0
2024-06,2024/06/01,Região de Saúde do Centro,"Unidade Local de Saúde de Dão-Lafões, EPE","40.6509, -7.91039",56251.0,17116.0,7240.0,,80607.0
2024-06,2024/06/01,Região de Saúde LVT,"Unidade Local de Saúde de São José, EPE","38.7169, -9.13654",68346.0,43944.0,12540.0,3175.0,128005.0
2024-06,2024/06/01,Região de Saúde Norte,"Unidade Local de Saúde de Vila Nova de Gaia/Espinho, EPE","41.1254463195801, -8.0",65303.0,20960.0,4047.0,,90310.0
2024-06,2024/06/01,Região de Saúde do Alentejo,"Unidade Local de Saúde do Alto Alentejo, EPE","39.2999, -7.4267",40098.0,4779.0,1342.0,,46219.0
2024-06,2024/06/01,Região de Saúde LVT,"Unidade Local de Saúde do Oeste, EPE","39.4055519104004, -9.0",59295.0,26884.0,3212.0,,89391.0
2025-06,2025/06/01,Região de Saúde do Centro,"Unidade Local de Saúde da Região de Aveiro, EPE","40.636332, -8.654388",58789.0,18598.0,3400.0,,80787.0
2025-06,2025/06/01,Região de Saúde do Centro,"Unidade Local de Saúde da Região de Leiria, EPE","39.7418, -8.79444",58280.0,11652.0,3525.0,,73457.0
2025-06,2025/06/01,Região de Saúde do Centro,"Unidade Local de Saúde de Coimbra, EPE","40.217426, -8.410075",87548.0,24868.0,10408.0,,122824.0
2025-06,2025/06/01,Região de Saúde LVT,"Unidade Local de Saúde de Loures-Odivelas, EPE","38.821769, -9.176301",32925.0,10485.0,6816.0,0.0,50226.0
2025-06,2025/06/01,Região de Saúde LVT,"Unidade Local de Saúde de Santa Maria, EPE","38.7500648498535, -9.0",61266.0,21552.0,7932.0,,90750.0
2025-06,2025/06/01,Região de Saúde LVT,"Unidade Local de Saúde de São José, EPE","38.7169, -9.13654",64970.0,35529.0,10438.0,2807.0,113744.0
2025-06,2025/06/01,Região de Saúde Norte,"Unidade Local de Saúde de Trás-os-Montes e Alto Douro, EPE","41.310331, -7.760103",93974.0,14153.0,2642.0,,110769.0
2025-06,2025/06/01,Região de Saúde Norte,"Unidade Local de Saúde do Médio Ave, EPE","41.3422317504883, -8.0",38912.0,11397.0,3559.0,,53868.0
2024-07,2024/07/01,Região de Saúde do Centro,"Unidade Local de Saúde da Região de Aveiro, EPE","40.636332, -8.654388",73219.0,28077.0,3604.0,,104900.0
2024-07,2024/07/01,Região de Saúde Norte,"Unidade Local de Saúde de Barcelos/Esposende, EPE","41.533438, -8.616604",31055.0,8751.0,,,39806.0
2024-07,2024/07/01,Região de Saúde LVT,"Unidade Local de Saúde de São José, EPE","38.7169, -9.13654",79128.0,49576.0,13869.0,3632.0,146205.0
2024-07,2024/07/01,Região de Saúde Norte,"Unidade Local de Saúde de Trás-os-Montes e Alto Douro, EPE","41.310331, -7.760103",114279.0,19339.0,3168.0,,136786.0
2024-07,2024/07/01,Região de Saúde LVT,"Unidade Local de Saúde do Estuário do Tejo, EPE","38.977344, -8.984882",48384.0,28570.0,4410.0,,81364.0
2024-07,2024/07/01,Região de Saúde do Alentejo,"Unidade Local de Saúde do Litoral Alentejano, EPE","38.039936, -8.731693",60622.0,,,,60622.0
2025-07,2025/07/01,Região de Saúde LVT,"Unidade Local de Saúde de Almada-Seixal, EPE","38.67381, -9.17597",49928.0,17797.0,6251.0,,73976.0
2025-07,2025/07/01,Região de Saúde Norte,"Unidade Local de Saúde de Braga, EPE","41.562328338623, -8.3",86855.0,22794.0,6630.0,,116279.0
2025-07,2025/07/01,Região de Saúde Norte,"Unidade Local de Saúde de Santo António, EPE","41.147283, -8.619536",71661.0,,9111.0,,80772.0
2025-07,2025/07/01,Região de Saúde Norte,"Unidade Local de Saúde do Alto Ave, EPE","41.488574, -8.338685",58053.0,15473.0,6050.0,,79576.0
2025-07,2025/07/01,Região de Saúde Norte,"Unidade Local de Saúde do Tâmega e Sousa, EPE","41.1971153671548, -8.0",85363.0,14911.0,5980.0,,106254.0
2024-08,2024/08/01,Região de Saúde Norte,"Unidade Local de Saúde de São João, EPE","41.1833, -8.60193",115457.0,53890.0,8560.0,,177907.0
2024-08,2024/08/01,Região de Saúde do Alentejo,"Unidade Local de Saúde do Alentejo Central, EPE","38.568838, -7.903064",30671.0,12090.0,,,42761.0
2024-08,2024/08/01,Região de Saúde do Alentejo,"Unidade Local de Saúde do Alto Alentejo, EPE","39.2999, -7.4267",54097.0,6121.0,1862.0,,62080.0
2024-08,2024/08/01,Região de Saúde LVT,"Unidade Local de Saúde do Arco Ribeirinho, EPE","38.6527214050293, -9.0",76969.0,13221.0,5049.0,0.0,95239.0
2024-08,2024/08/01,Região de Saúde do Centro,"Unidade Local de Saúde do Baixo Mondego, EPE","40.130297609, -8.8606",35019.0,13606.0,,,48625.0
2024-08,2024/08/01,Região de Saúde LVT,"Unidade Local de Saúde do Médio Tejo, EPE","39.605565, -8.404399",80253.0,18088.0,2901.0,,101242.0
2025-08,2025/08/01,Região de Saúde do Centro,"Unidade Local de Saúde Castelo Branco, EPE","39.822737, -7.499876",34226.0,9471.0,1630.0,283.0,45610.0
2025-08,2025/08/01,Região de Saúde LVT,"Unidade Local de Saúde da Lezíria, EPE","39.232503, -8.715083",50447.0,13843.0,3982.0,,68272.0
2025-08,2025/08/01,Região de Saúde do Centro,"Unidade Local de Saúde de Dão-Lafões, EPE","40.6509, -7.91039",88999.0,17292.0,9165.0,,115456.0
2025-08,2025/08/01,Região de Saúde Norte,"Unidade Local de Saúde de Santo António, EPE","41.147283, -8.619536",82673.0,,10364.0,,93037.0
2024-09,2024/09/01,Região de Saúde Norte,"Unidade Local de Saúde da Póvoa de Varzim/Vila do Conde, EPE","41.383183, -8.758784",50192.0,,,,50192.0
2024-09,2024/09/01,Região de Saúde LVT,"Unidade Local de Saúde de Lisboa Ocidental, EPE","38.7084, -9.21711",67510.0,22099.0,9329.0,,98938.0
2024-09,2024/09/01,Região de Saúde LVT,"Unidade Local de Saúde do Arco Ribeirinho, EPE","38.6527214050293, -9.0",86218.0,15076.0,5480.0,,106774.0
2024-09,2024/09/01,Região de Saúde LVT,"Unidade Local de Saúde do Médio Tejo, EPE","39.605565, -8.404399",89764.0,19996.0,3179.0,,112939.0
2024-09,2024/09/01,Região de Saúde Norte,"Unidade Local de Saúde do Nordeste, EPE","41.802452, -6.768198",79545.0,,,,79545.0
2025-09,2025/09/01,Região de Saúde do Centro,"Unidade Local de Saúde da Guarda, EPE","40.5309943471486, -7.0",60022.0,11013.0,3147.0,,74182.0
2025-09,2025/09/01,Região de Saúde LVT,"Unidade Local de Saúde da Lezíria, EPE","39.232503, -8.715083",56770.0,15469.0,4490.0,,76729.0
2025-09,2025/09/01,Região de Saúde LVT,"Unidade Local de Saúde de Almada-Seixal, EPE","38.67381, -9.17597",64534.0,21732.0,8553.0,,94819.0
2025-09,2025/09/01,Região de Saúde do Centro,"Unidade Local de Saúde de Dão-Lafões, EPE","40.6509, -7.91039",99689.0,19279.0,10393.0,,129361.0
2025-09,2025/09/01,Região de Saúde LVT,"Unidade Local de Saúde de Lisboa Ocidental, EPE","38.7084, -9.21711",69047.0,18469.0,10406.0,0.0,97922.0
2025-09,2025/09/01,Região de Saúde LVT,"Unidade Local de Saúde de São José, EPE","38.7169, -9.13654",99102.0,49936.0,15714.0,4401.0,169153.0
2024-10,2024/10/01,Região de Saúde do Centro,"Unidade Local de Saúde Castelo Branco, EPE","39.822737, -7.499876",44868.0,13828.0,1970.0,,60666.0
2024-10,2024/10/01,Região de Saúde LVT,"Unidade Local de Saúde da Arrábida, EPE","38.529351, -8.881073",62268.0,25835.0,6285.0,,94388.0
2024-10,2024/10/01,Região de Saúde do Centro,"Unidade Local de Saúde da Cova da Beira, EPE","40.2776794433594, -7.0",41889.0,14191.0,3347.0,361.0,59788.0
2024-10,2024/10/01,Região de Saúde do Centro,"Unidade Local de Saúde da Região de Leiria, EPE","39.7418, -8.79444",103136.0,20845.0,7082.0,,131063.0
2024-10,2024/10/01,Região de Saúde do Centro,"Unidade Local de Saúde de Dão-Lafões, EPE","40.6509, -7.91039",96330.0,24251.0,12496.0,,133077.0
2024-10,2024/10/01,Região de Saúde LVT,"Unidade Local de Saúde de Santa Maria, EPE","38.7500648498535, -9.0",115864.0,39971.0,6283.0,,162118.0
2024-10,2024/10/01,Região de Saúde Norte,"Unidade Local de Saúde do Alto Minho, EPE","41.697519, -8.832517",121496.0,17487.0,5850.0,,144833.0
2024-10,2024/10/01,Região de Saúde LVT,"Unidade Local de Saúde do Arco Ribeirinho, EPE","38.6527214050293, -9.0",95801.0,17854.0,6370.0,0.0,120025.0
2024-10,2024/10/01,Região de Saúde Norte,"Unidade Local de Saúde do Nordeste, EPE","41.802452, -6.768198",88267.0,,,,88267.0
2024-10,2024/10/01,Região de Saúde Norte,"Unidade Local de Saúde do Tâmega e Sousa, EPE","41.1971153671548, -8.0",135583.0,30436.0,10817.0,,176836.0
2025-10,2025/10/01,Região de Saúde LVT,"Hospital de Cascais, PPP","38.730076, -9.418207",71477.0,31484.0,11458.0,736.0,115155.0
2025-10,2025/10/01,Região de Saúde do Centro,"Unidade Local de Saúde da Cova da Beira, EPE","40.2776794433594, -7.0",40460.0,12397.0,3157.0,610.0,56624.0
2025-10,2025/10/01,Região de Saúde Norte,"Unidade Local de Saúde da Póvoa de Varzim/Vila do Conde, EPE","41.383183, -8.758784",53358.0,,,,53358.0
2025-10,2025/10/01,Região de Saúde do Centro,"Unidade Local de Saúde da Região de Leiria, EPE","39.7418, -8.79444",100130.0,18584.0,6087.0,,124801.0
2025-10,2025/10/01,Região de Saúde LVT,"Unidade Local de Saúde de Amadora/Sintra, EPE","38.7436332060551, -9.0",129772.0,39511.0,13487.0,,182770.0
2025-10,2025/10/01,Região de Saúde LVT,"Unidade Local de Saúde de Loures-Odivelas, EPE","38.821769, -9.176301",54537.0,16050.0,11829.0,0.0,82416.0
2025-10,2025/10/01,Região de Saúde LVT,"Unidade Local de Saúde de São José, EPE","38.7169, -9.13654",111164.0,56471.0,17361.0,4938.0,189934.0
2024-11,2024/11/01,Região de Saúde LVT,"Unidade Local de Saúde da Arrábida, EPE","38.529351, -8.881073",68633.0,29496.0,6822.0,,104951.0
2024-11,2024/11/01,Região de Saúde do Centro,"Unidade Local de Saúde da Guarda, EPE","40.5309943471486, -7.0",75243.0,14773.0,3620.0,,93636.0
2024-11,2024/11/01,Região de Saúde LVT,"Unidade Local de Saúde de Lisboa Ocidental, EPE","38.7084, -9.21711",83162.0,28062.0,11197.0,,122421.0
2024-11,2024/11/01,Região de Saúde Norte,"Unidade Local de Saúde de Santo António, EPE","41.147283, -8.619536",116628.0,,18644.0,,135272.0
2024-11,2024/11/01,Região de Saúde LVT,"Unidade Local de Saúde de São José, EPE","38.7169, -9.13654",126281.0,76003.0,22631.0,5788.0,230703.0
2024-11,2024/11/01,Região de Saúde Norte,"Unidade Local de Saúde de Trás-os-Montes e Alto Douro, EPE","41.310331, -7.760103",179363.0,28727.0,4944.0,,213034.0
2024-11,2024/11/01,Região de Saúde LVT,"Unidade Local de Saúde do Arco Ribeirinho, EPE","38.6527214050293, -9.0",105186.0,19869.0,6829.0,0.0,131884.0
2024-11,2024/11/01,Região de Saúde Norte,"Unidade Local de Saúde do Nordeste, EPE","41.802452, -6.768198",97228.0,,,,97228.0
2024-11,2024/11/01,Região de Saúde LVT,"Unidade Local de Saúde do Oeste, EPE","39.4055519104004, -9.0",109722.0,47076.0,6146.0,,162944.0
2025-11,2025/11/01,Região de Saúde do Centro,"Unidade Local de Saúde da Região de Aveiro, EPE","40.636332, -8.654388",108402.0,33158.0,5548.0,,147108.0
2025-11,2025/11/01,Região de Saúde LVT,"Unidade Local de Saúde de Amadora/Sintra, EPE","38.7436332060551, -9.0",141397.0,44565.0,14663.0,,200625.0
2025-11,2025/11/01,Região de Saúde do Centro,"Unidade Local de Saúde de Coimbra, EPE","40.217426, -8.410075",160814.0,44032.0,19326.0,,224172.0
2025-11,2025/11/01,Região de Saúde Norte,"Unidade Local de Saúde de Entre Douro e Vouga, EPE","40.9295, -8.54567",131839.0,19460.0,6687.0,,157986.0
2025-11,2025/11/01,Região de Saúde LVT,"Unidade Local de Saúde de Lisboa Ocidental, EPE","38.7084, -9.21711",84760.0,23376.0,12720.0,0.0,120856.0
2025-11,2025/11/01,Região de Saúde Norte,"Unidade Local de Saúde de Santo António, EPE","41.147283, -8.619536",113515.0,,14406.0,,127921.0
2025-11,2025/11/01,Região de Saúde LVT,"Unidade Local de Saúde de São José, EPE","38.7169, -9.13654",122091.0,62639.0,18914.0,5366.0,209010.0
2025-11,2025/11/01,Região de Saúde Norte,"Unidade Local de Saúde de Trás-os-Montes e Alto Douro, EPE","41.310331, -7.760103",175746.0,25233.0,5101.0,,206080.0
2025-11,2025/11/01,Região de Saúde Norte,"Unidade Local de Saúde do Alto Minho, EPE","41.697519, -8.832517",109651.0,18601.0,6184.0,,134436.0
2025-11,2025/11/01,Região de Saúde do Alentejo,"Unidade Local de Saúde do Baixo Alentejo, EPE","38.0146, -7.86863",83057.0,15207.0,4057.0,,102321.0
2025-11,2025/11/01,Região de Saúde do Centro,"Unidade Local de Saúde do Baixo Mondego, EPE","40.130297609, -8.8606",44777.0,14477.0,,,59254.0
2025-11,2025/11/01,Região de Saúde Norte,"Unidade Local de Saúde do Médio Ave, EPE","41.3422317504883, -8.0",70975.0,20591.0,6680.0,,98246.0
2025-11,2025/11/01,Região de Saúde Norte,"Unidade Local de Saúde do Nordeste, EPE","41.802452, -6.768198",92341.0,,,,92341.0
2024-12,2024/12/01,Região de Saúde LVT,"Hospital de Cascais, PPP","38.730076, -9.418207",89538.0,49403.0,16801.0,845.0,156587.0
2024-12,2024/12/01,Região de Saúde LVT,"Unidade Local de Saúde da Arrábida, EPE","38.529351, -8.881073",75143.0,33460.0,7334.0,,115937.0
2024-12,2024/12/01,Região de Saúde LVT,"Unidade Local de Saúde de Almada-Seixal, EPE","38.67381, -9.17597",93031.0,39139.0,12095.0,,144265.0
2024-12,2024/12/01,Região de Saúde Norte,"Unidade Local de Saúde de Barcelos/Esposende, EPE","41.533438, -8.616604",52487.0,13295.0,,,65782.0
2024-12,2024/12/01,Região de Saúde Norte,"Unidade Local de Saúde de Braga, EPE","41.562328338623, -8.3",151911.0,49962.0,11613.0,,213486.0
2024-12,2024/12/01,Região de Saúde Norte,"Unidade Local de Saúde de Entre Douro e Vouga, EPE","40.9295, -8.54567",159723.0,29372.0,7202.0,,196297.0
2024-12,2024/12/01,Região de Saúde Norte,"Unidade Local de Saúde de São João, EPE","41.1833, -8.60193",170896.0,81958.0,12737.0,0.0,265591.0
2024-12,2024/12/01,Região de Saúde do Alentejo,"Unidade Local de Saúde do Alentejo Central, EPE","38.568838, -7.903064",47625.0,17953.0,,,65578.0
2024-12,2024/12/01,Região de Saúde do Centro,"Unidade Local de Saúde do Baixo Mondego, EPE","40.130297609, -8.8606",50966.0,20007.0,,,70973.0
2024-12,2024/12/01,Região de Saúde do Alentejo,"Unidade Local de Saúde do Litoral Alentejano, EPE","38.039936, -8.731693",104462.0,,,,104462.0
2025-12,2025/12/01,Região de Saúde LVT,"Hospital de Cascais, PPP","38.730076, -9.418207",84709.0,38736.0,13484.0,868.0,137797.0
2025-12,2025/12/01,Região de Saúde Norte,"Unidade Local de Saúde de São João, EPE","41.1833, -8.60193",162142.0,74423.0,12963.0,0.0,249528.0
2025-12,2025/12/01,Região de Saúde Norte,"Unidade Local de Saúde de Trás-os-Montes e Alto Douro, EPE","41.310331, -7.760103",192309.0,28216.0,5550.0,,226075.0
2025-12,2025/12/01,Região de Saúde Norte,"Unidade Local de Saúde de Vila Nova de Gaia/Espinho, EPE","41.1254463195801, -8.0",129270.0,33545.0,8080.0,,170895.0
2025-12,2025/12/01,Região de Saúde do Algarve,"Unidade Local de Saúde do Algarve, EPE","37.024668, -7.928949",283534.0,70477.0,21371.0,0.0,375382.0
2025-12,2025/12/01,Região de Saúde do Alentejo,"Unidade Local de Saúde do Baixo Alentejo, EPE","38.0146, -7.86863",91239.0,16958.0,4467.0,,112664.0
2025-12,2025/12/01,Região de Saúde Norte,"Unidade Local de Saúde do Tâmega e Sousa, EPE","41.1971153671548, -8.0",172429.0,30175.0,12436.0,,215040.0
2013-01,2013/01/01,Região de Saúde do Alentejo,"Unidade Local de Saúde do Norte Alentejano, EPE","39.3003425, -7.4263845",6783.0,1069.0,105.0,,7957.0
2013-01,2013/01/01,Região de Saúde do Centro,"Centro Hospitalar Universitário Cova da Beira, EPE","40.2804158, -7.4922407",5190.0,1897.0,145.0,,7232.0
2013-01,2013/01/01,Região de Saúde do Centro,"Centro Hospitalar do Baixo Vouga, EPE","40.6362453, -8.6543716",11420.0,3167.0,441.0,,15028.0
2013-01,2013/01/01,Região de Saúde do Centro,"Centro Hospitalar Tondela-Viseu, EPE","40.516364, -8.0827433",10753.0,3423.0,1118.0,,15294.0
2013-01,2013/01/01,Região de Saúde do Centro,"Unidade Local de Saúde da Guarda, EPE","40.5309916, -7.2734793",5914.0,1139.0,303.0,,7356.0
2013-01,2013/01/01,Região de Saúde LVT,"Centro Hospitalar de Setúbal, EPE","38.5283754, -8.8818638",6712.0,3937.0,1013.0,,11662.0
2013-01,2013/01/01,Região de Saúde LVT,"Hospital de Cascais, PPP","38.729006, -9.418267",7210.0,4770.0,1267.0,,13247.0
2013-01,2013/01/01,Região de Saúde Norte,"Centro Hospitalar do Médio Ave, EPE","41.3423984, -8.4802503",8179.0,3415.0,410.0,,12004.0
2013-01,2013/01/01,Região de Saúde Norte,"Centro Hospitalar Entre Douro e Vouga, EPE","40.9293884, -8.5458794",11728.0,3290.0,742.0,,15760.0
2013-01,2013/01/01,Região de Saúde Norte,"Centro Hospitalar Trás-os-Montes e Alto Douro, EPE","41.3031784, -7.7515252",13268.0,2211.0,315.0,,15794.0
2013-01,2013/01/01,Região de Saúde Norte,"Unidade Local de Saúde do Alto Minho, EPE","41.7056054, -8.8252713",11287.0,2588.0,416.0,,14291.0
2013-02,2013/02/01,Região de Saúde do Algarve,"Centro Hospitalar Universitário do Algarve,EPE","37.0238973, -7.9281554",23972.0,13573.0,1650.0,,39195.0
2013-02,2013/02/01,Região de Saúde do Centro,"Centro Hospitalar e Universitário de Coimbra, EPE","40.2191523, -8.4098211",33057.0,11672.0,4408.0,,49137.0
2013-02,2013/02/01,Região de Saúde do Centro,"Hospital Distrital da Figueira da Foz, EPE","40.117897, -8.8586755",8973.0,3767.0,,,12740.0
2013-02,2013/02/01,Região de Saúde do Centro,"Unidade Local de Saúde da Guarda, EPE","40.5309916, -7.2734793",11687.0,2292.0,599.0,,14578.0
2013-02,2013/02/01,Região de Saúde do Centro,"Unidade Local de Saúde de Castelo Branco, EPE","39.8212263, -7.4981271",8145.0,2555.0,194.0,,10894.0
2013-02,2013/02/01,Região de Saúde LVT,"Centro Hospitalar do Oeste, EPE","39.4054629, -9.1258493",25031.0,10162.0,2081.0,,37274.0
2013-02,2013/02/01,Região de Saúde LVT,"Hospital Distrital de Santarém, EPE","39.2410946, -8.6937515",13529.0,6518.0,1403.0,,21450.0
2013-02,2013/02/01,Região de Saúde Norte,"Centro Hospitalar do Médio Ave, EPE","41.3423984, -8.4802503",15629.0,6301.0,676.0,,22606.0
2013-02,2013/02/01,Região de Saúde Norte,"Centro Hospitalar Entre Douro e Vouga, EPE","40.9293884, -8.5458794",22127.0,6137.0,1365.0,,29629.0
2013-03,2013/03/01,Região de Saúde do Centro,"Hospital Distrital da Figueira da Foz, EPE","40.117897, -8.8586755",13459.0,5387.0,,,18846.0
2013-03,2013/03/01,Região de Saúde LVT,"Centro Hospitalar Universitário Lisboa Central, EPE","38.7166948, -9.1371248",37667.0,21687.0,5123.0,1771.0,66248.0
2013-03,2013/03/01,Região de Saúde LVT,"Centro Hospitalar Universitário de Lisboa Norte, EPE","38.7500861, -9.1616116",39511.0,10863.0,3740.0,,54114.0
2013-03,2013/03/01,Região de Saúde LVT,"Centro Hospitalar Médio Tejo, EPE","39.478072, -8.5404429",32059.0,8216.0,683.0,,40958.0
2013-03,2013/03/01,Região de Saúde Norte,"Centro Hospitalar do Médio Ave, EPE","41.3423984, -8.4802503",23554.0,9151.0,1000.0,,33705.0
2013-03,2013/03/01,Região de Saúde Norte,"Centro Hospitalar Tâmega e Sousa, EPE","41.2494561, -8.264901",35910.0,11935.0,3132.0,,50977.0
2013-03,2013/03/01,Região de Saúde Norte,"Centro Hospitalar Vila Nova de Gaia/Espinho, EPE","41.1094138, -8.5972617",28265.0,11871.0,2846.0,,42982.0
2013-03,2013/03/01,Região de Saúde Norte,"Hospital Santa Maria Maior, EPE","41.5324234, -8.6171561",12731.0,6416.0,,,19147.0
2013-03,2013/03/01,Região de Saúde Norte,"Unidade Local de Saúde de Matosinhos, EPE","41.1794456, -8.6745115",18019.0,,1876.0,,19895.0
2013-04,2013/04/01,Região de Saúde LVT,"Centro Hospitalar Médio Tejo, EPE","39.478072, -8.5404429",42154.0,10577.0,872.0,,53603.0
2013-04,2013/04/01,Região de Saúde Norte,"Centro Hospitalar Tâmega e Sousa, EPE","41.2494561, -8.264901",47292.0,14799.0,4205.0,,66296.0
2013-04,2013/04/01,Região de Saúde Norte,"Centro Hospitalar Vila Nova de Gaia/Espinho, EPE","41.1094138, -8.5972617",37458.0,15450.0,3802.0,,56710.0
2013-04,2013/04/01,Região de Saúde Norte,"Unidade Local de Saúde do Alto Minho, EPE","41.7056054, -8.8252713",43108.0,8590.0,1527.0,,53225.0
2013-05,2013/05/01,Região de Saúde do Alentejo,"Unidade Local de Saúde do Baixo Alentejo, EPE","38.014123, -7.8721227",44002.0,7196.0,1624.0,,52822.0
2013-05,2013/05/01,Região de Saúde do Centro,"Centro Hospitalar do Baixo Vouga, EPE","40.6362453, -8.6543716",54069.0,16065.0,2373.0,,72507.0
2013-05,2013/05/01,Região de Saúde do Centro,"Hospital Distrital da Figueira da Foz, EPE","40.117897, -8.8586755",21982.0,8489.0,,,30471.0
2013-05,2013/05/01,Região de Saúde LVT,"Centro Hospitalar Barreiro/Montijo, EPE","38.6554005, -9.0592392",42446.0,16312.0,4001.0,,62759.0
2013-05,2013/05/01,Região de Saúde LVT,"Hospital Professor Doutor Fernando Fonseca, EPE","38.7422257, -9.2264834",74903.0,27190.0,7808.0,,109901.0
2013-05,2013/05/01,Região de Saúde Norte,"Centro Hospitalar do Alto Ave, EPE","41.4387173, -8.3086907",42012.0,16288.0,2926.0,,61226.0
2013-05,2013/05/01,Região de Saúde Norte,"Centro Hospitalar Universitário do Porto, EPE","41.1472498, -8.6172617",48598.0,,5060.0,,53658.0
2013-05,2013/05/01,Região de Saúde Norte,"Centro Hospitalar Tâmega e Sousa, EPE","41.2494561, -8.264901",59208.0,17992.0,5359.0,,82559.0
2013-05,2013/05/01,Região de Saúde Norte,"Unidade Local de Saúde do Alto Minho, EPE","41.7056054, -8.8252713",53768.0,10418.0,1979.0,,66165.0
2013-05,2013/05/01,Região de Saúde Norte,"Unidade Local de Saúde do Nordeste, EPE","41.8056532, -6.7888197",48784.0,,,,48784.0
2013-06,2013/06/01,Região de Saúde LVT,"Centro Hospitalar Universitário de Lisboa Norte, EPE","38.7500861, -9.1616116",79232.0,20860.0,7503.0,,107595.0
2013-06,2013/06/01,Região de Saúde LVT,"Hospital de Loures, PPP","38.821455, -9.176296",59564.0,27357.0,5551.0,,92472.0
2013-06,2013/06/01,Região de Saúde LVT,"Hospital de Vila Franca de Xira, PPP","38.977235, -8.984506",36533.0,14930.0,2853.0,,54316.0
2013-06,2013/06/01,Região de Saúde LVT,"Hospital Distrital de Santarém, EPE","39.2410946, -8.6937515",40428.0,19173.0,4204.0,,63805.0
2013-06,2013/06/01,Região de Saúde Norte,"Centro Hospitalar do Alto Ave, EPE","41.4387173, -8.3086907",49985.0,19795.0,3523.0,,73303.0
2013-06,2013/06/01,Região de Saúde Norte,"Centro Hospitalar Universitário do Porto, EPE","41.1472498, -8.6172617",58549.0,,6111.0,,64660.0
2013-06,2013/06/01,Região de Saúde Norte,"Centro Hospitalar Póvoa de Varzim/Vila do Conde, EPE","41.3828711, -8.7589945",38879.0,,,,38879.0
2013-06,2013/06/01,Região de Saúde Norte,"Centro Hospitalar Vila Nova de Gaia/Espinho, EPE","41.1094138, -8.5972617",56904.0,22953.0,5768.0,,85625.0
2013-06,2013/06/01,Região de Saúde Norte,"Unidade Local de Saúde do Nordeste, EPE","41.8056532, -6.7888197",58395.0,,,,58395.0
2013-07,2013/07/01,Região de Saúde do Alentejo,"Hospital Espírito Santo de Évora, EPE","38.5684861, -7.9032848",30393.0,12364.0,,,42757.0
2013-07,2013/07/01,Região de Saúde do Alentejo,"Unidade Local de Saúde do Baixo Alentejo, EPE","38.014123, -7.8721227",60450.0,9676.0,2355.0,,72481.0
2013-07,2013/07/01,Região de Saúde do Alentejo,"Unidade Local de Saúde do Norte Alentejano, EPE","39.3003425, -7.4263845",48765.0,6397.0,584.0,,55746.0
2013-07,2013/07/01,Região de Saúde do Algarve,"Centro Hospitalar Universitário do Algarve,EPE","37.0238973, -7.9281554",90238.0,45275.0,6152.0,,141665.0
2013-07,2013/07/01,Região de Saúde LVT,"Centro Hospitalar Universitário de Lisboa Norte, EPE","38.7500861, -9.1616116",92912.0,23811.0,8773.0,,125496.0
2013-07,2013/07/01,Região de Saúde LVT,"Hospital Professor Doutor Fernando Fonseca, EPE","38.7422257, -9.2264834",106454.0,36397.0,11059.0,,153910.0
2013-07,2013/07/01,Região de Saúde Norte,"Centro Hospitalar do Alto Ave, EPE","41.4387173, -8.3086907",59390.0,22890.0,4154.0,,86434.0
2013-07,2013/07/01,Região de Saúde Norte,"Centro Hospitalar Póvoa de Varzim/Vila do Conde, EPE","41.3828711, -8.7589945",45825.0,,,,45825.0
2013-07,2013/07/01,Região de Saúde Norte,"Unidade Local de Saúde do Alto Minho, EPE","41.7056054, -8.8252713",75989.0,14008.0,2853.0,,92850.0
2013-08,2013/08/01,Região de Saúde do Alentejo,"Unidade Local de Saúde do Baixo Alentejo, EPE","38.014123, -7.8721227",68855.0,10615.0,2698.0,,82168.0
2013-08,2013/08/01,Região de Saúde do Alentejo,"Unidade Local de Saúde do Norte Alentejano, EPE","39.3003425, -7.4263845",55979.0,7077.0,666.0,,63722.0
2013-08,2013/08/01,Região de Saúde LVT,"Centro Hospitalar Universitário Lisboa Central, EPE","38.7166948, -9.1371248",99960.0,51031.0,14169.0,4945.0,170105.0
2013-08,2013/08/01,Região de Saúde LVT,"Centro Hospitalar de Lisboa Ocidental, EPE","38.708454, -9.216985",73029.0,22088.0,9986.0,,105103.0
2013-08,2013/08/01,Região de Saúde LVT,"Hospital de Loures, PPP","38.821455, -9.176296",79576.0,33983.0,7521.0,,121080.0
2013-08,2013/08/01,Região de Saúde Norte,"Centro Hospitalar Universitário de São João, EPE","41.1831056, -8.6010558",130084.0,50388.0,9194.0,,189666.0
2013-08,2013/08/01,Região de Saúde Norte,"Centro Hospitalar Entre Douro e Vouga, EPE","40.9293884, -8.5458794",91604.0,23218.0,5909.0,,120731.0
2013-08,2013/08/01,Região de Saúde Norte,"Centro Hospitalar Trás-os-Montes e Alto Douro, EPE","41.3031784, -7.7515252",104753.0,14160.0,2348.0,,121261.0
2013-08,2013/08/01,Região de Saúde Norte,"Centro Hospitalar Vila Nova de Gaia/Espinho, EPE","41.1094138, -8.5972617",77726.0,28680.0,7962.0,,114368.0
2013-08,2013/08/01,Região de Saúde Norte,"Hospital de Braga, PPP","41.56785, -8.398982",87780.0,27858.0,8302.0,,123940.0
2013-08,2013/08/01,Região de Saúde Norte,"Hospital Santa Maria Maior, EPE","41.5324234, -8.6171561",34427.0,14111.0,,,48538.0
2013-08,2013/08/01,Região de Saúde Norte,"Unidade Local de Saúde do Nordeste, EPE","41.8056532, -6.7888197",80187.0,,,,80187.0
2013-09,2013/09/01,Região de Saúde do Alentejo,"Unidade Local de Saúde do Litoral Alentejano, EPE","38.0162314, -8.6956768",69442.0,,,,69442.0
2013-09,2013/09/01,Região de Saúde do Alentejo,"Unidade Local de Saúde do Norte Alentejano, EPE","39.3003425, -7.4263845",62591.0,7728.0,780.0,,71099.0
2013-09,2013/09/01,Região de Saúde LVT,"Centro Hospitalar de Setúbal, EPE","38.5283754, -8.8818638",60052.0,29573.0,9262.0,,98887.0
2013-09,2013/09/01,Região de Saúde LVT,"Centro Hospitalar do Oeste, EPE","39.4054629, -9.1258493",112088.0,39242.0,9414.0,,160744.0
2013-09,2013/09/01,Região de Saúde LVT,"Centro Hospitalar Universitário de Lisboa Norte, EPE","38.7500861, -9.1616116",118401.0,29222.0,11209.0,,158832.0
2013-09,2013/09/01,Região de Saúde LVT,"Hospital de Cascais, PPP","38.729006, -9.418267",63369.0,38702.0,10944.0,,113015.0
2013-09,2013/09/01,Região de Saúde LVT,"Hospital de Loures, PPP","38.821455, -9.176296",89252.0,37833.0,8523.0,,135608.0
2013-09,2013/09/01,Região de Saúde Norte,"Centro Hospitalar do Médio Ave, EPE","41.3423984, -8.4802503",70855.0,24047.0,3229.0,,98131.0
2013-09,2013/09/01,Região de Saúde Norte,"Unidade Local de Saúde do Alto Minho, EPE","41.7056054, -8.8252713",99457.0,17280.0,3795.0,,120532.0
2013-10,2013/10/01,Região de Saúde do Alentejo,"Unidade Local de Saúde do Litoral Alentejano, EPE","38.0162314, -8.6956768",76168.0,,,,76168.0
2013-10,2013/10/01,Região de Saúde do Centro,"Centro Hospitalar Universitário Cova da Beira, EPE","40.2804158, -7.4922407",50771.0,14835.0,1346.0,,66952.0
2013-10,2013/10/01,Região de Saúde LVT,"Hospital de Vila Franca de Xira, PPP","38.977235, -8.984506",61951.0,23348.0,5237.0,,90536.0
2013-10,2013/10/01,Região de Saúde Norte,"Centro Hospitalar Póvoa de Varzim/Vila do Conde, EPE","41.3828711, -8.7589945",65229.0,,,,65229.0
2013-10,2013/10/01,Região de Saúde Norte,"Centro Hospitalar Tâmega e Sousa, EPE","41.2494561, -8.264901",120244.0,31826.0,10839.0,,162909.0
2013-10,2013/10/01,Região de Saúde Norte,"Hospital Santa Maria Maior, EPE","41.5324234, -8.6171561",42704.0,16947.0,,,59651.0
2013-11,2013/11/01,Região de Saúde do Alentejo,"Unidade Local de Saúde do Baixo Alentejo, EPE","38.014123, -7.8721227",92749.0,14135.0,3719.0,,110603.0
2013-11,2013/11/01,Região de Saúde do Alentejo,"Unidade Local de Saúde do Norte Alentejano, EPE","39.3003425, -7.4263845",75724.0,9431.0,935.0,,86090.0
2013-11,2013/11/01,Região de Saúde do Centro,"Centro Hospitalar Universitário Cova da Beira, EPE","40.2804158, -7.4922407",55260.0,16172.0,1437.0,,72869.0
2013-11,2013/11/01,Região de Saúde do Centro,"Centro Hospitalar do Baixo Vouga, EPE","40.6362453, -8.6543716",115371.0,36621.0,5426.0,,157418.0
2013-11,2013/11/01,Região de Saúde do Centro,"Centro Hospitalar e Universitário de Coimbra, EPE","40.2191523, -8.4098211",183020.0,55396.0,25270.0,,263686.0
2013-11,2013/11/01,Região de Saúde do Centro,"Unidade Local de Saúde da Guarda, EPE","40.5309916, -7.2734793",64439.0,11291.0,3429.0,,79159.0
2013-11,2013/11/01,Região de Saúde Norte,"Centro Hospitalar Póvoa de Varzim/Vila do Conde, EPE","41.3828711, -8.7589945",71548.0,,,,71548.0
2013-11,2013/11/01,Região de Saúde Norte,"Unidade Local de Saúde do Alto Minho, EPE","41.7056054, -8.8252713",119481.0,20855.0,4594.0,,144930.0
2013-12,2013/12/01,Região de Saúde do Centro,"Unidade Local de Saúde da Guarda, EPE","40.5309916, -7.2734793",70222.0,12306.0,3751.0,,86279.0
2013-12,2013/12/01,Região de Saúde LVT,"Centro Hospitalar de Setúbal, EPE","38.5283754, -8.8818638",79977.0,40914.0,12280.0,,133171.0
2013-12,2013/12/01,Região de Saúde LVT,"Centro Hospitalar Universitário de Lisboa Norte, EPE","38.7500861, -9.1616116",155666.0,39994.0,14892.0,,210552.0
2013-12,2013/12/01,Região de Saúde LVT,"Hospital de Vila Franca de Xira, PPP","38.977235, -8.984506",74665.0,29193.0,6374.0,,110232.0
2013-12,2013/12/01,Região de Saúde LVT,"Hospital Garcia de Orta, EPE","38.6658713, -9.1822554",87524.0,43516.0,16686.0,,147726.0
2013-12,2013/12/01,Região de Saúde Norte,"Centro Hospitalar Universitário do Porto, EPE","41.1472498, -8.6172617",118895.0,,12576.0,,131471.0
2013-12,2013/12/01,Região de Saúde Norte,"Unidade Local de Saúde de Matosinhos, EPE","41.1794456, -8.6745115",73908.0,,7936.0,,81844.0
2014-01,2014/01/01,Região de Saúde do Alentejo,"Unidade Local de Saúde do Baixo Alentejo, EPE","38.014123, -7.8721227",9329.0,1418.0,334.0,,11081.0
2014-01,2014/01/01,Região de Saúde do Alentejo,"Unidade Local de Saúde do Litoral Alentejano, EPE","38.0162314, -8.6956768",8754.0,,,,8754.0
2014-01,2014/01/01,Região de Saúde do Algarve,"Centro Hospitalar Universitário do Algarve,EPE","37.0238973, -7.9281554",11973.0,7270.0,1326.0,,20569.0
2014-01,2014/01/01,Região de Saúde LVT,"Centro Hospitalar de Lisboa Ocidental, EPE","38.708454, -9.216985",9195.0,3807.0,1288.0,,14290.0
2014-01,2014/01/01,Região de Saúde LVT,"Centro Hospitalar de Setúbal, EPE","38.5283754, -8.8818638",7005.0,4298.0,970.0,,12273.0
2014-01,2014/01/01,Região de Saúde LVT,"Centro Hospitalar Médio Tejo, EPE","39.478072, -8.5404429",10587.0,2899.0,208.0,,13694.0
2014-01,2014/01/01,Região de Saúde LVT,"Hospital de Vila Franca de Xira, PPP","38.977235, -8.984506",6917.0,3167.0,581.0,,10665.0
2014-01,2014/01/01,Região de Saúde LVT,"Hospital Garcia de Orta, EPE","38.6658713, -9.1822554",7297.0,4400.0,1223.0,,12920.0
2014-01,2014/01/01,Região de Saúde Norte,"Centro Hospitalar Entre Douro e Vouga, EPE","40.9293884, -8.5458794",11652.0,3306.0,675.0,,15633.0
2014-01,2014/01/01,Região de Saúde Norte,"Unidade Local de Saúde do Nordeste, EPE","41.8056532, -6.7888197",11142.0,,,,11142.0
2014-02,2014/02/01,Região de Saúde do Alentejo,"Unidade Local de Saúde do Litoral Alentejano, EPE","38.0162314, -8.6956768",16411.0,,,,16411.0
2014-02,2014/02/01,Região de Saúde do Alentejo,"Unidade Local de Saúde do Norte Alentejano, EPE","39.3003425, -7.4263845",14335.0,1939.0,140.0,,16414.0
2014-02,2014/02/01,Região de Saúde do Centro,"Centro Hospitalar e Universitário de Coimbra, EPE","40.2191523, -8.4098211",30890.0,11172.0,4336.0,,46398.0
2014-02,2014/02/01,Região de Saúde do Centro,"Unidade Local de Saúde da Guarda, EPE","40.5309916, -7.2734793",11375.0,2182.0,654.0,,14211.0
2014-02,2014/02/01,Região de Saúde do Centro,"Unidade Local de Saúde de Castelo Branco, EPE","39.8212263, -7.4981271",7976.0,2611.0,197.0,,10784.0
2014-02,2014/02/01,Região de Saúde LVT,"Hospital de Vila Franca de Xira, PPP","38.977235, -8.984506",12803.0,5837.0,1067.0,,19707.0
2014-02,2014/02/01,Região de Saúde LVT,"Hospital Professor Doutor Fernando Fonseca, EPE","38.7422257, -9.2264834",30686.0,11412.0,3119.0,,45217.0
2014-02,2014/02/01,Região de Saúde Norte,"Centro Hospitalar do Alto Ave, EPE","41.4387173, -8.3086907",17215.0,6859.0,1080.0,,25154.0
2014-02,2014/02/01,Região de Saúde Norte,"Centro Hospitalar Entre Douro e Vouga, EPE","40.9293884, -8.5458794",22056.0,6288.0,1269.0,,29613.0
2014-02,2014/02/01,Região de Saúde Norte,"Centro Hospitalar Vila Nova de Gaia/Espinho, EPE","41.1094138, -8.5972617",18760.0,7853.0,1853.0,,28466.0
2014-02,2014/02/01,Região de Saúde Norte,"Unidade Local de Saúde do Alto Minho, EPE","41.7056054, -8.8252713",21914.0,4534.0,664.0,,27112.0
2014-03,2014/03/01,Região de Saúde do Centro,"Centro Hospitalar do Baixo Vouga, EPE","40.6362453, -8.6543716",28222.0,11426.0,1374.0,,41022.0
2014-03,2014/03/01,Região de Saúde LVT,"Centro Hospitalar Barreiro/Montijo, EPE","38.6554005, -9.0592392",25006.0,10242.0,2433.0,,37681.0
2014-03,2014/03/01,Região de Saúde LVT,"Centro Hospitalar do Oeste, EPE","39.4054629, -9.1258493",28930.0,14337.0,2322.0,,45589.0
2014-03,2014/03/01,Região de Saúde Norte,"Centro Hospitalar do Alto Ave, EPE","41.4387173, -8.3086907",25654.0,9951.0,1671.0,,37276.0
2014-03,2014/03/01,Região de Saúde Norte,"Centro Hospitalar Universitário do Porto, EPE","41.1472498, -8.6172617",28753.0,,3330.0,,32083.0
2014-03,2014/03/01,Região de Saúde Norte,"Centro Hospitalar Tâmega e Sousa, EPE","41.2494561, -8.264901",36976.0,10439.0,3169.0,,50584.0
2014-03,2014/03/01,Região de Saúde Norte,"Hospital de Braga, PPP","41.56785, -8.398982",31970.0,12186.0,2878.0,,47034.0
2014-03,2014/03/01,Região de Saúde Norte,"Unidade Local de Saúde do Nordeste, EPE","41.8056532, -6.7888197",30580.0,,,,30580.0
2014-04,2014/04/01,Região de Saúde do Alentejo,"Unidade Local de Saúde do Baixo Alentejo, EPE","38.014123, -7.8721227",34944.0,5460.0,1181.0,,41585.0
2014-04,2014/04/01,Região de Saúde do Centro,"Centro Hospitalar de Leiria, EPE","39.7414812, -8.7982706",45574.0,16155.0,3425.0,,65154.0
2014-04,2014/04/01,Região de Saúde do Centro,"Unidade Local de Saúde da Guarda, EPE","40.5309916, -7.2734793",23232.0,4058.0,1375.0,,28665.0
2014-04,2014/04/01,Região de Saúde LVT,"Centro Hospitalar Barreiro/Montijo, EPE","38.6554005, -9.0592392",33158.0,13055.0,3197.0,,49410.0
2014-04,2014/04/01,Região de Saúde LVT,"Centro Hospitalar de Setúbal, EPE","38.5283754, -8.8818638",26495.0,14832.0,4050.0,,45377.0
2014-04,2014/04/01,Região de Saúde Norte,"Centro Hospitalar do Médio Ave, EPE","41.3423984, -8.4802503",31523.0,12275.0,1401.0,,45199.0
2014-04,2014/04/01,Região de Saúde Norte,"Centro Hospitalar Universitário do Porto, EPE","41.1472498, -8.6172617",38766.0,,4425.0,,43191.0
2014-04,2014/04/01,Região de Saúde Norte,"Centro Hospitalar Entre Douro e Vouga, EPE","40.9293884, -8.5458794",44137.0,11999.0,2674.0,,58810.0
2014-04,2014/04/01,Região de Saúde Norte,"Centro Hospitalar Tâmega e Sousa, EPE","41.2494561, -8.264901",48798.0,13402.0,4096.0,,66296.0
2014-04,2014/04/01,Região de Saúde Norte,"Centro Hospitalar Trás-os-Montes e Alto Douro, EPE","41.3031784, -7.7515252",51328.0,7844.0,1067.0,,60239.0
2014-05,2014/05/01,Região de Saúde do Centro,"Centro Hospitalar de Leiria, EPE","39.7414812, -8.7982706",57143.0,20255.0,4294.0,,81692.0
2014-05,2014/05/01,Região de Saúde do Centro,"Unidade Local de Saúde de Castelo Branco, EPE","39.8212263, -7.4981271",20127.0,6155.0,501.0,,26783.0
2014-05,2014/05/01,Região de Saúde LVT,"Centro Hospitalar Médio Tejo, EPE","39.478072, -8.5404429",48441.0,12585.0,931.0,,61957.0
2014-05,2014/05/01,Região de Saúde LVT,"Hospital de Vila Franca de Xira, PPP","38.977235, -8.984506",32590.0,14145.0,2938.0,,49673.0
2014-05,2014/05/01,Região de Saúde LVT,"Hospital Distrital de Santarém, EPE","39.2410946, -8.6937515",33568.0,16690.0,3372.0,,53630.0
2014-05,2014/05/01,Região de Saúde Norte,"Centro Hospitalar Trás-os-Montes e Alto Douro, EPE","41.3031784, -7.7515252",64278.0,9626.0,1382.0,,75286.0
2014-05,2014/05/01,Região de Saúde Norte,"Unidade Local de Saúde de Matosinhos, EPE","41.1794456, -8.6745115",31754.0,,3386.0,,35140.0
2014-06,2014/06/01,Região de Saúde do Alentejo,"Unidade Local de Saúde do Baixo Alentejo, EPE","38.014123, -7.8721227",52343.0,8105.0,1776.0,,62224.0
2014-06,2014/06/01,Região de Saúde do Centro,"Centro Hospitalar Tondela-Viseu, EPE","40.516364, -8.0827433",63107.0,18769.0,6943.0,,88819.0
2014-06,2014/06/01,Região de Saúde do Centro,"Unidade Local de Saúde da Guarda, EPE","40.5309916, -7.2734793",34425.0,6216.0,2013.0,,42654.0
2014-06,2014/06/01,Região de Saúde LVT,"Hospital de Loures, PPP","38.821455, -9.176296",62567.0,29875.0,6027.0,,98469.0
2014-06,2014/06/01,Região de Saúde Norte,"Centro Hospitalar Póvoa de Varzim/Vila do Conde, EPE","41.3828711, -8.7589945",38291.0,,,,38291.0
2014-06,2014/06/01,Região de Saúde Norte,"Unidade Local de Saúde do Nordeste, EPE","41.8056532, -6.7888197",58901.0,,,,58901.0
2014-07,2014/07/01,Região de Saúde do Centro,"Centro Hospitalar Universitário Cova da Beira, EPE","40.2804158, -7.4922407",33243.0,10233.0,856.0,,44332.0
2014-07,2014/07/01,Região de Saúde do Centro,"Centro Hospitalar e Universitário de Coimbra, EPE","40.2191523, -8.4098211",112117.0,35846.0,15784.0,,163747.0
2014-07,2014/07/01,Região de Saúde do Centro,"Unidade Local de Saúde de Castelo Branco, EPE","39.8212263, -7.4981271",28206.0,8128.0,675.0,,37009.0
2014-07,2014/07/01,Região de Saúde LVT,"Centro Hospitalar de Lisboa Ocidental, EPE","38.708454, -9.216985",60832.0,20298.0,8801.0,,89931.0
2014-07,2014/07/01,Região de Saúde LVT,"Hospital de Vila Franca de Xira, PPP","38.977235, -8.984506",45895.0,18988.0,4250.0,,69133.0
2014-07,2014/07/01,Região de Saúde Norte,"Centro Hospitalar do Alto Ave, EPE","41.4387173, -8.3086907",59911.0,21883.0,3974.0,,85768.0
2014-07,2014/07/01,Região de Saúde Norte,"Centro Hospitalar Universitário do Porto, EPE","41.1472498, -8.6172617",70267.0,,8079.0,,78346.0
2014-07,2014/07/01,Região de Saúde Norte,"Centro Hospitalar Trás-os-Montes e Alto Douro, EPE","41.3031784, -7.7515252",90438.0,12607.0,2006.0,,105051.0
2014-07,2014/07/01,Região de Saúde Norte,"Unidade Local de Saúde de Matosinhos, EPE","41.1794456, -8.6745115",45033.0,,4763.0,,49796.0
2014-08,2014/08/01,Região de Saúde do Alentejo,"Unidade Local de Saúde do Litoral Alentejano, EPE","38.0162314, -8.6956768",64838.0,,,,64838.0
2014-08,2014/08/01,Região de Saúde do Centro,"Hospital Distrital da Figueira da Foz, EPE","40.117897, -8.8586755",33810.0,13401.0,,,47211.0
2014-08,2014/08/01,Região de Saúde LVT,"Centro Hospitalar de Setúbal, EPE","38.5283754, -8.8818638",53789.0,27749.0,8457.0,,89995.0
2014-08,2014/08/01,Região de Saúde LVT,"Centro Hospitalar do Oeste, EPE","39.4054629, -9.1258493",78635.0,33274.0,6568.0,,118477.0
2014-08,2014/08/01,Região de Saúde LVT,"Centro Hospitalar Médio Tejo, EPE","39.478072, -8.5404429",77158.0,18110.0,1538.0,,96806.0
2014-08,2014/08/01,Região de Saúde LVT,"Hospital Garcia de Orta, EPE","38.6658713, -9.1822554",58568.0,28686.0,10559.0,,97813.0
2014-08,2014/08/01,Região de Saúde Norte,"Centro Hospitalar do Médio Ave, EPE","41.3423984, -8.4802503",62076.0,22446.0,3493.0,,88015.0
2014-08,2014/08/01,Região de Saúde Norte,"Centro Hospitalar Póvoa de Varzim/Vila do Conde, EPE","41.3828711, -8.7589945",50736.0,,,,50736.0
2014-08,2014/08/01,Região de Saúde Norte,"Centro Hospitalar Vila Nova de Gaia/Espinho, EPE","41.1094138, -8.5972617",79284.0,28568.0,7906.0,,115758.0
2014-09,2014/09/01,Região de Saúde do Alentejo,"Unidade Local de Saúde do Baixo Alentejo, EPE","38.014123, -7.8721227",77613.0,11179.0,2721.0,,91513.0
2014-09,2014/09/01,Região de Saúde do Centro,"Hospital Distrital da Figueira da Foz, EPE","40.117897, -8.8586755",38093.0,14740.0,,,52833.0
2014-09,2014/09/01,Região de Saúde LVT,"Hospital Distrital de Santarém, EPE","39.2410946, -8.6937515",60918.0,26510.0,6608.0,,94036.0
2014-09,2014/09/01,Região de Saúde LVT,"Hospital Garcia de Orta, EPE","38.6658713, -9.1822554",66128.0,31581.0,11940.0,,109649.0
2014-09,2014/09/01,Região de Saúde Norte,"Centro Hospitalar Universitário do Porto, EPE","41.1472498, -8.6172617",91338.0,,10902.0,,102240.0
2014-09,2014/09/01,Região de Saúde Norte,"Unidade Local de Saúde do Alto Minho, EPE","41.7056054, -8.8252713",101415.0,17248.0,3287.0,,121950.0
2014-10,2014/10/01,Região de Saúde do Alentejo,"Hospital Espírito Santo de Évora, EPE","38.5684861, -7.9032848",44072.0,16878.0,,,60950.0
2014-10,2014/10/01,Região de Saúde do Algarve,"Centro Hospitalar Universitário do Algarve,EPE","37.0238973, -7.9281554",156061.0,59154.0,15056.0,,230271.0
2014-10,2014/10/01,Região de Saúde do Centro,"Hospital Distrital da Figueira da Foz, EPE","40.117897, -8.8586755",42399.0,16444.0,,,58843.0
2014-10,2014/10/01,Região de Saúde do Centro,"Unidade Local de Saúde da Guarda, EPE","40.5309916, -7.2734793",61482.0,10223.0,3456.0,,75161.0
2014-10,2014/10/01,Região de Saúde LVT,"Centro Hospitalar de Lisboa Ocidental, EPE","38.708454, -9.216985",87234.0,27349.0,12937.0,,127520.0
2014-10,2014/10/01,Região de Saúde LVT,"Centro Hospitalar do Oeste, EPE","39.4054629, -9.1258493",98494.0,40990.0,8397.0,,147881.0
2014-10,2014/10/01,Região de Saúde LVT,"Hospital de Vila Franca de Xira, PPP","38.977235, -8.984506",66544.0,26701.0,6536.0,,99781.0
2014-10,2014/10/01,Região de Saúde Norte,"Centro Hospitalar Trás-os-Montes e Alto Douro, EPE","41.3031784, -7.7515252",130792.0,17277.0,3138.0,,151207.0
2014-10,2014/10/01,Região de Saúde Norte,"Hospital de Braga, PPP","41.56785, -8.398982",111116.0,36993.0,11280.0,,159389.0
2014-11,2014/11/01,Região de Saúde do Centro,"Centro Hospitalar Tondela-Viseu, EPE","40.516364, -8.0827433",118247.0,34124.0,13064.0,,165435.0
2014-11,2014/11/01,Região de Saúde do Centro,"Hospital Distrital da Figueira da Foz, EPE","40.117897, -8.8586755",46249.0,18231.0,,,64480.0
2014-11,2014/11/01,Região de Saúde do Centro,"Unidade Local de Saúde de Castelo Branco, EPE","39.8212263, -7.4981271",44329.0,12328.0,1062.0,,57719.0
2014-11,2014/11/01,Região de Saúde LVT,"Hospital de Cascais, PPP","38.729006, -9.418267",80031.0,50223.0,14355.0,,144609.0
2014-11,2014/11/01,Região de Saúde LVT,"Hospital de Loures, PPP","38.821455, -9.176296",115156.0,52547.0,11461.0,,179164.0
2014-11,2014/11/01,Região de Saúde Norte,"Centro Hospitalar Tâmega e Sousa, EPE","41.2494561, -8.264901",136318.0,35810.0,11945.0,,184073.0
2014-11,2014/11/01,Região de Saúde Norte,"Centro Hospitalar Vila Nova de Gaia/Espinho, EPE","41.1094138, -8.5972617",109178.0,40408.0,11153.0,,160739.0
2014-11,2014/11/01,Região de Saúde Norte,"Unidade Local de Saúde do Nordeste, EPE","41.8056532, -6.7888197",104713.0,,,,104713.0
2014-12,2014/12/01,Região de Saúde do Centro,"Unidade Local de Saúde da Guarda, EPE","40.5309916, -7.2734793",75259.0,12414.0,4032.0,,91705.0
2014-12,2014/12/01,Região de Saúde LVT,"Centro Hospitalar do Oeste, EPE","39.4054629, -9.1258493",117255.0,51094.0,9953.0,,178302.0
2014-12,2014/12/01,Região de Saúde LVT,"Hospital Distrital de Santarém, EPE","39.2410946, -8.6937515",81268.0,37401.0,8853.0,,127522.0
2014-12,2014/12/01,Região de Saúde LVT,"Hospital Garcia de Orta, EPE","38.6658713, -9.1822554",88984.0,44109.0,15771.0,,148864.0
2014-12,2014/12/01,Região de Saúde Norte,"Centro Hospitalar Póvoa de Varzim/Vila do Conde, EPE","41.3828711, -8.7589945",75851.0,,,,75851.0
2014-12,2014/12/01,Região de Saúde Norte,"Centro Hospitalar Trás-os-Montes e Alto Douro, EPE","41.3031784, -7.7515252",156093.0,21077.0,3812.0,,180982.0
2014-12,2014/12/01,Região de Saúde Norte,"Hospital de Braga, PPP","41.56785, -8.398982",132730.0,45704.0,13588.0,,192022.0
2014-12,2014/12/01,Região de Saúde Norte,"Hospital Santa Maria Maior, EPE","41.5324234, -8.6171561",48824.0,18949.0,,,67773.0
2015-01,2015/01/01,Região de Saúde do Alentejo,"Unidade Local de Saúde do Litoral Alentejano, EPE","38.0162314, -8.6956768",8710.0,,,,8710.0
2015-01,2015/01/01,Região de Saúde do Centro,"Centro Hospitalar de Leiria, EPE","39.7414812, -8.7982706",13751.0,4788.0,1036.0,,19575.0
2015-01,2015/01/01,Região de Saúde do Centro,"Unidade Local de Saúde da Guarda, EPE","40.5309916, -7.2734793",8566.0,1456.0,361.0,,10383.0
2015-01,2015/01/01,Região de Saúde LVT,"Centro Hospitalar Médio Tejo, EPE","39.478072, -8.5404429",10442.0,3134.0,218.0,,13794.0
2015-01,2015/01/01,Região de Saúde LVT,"Hospital de Loures, PPP","38.821455, -9.176296",10844.0,5997.0,1093.0,,17934.0
2015-01,2015/01/01,Região de Saúde Norte,"Centro Hospitalar Entre Douro e Vouga, EPE","40.9293884, -8.5458794",11702.0,3396.0,632.0,,15730.0
2015-01,2015/01/01,Região de Saúde Norte,"Centro Hospitalar Vila Nova de Gaia/Espinho, EPE","41.1094138, -8.5972617",9709.0,4243.0,1031.0,,14983.0
2015-01,2015/01/01,Região de Saúde Norte,"Hospital de Braga, PPP","41.56785, -8.398982",11494.0,4689.0,1130.0,,17313.0
2015-02,2015/02/01,Região de Saúde do Algarve,"Centro Hospitalar Universitário do Algarve,EPE","37.0238973, -7.9281554",42579.0,13633.0,2757.0,0.0,58969.0
2015-02,2015/02/01,Região de Saúde do Centro,"Centro Hospitalar do Baixo Vouga, EPE","40.6362453, -8.6543716",20411.0,7027.0,881.0,,28319.0
2015-02,2015/02/01,Região de Saúde do Centro,"Unidade Local de Saúde da Guarda, EPE","40.5309916, -7.2734793",15925.0,2618.0,692.0,,19235.0
2015-02,2015/02/01,Região de Saúde LVT,"Centro Hospitalar de Lisboa Ocidental, EPE","38.708454, -9.216985",16590.0,6289.0,2231.0,,25110.0
2015-02,2015/02/01,Região de Saúde Norte,"Centro Hospitalar Vila Nova de Gaia/Espinho, EPE","41.1094138, -8.5972617",18051.0,7459.0,1829.0,,27339.0
2015-03,2015/03/01,Região de Saúde do Alentejo,"Unidade Local de Saúde do Norte Alentejano, EPE","39.3003425, -7.4263845",21696.0,2992.0,269.0,,24957.0
2015-03,2015/03/01,Região de Saúde do Centro,"Centro Hospitalar e Universitário de Coimbra, EPE","40.2191523, -8.4098211",48328.0,16589.0,6940.0,,71857.0
2015-03,2015/03/01,Região de Saúde do Centro,"Unidade Local de Saúde de Castelo Branco, EPE","39.8212263, -7.4981271",12774.0,3736.0,352.0,,16862.0
2015-03,2015/03/01,Região de Saúde LVT,"Centro Hospitalar de Lisboa Ocidental, EPE","38.708454, -9.216985",25446.0,9330.0,3531.0,,38307.0
2015-03,2015/03/01,Região de Saúde LVT,"Centro Hospitalar do Oeste, EPE","39.4054629, -9.1258493",28704.0,13780.0,2420.0,,44904.0
2015-03,2015/03/01,Região de Saúde LVT,"Hospital de Cascais, PPP","38.729006, -9.418267",21740.0,15035.0,3993.0,,40768.0
2015-03,2015/03/01,Região de Saúde Norte,"Centro Hospitalar Vila Nova de Gaia/Espinho, EPE","41.1094138, -8.5972617",27704.0,11059.0,2811.0,,41574.0
2015-03,2015/03/01,Região de Saúde Norte,"Hospital da Senhora da Oliveira, Guimarães, EPE","41.4387173, -8.3086907",18713.0,10678.0,1678.0,,31069.0
2015-04,2015/04/01,Região de Saúde do Centro,"Centro Hospitalar de Leiria, EPE","39.7414812, -8.7982706",46469.0,14489.0,3653.0,,64611.0
2015-04,2015/04/01,Região de Saúde LVT,"Centro Hospitalar Médio Tejo, EPE","39.478072, -8.5404429",37363.0,9998.0,788.0,,48149.0
2015-04,2015/04/01,Região de Saúde Norte,"Centro Hospitalar Universitário de São João, EPE","41.1831056, -8.6010558",51416.0,25926.0,4380.0,0.0,81722.0
2015-04,2015/04/01,Região de Saúde Norte,"Centro Hospitalar Entre Douro e Vouga, EPE","40.9293884, -8.5458794",42540.0,11439.0,2630.0,,56609.0
2015-05,2015/05/01,Região de Saúde do Alentejo,"Hospital Espírito Santo de Évora, EPE","38.5684861, -7.9032848",21345.0,9139.0,,,30484.0
2015-05,2015/05/01,Região de Saúde do Alentejo,"Unidade Local de Saúde do Baixo Alentejo, EPE","38.014123, -7.8721227",37842.0,8184.0,1483.0,,47509.0
2015-05,2015/05/01,Região de Saúde do Centro,"Centro Hospitalar de Leiria, EPE","39.7414812, -8.7982706",58297.0,18013.0,4562.0,,80872.0
2015-05,2015/05/01,Região de Saúde LVT,"Centro Hospitalar de Setúbal, EPE","38.5283754, -8.8818638",33477.0,19034.0,5493.0,,58004.0
2015-05,2015/05/01,Região de Saúde LVT,"Centro Hospitalar Universitário de Lisboa Norte, EPE","38.7500861, -9.1616116",60067.0,18450.0,5943.0,,84460.0
2015-05,2015/05/01,Região de Saúde LVT,"Hospital de Vila Franca de Xira, PPP","38.977235, -8.984506",33607.0,15658.0,3477.0,,52742.0
2015-05,2015/05/01,Região de Saúde Norte,"Centro Hospitalar do Médio Ave, EPE","41.3423984, -8.4802503",36420.0,15306.0,2583.0,,54309.0
2015-05,2015/05/01,Região de Saúde Norte,"Centro Hospitalar Entre Douro e Vouga, EPE","40.9293884, -8.5458794",53313.0,14237.0,3337.0,,70887.0
2015-05,2015/05/01,Região de Saúde Norte,"Centro Hospitalar Vila Nova de Gaia/Espinho, EPE","41.1094138, -8.5972617",46612.0,18487.0,4768.0,,69867.0
2015-05,2015/05/01,Região de Saúde Norte,"Unidade Local de Saúde do Nordeste, EPE","41.8056532, -6.7888197",46345.0,,,,46345.0
2015-06,2015/06/01,Região de Saúde do Alentejo,"Hospital Espírito Santo de Évora, EPE","38.5684861, -7.9032848",25724.0,10652.0,,,36376.0
2015-06,2015/06/01,Região de Saúde do Alentejo,"Unidade Local de Saúde do Norte Alentejano, EPE","39.3003425, -7.4263845",41766.0,5817.0,610.0,,48193.0
2015-06,2015/06/01,Região de Saúde do Centro,"Centro Hospitalar de Leiria, EPE","39.7414812, -8.7982706",69836.0,20919.0,5501.0,,96256.0
2015-06,2015/06/01,Região de Saúde do Centro,"Centro Hospitalar Tondela-Viseu, EPE","40.516364, -8.0827433",63658.0,19433.0,7549.0,,90640.0
2015-06,2015/06/01,Região de Saúde LVT,"Centro Hospitalar de Lisboa Ocidental, EPE","38.708454, -9.216985",51029.0,17476.0,7367.0,,75872.0
2015-06,2015/06/01,Região de Saúde LVT,"Centro Hospitalar do Oeste, EPE","39.4054629, -9.1258493",56573.0,26344.0,4966.0,,87883.0
2015-06,2015/06/01,Região de Saúde LVT,"Centro Hospitalar Médio Tejo, EPE","39.478072, -8.5404429",56423.0,14550.0,1229.0,,72202.0
2015-06,2015/06/01,Região de Saúde LVT,"Hospital de Cascais, PPP","38.729006, -9.418267",42977.0,29230.0,8286.0,,80493.0
2015-06,2015/06/01,Região de Saúde Norte,"Centro Hospitalar Póvoa de Varzim/Vila do Conde, EPE","41.3828711, -8.7589945",37114.0,,,,37114.0
2015-07,2015/07/01,Região de Saúde do Alentejo,"Unidade Local de Saúde do Litoral Alentejano, EPE","38.0162314, -8.6956768",56937.0,,,,56937.0
2015-07,2015/07/01,Região de Saúde do Centro,"Hospital Distrital da Figueira da Foz, EPE","40.117897, -8.8586755",30444.0,12429.0,,,42873.0
2015-07,2015/07/01,Região de Saúde do Centro,"Unidade Local de Saúde da Guarda, EPE","40.5309916, -7.2734793",49708.0,8494.0,2428.0,,60630.0
2015-07,2015/07/01,Região de Saúde LVT,"Centro Hospitalar de Lisboa Ocidental, EPE","38.708454, -9.216985",59790.0,19688.0,8729.0,,88207.0
2015-07,2015/07/01,Região de Saúde LVT,"Hospital de Cascais, PPP","38.729006, -9.418267",50606.0,33295.0,9869.0,,93770.0
2015-07,2015/07/01,Região de Saúde LVT,"Hospital Professor Doutor Fernando Fonseca, EPE","38.7422257, -9.2264834",104528.0,33961.0,11009.0,,149498.0
2015-07,2015/07/01,Região de Saúde Norte,"Centro Hospitalar Entre Douro e Vouga, EPE","40.9293884, -8.5458794",75397.0,19069.0,4820.0,,99286.0
2015-07,2015/07/01,Região de Saúde Norte,"Hospital da Senhora da Oliveira, Guimarães, EPE","41.4387173, -8.3086907",44651.0,23216.0,4241.0,,72108.0
2015-08,2015/08/01,Região de Saúde do Alentejo,"Unidade Local de Saúde do Baixo Alentejo, EPE","38.014123, -7.8721227",58361.0,11699.0,2469.0,,72529.0
2015-08,2015/08/01,Região de Saúde do Centro,"Centro Hospitalar e Universitário de Coimbra, EPE","40.2191523, -8.4098211",128423.0,39657.0,19954.0,,188034.0
2015-08,2015/08/01,Região de Saúde LVT,"Centro Hospitalar Barreiro/Montijo, EPE","38.6554005, -9.0592392",65868.0,21873.0,6010.0,,93751.0
2015-08,2015/08/01,Região de Saúde Norte,"Centro Hospitalar Entre Douro e Vouga, EPE","40.9293884, -8.5458794",86568.0,20999.0,5572.0,,113139.0
2015-08,2015/08/01,Região de Saúde Norte,"Hospital da Senhora da Oliveira, Guimarães, EPE","41.4387173, -8.3086907",51445.0,25464.0,4889.0,,81798.0
2015-08,2015/08/01,Região de Saúde Norte,"Hospital Santa Maria Maior, EPE","41.5324234, -8.6171561",32132.0,12051.0,,,44183.0
2015-09,2015/09/01,Região de Saúde do Alentejo,"Unidade Local de Saúde do Baixo Alentejo, EPE","38.014123, -7.8721227",64739.0,12752.0,2810.0,,80301.0
2015-09,2015/09/01,Região de Saúde LVT,"Centro Hospitalar de Setúbal, EPE","38.5283754, -8.8818638",62082.0,30197.0,10393.0,,102672.0
2015-09,2015/09/01,Região de Saúde LVT,"Centro Hospitalar Médio Tejo, EPE","39.478072, -8.5404429",84910.0,19844.0,1899.0,,106653.0
2015-09,2015/09/01,Região de Saúde LVT,"Hospital de Loures, PPP","38.821455, -9.176296",90907.0,43115.0,11511.0,,145533.0
2015-09,2015/09/01,Região de Saúde LVT,"Hospital de Vila Franca de Xira, PPP","38.977235, -8.984506",61162.0,25134.0,6748.0,,93044.0
2015-09,2015/09/01,Região de Saúde Norte,"Hospital da Senhora da Oliveira, Guimarães, EPE","41.4387173, -8.3086907",57889.0,27999.0,5519.0,,91407.0
2015-09,2015/09/01,Região de Saúde Norte,"Unidade Local de Saúde do Alto Minho, EPE","41.7056054, -8.8252713",100783.0,17042.0,3651.0,,121476.0
2015-10,2015/10/01,Região de Saúde do Centro,"Centro Hospitalar Universitário Cova da Beira, EPE","40.2804158, -7.4922407",45572.0,14184.0,1227.0,,60983.0
2015-10,2015/10/01,Região de Saúde do Centro,"Centro Hospitalar do Baixo Vouga, EPE","40.6362453, -8.6543716",101754.0,30237.0,5279.0,,137270.0
2015-10,2015/10/01,Região de Saúde do Centro,"Hospital Distrital da Figueira da Foz, EPE","40.117897, -8.8586755",43851.0,16908.0,,,60759.0
2015-10,2015/10/01,Região de Saúde LVT,"Hospital de Vila Franca de Xira, PPP","38.977235, -8.984506",68474.0,28696.0,7524.0,,104694.0
2015-10,2015/10/01,Região de Saúde LVT,"Hospital Professor Doutor Fernando Fonseca, EPE","38.7422257, -9.2264834",149241.0,47434.0,16155.0,,212830.0
2015-10,2015/10/01,Região de Saúde Norte,"Centro Hospitalar Universitário do Porto, EPE","41.1472498, -8.6172617",100273.0,,13274.0,,113547.0
2015-10,2015/10/01,Região de Saúde Norte,"Centro Hospitalar Tâmega e Sousa, EPE","41.2494561, -8.264901",124254.0,32300.0,11789.0,,168343.0
2015-10,2015/10/01,Região de Saúde Norte,"Hospital de Braga, PPP","41.56785, -8.398982",111494.0,38327.0,11249.0,,161070.0
2015-10,2015/10/01,Região de Saúde Norte,"Unidade Local de Saúde de Matosinhos, EPE","41.1794456, -8.6745115",64622.0,,6998.0,,71620.0
2015-11,2015/11/01,Região de Saúde do Alentejo,"Hospital Espírito Santo de Évora, EPE","38.5684861, -7.9032848",48437.0,18668.0,,,67105.0
2015-11,2015/11/01,Região de Saúde do Centro,"Centro Hospitalar Universitário Cova da Beira, EPE","40.2804158, -7.4922407",49941.0,15812.0,1354.0,,67107.0
2015-11,2015/11/01,Região de Saúde LVT,"Centro Hospitalar de Setúbal, EPE","38.5283754, -8.8818638",75741.0,38060.0,12619.0,,126420.0
2015-11,2015/11/01,Região de Saúde LVT,"Hospital de Vila Franca de Xira, PPP","38.977235, -8.984506",75573.0,32087.0,8219.0,,115879.0
2015-11,2015/11/01,Região de Saúde LVT,"Hospital Distrital de Santarém, EPE","39.2410946, -8.6937515",74779.0,33479.0,6455.0,,114713.0
2015-11,2015/11/01,Região de Saúde Norte,"Centro Hospitalar do Médio Ave, EPE","41.3423984, -8.4802503",79390.0,30220.0,5910.0,,115520.0
2015-11,2015/11/01,Região de Saúde Norte,"Centro Hospitalar Póvoa de Varzim/Vila do Conde, EPE","41.3828711, -8.7589945",66976.0,,,,66976.0
2015-11,2015/11/01,Região de Saúde Norte,"Unidade Local de Saúde do Nordeste, EPE","41.8056532, -6.7888197",98409.0,,,,98409.0
2015-12,2015/12/01,Região de Saúde do Alentejo,"Unidade Local de Saúde do Norte Alentejano, EPE","39.3003425, -7.4263845",81362.0,10573.0,1327.0,,93262.0
2015-12,2015/12/01,Região de Saúde do Algarve,"Centro Hospitalar Universitário do Algarve,EPE","37.0238973, -7.9281554",257885.0,73485.0,19044.0,0.0,350414.0
2015-12,2015/12/01,Região de Saúde do Centro,"Unidade Local de Saúde da Guarda, EPE","40.5309916, -7.2734793",83790.0,14204.0,4128.0,,102122.0
2015-12,2015/12/01,Região de Saúde LVT,"Centro Hospitalar Médio Tejo, EPE","39.478072, -8.5404429",113642.0,27332.0,2621.0,,143595.0
2015-12,2015/12/01,Região de Saúde Norte,"Unidade Local de Saúde de Matosinhos, EPE","41.1794456, -8.6745115",77287.0,,8409.0,,85696.0
2016-01,2016/01/01,Região de Saúde do Alentejo,"Unidade Local de Saúde do Norte Alentejano, EPE","39.3003425, -7.4263845",7462.0,1173.0,107.0,,8742.0
2016-01,2016/01/01,Região de Saúde do Centro,"Centro Hospitalar Tondela-Viseu, EPE","40.516364, -8.0827433",10627.0,3720.0,1304.0,,15651.0
2016-01,2016/01/01,Região de Saúde do Centro,"Unidade Local de Saúde de Castelo Branco, EPE","39.8212263, -7.4981271",4360.0,1455.0,145.0,,5960.0
2016-01,2016/01/01,Região de Saúde Norte,"Centro Hospitalar Entre Douro e Vouga, EPE","40.9293884, -8.5458794",10773.0,3043.0,766.0,,14582.0
2016-01,2016/01/01,Região de Saúde Norte,"Centro Hospitalar Póvoa de Varzim/Vila do Conde, EPE","41.3828711, -8.7589945",6145.0,,,,6145.0
2016-01,2016/01/01,Região de Saúde Norte,"Centro Hospitalar Trás-os-Montes e Alto Douro, EPE","41.3031784, -7.7515252",12805.0,2246.0,371.0,,15422.0
2016-01,2016/01/01,Região de Saúde Norte,"Hospital Santa Maria Maior, EPE","41.5324234, -8.6171561",4278.0,1396.0,,,5674.0
2016-02,2016/02/01,Região de Saúde do Alentejo,"Hospital Espírito Santo de Évora, EPE","38.5684861, -7.9032848",8829.0,3800.0,,,12629.0
2016-02,2016/02/01,Região de Saúde do Algarve,"Centro Hospitalar Universitário do Algarve,EPE","37.0238973, -7.9281554",40370.0,12832.0,3060.0,0.0,56262.0
2016-02,2016/02/01,Região de Saúde do Centro,"Centro Hospitalar do Baixo Vouga, EPE","40.6362453, -8.6543716",20701.0,7760.0,1028.0,,29489.0
2016-02,2016/02/01,Região de Saúde LVT,"Hospital de Cascais, PPP","38.729006, -9.418267",14680.0,10806.0,2457.0,,27943.0
2016-02,2016/02/01,Região de Saúde LVT,"Hospital Professor Doutor Fernando Fonseca, EPE","38.7422257, -9.2264834",30647.0,11284.0,3322.0,,45253.0
2016-02,2016/02/01,Região de Saúde Norte,"Centro Hospitalar Universitário de São João, EPE","41.1831056, -8.6010558",25898.0,13721.0,2351.0,,41970.0
2016-02,2016/02/01,Região de Saúde Norte,"Centro Hospitalar Póvoa de Varzim/Vila do Conde, EPE","41.3828711, -8.7589945",12015.0,,,,12015.0
2016-03,2016/03/01,Região de Saúde do Alentejo,"Unidade Local de Saúde do Baixo Alentejo, EPE","38.014123, -7.8721227",21881.0,4518.0,998.0,,27397.0
2016-03,2016/03/01,Região de Saúde do Alentejo,"Unidade Local de Saúde do Norte Alentejano, EPE","39.3003425, -7.4263845",20621.0,2844.0,319.0,,23784.0
2016-03,2016/03/01,Região de Saúde do Centro,"Centro Hospitalar Universitário Cova da Beira, EPE","40.2804158, -7.4922407",14403.0,5033.0,303.0,,19739.0
2016-03,2016/03/01,Região de Saúde do Centro,"Centro Hospitalar de Leiria, EPE","39.7414812, -8.7982706",36559.0,12379.0,3101.0,,52039.0
2016-03,2016/03/01,Região de Saúde do Centro,"Centro Hospitalar e Universitário de Coimbra, EPE","40.2191523, -8.4098211",48553.0,17392.0,7306.0,,73251.0
2016-03,2016/03/01,Região de Saúde do Centro,"Unidade Local de Saúde de Castelo Branco, EPE","39.8212263, -7.4981271",12768.0,3788.0,401.0,,16957.0
2016-03,2016/03/01,Região de Saúde LVT,"Centro Hospitalar Barreiro/Montijo, EPE","38.6554005, -9.0592392",25053.0,9535.0,2084.0,,36672.0
2016-03,2016/03/01,Região de Saúde LVT,"Centro Hospitalar de Lisboa Ocidental, EPE","38.708454, -9.216985",26202.0,9393.0,3869.0,,39464.0
2016-03,2016/03/01,Região de Saúde LVT,"Centro Hospitalar de Setúbal, EPE","38.5283754, -8.8818638",21336.0,11885.0,3356.0,,36577.0
2016-03,2016/03/01,Região de Saúde LVT,"Centro Hospitalar do Oeste, EPE","39.4054629, -9.1258493",30832.0,13637.0,2590.0,,47059.0
2016-03,2016/03/01,Região de Saúde LVT,"Centro Hospitalar Universitário de Lisboa Norte, EPE","38.7500861, -9.1616116",39085.0,12388.0,3939.0,,55412.0
2016-03,2016/03/01,Região de Saúde Norte,"Centro Hospitalar Trás-os-Montes e Alto Douro, EPE","41.3031784, -7.7515252",38957.0,6775.0,1146.0,,46878.0
2016-03,2016/03/01,Região de Saúde Norte,"Hospital da Senhora da Oliveira, Guimarães, EPE","41.4387173, -8.3086907",20324.0,9138.0,2101.0,,31563.0
2016-03,2016/03/01,Região de Saúde Norte,"Hospital de Braga, PPP","41.56785, -8.398982",34708.0,13244.0,3411.0,,51363.0
2016-04,2016/04/01,Região de Saúde LVT,"Centro Hospitalar Médio Tejo, EPE","39.478072, -8.5404429",39277.0,10835.0,1005.0,,51117.0
2016-04,2016/04/01,Região de Saúde LVT,"Hospital de Cascais, PPP","38.729006, -9.418267",29783.0,21390.0,4968.0,,56141.0
2016-04,2016/04/01,Região de Saúde LVT,"Hospital Garcia de Orta, EPE","38.6658713, -9.1822554",30869.0,17085.0,5300.0,,53254.0
2016-04,2016/04/01,Região de Saúde Norte,"Centro Hospitalar Universitário do Porto, EPE","41.1472498, -8.6172617",40906.0,,5295.0,,46201.0
2016-04,2016/04/01,Região de Saúde Norte,"Centro Hospitalar Entre Douro e Vouga, EPE","40.9293884, -8.5458794",44700.0,12789.0,3000.0,,60489.0
2016-04,2016/04/01,Região de Saúde Norte,"Centro Hospitalar Trás-os-Montes e Alto Douro, EPE","41.3031784, -7.7515252",51429.0,8568.0,1523.0,,61520.0
2016-04,2016/04/01,Região de Saúde Norte,"Hospital de Braga, PPP","41.56785, -8.398982",46587.0,17676.0,4652.0,,68915.0
2016-05,2016/05/01,Região de Saúde do Alentejo,"Unidade Local de Saúde do Baixo Alentejo, EPE","38.014123, -7.8721227",36111.0,7828.0,1726.0,,45665.0
2016-05,2016/05/01,Região de Saúde do Alentejo,"Unidade Local de Saúde do Litoral Alentejano, EPE","38.0162314, -8.6956768",41488.0,,,,41488.0
2016-05,2016/05/01,Região de Saúde do Alentejo,"Unidade Local de Saúde do Norte Alentejano, EPE","39.3003425, -7.4263845",34079.0,4755.0,609.0,,39443.0
2016-05,2016/05/01,Região de Saúde do Centro,"Centro Hospitalar do Baixo Vouga, EPE","40.6362453, -8.6543716",53018.0,18979.0,2717.0,,74714.0
2016-05,2016/05/01,Região de Saúde do Centro,"Centro Hospitalar e Universitário de Coimbra, EPE","40.2191523, -8.4098211",82194.0,28747.0,12105.0,,123046.0
2016-05,2016/05/01,Região de Saúde do Centro,"Hospital Distrital da Figueira da Foz, EPE","40.117897, -8.8586755",21793.0,9402.0,,,31195.0
2016-05,2016/05/01,Região de Saúde do Centro,"Unidade Local de Saúde da Guarda, EPE","40.5309916, -7.2734793",37011.0,7291.0,1606.0,,45908.0
2016-05,2016/05/01,Região de Saúde do Centro,"Unidade Local de Saúde de Castelo Branco, EPE","39.8212263, -7.4981271",21405.0,6319.0,680.0,,28404.0
2016-05,2016/05/01,Região de Saúde Norte,"Centro Hospitalar Trás-os-Montes e Alto Douro, EPE","41.3031784, -7.7515252",64165.0,10368.0,1919.0,,76452.0
2016-05,2016/05/01,Região de Saúde Norte,"Hospital da Senhora da Oliveira, Guimarães, EPE","41.4387173, -8.3086907",34417.0,15529.0,3748.0,,53694.0
2016-05,2016/05/01,Região de Saúde Norte,"Hospital de Braga, PPP","41.56785, -8.398982",58836.0,22151.0,5853.0,,86840.0
2016-06,2016/06/01,Região de Saúde do Alentejo,"Unidade Local de Saúde do Baixo Alentejo, EPE","38.014123, -7.8721227",42799.0,9334.0,2053.0,,54186.0
2016-06,2016/06/01,Região de Saúde do Alentejo,"Unidade Local de Saúde do Litoral Alentejano, EPE","38.0162314, -8.6956768",49614.0,,,,49614.0
2016-06,2016/06/01,Região de Saúde do Centro,"Centro Hospitalar de Leiria, EPE","39.7414812, -8.7982706",72910.0,23462.0,6005.0,,102377.0
2016-06,2016/06/01,Região de Saúde Norte,"Centro Hospitalar Universitário de São João, EPE","41.1831056, -8.6010558",82175.0,41605.0,6907.0,0.0,130687.0
2016-06,2016/06/01,Região de Saúde Norte,"Centro Hospitalar Tâmega e Sousa, EPE","41.2494561, -8.264901",77422.0,22502.0,6972.0,,106896.0
2016-07,2016/07/01,Região de Saúde do Centro,"Centro Hospitalar Universitário Cova da Beira, EPE","40.2804158, -7.4922407",33264.0,11292.0,787.0,,45343.0
2016-07,2016/07/01,Região de Saúde do Centro,"Unidade Local de Saúde de Castelo Branco, EPE","39.8212263, -7.4981271",30288.0,8298.0,959.0,,39545.0
2016-07,2016/07/01,Região de Saúde LVT,"Centro Hospitalar de Lisboa Ocidental, EPE","38.708454, -9.216985",61574.0,20823.0,9030.0,,91427.0
2016-07,2016/07/01,Região de Saúde LVT,"Centro Hospitalar do Oeste, EPE","39.4054629, -9.1258493",73733.0,28884.0,6062.0,,108679.0
2016-07,2016/07/01,Região de Saúde LVT,"Centro Hospitalar Universitário de Lisboa Norte, EPE","38.7500861, -9.1616116",94117.0,27656.0,9205.0,,130978.0
2016-07,2016/07/01,Região de Saúde LVT,"Hospital Professor Doutor Fernando Fonseca, EPE","38.7422257, -9.2264834",112349.0,36774.0,11699.0,,160822.0
2016-07,2016/07/01,Região de Saúde Norte,"Centro Hospitalar Tâmega e Sousa, EPE","41.2494561, -8.264901",91188.0,25165.0,8257.0,,124610.0
2016-08,2016/08/01,Região de Saúde do Alentejo,"Unidade Local de Saúde do Norte Alentejano, EPE","39.3003425, -7.4263845",54786.0,6929.0,994.0,,62709.0
2016-08,2016/08/01,Região de Saúde do Centro,"Centro Hospitalar Tondela-Viseu, EPE","40.516364, -8.0827433",82619.0,24258.0,10352.0,,117229.0
2016-08,2016/08/01,Região de Saúde do Centro,Hospital Dr. Francisco Zagalo,"40.8571967, -8.6318023",0.0,,,,0.0
2016-08,2016/08/01,Região de Saúde do Centro,"Unidade Local de Saúde da Guarda, EPE","40.5309916, -7.2734793",59460.0,10614.0,2667.0,,72741.0
2016-08,2016/08/01,Região de Saúde LVT,"Centro Hospitalar Barreiro/Montijo, EPE","38.6554005, -9.0592392",67218.0,23211.0,5872.0,,96301.0
2016-08,2016/08/01,Região de Saúde LVT,"Centro Hospitalar Universitário Lisboa Central, EPE","38.7166948, -9.1371248",101479.0,51943.0,14449.0,4865.0,172736.0
2016-08,2016/08/01,Região de Saúde LVT,"Centro Hospitalar Universitário de Lisboa Norte, EPE","38.7500861, -9.1616116",108133.0,30578.0,10632.0,,149343.0
2016-08,2016/08/01,Região de Saúde LVT,"Hospital de Loures, PPP","38.821455, -9.176296",83324.0,42321.0,10601.0,,136246.0
2016-08,2016/08/01,Região de Saúde LVT,"Hospital Distrital de Santarém, EPE","39.2410946, -8.6937515",57157.0,25796.0,4546.0,,87499.0
2016-08,2016/08/01,Região de Saúde LVT,"Hospital Professor Doutor Fernando Fonseca, EPE","38.7422257, -9.2264834",128286.0,40462.0,13500.0,,182248.0
2016-09,2016/09/01,Região de Saúde do Alentejo,"Unidade Local de Saúde do Baixo Alentejo, EPE","38.014123, -7.8721227",63937.0,13202.0,3079.0,,80218.0
2016-09,2016/09/01,Região de Saúde do Centro,"Centro Hospitalar do Baixo Vouga, EPE","40.6362453, -8.6543716",95558.0,29685.0,5101.0,,130344.0
2016-09,2016/09/01,Região de Saúde do Centro,"Hospital Distrital da Figueira da Foz, EPE","40.117897, -8.8586755",40963.0,15327.0,,,56290.0
2016-09,2016/09/01,Região de Saúde LVT,"Centro Hospitalar do Oeste, EPE","39.4054629, -9.1258493",96764.0,34783.0,7966.0,,139513.0
2016-09,2016/09/01,Região de Saúde LVT,"Hospital de Cascais, PPP","38.729006, -9.418267",68004.0,43278.0,11461.0,,122743.0
2016-09,2016/09/01,Região de Saúde Norte,"Centro Hospitalar Entre Douro e Vouga, EPE","40.9293884, -8.5458794",101358.0,25389.0,6753.0,,133500.0
2016-09,2016/09/01,Região de Saúde Norte,"Centro Hospitalar Póvoa de Varzim/Vila do Conde, EPE","41.3828711, -8.7589945",55806.0,,,,55806.0
2016-09,2016/09/01,Região de Saúde Norte,"Hospital de Braga, PPP","41.56785, -8.398982",108582.0,35925.0,11183.0,,155690.0
2016-09,2016/09/01,Região de Saúde Norte,"Unidade Local de Saúde de Matosinhos, EPE","41.1794456, -8.6745115",60704.0,,7161.0,,67865.0
2016-10,2016/10/01,Região de Saúde do Algarve,"Centro Hospitalar Universitário do Algarve,EPE","37.0238973, -7.9281554",223810.0,60845.0,17275.0,0.0,301930.0
2016-10,2016/10/01,Região de Saúde LVT,"Hospital de Vila Franca de Xira, PPP","38.977235, -8.984506",70379.0,37846.0,6593.0,,114818.0
2016-10,2016/10/01,Região de Saúde Norte,"Centro Hospitalar Universitário de São João, EPE","41.1831056, -8.6010558",140566.0,65278.0,11879.0,,217723.0
2016-10,2016/10/01,Região de Saúde Norte,"Centro Hospitalar Póvoa de Varzim/Vila do Conde, EPE","41.3828711, -8.7589945",61990.0,,,,61990.0
2016-10,2016/10/01,Região de Saúde Norte,"Centro Hospitalar Vila Nova de Gaia/Espinho, EPE","41.1094138, -8.5972617",101562.0,34813.0,10534.0,,146909.0
2016-11,2016/11/01,Região de Saúde do Centro,"Centro Hospitalar Universitário Cova da Beira, EPE","40.2804158, -7.4922407",51339.0,16045.0,1201.0,,68585.0
2016-11,2016/11/01,Região de Saúde do Centro,"Unidade Local de Saúde de Castelo Branco, EPE","39.8212263, -7.4981271",47307.0,12116.0,1542.0,,60965.0
2016-11,2016/11/01,Região de Saúde LVT,"Centro Hospitalar Universitário Lisboa Central, EPE","38.7166948, -9.1371248",137958.0,71403.0,20008.0,6555.0,235924.0
2016-11,2016/11/01,Região de Saúde LVT,"Hospital de Loures, PPP","38.821455, -9.176296",113594.0,58551.0,14573.0,,186718.0
2016-11,2016/11/01,Região de Saúde LVT,"Hospital Garcia de Orta, EPE","38.6658713, -9.1822554",88440.0,44774.0,15778.0,,148992.0
2016-11,2016/11/01,Região de Saúde Norte,"Centro Hospitalar do Médio Ave, EPE","41.3423984, -8.4802503",82168.0,29900.0,5917.0,,117985.0
2016-11,2016/11/01,Região de Saúde Norte,"Hospital de Braga, PPP","41.56785, -8.398982",131368.0,44633.0,13469.0,,189470.0
2016-11,2016/11/01,Região de Saúde Norte,"Unidade Local de Saúde do Nordeste, EPE","41.8056532, -6.7888197",102979.0,,,,102979.0
2016-12,2016/12/01,Região de Saúde do Alentejo,"Unidade Local de Saúde do Baixo Alentejo, EPE","38.014123, -7.8721227",87072.0,18240.0,4047.0,,109359.0
2016-12,2016/12/01,Região de Saúde do Centro,"Centro Hospitalar do Baixo Vouga, EPE","40.6362453, -8.6543716",126963.0,39634.0,6896.0,,173493.0
2016-12,2016/12/01,Região de Saúde do Centro,"Unidade Local de Saúde da Guarda, EPE","40.5309916, -7.2734793",86964.0,15196.0,3963.0,,106123.0
2016-12,2016/12/01,Região de Saúde do Centro,"Unidade Local de Saúde de Castelo Branco, EPE","39.8212263, -7.4981271",52023.0,13570.0,1707.0,,67300.0
2016-12,2016/12/01,Região de Saúde LVT,"Centro Hospitalar Médio Tejo, EPE","39.478072, -8.5404429",120255.0,30052.0,3565.0,,153872.0
2016-12,2016/12/01,Região de Saúde LVT,"Hospital de Loures, PPP","38.821455, -9.176296",124622.0,65494.0,15983.0,,206099.0
2016-12,2016/12/01,Região de Saúde LVT,"Hospital de Vila Franca de Xira, PPP","38.977235, -8.984506",85134.0,47914.0,7947.0,,140995.0
2016-12,2016/12/01,Região de Saúde LVT,"Hospital Professor Doutor Fernando Fonseca, EPE","38.7422257, -9.2264834",190628.0,62263.0,19939.0,,272830.0
2016-12,2016/12/01,Região de Saúde Norte,"Centro Hospitalar Universitário de São João, EPE","41.1831056, -8.6010558",167833.0,80380.0,14208.0,,262421.0
2016-12,2016/12/01,Região de Saúde Norte,"Centro Hospitalar Universitário do Porto, EPE","41.1472498, -8.6172617",127297.0,,16382.0,,143679.0
2016-12,2016/12/01,Região de Saúde Norte,"Centro Hospitalar Trás-os-Montes e Alto Douro, EPE","41.3031784, -7.7515252",154935.0,22624.0,4714.0,,182273.0
2016-12,2016/12/01,Região de Saúde Norte,"Unidade Local de Saúde do Nordeste, EPE","41.8056532, -6.7888197",113206.0,,,,113206.0
2017-01,2017/01/01,Região de Saúde do Centro,"Centro Hospitalar de Leiria, EPE","39.7414812, -8.7982706",12184.0,3474.0,981.0,,16639.0
2017-01,2017/01/01,Região de Saúde do Centro,"Centro Hospitalar do Baixo Vouga, EPE","40.6362453, -8.6543716",10492.0,2967.0,721.0,,14180.0
2017-01,2017/01/01,Região de Saúde do Centro,"Hospital Distrital da Figueira da Foz, EPE","40.117897, -8.8586755",4618.0,1852.0,,,6470.0
2017-01,2017/01/01,Região de Saúde do Centro,"Unidade Local de Saúde da Guarda, EPE","40.5309916, -7.2734793",7842.0,1441.0,317.0,,9600.0
2017-01,2017/01/01,Região de Saúde LVT,"Centro Hospitalar do Oeste, EPE","39.4054629, -9.1258493",10409.0,4320.0,845.0,,15574.0
2017-01,2017/01/01,Região de Saúde LVT,"Hospital Distrital de Santarém, EPE","39.2410946, -8.6937515",6911.0,3505.0,451.0,,10867.0
2017-01,2017/01/01,Região de Saúde Norte,"Centro Hospitalar Universitário de São João, EPE","41.1831056, -8.6010558",13170.0,6759.0,1181.0,,21110.0
2017-01,2017/01/01,Região de Saúde Norte,"Centro Hospitalar Vila Nova de Gaia/Espinho, EPE","41.1094138, -8.5972617",9308.0,3475.0,978.0,,13761.0
2017-01,2017/01/01,Região de Saúde Norte,"Hospital Santa Maria Maior, EPE","41.5324234, -8.6171561",4188.0,1545.0,,,5733.0
2017-02,2017/02/01,Região de Saúde do Algarve,"Centro Hospitalar Universitário do Algarve,EPE","37.0238973, -7.9281554",38825.0,11525.0,2997.0,0.0,53347.0
2017-02,2017/02/01,Região de Saúde do Centro,"Centro Hospitalar e Universitário de Coimbra, EPE","40.2191523, -8.4098211",31072.0,10449.0,4595.0,,46116.0
2017-02,2017/02/01,Região de Saúde LVT,"Centro Hospitalar do Oeste, EPE","39.4054629, -9.1258493",19993.0,8288.0,1636.0,,29917.0
2017-02,2017/02/01,Região de Saúde LVT,"Centro Hospitalar Médio Tejo, EPE","39.478072, -8.5404429",18793.0,4775.0,388.0,,23956.0
2017-02,2017/02/01,Região de Saúde LVT,"Hospital Garcia de Orta, EPE","38.6658713, -9.1822554",15474.0,8168.0,2642.0,,26284.0
2017-02,2017/02/01,Região de Saúde Norte,"Centro Hospitalar Universitário de São João, EPE","41.1831056, -8.6010558",25442.0,12990.0,2222.0,,40654.0
2017-02,2017/02/01,Região de Saúde Norte,"Unidade Local de Saúde de Matosinhos, EPE","41.1794456, -8.6745115",12420.0,,1478.0,,13898.0
2017-02,2017/02/01,Região de Saúde Norte,"Unidade Local de Saúde do Alto Minho, EPE","41.7056054, -8.8252713",22395.0,3352.0,1074.0,,26821.0
2017-03,2017/03/01,Região de Saúde do Alentejo,"Unidade Local de Saúde do Norte Alentejano, EPE","39.3003425, -7.4263845",19089.0,2535.0,299.0,,21923.0
2017-03,2017/03/01,Região de Saúde do Centro,"Centro Hospitalar Universitário Cova da Beira, EPE","40.2804158, -7.4922407",11879.0,4242.0,627.0,,16748.0
2017-03,2017/03/01,Região de Saúde LVT,"Centro Hospitalar Médio Tejo, EPE","39.478072, -8.5404429",28866.0,7301.0,587.0,,36754.0
2017-03,2017/03/01,Região de Saúde LVT,"Hospital de Loures, PPP","38.821455, -9.176296",30088.0,16570.0,3959.0,,50617.0
2017-03,2017/03/01,Região de Saúde LVT,"Hospital de Vila Franca de Xira, PPP","38.977235, -8.984506",21176.0,12189.0,1815.0,,35180.0
2017-03,2017/03/01,Região de Saúde LVT,"Hospital Garcia de Orta, EPE","38.6658713, -9.1822554",23809.0,12475.0,4131.0,,40415.0
2017-03,2017/03/01,Região de Saúde Norte,"Centro Hospitalar Universitário de São João, EPE","41.1831056, -8.6010558",39693.0,20219.0,3409.0,,63321.0
2017-03,2017/03/01,Região de Saúde Norte,"Centro Hospitalar Tâmega e Sousa, EPE","41.2494561, -8.264901",35427.0,9991.0,3448.0,,48866.0
2017-04,2017/04/01,Região de Saúde do Centro,"Centro Hospitalar de Leiria, EPE","39.7414812, -8.7982706",47781.0,12637.0,3915.0,,64333.0
2017-04,2017/04/01,Região de Saúde do Centro,"Hospital Distrital da Figueira da Foz, EPE","40.117897, -8.8586755",17161.0,6698.0,,,23859.0
2017-04,2017/04/01,Região de Saúde LVT,"Centro Hospitalar de Lisboa Ocidental, EPE","38.708454, -9.216985",34034.0,11338.0,5166.0,,50538.0
2017-04,2017/04/01,Região de Saúde LVT,"Centro Hospitalar do Oeste, EPE","39.4054629, -9.1258493",40726.0,16239.0,3223.0,,60188.0
2017-04,2017/04/01,Região de Saúde LVT,"Centro Hospitalar Médio Tejo, EPE","39.478072, -8.5404429",38533.0,9471.0,767.0,,48771.0
2017-04,2017/04/01,Região de Saúde LVT,"Hospital Garcia de Orta, EPE","38.6658713, -9.1822554",31779.0,16563.0,5567.0,,53909.0
2017-04,2017/04/01,Região de Saúde Norte,"Centro Hospitalar Universitário de São João, EPE","41.1831056, -8.6010558",53660.0,26192.0,4531.0,,84383.0
2017-04,2017/04/01,Região de Saúde Norte,"Centro Hospitalar Universitário do Porto, EPE","41.1472498, -8.6172617",40600.0,,5484.0,,46084.0
2017-04,2017/04/01,Região de Saúde Norte,"Centro Hospitalar Póvoa de Varzim/Vila do Conde, EPE","41.3828711, -8.7589945",23877.0,,,,23877.0
2017-04,2017/04/01,Região de Saúde Norte,"Unidade Local de Saúde de Matosinhos, EPE","41.1794456, -8.6745115",25844.0,,3126.0,,28970.0
2017-05,2017/05/01,Região de Saúde do Alentejo,"Unidade Local de Saúde do Baixo Alentejo, EPE","38.014123, -7.8721227",35452.0,7399.0,1398.0,,44249.0
2017-05,2017/05/01,Região de Saúde do Centro,"Unidade Local de Saúde da Guarda, EPE","40.5309916, -7.2734793",34333.0,6000.0,1586.0,,41919.0
2017-05,2017/05/01,Região de Saúde LVT,"Centro Hospitalar do Oeste, EPE","39.4054629, -9.1258493",51249.0,20547.0,4104.0,,75900.0
2017-05,2017/05/01,Região de Saúde LVT,"Hospital de Cascais, PPP","38.729006, -9.418267",36783.0,25177.0,5965.0,,67925.0
2017-05,2017/05/01,Região de Saúde Norte,"Centro Hospitalar Universitário de São João, EPE","41.1831056, -8.6010558",68215.0,33046.0,5740.0,,107001.0
2017-05,2017/05/01,Região de Saúde Norte,"Centro Hospitalar do Médio Ave, EPE","41.3423984, -8.4802503",37353.0,13879.0,2805.0,,54037.0
2017-05,2017/05/01,Região de Saúde Norte,"Centro Hospitalar Universitário do Porto, EPE","41.1472498, -8.6172617",51406.0,,6987.0,,58393.0
2017-05,2017/05/01,Região de Saúde Norte,"Centro Hospitalar Entre Douro e Vouga, EPE","40.9293884, -8.5458794",68049.0,14111.0,3711.0,,85871.0
2017-05,2017/05/01,Região de Saúde Norte,"Unidade Local de Saúde do Alto Minho, EPE","41.7056054, -8.8252713",55932.0,7815.0,2653.0,,66400.0
2017-06,2017/06/01,Região de Saúde LVT,"Centro Hospitalar de Setúbal, EPE","38.5283754, -8.8818638",43448.0,21436.0,6623.0,,71507.0
2017-06,2017/06/01,Região de Saúde LVT,"Hospital Garcia de Orta, EPE","38.6658713, -9.1822554",48685.0,24903.0,8628.0,,82216.0
2017-06,2017/06/01,Região de Saúde Norte,"Centro Hospitalar Tâmega e Sousa, EPE","41.2494561, -8.264901",72333.0,19113.0,7000.0,,98446.0
2017-07,2017/07/01,Região de Saúde do Alentejo,"Unidade Local de Saúde do Litoral Alentejano, EPE","38.0162314, -8.6956768",53159.0,,,,53159.0
2017-07,2017/07/01,Região de Saúde do Centro,"Centro Hospitalar Universitário Cova da Beira, EPE","40.2804158, -7.4922407",28216.0,9333.0,2398.0,,39947.0
2017-07,2017/07/01,Região de Saúde LVT,"Hospital de Vila Franca de Xira, PPP","38.977235, -8.984506",50698.0,26626.0,4668.0,,81992.0
2017-07,2017/07/01,Região de Saúde LVT,"Hospital Professor Doutor Fernando Fonseca, EPE","38.7422257, -9.2264834",106473.0,34091.0,11787.0,,152351.0
2017-07,2017/07/01,Região de Saúde Norte,"Centro Hospitalar Trás-os-Montes e Alto Douro, EPE","41.3031784, -7.7515252",86699.0,11982.0,2758.0,,101439.0
2017-07,2017/07/01,Região de Saúde Norte,"Hospital de Braga, PPP","41.56785, -8.398982",83747.0,27074.0,8789.0,,119610.0
2017-08,2017/08/01,Região de Saúde do Alentejo,"Unidade Local de Saúde do Litoral Alentejano, EPE","38.0162314, -8.6956768",62256.0,,,,62256.0
2017-08,2017/08/01,Região de Saúde LVT,"Centro Hospitalar Universitário de Lisboa Norte, EPE","38.7500861, -9.1616116",116320.0,29413.0,11810.0,,157543.0
2017-08,2017/08/01,Região de Saúde LVT,"Hospital Distrital de Santarém, EPE","39.2410946, -8.6937515",56447.0,24430.0,4276.0,,85153.0
2017-08,2017/08/01,Região de Saúde Norte,"Hospital da Senhora da Oliveira, Guimarães, EPE","41.4387173, -8.3086907",61666.0,17235.0,6296.0,,85197.0
2017-08,2017/08/01,Região de Saúde Norte,"Hospital Santa Maria Maior, EPE","41.5324234, -8.6171561",32921.0,10162.0,,,43083.0
2017-09,2017/09/01,Região de Saúde do Alentejo,"Unidade Local de Saúde do Litoral Alentejano, EPE","38.0162314, -8.6956768",69620.0,,,,69620.0
2017-09,2017/09/01,Região de Saúde do Centro,"Centro Hospitalar e Universitário de Coimbra, EPE","40.2191523, -8.4098211",146726.0,44756.0,22481.0,,213963.0
2017-09,2017/09/01,Região de Saúde LVT,"Centro Hospitalar Barreiro/Montijo, EPE","38.6554005, -9.0592392",77169.0,24161.0,7025.0,,108355.0
2017-09,2017/09/01,Região de Saúde LVT,"Centro Hospitalar de Setúbal, EPE","38.5283754, -8.8818638",66085.0,29961.0,9821.0,,105867.0
2017-09,2017/09/01,Região de Saúde LVT,"Centro Hospitalar Universitário de Lisboa Norte, EPE","38.7500861, -9.1616116",131048.0,32765.0,13350.0,,177163.0
2017-09,2017/09/01,Região de Saúde LVT,"Hospital Garcia de Orta, EPE","38.6658713, -9.1822554",74404.0,34967.0,13150.0,,122521.0
2017-09,2017/09/01,Região de Saúde Norte,"Centro Hospitalar Vila Nova de Gaia/Espinho, EPE","41.1094138, -8.5972617",91741.0,29928.0,9315.0,,130984.0
2017-09,2017/09/01,Região de Saúde Norte,"Unidade Local de Saúde do Alto Minho, EPE","41.7056054, -8.8252713",102251.0,12992.0,5186.0,,120429.0
2017-10,2017/10/01,Região de Saúde do Alentejo,"Unidade Local de Saúde do Norte Alentejano, EPE","39.3003425, -7.4263845",64701.0,7438.0,1236.0,,73375.0
2017-10,2017/10/01,Região de Saúde LVT,"Centro Hospitalar de Lisboa Ocidental, EPE","38.708454, -9.216985",87194.0,26492.0,13517.0,,127203.0
2017-10,2017/10/01,Região de Saúde LVT,"Centro Hospitalar Universitário de Lisboa Norte, EPE","38.7500861, -9.1616116",147397.0,37144.0,14953.0,,199494.0
2017-10,2017/10/01,Região de Saúde LVT,"Hospital Garcia de Orta, EPE","38.6658713, -9.1822554",83181.0,39529.0,14738.0,,137448.0
2017-10,2017/10/01,Região de Saúde Norte,"Centro Hospitalar Universitário de São João, EPE","41.1831056, -8.6010558",139832.0,62773.0,11898.0,,214503.0
2017-10,2017/10/01,Região de Saúde Norte,"Centro Hospitalar Tâmega e Sousa, EPE","41.2494561, -8.264901",120329.0,32061.0,12049.0,,164439.0
2017-10,2017/10/01,Região de Saúde Norte,"Centro Hospitalar Trás-os-Montes e Alto Douro, EPE","41.3031784, -7.7515252",125809.0,17234.0,4015.0,,147058.0
2017-10,2017/10/01,Região de Saúde Norte,"Unidade Local de Saúde do Nordeste, EPE","41.8056532, -6.7888197",90133.0,,,,90133.0
2017-11,2017/11/01,Região de Saúde do Algarve,"Centro Hospitalar Universitário do Algarve,EPE","37.0238973, -7.9281554",238411.0,62723.0,18775.0,0.0,319909.0
2017-11,2017/11/01,Região de Saúde LVT,"Centro Hospitalar de Setúbal, EPE","38.5283754, -8.8818638",81608.0,37998.0,11900.0,,131506.0
2017-11,2017/11/01,Região de Saúde LVT,"Hospital de Loures, PPP","38.821455, -9.176296",113444.0,56444.0,15702.0,,185590.0
2017-11,2017/11/01,Região de Saúde LVT,"Hospital Garcia de Orta, EPE","38.6658713, -9.1822554",91533.0,43948.0,16167.0,,151648.0
2017-11,2017/11/01,Região de Saúde Norte,"Centro Hospitalar Universitário de São João, EPE","41.1831056, -8.6010558",153730.0,70297.0,13064.0,0.0,237091.0
2017-12,2017/12/01,Região de Saúde do Alentejo,"Unidade Local de Saúde do Litoral Alentejano, EPE","38.0162314, -8.6956768",92226.0,,,,92226.0
2017-12,2017/12/01,Região de Saúde LVT,"Centro Hospitalar Barreiro/Montijo, EPE","38.6554005, -9.0592392",105042.0,34777.0,9280.0,,149099.0
2017-12,2017/12/01,Região de Saúde LVT,"Centro Hospitalar do Oeste, EPE","39.4054629, -9.1258493",126005.0,46004.0,9719.0,,181728.0
2017-12,2017/12/01,Região de Saúde LVT,"Centro Hospitalar Médio Tejo, EPE","39.478072, -8.5404429",118542.0,26755.0,2468.0,,147765.0
2017-12,2017/12/01,Região de Saúde Norte,"Centro Hospitalar Trás-os-Montes e Alto Douro, EPE","41.3031784, -7.7515252",151678.0,21924.0,4880.0,,178482.0
2017-12,2017/12/01,Região de Saúde Norte,"Unidade Local de Saúde do Alto Minho, EPE","41.7056054, -8.8252713",137330.0,18747.0,7012.0,,163089.0
2018-01,2018/01/01,Região de Saúde do Alentejo,"Unidade Local de Saúde do Baixo Alentejo, EPE","38.014123, -7.8721227",7956.0,1825.0,265.0,,10046.0
2018-01,2018/01/01,Região de Saúde do Centro,"Hospital Distrital da Figueira da Foz, EPE","40.117897, -8.8586755",4526.0,2110.0,,,6636.0
2018-01,2018/01/01,Região de Saúde LVT,"Centro Hospitalar de Setúbal, EPE","38.5283754, -8.8818638",7670.0,4539.0,1042.0,,13251.0
2018-01,2018/01/01,Região de Saúde LVT,"Centro Hospitalar Universitário de Lisboa Norte, EPE","38.7500861, -9.1616116",15295.0,4722.0,1460.0,,21477.0
2018-01,2018/01/01,Região de Saúde LVT,"Hospital de Cascais, PPP","38.729006, -9.418267",7723.0,5455.0,1251.0,,14429.0
2018-01,2018/01/01,Região de Saúde LVT,"Hospital de Vila Franca de Xira, PPP","38.977235, -8.984506",7669.0,5150.0,713.0,,13532.0
2018-01,2018/01/01,Região de Saúde LVT,"Hospital Garcia de Orta, EPE","38.6658713, -9.1822554",8788.0,5093.0,1484.0,,15365.0
2018-01,2018/01/01,Região de Saúde Norte,"Unidade Local de Saúde do Alto Minho, EPE","41.7056054, -8.8252713",12184.0,2183.0,565.0,,14932.0
2018-02,2018/02/01,Região de Saúde do Alentejo,"Unidade Local de Saúde do Baixo Alentejo, EPE","38.014123, -7.8721227",15403.0,3407.0,497.0,,19307.0
2018-02,2018/02/01,Região de Saúde LVT,"Centro Hospitalar de Setúbal, EPE","38.5283754, -8.8818638",14807.0,7992.0,1977.0,,24776.0
2018-02,2018/02/01,Região de Saúde LVT,"Hospital Garcia de Orta, EPE","38.6658713, -9.1822554",16832.0,9252.0,2818.0,,28902.0
2018-02,2018/02/01,Região de Saúde Norte,"Centro Hospitalar Universitário do Porto, EPE","41.1472498, -8.6172617",20405.0,,3064.0,,23469.0
2018-02,2018/02/01,Região de Saúde Norte,"Centro Hospitalar Trás-os-Montes e Alto Douro, EPE","41.3031784, -7.7515252",26199.0,4818.0,816.0,,31833.0
2018-03,2018/03/01,Região de Saúde do Centro,"Centro Hospitalar Universitário Cova da Beira, EPE","40.2804158, -7.4922407",12993.0,4895.0,823.0,,18711.0
2018-03,2018/03/01,Região de Saúde do Centro,"Centro Hospitalar de Leiria, EPE","39.7414812, -8.7982706",37220.0,10177.0,3083.0,,50480.0
2018-03,2018/03/01,Região de Saúde do Centro,"Centro Hospitalar e Universitário de Coimbra, EPE","40.2191523, -8.4098211",51045.0,17751.0,7270.0,,76066.0
2018-03,2018/03/01,Região de Saúde do Centro,"Centro Hospitalar Tondela-Viseu, EPE","40.516364, -8.0827433",29506.0,9625.0,3437.0,,42568.0
2018-03,2018/03/01,Região de Saúde LVT,"Centro Hospitalar Universitário Lisboa Central, EPE","38.7166948, -9.1371248",36061.0,21149.0,5077.0,1540.0,63827.0
2018-03,2018/03/01,Região de Saúde LVT,"Centro Hospitalar do Oeste, EPE","39.4054629, -9.1258493",30245.0,13297.0,2255.0,,45797.0
2018-03,2018/03/01,Região de Saúde LVT,"Centro Hospitalar Médio Tejo, EPE","39.478072, -8.5404429",29120.0,7233.0,673.0,,37026.0
2018-03,2018/03/01,Região de Saúde LVT,"Hospital de Loures, PPP","38.821455, -9.176296",30961.0,17014.0,4114.0,,52089.0
2018-03,2018/03/01,Região de Saúde Norte,"Centro Hospitalar Entre Douro e Vouga, EPE","40.9293884, -8.5458794",43379.0,8688.0,2194.0,,54261.0
2018-03,2018/03/01,Região de Saúde Norte,"Unidade Local de Saúde do Alto Minho, EPE","41.7056054, -8.8252713",34731.0,6037.0,1701.0,,42469.0
2018-04,2018/04/01,Região de Saúde do Algarve,"Centro Hospitalar Universitário do Algarve,EPE","37.0238973, -7.9281554",80137.0,24059.0,6261.0,0.0,110457.0
2018-04,2018/04/01,Região de Saúde do Centro,"Centro Hospitalar do Baixo Vouga, EPE","40.6362453, -8.6543716",41265.0,13272.0,2215.0,,56752.0
2018-04,2018/04/01,Região de Saúde LVT,"Centro Hospitalar do Oeste, EPE","39.4054629, -9.1258493",39754.0,16540.0,3077.0,,59371.0
2018-04,2018/04/01,Região de Saúde LVT,"Hospital Garcia de Orta, EPE","38.6658713, -9.1822554",33612.0,16711.0,5749.0,,56072.0
2018-04,2018/04/01,Região de Saúde Norte,"Centro Hospitalar Tâmega e Sousa, EPE","41.2494561, -8.264901",46368.0,13016.0,4348.0,,63732.0
2018-04,2018/04/01,Região de Saúde Norte,"Hospital Santa Maria Maior, EPE","41.5324234, -8.6171561",16142.0,5665.0,,,21807.0
2018-04,2018/04/01,Região de Saúde Norte,"Unidade Local de Saúde do Nordeste, EPE","41.8056532, -6.7888197",39489.0,,,,39489.0
2018-05,2018/05/01,Região de Saúde do Alentejo,"Hospital Espírito Santo de Évora, EPE","38.5684861, -7.9032848",22161.0,8908.0,,,31069.0
2018-05,2018/05/01,Região de Saúde do Centro,"Centro Hospitalar Tondela-Viseu, EPE","40.516364, -8.0827433",48068.0,15163.0,6247.0,,69478.0
2018-05,2018/05/01,Região de Saúde do Centro,"Unidade Local de Saúde de Castelo Branco, EPE","39.8212263, -7.4981271",21745.0,4310.0,770.0,,26825.0
2018-05,2018/05/01,Região de Saúde LVT,"Centro Hospitalar Universitário Lisboa Central, EPE","38.7166948, -9.1371248",60261.0,33747.0,8751.0,2654.0,105413.0
2018-05,2018/05/01,Região de Saúde LVT,"Centro Hospitalar de Lisboa Ocidental, EPE","38.708454, -9.216985",45151.0,14704.0,6410.0,,66265.0
2018-05,2018/05/01,Região de Saúde LVT,"Centro Hospitalar de Setúbal, EPE","38.5283754, -8.8818638",37473.0,18833.0,5245.0,,61551.0
2018-05,2018/05/01,Região de Saúde LVT,"Centro Hospitalar Médio Tejo, EPE","39.478072, -8.5404429",48198.0,11311.0,1153.0,,60662.0
2018-05,2018/05/01,Região de Saúde LVT,"Hospital Distrital de Santarém, EPE","39.2410946, -8.6937515",35669.0,16684.0,2605.0,,54958.0
2018-05,2018/05/01,Região de Saúde Norte,"Unidade Local de Saúde do Alto Minho, EPE","41.7056054, -8.8252713",57582.0,9256.0,2808.0,,69646.0
2018-06,2018/06/01,Região de Saúde do Algarve,"Centro Hospitalar Universitário do Algarve,EPE","37.0238973, -7.9281554",122373.0,35787.0,9757.0,,167917.0
2018-06,2018/06/01,Região de Saúde do Centro,"Centro Hospitalar do Baixo Vouga, EPE","40.6362453, -8.6543716",62154.0,19643.0,3299.0,,85096.0
2018-06,2018/06/01,Região de Saúde do Centro,"Hospital Distrital da Figueira da Foz, EPE","40.117897, -8.8586755",26349.0,10208.0,,,36557.0
2018-06,2018/06/01,Região de Saúde LVT,"Hospital de Cascais, PPP","38.729006, -9.418267",46044.0,28784.0,7336.0,,82164.0
2018-06,2018/06/01,Região de Saúde LVT,"Hospital de Vila Franca de Xira, PPP","38.977235, -8.984506",44153.0,23946.0,4301.0,,72400.0
2018-06,2018/06/01,Região de Saúde Norte,"Centro Hospitalar Universitário de São João, EPE","41.1831056, -8.6010558",81980.0,38131.0,7077.0,,127188.0
2018-06,2018/06/01,Região de Saúde Norte,"Centro Hospitalar Universitário do Porto, EPE","41.1472498, -8.6172617",61965.0,,9832.0,,71797.0
2018-06,2018/06/01,Região de Saúde Norte,"Centro Hospitalar Póvoa de Varzim/Vila do Conde, EPE","41.3828711, -8.7589945",37470.0,,,,37470.0
2018-06,2018/06/01,Região de Saúde Norte,"Centro Hospitalar Trás-os-Montes e Alto Douro, EPE","41.3031784, -7.7515252",75802.0,13806.0,2430.0,,92038.0
2018-07,2018/07/01,Região de Saúde do Algarve,"Centro Hospitalar Universitário do Algarve,EPE","37.0238973, -7.9281554",146640.0,41442.0,11758.0,,199840.0
2018-07,2018/07/01,Região de Saúde do Centro,"Centro Hospitalar de Leiria, EPE","39.7414812, -8.7982706",86876.0,21068.0,7436.0,,115380.0
2018-07,2018/07/01,Região de Saúde do Centro,"Centro Hospitalar do Baixo Vouga, EPE","40.6362453, -8.6543716",73562.0,22647.0,3862.0,,100071.0
2018-07,2018/07/01,Região de Saúde LVT,"Centro Hospitalar de Lisboa Ocidental, EPE","38.708454, -9.216985",63336.0,19358.0,9224.0,,91918.0
2018-07,2018/07/01,Região de Saúde LVT,"Hospital Distrital de Santarém, EPE","39.2410946, -8.6937515",50244.0,22186.0,3816.0,,76246.0
2018-07,2018/07/01,Região de Saúde Norte,"Centro Hospitalar do Médio Ave, EPE","41.3423984, -8.4802503",54868.0,20181.0,4162.0,,79211.0
2018-07,2018/07/01,Região de Saúde Norte,"Hospital Santa Maria Maior, EPE","41.5324234, -8.6171561",28612.0,9256.0,,,37868.0
2018-08,2018/08/01,Região de Saúde Norte,"Centro Hospitalar Universitário de São João, EPE","41.1831056, -8.6010558",111823.0,48909.0,9781.0,,170513.0
2018-08,2018/08/01,Região de Saúde Norte,"Centro Hospitalar do Médio Ave, EPE","41.3423984, -8.4802503",63301.0,22328.0,4756.0,,90385.0
2018-08,2018/08/01,Região de Saúde Norte,"Centro Hospitalar Vila Nova de Gaia/Espinho, EPE","41.1094138, -8.5972617",84264.0,25932.0,8058.0,,118254.0
2018-09,2018/09/01,Região de Saúde do Centro,"Hospital Distrital da Figueira da Foz, EPE","40.117897, -8.8586755",41433.0,14777.0,,,56210.0
2018-09,2018/09/01,Região de Saúde LVT,"Centro Hospitalar Universitário Lisboa Central, EPE","38.7166948, -9.1371248",108485.0,54867.0,16250.0,4995.0,184597.0
2018-09,2018/09/01,Região de Saúde LVT,"Centro Hospitalar de Setúbal, EPE","38.5283754, -8.8818638",69215.0,31127.0,10067.0,,110409.0
2018-09,2018/09/01,Região de Saúde LVT,"Hospital Garcia de Orta, EPE","38.6658713, -9.1822554",77880.0,34336.0,13912.0,,126128.0
2018-09,2018/09/01,Região de Saúde Norte,"Centro Hospitalar Universitário do Porto, EPE","41.1472498, -8.6172617",95355.0,,15696.0,,111051.0
2018-09,2018/09/01,Região de Saúde Norte,"Centro Hospitalar Vila Nova de Gaia/Espinho, EPE","41.1094138, -8.5972617",95048.0,28689.0,9091.0,,132828.0
2018-09,2018/09/01,Região de Saúde Norte,"Hospital Santa Maria Maior, EPE","41.5324234, -8.6171561",37176.0,11240.0,,,48416.0
2018-10,2018/10/01,Região de Saúde LVT,"Centro Hospitalar Barreiro/Montijo, EPE","38.6554005, -9.0592392",88842.0,28404.0,8676.0,,125922.0
2018-10,2018/10/01,Região de Saúde LVT,"Centro Hospitalar Universitário Lisboa Central, EPE","38.7166948, -9.1371248",120339.0,61525.0,18216.0,5531.0,205611.0
2018-10,2018/10/01,Região de Saúde LVT,"Hospital de Loures, PPP","38.821455, -9.176296",101682.0,49663.0,15054.0,,166399.0
2018-10,2018/10/01,Região de Saúde Norte,"Centro Hospitalar Trás-os-Montes e Alto Douro, EPE","41.3031784, -7.7515252",127769.0,21607.0,4153.0,,153529.0
2018-11,2018/11/01,Região de Saúde do Alentejo,"Unidade Local de Saúde do Baixo Alentejo, EPE","38.014123, -7.8721227",77699.0,15616.0,3128.0,,96443.0
2018-11,2018/11/01,Região de Saúde do Centro,"Centro Hospitalar Universitário Cova da Beira, EPE","40.2804158, -7.4922407",47724.0,15143.0,3588.0,,66455.0
2018-11,2018/11/01,Região de Saúde do Centro,"Centro Hospitalar de Leiria, EPE","39.7414812, -8.7982706",136546.0,32134.0,11801.0,,180481.0
2018-11,2018/11/01,Região de Saúde do Centro,"Unidade Local de Saúde de Castelo Branco, EPE","39.8212263, -7.4981271",47867.0,8397.0,1695.0,,57959.0
2018-11,2018/11/01,Região de Saúde LVT,"Hospital Distrital de Santarém, EPE","39.2410946, -8.6937515",79205.0,34134.0,6390.0,,119729.0
2018-11,2018/11/01,Região de Saúde LVT,"Hospital Professor Doutor Fernando Fonseca, EPE","38.7422257, -9.2264834",170607.0,52681.0,19285.0,,242573.0
2018-11,2018/11/01,Região de Saúde LVT,"Hospital Garcia de Orta, EPE","38.6658713, -9.1822554",94758.0,42541.0,16942.0,,154241.0
2018-11,2018/11/01,Região de Saúde Norte,"Centro Hospitalar do Médio Ave, EPE","41.3423984, -8.4802503",86179.0,30313.0,6541.0,,123033.0
2018-11,2018/11/01,Região de Saúde Norte,"Centro Hospitalar Tâmega e Sousa, EPE","41.2494561, -8.264901",130890.0,31570.0,13114.0,,175574.0
2018-11,2018/11/01,Região de Saúde Norte,"Hospital Santa Maria Maior, EPE","41.5324234, -8.6171561",45128.0,13818.0,,,58946.0
2018-12,2018/12/01,Região de Saúde do Alentejo,"Unidade Local de Saúde do Litoral Alentejano, EPE","38.0162314, -8.6956768",94677.0,,,,94677.0
2018-12,2018/12/01,Região de Saúde do Alentejo,"Unidade Local de Saúde do Norte Alentejano, EPE","39.3003425, -7.4263845",81548.0,8396.0,1442.0,,91386.0
2018-12,2018/12/01,Região de Saúde do Centro,"Centro Hospitalar e Universitário de Coimbra, EPE","40.2191523, -8.4098211",206506.0,63651.0,27497.0,,297654.0
2018-12,2018/12/01,Região de Saúde LVT,"Centro Hospitalar de Setúbal, EPE","38.5283754, -8.8818638",92277.0,43217.0,13512.0,,149006.0
2018-12,2018/12/01,Região de Saúde LVT,"Hospital de Cascais, PPP","38.729006, -9.418267",93225.0,55936.0,14888.0,,164049.0
2018-12,2018/12/01,Região de Saúde LVT,"Hospital de Loures, PPP","38.821455, -9.176296",121360.0,61610.0,17841.0,,200811.0
2018-12,2018/12/01,Região de Saúde LVT,"Hospital Distrital de Santarém, EPE","39.2410946, -8.6937515",85416.0,38541.0,8696.0,,132653.0
2018-12,2018/12/01,Região de Saúde Norte,"Centro Hospitalar do Médio Ave, EPE","41.3423984, -8.4802503",93763.0,33217.0,7147.0,,134127.0
2018-12,2018/12/01,Região de Saúde Norte,"Unidade Local de Saúde do Alto Minho, EPE","41.7056054, -8.8252713",138117.0,19380.0,6942.0,,164439.0
2019-01,2019/01/01,Região de Saúde do Alentejo,"Hospital Espírito Santo de Évora, EPE","38.5684861, -7.9032848",4553.0,2019.0,,,6572.0
2019-01,2019/01/01,Região de Saúde do Centro,"Centro Hospitalar Universitário Cova da Beira, EPE","40.2804158, -7.4922407",4375.0,1744.0,305.0,,6424.0
2019-01,2019/01/01,Região de Saúde LVT,"Centro Hospitalar Barreiro/Montijo, EPE","38.6554005, -9.0592392",9573.0,3835.0,852.0,,14260.0
2019-01,2019/01/01,Região de Saúde LVT,"Centro Hospitalar de Lisboa Ocidental, EPE","38.708454, -9.216985",9959.0,3392.0,1345.0,,14696.0
2019-01,2019/01/01,Região de Saúde LVT,"Centro Hospitalar Médio Tejo, EPE","39.478072, -8.5404429",10447.0,2867.0,260.0,,13574.0
2019-01,2019/01/01,Região de Saúde LVT,"Hospital de Cascais, PPP","38.729006, -9.418267",7840.0,5071.0,1220.0,,14131.0
2019-01,2019/01/01,Região de Saúde LVT,"Hospital Professor Doutor Fernando Fonseca, EPE","38.7422257, -9.2264834",15807.0,5799.0,1758.0,,23364.0
2019-01,2019/01/01,Região de Saúde Norte,"Centro Hospitalar Póvoa de Varzim/Vila do Conde, EPE","41.3828711, -8.7589945",6580.0,,,,6580.0
2019-02,2019/02/01,Região de Saúde do Alentejo,"Unidade Local de Saúde do Baixo Alentejo, EPE","38.014123, -7.8721227",15873.0,3560.0,537.0,,19970.0
2019-02,2019/02/01,Região de Saúde do Centro,"Centro Hospitalar e Universitário de Coimbra, EPE","40.2191523, -8.4098211",33807.0,12191.0,4230.0,,50228.0
2019-02,2019/02/01,Região de Saúde do Centro,"Hospital Distrital da Figueira da Foz, EPE","40.117897, -8.8586755",8922.0,3515.0,,,12437.0
2019-02,2019/02/01,Região de Saúde LVT,"Hospital Distrital de Santarém, EPE","39.2410946, -8.6937515",14419.0,7108.0,1374.0,,22901.0
2019-02,2019/02/01,Região de Saúde Norte,"Centro Hospitalar Tâmega e Sousa, EPE","41.2494561, -8.264901",23230.0,7305.0,2252.0,,32787.0
2019-02,2019/02/01,Região de Saúde Norte,"Centro Hospitalar Vila Nova de Gaia/Espinho, EPE","41.1094138, -8.5972617",20803.0,8250.0,2008.0,,31061.0
2019-02,2019/02/01,Região de Saúde Norte,"Hospital Santa Maria Maior, EPE","41.5324234, -8.6171561",8122.0,2863.0,,,10985.0
2019-02,2019/02/01,Região de Saúde Norte,"Unidade Local de Saúde de Matosinhos, EPE","41.1794456, -8.6745115",12809.0,,1733.0,,14542.0
2019-03,2019/03/01,Região de Saúde do Centro,"Centro Hospitalar de Leiria, EPE","39.7414812, -8.7982706",34090.0,9081.0,3010.0,,46181.0
2019-03,2019/03/01,Região de Saúde LVT,"Centro Hospitalar Universitário Lisboa Central, EPE","38.7166948, -9.1371248",34497.0,20625.0,5276.0,1558.0,61956.0
2019-03,2019/03/01,Região de Saúde LVT,"Centro Hospitalar de Setúbal, EPE","38.5283754, -8.8818638",22466.0,11096.0,3201.0,,36763.0
2019-03,2019/03/01,Região de Saúde LVT,"Centro Hospitalar Universitário de Lisboa Norte, EPE","38.7500861, -9.1616116",45248.0,11835.0,4516.0,,61599.0
2019-03,2019/03/01,Região de Saúde LVT,"Centro Hospitalar Médio Tejo, EPE","39.478072, -8.5404429",29253.0,7741.0,685.0,,37679.0
2019-03,2019/03/01,Região de Saúde Norte,"Hospital da Senhora da Oliveira, Guimarães, EPE","41.4387173, -8.3086907",24691.0,8836.0,2331.0,,35858.0
2019-03,2019/03/01,Região de Saúde Norte,"Hospital Santa Maria Maior, EPE","41.5324234, -8.6171561",12341.0,4025.0,,,16366.0
2019-03,2019/03/01,Região de Saúde Norte,"Unidade Local de Saúde de Matosinhos, EPE","41.1794456, -8.6745115",19350.0,,2604.0,,21954.0
2019-04,2019/04/01,Região de Saúde do Alentejo,"Unidade Local de Saúde do Litoral Alentejano, EPE","38.0162314, -8.6956768",30849.0,,,,30849.0
2019-04,2019/04/01,Região de Saúde do Algarve,"Centro Hospitalar Universitário do Algarve,EPE","37.0238973, -7.9281554",82474.0,25852.0,6786.0,0.0,115112.0
2019-04,2019/04/01,Região de Saúde do Centro,"Centro Hospitalar de Leiria, EPE","39.7414812, -8.7982706",44860.0,11538.0,4133.0,,60531.0
2019-04,2019/04/01,Região de Saúde do Centro,"Centro Hospitalar do Baixo Vouga, EPE","40.6362453, -8.6543716",41155.0,13837.0,2268.0,,57260.0
2019-04,2019/04/01,Região de Saúde do Centro,"Hospital Distrital da Figueira da Foz, EPE","40.117897, -8.8586755",17519.0,6526.0,,,24045.0
2019-04,2019/04/01,Região de Saúde LVT,"Centro Hospitalar Barreiro/Montijo, EPE","38.6554005, -9.0592392",35471.0,12977.0,3507.0,,51955.0
2019-04,2019/04/01,Região de Saúde LVT,"Centro Hospitalar do Oeste, EPE","39.4054629, -9.1258493",39576.0,16664.0,3324.0,,59564.0
2019-04,2019/04/01,Região de Saúde LVT,"Hospital Professor Doutor Fernando Fonseca, EPE","38.7422257, -9.2264834",59847.0,19496.0,6836.0,,86179.0
2019-04,2019/04/01,Região de Saúde Norte,"Centro Hospitalar do Médio Ave, EPE","41.3423984, -8.4802503",30571.0,11941.0,2304.0,,44816.0
2019-04,2019/04/01,Região de Saúde Norte,"Centro Hospitalar Entre Douro e Vouga, EPE","40.9293884, -8.5458794",56586.0,11230.0,2978.0,,70794.0
2019-04,2019/04/01,Região de Saúde Norte,"Centro Hospitalar Póvoa de Varzim/Vila do Conde, EPE","41.3828711, -8.7589945",24517.0,,,,24517.0
2019-04,2019/04/01,Região de Saúde Norte,"Centro Hospitalar Trás-os-Montes e Alto Douro, EPE","41.3031784, -7.7515252",48907.0,10271.0,1484.0,,60662.0
2019-04,2019/04/01,Região de Saúde Norte,"Centro Hospitalar Vila Nova de Gaia/Espinho, EPE","41.1094138, -8.5972617",41816.0,14658.0,3973.0,,60447.0
2019-05,2019/05/01,Região de Saúde do Alentejo,"Unidade Local de Saúde do Norte Alentejano, EPE","39.3003425, -7.4263845",34132.0,3534.0,543.0,,38209.0
2019-05,2019/05/01,Região de Saúde do Centro,"Centro Hospitalar Universitário Cova da Beira, EPE","40.2804158, -7.4922407",21264.0,7233.0,1430.0,,29927.0
2019-05,2019/05/01,Região de Saúde do Centro,"Centro Hospitalar Tondela-Viseu, EPE","40.516364, -8.0827433",45294.0,14321.0,6391.0,,66006.0
2019-05,2019/05/01,Região de Saúde LVT,"Centro Hospitalar Universitário Lisboa Central, EPE","38.7166948, -9.1371248",58379.0,32841.0,8742.0,2656.0,102618.0
2019-05,2019/05/01,Região de Saúde LVT,"Hospital Distrital de Santarém, EPE","39.2410946, -8.6937515",35818.0,16515.0,3337.0,,55670.0
2019-05,2019/05/01,Região de Saúde LVT,"Hospital Garcia de Orta, EPE","38.6658713, -9.1822554",42552.0,19148.0,7178.0,,68878.0
2019-05,2019/05/01,Região de Saúde Norte,"Centro Hospitalar do Médio Ave, EPE","41.3423984, -8.4802503",38512.0,14827.0,2959.0,,56298.0
2019-05,2019/05/01,Região de Saúde Norte,"Hospital de Braga, PPP","41.56785, -8.398982",63906.0,21590.0,6794.0,,92290.0
2019-06,2019/06/01,Região de Saúde do Alentejo,"Unidade Local de Saúde do Litoral Alentejano, EPE","38.0162314, -8.6956768",45983.0,,,,45983.0
2019-06,2019/06/01,Região de Saúde do Centro,"Centro Hospitalar Universitário Cova da Beira, EPE","40.2804158, -7.4922407",25340.0,8350.0,1716.0,,35406.0
2019-06,2019/06/01,Região de Saúde do Centro,"Centro Hospitalar de Leiria, EPE","39.7414812, -8.7982706",68328.0,16964.0,6251.0,,91543.0
2019-06,2019/06/01,Região de Saúde do Centro,"Hospital Distrital da Figueira da Foz, EPE","40.117897, -8.8586755",26450.0,9606.0,,,36056.0
2019-06,2019/06/01,Região de Saúde LVT,"Centro Hospitalar Barreiro/Montijo, EPE","38.6554005, -9.0592392",53583.0,19184.0,5324.0,,78091.0
2019-06,2019/06/01,Região de Saúde LVT,"Hospital Professor Doutor Fernando Fonseca, EPE","38.7422257, -9.2264834",89787.0,28960.0,10538.0,,129285.0
2019-06,2019/06/01,Região de Saúde Norte,"Hospital de Braga, PPP","41.56785, -8.398982",76768.0,25303.0,8199.0,,110270.0
2019-07,2019/07/01,Região de Saúde do Algarve,"Centro Hospitalar Universitário do Algarve,EPE","37.0238973, -7.9281554",151491.0,43508.0,12384.0,0.0,207383.0
2019-07,2019/07/01,Região de Saúde do Centro,"Centro Hospitalar e Universitário de Coimbra, EPE","40.2191523, -8.4098211",121307.0,37677.0,14424.0,,173408.0
2019-07,2019/07/01,Região de Saúde do Centro,"Unidade Local de Saúde da Guarda, EPE","40.5309916, -7.2734793",47134.0,9099.0,2316.0,,58549.0
2019-07,2019/07/01,Região de Saúde do Centro,"Unidade Local de Saúde de Castelo Branco, EPE","39.8212263, -7.4981271",30299.0,6466.0,958.0,,37723.0
2019-07,2019/07/01,Região de Saúde LVT,"Centro Hospitalar do Oeste, EPE","39.4054629, -9.1258493",70130.0,26988.0,6016.0,,103134.0
2019-07,2019/07/01,Região de Saúde Norte,"Centro Hospitalar Universitário de São João, EPE","41.1831056, -8.6010558",96913.0,43688.0,8512.0,,149113.0
2019-08,2019/08/01,Região de Saúde do Alentejo,"Unidade Local de Saúde do Norte Alentejano, EPE","39.3003425, -7.4263845",54208.0,5370.0,837.0,,60415.0
2019-08,2019/08/01,Região de Saúde do Centro,"Centro Hospitalar Universitário Cova da Beira, EPE","40.2804158, -7.4922407",34303.0,10453.0,2456.0,,47212.0
2019-08,2019/08/01,Região de Saúde do Centro,"Unidade Local de Saúde da Guarda, EPE","40.5309916, -7.2734793",54636.0,10090.0,2617.0,,67343.0
2019-08,2019/08/01,Região de Saúde LVT,"Centro Hospitalar Universitário de Lisboa Norte, EPE","38.7500861, -9.1616116",123458.0,28993.0,12505.0,,164956.0
2019-08,2019/08/01,Região de Saúde LVT,"Hospital Garcia de Orta, EPE","38.6658713, -9.1822554",69467.0,28830.0,11853.0,,110150.0
2019-08,2019/08/01,Região de Saúde Norte,"Centro Hospitalar Póvoa de Varzim/Vila do Conde, EPE","41.3828711, -8.7589945",48303.0,,,,48303.0
2019-08,2019/08/01,Região de Saúde Norte,"Centro Hospitalar Tâmega e Sousa, EPE","41.2494561, -8.264901",95624.0,22893.0,9927.0,,128444.0
2019-08,2019/08/01,Região de Saúde Norte,"Hospital da Senhora da Oliveira, Guimarães, EPE","41.4387173, -8.3086907",66072.0,19248.0,6835.0,,92155.0
2019-08,2019/08/01,Região de Saúde Norte,"Unidade Local de Saúde de Matosinhos, EPE","41.1794456, -8.6745115",52234.0,,7095.0,,59329.0
2019-08,2019/08/01,Região de Saúde Norte,"Unidade Local de Saúde do Nordeste, EPE","41.8056532, -6.7888197",75104.0,,,,75104.0
2019-09,2019/09/01,Região de Saúde do Alentejo,"Unidade Local de Saúde do Baixo Alentejo, EPE","38.014123, -7.8721227",64326.0,11755.0,3012.0,,79093.0
2019-09,2019/09/01,Região de Saúde do Centro,"Centro Hospitalar do Baixo Vouga, EPE","40.6362453, -8.6543716",95379.0,28083.0,5681.0,,129143.0
2019-09,2019/09/01,Região de Saúde LVT,"Centro Hospitalar de Lisboa Ocidental, EPE","38.708454, -9.216985",84867.0,22883.0,11865.0,,119615.0
2019-09,2019/09/01,Região de Saúde LVT,"Hospital de Cascais, PPP","38.729006, -9.418267",69076.0,37692.0,11173.0,,117941.0
2019-09,2019/09/01,Região de Saúde Norte,"Centro Hospitalar Entre Douro e Vouga, EPE","40.9293884, -8.5458794",130168.0,22263.0,7059.0,,159490.0
2019-09,2019/09/01,Região de Saúde Norte,"Unidade Local de Saúde do Alto Minho, EPE","41.7056054, -8.8252713",105380.0,14211.0,5040.0,,124631.0
2019-10,2019/10/01,Região de Saúde do Alentejo,"Unidade Local de Saúde do Litoral Alentejano, EPE","38.0162314, -8.6956768",78540.0,,,,78540.0
2019-10,2019/10/01,Região de Saúde do Centro,"Centro Hospitalar Tondela-Viseu, EPE","40.516364, -8.0827433",93393.0,26683.0,13344.0,,133420.0
2019-10,2019/10/01,Região de Saúde LVT,"Centro Hospitalar Universitário Lisboa Central, EPE","38.7166948, -9.1371248",118563.0,61070.0,17827.0,5491.0,202951.0
2019-10,2019/10/01,Região de Saúde LVT,"Hospital Distrital de Santarém, EPE","39.2410946, -8.6937515",72266.0,30587.0,6920.0,,109773.0
2019-10,2019/10/01,Região de Saúde Norte,"Centro Hospitalar Póvoa de Varzim/Vila do Conde, EPE","41.3828711, -8.7589945",60332.0,,,,60332.0
2019-10,2019/10/01,Região de Saúde Norte,"Unidade Local de Saúde de Matosinhos, EPE","41.1794456, -8.6745115",65877.0,,8923.0,,74800.0
2019-11,2019/11/01,Região de Saúde do Centro,"Hospital Distrital da Figueira da Foz, EPE","40.117897, -8.8586755",50135.0,17057.0,,,67192.0
2019-11,2019/11/01,Região de Saúde do Centro,"Unidade Local de Saúde da Guarda, EPE","40.5309916, -7.2734793",74269.0,14284.0,3493.0,,92046.0
2019-11,2019/11/01,Região de Saúde LVT,"Centro Hospitalar Universitário Lisboa Central, EPE","38.7166948, -9.1371248",130020.0,68632.0,19518.0,6029.0,224199.0
2019-11,2019/11/01,Região de Saúde LVT,"Centro Hospitalar de Lisboa Ocidental, EPE","38.708454, -9.216985",104425.0,29315.0,14385.0,,148125.0
2019-11,2019/11/01,Região de Saúde LVT,"Centro Hospitalar Médio Tejo, EPE","39.478072, -8.5404429",107410.0,25337.0,2815.0,,135562.0
2019-11,2019/11/01,Região de Saúde LVT,"Hospital de Loures, PPP","38.821455, -9.176296",110995.0,54401.0,16966.0,,182362.0
2019-11,2019/11/01,Região de Saúde Norte,"Centro Hospitalar Universitário do Porto, EPE","41.1472498, -8.6172617",118951.0,,21307.0,,140258.0
2019-11,2019/11/01,Região de Saúde Norte,"Centro Hospitalar Póvoa de Varzim/Vila do Conde, EPE","41.3828711, -8.7589945",66407.0,,,,66407.0
2019-11,2019/11/01,Região de Saúde Norte,"Centro Hospitalar Vila Nova de Gaia/Espinho, EPE","41.1094138, -8.5972617",119322.0,38257.0,11580.0,,169159.0
2019-12,2019/12/01,Região de Saúde do Algarve,"Centro Hospitalar Universitário do Algarve,EPE","37.0238973, -7.9281554",265797.0,75497.0,21605.0,0.0,362899.0
2019-12,2019/12/01,Região de Saúde do Centro,"Centro Hospitalar de Leiria, EPE","39.7414812, -8.7982706",141412.0,35093.0,13048.0,,189553.0
2019-12,2019/12/01,Região de Saúde do Centro,"Centro Hospitalar Tondela-Viseu, EPE","40.516364, -8.0827433",111693.0,33297.0,15940.0,,160930.0
2019-12,2019/12/01,Região de Saúde do Centro,"Unidade Local de Saúde da Guarda, EPE","40.5309916, -7.2734793",80988.0,15707.0,3881.0,,100576.0
2019-12,2019/12/01,Região de Saúde LVT,"Centro Hospitalar do Oeste, EPE","39.4054629, -9.1258493",123120.0,48732.0,10774.0,,182626.0
2019-12,2019/12/01,Região de Saúde LVT,"Hospital de Vila Franca de Xira, PPP","38.977235, -8.984506",87801.0,46007.0,10420.0,,144228.0
2019-12,2019/12/01,Região de Saúde LVT,"Hospital Garcia de Orta, EPE","38.6658713, -9.1822554",104246.0,41582.0,17893.0,,163721.0
2019-12,2019/12/01,Região de Saúde Norte,"Centro Hospitalar Trás-os-Montes e Alto Douro, EPE","41.3031784, -7.7515252",150414.0,28218.0,4786.0,,183418.0
2020-01,2020/01/01,Região de Saúde do Alentejo,"Hospital Espírito Santo de Évora, EPE","38.5684861, -7.9032848",4563.0,2014.0,,,6577.0
2020-01,2020/01/01,Região de Saúde do Alentejo,"Unidade Local de Saúde do Norte Alentejano, EPE","39.3003425, -7.4263845",7274.0,871.0,92.0,,8237.0
2020-01,2020/01/01,Região de Saúde LVT,"Hospital de Vila Franca de Xira, PPP","38.977235, -8.984506",7646.0,4768.0,828.0,,13242.0
2020-01,2020/01/01,Região de Saúde LVT,"Hospital Garcia de Orta, EPE","38.6658713, -9.1822554",9580.0,3239.0,1565.0,,14384.0
2020-01,2020/01/01,Região de Saúde Norte,"Centro Hospitalar Universitário de São João, EPE","41.1831056, -8.6010558",14302.0,7339.0,1271.0,,22912.0
2020-01,2020/01/01,Região de Saúde Norte,"Centro Hospitalar Universitário do Porto, EPE","41.1472498, -8.6172617",11147.0,,1921.0,,13068.0
2020-01,2020/01/01,Região de Saúde Norte,"Centro Hospitalar Tâmega e Sousa, EPE","41.2494561, -8.264901",12799.0,3978.0,1300.0,,18077.0
2020-01,2020/01/01,Região de Saúde Norte,"Centro Hospitalar Trás-os-Montes e Alto Douro, EPE","41.3031784, -7.7515252",13219.0,3105.0,376.0,,16700.0
2020-01,2020/01/01,Região de Saúde Norte,"Hospital de Braga, EPE","41.56785, -8.398982",12850.0,4502.0,1419.0,,18771.0
2020-02,2020/02/01,Região de Saúde do Centro,"Centro Hospitalar de Leiria, EPE","39.7414812, -8.7982706",23338.0,5923.0,2076.0,,31337.0
2020-02,2020/02/01,Região de Saúde do Centro,"Centro Hospitalar e Universitário de Coimbra, EPE","40.2191523, -8.4098211",33983.0,12301.0,4083.0,,50367.0
2020-02,2020/02/01,Região de Saúde LVT,"Centro Hospitalar de Setúbal, EPE","38.5283754, -8.8818638",14496.0,7577.0,2250.0,,24323.0
2020-02,2020/02/01,Região de Saúde Norte,"Centro Hospitalar Entre Douro e Vouga, EPE","40.9293884, -8.5458794",30469.0,6273.0,1600.0,,38342.0
2020-03,2020/03/01,Região de Saúde LVT,"Centro Hospitalar de Lisboa Ocidental, EPE","38.708454, -9.216985",25797.0,7701.0,3290.0,,36788.0
2020-03,2020/03/01,Região de Saúde LVT,"Centro Hospitalar Universitário de Lisboa Norte, EPE","38.7500861, -9.1616116",40256.0,10472.0,3906.0,,54634.0
2020-03,2020/03/01,Região de Saúde LVT,"Centro Hospitalar Médio Tejo, EPE","39.478072, -8.5404429",25543.0,6233.0,778.0,,32554.0
2020-03,2020/03/01,Região de Saúde LVT,"Hospital de Loures, PPP","38.821455, -9.176296",26203.0,13492.0,4149.0,,43844.0
2020-03,2020/03/01,Região de Saúde Norte,"Centro Hospitalar Póvoa de Varzim/Vila do Conde, EPE","41.3828711, -8.7589945",16398.0,,,,16398.0
2020-03,2020/03/01,Região de Saúde Norte,"Hospital Santa Maria Maior, EPE","41.5324234, -8.6171561",11090.0,3501.0,,,14591.0
2020-04,2020/04/01,Região de Saúde do Algarve,"Centro Hospitalar Universitário do Algarve,EPE","37.0238973, -7.9281554",67833.0,18942.0,5768.0,0.0,92543.0
2020-04,2020/04/01,Região de Saúde do Centro,"Centro Hospitalar de Leiria, EPE","39.7414812, -8.7982706",37312.0,7909.0,3499.0,,48720.0
2020-04,2020/04/01,Região de Saúde do Centro,"Centro Hospitalar do Baixo Vouga, EPE","40.6362453, -8.6543716",33706.0,8661.0,1966.0,,44333.0
2020-04,2020/04/01,Região de Saúde do Centro,"Hospital Distrital da Figueira da Foz, EPE","40.117897, -8.8586755",13714.0,4294.0,,,18008.0
2020-04,2020/04/01,Região de Saúde do Centro,"Unidade Local de Saúde de Castelo Branco, EPE","39.8212263, -7.4981271",14161.0,2687.0,410.0,,17258.0
2020-04,2020/04/01,Região de Saúde LVT,"Centro Hospitalar Universitário Lisboa Central, EPE","38.7166948, -9.1371248",36286.0,20538.0,5980.0,1762.0,64566.0
2020-04,2020/04/01,Região de Saúde LVT,"Centro Hospitalar de Lisboa Ocidental, EPE","38.708454, -9.216985",30691.0,8197.0,4013.0,,42901.0
2020-04,2020/04/01,Região de Saúde LVT,"Hospital de Cascais, PPP","38.729006, -9.418267",24325.0,12201.0,3609.0,,40135.0
2020-04,2020/04/01,Região de Saúde Norte,"Hospital de Braga, EPE","41.56785, -8.398982",39787.0,11540.0,4328.0,,55655.0
2020-04,2020/04/01,Região de Saúde Norte,"Hospital Santa Maria Maior, EPE","41.5324234, -8.6171561",13305.0,3647.0,,,16952.0
2020-05,2020/05/01,Região de Saúde do Centro,"Centro Hospitalar do Baixo Vouga, EPE","40.6362453, -8.6543716",40441.0,9318.0,2387.0,,52146.0
2020-05,2020/05/01,Região de Saúde do Centro,"Hospital Distrital da Figueira da Foz, EPE","40.117897, -8.8586755",16903.0,4707.0,,,21610.0
2020-05,2020/05/01,Região de Saúde LVT,"Centro Hospitalar Universitário Lisboa Central, EPE","38.7166948, -9.1371248",44053.0,22794.0,7203.0,2185.0,76235.0
2020-05,2020/05/01,Região de Saúde LVT,"Centro Hospitalar de Setúbal, EPE","38.5283754, -8.8818638",29473.0,10877.0,4402.0,,44752.0
2020-05,2020/05/01,Região de Saúde LVT,"Centro Hospitalar Médio Tejo, EPE","39.478072, -8.5404429",36036.0,7368.0,1444.0,,44848.0
2020-05,2020/05/01,Região de Saúde Norte,"Centro Hospitalar Entre Douro e Vouga, EPE","40.9293884, -8.5458794",54608.0,8287.0,2915.0,,65810.0
2020-05,2020/05/01,Região de Saúde Norte,"Unidade Local de Saúde do Nordeste, EPE","41.8056532, -6.7888197",34542.0,,,,34542.0
2020-06,2020/06/01,Região de Saúde do Algarve,"Centro Hospitalar Universitário do Algarve,EPE","37.0238973, -7.9281554",95856.0,22865.0,8632.0,0.0,127353.0
2020-06,2020/06/01,Região de Saúde do Centro,"Centro Hospitalar do Baixo Vouga, EPE","40.6362453, -8.6543716",47971.0,10108.0,2864.0,,60943.0
2020-06,2020/06/01,Região de Saúde do Centro,"Unidade Local de Saúde da Guarda, EPE","40.5309916, -7.2734793",28134.0,4703.0,2000.0,,34837.0
2020-06,2020/06/01,Região de Saúde LVT,"Hospital de Loures, PPP","38.821455, -9.176296",44897.0,17051.0,6732.0,,68680.0
2020-06,2020/06/01,Região de Saúde LVT,"Hospital Professor Doutor Fernando Fonseca, EPE","38.7422257, -9.2264834",69675.0,16507.0,8149.0,,94331.0
2020-06,2020/06/01,Região de Saúde Norte,"Centro Hospitalar do Médio Ave, EPE","41.3423984, -8.4802503",36211.0,9294.0,2770.0,,48275.0
2020-06,2020/06/01,Região de Saúde Norte,"Centro Hospitalar Entre Douro e Vouga, EPE","40.9293884, -8.5458794",64110.0,9065.0,3389.0,,76564.0
2020-06,2020/06/01,Região de Saúde Norte,"Centro Hospitalar Tâmega e Sousa, EPE","41.2494561, -8.264901",61422.0,11725.0,6142.0,,79289.0
2020-06,2020/06/01,Região de Saúde Norte,"Centro Hospitalar Trás-os-Montes e Alto Douro, EPE","41.3031784, -7.7515252",54575.0,8459.0,2272.0,,65306.0
2020-06,2020/06/01,Região de Saúde Norte,"Hospital de Braga, EPE","41.56785, -8.398982",59026.0,14473.0,6197.0,,79696.0
2020-06,2020/06/01,Região de Saúde Norte,"Unidade Local de Saúde do Nordeste, EPE","41.8056532, -6.7888197",40162.0,,,,40162.0
2020-07,2020/07/01,Região de Saúde LVT,"Centro Hospitalar Universitário Lisboa Central, EPE","38.7166948, -9.1371248",60513.0,28463.0,10074.0,2797.0,101847.0
2020-07,2020/07/01,Região de Saúde LVT,"Centro Hospitalar de Lisboa Ocidental, EPE","38.708454, -9.216985",50392.0,10819.0,6889.0,,68100.0
2020-07,2020/07/01,Região de Saúde Norte,"Centro Hospitalar do Médio Ave, EPE","41.3423984, -8.4802503",42894.0,10510.0,3326.0,,56730.0
2020-07,2020/07/01,Região de Saúde Norte,"Centro Hospitalar Vila Nova de Gaia/Espinho, EPE","41.1094138, -8.5972617",62122.0,13286.0,5858.0,,81266.0
2020-07,2020/07/01,Região de Saúde Norte,"Hospital de Braga, EPE","41.56785, -8.398982",70524.0,16579.0,7190.0,,94293.0
2020-08,2020/08/01,Região de Saúde do Alentejo,"Unidade Local de Saúde do Norte Alentejano, EPE","39.3003425, -7.4263845",39876.0,3501.0,952.0,,44329.0
2020-08,2020/08/01,Região de Saúde do Centro,"Hospital Distrital da Figueira da Foz, EPE","40.117897, -8.8586755",28772.0,6837.0,,,35609.0
2020-08,2020/08/01,Região de Saúde do Centro,"Unidade Local de Saúde da Guarda, EPE","40.5309916, -7.2734793",37627.0,5844.0,2678.0,,46149.0
2020-08,2020/08/01,Região de Saúde do Centro,"Unidade Local de Saúde de Castelo Branco, EPE","39.8212263, -7.4981271",27480.0,4050.0,909.0,,32439.0
2020-08,2020/08/01,Região de Saúde LVT,"Centro Hospitalar de Setúbal, EPE","38.5283754, -8.8818638",47186.0,14734.0,6974.0,,68894.0
2020-08,2020/08/01,Região de Saúde LVT,"Hospital Distrital de Santarém, EPE","39.2410946, -8.6937515",43683.0,12223.0,4545.0,,60451.0
2020-08,2020/08/01,Região de Saúde Norte,"Centro Hospitalar Universitário do Porto, EPE","41.1472498, -8.6172617",71685.0,,13782.0,,85467.0
2020-08,2020/08/01,Região de Saúde Norte,"Centro Hospitalar Tâmega e Sousa, EPE","41.2494561, -8.264901",84504.0,14569.0,8592.0,,107665.0
2020-08,2020/08/01,Região de Saúde Norte,"Hospital de Braga, EPE","41.56785, -8.398982",82285.0,18582.0,8321.0,,109188.0
2020-08,2020/08/01,Região de Saúde Norte,"Hospital Santa Maria Maior, EPE","41.5324234, -8.6171561",26342.0,4684.0,,,31026.0
2020-09,2020/09/01,Região de Saúde do Alentejo,"Unidade Local de Saúde do Baixo Alentejo, EPE","38.014123, -7.8721227",47434.0,6766.0,2516.0,,56716.0
2020-09,2020/09/01,Região de Saúde do Centro,"Centro Hospitalar Universitário Cova da Beira, EPE","40.2804158, -7.4922407",29154.0,5654.0,2233.0,,37041.0
2020-09,2020/09/01,Região de Saúde LVT,"Hospital de Cascais, PPP","38.729006, -9.418267",53490.0,21127.0,8432.0,,83049.0
2020-09,2020/09/01,Região de Saúde LVT,"Hospital Professor Doutor Fernando Fonseca, EPE","38.7422257, -9.2264834",104292.0,22355.0,11976.0,,138623.0
2020-09,2020/09/01,Região de Saúde Norte,"Centro Hospitalar Universitário de São João, EPE","41.1831056, -8.6010558",107072.0,36475.0,8338.0,,151885.0
2020-09,2020/09/01,Região de Saúde Norte,"Centro Hospitalar Universitário do Porto, EPE","41.1472498, -8.6172617",80175.0,,15531.0,,95706.0
2020-09,2020/09/01,Região de Saúde Norte,"Centro Hospitalar Póvoa de Varzim/Vila do Conde, EPE","41.3828711, -8.7589945",40125.0,,,,40125.0
2020-10,2020/10/01,Região de Saúde LVT,"Centro Hospitalar do Oeste, EPE","39.4054629, -9.1258493",73706.0,19848.0,6542.0,,100096.0
2020-10,2020/10/01,Região de Saúde LVT,"Hospital de Cascais, PPP","38.729006, -9.418267",59335.0,23693.0,9489.0,,92517.0
2020-10,2020/10/01,Região de Saúde Norte,"Centro Hospitalar Universitário de São João, EPE","41.1831056, -8.6010558",121179.0,41681.0,9282.0,,172142.0
2020-10,2020/10/01,Região de Saúde Norte,"Centro Hospitalar do Médio Ave, EPE","41.3423984, -8.4802503",61718.0,14472.0,4781.0,,80971.0
2020-10,2020/10/01,Região de Saúde Norte,"Centro Hospitalar Universitário do Porto, EPE","41.1472498, -8.6172617",89085.0,,17088.0,,106173.0
2020-10,2020/10/01,Região de Saúde Norte,"Centro Hospitalar Póvoa de Varzim/Vila do Conde, EPE","41.3828711, -8.7589945",44716.0,,,,44716.0
2020-10,2020/10/01,Região de Saúde Norte,"Centro Hospitalar Tâmega e Sousa, EPE","41.2494561, -8.264901",110241.0,18759.0,10790.0,,139790.0
2020-10,2020/10/01,Região de Saúde Norte,"Centro Hospitalar Vila Nova de Gaia/Espinho, EPE","41.1094138, -8.5972617",89813.0,18666.0,8669.0,,117148.0
2020-10,2020/10/01,Região de Saúde Norte,"Hospital da Senhora da Oliveira, Guimarães, EPE","41.4387173, -8.3086907",64139.0,12658.0,7151.0,,83948.0
2020-11,2020/11/01,Região de Saúde do Centro,"Unidade Local de Saúde de Castelo Branco, EPE","39.8212263, -7.4981271",37061.0,5298.0,1254.0,,43613.0
2020-11,2020/11/01,Região de Saúde LVT,"Centro Hospitalar do Oeste, EPE","39.4054629, -9.1258493",79790.0,21505.0,7128.0,,108423.0
2020-11,2020/11/01,Região de Saúde LVT,"Centro Hospitalar Universitário de Lisboa Norte, EPE","38.7500861, -9.1616116",122104.0,24197.0,12989.0,,159290.0
2020-11,2020/11/01,Região de Saúde Norte,"Centro Hospitalar do Médio Ave, EPE","41.3423984, -8.4802503",67990.0,15761.0,5189.0,,88940.0
2020-11,2020/11/01,Região de Saúde Norte,"Centro Hospitalar Entre Douro e Vouga, EPE","40.9293884, -8.5458794",116737.0,14890.0,6236.0,,137863.0
2020-11,2020/11/01,Região de Saúde Norte,"Centro Hospitalar Vila Nova de Gaia/Espinho, EPE","41.1094138, -8.5972617",98179.0,20429.0,9411.0,,128019.0
2020-11,2020/11/01,Região de Saúde Norte,"Hospital Santa Maria Maior, EPE","41.5324234, -8.6171561",36229.0,5770.0,,,41999.0
2020-12,2020/12/01,Região de Saúde do Centro,"Unidade Local de Saúde de Castelo Branco, EPE","39.8212263, -7.4981271",40244.0,5635.0,1350.0,,47229.0
2020-12,2020/12/01,Região de Saúde LVT,"Centro Hospitalar do Oeste, EPE","39.4054629, -9.1258493",86184.0,22794.0,7687.0,,116665.0
2020-12,2020/12/01,Região de Saúde LVT,"Centro Hospitalar Médio Tejo, EPE","39.478072, -8.5404429",84045.0,14337.0,3593.0,,101975.0
2020-12,2020/12/01,Região de Saúde LVT,"Hospital de Loures, PPP","38.821455, -9.176296",84232.0,28803.0,12757.0,,125792.0
2020-12,2020/12/01,Região de Saúde LVT,"Hospital de Vila Franca de Xira, PPP","38.977235, -8.984506",68210.0,24356.0,8242.0,,100808.0
2020-12,2020/12/01,Região de Saúde Norte,"Centro Hospitalar do Médio Ave, EPE","41.3423984, -8.4802503",73819.0,16765.0,5562.0,,96146.0
2020-12,2020/12/01,Região de Saúde Norte,"Hospital da Senhora da Oliveira, Guimarães, EPE","41.4387173, -8.3086907",76800.0,14551.0,8302.0,,99653.0
2021-01,2021/01/01,Região de Saúde LVT,"Hospital de Vila Franca de Xira, PPP","38.977235, -8.984506",5140.0,1424.0,498.0,,7062.0
2021-01,2021/01/01,Região de Saúde Norte,"Centro Hospitalar Tâmega e Sousa, EPE","41.2494561, -8.264901",9181.0,1288.0,838.0,,11307.0
2021-01,2021/01/01,Região de Saúde Norte,"Hospital da Senhora da Oliveira, Guimarães, EPE","41.4387173, -8.3086907",5782.0,807.0,595.0,,7184.0
2021-01,2021/01/01,Região de Saúde Norte,"Unidade Local de Saúde de Matosinhos, EPE","41.1794456, -8.6745115",4897.0,,572.0,,5469.0
2021-02,2021/02/01,Região de Saúde do Centro,"Centro Hospitalar de Leiria, EPE","39.7414812, -8.7982706",13232.0,1666.0,1325.0,,16223.0
2021-02,2021/02/01,Região de Saúde do Centro,"Centro Hospitalar Tondela-Viseu, EPE","40.516364, -8.0827433",12574.0,1669.0,1757.0,,16000.0
2021-02,2021/02/01,Região de Saúde do Centro,"Unidade Local de Saúde de Castelo Branco, EPE","39.8212263, -7.4981271",5066.0,518.0,181.0,,5765.0
2021-02,2021/02/01,Região de Saúde Norte,"Hospital de Braga, EPE","41.56785, -8.398982",16940.0,2624.0,1647.0,,21211.0
2021-03,2021/03/01,Região de Saúde do Centro,"Centro Hospitalar Universitário Cova da Beira, EPE","40.2804158, -7.4922407",8351.0,951.0,630.0,0.0,9932.0
2021-03,2021/03/01,Região de Saúde do Centro,"Unidade Local de Saúde de Castelo Branco, EPE","39.8212263, -7.4981271",8186.0,760.0,298.0,,9244.0
2021-03,2021/03/01,Região de Saúde LVT,"Centro Hospitalar Barreiro/Montijo, EPE","38.6554005, -9.0592392",16689.0,2872.0,1614.0,,21175.0
2021-03,2021/03/01,Região de Saúde LVT,"Centro Hospitalar de Setúbal, EPE","38.5283754, -8.8818638",15251.0,3160.0,2100.0,,20511.0
2021-03,2021/03/01,Região de Saúde LVT,"Hospital de Vila Franca de Xira, PPP","38.977235, -8.984506",14130.0,3294.0,1599.0,,19023.0
2021-03,2021/03/01,Região de Saúde LVT,"Hospital Distrital de Santarém, EPE","39.2410946, -8.6937515",13004.0,1874.0,1408.0,,16286.0
2021-03,2021/03/01,Região de Saúde Norte,"Centro Hospitalar Universitário de São João, EPE","41.1831056, -8.6010558",30351.0,7931.0,2490.0,,40772.0
2021-03,2021/03/01,Região de Saúde Norte,"Hospital da Senhora da Oliveira, Guimarães, EPE","41.4387173, -8.3086907",16522.0,2033.0,1836.0,,20391.0
2021-03,2021/03/01,Região de Saúde Norte,"Hospital Santa Maria Maior, EPE","41.5324234, -8.6171561",8708.0,681.0,,,9389.0
2021-03,2021/03/01,Região de Saúde Norte,"Unidade Local de Saúde do Alto Minho, EPE","41.7056054, -8.8252713",19743.0,1278.0,1080.0,,22101.0
2021-04,2021/04/01,Região de Saúde do Algarve,"Centro Hospitalar Universitário do Algarve,EPE","37.0238973, -7.9281554",55497.0,9250.0,5552.0,0.0,70299.0
2021-04,2021/04/01,Região de Saúde do Centro,"Centro Hospitalar de Leiria, EPE","39.7414812, -8.7982706",30353.0,4297.0,2982.0,,37632.0
2021-04,2021/04/01,Região de Saúde do Centro,"Centro Hospitalar e Universitário de Coimbra, EPE","40.2191523, -8.4098211",43851.0,10098.0,6192.0,,60141.0
2021-04,2021/04/01,Região de Saúde do Centro,"Unidade Local de Saúde de Castelo Branco, EPE","39.8212263, -7.4981271",11252.0,1547.0,372.0,,13171.0
2021-04,2021/04/01,Região de Saúde LVT,"Centro Hospitalar Universitário Lisboa Central, EPE","38.7166948, -9.1371248",29585.0,12619.0,5140.0,1623.0,48967.0
2021-04,2021/04/01,Região de Saúde LVT,"Centro Hospitalar de Lisboa Ocidental, EPE","38.708454, -9.216985",22084.0,4573.0,3439.0,,30096.0
2021-04,2021/04/01,Região de Saúde LVT,"Centro Hospitalar de Setúbal, EPE","38.5283754, -8.8818638",20984.0,5116.0,2961.0,,29061.0
2021-04,2021/04/01,Região de Saúde Norte,"Centro Hospitalar Vila Nova de Gaia/Espinho, EPE","41.1094138, -8.5972617",32499.0,5727.0,3046.0,,41272.0
2021-04,2021/04/01,Região de Saúde Norte,"Unidade Local de Saúde do Nordeste, EPE","41.8056532, -6.7888197",21917.0,,,,21917.0
2021-05,2021/05/01,Região de Saúde LVT,"Centro Hospitalar do Oeste, EPE","39.4054629, -9.1258493",32506.0,7602.0,3007.0,,43115.0
2021-05,2021/05/01,Região de Saúde LVT,"Hospital de Loures, PPP","38.821455, -9.176296",31996.0,10133.0,4943.0,,47072.0
2021-05,2021/05/01,Região de Saúde LVT,"Hospital Garcia de Orta, EPE","38.6658713, -9.1822554",30108.0,6924.0,5347.0,,42379.0
2021-05,2021/05/01,Região de Saúde Norte,"Centro Hospitalar Universitário de São João, EPE","41.1831056, -8.6010558",56626.0,18623.0,4486.0,,79735.0
2021-05,2021/05/01,Região de Saúde Norte,"Centro Hospitalar Tâmega e Sousa, EPE","41.2494561, -8.264901",49317.0,7981.0,4717.0,,62015.0
2021-05,2021/05/01,Região de Saúde Norte,"Unidade Local de Saúde do Nordeste, EPE","41.8056532, -6.7888197",29158.0,,,,29158.0
2021-06,2021/06/01,Região de Saúde do Alentejo,"Unidade Local de Saúde do Litoral Alentejano, EPE","38.0162314, -8.6956768",31645.0,,,,31645.0
2021-06,2021/06/01,Região de Saúde do Centro,"Centro Hospitalar do Baixo Vouga, EPE","40.6362453, -8.6543716",49282.0,11024.0,2946.0,,63252.0
2021-06,2021/06/01,Região de Saúde do Centro,"Centro Hospitalar Tondela-Viseu, EPE","40.516364, -8.0827433",44794.0,8982.0,6293.0,,60069.0
2021-06,2021/06/01,Região de Saúde do Centro,"Unidade Local de Saúde da Guarda, EPE","40.5309916, -7.2734793",27597.0,4656.0,1748.0,,34001.0
2021-06,2021/06/01,Região de Saúde LVT,"Centro Hospitalar Barreiro/Montijo, EPE","38.6554005, -9.0592392",38490.0,10155.0,3691.0,,52336.0
2021-06,2021/06/01,Região de Saúde LVT,"Centro Hospitalar de Lisboa Ocidental, EPE","38.708454, -9.216985",36915.0,9868.0,5624.0,,52407.0
2021-06,2021/06/01,Região de Saúde LVT,"Centro Hospitalar Médio Tejo, EPE","39.478072, -8.5404429",42079.0,7378.0,1578.0,,51035.0
2021-06,2021/06/01,Região de Saúde LVT,"Hospital de Cascais, PPP","38.729006, -9.418267",32698.0,14371.0,5187.0,,52256.0
2021-06,2021/06/01,Região de Saúde Norte,"Centro Hospitalar Entre Douro e Vouga, EPE","40.9293884, -8.5458794",63118.0,8032.0,3442.0,0.0,74592.0
2021-06,2021/06/01,Região de Saúde Norte,"Hospital Santa Maria Maior, EPE","41.5324234, -8.6171561",20077.0,2615.0,,,22692.0
2021-07,2021/07/01,Região de Saúde do Centro,"Hospital Distrital da Figueira da Foz, EPE","40.117897, -8.8586755",25846.0,6295.0,,,32141.0
2021-07,2021/07/01,Região de Saúde do Centro,"Unidade Local de Saúde de Castelo Branco, EPE","39.8212263, -7.4981271",22734.0,4272.0,720.0,,27726.0
2021-07,2021/07/01,Região de Saúde LVT,"Centro Hospitalar de Lisboa Ocidental, EPE","38.708454, -9.216985",44464.0,12220.0,6840.0,,63524.0
2021-07,2021/07/01,Região de Saúde LVT,"Centro Hospitalar do Oeste, EPE","39.4054629, -9.1258493",50761.0,14144.0,4396.0,,69301.0
2021-07,2021/07/01,Região de Saúde Norte,"Hospital da Senhora da Oliveira, Guimarães, EPE","41.4387173, -8.3086907",47303.0,10338.0,4765.0,,62406.0
2021-07,2021/07/01,Região de Saúde Norte,"Unidade Local de Saúde de Matosinhos, EPE","41.1794456, -8.6745115",41149.0,,5041.0,,46190.0
2021-08,2021/08/01,Região de Saúde do Alentejo,"Hospital Espírito Santo de Évora, EPE","38.5684861, -7.9032848",29987.0,7730.0,,,37717.0
2021-08,2021/08/01,Região de Saúde do Centro,"Centro Hospitalar e Universitário de Coimbra, EPE","40.2191523, -8.4098211",103096.0,29533.0,13379.0,,146008.0
2021-08,2021/08/01,Região de Saúde LVT,"Centro Hospitalar Barreiro/Montijo, EPE","38.6554005, -9.0592392",54226.0,14728.0,5275.0,,74229.0
2021-08,2021/08/01,Região de Saúde LVT,"Hospital de Loures, PPP","38.821455, -9.176296",55674.0,20405.0,8434.0,,84513.0
2021-08,2021/08/01,Região de Saúde LVT,"Hospital Distrital de Santarém, EPE","39.2410946, -8.6937515",45124.0,10789.0,4433.0,,60346.0
2021-08,2021/08/01,Região de Saúde Norte,"Centro Hospitalar Universitário de São João, EPE","41.1831056, -8.6010558",100926.0,36818.0,7729.0,,145473.0
2021-08,2021/08/01,Região de Saúde Norte,"Centro Hospitalar do Médio Ave, EPE","41.3423984, -8.4802503",50992.0,12193.0,3801.0,,66986.0
2021-08,2021/08/01,Região de Saúde Norte,"Centro Hospitalar Póvoa de Varzim/Vila do Conde, EPE","41.3828711, -8.7589945",37102.0,,,,37102.0
2021-08,2021/08/01,Região de Saúde Norte,"Unidade Local de Saúde de Matosinhos, EPE","41.1794456, -8.6745115",48179.0,,6018.0,,54197.0
2021-09,2021/09/01,Região de Saúde do Alentejo,"Unidade Local de Saúde do Baixo Alentejo, EPE","38.014123, -7.8721227",47907.0,8411.0,2614.0,,58932.0
2021-09,2021/09/01,Região de Saúde do Alentejo,"Unidade Local de Saúde do Norte Alentejano, EPE","39.3003425, -7.4263845",45015.0,3581.0,1034.0,,49630.0
2021-09,2021/09/01,Região de Saúde do Centro,"Centro Hospitalar Universitário Cova da Beira, EPE","40.2804158, -7.4922407",30847.0,5915.0,2256.0,0.0,39018.0
2021-09,2021/09/01,Região de Saúde do Centro,"Centro Hospitalar de Leiria, EPE","39.7414812, -8.7982706",85325.0,16426.0,7805.0,,109556.0
2021-09,2021/09/01,Região de Saúde do Centro,"Centro Hospitalar do Baixo Vouga, EPE","40.6362453, -8.6543716",80895.0,19726.0,4656.0,,105277.0
2021-09,2021/09/01,Região de Saúde do Centro,"Hospital Distrital da Figueira da Foz, EPE","40.117897, -8.8586755",34960.0,8864.0,,,43824.0
2021-09,2021/09/01,Região de Saúde LVT,"Centro Hospitalar Barreiro/Montijo, EPE","38.6554005, -9.0592392",61928.0,17353.0,6041.0,,85322.0
2021-09,2021/09/01,Região de Saúde LVT,"Hospital de Cascais, PPP","38.729006, -9.418267",54072.0,24177.0,8094.0,,86343.0
2021-09,2021/09/01,Região de Saúde Norte,"Hospital da Senhora da Oliveira, Guimarães, EPE","41.4387173, -8.3086907",63448.0,14046.0,6349.0,,83843.0
2021-10,2021/10/01,Região de Saúde do Alentejo,"Unidade Local de Saúde do Norte Alentejano, EPE","39.3003425, -7.4263845",51100.0,4370.0,1179.0,,56649.0
2021-10,2021/10/01,Região de Saúde do Algarve,"Centro Hospitalar Universitário do Algarve,EPE","37.0238973, -7.9281554",188122.0,43216.0,15794.0,0.0,247132.0
2021-10,2021/10/01,Região de Saúde LVT,"Centro Hospitalar Universitário Lisboa Central, EPE","38.7166948, -9.1371248",92791.0,50543.0,14771.0,4848.0,162953.0
2021-10,2021/10/01,Região de Saúde LVT,"Centro Hospitalar Médio Tejo, EPE","39.478072, -8.5404429",78603.0,16237.0,2961.0,,97801.0
2021-10,2021/10/01,Região de Saúde LVT,"Hospital de Vila Franca de Xira, EPE","38.977235, -8.984506",60957.0,25516.0,6486.0,,92959.0
2021-10,2021/10/01,Região de Saúde Norte,"Centro Hospitalar Póvoa de Varzim/Vila do Conde, EPE","41.3828711, -8.7589945",48999.0,,,,48999.0
2021-10,2021/10/01,Região de Saúde Norte,"Centro Hospitalar Trás-os-Montes e Alto Douro, EPE","41.3031784, -7.7515252",103551.0,15215.0,5850.0,,124616.0
2021-11,2021/11/01,Região de Saúde do Centro,"Centro Hospitalar de Leiria, EPE","39.7414812, -8.7982706",106633.0,21868.0,9692.0,,138193.0
2021-11,2021/11/01,Região de Saúde do Centro,"Unidade Local de Saúde da Guarda, EPE","40.5309916, -7.2734793",57167.0,10793.0,3416.0,,71376.0
2021-11,2021/11/01,Região de Saúde LVT,"Centro Hospitalar do Oeste, EPE","39.4054629, -9.1258493",89083.0,28761.0,7181.0,,125025.0
2021-11,2021/11/01,Região de Saúde LVT,"Hospital Distrital de Santarém, EPE","39.2410946, -8.6937515",65682.0,18533.0,6254.0,,90469.0
2021-11,2021/11/01,Região de Saúde Norte,"Centro Hospitalar Póvoa de Varzim/Vila do Conde, EPE","41.3828711, -8.7589945",55007.0,,,,55007.0
2021-12,2021/12/01,Região de Saúde do Alentejo,"Hospital Espírito Santo de Évora, EPE","38.5684861, -7.9032848",47537.0,14629.0,,,62166.0
2021-12,2021/12/01,Região de Saúde LVT,"Centro Hospitalar de Lisboa Ocidental, EPE","38.708454, -9.216985",83115.0,26391.0,12560.0,,122066.0
2021-12,2021/12/01,Região de Saúde LVT,"Centro Hospitalar de Setúbal, EPE","38.5283754, -8.8818638",74250.0,30332.0,9842.0,,114424.0
2021-12,2021/12/01,Região de Saúde LVT,"Centro Hospitalar Médio Tejo, EPE","39.478072, -8.5404429",96248.0,21318.0,3647.0,,121213.0
2021-12,2021/12/01,Região de Saúde LVT,"Hospital de Cascais, PPP","38.729006, -9.418267",75120.0,37903.0,10932.0,,123955.0
2021-12,2021/12/01,Região de Saúde LVT,"Hospital de Vila Franca de Xira, EPE","38.977235, -8.984506",73797.0,33597.0,7678.0,,115072.0
2021-12,2021/12/01,Região de Saúde LVT,"Hospital Garcia de Orta, EPE","38.6658713, -9.1822554",83340.0,28281.0,15262.0,,126883.0
2021-12,2021/12/01,Região de Saúde Norte,"Centro Hospitalar Universitário de São João, EPE","41.1831056, -8.6010558",156684.0,65930.0,12090.0,,234704.0
2021-12,2021/12/01,Região de Saúde Norte,"Centro Hospitalar Trás-os-Montes e Alto Douro, EPE","41.3031784, -7.7515252",126327.0,19957.0,7113.0,,153397.0
2021-12,2021/12/01,Região de Saúde Norte,"Hospital Santa Maria Maior, EPE","41.5324234, -8.6171561",45248.0,8858.0,,,54106.0
2021-12,2021/12/01,Região de Saúde Norte,"Unidade Local de Saúde de Matosinhos, EPE","41.1794456, -8.6745115",75498.0,,9204.0,,84702.0
2021-12,2021/12/01,Região de Saúde Norte,"Unidade Local de Saúde do Alto Minho, EPE","41.7056054, -8.8252713",111863.0,12230.0,4766.0,,128859.0
2022-01,2022/01/01,Região de Saúde LVT,"Centro Hospitalar Universitário Lisboa Central, EPE","38.7166948, -9.1371248",10523.0,5100.0,1514.0,484.0,17621.0
2022-01,2022/01/01,Região de Saúde LVT,"Hospital Distrital de Santarém, EPE","39.2410946, -8.6937515",6093.0,1614.0,608.0,,8315.0
2022-01,2022/01/01,Região de Saúde Norte,"Centro Hospitalar Entre Douro e Vouga, EPE","40.9293884, -8.5458794",13763.0,2113.0,629.0,,16505.0
2022-01,2022/01/01,Região de Saúde Norte,"Centro Hospitalar Trás-os-Montes e Alto Douro, EPE","41.3031784, -7.7515252",10889.0,1837.0,640.0,,13366.0
2022-01,2022/01/01,Região de Saúde Norte,"Unidade Local de Saúde de Matosinhos, EPE","41.1794456, -8.6745115",6581.0,,728.0,,7309.0
2022-02,2022/02/01,Região de Saúde do Alentejo,"Unidade Local de Saúde do Litoral Alentejano, EPE","38.0162314, -8.6956768",13021.0,,,,13021.0
2022-02,2022/02/01,Região de Saúde do Centro,"Unidade Local de Saúde da Guarda, EPE","40.5309916, -7.2734793",10346.0,1781.0,555.0,,12682.0
2022-02,2022/02/01,Região de Saúde LVT,"Hospital de Loures, EPE","38.821455, -9.176296",14988.0,7050.0,2189.0,0.0,24227.0
2022-02,2022/02/01,Região de Saúde Norte,"Centro Hospitalar Universitário de São João, EPE","41.1831056, -8.6010558",25163.0,11132.0,2052.0,,38347.0
2022-02,2022/02/01,Região de Saúde Norte,"Centro Hospitalar do Médio Ave, EPE","41.3423984, -8.4802503",13707.0,4214.0,977.0,,18898.0
2022-02,2022/02/01,Região de Saúde Norte,"Centro Hospitalar Universitário do Porto, EPE","41.1472498, -8.6172617",18607.0,,3154.0,,21761.0
2022-02,2022/02/01,Região de Saúde Norte,"Centro Hospitalar Entre Douro e Vouga, EPE","40.9293884, -8.5458794",26225.0,4303.0,1337.0,,31865.0
2022-02,2022/02/01,Região de Saúde Norte,"Centro Hospitalar Trás-os-Montes e Alto Douro, EPE","41.3031784, -7.7515252",20904.0,3677.0,1155.0,,25736.0
2022-02,2022/02/01,Região de Saúde Norte,"Unidade Local de Saúde de Matosinhos, EPE","41.1794456, -8.6745115",12710.0,,1433.0,,14143.0
2022-03,2022/03/01,Região de Saúde do Algarve,"Centro Hospitalar Universitário do Algarve,EPE","37.0238973, -7.9281554",59387.0,16232.0,4688.0,0.0,80307.0
2022-03,2022/03/01,Região de Saúde do Centro,"Centro Hospitalar do Baixo Vouga, EPE","40.6362453, -8.6543716",29759.0,9377.0,1475.0,,40611.0
2022-03,2022/03/01,Região de Saúde LVT,"Centro Hospitalar Universitário de Lisboa Norte, EPE","38.7500861, -9.1616116",35604.0,10031.0,4201.0,,49836.0
2022-03,2022/03/01,Região de Saúde LVT,"Hospital de Loures, EPE","38.821455, -9.176296",23496.0,12775.0,3274.0,0.0,39545.0
2022-03,2022/03/01,Região de Saúde LVT,"Hospital de Vila Franca de Xira, EPE","38.977235, -8.984506",19318.0,11173.0,2016.0,,32507.0
2022-03,2022/03/01,Região de Saúde Norte,"Centro Hospitalar Universitário do Porto, EPE","41.1472498, -8.6172617",29505.0,,4885.0,,34390.0
2022-03,2022/03/01,Região de Saúde Norte,"Centro Hospitalar Tâmega e Sousa, EPE","41.2494561, -8.264901",36985.0,9778.0,3362.0,,50125.0
2022-03,2022/03/01,Região de Saúde Norte,"Centro Hospitalar Vila Nova de Gaia/Espinho, EPE","41.1094138, -8.5972617",31164.0,9921.0,2391.0,,43476.0
2022-03,2022/03/01,Região de Saúde Norte,"Hospital de Braga, EPE","41.56785, -8.398982",35622.0,10577.0,3175.0,,49374.0
2022-03,2022/03/01,Região de Saúde Norte,"Unidade Local de Saúde do Nordeste, EPE","41.8056532, -6.7888197",23974.0,,,,23974.0
2022-04,2022/04/01,Região de Saúde do Algarve,"Centro Hospitalar Universitário do Algarve,EPE","37.0238973, -7.9281554",81307.0,22154.0,6310.0,0.0,109771.0
2022-04,2022/04/01,Região de Saúde do Centro,"Centro Hospitalar Universitário Cova da Beira, EPE","40.2804158, -7.4922407",15197.0,4393.0,1109.0,56.0,20755.0
2022-04,2022/04/01,Região de Saúde do Centro,"Centro Hospitalar de Leiria, EPE","39.7414812, -8.7982706",42911.0,10874.0,3732.0,,57517.0
2022-04,2022/04/01,Região de Saúde LVT,"Hospital Distrital de Santarém, EPE","39.2410946, -8.6937515",26860.0,9292.0,2468.0,,38620.0
2022-04,2022/04/01,Região de Saúde Norte,"Centro Hospitalar Universitário de São João, EPE","41.1831056, -8.6010558",53734.0,26521.0,4157.0,,84412.0
2022-04,2022/04/01,Região de Saúde Norte,"Centro Hospitalar do Médio Ave, EPE","41.3423984, -8.4802503",28798.0,10538.0,2050.0,,41386.0
2022-04,2022/04/01,Região de Saúde Norte,"Centro Hospitalar Vila Nova de Gaia/Espinho, EPE","41.1094138, -8.5972617",42127.0,13883.0,3058.0,,59068.0
2022-04,2022/04/01,Região de Saúde Norte,"Hospital Santa Maria Maior, EPE","41.5324234, -8.6171561",16348.0,4218.0,,,20566.0
2022-05,2022/05/01,Região de Saúde do Alentejo,"Unidade Local de Saúde do Baixo Alentejo, EPE","38.014123, -7.8721227",33375.0,8540.0,1521.0,,43436.0
2022-05,2022/05/01,Região de Saúde do Algarve,"Centro Hospitalar Universitário do Algarve,EPE","37.0238973, -7.9281554",106631.0,29599.0,8072.0,0.0,144302.0
2022-05,2022/05/01,Região de Saúde LVT,"Centro Hospitalar de Lisboa Ocidental, EPE","38.708454, -9.216985",40403.0,16042.0,6074.0,,62519.0
2022-05,2022/05/01,Região de Saúde LVT,"Hospital de Cascais, PPP","38.729006, -9.418267",36137.0,22298.0,5159.0,,63594.0
2022-05,2022/05/01,Região de Saúde LVT,"Hospital de Loures, EPE","38.821455, -9.176296",39631.0,22326.0,5276.0,0.0,67233.0
2022-05,2022/05/01,Região de Saúde Norte,"Unidade Local de Saúde do Alto Minho, EPE","41.7056054, -8.8252713",53301.0,7697.0,2307.0,,63305.0
2022-06,2022/06/01,Região de Saúde LVT,"Centro Hospitalar Barreiro/Montijo, EPE","38.6554005, -9.0592392",51460.0,19069.0,4766.0,,75295.0
2022-06,2022/06/01,Região de Saúde LVT,"Centro Hospitalar de Setúbal, EPE","38.5283754, -8.8818638",42730.0,22499.0,5185.0,,70414.0
2022-06,2022/06/01,Região de Saúde LVT,"Hospital de Loures, EPE","38.821455, -9.176296",47501.0,26336.0,6314.0,0.0,80151.0
2022-06,2022/06/01,Região de Saúde Norte,"Centro Hospitalar Universitário de São João, EPE","41.1831056, -8.6010558",83483.0,41237.0,6336.0,,131056.0
2022-07,2022/07/01,Região de Saúde do Centro,"Centro Hospitalar de Leiria, EPE","39.7414812, -8.7982706",78009.0,18854.0,6760.0,,103623.0
2022-07,2022/07/01,Região de Saúde LVT,"Centro Hospitalar Barreiro/Montijo, EPE","38.6554005, -9.0592392",60144.0,21588.0,5606.0,,87338.0
2022-07,2022/07/01,Região de Saúde LVT,"Centro Hospitalar Médio Tejo, EPE","39.478072, -8.5404429",66682.0,18076.0,2327.0,,87085.0
2022-07,2022/07/01,Região de Saúde LVT,"Hospital de Loures, EPE","38.821455, -9.176296",55393.0,30095.0,7368.0,0.0,92856.0
2022-07,2022/07/01,Região de Saúde Norte,"Centro Hospitalar Universitário de São João, EPE","41.1831056, -8.6010558",97896.0,47695.0,7446.0,,153037.0
2022-07,2022/07/01,Região de Saúde Norte,"Centro Hospitalar Trás-os-Montes e Alto Douro, EPE","41.3031784, -7.7515252",84639.0,16593.0,4438.0,,105670.0
2022-07,2022/07/01,Região de Saúde Norte,"Hospital de Braga, EPE","41.56785, -8.398982",84601.0,25426.0,7422.0,,117449.0
2022-07,2022/07/01,Região de Saúde Norte,"Unidade Local de Saúde de Matosinhos, EPE","41.1794456, -8.6745115",49148.0,,5422.0,,54570.0
2022-08,2022/08/01,Região de Saúde do Alentejo,"Unidade Local de Saúde do Norte Alentejano, EPE","39.3003425, -7.4263845",47424.0,5488.0,1552.0,,54464.0
2022-08,2022/08/01,Região de Saúde LVT,"Centro Hospitalar Barreiro/Montijo, EPE","38.6554005, -9.0592392",68884.0,23761.0,6590.0,,99235.0
2022-08,2022/08/01,Região de Saúde LVT,"Centro Hospitalar de Setúbal, EPE","38.5283754, -8.8818638",56671.0,27958.0,6986.0,,91615.0
2022-08,2022/08/01,Região de Saúde LVT,"Hospital Distrital de Santarém, EPE","39.2410946, -8.6937515",55625.0,18999.0,5164.0,,79788.0
2022-08,2022/08/01,Região de Saúde Norte,"Centro Hospitalar Universitário do Porto, EPE","41.1472498, -8.6172617",84214.0,,13929.0,,98143.0
2022-09,2022/09/01,Região de Saúde do Alentejo,"Unidade Local de Saúde do Norte Alentejano, EPE","39.3003425, -7.4263845",52922.0,5976.0,1769.0,,60667.0
2022-09,2022/09/01,Região de Saúde do Centro,"Centro Hospitalar e Universitário de Coimbra, EPE","40.2191523, -8.4098211",136382.0,49695.0,17107.0,,203184.0
2022-09,2022/09/01,Região de Saúde do Centro,"Unidade Local de Saúde da Guarda, EPE","40.5309916, -7.2734793",55837.0,10233.0,3039.0,,69109.0
2022-09,2022/09/01,Região de Saúde LVT,"Centro Hospitalar de Lisboa Ocidental, EPE","38.708454, -9.216985",71810.0,24815.0,10772.0,,107397.0
2022-09,2022/09/01,Região de Saúde LVT,"Hospital Professor Doutor Fernando Fonseca, EPE","38.7422257, -9.2264834",128495.0,41161.0,14559.0,,184215.0
2022-09,2022/09/01,Região de Saúde Norte,"Hospital de Braga, EPE","41.56785, -8.398982",109083.0,31402.0,9605.0,,150090.0
2022-10,2022/10/01,Região de Saúde do Alentejo,"Hospital Espírito Santo de Évora, EPE","38.5684861, -7.9032848",45073.0,16337.0,,,61410.0
2022-10,2022/10/01,Região de Saúde do Algarve,"Centro Hospitalar Universitário do Algarve,EPE","37.0238973, -7.9281554",235495.0,59759.0,17033.0,0.0,312287.0
2022-10,2022/10/01,Região de Saúde do Centro,"Centro Hospitalar Universitário Cova da Beira, EPE","40.2804158, -7.4922407",39922.0,11067.0,3169.0,411.0,54569.0
2022-10,2022/10/01,Região de Saúde do Centro,"Unidade Local de Saúde de Castelo Branco, EPE","39.8212263, -7.4981271",41308.0,11155.0,1348.0,,53811.0
2022-10,2022/10/01,Região de Saúde LVT,"Centro Hospitalar Universitário de Lisboa Norte, EPE","38.7500861, -9.1616116",125518.0,33664.0,14866.0,,174048.0
2022-10,2022/10/01,Região de Saúde LVT,"Hospital de Cascais, PPP","38.729006, -9.418267",74909.0,42508.0,10881.0,,128298.0
2022-10,2022/10/01,Região de Saúde LVT,"Hospital Professor Doutor Fernando Fonseca, EPE","38.7422257, -9.2264834",144261.0,48013.0,16475.0,,208749.0
2022-10,2022/10/01,Região de Saúde Norte,"Centro Hospitalar Universitário do Porto, EPE","41.1472498, -8.6172617",105682.0,,17594.0,,123276.0
2022-10,2022/10/01,Região de Saúde Norte,"Hospital de Braga, EPE","41.56785, -8.398982",121201.0,36085.0,10746.0,,168032.0
2022-10,2022/10/01,Região de Saúde Norte,"Unidade Local de Saúde do Alto Minho, EPE","41.7056054, -8.8252713",113072.0,15542.0,5083.0,,133697.0
2022-11,2022/11/01,Região de Saúde LVT,"Centro Hospitalar Barreiro/Montijo, EPE","38.6554005, -9.0592392",96690.0,35943.0,9125.0,,141758.0
2022-11,2022/11/01,Região de Saúde LVT,"Centro Hospitalar de Setúbal, EPE","38.5283754, -8.8818638",77159.0,40365.0,9526.0,,127050.0
2022-11,2022/11/01,Região de Saúde LVT,"Hospital de Cascais, PPP","38.729006, -9.418267",82335.0,48271.0,11861.0,,142467.0
2022-11,2022/11/01,Região de Saúde LVT,"Hospital de Loures, EPE","38.821455, -9.176296",85512.0,49444.0,12029.0,0.0,146985.0
2022-11,2022/11/01,Região de Saúde LVT,"Hospital Garcia de Orta, EPE","38.6658713, -9.1822554",80857.0,43783.0,14200.0,0.0,138840.0
2022-11,2022/11/01,Região de Saúde Norte,"Centro Hospitalar Trás-os-Montes e Alto Douro, EPE","41.3031784, -7.7515252",135512.0,27999.0,7277.0,,170788.0
2022-12,2022/12/01,Região de Saúde do Alentejo,"Unidade Local de Saúde do Baixo Alentejo, EPE","38.014123, -7.8721227",82768.0,18840.0,3654.0,,105262.0
2022-12,2022/12/01,Região de Saúde do Algarve,"Centro Hospitalar Universitário do Algarve,EPE","37.0238973, -7.9281554",280780.0,73139.0,20009.0,0.0,373928.0
2022-12,2022/12/01,Região de Saúde do Centro,"Hospital Distrital da Figueira da Foz, EPE","40.117897, -8.8586755",53798.0,19828.0,,,73626.0
2022-12,2022/12/01,Região de Saúde LVT,"Centro Hospitalar de Lisboa Ocidental, EPE","38.708454, -9.216985",94947.0,35764.0,14029.0,,144740.0
2022-12,2022/12/01,Região de Saúde LVT,"Hospital de Loures, EPE","38.821455, -9.176296",91953.0,54208.0,13022.0,0.0,159183.0
2022-12,2022/12/01,Região de Saúde LVT,"Hospital de Vila Franca de Xira, EPE","38.977235, -8.984506",80236.0,48086.0,8551.0,,136873.0
2022-12,2022/12/01,Região de Saúde LVT,"Hospital Distrital de Santarém, EPE","39.2410946, -8.6937515",83579.0,33147.0,7976.0,,124702.0
2022-12,2022/12/01,Região de Saúde LVT,"Hospital Professor Doutor Fernando Fonseca, EPE","38.7422257, -9.2264834",173943.0,60877.0,19943.0,,254763.0
2023-01,2023/01/01,Região de Saúde LVT,"Hospital Distrital de Santarém, EPE","39.2410946, -8.6937515",6730.0,2663.0,670.0,,10063.0
2023-01,2023/01/01,Região de Saúde LVT,"Hospital Professor Doutor Fernando Fonseca, EPE","38.7422257, -9.2264834",14768.0,5219.0,1755.0,,21742.0
2023-01,2023/01/01,Região de Saúde Norte,"Centro Hospitalar do Médio Ave, EPE","41.3423984, -8.4802503",7324.0,2788.0,586.0,,10698.0
2023-01,2023/01/01,Região de Saúde Norte,"Centro Hospitalar Póvoa de Varzim/Vila do Conde, EPE","41.3828711, -8.7589945",6052.0,,,,6052.0
2023-01,2023/01/01,Região de Saúde Norte,"Centro Hospitalar Trás-os-Montes e Alto Douro, EPE","41.3031784, -7.7515252",12410.0,2733.0,646.0,,15789.0
2023-01,2023/01/01,Região de Saúde Norte,"Hospital de Braga, EPE","41.56785, -8.398982",11905.0,3831.0,1026.0,,16762.0
2023-02,2023/02/01,Região de Saúde do Alentejo,"Unidade Local de Saúde do Litoral Alentejano, EPE","38.0162314, -8.6956768",15497.0,,,,15497.0
2023-02,2023/02/01,Região de Saúde do Alentejo,"Unidade Local de Saúde do Norte Alentejano, EPE","39.3003425, -7.4263845",12463.0,1403.0,363.0,,14229.0
2023-02,2023/02/01,Região de Saúde do Centro,"Centro Hospitalar Universitário Cova da Beira, EPE","40.2804158, -7.4922407",7945.0,2604.0,643.0,43.0,11235.0
2023-02,2023/02/01,Região de Saúde do Centro,"Unidade Local de Saúde de Castelo Branco, EPE","39.8212263, -7.4981271",8447.0,2478.0,262.0,,11187.0
2023-02,2023/02/01,Região de Saúde LVT,"Hospital Distrital de Santarém, EPE","39.2410946, -8.6937515",13157.0,5214.0,1237.0,,19608.0
2023-02,2023/02/01,Região de Saúde Norte,"Hospital Santa Maria Maior, EPE","41.5324234, -8.6171561",8572.0,2478.0,,,11050.0
2023-02,2023/02/01,Região de Saúde Norte,"Unidade Local de Saúde do Nordeste, EPE","41.8056532, -6.7888197",16271.0,,,,16271.0
2023-03,2023/03/01,Região de Saúde do Alentejo,"Unidade Local de Saúde do Baixo Alentejo, EPE","38.014123, -7.8721227",23191.0,4503.0,932.0,,28626.0
2023-03,2023/03/01,Região de Saúde do Alentejo,"Unidade Local de Saúde do Litoral Alentejano, EPE","38.0162314, -8.6956768",24069.0,,,,24069.0
2023-03,2023/03/01,Região de Saúde do Centro,"Centro Hospitalar Tondela-Viseu, EPE","40.516364, -8.0827433",27014.0,8983.0,3650.0,,39647.0
2023-03,2023/03/01,Região de Saúde do Centro,"Hospital Distrital da Figueira da Foz, EPE","40.117897, -8.8586755",12334.0,4891.0,,,17225.0
2023-03,2023/03/01,Região de Saúde LVT,"Centro Hospitalar Barreiro/Montijo, EPE","38.6554005, -9.0592392",28326.0,10638.0,2311.0,,41275.0
2023-03,2023/03/01,Região de Saúde LVT,"Centro Hospitalar Universitário Lisboa Central, EPE","38.7166948, -9.1371248",32966.0,21037.0,5255.0,1428.0,60686.0
2023-03,2023/03/01,Região de Saúde LVT,"Centro Hospitalar Médio Tejo, EPE","39.478072, -8.5404429",28674.0,9456.0,931.0,,39061.0
2023-03,2023/03/01,Região de Saúde LVT,"Hospital Garcia de Orta, EPE","38.6658713, -9.1822554",20438.0,12464.0,4548.0,0.0,37450.0
2023-03,2023/03/01,Região de Saúde Norte,"Centro Hospitalar Trás-os-Montes e Alto Douro, EPE","41.3031784, -7.7515252",36996.0,8197.0,1898.0,,47091.0
2023-03,2023/03/01,Região de Saúde Norte,"Hospital de Braga, EPE","41.56785, -8.398982",36168.0,12134.0,3247.0,,51549.0
2023-04,2023/04/01,Região de Saúde do Alentejo,"Unidade Local de Saúde do Norte Alentejano, EPE","39.3003425, -7.4263845",25380.0,2946.0,760.0,,29086.0
2023-04,2023/04/01,Região de Saúde do Algarve,"Centro Hospitalar Universitário do Algarve,EPE","37.0238973, -7.9281554",90106.0,23419.0,6149.0,0.0,119674.0
2023-04,2023/04/01,Região de Saúde do Centro,"Unidade Local de Saúde de Castelo Branco, EPE","39.8212263, -7.4981271",17174.0,5032.0,570.0,,22776.0
2023-04,2023/04/01,Região de Saúde LVT,"Hospital de Cascais, PPP","38.729006, -9.418267",29611.0,16834.0,4336.0,,50781.0
2023-04,2023/04/01,Região de Saúde LVT,"Hospital de Loures, EPE","38.821455, -9.176296",26780.0,13852.0,4351.0,0.0,44983.0
2023-04,2023/04/01,Região de Saúde Norte,"Unidade Local de Saúde do Alto Minho, EPE","41.7056054, -8.8252713",45859.0,7247.0,2077.0,,55183.0
2023-04,2023/04/01,Região de Saúde Norte,"Unidade Local de Saúde do Nordeste, EPE","41.8056532, -6.7888197",32695.0,,,,32695.0
2023-05,2023/05/01,Região de Saúde do Centro,"Centro Hospitalar Tondela-Viseu, EPE","40.516364, -8.0827433",45902.0,14921.0,6071.0,,66894.0
2023-05,2023/05/01,Região de Saúde LVT,"Centro Hospitalar do Oeste, EPE","39.4054629, -9.1258493",47882.0,20505.0,3006.0,,71393.0
2023-05,2023/05/01,Região de Saúde LVT,"Hospital de Vila Franca de Xira, EPE","38.977235, -8.984506",33648.0,20548.0,3423.0,,57619.0
2023-05,2023/05/01,Região de Saúde LVT,"Hospital Professor Doutor Fernando Fonseca, EPE","38.7422257, -9.2264834",72900.0,25668.0,8136.0,,106704.0
2023-05,2023/05/01,Região de Saúde Norte,"Centro Hospitalar Tâmega e Sousa, EPE","41.2494561, -8.264901",63986.0,16082.0,6131.0,,86199.0
2023-05,2023/05/01,Região de Saúde Norte,"Hospital Santa Maria Maior, EPE","41.5324234, -8.6171561",22134.0,5652.0,,,27786.0
2023-06,2023/06/01,Região de Saúde do Alentejo,"Unidade Local de Saúde do Baixo Alentejo, EPE","38.014123, -7.8721227",45154.0,8898.0,1997.0,,56049.0
2023-06,2023/06/01,Região de Saúde do Alentejo,"Unidade Local de Saúde do Norte Alentejano, EPE","39.3003425, -7.4263845",38668.0,4510.0,1222.0,,44400.0
2023-06,2023/06/01,Região de Saúde do Centro,"Centro Hospitalar e Universitário de Coimbra, EPE","40.2191523, -8.4098211",90731.0,33129.0,10827.0,,134687.0
2023-06,2023/06/01,Região de Saúde do Centro,"Unidade Local de Saúde da Guarda, EPE","40.5309916, -7.2734793",38413.0,7966.0,2032.0,,48411.0
2023-06,2023/06/01,Região de Saúde do Centro,"Unidade Local de Saúde de Castelo Branco, EPE","39.8212263, -7.4981271",26274.0,7980.0,879.0,,35133.0
2023-06,2023/06/01,Região de Saúde LVT,"Hospital de Loures, EPE","38.821455, -9.176296",40802.0,19101.0,6592.0,0.0,66495.0
2023-06,2023/06/01,Região de Saúde LVT,"Hospital Professor Doutor Fernando Fonseca, EPE","38.7422257, -9.2264834",87369.0,30139.0,9960.0,,127468.0
2023-06,2023/06/01,Região de Saúde Norte,"Centro Hospitalar do Médio Ave, EPE","41.3423984, -8.4802503",43592.0,16567.0,3466.0,,63625.0
2023-06,2023/06/01,Região de Saúde Norte,"Centro Hospitalar Tâmega e Sousa, EPE","41.2494561, -8.264901",77141.0,19218.0,7445.0,,103804.0
2023-06,2023/06/01,Região de Saúde Norte,"Centro Hospitalar Universitário de Santo António, EPE","41.1472498, -8.6172617",63603.0,,9841.0,,73444.0
2023-07,2023/07/01,Região de Saúde do Algarve,"Centro Hospitalar Universitário do Algarve,EPE","37.0238973, -7.9281554",166494.0,40638.0,11033.0,0.0,218165.0
2023-07,2023/07/01,Região de Saúde do Centro,"Unidade Local de Saúde da Guarda, EPE","40.5309916, -7.2734793",45552.0,8935.0,2434.0,,56921.0
2023-07,2023/07/01,Região de Saúde Norte,"Centro Hospitalar do Médio Ave, EPE","41.3423984, -8.4802503",51425.0,18835.0,4078.0,,74338.0
2023-07,2023/07/01,Região de Saúde Norte,"Centro Hospitalar Tâmega e Sousa, EPE","41.2494561, -8.264901",91017.0,21923.0,8937.0,,121877.0
2023-07,2023/07/01,Região de Saúde Norte,"Centro Hospitalar Universitário de Santo António, EPE","41.1472498, -8.6172617",74767.0,,11649.0,,86416.0
2023-08,2023/08/01,Região de Saúde do Alentejo,"Unidade Local de Saúde do Baixo Alentejo, EPE","38.014123, -7.8721227",60724.0,11619.0,2700.0,,75043.0
2023-08,2023/08/01,Região de Saúde do Alentejo,"Unidade Local de Saúde do Litoral Alentejano, EPE","38.0162314, -8.6956768",65620.0,,,,65620.0
2023-08,2023/08/01,Região de Saúde LVT,"Hospital de Cascais, PPP","38.729006, -9.418267",61082.0,31585.0,9333.0,,102000.0
2023-08,2023/08/01,Região de Saúde LVT,"Hospital de Vila Franca de Xira, EPE","38.977235, -8.984506",54442.0,29673.0,5807.0,,89922.0
2023-08,2023/08/01,Região de Saúde Norte,"Centro Hospitalar Póvoa de Varzim/Vila do Conde, EPE","41.3828711, -8.7589945",46997.0,,,,46997.0
2023-08,2023/08/01,Região de Saúde Norte,"Centro Hospitalar Universitário de Santo António, EPE","41.1472498, -8.6172617",86292.0,,13554.0,,99846.0
2023-08,2023/08/01,Região de Saúde Norte,"Unidade Local de Saúde de Matosinhos, EPE","41.1794456, -8.6745115",56266.0,,6397.0,,62663.0
2023-09,2023/09/01,Região de Saúde do Alentejo,"Unidade Local de Saúde do Litoral Alentejano, EPE","38.0162314, -8.6956768",72931.0,,,,72931.0
2023-09,2023/09/01,Região de Saúde do Algarve,"Centro Hospitalar Universitário do Algarve,EPE","37.0238973, -7.9281554",219928.0,51301.0,14191.0,0.0,285420.0
2023-09,2023/09/01,Região de Saúde do Centro,"Centro Hospitalar de Leiria, EPE","39.7414812, -8.7982706",100783.0,22888.0,10979.0,,134650.0
2023-09,2023/09/01,Região de Saúde LVT,"Centro Hospitalar de Setúbal, EPE","38.5283754, -8.8818638",57328.0,24601.0,7501.0,,89430.0
2023-09,2023/09/01,Região de Saúde LVT,"Hospital de Cascais, PPP","38.729006, -9.418267",68827.0,35031.0,10590.0,,114448.0
2023-09,2023/09/01,Região de Saúde LVT,"Hospital de Loures, EPE","38.821455, -9.176296",60600.0,23240.0,10464.0,0.0,94304.0
2023-09,2023/09/01,Região de Saúde Norte,"Centro Hospitalar do Médio Ave, EPE","41.3423984, -8.4802503",66417.0,23033.0,5329.0,,94779.0
2023-09,2023/09/01,Região de Saúde Norte,"Centro Hospitalar Vila Nova de Gaia/Espinho, EPE","41.1094138, -8.5972617",106748.0,32687.0,6365.0,,145800.0
2023-09,2023/09/01,Região de Saúde Norte,"Hospital da Senhora da Oliveira, Guimarães, EPE","41.4387173, -8.3086907",77541.0,24200.0,8112.0,,109853.0
2023-09,2023/09/01,Região de Saúde Norte,"Unidade Local de Saúde de Matosinhos, EPE","41.1794456, -8.6745115",63356.0,,7191.0,,70547.0
2023-10,2023/10/01,Região de Saúde do Centro,"Unidade Local de Saúde da Guarda, EPE","40.5309916, -7.2734793",66379.0,12154.0,3623.0,,82156.0
2023-10,2023/10/01,Região de Saúde LVT,"Centro Hospitalar Universitário Lisboa Central, EPE","38.7166948, -9.1371248",114171.0,64816.0,20077.0,5315.0,204379.0
2023-10,2023/10/01,Região de Saúde Norte,"Centro Hospitalar Universitário de São João, EPE","41.1831056, -8.6010558",147080.0,64770.0,11138.0,,222988.0
2023-10,2023/10/01,Região de Saúde Norte,"Centro Hospitalar Vila Nova de Gaia/Espinho, EPE","41.1094138, -8.5972617",118588.0,37094.0,7099.0,,162781.0
2023-10,2023/10/01,Região de Saúde Norte,"Unidade Local de Saúde do Nordeste, EPE","41.8056532, -6.7888197",84792.0,,,,84792.0
2023-11,2023/11/01,Região de Saúde do Centro,"Centro Hospitalar de Leiria, EPE","39.7414812, -8.7982706",120922.0,28427.0,12710.0,,162059.0
2023-11,2023/11/01,Região de Saúde do Centro,"Centro Hospitalar e Universitário de Coimbra, EPE","40.2191523, -8.4098211",167532.0,59222.0,21279.0,,248033.0
2023-11,2023/11/01,Região de Saúde do Centro,"Centro Hospitalar Tondela-Viseu, EPE","40.516364, -8.0827433",104938.0,31320.0,13740.0,,149998.0
2023-11,2023/11/01,Região de Saúde do Centro,"Hospital Distrital da Figueira da Foz, EPE","40.117897, -8.8586755",47856.0,17460.0,,,65316.0
2023-11,2023/11/01,Região de Saúde LVT,"Hospital Garcia de Orta, EPE","38.6658713, -9.1822554",79462.0,42976.0,15868.0,0.0,138306.0
2023-11,2023/11/01,Região de Saúde Norte,"Centro Hospitalar Tâmega e Sousa, EPE","41.2494561, -8.264901",141044.0,32174.0,13542.0,,186760.0
2023-11,2023/11/01,Região de Saúde Norte,"Centro Hospitalar Trás-os-Montes e Alto Douro, EPE","41.3031784, -7.7515252",140391.0,27440.0,7927.0,,175758.0
2023-11,2023/11/01,Região de Saúde Norte,"Centro Hospitalar Vila Nova de Gaia/Espinho, EPE","41.1094138, -8.5972617",129134.0,42396.0,7869.0,,179399.0
2023-11,2023/11/01,Região de Saúde Norte,"Hospital da Senhora da Oliveira, Guimarães, EPE","41.4387173, -8.3086907",95799.0,31952.0,10261.0,,138012.0
2023-11,2023/11/01,Região de Saúde Norte,"Unidade Local de Saúde de Matosinhos, EPE","41.1794456, -8.6745115",76471.0,,8649.0,,85120.0
2023-12,2023/12/01,Região de Saúde do Centro,"Centro Hospitalar Universitário Cova da Beira, EPE","40.2804158, -7.4922407",50406.0,15270.0,4090.0,421.0,70187.0
2023-12,2023/12/01,Região de Saúde do Centro,"Centro Hospitalar de Leiria, EPE","39.7414812, -8.7982706",131170.0,31298.0,13104.0,,175572.0
2023-12,2023/12/01,Região de Saúde do Centro,"Unidade Local de Saúde de Castelo Branco, EPE","39.8212263, -7.4981271",52503.0,15238.0,1866.0,,69607.0
2023-12,2023/12/01,Região de Saúde LVT,"Hospital de Vila Franca de Xira, EPE","38.977235, -8.984506",80987.0,46902.0,8663.0,,136552.0
2023-12,2023/12/01,Região de Saúde LVT,"Hospital Professor Doutor Fernando Fonseca, EPE","38.7422257, -9.2264834",175814.0,56580.0,18825.0,,251219.0
2023-12,2023/12/01,Região de Saúde Norte,"Centro Hospitalar do Médio Ave, EPE","41.3423984, -8.4802503",87348.0,32842.0,7247.0,,127437.0
2023-12,2023/12/01,Região de Saúde Norte,"Unidade Local de Saúde de Matosinhos, EPE","41.1794456, -8.6745115",83269.0,,9345.0,,92614.0
2013-01,2013/01/01,Região de Saúde do Centro,"Centro Hospitalar de Leiria, EPE","39.7414812, -8.7982706",10526.0,4418.0,838.0,,15782.0
2013-01,2013/01/01,Região de Saúde do Centro,"Centro Hospitalar e Universitário de Coimbra, EPE","40.2191523, -8.4098211",17256.0,6238.0,2290.0,,25784.0
2013-01,2013/01/01,Região de Saúde LVT,"Centro Hospitalar Universitário de Lisboa Norte, EPE","38.7500861, -9.1616116",13787.0,3778.0,1287.0,,18852.0
2013-01,2013/01/01,Região de Saúde LVT,"Hospital Distrital de Santarém, EPE","39.2410946, -8.6937515",7086.0,3381.0,796.0,,11263.0
2013-01,2013/01/01,Região de Saúde Norte,"Centro Hospitalar Universitário de São João, EPE","41.1831056, -8.6010558",16111.0,7388.0,1193.0,,24692.0
2013-01,2013/01/01,Região de Saúde Norte,"Centro Hospitalar Universitário do Porto, EPE","41.1472498, -8.6172617",9734.0,,1014.0,,10748.0
2013-01,2013/01/01,Região de Saúde Norte,"Centro Hospitalar Póvoa de Varzim/Vila do Conde, EPE","41.3828711, -8.7589945",7724.0,,,,7724.0
2013-01,2013/01/01,Região de Saúde Norte,"Centro Hospitalar Tâmega e Sousa, EPE","41.2494561, -8.264901",12531.0,4428.0,1052.0,,18011.0
2013-02,2013/02/01,Região de Saúde do Alentejo,"Hospital Espírito Santo de Évora, EPE","38.5684861, -7.9032848",8648.0,3829.0,,,12477.0
2013-02,2013/02/01,Região de Saúde do Centro,"Centro Hospitalar de Leiria, EPE","39.7414812, -8.7982706",20495.0,8247.0,1612.0,,30354.0
2013-02,2013/02/01,Região de Saúde LVT,"Hospital Garcia de Orta, EPE","38.6658713, -9.1822554",14164.0,7454.0,2649.0,,24267.0
2013-02,2013/02/01,Região de Saúde Norte,"Centro Hospitalar Vila Nova de Gaia/Espinho, EPE","41.1094138, -8.5972617",18327.0,7985.0,1913.0,,28225.0
2013-03,2013/03/01,Região de Saúde do Alentejo,"Unidade Local de Saúde do Baixo Alentejo, EPE","38.014123, -7.8721227",26441.0,4519.0,950.0,,31910.0
2013-03,2013/03/01,Região de Saúde do Alentejo,"Unidade Local de Saúde do Litoral Alentejano, EPE","38.0162314, -8.6956768",24440.0,,,,24440.0
2013-03,2013/03/01,Região de Saúde do Centro,"Unidade Local de Saúde da Guarda, EPE","40.5309916, -7.2734793",17964.0,3394.0,909.0,,22267.0
2013-03,2013/03/01,Região de Saúde do Centro,"Unidade Local de Saúde de Castelo Branco, EPE","39.8212263, -7.4981271",12605.0,3998.0,294.0,,16897.0
2013-03,2013/03/01,Região de Saúde LVT,"Centro Hospitalar Barreiro/Montijo, EPE","38.6554005, -9.0592392",25459.0,9980.0,2367.0,,37806.0
2013-03,2013/03/01,Região de Saúde LVT,"Centro Hospitalar de Lisboa Ocidental, EPE","38.708454, -9.216985",27959.0,9898.0,3524.0,,41381.0
2013-03,2013/03/01,Região de Saúde LVT,"Centro Hospitalar de Setúbal, EPE","38.5283754, -8.8818638",19247.0,11133.0,2988.0,,33368.0
2013-03,2013/03/01,Região de Saúde LVT,"Hospital Garcia de Orta, EPE","38.6658713, -9.1822554",21628.0,11427.0,4067.0,,37122.0
2013-03,2013/03/01,Região de Saúde Norte,"Centro Hospitalar Universitário do Porto, EPE","41.1472498, -8.6172617",28738.0,,2918.0,,31656.0
2013-03,2013/03/01,Região de Saúde Norte,"Centro Hospitalar Entre Douro e Vouga, EPE","40.9293884, -8.5458794",34006.0,9336.0,2109.0,,45451.0
2013-04,2013/04/01,Região de Saúde do Alentejo,"Unidade Local de Saúde do Litoral Alentejano, EPE","38.0162314, -8.6956768",31357.0,,,,31357.0
2013-04,2013/04/01,Região de Saúde do Centro,"Centro Hospitalar Tondela-Viseu, EPE","40.516364, -8.0827433",41252.0,12322.0,4581.0,,58155.0
2013-04,2013/04/01,Região de Saúde do Centro,"Hospital Distrital da Figueira da Foz, EPE","40.117897, -8.8586755",17697.0,6896.0,,,24593.0
2013-04,2013/04/01,Região de Saúde do Centro,"Unidade Local de Saúde da Guarda, EPE","40.5309916, -7.2734793",23479.0,4428.0,1244.0,,29151.0
2013-04,2013/04/01,Região de Saúde do Centro,"Unidade Local de Saúde de Castelo Branco, EPE","39.8212263, -7.4981271",16844.0,5051.0,400.0,,22295.0
2013-04,2013/04/01,Região de Saúde LVT,"Centro Hospitalar do Oeste, EPE","39.4054629, -9.1258493",49983.0,19522.0,4268.0,,73773.0
2013-04,2013/04/01,Região de Saúde LVT,"Hospital de Vila Franca de Xira, PPP","38.977235, -8.984506",24100.0,10037.0,1759.0,,35896.0
2013-04,2013/04/01,Região de Saúde LVT,"Hospital Professor Doutor Fernando Fonseca, EPE","38.7422257, -9.2264834",59217.0,21599.0,6094.0,,86910.0
2013-04,2013/04/01,Região de Saúde LVT,"Hospital Garcia de Orta, EPE","38.6658713, -9.1822554",28668.0,14865.0,5408.0,,48941.0
2013-04,2013/04/01,Região de Saúde Norte,"Centro Hospitalar Universitário de São João, EPE","41.1831056, -8.6010558",62858.0,26370.0,4544.0,,93772.0
2013-04,2013/04/01,Região de Saúde Norte,"Centro Hospitalar do Alto Ave, EPE","41.4387173, -8.3086907",33526.0,13051.0,2279.0,,48856.0
2013-04,2013/04/01,Região de Saúde Norte,"Centro Hospitalar Entre Douro e Vouga, EPE","40.9293884, -8.5458794",45226.0,12246.0,2852.0,,60324.0
2013-04,2013/04/01,Região de Saúde Norte,"Centro Hospitalar Póvoa de Varzim/Vila do Conde, EPE","41.3828711, -8.7589945",26415.0,,,,26415.0
2013-04,2013/04/01,Região de Saúde Norte,"Hospital Santa Maria Maior, EPE","41.5324234, -8.6171561",16864.0,8022.0,,,24886.0
2013-05,2013/05/01,Região de Saúde do Centro,"Centro Hospitalar Universitário Cova da Beira, EPE","40.2804158, -7.4922407",25213.0,8491.0,671.0,,34375.0
2013-05,2013/05/01,Região de Saúde do Centro,"Centro Hospitalar Tondela-Viseu, EPE","40.516364, -8.0827433",51343.0,15487.0,5804.0,,72634.0
2013-05,2013/05/01,Região de Saúde LVT,"Centro Hospitalar de Lisboa Ocidental, EPE","38.708454, -9.216985",46836.0,15532.0,6133.0,,68501.0
2013-05,2013/05/01,Região de Saúde LVT,"Hospital de Cascais, PPP","38.729006, -9.418267",34775.0,23249.0,5857.0,,63881.0
2013-05,2013/05/01,Região de Saúde LVT,"Hospital de Loures, PPP","38.821455, -9.176296",50012.0,23336.0,4580.0,,77928.0
2013-05,2013/05/01,Região de Saúde Norte,"Centro Hospitalar Póvoa de Varzim/Vila do Conde, EPE","41.3828711, -8.7589945",32728.0,,,,32728.0
2013-05,2013/05/01,Região de Saúde Norte,"Unidade Local de Saúde de Matosinhos, EPE","41.1794456, -8.6745115",29994.0,,3208.0,,33202.0
2013-06,2013/06/01,Região de Saúde do Alentejo,"Unidade Local de Saúde do Baixo Alentejo, EPE","38.014123, -7.8721227",52002.0,8475.0,1974.0,,62451.0
2013-06,2013/06/01,Região de Saúde do Centro,"Centro Hospitalar de Leiria, EPE","39.7414812, -8.7982706",59279.0,22557.0,4922.0,,86758.0
2013-06,2013/06/01,Região de Saúde do Centro,"Unidade Local de Saúde da Guarda, EPE","40.5309916, -7.2734793",34916.0,6675.0,1848.0,,43439.0
2013-06,2013/06/01,Região de Saúde LVT,"Centro Hospitalar Médio Tejo, EPE","39.478072, -8.5404429",62162.0,15335.0,1260.0,,78757.0
2013-06,2013/06/01,Região de Saúde LVT,"Hospital Garcia de Orta, EPE","38.6658713, -9.1822554",42840.0,22062.0,8172.0,,73074.0
2013-06,2013/06/01,Região de Saúde Norte,"Centro Hospitalar Universitário de São João, EPE","41.1831056, -8.6010558",95953.0,39752.0,6850.0,,142555.0
2013-06,2013/06/01,Região de Saúde Norte,"Centro Hospitalar Entre Douro e Vouga, EPE","40.9293884, -8.5458794",67856.0,18288.0,4273.0,,90417.0
2013-07,2013/07/01,Região de Saúde do Centro,"Centro Hospitalar e Universitário de Coimbra, EPE","40.2191523, -8.4098211",117874.0,36875.0,15927.0,,170676.0
2013-07,2013/07/01,Região de Saúde do Centro,"Unidade Local de Saúde da Guarda, EPE","40.5309916, -7.2734793",41167.0,7611.0,2210.0,,50988.0
2013-07,2013/07/01,Região de Saúde LVT,"Centro Hospitalar do Oeste, EPE","39.4054629, -9.1258493",88021.0,31925.0,7453.0,,127399.0
2013-07,2013/07/01,Região de Saúde LVT,"Hospital de Cascais, PPP","38.729006, -9.418267",49275.0,31444.0,8380.0,,89099.0
2013-07,2013/07/01,Região de Saúde Norte,"Centro Hospitalar Universitário de São João, EPE","41.1831056, -8.6010558",113910.0,45339.0,8009.0,,167258.0
2013-08,2013/08/01,Região de Saúde do Algarve,"Centro Hospitalar Universitário do Algarve,EPE","37.0238973, -7.9281554",107159.0,51423.0,7291.0,,165873.0
2013-08,2013/08/01,Região de Saúde do Centro,"Centro Hospitalar de Leiria, EPE","39.7414812, -8.7982706",79547.0,28603.0,6717.0,,114867.0
2013-08,2013/08/01,Região de Saúde do Centro,"Centro Hospitalar e Universitário de Coimbra, EPE","40.2191523, -8.4098211",134825.0,40746.0,18268.0,,193839.0
2013-08,2013/08/01,Região de Saúde do Centro,"Unidade Local de Saúde da Guarda, EPE","40.5309916, -7.2734793",47784.0,8489.0,2554.0,,58827.0
2013-08,2013/08/01,Região de Saúde do Centro,"Unidade Local de Saúde de Castelo Branco, EPE","39.8212263, -7.4981271",33807.0,9470.0,855.0,,44132.0
2013-08,2013/08/01,Região de Saúde Norte,"Centro Hospitalar do Alto Ave, EPE","41.4387173, -8.3086907",68518.0,25222.0,4819.0,,98559.0
2013-08,2013/08/01,Região de Saúde Norte,"Centro Hospitalar do Médio Ave, EPE","41.3423984, -8.4802503",63237.0,21674.0,2829.0,,87740.0
2013-08,2013/08/01,Região de Saúde Norte,"Unidade Local de Saúde do Alto Minho, EPE","41.7056054, -8.8252713",88928.0,15787.0,3338.0,,108053.0
2013-09,2013/09/01,Região de Saúde do Alentejo,"Unidade Local de Saúde do Baixo Alentejo, EPE","38.014123, -7.8721227",76684.0,11582.0,3058.0,,91324.0
2013-09,2013/09/01,Região de Saúde do Centro,"Centro Hospitalar Universitário Cova da Beira, EPE","40.2804158, -7.4922407",46104.0,13507.0,1237.0,,60848.0
2013-09,2013/09/01,Região de Saúde do Centro,"Centro Hospitalar e Universitário de Coimbra, EPE","40.2191523, -8.4098211",150724.0,45100.0,20708.0,,216532.0
2013-09,2013/09/01,Região de Saúde LVT,"Centro Hospitalar Médio Tejo, EPE","39.478072, -8.5404429",92329.0,20906.0,1918.0,,115153.0
2013-09,2013/09/01,Região de Saúde Norte,"Centro Hospitalar Universitário do Porto, EPE","41.1472498, -8.6172617",89754.0,,9483.0,,99237.0
2013-09,2013/09/01,Região de Saúde Norte,"Centro Hospitalar Entre Douro e Vouga, EPE","40.9293884, -8.5458794",102567.0,25563.0,6640.0,,134770.0
2013-10,2013/10/01,Região de Saúde do Alentejo,"Unidade Local de Saúde do Baixo Alentejo, EPE","38.014123, -7.8721227",85012.0,12904.0,3392.0,,101308.0
2013-10,2013/10/01,Região de Saúde do Centro,"Centro Hospitalar de Leiria, EPE","39.7414812, -8.7982706",104540.0,35999.0,8667.0,,149206.0
2013-10,2013/10/01,Região de Saúde do Centro,"Centro Hospitalar do Baixo Vouga, EPE","40.6362453, -8.6543716",106052.0,32668.0,4949.0,,143669.0
2013-10,2013/10/01,Região de Saúde do Centro,"Unidade Local de Saúde da Guarda, EPE","40.5309916, -7.2734793",58987.0,10260.0,3135.0,,72382.0
2013-10,2013/10/01,Região de Saúde do Centro,"Unidade Local de Saúde de Castelo Branco, EPE","39.8212263, -7.4981271",41756.0,11441.0,1064.0,,54261.0
2013-10,2013/10/01,Região de Saúde LVT,"Centro Hospitalar Universitário Lisboa Central, EPE","38.7166948, -9.1371248",124983.0,63882.0,17807.0,6289.0,212961.0
2013-10,2013/10/01,Região de Saúde LVT,"Centro Hospitalar Médio Tejo, EPE","39.478072, -8.5404429",102369.0,23387.0,2101.0,,127857.0
2013-10,2013/10/01,Região de Saúde LVT,"Hospital de Loures, PPP","38.821455, -9.176296",99498.0,43056.0,9547.0,,152101.0
2013-10,2013/10/01,Região de Saúde LVT,"Hospital Garcia de Orta, EPE","38.6658713, -9.1822554",73230.0,35584.0,14053.0,,122867.0
2013-10,2013/10/01,Região de Saúde Norte,"Centro Hospitalar Universitário do Porto, EPE","41.1472498, -8.6172617",99754.0,,10450.0,,110204.0
2013-10,2013/10/01,Região de Saúde Norte,"Centro Hospitalar Entre Douro e Vouga, EPE","40.9293884, -8.5458794",113855.0,28666.0,7387.0,,149908.0
2013-10,2013/10/01,Região de Saúde Norte,"Centro Hospitalar Trás-os-Montes e Alto Douro, EPE","41.3031784, -7.7515252",130199.0,17317.0,2921.0,,150437.0
2013-10,2013/10/01,Região de Saúde Norte,"Unidade Local de Saúde do Nordeste, EPE","41.8056532, -6.7888197",101149.0,,,,101149.0
2013-11,2013/11/01,Região de Saúde do Alentejo,"Hospital Espírito Santo de Évora, EPE","38.5684861, -7.9032848",47331.0,18404.0,,,65735.0
2013-11,2013/11/01,Região de Saúde do Centro,"Unidade Local de Saúde de Castelo Branco, EPE","39.8212263, -7.4981271",45698.0,12539.0,1183.0,,59420.0
2013-11,2013/11/01,Região de Saúde LVT,"Centro Hospitalar Universitário Lisboa Central, EPE","38.7166948, -9.1371248",136411.0,70880.0,19395.0,6868.0,233554.0
2013-11,2013/11/01,Região de Saúde LVT,"Centro Hospitalar Universitário de Lisboa Norte, EPE","38.7500861, -9.1616116",143473.0,36224.0,13707.0,,193404.0
2013-11,2013/11/01,Região de Saúde LVT,"Centro Hospitalar Médio Tejo, EPE","39.478072, -8.5404429",111943.0,25823.0,2269.0,,140035.0
2013-11,2013/11/01,Região de Saúde LVT,"Hospital de Vila Franca de Xira, PPP","38.977235, -8.984506",68052.0,26080.0,5795.0,,99927.0
2013-11,2013/11/01,Região de Saúde LVT,"Hospital Distrital de Santarém, EPE","39.2410946, -8.6937515",74710.0,33186.0,7959.0,,115855.0
2013-11,2013/11/01,Região de Saúde LVT,"Hospital Garcia de Orta, EPE","38.6658713, -9.1822554",80177.0,39423.0,15423.0,,135023.0
2013-12,2013/12/01,Região de Saúde do Alentejo,"Hospital Espírito Santo de Évora, EPE","38.5684861, -7.9032848",51654.0,20073.0,,,71727.0
2013-12,2013/12/01,Região de Saúde do Alentejo,"Unidade Local de Saúde do Baixo Alentejo, EPE","38.014123, -7.8721227",101482.0,15382.0,4034.0,,120898.0
2013-12,2013/12/01,Região de Saúde do Alentejo,"Unidade Local de Saúde do Litoral Alentejano, EPE","38.0162314, -8.6956768",91783.0,,,,91783.0
2013-12,2013/12/01,Região de Saúde do Centro,"Centro Hospitalar do Baixo Vouga, EPE","40.6362453, -8.6543716",125213.0,40324.0,5913.0,,171450.0
2013-12,2013/12/01,Região de Saúde LVT,"Hospital Professor Doutor Fernando Fonseca, EPE","38.7422257, -9.2264834",184709.0,61833.0,19057.0,,265599.0
2013-12,2013/12/01,Região de Saúde Norte,"Unidade Local de Saúde do Alto Minho, EPE","41.7056054, -8.8252713",130703.0,22972.0,5000.0,,158675.0
2014-01,2014/01/01,Região de Saúde do Centro,"Centro Hospitalar e Universitário de Coimbra, EPE","40.2191523, -8.4098211",16187.0,5614.0,2271.0,,24072.0
2014-01,2014/01/01,Região de Saúde do Centro,"Unidade Local de Saúde de Castelo Branco, EPE","39.8212263, -7.4981271",4363.0,1376.0,95.0,,5834.0
2014-01,2014/01/01,Região de Saúde LVT,"Centro Hospitalar Barreiro/Montijo, EPE","38.6554005, -9.0592392",8774.0,3825.0,830.0,,13429.0
2014-01,2014/01/01,Região de Saúde LVT,"Hospital de Cascais, PPP","38.729006, -9.418267",7544.0,5571.0,1261.0,,14376.0
2014-01,2014/01/01,Região de Saúde LVT,"Hospital Professor Doutor Fernando Fonseca, EPE","38.7422257, -9.2264834",16806.0,6347.0,1709.0,,24862.0
2014-01,2014/01/01,Região de Saúde Norte,"Centro Hospitalar Póvoa de Varzim/Vila do Conde, EPE","41.3828711, -8.7589945",7265.0,,,,7265.0
2014-01,2014/01/01,Região de Saúde Norte,"Hospital Santa Maria Maior, EPE","41.5324234, -8.6171561",4466.0,2191.0,,,6657.0
2014-02,2014/02/01,Região de Saúde LVT,"Centro Hospitalar de Lisboa Ocidental, EPE","38.708454, -9.216985",17112.0,6771.0,2422.0,,26305.0
2014-02,2014/02/01,Região de Saúde LVT,"Centro Hospitalar do Oeste, EPE","39.4054629, -9.1258493",19064.0,9746.0,1549.0,,30359.0
2014-02,2014/02/01,Região de Saúde LVT,"Hospital Distrital de Santarém, EPE","39.2410946, -8.6937515",13165.0,7274.0,1204.0,,21643.0
2014-02,2014/02/01,Região de Saúde Norte,"Hospital Santa Maria Maior, EPE","41.5324234, -8.6171561",8286.0,3863.0,,,12149.0
2014-02,2014/02/01,Região de Saúde Norte,"Unidade Local de Saúde de Matosinhos, EPE","41.1794456, -8.6745115",12496.0,,1367.0,,13863.0
2014-03,2014/03/01,Região de Saúde do Alentejo,"Hospital Espírito Santo de Évora, EPE","38.5684861, -7.9032848",12847.0,5570.0,,,18417.0
2014-03,2014/03/01,Região de Saúde do Alentejo,"Unidade Local de Saúde do Litoral Alentejano, EPE","38.0162314, -8.6956768",24229.0,,,,24229.0
2014-03,2014/03/01,Região de Saúde do Algarve,"Centro Hospitalar Universitário do Algarve,EPE","37.0238973, -7.9281554",34160.0,19356.0,3792.0,,57308.0
2014-03,2014/03/01,Região de Saúde LVT,"Centro Hospitalar Universitário Lisboa Central, EPE","38.7166948, -9.1371248",35880.0,21034.0,5002.0,1737.0,63653.0
2014-03,2014/03/01,Região de Saúde LVT,"Centro Hospitalar Universitário de Lisboa Norte, EPE","38.7500861, -9.1616116",38094.0,10814.0,3666.0,,52574.0
2014-03,2014/03/01,Região de Saúde LVT,"Centro Hospitalar Médio Tejo, EPE","39.478072, -8.5404429",29048.0,7977.0,559.0,,37584.0
2014-03,2014/03/01,Região de Saúde LVT,"Hospital de Vila Franca de Xira, PPP","38.977235, -8.984506",19388.0,8661.0,1680.0,,29729.0
2014-03,2014/03/01,Região de Saúde LVT,"Hospital Distrital de Santarém, EPE","39.2410946, -8.6937515",19987.0,10468.0,1882.0,,32337.0
2014-03,2014/03/01,Região de Saúde LVT,"Hospital Garcia de Orta, EPE","38.6658713, -9.1822554",20983.0,11726.0,3803.0,,36512.0
2014-03,2014/03/01,Região de Saúde Norte,"Centro Hospitalar do Médio Ave, EPE","41.3423984, -8.4802503",23983.0,9662.0,1035.0,,34680.0
2014-03,2014/03/01,Região de Saúde Norte,"Centro Hospitalar Entre Douro e Vouga, EPE","40.9293884, -8.5458794",33218.0,9266.0,1969.0,,44453.0
2014-03,2014/03/01,Região de Saúde Norte,"Centro Hospitalar Póvoa de Varzim/Vila do Conde, EPE","41.3828711, -8.7589945",19562.0,,,,19562.0
2014-03,2014/03/01,Região de Saúde Norte,"Centro Hospitalar Vila Nova de Gaia/Espinho, EPE","41.1094138, -8.5972617",28912.0,11891.0,2849.0,,43652.0
2014-03,2014/03/01,Região de Saúde Norte,"Unidade Local de Saúde de Matosinhos, EPE","41.1794456, -8.6745115",18921.0,,1994.0,,20915.0
2014-04,2014/04/01,Região de Saúde do Alentejo,"Hospital Espírito Santo de Évora, EPE","38.5684861, -7.9032848",17145.0,7305.0,,,24450.0
2014-04,2014/04/01,Região de Saúde do Algarve,"Centro Hospitalar Universitário do Algarve,EPE","37.0238973, -7.9281554",45768.0,24511.0,5078.0,,75357.0
2014-04,2014/04/01,Região de Saúde do Centro,"Centro Hospitalar do Baixo Vouga, EPE","40.6362453, -8.6543716",39724.0,13098.0,1846.0,,54668.0
2014-04,2014/04/01,Região de Saúde do Centro,"Centro Hospitalar Tondela-Viseu, EPE","40.516364, -8.0827433",41853.0,12401.0,4612.0,,58866.0
2014-04,2014/04/01,Região de Saúde LVT,"Hospital de Cascais, PPP","38.729006, -9.418267",28654.0,19251.0,4931.0,,52836.0
2014-04,2014/04/01,Região de Saúde LVT,"Hospital Distrital de Santarém, EPE","39.2410946, -8.6937515",26772.0,13279.0,2585.0,,42636.0
2014-04,2014/04/01,Região de Saúde Norte,"Centro Hospitalar Universitário de São João, EPE","41.1831056, -8.6010558",60518.0,28443.0,4255.0,0.0,93216.0
2014-04,2014/04/01,Região de Saúde Norte,"Hospital Santa Maria Maior, EPE","41.5324234, -8.6171561",16572.0,6995.0,,,23567.0
2014-04,2014/04/01,Região de Saúde Norte,"Unidade Local de Saúde de Matosinhos, EPE","41.1794456, -8.6745115",25252.0,,2691.0,,27943.0
2014-05,2014/05/01,Região de Saúde do Alentejo,"Hospital Espírito Santo de Évora, EPE","38.5684861, -7.9032848",21528.0,9334.0,,,30862.0
2014-05,2014/05/01,Região de Saúde do Alentejo,"Unidade Local de Saúde do Litoral Alentejano, EPE","38.0162314, -8.6956768",39513.0,,,,39513.0
2014-05,2014/05/01,Região de Saúde do Centro,"Centro Hospitalar do Baixo Vouga, EPE","40.6362453, -8.6543716",49740.0,16322.0,2318.0,,68380.0
2014-05,2014/05/01,Região de Saúde LVT,"Centro Hospitalar Universitário Lisboa Central, EPE","38.7166948, -9.1371248",60948.0,34025.0,8592.0,3009.0,106574.0
2014-05,2014/05/01,Região de Saúde Norte,"Unidade Local de Saúde do Nordeste, EPE","41.8056532, -6.7888197",49859.0,,,,49859.0
2014-06,2014/06/01,Região de Saúde do Alentejo,"Unidade Local de Saúde do Litoral Alentejano, EPE","38.0162314, -8.6956768",47223.0,,,,47223.0
2014-06,2014/06/01,Região de Saúde do Algarve,"Centro Hospitalar Universitário do Algarve,EPE","37.0238973, -7.9281554",70231.0,36387.0,8118.0,0.0,114736.0
2014-06,2014/06/01,Região de Saúde do Centro,"Centro Hospitalar do Baixo Vouga, EPE","40.6362453, -8.6543716",59788.0,19619.0,2788.0,,82195.0
2014-06,2014/06/01,Região de Saúde LVT,"Centro Hospitalar Médio Tejo, EPE","39.478072, -8.5404429",58160.0,14815.0,1113.0,,74088.0
2014-06,2014/06/01,Região de Saúde LVT,"Hospital Garcia de Orta, EPE","38.6658713, -9.1822554",42881.0,22677.0,7754.0,,73312.0
2014-06,2014/06/01,Região de Saúde Norte,"Unidade Local de Saúde do Alto Minho, EPE","41.7056054, -8.8252713",65430.0,12429.0,2089.0,,79948.0
2014-07,2014/07/01,Região de Saúde do Centro,"Centro Hospitalar do Baixo Vouga, EPE","40.6362453, -8.6543716",70567.0,22508.0,3335.0,,96410.0
2014-07,2014/07/01,Região de Saúde do Centro,"Hospital Distrital da Figueira da Foz, EPE","40.117897, -8.8586755",28816.0,11807.0,,,40623.0
2014-07,2014/07/01,Região de Saúde LVT,"Hospital Professor Doutor Fernando Fonseca, EPE","38.7422257, -9.2264834",109442.0,36402.0,11195.0,,157039.0
2014-07,2014/07/01,Região de Saúde Norte,"Centro Hospitalar Universitário de São João, EPE","41.1831056, -8.6010558",106800.0,49326.0,7838.0,,163964.0
2014-07,2014/07/01,Região de Saúde Norte,"Centro Hospitalar Vila Nova de Gaia/Espinho, EPE","41.1094138, -8.5972617",68951.0,25969.0,6822.0,,101742.0
2014-07,2014/07/01,Região de Saúde Norte,"Unidade Local de Saúde do Nordeste, EPE","41.8056532, -6.7888197",68773.0,,,,68773.0
2014-08,2014/08/01,Região de Saúde do Algarve,"Centro Hospitalar Universitário do Algarve,EPE","37.0238973, -7.9281554",112745.0,48052.0,11683.0,0.0,172480.0
2014-08,2014/08/01,Região de Saúde do Centro,"Centro Hospitalar Universitário Cova da Beira, EPE","40.2804158, -7.4922407",38344.0,11438.0,986.0,,50768.0
2014-08,2014/08/01,Região de Saúde do Centro,"Centro Hospitalar de Leiria, EPE","39.7414812, -8.7982706",94168.0,30206.0,6950.0,,131324.0
2014-08,2014/08/01,Região de Saúde do Centro,"Centro Hospitalar e Universitário de Coimbra, EPE","40.2191523, -8.4098211",128773.0,39920.0,18367.0,,187060.0
2014-08,2014/08/01,Região de Saúde do Centro,"Unidade Local de Saúde de Castelo Branco, EPE","39.8212263, -7.4981271",32501.0,8997.0,780.0,,42278.0
2014-08,2014/08/01,Região de Saúde LVT,"Centro Hospitalar Universitário Lisboa Central, EPE","38.7166948, -9.1371248",98871.0,50007.0,14400.0,4926.0,168204.0
2014-08,2014/08/01,Região de Saúde LVT,"Hospital Distrital de Santarém, EPE","39.2410946, -8.6937515",54193.0,24278.0,5821.0,,84292.0
2014-08,2014/08/01,Região de Saúde LVT,"Hospital Professor Doutor Fernando Fonseca, EPE","38.7422257, -9.2264834",124721.0,39937.0,13014.0,,177672.0
2014-08,2014/08/01,Região de Saúde Norte,"Centro Hospitalar Universitário do Porto, EPE","41.1472498, -8.6172617",80917.0,,9518.0,,90435.0
2014-08,2014/08/01,Região de Saúde Norte,"Centro Hospitalar Entre Douro e Vouga, EPE","40.9293884, -8.5458794",90257.0,22964.0,5688.0,,118909.0
2014-08,2014/08/01,Região de Saúde Norte,"Unidade Local de Saúde do Alto Minho, EPE","41.7056054, -8.8252713",90080.0,15766.0,2919.0,,108765.0
2014-09,2014/09/01,Região de Saúde do Alentejo,"Hospital Espírito Santo de Évora, EPE","38.5684861, -7.9032848",39354.0,15036.0,,,54390.0
2014-09,2014/09/01,Região de Saúde do Centro,"Centro Hospitalar do Baixo Vouga, EPE","40.6362453, -8.6543716",92286.0,27666.0,4453.0,,124405.0
2014-09,2014/09/01,Região de Saúde do Centro,"Unidade Local de Saúde da Guarda, EPE","40.5309916, -7.2734793",54486.0,9024.0,3121.0,,66631.0
2014-09,2014/09/01,Região de Saúde LVT,"Centro Hospitalar Universitário Lisboa Central, EPE","38.7166948, -9.1371248",111337.0,55159.0,16260.0,5547.0,188303.0
2014-09,2014/09/01,Região de Saúde LVT,"Centro Hospitalar do Oeste, EPE","39.4054629, -9.1258493",88640.0,36480.0,7505.0,,132625.0
2014-09,2014/09/01,Região de Saúde LVT,"Hospital de Loures, PPP","38.821455, -9.176296",93670.0,40861.0,9263.0,,143794.0
2014-09,2014/09/01,Região de Saúde Norte,"Centro Hospitalar Universitário de São João, EPE","41.1831056, -8.6010558",134481.0,60336.0,10244.0,0.0,205061.0
2014-09,2014/09/01,Região de Saúde Norte,"Centro Hospitalar do Alto Ave, EPE","41.4387173, -8.3086907",77740.0,26806.0,5301.0,,109847.0
2014-09,2014/09/01,Região de Saúde Norte,"Centro Hospitalar Entre Douro e Vouga, EPE","40.9293884, -8.5458794",101309.0,25249.0,6482.0,,133040.0
2014-09,2014/09/01,Região de Saúde Norte,"Unidade Local de Saúde de Matosinhos, EPE","41.1794456, -8.6745115",58353.0,,6180.0,,64533.0
2014-10,2014/10/01,Região de Saúde do Alentejo,"Unidade Local de Saúde do Litoral Alentejano, EPE","38.0162314, -8.6956768",80586.0,,,,80586.0
2014-10,2014/10/01,Região de Saúde do Alentejo,"Unidade Local de Saúde do Norte Alentejano, EPE","39.3003425, -7.4263845",69784.0,8266.0,888.0,,78938.0
2014-10,2014/10/01,Região de Saúde do Centro,"Centro Hospitalar Tondela-Viseu, EPE","40.516364, -8.0827433",107593.0,30541.0,11929.0,,150063.0
2014-10,2014/10/01,Região de Saúde LVT,"Centro Hospitalar Universitário Lisboa Central, EPE","38.7166948, -9.1371248",124352.0,62298.0,18131.0,6171.0,210952.0
2014-10,2014/10/01,Região de Saúde LVT,"Centro Hospitalar Universitário de Lisboa Norte, EPE","38.7500861, -9.1616116",126847.0,32776.0,12643.0,,172266.0
2014-10,2014/10/01,Região de Saúde LVT,"Hospital de Loures, PPP","38.821455, -9.176296",104749.0,46490.0,10388.0,,161627.0
2014-10,2014/10/01,Região de Saúde Norte,"Centro Hospitalar Tâmega e Sousa, EPE","41.2494561, -8.264901",124396.0,31899.0,10865.0,,167160.0
2014-10,2014/10/01,Região de Saúde Norte,"Unidade Local de Saúde de Matosinhos, EPE","41.1794456, -8.6745115",65136.0,,6846.0,,71982.0
2014-10,2014/10/01,Região de Saúde Norte,"Unidade Local de Saúde do Nordeste, EPE","41.8056532, -6.7888197",96144.0,,,,96144.0
2014-11,2014/11/01,Região de Saúde do Algarve,"Centro Hospitalar Universitário do Algarve,EPE","37.0238973, -7.9281554",174441.0,64985.0,16436.0,0.0,255862.0
2014-11,2014/11/01,Região de Saúde do Centro,"Centro Hospitalar Universitário Cova da Beira, EPE","40.2804158, -7.4922407",51815.0,14915.0,1371.0,,68101.0
2014-11,2014/11/01,Região de Saúde do Centro,"Centro Hospitalar do Baixo Vouga, EPE","40.6362453, -8.6543716",113139.0,34703.0,5430.0,,153272.0
2014-11,2014/11/01,Região de Saúde LVT,"Centro Hospitalar de Lisboa Ocidental, EPE","38.708454, -9.216985",95426.0,30571.0,14060.0,,140057.0
2014-11,2014/11/01,Região de Saúde LVT,"Hospital de Vila Franca de Xira, PPP","38.977235, -8.984506",73351.0,30040.0,7165.0,,110556.0
2014-11,2014/11/01,Região de Saúde LVT,"Hospital Distrital de Santarém, EPE","39.2410946, -8.6937515",74261.0,33473.0,8142.0,,115876.0
2014-11,2014/11/01,Região de Saúde Norte,"Centro Hospitalar do Alto Ave, EPE","41.4387173, -8.3086907",94905.0,34117.0,6436.0,,135458.0
2014-11,2014/11/01,Região de Saúde Norte,"Centro Hospitalar Trás-os-Montes e Alto Douro, EPE","41.3031784, -7.7515252",143127.0,19047.0,3455.0,,165629.0
2014-12,2014/12/01,Região de Saúde do Alentejo,"Unidade Local de Saúde do Baixo Alentejo, EPE","38.014123, -7.8721227",102773.0,15215.0,3659.0,,121647.0
2014-12,2014/12/01,Região de Saúde do Centro,"Centro Hospitalar Tondela-Viseu, EPE","40.516364, -8.0827433",130125.0,38091.0,14308.0,,182524.0
2014-12,2014/12/01,Região de Saúde LVT,"Centro Hospitalar Barreiro/Montijo, EPE","38.6554005, -9.0592392",100051.0,35979.0,9287.0,,145317.0
2014-12,2014/12/01,Região de Saúde Norte,"Centro Hospitalar Universitário de São João, EPE","41.1831056, -8.6010558",175004.0,83817.0,13489.0,0.0,272310.0
2014-12,2014/12/01,Região de Saúde Norte,"Centro Hospitalar do Médio Ave, EPE","41.3423984, -8.4802503",91777.0,34145.0,5528.0,,131450.0
2014-12,2014/12/01,Região de Saúde Norte,"Centro Hospitalar Entre Douro e Vouga, EPE","40.9293884, -8.5458794",135824.0,35783.0,8634.0,,180241.0
2014-12,2014/12/01,Região de Saúde Norte,"Unidade Local de Saúde de Matosinhos, EPE","41.1794456, -8.6745115",77997.0,,8128.0,,86125.0
2015-01,2015/01/01,Região de Saúde do Alentejo,"Hospital Espírito Santo de Évora, EPE","38.5684861, -7.9032848",4391.0,2116.0,,,6507.0
2015-01,2015/01/01,Região de Saúde do Centro,"Centro Hospitalar e Universitário de Coimbra, EPE","40.2191523, -8.4098211",16782.0,6327.0,2409.0,,25518.0
2015-01,2015/01/01,Região de Saúde do Centro,"Centro Hospitalar Tondela-Viseu, EPE","40.516364, -8.0827433",11653.0,3467.0,1288.0,,16408.0
2015-01,2015/01/01,Região de Saúde LVT,"Hospital Distrital de Santarém, EPE","39.2410946, -8.6937515",6746.0,3743.0,698.0,,11187.0
2015-01,2015/01/01,Região de Saúde LVT,"Hospital Professor Doutor Fernando Fonseca, EPE","38.7422257, -9.2264834",15697.0,5497.0,1553.0,,22747.0
2015-01,2015/01/01,Região de Saúde Norte,"Centro Hospitalar Universitário de São João, EPE","41.1831056, -8.6010558",13225.0,7468.0,1121.0,0.0,21814.0
2015-01,2015/01/01,Região de Saúde Norte,"Centro Hospitalar Póvoa de Varzim/Vila do Conde, EPE","41.3828711, -8.7589945",7333.0,,,,7333.0
2015-01,2015/01/01,Região de Saúde Norte,"Centro Hospitalar Tâmega e Sousa, EPE","41.2494561, -8.264901",13640.0,4788.0,1060.0,,19488.0
2015-02,2015/02/01,Região de Saúde do Alentejo,"Unidade Local de Saúde do Norte Alentejano, EPE","39.3003425, -7.4263845",14715.0,2070.0,164.0,,16949.0
2015-02,2015/02/01,Região de Saúde LVT,"Hospital de Vila Franca de Xira, PPP","38.977235, -8.984506",13437.0,6603.0,1252.0,,21292.0
2015-02,2015/02/01,Região de Saúde Norte,"Centro Hospitalar Universitário de São João, EPE","41.1831056, -8.6010558",24952.0,13123.0,2152.0,0.0,40227.0
2015-02,2015/02/01,Região de Saúde Norte,"Centro Hospitalar Póvoa de Varzim/Vila do Conde, EPE","41.3828711, -8.7589945",12880.0,,,,12880.0
2015-02,2015/02/01,Região de Saúde Norte,"Centro Hospitalar Trás-os-Montes e Alto Douro, EPE","41.3031784, -7.7515252",26929.0,4472.0,614.0,,32015.0
2015-02,2015/02/01,Região de Saúde Norte,"Hospital Santa Maria Maior, EPE","41.5324234, -8.6171561",8064.0,3639.0,,,11703.0
2015-02,2015/02/01,Região de Saúde Norte,"Unidade Local de Saúde de Matosinhos, EPE","41.1794456, -8.6745115",12581.0,,1207.0,,13788.0
2015-03,2015/03/01,Região de Saúde do Alentejo,"Hospital Espírito Santo de Évora, EPE","38.5684861, -7.9032848",12495.0,5512.0,,,18007.0
2015-03,2015/03/01,Região de Saúde do Centro,"Centro Hospitalar de Leiria, EPE","39.7414812, -8.7982706",35385.0,11234.0,2732.0,,49351.0
2015-03,2015/03/01,Região de Saúde do Centro,"Centro Hospitalar do Baixo Vouga, EPE","40.6362453, -8.6543716",30226.0,10149.0,1424.0,,41799.0
2015-03,2015/03/01,Região de Saúde LVT,"Centro Hospitalar Barreiro/Montijo, EPE","38.6554005, -9.0592392",25116.0,9245.0,2144.0,,36505.0
2015-03,2015/03/01,Região de Saúde LVT,"Centro Hospitalar de Setúbal, EPE","38.5283754, -8.8818638",20009.0,11829.0,3211.0,,35049.0
2015-03,2015/03/01,Região de Saúde LVT,"Centro Hospitalar Universitário de Lisboa Norte, EPE","38.7500861, -9.1616116",35614.0,11140.0,3474.0,,50228.0
2015-03,2015/03/01,Região de Saúde LVT,"Centro Hospitalar Médio Tejo, EPE","39.478072, -8.5404429",28553.0,7732.0,591.0,,36876.0
2015-03,2015/03/01,Região de Saúde LVT,"Hospital de Loures, PPP","38.821455, -9.176296",30110.0,16245.0,3410.0,,49765.0
2015-03,2015/03/01,Região de Saúde Norte,"Centro Hospitalar Universitário de São João, EPE","41.1831056, -8.6010558",38553.0,19728.0,3300.0,0.0,61581.0
2015-03,2015/03/01,Região de Saúde Norte,"Centro Hospitalar Trás-os-Montes e Alto Douro, EPE","41.3031784, -7.7515252",39633.0,6221.0,913.0,,46767.0
2015-04,2015/04/01,Região de Saúde do Alentejo,"Unidade Local de Saúde do Litoral Alentejano, EPE","38.0162314, -8.6956768",32727.0,,,,32727.0
2015-04,2015/04/01,Região de Saúde do Centro,"Centro Hospitalar Tondela-Viseu, EPE","40.516364, -8.0827433",42507.0,13100.0,4897.0,,60504.0
2015-04,2015/04/01,Região de Saúde do Centro,"Hospital Distrital da Figueira da Foz, EPE","40.117897, -8.8586755",17348.0,7564.0,,,24912.0
2015-04,2015/04/01,Região de Saúde LVT,"Centro Hospitalar de Setúbal, EPE","38.5283754, -8.8818638",26477.0,15273.0,4306.0,,46056.0
2015-04,2015/04/01,Região de Saúde LVT,"Hospital Professor Doutor Fernando Fonseca, EPE","38.7422257, -9.2264834",58990.0,20239.0,5989.0,,85218.0
2015-04,2015/04/01,Região de Saúde Norte,"Centro Hospitalar Vila Nova de Gaia/Espinho, EPE","41.1094138, -8.5972617",36801.0,14554.0,3789.0,,55144.0
2015-04,2015/04/01,Região de Saúde Norte,"Hospital da Senhora da Oliveira, Guimarães, EPE","41.4387173, -8.3086907",24900.0,13936.0,2269.0,,41105.0
2015-04,2015/04/01,Região de Saúde Norte,"Hospital Santa Maria Maior, EPE","41.5324234, -8.6171561",15953.0,6638.0,,,22591.0
2015-04,2015/04/01,Região de Saúde Norte,"Unidade Local de Saúde de Matosinhos, EPE","41.1794456, -8.6745115",25317.0,,2603.0,,27920.0
2015-04,2015/04/01,Região de Saúde Norte,"Unidade Local de Saúde do Nordeste, EPE","41.8056532, -6.7888197",37806.0,,,,37806.0
2015-05,2015/05/01,Região de Saúde LVT,"Centro Hospitalar Universitário Lisboa Central, EPE","38.7166948, -9.1371248",58827.0,33539.0,8583.0,2955.0,103904.0
2015-05,2015/05/01,Região de Saúde LVT,"Hospital Distrital de Santarém, EPE","39.2410946, -8.6937515",32068.0,16702.0,3708.0,,52478.0
2015-05,2015/05/01,Região de Saúde Norte,"Centro Hospitalar Universitário do Porto, EPE","41.1472498, -8.6172617",48447.0,,6201.0,,54648.0
2015-06,2015/06/01,Região de Saúde do Alentejo,"Unidade Local de Saúde do Baixo Alentejo, EPE","38.014123, -7.8721227",44454.0,9437.0,1818.0,,55709.0
2015-06,2015/06/01,Região de Saúde LVT,"Hospital de Loures, PPP","38.821455, -9.176296",60498.0,31321.0,7223.0,,99042.0
2015-06,2015/06/01,Região de Saúde LVT,"Hospital Garcia de Orta, EPE","38.6658713, -9.1822554",42108.0,23073.0,8003.0,,73184.0
2015-06,2015/06/01,Região de Saúde Norte,"Centro Hospitalar Trás-os-Montes e Alto Douro, EPE","41.3031784, -7.7515252",76514.0,11114.0,1802.0,,89430.0
2015-06,2015/06/01,Região de Saúde Norte,"Hospital Santa Maria Maior, EPE","41.5324234, -8.6171561",23929.0,9673.0,,,33602.0
2015-07,2015/07/01,Região de Saúde do Alentejo,"Unidade Local de Saúde do Baixo Alentejo, EPE","38.014123, -7.8721227",51591.0,10661.0,2149.0,,64401.0
2015-07,2015/07/01,Região de Saúde do Centro,"Centro Hospitalar Tondela-Viseu, EPE","40.516364, -8.0827433",74909.0,22220.0,9020.0,,106149.0
2015-07,2015/07/01,Região de Saúde LVT,"Centro Hospitalar Barreiro/Montijo, EPE","38.6554005, -9.0592392",57711.0,19944.0,5186.0,,82841.0
2015-07,2015/07/01,Região de Saúde LVT,"Hospital de Vila Franca de Xira, PPP","38.977235, -8.984506",47361.0,20542.0,5013.0,,72916.0
2015-07,2015/07/01,Região de Saúde LVT,"Hospital Garcia de Orta, EPE","38.6658713, -9.1822554",50072.0,26374.0,9413.0,,85859.0
2015-07,2015/07/01,Região de Saúde Norte,"Centro Hospitalar Universitário de São João, EPE","41.1831056, -8.6010558",92856.0,44349.0,8074.0,,145279.0
2015-07,2015/07/01,Região de Saúde Norte,"Centro Hospitalar Universitário do Porto, EPE","41.1472498, -8.6172617",69241.0,,9006.0,,78247.0
2015-07,2015/07/01,Região de Saúde Norte,"Centro Hospitalar Trás-os-Montes e Alto Douro, EPE","41.3031784, -7.7515252",89662.0,12531.0,2252.0,,104445.0
2015-07,2015/07/01,Região de Saúde Norte,"Centro Hospitalar Vila Nova de Gaia/Espinho, EPE","41.1094138, -8.5972617",66984.0,24707.0,6947.0,,98638.0
2015-07,2015/07/01,Região de Saúde Norte,"Hospital Santa Maria Maior, EPE","41.5324234, -8.6171561",28094.0,10974.0,,,39068.0
2015-08,2015/08/01,Região de Saúde do Alentejo,"Unidade Local de Saúde do Litoral Alentejano, EPE","38.0162314, -8.6956768",65830.0,,,,65830.0
2015-08,2015/08/01,Região de Saúde do Algarve,"Centro Hospitalar Universitário do Algarve,EPE","37.0238973, -7.9281554",178478.0,49661.0,12356.0,0.0,240495.0
2015-08,2015/08/01,Região de Saúde do Centro,"Centro Hospitalar de Leiria, EPE","39.7414812, -8.7982706",95252.0,26682.0,7664.0,,129598.0
2015-08,2015/08/01,Região de Saúde do Centro,"Hospital Distrital da Figueira da Foz, EPE","40.117897, -8.8586755",35624.0,13935.0,,,49559.0
2015-08,2015/08/01,Região de Saúde LVT,"Centro Hospitalar de Setúbal, EPE","38.5283754, -8.8818638",55221.0,27446.0,9151.0,,91818.0
2015-08,2015/08/01,Região de Saúde LVT,"Hospital de Cascais, PPP","38.729006, -9.418267",58039.0,36524.0,11256.0,,105819.0
2015-08,2015/08/01,Região de Saúde Norte,"Centro Hospitalar do Médio Ave, EPE","41.3423984, -8.4802503",58461.0,22181.0,4286.0,,84928.0
2015-08,2015/08/01,Região de Saúde Norte,"Centro Hospitalar Universitário do Porto, EPE","41.1472498, -8.6172617",79649.0,,10541.0,,90190.0
2015-08,2015/08/01,Região de Saúde Norte,"Centro Hospitalar Trás-os-Montes e Alto Douro, EPE","41.3031784, -7.7515252",103626.0,14233.0,2736.0,,120595.0
2015-09,2015/09/01,Região de Saúde do Algarve,"Centro Hospitalar Universitário do Algarve,EPE","37.0238973, -7.9281554",199318.0,54513.0,14164.0,0.0,267995.0
2015-09,2015/09/01,Região de Saúde do Centro,"Centro Hospitalar de Leiria, EPE","39.7414812, -8.7982706",106622.0,29484.0,8697.0,,144803.0
2015-09,2015/09/01,Região de Saúde Norte,"Centro Hospitalar Universitário do Porto, EPE","41.1472498, -8.6172617",89795.0,,11905.0,,101700.0
2015-09,2015/09/01,Região de Saúde Norte,"Unidade Local de Saúde de Matosinhos, EPE","41.1794456, -8.6745115",58200.0,,6264.0,,64464.0
2015-09,2015/09/01,Região de Saúde Norte,"Unidade Local de Saúde do Nordeste, EPE","41.8056532, -6.7888197",81246.0,,,,81246.0
2015-10,2015/10/01,Região de Saúde do Centro,"Unidade Local de Saúde de Castelo Branco, EPE","39.8212263, -7.4981271",41094.0,10534.0,1384.0,,53012.0
2015-10,2015/10/01,Região de Saúde LVT,"Centro Hospitalar Universitário Lisboa Central, EPE","38.7166948, -9.1371248",121199.0,61272.0,17827.0,6070.0,206368.0
2015-10,2015/10/01,Região de Saúde LVT,"Hospital de Cascais, PPP","38.729006, -9.418267",72420.0,45910.0,14056.0,,132386.0
2015-10,2015/10/01,Região de Saúde LVT,"Hospital Distrital de Santarém, EPE","39.2410946, -8.6937515",67848.0,30479.0,5917.0,,104244.0
2015-10,2015/10/01,Região de Saúde Norte,"Centro Hospitalar Vila Nova de Gaia/Espinho, EPE","41.1094138, -8.5972617",96358.0,33492.0,10246.0,,140096.0
2015-10,2015/10/01,Região de Saúde Norte,"Hospital Santa Maria Maior, EPE","41.5324234, -8.6171561",40147.0,14748.0,,,54895.0
2015-10,2015/10/01,Região de Saúde Norte,"Unidade Local de Saúde do Alto Minho, EPE","41.7056054, -8.8252713",111527.0,19027.0,4055.0,,134609.0
2015-10,2015/10/01,Região de Saúde Norte,"Unidade Local de Saúde do Nordeste, EPE","41.8056532, -6.7888197",90075.0,,,,90075.0
2015-11,2015/11/01,Região de Saúde LVT,"Centro Hospitalar do Oeste, EPE","39.4054629, -9.1258493",106086.0,45964.0,9620.0,,161670.0
2015-11,2015/11/01,Região de Saúde Norte,"Centro Hospitalar Universitário do Porto, EPE","41.1472498, -8.6172617",110172.0,,14537.0,,124709.0
2015-11,2015/11/01,Região de Saúde Norte,"Centro Hospitalar Tâmega e Sousa, EPE","41.2494561, -8.264901",136213.0,35814.0,12945.0,,184972.0
2015-11,2015/11/01,Região de Saúde Norte,"Centro Hospitalar Trás-os-Montes e Alto Douro, EPE","41.3031784, -7.7515252",140004.0,18989.0,3953.0,,162946.0
2015-12,2015/12/01,Região de Saúde do Centro,"Centro Hospitalar Tondela-Viseu, EPE","40.516364, -8.0827433",126890.0,37390.0,15920.0,,180200.0
2015-12,2015/12/01,Região de Saúde LVT,"Centro Hospitalar de Lisboa Ocidental, EPE","38.708454, -9.216985",102589.0,33278.0,15355.0,,151222.0
2015-12,2015/12/01,Região de Saúde LVT,"Centro Hospitalar do Oeste, EPE","39.4054629, -9.1258493",115909.0,50478.0,10433.0,,176820.0
2015-12,2015/12/01,Região de Saúde LVT,"Hospital de Vila Franca de Xira, PPP","38.977235, -8.984506",78539.0,41752.0,7392.0,,127683.0
2015-12,2015/12/01,Região de Saúde Norte,"Centro Hospitalar Entre Douro e Vouga, EPE","40.9293884, -8.5458794",129965.0,32208.0,8672.0,,170845.0
2015-12,2015/12/01,Região de Saúde Norte,"Centro Hospitalar Póvoa de Varzim/Vila do Conde, EPE","41.3828711, -8.7589945",73551.0,,,,73551.0
2015-12,2015/12/01,Região de Saúde Norte,"Hospital da Senhora da Oliveira, Guimarães, EPE","41.4387173, -8.3086907",77431.0,38097.0,7556.0,,123084.0
2015-12,2015/12/01,Região de Saúde Norte,"Hospital de Braga, PPP","41.56785, -8.398982",133859.0,46998.0,13550.0,,194407.0
2016-01,2016/01/01,Região de Saúde do Algarve,"Centro Hospitalar Universitário do Algarve,EPE","37.0238973, -7.9281554",20752.0,6676.0,1603.0,0.0,29031.0
2016-01,2016/01/01,Região de Saúde do Centro,"Centro Hospitalar do Baixo Vouga, EPE","40.6362453, -8.6543716",10456.0,4020.0,531.0,,15007.0
2016-01,2016/01/01,Região de Saúde LVT,"Centro Hospitalar Barreiro/Montijo, EPE","38.6554005, -9.0592392",8437.0,3426.0,682.0,,12545.0
2016-01,2016/01/01,Região de Saúde LVT,"Hospital de Vila Franca de Xira, PPP","38.977235, -8.984506",7197.0,4717.0,618.0,,12532.0
2016-01,2016/01/01,Região de Saúde Norte,"Centro Hospitalar Tâmega e Sousa, EPE","41.2494561, -8.264901",12771.0,4000.0,1157.0,,17928.0
2016-01,2016/01/01,Região de Saúde Norte,"Centro Hospitalar Vila Nova de Gaia/Espinho, EPE","41.1094138, -8.5972617",9327.0,3912.0,1061.0,,14300.0
2016-01,2016/01/01,Região de Saúde Norte,"Hospital da Senhora da Oliveira, Guimarães, EPE","41.4387173, -8.3086907",6547.0,3590.0,583.0,,10720.0
2016-01,2016/01/01,Região de Saúde Norte,"Hospital de Braga, PPP","41.56785, -8.398982",11315.0,4059.0,1108.0,,16482.0
2016-01,2016/01/01,Região de Saúde Norte,"Unidade Local de Saúde do Nordeste, EPE","41.8056532, -6.7888197",9626.0,,,,9626.0
2016-02,2016/02/01,Região de Saúde do Alentejo,"Unidade Local de Saúde do Baixo Alentejo, EPE","38.014123, -7.8721227",14856.0,3090.0,666.0,,18612.0
2016-02,2016/02/01,Região de Saúde do Alentejo,"Unidade Local de Saúde do Norte Alentejano, EPE","39.3003425, -7.4263845",13816.0,1999.0,211.0,,16026.0
2016-02,2016/02/01,Região de Saúde do Centro,"Centro Hospitalar de Leiria, EPE","39.7414812, -8.7982706",24182.0,8437.0,2081.0,,34700.0
2016-02,2016/02/01,Região de Saúde LVT,"Centro Hospitalar de Setúbal, EPE","38.5283754, -8.8818638",13983.0,7942.0,2238.0,,24163.0
2016-02,2016/02/01,Região de Saúde LVT,"Centro Hospitalar Universitário de Lisboa Norte, EPE","38.7500861, -9.1616116",25718.0,8342.0,2720.0,,36780.0
2016-02,2016/02/01,Região de Saúde LVT,"Hospital Distrital de Santarém, EPE","39.2410946, -8.6937515",13914.0,6912.0,1110.0,,21936.0
2016-02,2016/02/01,Região de Saúde Norte,"Centro Hospitalar Entre Douro e Vouga, EPE","40.9293884, -8.5458794",21564.0,6284.0,1490.0,,29338.0
2016-02,2016/02/01,Região de Saúde Norte,"Unidade Local de Saúde do Alto Minho, EPE","41.7056054, -8.8252713",21291.0,4118.0,743.0,,26152.0
2016-03,2016/03/01,Região de Saúde do Centro,"Hospital Distrital da Figueira da Foz, EPE","40.117897, -8.8586755",13118.0,5743.0,,,18861.0
2016-03,2016/03/01,Região de Saúde LVT,"Centro Hospitalar Universitário Lisboa Central, EPE","38.7166948, -9.1371248",37171.0,21354.0,5278.0,1722.0,65525.0
2016-03,2016/03/01,Região de Saúde LVT,"Centro Hospitalar Médio Tejo, EPE","39.478072, -8.5404429",29510.0,8324.0,678.0,,38512.0
2016-03,2016/03/01,Região de Saúde Norte,"Centro Hospitalar Universitário do Porto, EPE","41.1472498, -8.6172617",30388.0,,3819.0,,34207.0
2016-03,2016/03/01,Região de Saúde Norte,"Centro Hospitalar Entre Douro e Vouga, EPE","40.9293884, -8.5458794",33581.0,9796.0,2257.0,,45634.0
2016-03,2016/03/01,Região de Saúde Norte,"Centro Hospitalar Póvoa de Varzim/Vila do Conde, EPE","41.3828711, -8.7589945",18607.0,,,,18607.0
2016-03,2016/03/01,Região de Saúde Norte,"Hospital Santa Maria Maior, EPE","41.5324234, -8.6171561",12789.0,4987.0,,,17776.0
2016-04,2016/04/01,Região de Saúde do Alentejo,"Unidade Local de Saúde do Baixo Alentejo, EPE","38.014123, -7.8721227",28695.0,6019.0,1356.0,,36070.0
2016-04,2016/04/01,Região de Saúde do Alentejo,"Unidade Local de Saúde do Litoral Alentejano, EPE","38.0162314, -8.6956768",32875.0,,,,32875.0
2016-04,2016/04/01,Região de Saúde do Alentejo,"Unidade Local de Saúde do Norte Alentejano, EPE","39.3003425, -7.4263845",27155.0,3692.0,439.0,,31286.0
2016-04,2016/04/01,Região de Saúde do Algarve,"Centro Hospitalar Universitário do Algarve,EPE","37.0238973, -7.9281554",81828.0,24695.0,6270.0,0.0,112793.0
2016-04,2016/04/01,Região de Saúde do Centro,"Centro Hospitalar Universitário Cova da Beira, EPE","40.2804158, -7.4922407",18959.0,6693.0,411.0,,26063.0
2016-04,2016/04/01,Região de Saúde do Centro,"Centro Hospitalar do Baixo Vouga, EPE","40.6362453, -8.6543716",41963.0,15093.0,2094.0,,59150.0
2016-04,2016/04/01,Região de Saúde LVT,"Centro Hospitalar Universitário Lisboa Central, EPE","38.7166948, -9.1371248",49693.0,28544.0,7004.0,2309.0,87550.0
2016-04,2016/04/01,Região de Saúde LVT,"Centro Hospitalar de Lisboa Ocidental, EPE","38.708454, -9.216985",34957.0,12516.0,5123.0,,52596.0
2016-04,2016/04/01,Região de Saúde LVT,"Centro Hospitalar do Oeste, EPE","39.4054629, -9.1258493",41146.0,17540.0,3455.0,,62141.0
2016-04,2016/04/01,Região de Saúde LVT,"Hospital Distrital de Santarém, EPE","39.2410946, -8.6937515",27957.0,13635.0,2194.0,,43786.0
2016-04,2016/04/01,Região de Saúde LVT,"Hospital Professor Doutor Fernando Fonseca, EPE","38.7422257, -9.2264834",61327.0,21893.0,6560.0,,89780.0
2016-04,2016/04/01,Região de Saúde Norte,"Centro Hospitalar Universitário de São João, EPE","41.1831056, -8.6010558",53856.0,28345.0,4625.0,0.0,86826.0
2016-04,2016/04/01,Região de Saúde Norte,"Centro Hospitalar Vila Nova de Gaia/Espinho, EPE","41.1094138, -8.5972617",38727.0,15505.0,4155.0,,58387.0
2016-04,2016/04/01,Região de Saúde Norte,"Unidade Local de Saúde de Matosinhos, EPE","41.1794456, -8.6745115",25849.0,,3112.0,,28961.0
2016-04,2016/04/01,Região de Saúde Norte,"Unidade Local de Saúde do Alto Minho, EPE","41.7056054, -8.8252713",44370.0,7493.0,1786.0,,53649.0
2016-05,2016/05/01,Região de Saúde do Centro,"Centro Hospitalar Tondela-Viseu, EPE","40.516364, -8.0827433",50327.0,16519.0,6327.0,,73173.0
2016-05,2016/05/01,Região de Saúde LVT,"Centro Hospitalar Barreiro/Montijo, EPE","38.6554005, -9.0592392",42219.0,16041.0,3660.0,,61920.0
2016-05,2016/05/01,Região de Saúde LVT,"Centro Hospitalar de Lisboa Ocidental, EPE","38.708454, -9.216985",44046.0,15895.0,6442.0,,66383.0
2016-05,2016/05/01,Região de Saúde LVT,"Centro Hospitalar de Setúbal, EPE","38.5283754, -8.8818638",35874.0,20336.0,5880.0,,62090.0
2016-05,2016/05/01,Região de Saúde LVT,"Hospital Professor Doutor Fernando Fonseca, EPE","38.7422257, -9.2264834",77350.0,27986.0,8329.0,,113665.0
2016-05,2016/05/01,Região de Saúde Norte,"Centro Hospitalar Universitário de São João, EPE","41.1831056, -8.6010558",68057.0,35708.0,5751.0,0.0,109516.0
2016-06,2016/06/01,Região de Saúde do Alentejo,"Hospital Espírito Santo de Évora, EPE","38.5684861, -7.9032848",26966.0,10997.0,,,37963.0
2016-06,2016/06/01,Região de Saúde do Algarve,"Centro Hospitalar Universitário do Algarve,EPE","37.0238973, -7.9281554",125933.0,37426.0,9870.0,0.0,173229.0
2016-06,2016/06/01,Região de Saúde do Centro,"Centro Hospitalar Universitário Cova da Beira, EPE","40.2804158, -7.4922407",28138.0,9959.0,665.0,,38762.0
2016-06,2016/06/01,Região de Saúde do Centro,"Centro Hospitalar e Universitário de Coimbra, EPE","40.2191523, -8.4098211",98592.0,33407.0,14537.0,,146536.0
2016-06,2016/06/01,Região de Saúde LVT,"Centro Hospitalar Universitário Lisboa Central, EPE","38.7166948, -9.1371248",75411.0,41916.0,10601.0,3563.0,131491.0
2016-06,2016/06/01,Região de Saúde LVT,"Centro Hospitalar de Setúbal, EPE","38.5283754, -8.8818638",43067.0,23598.0,7073.0,,73738.0
2016-06,2016/06/01,Região de Saúde LVT,"Centro Hospitalar do Oeste, EPE","39.4054629, -9.1258493",62298.0,25733.0,5177.0,,93208.0
2016-06,2016/06/01,Região de Saúde LVT,"Centro Hospitalar Médio Tejo, EPE","39.478072, -8.5404429",59053.0,15850.0,1607.0,,76510.0
2016-06,2016/06/01,Região de Saúde LVT,"Hospital Distrital de Santarém, EPE","39.2410946, -8.6937515",42304.0,20599.0,3336.0,,66239.0
2016-06,2016/06/01,Região de Saúde Norte,"Centro Hospitalar Trás-os-Montes e Alto Douro, EPE","41.3031784, -7.7515252",76524.0,11873.0,2283.0,,90680.0
2016-07,2016/07/01,Região de Saúde do Alentejo,"Unidade Local de Saúde do Baixo Alentejo, EPE","38.014123, -7.8721227",49907.0,10752.0,2350.0,,63009.0
2016-07,2016/07/01,Região de Saúde do Alentejo,"Unidade Local de Saúde do Norte Alentejano, EPE","39.3003425, -7.4263845",47629.0,6244.0,872.0,,54745.0
2016-07,2016/07/01,Região de Saúde do Centro,"Centro Hospitalar do Baixo Vouga, EPE","40.6362453, -8.6543716",74383.0,24728.0,3849.0,,102960.0
2016-07,2016/07/01,Região de Saúde do Centro,"Centro Hospitalar e Universitário de Coimbra, EPE","40.2191523, -8.4098211",116022.0,38126.0,17015.0,,171163.0
2016-07,2016/07/01,Região de Saúde LVT,"Centro Hospitalar Barreiro/Montijo, EPE","38.6554005, -9.0592392",58787.0,21097.0,5114.0,,84998.0
2016-07,2016/07/01,Região de Saúde LVT,"Hospital de Cascais, PPP","38.729006, -9.418267",52855.0,36016.0,8768.0,,97639.0
2016-07,2016/07/01,Região de Saúde Norte,"Centro Hospitalar Entre Douro e Vouga, EPE","40.9293884, -8.5458794",78728.0,21281.0,5238.0,,105247.0
2016-07,2016/07/01,Região de Saúde Norte,"Hospital Santa Maria Maior, EPE","41.5324234, -8.6171561",30729.0,10514.0,,,41243.0
2016-07,2016/07/01,Região de Saúde Norte,"Unidade Local de Saúde do Alto Minho, EPE","41.7056054, -8.8252713",79724.0,11886.0,3610.0,,95220.0
2016-08,2016/08/01,Região de Saúde do Centro,"Hospital Distrital da Figueira da Foz, EPE","40.117897, -8.8586755",36494.0,14089.0,,,50583.0
2016-08,2016/08/01,Região de Saúde LVT,"Centro Hospitalar de Setúbal, EPE","38.5283754, -8.8818638",58576.0,29223.0,9593.0,,97392.0
2016-08,2016/08/01,Região de Saúde Norte,"Centro Hospitalar Universitário do Porto, EPE","41.1472498, -8.6172617",85006.0,,10978.0,,95984.0
2016-08,2016/08/01,Região de Saúde Norte,"Centro Hospitalar Tâmega e Sousa, EPE","41.2494561, -8.264901",104611.0,27500.0,9573.0,,141684.0
2016-08,2016/08/01,Região de Saúde Norte,"Centro Hospitalar Vila Nova de Gaia/Espinho, EPE","41.1094138, -8.5972617",81441.0,28069.0,8479.0,,117989.0
2016-08,2016/08/01,Região de Saúde Norte,"Hospital Santa Maria Maior, EPE","41.5324234, -8.6171561",35368.0,11402.0,,,46770.0
2016-08,2016/08/01,Região de Saúde Norte,"Unidade Local de Saúde do Nordeste, EPE","41.8056532, -6.7888197",77082.0,,,,77082.0
2016-09,2016/09/01,Região de Saúde do Alentejo,"Unidade Local de Saúde do Norte Alentejano, EPE","39.3003425, -7.4263845",61213.0,7547.0,1157.0,,69917.0
2016-09,2016/09/01,Região de Saúde do Algarve,"Centro Hospitalar Universitário do Algarve,EPE","37.0238973, -7.9281554",203639.0,54789.0,15570.0,0.0,273998.0
2016-09,2016/09/01,Região de Saúde do Centro,"Centro Hospitalar Universitário Cova da Beira, EPE","40.2804158, -7.4922407",42743.0,13420.0,1064.0,,57227.0
2016-09,2016/09/01,Região de Saúde do Centro,"Centro Hospitalar Tondela-Viseu, EPE","40.516364, -8.0827433",92341.0,26477.0,11578.0,,130396.0
2016-09,2016/09/01,Região de Saúde LVT,"Centro Hospitalar Universitário de Lisboa Norte, EPE","38.7500861, -9.1616116",121776.0,33680.0,12076.0,,167532.0
2016-09,2016/09/01,Região de Saúde Norte,"Centro Hospitalar Universitário de São João, EPE","41.1831056, -8.6010558",126085.0,57916.0,10681.0,,194682.0
2016-09,2016/09/01,Região de Saúde Norte,"Centro Hospitalar Vila Nova de Gaia/Espinho, EPE","41.1094138, -8.5972617",91295.0,31067.0,9495.0,,131857.0
2016-09,2016/09/01,Região de Saúde Norte,"Hospital Santa Maria Maior, EPE","41.5324234, -8.6171561",39704.0,12429.0,,,52133.0
2016-10,2016/10/01,Região de Saúde do Centro,"Centro Hospitalar e Universitário de Coimbra, EPE","40.2191523, -8.4098211",166685.0,52211.0,24765.0,,243661.0
2016-10,2016/10/01,Região de Saúde do Centro,"Unidade Local de Saúde de Castelo Branco, EPE","39.8212263, -7.4981271",43220.0,11047.0,1444.0,,55711.0
2016-10,2016/10/01,Região de Saúde LVT,"Centro Hospitalar Universitário Lisboa Central, EPE","38.7166948, -9.1371248",126307.0,64013.0,18334.0,6056.0,214710.0
2016-10,2016/10/01,Região de Saúde LVT,"Centro Hospitalar do Oeste, EPE","39.4054629, -9.1258493",107717.0,38839.0,8733.0,,155289.0
2016-10,2016/10/01,Região de Saúde LVT,"Hospital de Loures, PPP","38.821455, -9.176296",103544.0,52225.0,13415.0,,169184.0
2016-10,2016/10/01,Região de Saúde LVT,"Hospital Professor Doutor Fernando Fonseca, EPE","38.7422257, -9.2264834",159428.0,50138.0,16824.0,,226390.0
2016-10,2016/10/01,Região de Saúde LVT,"Hospital Garcia de Orta, EPE","38.6658713, -9.1822554",80695.0,40040.0,14432.0,,135167.0
2016-10,2016/10/01,Região de Saúde Norte,"Centro Hospitalar do Médio Ave, EPE","41.3423984, -8.4802503",74971.0,26828.0,5385.0,,107184.0
2016-10,2016/10/01,Região de Saúde Norte,"Hospital da Senhora da Oliveira, Guimarães, EPE","41.4387173, -8.3086907",72634.0,25873.0,8165.0,,106672.0
2016-11,2016/11/01,Região de Saúde do Alentejo,"Unidade Local de Saúde do Norte Alentejano, EPE","39.3003425, -7.4263845",74402.0,9288.0,1349.0,,85039.0
2016-11,2016/11/01,Região de Saúde do Centro,"Hospital Distrital da Figueira da Foz, EPE","40.117897, -8.8586755",49419.0,18760.0,,,68179.0
2016-11,2016/11/01,Região de Saúde LVT,"Centro Hospitalar Universitário de Lisboa Norte, EPE","38.7500861, -9.1616116",150426.0,41950.0,14813.0,,207189.0
2016-11,2016/11/01,Região de Saúde LVT,"Hospital Distrital de Santarém, EPE","39.2410946, -8.6937515",78262.0,35407.0,6303.0,,119972.0
2016-12,2016/12/01,Região de Saúde do Alentejo,"Unidade Local de Saúde do Litoral Alentejano, EPE","38.0162314, -8.6956768",100208.0,,,,100208.0
2016-12,2016/12/01,Região de Saúde do Centro,"Centro Hospitalar de Leiria, EPE","39.7414812, -8.7982706",149037.0,43453.0,11994.0,,204484.0
2016-12,2016/12/01,Região de Saúde LVT,"Hospital Distrital de Santarém, EPE","39.2410946, -8.6937515",86164.0,39555.0,6916.0,,132635.0
2016-12,2016/12/01,Região de Saúde Norte,"Hospital da Senhora da Oliveira, Guimarães, EPE","41.4387173, -8.3086907",87344.0,32068.0,9706.0,,129118.0
2017-01,2017/01/01,Região de Saúde LVT,"Centro Hospitalar de Lisboa Ocidental, EPE","38.708454, -9.216985",8872.0,2880.0,1269.0,,13021.0
2017-01,2017/01/01,Região de Saúde LVT,"Hospital de Cascais, PPP","38.729006, -9.418267",7065.0,4897.0,1140.0,,13102.0
2017-01,2017/01/01,Região de Saúde LVT,"Hospital de Loures, PPP","38.821455, -9.176296",10125.0,5609.0,1251.0,,16985.0
2017-01,2017/01/01,Região de Saúde LVT,"Hospital de Vila Franca de Xira, PPP","38.977235, -8.984506",7116.0,4372.0,627.0,,12115.0
2017-01,2017/01/01,Região de Saúde Norte,"Unidade Local de Saúde de Matosinhos, EPE","41.1794456, -8.6745115",6416.0,,776.0,,7192.0
2017-02,2017/02/01,Região de Saúde do Alentejo,"Hospital Espírito Santo de Évora, EPE","38.5684861, -7.9032848",8516.0,3550.0,,,12066.0
2017-02,2017/02/01,Região de Saúde do Centro,"Centro Hospitalar Tondela-Viseu, EPE","40.516364, -8.0827433",18418.0,6288.0,2310.0,,27016.0
2017-02,2017/02/01,Região de Saúde do Centro,"Unidade Local de Saúde da Guarda, EPE","40.5309916, -7.2734793",14112.0,2505.0,599.0,,17216.0
2017-02,2017/02/01,Região de Saúde LVT,"Centro Hospitalar Barreiro/Montijo, EPE","38.6554005, -9.0592392",16069.0,5909.0,1441.0,,23419.0
2017-02,2017/02/01,Região de Saúde LVT,"Centro Hospitalar Universitário Lisboa Central, EPE","38.7166948, -9.1371248",22614.0,13004.0,3469.0,1073.0,40160.0
2017-02,2017/02/01,Região de Saúde Norte,"Unidade Local de Saúde do Nordeste, EPE","41.8056532, -6.7888197",18611.0,,,,18611.0
2017-03,2017/03/01,Região de Saúde do Centro,"Centro Hospitalar de Leiria, EPE","39.7414812, -8.7982706",35692.0,9806.0,2978.0,,48476.0
2017-03,2017/03/01,Região de Saúde do Centro,"Unidade Local de Saúde da Guarda, EPE","40.5309916, -7.2734793",20899.0,3748.0,986.0,,25633.0
2017-03,2017/03/01,Região de Saúde LVT,"Centro Hospitalar Universitário de Lisboa Norte, EPE","38.7500861, -9.1616116",41892.0,11764.0,4276.0,,57932.0
2017-03,2017/03/01,Região de Saúde Norte,"Centro Hospitalar Póvoa de Varzim/Vila do Conde, EPE","41.3828711, -8.7589945",18151.0,,,,18151.0
2017-04,2017/04/01,Região de Saúde do Centro,"Centro Hospitalar Universitário Cova da Beira, EPE","40.2804158, -7.4922407",15714.0,5497.0,1141.0,,22352.0
2017-04,2017/04/01,Região de Saúde do Centro,"Centro Hospitalar do Baixo Vouga, EPE","40.6362453, -8.6543716",38995.0,12651.0,2116.0,,53762.0
2017-04,2017/04/01,Região de Saúde do Centro,"Centro Hospitalar e Universitário de Coimbra, EPE","40.2191523, -8.4098211",63738.0,21147.0,9567.0,,94452.0
2017-04,2017/04/01,Região de Saúde LVT,"Centro Hospitalar de Setúbal, EPE","38.5283754, -8.8818638",28108.0,14408.0,4282.0,,46798.0
2017-04,2017/04/01,Região de Saúde LVT,"Hospital Professor Doutor Fernando Fonseca, EPE","38.7422257, -9.2264834",59325.0,19807.0,6384.0,,85516.0
2017-04,2017/04/01,Região de Saúde Norte,"Centro Hospitalar Vila Nova de Gaia/Espinho, EPE","41.1094138, -8.5972617",38702.0,14514.0,4108.0,,57324.0
2017-05,2017/05/01,Região de Saúde do Alentejo,"Unidade Local de Saúde do Litoral Alentejano, EPE","38.0162314, -8.6956768",36701.0,,,,36701.0
2017-05,2017/05/01,Região de Saúde do Centro,"Centro Hospitalar Tondela-Viseu, EPE","40.516364, -8.0827433",46605.0,14936.0,5940.0,,67481.0
2017-05,2017/05/01,Região de Saúde do Centro,"Hospital Distrital da Figueira da Foz, EPE","40.117897, -8.8586755",21641.0,8458.0,,,30099.0
2017-05,2017/05/01,Região de Saúde LVT,"Centro Hospitalar Barreiro/Montijo, EPE","38.6554005, -9.0592392",42419.0,14765.0,3802.0,,60986.0
2017-05,2017/05/01,Região de Saúde LVT,"Centro Hospitalar de Lisboa Ocidental, EPE","38.708454, -9.216985",43242.0,14457.0,6644.0,,64343.0
2017-05,2017/05/01,Região de Saúde LVT,"Hospital de Loures, PPP","38.821455, -9.176296",50668.0,27241.0,6759.0,,84668.0
2017-05,2017/05/01,Região de Saúde LVT,"Hospital de Vila Franca de Xira, PPP","38.977235, -8.984506",35791.0,19987.0,3278.0,,59056.0
2017-05,2017/05/01,Região de Saúde LVT,"Hospital Distrital de Santarém, EPE","39.2410946, -8.6937515",34338.0,16476.0,2544.0,,53358.0
2017-05,2017/05/01,Região de Saúde LVT,"Hospital Garcia de Orta, EPE","38.6658713, -9.1822554",40167.0,21091.0,7137.0,,68395.0
2017-05,2017/05/01,Região de Saúde Norte,"Centro Hospitalar Póvoa de Varzim/Vila do Conde, EPE","41.3828711, -8.7589945",30077.0,,,,30077.0
2017-05,2017/05/01,Região de Saúde Norte,"Hospital Santa Maria Maior, EPE","41.5324234, -8.6171561",20035.0,6889.0,,,26924.0
2017-06,2017/06/01,Região de Saúde do Centro,"Centro Hospitalar e Universitário de Coimbra, EPE","40.2191523, -8.4098211",97030.0,31943.0,14660.0,,143633.0
2017-06,2017/06/01,Região de Saúde LVT,"Centro Hospitalar Universitário Lisboa Central, EPE","38.7166948, -9.1371248",71569.0,38439.0,10989.0,3392.0,124389.0
2017-06,2017/06/01,Região de Saúde LVT,"Centro Hospitalar do Oeste, EPE","39.4054629, -9.1258493",61755.0,24272.0,4942.0,,90969.0
2017-06,2017/06/01,Região de Saúde Norte,"Centro Hospitalar Póvoa de Varzim/Vila do Conde, EPE","41.3828711, -8.7589945",36131.0,,,,36131.0
2017-06,2017/06/01,Região de Saúde Norte,"Unidade Local de Saúde do Alto Minho, EPE","41.7056054, -8.8252713",67023.0,9150.0,3212.0,,79385.0
2017-06,2017/06/01,Região de Saúde Norte,"Unidade Local de Saúde do Nordeste, EPE","41.8056532, -6.7888197",53460.0,,,,53460.0
2017-07,2017/07/01,Região de Saúde do Alentejo,"Hospital Espírito Santo de Évora, EPE","38.5684861, -7.9032848",31261.0,11679.0,,,42940.0
2017-07,2017/07/01,Região de Saúde do Centro,"Centro Hospitalar do Baixo Vouga, EPE","40.6362453, -8.6543716",70558.0,21598.0,3888.0,,96044.0
2017-07,2017/07/01,Região de Saúde LVT,"Centro Hospitalar Barreiro/Montijo, EPE","38.6554005, -9.0592392",59907.0,19624.0,5387.0,,84918.0
2017-07,2017/07/01,Região de Saúde LVT,"Centro Hospitalar de Setúbal, EPE","38.5283754, -8.8818638",51007.0,24323.0,7701.0,,83031.0
2017-07,2017/07/01,Região de Saúde LVT,"Centro Hospitalar do Oeste, EPE","39.4054629, -9.1258493",72660.0,27458.0,5700.0,,105818.0
2017-07,2017/07/01,Região de Saúde LVT,"Centro Hospitalar Universitário de Lisboa Norte, EPE","38.7500861, -9.1616116",101384.0,26567.0,10259.0,,138210.0
2017-07,2017/07/01,Região de Saúde LVT,"Hospital de Cascais, PPP","38.729006, -9.418267",52487.0,33760.0,8646.0,,94893.0
2017-07,2017/07/01,Região de Saúde Norte,"Centro Hospitalar do Médio Ave, EPE","41.3423984, -8.4802503",53636.0,18729.0,4114.0,,76479.0
2017-07,2017/07/01,Região de Saúde Norte,"Unidade Local de Saúde de Matosinhos, EPE","41.1794456, -8.6745115",46500.0,,5608.0,,52108.0
2017-07,2017/07/01,Região de Saúde Norte,"Unidade Local de Saúde do Alto Minho, EPE","41.7056054, -8.8252713",78535.0,10454.0,3877.0,,92866.0
2017-07,2017/07/01,Região de Saúde Norte,"Unidade Local de Saúde do Nordeste, EPE","41.8056532, -6.7888197",62372.0,,,,62372.0
2017-08,2017/08/01,Região de Saúde do Alentejo,"Unidade Local de Saúde do Norte Alentejano, EPE","39.3003425, -7.4263845",51834.0,6029.0,917.0,,58780.0
2017-08,2017/08/01,Região de Saúde do Algarve,"Centro Hospitalar Universitário do Algarve,EPE","37.0238973, -7.9281554",176630.0,45754.0,13638.0,0.0,236022.0
2017-08,2017/08/01,Região de Saúde do Centro,"Centro Hospitalar Tondela-Viseu, EPE","40.516364, -8.0827433",76182.0,22475.0,9723.0,,108380.0
2017-08,2017/08/01,Região de Saúde do Centro,"Hospital Distrital da Figueira da Foz, EPE","40.117897, -8.8586755",36105.0,13061.0,,,49166.0
2017-08,2017/08/01,Região de Saúde LVT,"Centro Hospitalar Médio Tejo, EPE","39.478072, -8.5404429",78284.0,17287.0,1596.0,,97167.0
2017-08,2017/08/01,Região de Saúde LVT,"Hospital de Loures, PPP","38.821455, -9.176296",81696.0,39890.0,11089.0,,132675.0
2017-08,2017/08/01,Região de Saúde LVT,"Hospital Garcia de Orta, EPE","38.6658713, -9.1822554",66080.0,31414.0,11664.0,,109158.0
2017-08,2017/08/01,Região de Saúde Norte,"Centro Hospitalar Universitário de São João, EPE","41.1831056, -8.6010558",111609.0,49261.0,9426.0,,170296.0
2017-08,2017/08/01,Região de Saúde Norte,"Centro Hospitalar do Médio Ave, EPE","41.3423984, -8.4802503",61611.0,20625.0,4742.0,,86978.0
2017-08,2017/08/01,Região de Saúde Norte,"Centro Hospitalar Entre Douro e Vouga, EPE","40.9293884, -8.5458794",109988.0,20543.0,5949.0,,136480.0
2017-08,2017/08/01,Região de Saúde Norte,"Centro Hospitalar Póvoa de Varzim/Vila do Conde, EPE","41.3828711, -8.7589945",48329.0,,,,48329.0
2017-08,2017/08/01,Região de Saúde Norte,"Centro Hospitalar Tâmega e Sousa, EPE","41.2494561, -8.264901",96947.0,24942.0,9572.0,,131461.0
2017-08,2017/08/01,Região de Saúde Norte,"Centro Hospitalar Trás-os-Montes e Alto Douro, EPE","41.3031784, -7.7515252",101004.0,13635.0,3179.0,,117818.0
2017-08,2017/08/01,Região de Saúde Norte,"Unidade Local de Saúde do Alto Minho, EPE","41.7056054, -8.8252713",91475.0,11701.0,4593.0,,107769.0
2017-09,2017/09/01,Região de Saúde do Algarve,"Centro Hospitalar Universitário do Algarve,EPE","37.0238973, -7.9281554",198754.0,50951.0,15382.0,0.0,265087.0
2017-09,2017/09/01,Região de Saúde do Centro,"Centro Hospitalar de Leiria, EPE","39.7414812, -8.7982706",111325.0,25932.0,9411.0,,146668.0
2017-09,2017/09/01,Região de Saúde do Centro,"Hospital Distrital da Figueira da Foz, EPE","40.117897, -8.8586755",40313.0,14436.0,,,54749.0
2017-09,2017/09/01,Região de Saúde LVT,"Hospital Distrital de Santarém, EPE","39.2410946, -8.6937515",63891.0,27037.0,4280.0,,95208.0
2017-09,2017/09/01,Região de Saúde Norte,"Centro Hospitalar Entre Douro e Vouga, EPE","40.9293884, -8.5458794",123099.0,22584.0,6685.0,,152368.0
2017-09,2017/09/01,Região de Saúde Norte,"Hospital Santa Maria Maior, EPE","41.5324234, -8.6171561",36948.0,11285.0,,,48233.0
2017-10,2017/10/01,Região de Saúde do Centro,"Centro Hospitalar Universitário Cova da Beira, EPE","40.2804158, -7.4922407",41310.0,12772.0,3552.0,,57634.0
2017-10,2017/10/01,Região de Saúde do Centro,"Centro Hospitalar do Baixo Vouga, EPE","40.6362453, -8.6543716",101763.0,30337.0,5723.0,,137823.0
2017-10,2017/10/01,Região de Saúde do Centro,"Hospital Distrital da Figueira da Foz, EPE","40.117897, -8.8586755",44688.0,16285.0,,,60973.0
2017-10,2017/10/01,Região de Saúde do Centro,"Unidade Local de Saúde de Castelo Branco, EPE","39.8212263, -7.4981271",43489.0,8879.0,1416.0,,53784.0
2017-10,2017/10/01,Região de Saúde LVT,"Centro Hospitalar Barreiro/Montijo, EPE","38.6554005, -9.0592392",86620.0,27532.0,7756.0,,121908.0
2017-10,2017/10/01,Região de Saúde LVT,"Hospital de Loures, PPP","38.821455, -9.176296",103034.0,50437.0,14224.0,,167695.0
2017-11,2017/11/01,Região de Saúde do Centro,"Centro Hospitalar Universitário Cova da Beira, EPE","40.2804158, -7.4922407",45510.0,14096.0,3938.0,,63544.0
2017-11,2017/11/01,Região de Saúde do Centro,"Centro Hospitalar Tondela-Viseu, EPE","40.516364, -8.0827433",104844.0,30990.0,13572.0,,149406.0
2017-11,2017/11/01,Região de Saúde do Centro,"Hospital Distrital da Figueira da Foz, EPE","40.117897, -8.8586755",48912.0,18207.0,,,67119.0
2017-11,2017/11/01,Região de Saúde do Centro,"Unidade Local de Saúde de Castelo Branco, EPE","39.8212263, -7.4981271",47840.0,9584.0,1605.0,,59029.0
2017-11,2017/11/01,Região de Saúde LVT,"Centro Hospitalar Universitário Lisboa Central, EPE","38.7166948, -9.1371248",132761.0,67814.0,20299.0,6204.0,227078.0
2017-11,2017/11/01,Região de Saúde LVT,"Hospital de Vila Franca de Xira, PPP","38.977235, -8.984506",80498.0,41828.0,7702.0,,130028.0
2017-11,2017/11/01,Região de Saúde LVT,"Hospital Distrital de Santarém, EPE","39.2410946, -8.6937515",78155.0,34157.0,5454.0,,117766.0
2017-11,2017/11/01,Região de Saúde Norte,"Centro Hospitalar Entre Douro e Vouga, EPE","40.9293884, -8.5458794",151834.0,28555.0,8308.0,,188697.0
2017-11,2017/11/01,Região de Saúde Norte,"Unidade Local de Saúde de Matosinhos, EPE","41.1794456, -8.6745115",73761.0,,9042.0,,82803.0
2017-12,2017/12/01,Região de Saúde do Alentejo,"Unidade Local de Saúde do Baixo Alentejo, EPE","38.014123, -7.8721227",84178.0,16401.0,3325.0,,103904.0
2017-12,2017/12/01,Região de Saúde do Alentejo,"Unidade Local de Saúde do Norte Alentejano, EPE","39.3003425, -7.4263845",77881.0,8832.0,1473.0,,88186.0
2017-12,2017/12/01,Região de Saúde do Algarve,"Centro Hospitalar Universitário do Algarve,EPE","37.0238973, -7.9281554",257906.0,68520.0,20294.0,0.0,346720.0
2017-12,2017/12/01,Região de Saúde do Centro,"Centro Hospitalar de Leiria, EPE","39.7414812, -8.7982706",152317.0,36708.0,12661.0,,201686.0
2017-12,2017/12/01,Região de Saúde do Centro,"Centro Hospitalar Tondela-Viseu, EPE","40.516364, -8.0827433",114871.0,34114.0,14767.0,,163752.0
2017-12,2017/12/01,Região de Saúde do Centro,"Unidade Local de Saúde de Castelo Branco, EPE","39.8212263, -7.4981271",52332.0,10466.0,1738.0,,64536.0
2017-12,2017/12/01,Região de Saúde LVT,"Centro Hospitalar de Setúbal, EPE","38.5283754, -8.8818638",89198.0,41891.0,12841.0,,143930.0
2017-12,2017/12/01,Região de Saúde LVT,"Centro Hospitalar Universitário de Lisboa Norte, EPE","38.7500861, -9.1616116",177720.0,45852.0,17862.0,,241434.0
2017-12,2017/12/01,Região de Saúde LVT,"Hospital Distrital de Santarém, EPE","39.2410946, -8.6937515",85440.0,37882.0,5971.0,,129293.0
2017-12,2017/12/01,Região de Saúde LVT,"Hospital Professor Doutor Fernando Fonseca, EPE","38.7422257, -9.2264834",185586.0,58612.0,20517.0,,264715.0
2017-12,2017/12/01,Região de Saúde Norte,"Centro Hospitalar do Médio Ave, EPE","41.3423984, -8.4802503",94094.0,32552.0,7193.0,,133839.0
2017-12,2017/12/01,Região de Saúde Norte,"Centro Hospitalar Entre Douro e Vouga, EPE","40.9293884, -8.5458794",166814.0,31840.0,9078.0,,207732.0
2017-12,2017/12/01,Região de Saúde Norte,"Centro Hospitalar Tâmega e Sousa, EPE","41.2494561, -8.264901",145894.0,39844.0,14474.0,,200212.0
2017-12,2017/12/01,Região de Saúde Norte,"Unidade Local de Saúde do Nordeste, EPE","41.8056532, -6.7888197",109301.0,,,,109301.0
2018-01,2018/01/01,Região de Saúde do Algarve,"Centro Hospitalar Universitário do Algarve,EPE","37.0238973, -7.9281554",21185.0,7084.0,1679.0,0.0,29948.0
2018-01,2018/01/01,Região de Saúde LVT,"Centro Hospitalar de Lisboa Ocidental, EPE","38.708454, -9.216985",9256.0,3619.0,1268.0,,14143.0
2018-01,2018/01/01,Região de Saúde LVT,"Hospital Professor Doutor Fernando Fonseca, EPE","38.7422257, -9.2264834",16971.0,6295.0,1748.0,,25014.0
2018-01,2018/01/01,Região de Saúde Norte,"Centro Hospitalar Entre Douro e Vouga, EPE","40.9293884, -8.5458794",15296.0,3232.0,792.0,,19320.0
2018-02,2018/02/01,Região de Saúde do Alentejo,"Hospital Espírito Santo de Évora, EPE","38.5684861, -7.9032848",8769.0,3895.0,,,12664.0
2018-02,2018/02/01,Região de Saúde do Alentejo,"Unidade Local de Saúde do Norte Alentejano, EPE","39.3003425, -7.4263845",14377.0,1727.0,235.0,,16339.0
2018-02,2018/02/01,Região de Saúde do Centro,"Hospital Distrital da Figueira da Foz, EPE","40.117897, -8.8586755",8896.0,3950.0,,,12846.0
2018-02,2018/02/01,Região de Saúde LVT,"Centro Hospitalar Barreiro/Montijo, EPE","38.6554005, -9.0592392",18229.0,6520.0,1462.0,,26211.0
2018-02,2018/02/01,Região de Saúde Norte,"Centro Hospitalar Universitário de São João, EPE","41.1831056, -8.6010558",26166.0,13278.0,2313.0,,41757.0
2018-02,2018/02/01,Região de Saúde Norte,"Centro Hospitalar Entre Douro e Vouga, EPE","40.9293884, -8.5458794",29412.0,6089.0,1471.0,,36972.0
2018-02,2018/02/01,Região de Saúde Norte,"Centro Hospitalar Vila Nova de Gaia/Espinho, EPE","41.1094138, -8.5972617",19659.0,7318.0,1810.0,,28787.0
2018-02,2018/02/01,Região de Saúde Norte,"Hospital da Senhora da Oliveira, Guimarães, EPE","41.4387173, -8.3086907",15485.0,5848.0,1581.0,,22914.0
2018-02,2018/02/01,Região de Saúde Norte,"Hospital Santa Maria Maior, EPE","41.5324234, -8.6171561",7862.0,2970.0,,,10832.0
2018-02,2018/02/01,Região de Saúde Norte,"Unidade Local de Saúde de Matosinhos, EPE","41.1794456, -8.6745115",12528.0,,1504.0,,14032.0
2018-03,2018/03/01,Região de Saúde do Algarve,"Centro Hospitalar Universitário do Algarve,EPE","37.0238973, -7.9281554",60791.0,18836.0,4606.0,0.0,84233.0
2018-03,2018/03/01,Região de Saúde do Centro,"Unidade Local de Saúde da Guarda, EPE","40.5309916, -7.2734793",22096.0,4068.0,603.0,,26767.0
2018-03,2018/03/01,Região de Saúde LVT,"Centro Hospitalar Barreiro/Montijo, EPE","38.6554005, -9.0592392",26815.0,9419.0,2258.0,,38492.0
2018-03,2018/03/01,Região de Saúde LVT,"Centro Hospitalar de Lisboa Ocidental, EPE","38.708454, -9.216985",26816.0,9268.0,3685.0,,39769.0
2018-03,2018/03/01,Região de Saúde LVT,"Hospital de Cascais, PPP","38.729006, -9.418267",22947.0,14935.0,3649.0,,41531.0
2018-03,2018/03/01,Região de Saúde Norte,"Centro Hospitalar Tâmega e Sousa, EPE","41.2494561, -8.264901",34732.0,10362.0,3244.0,,48338.0
2018-03,2018/03/01,Região de Saúde Norte,"Hospital da Senhora da Oliveira, Guimarães, EPE","41.4387173, -8.3086907",23557.0,8422.0,2321.0,,34300.0
2018-03,2018/03/01,Região de Saúde Norte,"Unidade Local de Saúde do Nordeste, EPE","41.8056532, -6.7888197",30517.0,,,,30517.0
2018-04,2018/04/01,Região de Saúde do Alentejo,"Hospital Espírito Santo de Évora, EPE","38.5684861, -7.9032848",17642.0,7039.0,,,24681.0
2018-04,2018/04/01,Região de Saúde do Alentejo,"Unidade Local de Saúde do Baixo Alentejo, EPE","38.014123, -7.8721227",28906.0,6090.0,1050.0,,36046.0
2018-04,2018/04/01,Região de Saúde do Centro,"Hospital Distrital da Figueira da Foz, EPE","40.117897, -8.8586755",17472.0,6937.0,,,24409.0
2018-04,2018/04/01,Região de Saúde do Centro,"Unidade Local de Saúde da Guarda, EPE","40.5309916, -7.2734793",28903.0,5261.0,844.0,,35008.0
2018-04,2018/04/01,Região de Saúde LVT,"Centro Hospitalar Médio Tejo, EPE","39.478072, -8.5404429",38294.0,9156.0,875.0,,48325.0
2018-04,2018/04/01,Região de Saúde LVT,"Hospital de Loures, PPP","38.821455, -9.176296",40939.0,21760.0,5626.0,,68325.0
2018-04,2018/04/01,Região de Saúde LVT,"Hospital Distrital de Santarém, EPE","39.2410946, -8.6937515",28447.0,13485.0,2051.0,,43983.0
2018-04,2018/04/01,Região de Saúde Norte,"Centro Hospitalar Entre Douro e Vouga, EPE","40.9293884, -8.5458794",56899.0,10856.0,2944.0,,70699.0
2018-04,2018/04/01,Região de Saúde Norte,"Unidade Local de Saúde do Alto Minho, EPE","41.7056054, -8.8252713",46033.0,7652.0,2241.0,,55926.0
2018-05,2018/05/01,Região de Saúde do Alentejo,"Unidade Local de Saúde do Baixo Alentejo, EPE","38.014123, -7.8721227",36188.0,7681.0,1358.0,,45227.0
2018-05,2018/05/01,Região de Saúde do Alentejo,"Unidade Local de Saúde do Litoral Alentejano, EPE","38.0162314, -8.6956768",40482.0,,,,40482.0
2018-05,2018/05/01,Região de Saúde do Centro,"Centro Hospitalar do Baixo Vouga, EPE","40.6362453, -8.6543716",51867.0,16499.0,2752.0,,71118.0
2018-05,2018/05/01,Região de Saúde do Centro,"Unidade Local de Saúde da Guarda, EPE","40.5309916, -7.2734793",35727.0,6592.0,1036.0,,43355.0
2018-05,2018/05/01,Região de Saúde LVT,"Hospital Professor Doutor Fernando Fonseca, EPE","38.7422257, -9.2264834",78807.0,26082.0,8869.0,,113758.0
2018-05,2018/05/01,Região de Saúde Norte,"Centro Hospitalar do Médio Ave, EPE","41.3423984, -8.4802503",38773.0,15011.0,2847.0,,56631.0
2018-05,2018/05/01,Região de Saúde Norte,"Centro Hospitalar Entre Douro e Vouga, EPE","40.9293884, -8.5458794",71000.0,13515.0,3791.0,,88306.0
2018-05,2018/05/01,Região de Saúde Norte,"Hospital Santa Maria Maior, EPE","41.5324234, -8.6171561",20314.0,6994.0,,,27308.0
2018-06,2018/06/01,Região de Saúde do Alentejo,"Unidade Local de Saúde do Litoral Alentejano, EPE","38.0162314, -8.6956768",47926.0,,,,47926.0
2018-06,2018/06/01,Região de Saúde LVT,"Centro Hospitalar Barreiro/Montijo, EPE","38.6554005, -9.0592392",53213.0,18073.0,4948.0,,76234.0
2018-06,2018/06/01,Região de Saúde LVT,"Hospital Distrital de Santarém, EPE","39.2410946, -8.6937515",42795.0,19556.0,3241.0,,65592.0
2018-06,2018/06/01,Região de Saúde LVT,"Hospital Professor Doutor Fernando Fonseca, EPE","38.7422257, -9.2264834",93939.0,30652.0,10625.0,,135216.0
2018-06,2018/06/01,Região de Saúde Norte,"Hospital da Senhora da Oliveira, Guimarães, EPE","41.4387173, -8.3086907",48269.0,15726.0,5019.0,0.0,69014.0
2018-06,2018/06/01,Região de Saúde Norte,"Unidade Local de Saúde de Matosinhos, EPE","41.1794456, -8.6745115",37812.0,,4765.0,,42577.0
2018-06,2018/06/01,Região de Saúde Norte,"Unidade Local de Saúde do Nordeste, EPE","41.8056532, -6.7888197",57038.0,,,,57038.0
2018-07,2018/07/01,Região de Saúde do Alentejo,"Hospital Espírito Santo de Évora, EPE","38.5684861, -7.9032848",31207.0,12195.0,,,43402.0
2018-07,2018/07/01,Região de Saúde do Alentejo,"Unidade Local de Saúde do Norte Alentejano, EPE","39.3003425, -7.4263845",49269.0,5184.0,837.0,,55290.0
2018-07,2018/07/01,Região de Saúde do Centro,"Centro Hospitalar e Universitário de Coimbra, EPE","40.2191523, -8.4098211",120075.0,37988.0,16594.0,,174657.0
2018-07,2018/07/01,Região de Saúde do Centro,"Unidade Local de Saúde de Castelo Branco, EPE","39.8212263, -7.4981271",30384.0,5670.0,1046.0,,37100.0
2018-07,2018/07/01,Região de Saúde LVT,"Centro Hospitalar do Oeste, EPE","39.4054629, -9.1258493",70308.0,27186.0,5749.0,,103243.0
2018-07,2018/07/01,Região de Saúde LVT,"Centro Hospitalar Universitário de Lisboa Norte, EPE","38.7500861, -9.1616116",106821.0,27199.0,10419.0,,144439.0
2018-07,2018/07/01,Região de Saúde LVT,"Hospital de Cascais, PPP","38.729006, -9.418267",54000.0,32838.0,8577.0,,95415.0
2018-07,2018/07/01,Região de Saúde Norte,"Centro Hospitalar Universitário de São João, EPE","41.1831056, -8.6010558",96883.0,43741.0,8412.0,,149036.0
2018-07,2018/07/01,Região de Saúde Norte,"Centro Hospitalar Universitário do Porto, EPE","41.1472498, -8.6172617",72975.0,,11657.0,,84632.0
2018-07,2018/07/01,Região de Saúde Norte,"Centro Hospitalar Entre Douro e Vouga, EPE","40.9293884, -8.5458794",99297.0,18405.0,5412.0,,123114.0
2018-07,2018/07/01,Região de Saúde Norte,"Hospital da Senhora da Oliveira, Guimarães, EPE","41.4387173, -8.3086907",56867.0,18148.0,5880.0,,80895.0
2018-08,2018/08/01,Região de Saúde do Centro,"Centro Hospitalar Tondela-Viseu, EPE","40.516364, -8.0827433",77906.0,22851.0,10310.0,,111067.0
2018-08,2018/08/01,Região de Saúde do Centro,"Unidade Local de Saúde de Castelo Branco, EPE","39.8212263, -7.4981271",35110.0,6252.0,1234.0,,42596.0
2018-08,2018/08/01,Região de Saúde LVT,"Centro Hospitalar Médio Tejo, EPE","39.478072, -8.5404429",78430.0,16819.0,1900.0,,97149.0
2018-08,2018/08/01,Região de Saúde LVT,"Hospital de Loures, PPP","38.821455, -9.176296",81900.0,39699.0,11832.0,,133431.0
2018-08,2018/08/01,Região de Saúde LVT,"Hospital de Vila Franca de Xira, PPP","38.977235, -8.984506",59270.0,29425.0,6084.0,,94779.0
2018-08,2018/08/01,Região de Saúde Norte,"Centro Hospitalar Universitário do Porto, EPE","41.1472498, -8.6172617",84297.0,,13696.0,,97993.0
2018-08,2018/08/01,Região de Saúde Norte,"Centro Hospitalar Entre Douro e Vouga, EPE","40.9293884, -8.5458794",114346.0,20574.0,6227.0,,141147.0
2018-08,2018/08/01,Região de Saúde Norte,"Centro Hospitalar Trás-os-Montes e Alto Douro, EPE","41.3031784, -7.7515252",103293.0,17796.0,3381.0,,124470.0
2018-08,2018/08/01,Região de Saúde Norte,"Unidade Local de Saúde do Alto Minho, EPE","41.7056054, -8.8252713",94122.0,13273.0,4764.0,,112159.0
2018-09,2018/09/01,Região de Saúde do Alentejo,"Unidade Local de Saúde do Norte Alentejano, EPE","39.3003425, -7.4263845",61665.0,6303.0,1116.0,,69084.0
2018-09,2018/09/01,Região de Saúde do Centro,"Centro Hospitalar Universitário Cova da Beira, EPE","40.2804158, -7.4922407",39373.0,12566.0,2921.0,,54860.0
2018-09,2018/09/01,Região de Saúde do Centro,"Unidade Local de Saúde de Castelo Branco, EPE","39.8212263, -7.4981271",39268.0,6805.0,1398.0,,47471.0
2018-09,2018/09/01,Região de Saúde LVT,"Centro Hospitalar Universitário de Lisboa Norte, EPE","38.7500861, -9.1616116",137934.0,33592.0,13697.0,,185223.0
2018-09,2018/09/01,Região de Saúde LVT,"Hospital de Loures, PPP","38.821455, -9.176296",91609.0,43978.0,13391.0,,148978.0
2018-09,2018/09/01,Região de Saúde LVT,"Hospital Professor Doutor Fernando Fonseca, EPE","38.7422257, -9.2264834",140311.0,42271.0,16017.0,,198599.0
2018-09,2018/09/01,Região de Saúde Norte,"Hospital da Senhora da Oliveira, Guimarães, EPE","41.4387173, -8.3086907",74065.0,21881.0,7639.0,0.0,103585.0
2018-09,2018/09/01,Região de Saúde Norte,"Unidade Local de Saúde de Matosinhos, EPE","41.1794456, -8.6745115",58032.0,,7673.0,,65705.0
2018-10,2018/10/01,Região de Saúde do Alentejo,"Hospital Espírito Santo de Évora, EPE","38.5684861, -7.9032848",45000.0,16750.0,,,61750.0
2018-10,2018/10/01,Região de Saúde do Alentejo,"Unidade Local de Saúde do Baixo Alentejo, EPE","38.014123, -7.8721227",71077.0,14212.0,2853.0,,88142.0
2018-10,2018/10/01,Região de Saúde LVT,"Centro Hospitalar de Lisboa Ocidental, EPE","38.708454, -9.216985",91486.0,26276.0,13810.0,,131572.0
2018-10,2018/10/01,Região de Saúde LVT,"Centro Hospitalar Universitário de Lisboa Norte, EPE","38.7500861, -9.1616116",153441.0,37597.0,15295.0,,206333.0
2018-10,2018/10/01,Região de Saúde LVT,"Hospital Distrital de Santarém, EPE","39.2410946, -8.6937515",72323.0,30668.0,5800.0,,108791.0
2018-10,2018/10/01,Região de Saúde LVT,"Hospital Professor Doutor Fernando Fonseca, EPE","38.7422257, -9.2264834",156028.0,47432.0,17748.0,,221208.0
2018-10,2018/10/01,Região de Saúde Norte,"Centro Hospitalar Vila Nova de Gaia/Espinho, EPE","41.1094138, -8.5972617",105821.0,32484.0,10207.0,,148512.0
2018-11,2018/11/01,Região de Saúde do Alentejo,"Hospital Espírito Santo de Évora, EPE","38.5684861, -7.9032848",49400.0,18439.0,,,67839.0
2018-11,2018/11/01,Região de Saúde do Algarve,"Centro Hospitalar Universitário do Algarve,EPE","37.0238973, -7.9281554",237376.0,65039.0,19116.0,0.0,321531.0
2018-11,2018/11/01,Região de Saúde LVT,"Centro Hospitalar de Lisboa Ocidental, EPE","38.708454, -9.216985",100177.0,29288.0,15087.0,,144552.0
2018-11,2018/11/01,Região de Saúde LVT,"Centro Hospitalar do Oeste, EPE","39.4054629, -9.1258493",111791.0,41562.0,9263.0,,162616.0
2018-11,2018/11/01,Região de Saúde LVT,"Centro Hospitalar Universitário de Lisboa Norte, EPE","38.7500861, -9.1616116",167930.0,41608.0,16750.0,,226288.0
2018-11,2018/11/01,Região de Saúde LVT,"Centro Hospitalar Médio Tejo, EPE","39.478072, -8.5404429",106594.0,23207.0,2663.0,,132464.0
2018-11,2018/11/01,Região de Saúde Norte,"Centro Hospitalar Universitário de São João, EPE","41.1831056, -8.6010558",153124.0,67855.0,13557.0,,234536.0
2018-11,2018/11/01,Região de Saúde Norte,"Centro Hospitalar Vila Nova de Gaia/Espinho, EPE","41.1094138, -8.5972617",115629.0,36104.0,11125.0,,162858.0
2018-11,2018/11/01,Região de Saúde Norte,"Hospital da Senhora da Oliveira, Guimarães, EPE","41.4387173, -8.3086907",90611.0,26959.0,9375.0,,126945.0
2018-12,2018/12/01,Região de Saúde do Centro,"Unidade Local de Saúde de Castelo Branco, EPE","39.8212263, -7.4981271",52053.0,9213.0,1825.0,,63091.0
2018-12,2018/12/01,Região de Saúde LVT,"Centro Hospitalar Barreiro/Montijo, EPE","38.6554005, -9.0592392",106308.0,35399.0,10415.0,,152122.0
2018-12,2018/12/01,Região de Saúde LVT,"Centro Hospitalar Universitário Lisboa Central, EPE","38.7166948, -9.1371248",143163.0,75733.0,21604.0,6553.0,247053.0
2018-12,2018/12/01,Região de Saúde LVT,"Centro Hospitalar de Lisboa Ocidental, EPE","38.708454, -9.216985",109463.0,32717.0,16438.0,,158618.0
2018-12,2018/12/01,Região de Saúde LVT,"Centro Hospitalar do Oeste, EPE","39.4054629, -9.1258493",121762.0,45869.0,10023.0,,177654.0
2019-01,2019/01/01,Região de Saúde do Centro,"Centro Hospitalar Tondela-Viseu, EPE","40.516364, -8.0827433",9599.0,3591.0,1309.0,,14499.0
2019-01,2019/01/01,Região de Saúde LVT,"Centro Hospitalar de Setúbal, EPE","38.5283754, -8.8818638",7579.0,4091.0,1087.0,,12757.0
2019-01,2019/01/01,Região de Saúde LVT,"Centro Hospitalar do Oeste, EPE","39.4054629, -9.1258493",10776.0,5195.0,836.0,,16807.0
2019-01,2019/01/01,Região de Saúde LVT,"Hospital de Loures, PPP","38.821455, -9.176296",10296.0,6071.0,1455.0,,17822.0
2019-01,2019/01/01,Região de Saúde Norte,"Centro Hospitalar do Médio Ave, EPE","41.3423984, -8.4802503",8004.0,3215.0,560.0,,11779.0
2019-02,2019/02/01,Região de Saúde do Centro,"Centro Hospitalar Universitário Cova da Beira, EPE","40.2804158, -7.4922407",8464.0,3199.0,554.0,,12217.0
2019-02,2019/02/01,Região de Saúde do Centro,"Centro Hospitalar de Leiria, EPE","39.7414812, -8.7982706",22806.0,6414.0,2022.0,,31242.0
2019-02,2019/02/01,Região de Saúde do Centro,"Unidade Local de Saúde da Guarda, EPE","40.5309916, -7.2734793",13896.0,2968.0,600.0,,17464.0
2019-02,2019/02/01,Região de Saúde LVT,"Centro Hospitalar de Lisboa Ocidental, EPE","38.708454, -9.216985",18803.0,6154.0,2520.0,,27477.0
2019-02,2019/02/01,Região de Saúde LVT,"Hospital de Loures, PPP","38.821455, -9.176296",19841.0,11402.0,2779.0,,34022.0
2019-02,2019/02/01,Região de Saúde LVT,"Hospital Professor Doutor Fernando Fonseca, EPE","38.7422257, -9.2264834",30017.0,10655.0,3329.0,,44001.0
2019-02,2019/02/01,Região de Saúde LVT,"Hospital Garcia de Orta, EPE","38.6658713, -9.1822554",16559.0,8382.0,2827.0,,27768.0
2019-02,2019/02/01,Região de Saúde Norte,"Centro Hospitalar Póvoa de Varzim/Vila do Conde, EPE","41.3828711, -8.7589945",12667.0,,,,12667.0
2019-03,2019/03/01,Região de Saúde do Centro,"Centro Hospitalar do Baixo Vouga, EPE","40.6362453, -8.6543716",31087.0,10847.0,1660.0,,43594.0
2019-03,2019/03/01,Região de Saúde do Centro,"Centro Hospitalar e Universitário de Coimbra, EPE","40.2191523, -8.4098211",51272.0,17693.0,6138.0,,75103.0
2019-03,2019/03/01,Região de Saúde do Centro,"Hospital Distrital da Figueira da Foz, EPE","40.117897, -8.8586755",13363.0,5099.0,,,18462.0
2019-03,2019/03/01,Região de Saúde Norte,"Centro Hospitalar Universitário de São João, EPE","41.1831056, -8.6010558",39864.0,20646.0,3518.0,,64028.0
2019-03,2019/03/01,Região de Saúde Norte,"Centro Hospitalar Universitário do Porto, EPE","41.1472498, -8.6172617",31565.0,,5271.0,,36836.0
2019-03,2019/03/01,Região de Saúde Norte,"Centro Hospitalar Entre Douro e Vouga, EPE","40.9293884, -8.5458794",43354.0,8910.0,2242.0,,54506.0
2019-03,2019/03/01,Região de Saúde Norte,"Hospital de Braga, PPP","41.56785, -8.398982",38024.0,13550.0,3991.0,,55565.0
2019-03,2019/03/01,Região de Saúde Norte,"Unidade Local de Saúde do Nordeste, EPE","41.8056532, -6.7888197",29057.0,,,,29057.0
2019-04,2019/04/01,Região de Saúde Norte,"Centro Hospitalar Universitário de São João, EPE","41.1831056, -8.6010558",53461.0,25989.0,4745.0,,84195.0
2019-04,2019/04/01,Região de Saúde Norte,"Hospital da Senhora da Oliveira, Guimarães, EPE","41.4387173, -8.3086907",32419.0,10958.0,3169.0,,46546.0
2019-05,2019/05/01,Região de Saúde do Centro,"Unidade Local de Saúde de Castelo Branco, EPE","39.8212263, -7.4981271",21538.0,4891.0,715.0,,27144.0
2019-05,2019/05/01,Região de Saúde LVT,"Centro Hospitalar de Setúbal, EPE","38.5283754, -8.8818638",37919.0,17665.0,5452.0,,61036.0
2019-05,2019/05/01,Região de Saúde LVT,"Centro Hospitalar do Oeste, EPE","39.4054629, -9.1258493",49755.0,20621.0,4178.0,,74554.0
2019-05,2019/05/01,Região de Saúde LVT,"Centro Hospitalar Universitário de Lisboa Norte, EPE","38.7500861, -9.1616116",76536.0,19345.0,7618.0,,103499.0
2019-05,2019/05/01,Região de Saúde Norte,"Centro Hospitalar Trás-os-Montes e Alto Douro, EPE","41.3031784, -7.7515252",61510.0,12581.0,1864.0,,75955.0
2019-05,2019/05/01,Região de Saúde Norte,"Unidade Local de Saúde do Alto Minho, EPE","41.7056054, -8.8252713",56601.0,8978.0,2616.0,,68195.0
2019-05,2019/05/01,Região de Saúde Norte,"Unidade Local de Saúde do Nordeste, EPE","41.8056532, -6.7888197",46756.0,,,,46756.0
2019-06,2019/06/01,Região de Saúde do Alentejo,"Unidade Local de Saúde do Baixo Alentejo, EPE","38.014123, -7.8721227",43429.0,8658.0,1779.0,,53866.0
2019-06,2019/06/01,Região de Saúde do Centro,"Centro Hospitalar do Baixo Vouga, EPE","40.6362453, -8.6543716",62124.0,20073.0,3492.0,,85689.0
2019-06,2019/06/01,Região de Saúde LVT,"Hospital de Cascais, PPP","38.729006, -9.418267",45380.0,26859.0,7192.0,,79431.0
2019-06,2019/06/01,Região de Saúde Norte,"Centro Hospitalar do Médio Ave, EPE","41.3423984, -8.4802503",45956.0,17247.0,3630.0,,66833.0
2019-06,2019/06/01,Região de Saúde Norte,"Centro Hospitalar Universitário do Porto, EPE","41.1472498, -8.6172617",63774.0,,10998.0,,74772.0
2019-06,2019/06/01,Região de Saúde Norte,"Centro Hospitalar Entre Douro e Vouga, EPE","40.9293884, -8.5458794",85559.0,15981.0,4535.0,,106075.0
2019-07,2019/07/01,Região de Saúde do Centro,"Centro Hospitalar Universitário Cova da Beira, EPE","40.2804158, -7.4922407",29890.0,9452.0,2060.0,,41402.0
2019-07,2019/07/01,Região de Saúde do Centro,"Centro Hospitalar do Baixo Vouga, EPE","40.6362453, -8.6543716",73601.0,22791.0,4177.0,,100569.0
2019-07,2019/07/01,Região de Saúde do Centro,"Centro Hospitalar Tondela-Viseu, EPE","40.516364, -8.0827433",64373.0,19180.0,9025.0,,92578.0
2019-07,2019/07/01,Região de Saúde do Centro,"Hospital Distrital da Figueira da Foz, EPE","40.117897, -8.8586755",31462.0,11000.0,,,42462.0
2019-07,2019/07/01,Região de Saúde LVT,"Centro Hospitalar de Lisboa Ocidental, EPE","38.708454, -9.216985",65979.0,18871.0,9189.0,,94039.0
2019-07,2019/07/01,Região de Saúde LVT,"Centro Hospitalar Médio Tejo, EPE","39.478072, -8.5404429",67827.0,16409.0,1634.0,,85870.0
2019-07,2019/07/01,Região de Saúde LVT,"Hospital Professor Doutor Fernando Fonseca, EPE","38.7422257, -9.2264834",104889.0,32968.0,12434.0,,150291.0
2019-07,2019/07/01,Região de Saúde LVT,"Hospital Garcia de Orta, EPE","38.6658713, -9.1822554",60194.0,25819.0,10186.0,,96199.0
2019-07,2019/07/01,Região de Saúde Norte,"Centro Hospitalar Entre Douro e Vouga, EPE","40.9293884, -8.5458794",100642.0,18114.0,5355.0,,124111.0
2019-07,2019/07/01,Região de Saúde Norte,"Centro Hospitalar Trás-os-Montes e Alto Douro, EPE","41.3031784, -7.7515252",86326.0,16546.0,2703.0,,105575.0
2019-08,2019/08/01,Região de Saúde do Alentejo,"Unidade Local de Saúde do Litoral Alentejano, EPE","38.0162314, -8.6956768",63062.0,,,,63062.0
2019-08,2019/08/01,Região de Saúde do Centro,"Centro Hospitalar do Baixo Vouga, EPE","40.6362453, -8.6543716",84612.0,25204.0,4944.0,,114760.0
2019-08,2019/08/01,Região de Saúde do Centro,"Centro Hospitalar Tondela-Viseu, EPE","40.516364, -8.0827433",74394.0,21424.0,10563.0,,106381.0
2019-08,2019/08/01,Região de Saúde do Centro,"Unidade Local de Saúde de Castelo Branco, EPE","39.8212263, -7.4981271",35006.0,7072.0,1114.0,,43192.0
2019-08,2019/08/01,Região de Saúde LVT,"Centro Hospitalar Barreiro/Montijo, EPE","38.6554005, -9.0592392",71752.0,23930.0,7369.0,,103051.0
2019-08,2019/08/01,Região de Saúde LVT,"Centro Hospitalar Universitário Lisboa Central, EPE","38.7166948, -9.1371248",94144.0,48110.0,14264.0,4315.0,160833.0
2019-08,2019/08/01,Região de Saúde LVT,"Centro Hospitalar de Setúbal, EPE","38.5283754, -8.8818638",61551.0,25989.0,9224.0,,96764.0
2019-08,2019/08/01,Região de Saúde LVT,"Centro Hospitalar do Oeste, EPE","39.4054629, -9.1258493",81563.0,29787.0,7053.0,,118403.0
2019-08,2019/08/01,Região de Saúde LVT,"Hospital de Loures, PPP","38.821455, -9.176296",80327.0,38313.0,12123.0,,130763.0
2019-08,2019/08/01,Região de Saúde Norte,"Unidade Local de Saúde do Alto Minho, EPE","41.7056054, -8.8252713",93483.0,12991.0,4435.0,,110909.0
2019-09,2019/09/01,Região de Saúde do Centro,"Centro Hospitalar de Leiria, EPE","39.7414812, -8.7982706",105200.0,24097.0,9845.0,,139142.0
2019-09,2019/09/01,Região de Saúde LVT,"Centro Hospitalar Barreiro/Montijo, EPE","38.6554005, -9.0592392",81036.0,26808.0,8363.0,,116207.0
2019-09,2019/09/01,Região de Saúde LVT,"Centro Hospitalar Universitário de Lisboa Norte, EPE","38.7500861, -9.1616116",139117.0,32426.0,14216.0,,185759.0
2019-09,2019/09/01,Região de Saúde LVT,"Hospital Distrital de Santarém, EPE","39.2410946, -8.6937515",64921.0,27039.0,6184.0,,98144.0
2019-09,2019/09/01,Região de Saúde LVT,"Hospital Garcia de Orta, EPE","38.6658713, -9.1822554",78399.0,32452.0,13489.0,,124340.0
2019-09,2019/09/01,Região de Saúde Norte,"Centro Hospitalar Universitário do Porto, EPE","41.1472498, -8.6172617",97322.0,,17400.0,,114722.0
2019-09,2019/09/01,Região de Saúde Norte,"Centro Hospitalar Póvoa de Varzim/Vila do Conde, EPE","41.3828711, -8.7589945",54063.0,,,,54063.0
2019-09,2019/09/01,Região de Saúde Norte,"Centro Hospitalar Tâmega e Sousa, EPE","41.2494561, -8.264901",107344.0,25314.0,11174.0,,143832.0
2019-10,2019/10/01,Região de Saúde do Centro,"Centro Hospitalar de Leiria, EPE","39.7414812, -8.7982706",117670.0,27331.0,10987.0,,155988.0
2019-10,2019/10/01,Região de Saúde do Centro,"Centro Hospitalar do Baixo Vouga, EPE","40.6362453, -8.6543716",106647.0,31941.0,6393.0,,144981.0
2019-10,2019/10/01,Região de Saúde do Centro,"Unidade Local de Saúde de Castelo Branco, EPE","39.8212263, -7.4981271",44055.0,8836.0,1355.0,,54246.0
2019-10,2019/10/01,Região de Saúde LVT,"Centro Hospitalar Universitário de Lisboa Norte, EPE","38.7500861, -9.1616116",155709.0,36836.0,15875.0,,208420.0
2019-10,2019/10/01,Região de Saúde LVT,"Hospital de Loures, PPP","38.821455, -9.176296",101147.0,48644.0,15420.0,,165211.0
2019-10,2019/10/01,Região de Saúde LVT,"Hospital de Vila Franca de Xira, PPP","38.977235, -8.984506",72751.0,36101.0,8713.0,,117565.0
2019-10,2019/10/01,Região de Saúde LVT,"Hospital Garcia de Orta, EPE","38.6658713, -9.1822554",87416.0,36039.0,15014.0,,138469.0
2019-10,2019/10/01,Região de Saúde Norte,"Centro Hospitalar do Médio Ave, EPE","41.3423984, -8.4802503",76847.0,26747.0,6235.0,,109829.0
2019-10,2019/10/01,Região de Saúde Norte,"Centro Hospitalar Trás-os-Montes e Alto Douro, EPE","41.3031784, -7.7515252",125968.0,22569.0,3982.0,,152519.0
2019-11,2019/11/01,Região de Saúde do Alentejo,"Unidade Local de Saúde do Baixo Alentejo, EPE","38.014123, -7.8721227",78657.0,14427.0,3808.0,,96892.0
2019-11,2019/11/01,Região de Saúde do Centro,"Centro Hospitalar de Leiria, EPE","39.7414812, -8.7982706",129344.0,30876.0,12022.0,,172242.0
2019-11,2019/11/01,Região de Saúde Norte,"Centro Hospitalar Universitário de São João, EPE","41.1831056, -8.6010558",153623.0,68657.0,13706.0,,235986.0
2019-11,2019/11/01,Região de Saúde Norte,"Centro Hospitalar Tâmega e Sousa, EPE","41.2494561, -8.264901",130979.0,32623.0,13652.0,,177254.0
2019-11,2019/11/01,Região de Saúde Norte,"Hospital da Senhora da Oliveira, Guimarães, EPE","41.4387173, -8.3086907",91048.0,26843.0,9622.0,,127513.0
2019-11,2019/11/01,Região de Saúde Norte,"Hospital de Braga, EPE","41.56785, -8.398982",143356.0,44804.0,15534.0,,203694.0
2019-12,2019/12/01,Região de Saúde do Alentejo,"Unidade Local de Saúde do Litoral Alentejano, EPE","38.0162314, -8.6956768",93233.0,,,,93233.0
2019-12,2019/12/01,Região de Saúde do Centro,"Centro Hospitalar Universitário Cova da Beira, EPE","40.2804158, -7.4922407",51164.0,16224.0,3574.0,,70962.0
2019-12,2019/12/01,Região de Saúde do Centro,"Centro Hospitalar e Universitário de Coimbra, EPE","40.2191523, -8.4098211",208407.0,65376.0,25256.0,,299039.0
2019-12,2019/12/01,Região de Saúde LVT,"Centro Hospitalar de Lisboa Ocidental, EPE","38.708454, -9.216985",114240.0,33137.0,15557.0,,162934.0
2019-12,2019/12/01,Região de Saúde LVT,"Centro Hospitalar de Setúbal, EPE","38.5283754, -8.8818638",91968.0,41149.0,13819.0,,146936.0
2019-12,2019/12/01,Região de Saúde LVT,"Centro Hospitalar Médio Tejo, EPE","39.478072, -8.5404429",117459.0,28726.0,3126.0,,149311.0
2019-12,2019/12/01,Região de Saúde Norte,"Centro Hospitalar Universitário do Porto, EPE","41.1472498, -8.6172617",129766.0,,23336.0,,153102.0
2019-12,2019/12/01,Região de Saúde Norte,"Unidade Local de Saúde de Matosinhos, EPE","41.1794456, -8.6745115",78893.0,,10683.0,,89576.0
2020-01,2020/01/01,Região de Saúde do Alentejo,"Unidade Local de Saúde do Litoral Alentejano, EPE","38.0162314, -8.6956768",8395.0,,,,8395.0
2020-01,2020/01/01,Região de Saúde do Centro,"Centro Hospitalar do Baixo Vouga, EPE","40.6362453, -8.6543716",11359.0,3950.0,606.0,,15915.0
2020-01,2020/01/01,Região de Saúde LVT,"Centro Hospitalar Universitário de Lisboa Norte, EPE","38.7500861, -9.1616116",16322.0,4612.0,1614.0,,22548.0
2020-01,2020/01/01,Região de Saúde LVT,"Hospital de Cascais, PPP","38.729006, -9.418267",8163.0,4748.0,1083.0,,13994.0
2020-01,2020/01/01,Região de Saúde LVT,"Hospital Professor Doutor Fernando Fonseca, EPE","38.7422257, -9.2264834",15945.0,5634.0,1816.0,,23395.0
2020-01,2020/01/01,Região de Saúde Norte,"Centro Hospitalar Póvoa de Varzim/Vila do Conde, EPE","41.3828711, -8.7589945",6734.0,,,,6734.0
2020-01,2020/01/01,Região de Saúde Norte,"Unidade Local de Saúde de Matosinhos, EPE","41.1794456, -8.6745115",7116.0,,913.0,,8029.0
2020-02,2020/02/01,Região de Saúde do Alentejo,"Hospital Espírito Santo de Évora, EPE","38.5684861, -7.9032848",8712.0,3806.0,,,12518.0
2020-02,2020/02/01,Região de Saúde do Centro,"Hospital Distrital da Figueira da Foz, EPE","40.117897, -8.8586755",8830.0,3335.0,,,12165.0
2020-02,2020/02/01,Região de Saúde do Centro,"Unidade Local de Saúde de Castelo Branco, EPE","39.8212263, -7.4981271",8909.0,2068.0,222.0,,11199.0
2020-02,2020/02/01,Região de Saúde LVT,"Centro Hospitalar Universitário Lisboa Central, EPE","38.7166948, -9.1371248",22929.0,15328.0,3576.0,1081.0,42914.0
2020-02,2020/02/01,Região de Saúde Norte,"Centro Hospitalar Universitário de São João, EPE","41.1831056, -8.6010558",27233.0,13792.0,2404.0,,43429.0
2020-02,2020/02/01,Região de Saúde Norte,"Centro Hospitalar Tâmega e Sousa, EPE","41.2494561, -8.264901",24543.0,7315.0,2505.0,,34363.0
2020-02,2020/02/01,Região de Saúde Norte,"Hospital de Braga, EPE","41.56785, -8.398982",25044.0,8802.0,2653.0,,36499.0
2020-02,2020/02/01,Região de Saúde Norte,"Unidade Local de Saúde de Matosinhos, EPE","41.1794456, -8.6745115",13526.0,,1811.0,,15337.0
2020-02,2020/02/01,Região de Saúde Norte,"Unidade Local de Saúde do Alto Minho, EPE","41.7056054, -8.8252713",23392.0,4020.0,1038.0,,28450.0
2020-03,2020/03/01,Região de Saúde do Alentejo,"Hospital Espírito Santo de Évora, EPE","38.5684861, -7.9032848",11851.0,4579.0,,,16430.0
2020-03,2020/03/01,Região de Saúde do Algarve,"Centro Hospitalar Universitário do Algarve,EPE","37.0238973, -7.9281554",58194.0,17696.0,4615.0,0.0,80505.0
2020-03,2020/03/01,Região de Saúde do Centro,"Hospital Distrital da Figueira da Foz, EPE","40.117897, -8.8586755",11459.0,4025.0,,,15484.0
2020-03,2020/03/01,Região de Saúde do Centro,"Unidade Local de Saúde de Castelo Branco, EPE","39.8212263, -7.4981271",11889.0,2559.0,324.0,,14772.0
2020-03,2020/03/01,Região de Saúde LVT,"Hospital Garcia de Orta, EPE","38.6658713, -9.1822554",23929.0,7351.0,4185.0,,35465.0
2020-03,2020/03/01,Região de Saúde Norte,"Centro Hospitalar Universitário de São João, EPE","41.1831056, -8.6010558",37784.0,16989.0,3103.0,,57876.0
2020-03,2020/03/01,Região de Saúde Norte,"Hospital da Senhora da Oliveira, Guimarães, EPE","41.4387173, -8.3086907",21536.0,6611.0,2293.0,,30440.0
2020-04,2020/04/01,Região de Saúde do Alentejo,"Unidade Local de Saúde do Baixo Alentejo, EPE","38.014123, -7.8721227",23579.0,4227.0,1322.0,,29128.0
2020-04,2020/04/01,Região de Saúde do Alentejo,"Unidade Local de Saúde do Litoral Alentejano, EPE","38.0162314, -8.6956768",24819.0,,,,24819.0
2020-04,2020/04/01,Região de Saúde do Centro,"Unidade Local de Saúde da Guarda, EPE","40.5309916, -7.2734793",20224.0,3913.0,1383.0,,25520.0
2020-04,2020/04/01,Região de Saúde LVT,"Centro Hospitalar de Setúbal, EPE","38.5283754, -8.8818638",24028.0,9875.0,3667.0,,37570.0
2020-04,2020/04/01,Região de Saúde LVT,"Hospital de Loures, PPP","38.821455, -9.176296",31818.0,14453.0,4949.0,,51220.0
2020-04,2020/04/01,Região de Saúde LVT,"Hospital de Vila Franca de Xira, PPP","38.977235, -8.984506",23937.0,12019.0,2890.0,,38846.0
2020-04,2020/04/01,Região de Saúde LVT,"Hospital Garcia de Orta, EPE","38.6658713, -9.1822554",29034.0,7914.0,5067.0,,42015.0
2020-04,2020/04/01,Região de Saúde Norte,"Centro Hospitalar do Médio Ave, EPE","41.3423984, -8.4802503",24921.0,7667.0,1819.0,,34407.0
2020-04,2020/04/01,Região de Saúde Norte,"Centro Hospitalar Universitário do Porto, EPE","41.1472498, -8.6172617",36139.0,,6528.0,,42667.0
2020-04,2020/04/01,Região de Saúde Norte,"Unidade Local de Saúde do Nordeste, EPE","41.8056532, -6.7888197",28955.0,,,,28955.0
2020-05,2020/05/01,Região de Saúde do Alentejo,"Hospital Espírito Santo de Évora, EPE","38.5684861, -7.9032848",17655.0,5450.0,,,23105.0
2020-05,2020/05/01,Região de Saúde do Alentejo,"Unidade Local de Saúde do Baixo Alentejo, EPE","38.014123, -7.8721227",27733.0,4565.0,1573.0,,33871.0
2020-05,2020/05/01,Região de Saúde do Centro,"Centro Hospitalar Tondela-Viseu, EPE","40.516364, -8.0827433",36133.0,8991.0,5371.0,,50495.0
2020-05,2020/05/01,Região de Saúde LVT,"Hospital Professor Doutor Fernando Fonseca, EPE","38.7422257, -9.2264834",59039.0,15237.0,6978.0,,81254.0
2020-05,2020/05/01,Região de Saúde Norte,"Hospital da Senhora da Oliveira, Guimarães, EPE","41.4387173, -8.3086907",31396.0,7687.0,3345.0,,42428.0
2020-05,2020/05/01,Região de Saúde Norte,"Unidade Local de Saúde do Alto Minho, EPE","41.7056054, -8.8252713",40821.0,5367.0,1956.0,,48144.0
2020-06,2020/06/01,Região de Saúde do Alentejo,"Hospital Espírito Santo de Évora, EPE","38.5684861, -7.9032848",21207.0,6027.0,,,27234.0
2020-06,2020/06/01,Região de Saúde do Centro,"Centro Hospitalar e Universitário de Coimbra, EPE","40.2191523, -8.4098211",75427.0,20918.0,10172.0,,106517.0
2020-06,2020/06/01,Região de Saúde LVT,"Centro Hospitalar Universitário Lisboa Central, EPE","38.7166948, -9.1371248",52046.0,25340.0,8605.0,2649.0,88640.0
2020-06,2020/06/01,Região de Saúde LVT,"Centro Hospitalar do Oeste, EPE","39.4054629, -9.1258493",44694.0,13488.0,3892.0,,62074.0
2020-06,2020/06/01,Região de Saúde LVT,"Centro Hospitalar Médio Tejo, EPE","39.478072, -8.5404429",42602.0,8060.0,1802.0,,52464.0
2020-06,2020/06/01,Região de Saúde LVT,"Hospital Garcia de Orta, EPE","38.6658713, -9.1822554",41499.0,9536.0,7216.0,,58251.0
2020-06,2020/06/01,Região de Saúde Norte,"Centro Hospitalar Universitário do Porto, EPE","41.1472498, -8.6172617",53265.0,,9995.0,,63260.0
2020-06,2020/06/01,Região de Saúde Norte,"Centro Hospitalar Póvoa de Varzim/Vila do Conde, EPE","41.3828711, -8.7589945",26870.0,,,,26870.0
2020-07,2020/07/01,Região de Saúde do Alentejo,"Unidade Local de Saúde do Baixo Alentejo, EPE","38.014123, -7.8721227",37136.0,5471.0,2036.0,,44643.0
2020-07,2020/07/01,Região de Saúde do Alentejo,"Unidade Local de Saúde do Litoral Alentejano, EPE","38.0162314, -8.6956768",40219.0,,,,40219.0
2020-07,2020/07/01,Região de Saúde do Centro,"Unidade Local de Saúde de Castelo Branco, EPE","39.8212263, -7.4981271",23851.0,3660.0,780.0,,28291.0
2020-07,2020/07/01,Região de Saúde LVT,"Centro Hospitalar Universitário de Lisboa Norte, EPE","38.7500861, -9.1616116",77886.0,15737.0,8056.0,,101679.0
2020-07,2020/07/01,Região de Saúde LVT,"Hospital de Loures, PPP","38.821455, -9.176296",51814.0,18612.0,7688.0,,78114.0
2020-07,2020/07/01,Região de Saúde Norte,"Centro Hospitalar Universitário de São João, EPE","41.1831056, -8.6010558",81904.0,28179.0,6365.0,,116448.0
2020-08,2020/08/01,Região de Saúde do Centro,"Centro Hospitalar de Leiria, EPE","39.7414812, -8.7982706",72004.0,12242.0,6856.0,,91102.0
2020-08,2020/08/01,Região de Saúde do Centro,"Centro Hospitalar do Baixo Vouga, EPE","40.6362453, -8.6543716",64791.0,12884.0,3939.0,,81614.0
2020-08,2020/08/01,Região de Saúde do Centro,"Centro Hospitalar e Universitário de Coimbra, EPE","40.2191523, -8.4098211",102697.0,26831.0,13901.0,,143429.0
2020-08,2020/08/01,Região de Saúde LVT,"Centro Hospitalar Universitário Lisboa Central, EPE","38.7166948, -9.1371248",68750.0,31548.0,11562.0,3652.0,115512.0
2020-08,2020/08/01,Região de Saúde LVT,"Hospital de Cascais, PPP","38.729006, -9.418267",47165.0,18530.0,7346.0,,73041.0
2020-08,2020/08/01,Região de Saúde LVT,"Hospital Garcia de Orta, EPE","38.6658713, -9.1822554",55286.0,11743.0,9638.0,,76667.0
2020-08,2020/08/01,Região de Saúde Norte,"Centro Hospitalar do Médio Ave, EPE","41.3423984, -8.4802503",49332.0,11612.0,3813.0,,64757.0
2020-08,2020/08/01,Região de Saúde Norte,"Centro Hospitalar Vila Nova de Gaia/Espinho, EPE","41.1094138, -8.5972617",71538.0,14714.0,6821.0,,93073.0
2020-08,2020/08/01,Região de Saúde Norte,"Hospital da Senhora da Oliveira, Guimarães, EPE","41.4387173, -8.3086907",50754.0,10189.0,5664.0,,66607.0
2020-08,2020/08/01,Região de Saúde Norte,"Unidade Local de Saúde de Matosinhos, EPE","41.1794456, -8.6745115",45777.0,,5465.0,,51242.0
2020-09,2020/09/01,Região de Saúde LVT,"Centro Hospitalar de Lisboa Ocidental, EPE","38.708454, -9.216985",63815.0,13495.0,9015.0,,86325.0
2020-09,2020/09/01,Região de Saúde LVT,"Hospital Distrital de Santarém, EPE","39.2410946, -8.6937515",48554.0,13314.0,5142.0,,67010.0
2020-09,2020/09/01,Região de Saúde Norte,"Centro Hospitalar Tâmega e Sousa, EPE","41.2494561, -8.264901",95491.0,16420.0,9757.0,,121668.0
2020-09,2020/09/01,Região de Saúde Norte,"Hospital de Braga, EPE","41.56785, -8.398982",93083.0,20892.0,9295.0,,123270.0
2020-09,2020/09/01,Região de Saúde Norte,"Hospital Santa Maria Maior, EPE","41.5324234, -8.6171561",29633.0,5041.0,,,34674.0
2020-09,2020/09/01,Região de Saúde Norte,"Unidade Local de Saúde do Nordeste, EPE","41.8056532, -6.7888197",60832.0,,,,60832.0
2020-10,2020/10/01,Região de Saúde do Alentejo,"Unidade Local de Saúde do Litoral Alentejano, EPE","38.0162314, -8.6956768",57936.0,,,,57936.0
2020-10,2020/10/01,Região de Saúde do Centro,"Centro Hospitalar do Baixo Vouga, EPE","40.6362453, -8.6543716",81300.0,16733.0,4951.0,,102984.0
2020-10,2020/10/01,Região de Saúde do Centro,"Centro Hospitalar Tondela-Viseu, EPE","40.516364, -8.0827433",75319.0,15837.0,11328.0,,102484.0
2020-10,2020/10/01,Região de Saúde LVT,"Hospital Distrital de Santarém, EPE","39.2410946, -8.6937515",53111.0,14473.0,5708.0,,73292.0
2020-10,2020/10/01,Região de Saúde LVT,"Hospital Professor Doutor Fernando Fonseca, EPE","38.7422257, -9.2264834",115386.0,25117.0,13150.0,,153653.0
2020-10,2020/10/01,Região de Saúde Norte,"Centro Hospitalar Trás-os-Montes e Alto Douro, EPE","41.3031784, -7.7515252",93086.0,12802.0,4667.0,,110555.0
2020-10,2020/10/01,Região de Saúde Norte,"Unidade Local de Saúde do Alto Minho, EPE","41.7056054, -8.8252713",81719.0,8646.0,4186.0,,94551.0
2020-11,2020/11/01,Região de Saúde do Centro,"Centro Hospitalar Universitário Cova da Beira, EPE","40.2804158, -7.4922407",35178.0,6697.0,2683.0,,44558.0
2020-11,2020/11/01,Região de Saúde do Centro,"Centro Hospitalar de Leiria, EPE","39.7414812, -8.7982706",96863.0,16722.0,9398.0,,122983.0
2020-11,2020/11/01,Região de Saúde do Centro,"Centro Hospitalar e Universitário de Coimbra, EPE","40.2191523, -8.4098211",138910.0,36986.0,19121.0,,195017.0
2020-11,2020/11/01,Região de Saúde LVT,"Hospital Distrital de Santarém, EPE","39.2410946, -8.6937515",57171.0,15391.0,6189.0,,78751.0
2020-11,2020/11/01,Região de Saúde Norte,"Centro Hospitalar Universitário de São João, EPE","41.1831056, -8.6010558",133149.0,45893.0,10106.0,,189148.0
2020-11,2020/11/01,Região de Saúde Norte,"Centro Hospitalar Tâmega e Sousa, EPE","41.2494561, -8.264901",119855.0,20143.0,11662.0,,151660.0
2020-11,2020/11/01,Região de Saúde Norte,"Unidade Local de Saúde de Matosinhos, EPE","41.1794456, -8.6745115",63642.0,,7359.0,,71001.0
2020-11,2020/11/01,Região de Saúde Norte,"Unidade Local de Saúde do Alto Minho, EPE","41.7056054, -8.8252713",88449.0,9328.0,4578.0,,102355.0
2020-12,2020/12/01,Região de Saúde do Alentejo,"Unidade Local de Saúde do Baixo Alentejo, EPE","38.014123, -7.8721227",61080.0,8875.0,3193.0,,73148.0
2020-12,2020/12/01,Região de Saúde do Alentejo,"Unidade Local de Saúde do Litoral Alentejano, EPE","38.0162314, -8.6956768",67701.0,,,,67701.0
2020-12,2020/12/01,Região de Saúde do Centro,"Centro Hospitalar Universitário Cova da Beira, EPE","40.2804158, -7.4922407",38080.0,7117.0,2889.0,,48086.0
2020-12,2020/12/01,Região de Saúde do Centro,"Centro Hospitalar de Leiria, EPE","39.7414812, -8.7982706",104638.0,17788.0,10198.0,,132624.0
2020-12,2020/12/01,Região de Saúde do Centro,"Unidade Local de Saúde da Guarda, EPE","40.5309916, -7.2734793",58282.0,9045.0,3848.0,,71175.0
2020-12,2020/12/01,Região de Saúde LVT,"Centro Hospitalar de Lisboa Ocidental, EPE","38.708454, -9.216985",82717.0,18068.0,11830.0,,112615.0
2020-12,2020/12/01,Região de Saúde LVT,"Centro Hospitalar de Setúbal, EPE","38.5283754, -8.8818638",69750.0,22145.0,10206.0,,102101.0
2020-12,2020/12/01,Região de Saúde LVT,"Hospital Garcia de Orta, EPE","38.6658713, -9.1822554",80155.0,17863.0,14407.0,,112425.0
2020-12,2020/12/01,Região de Saúde Norte,"Centro Hospitalar Vila Nova de Gaia/Espinho, EPE","41.1094138, -8.5972617",106487.0,21919.0,10170.0,,138576.0
2020-12,2020/12/01,Região de Saúde Norte,"Hospital de Braga, EPE","41.56785, -8.398982",122956.0,26976.0,12060.0,,161992.0
2020-12,2020/12/01,Região de Saúde Norte,"Unidade Local de Saúde de Matosinhos, EPE","41.1794456, -8.6745115",68921.0,,7946.0,,76867.0
2020-12,2020/12/01,Região de Saúde Norte,"Unidade Local de Saúde do Nordeste, EPE","41.8056532, -6.7888197",79035.0,,,,79035.0
2021-01,2021/01/01,Região de Saúde do Alentejo,"Hospital Espírito Santo de Évora, EPE","38.5684861, -7.9032848",3133.0,523.0,,,3656.0
2021-01,2021/01/01,Região de Saúde do Algarve,"Centro Hospitalar Universitário do Algarve,EPE","37.0238973, -7.9281554",14077.0,2386.0,1357.0,0.0,17820.0
2021-01,2021/01/01,Região de Saúde LVT,"Centro Hospitalar Universitário Lisboa Central, EPE","38.7166948, -9.1371248",7566.0,3472.0,1209.0,334.0,12581.0
2021-01,2021/01/01,Região de Saúde LVT,"Centro Hospitalar de Lisboa Ocidental, EPE","38.708454, -9.216985",6250.0,1236.0,814.0,,8300.0
2021-01,2021/01/01,Região de Saúde LVT,"Centro Hospitalar do Oeste, EPE","39.4054629, -9.1258493",5565.0,1130.0,498.0,,7193.0
2021-01,2021/01/01,Região de Saúde LVT,"Hospital de Cascais, PPP","38.729006, -9.418267",4354.0,1645.0,722.0,,6721.0
2021-01,2021/01/01,Região de Saúde Norte,"Centro Hospitalar Universitário de São João, EPE","41.1831056, -8.6010558",10177.0,3160.0,759.0,,14096.0
2021-01,2021/01/01,Região de Saúde Norte,"Centro Hospitalar Entre Douro e Vouga, EPE","40.9293884, -8.5458794",9385.0,959.0,441.0,,10785.0
2021-01,2021/01/01,Região de Saúde Norte,"Centro Hospitalar Trás-os-Montes e Alto Douro, EPE","41.3031784, -7.7515252",8789.0,842.0,531.0,,10162.0
2021-01,2021/01/01,Região de Saúde Norte,"Centro Hospitalar Vila Nova de Gaia/Espinho, EPE","41.1094138, -8.5972617",7849.0,1467.0,708.0,,10024.0
2021-02,2021/02/01,Região de Saúde do Alentejo,"Hospital Espírito Santo de Évora, EPE","38.5684861, -7.9032848",5735.0,877.0,,,6612.0
2021-02,2021/02/01,Região de Saúde do Algarve,"Centro Hospitalar Universitário do Algarve,EPE","37.0238973, -7.9281554",25188.0,3869.0,2595.0,0.0,31652.0
2021-02,2021/02/01,Região de Saúde LVT,"Centro Hospitalar Barreiro/Montijo, EPE","38.6554005, -9.0592392",10702.0,1927.0,990.0,,13619.0
2021-02,2021/02/01,Região de Saúde LVT,"Hospital de Loures, PPP","38.821455, -9.176296",10501.0,2362.0,1521.0,,14384.0
2021-02,2021/02/01,Região de Saúde Norte,"Centro Hospitalar Póvoa de Varzim/Vila do Conde, EPE","41.3828711, -8.7589945",6952.0,,,,6952.0
2021-02,2021/02/01,Região de Saúde Norte,"Centro Hospitalar Tâmega e Sousa, EPE","41.2494561, -8.264901",16357.0,2078.0,1639.0,,20074.0
2021-02,2021/02/01,Região de Saúde Norte,"Centro Hospitalar Vila Nova de Gaia/Espinho, EPE","41.1094138, -8.5972617",14452.0,2379.0,1371.0,,18202.0
2021-03,2021/03/01,Região de Saúde do Alentejo,"Unidade Local de Saúde do Baixo Alentejo, EPE","38.014123, -7.8721227",12668.0,1798.0,782.0,,15248.0
2021-03,2021/03/01,Região de Saúde do Centro,"Centro Hospitalar de Leiria, EPE","39.7414812, -8.7982706",21340.0,2577.0,2144.0,,26061.0
2021-03,2021/03/01,Região de Saúde do Centro,"Centro Hospitalar do Baixo Vouga, EPE","40.6362453, -8.6543716",20591.0,3063.0,1361.0,,25015.0
2021-03,2021/03/01,Região de Saúde LVT,"Hospital de Cascais, PPP","38.729006, -9.418267",12981.0,3801.0,2210.0,,18992.0
2021-03,2021/03/01,Região de Saúde Norte,"Centro Hospitalar Tâmega e Sousa, EPE","41.2494561, -8.264901",26164.0,3281.0,2613.0,,32058.0
2021-03,2021/03/01,Região de Saúde Norte,"Centro Hospitalar Trás-os-Montes e Alto Douro, EPE","41.3031784, -7.7515252",24232.0,1932.0,1541.0,,27705.0
2021-04,2021/04/01,Região de Saúde do Alentejo,"Hospital Espírito Santo de Évora, EPE","38.5684861, -7.9032848",12745.0,2297.0,,,15042.0
2021-04,2021/04/01,Região de Saúde do Centro,"Unidade Local de Saúde da Guarda, EPE","40.5309916, -7.2734793",16488.0,2690.0,1093.0,,20271.0
2021-04,2021/04/01,Região de Saúde LVT,"Centro Hospitalar do Oeste, EPE","39.4054629, -9.1258493",23885.0,4748.0,2306.0,,30939.0
2021-04,2021/04/01,Região de Saúde LVT,"Hospital de Cascais, PPP","38.729006, -9.418267",18789.0,6379.0,3102.0,,28270.0
2021-04,2021/04/01,Região de Saúde LVT,"Hospital de Loures, PPP","38.821455, -9.176296",23825.0,6356.0,3719.0,,33900.0
2021-04,2021/04/01,Região de Saúde LVT,"Hospital Professor Doutor Fernando Fonseca, EPE","38.7422257, -9.2264834",41333.0,7420.0,4742.0,,53495.0
2021-05,2021/05/01,Região de Saúde do Alentejo,"Unidade Local de Saúde do Baixo Alentejo, EPE","38.014123, -7.8721227",23587.0,3529.0,1367.0,,28483.0
2021-05,2021/05/01,Região de Saúde do Centro,"Centro Hospitalar Universitário Cova da Beira, EPE","40.2804158, -7.4922407",15404.0,2433.0,1105.0,0.0,18942.0
2021-05,2021/05/01,Região de Saúde do Centro,"Centro Hospitalar e Universitário de Coimbra, EPE","40.2191523, -8.4098211",58326.0,14699.0,7900.0,,80925.0
2021-05,2021/05/01,Região de Saúde do Centro,"Unidade Local de Saúde da Guarda, EPE","40.5309916, -7.2734793",21854.0,3529.0,1403.0,,26786.0
2021-05,2021/05/01,Região de Saúde do Centro,"Unidade Local de Saúde de Castelo Branco, EPE","39.8212263, -7.4981271",14900.0,2319.0,469.0,,17688.0
2021-05,2021/05/01,Região de Saúde LVT,"Centro Hospitalar Barreiro/Montijo, EPE","38.6554005, -9.0592392",30903.0,7309.0,2952.0,,41164.0
2021-05,2021/05/01,Região de Saúde LVT,"Centro Hospitalar de Setúbal, EPE","38.5283754, -8.8818638",27761.0,7911.0,3840.0,,39512.0
2021-05,2021/05/01,Região de Saúde Norte,"Centro Hospitalar do Médio Ave, EPE","41.3423984, -8.4802503",28723.0,5960.0,2246.0,,36929.0
2021-06,2021/06/01,Região de Saúde do Alentejo,"Hospital Espírito Santo de Évora, EPE","38.5684861, -7.9032848",20973.0,5129.0,,,26102.0
2021-06,2021/06/01,Região de Saúde do Centro,"Centro Hospitalar Universitário Cova da Beira, EPE","40.2804158, -7.4922407",19015.0,3273.0,1391.0,,23679.0
2021-06,2021/06/01,Região de Saúde do Centro,"Centro Hospitalar e Universitário de Coimbra, EPE","40.2191523, -8.4098211",72843.0,19985.0,9604.0,,102432.0
2021-06,2021/06/01,Região de Saúde do Centro,"Hospital Distrital da Figueira da Foz, EPE","40.117897, -8.8586755",21013.0,4802.0,,,25815.0
2021-06,2021/06/01,Região de Saúde do Centro,"Unidade Local de Saúde de Castelo Branco, EPE","39.8212263, -7.4981271",18722.0,3208.0,576.0,,22506.0
2021-06,2021/06/01,Região de Saúde LVT,"Centro Hospitalar Universitário Lisboa Central, EPE","38.7166948, -9.1371248",49907.0,25747.0,8247.0,2651.0,86552.0
2021-06,2021/06/01,Região de Saúde Norte,"Centro Hospitalar do Médio Ave, EPE","41.3423984, -8.4802503",35958.0,8424.0,2706.0,,47088.0
2021-06,2021/06/01,Região de Saúde Norte,"Centro Hospitalar Póvoa de Varzim/Vila do Conde, EPE","41.3828711, -8.7589945",25414.0,,,,25414.0
2021-06,2021/06/01,Região de Saúde Norte,"Centro Hospitalar Trás-os-Montes e Alto Douro, EPE","41.3031784, -7.7515252",55195.0,6690.0,3242.0,,65127.0
2021-06,2021/06/01,Região de Saúde Norte,"Unidade Local de Saúde de Matosinhos, EPE","41.1794456, -8.6745115",33456.0,,4162.0,,37618.0
2021-06,2021/06/01,Região de Saúde Norte,"Unidade Local de Saúde do Nordeste, EPE","41.8056532, -6.7888197",36747.0,,,,36747.0
2021-07,2021/07/01,Região de Saúde LVT,"Centro Hospitalar Médio Tejo, EPE","39.478072, -8.5404429",50906.0,9470.0,1906.0,,62282.0
2021-07,2021/07/01,Região de Saúde LVT,"Hospital Professor Doutor Fernando Fonseca, EPE","38.7422257, -9.2264834",82985.0,20008.0,9152.0,,112145.0
2021-07,2021/07/01,Região de Saúde LVT,"Hospital Garcia de Orta, EPE","38.6658713, -9.1822554",45887.0,12074.0,8120.0,,66081.0
2021-08,2021/08/01,Região de Saúde do Centro,"Unidade Local de Saúde de Castelo Branco, EPE","39.8212263, -7.4981271",26875.0,5139.0,877.0,,32891.0
2021-08,2021/08/01,Região de Saúde LVT,"Centro Hospitalar Universitário de Lisboa Norte, EPE","38.7500861, -9.1616116",81061.0,17228.0,10199.0,,108488.0
2021-08,2021/08/01,Região de Saúde Norte,"Unidade Local de Saúde do Nordeste, EPE","41.8056532, -6.7888197",54053.0,,,,54053.0
2021-09,2021/09/01,Região de Saúde do Algarve,"Centro Hospitalar Universitário do Algarve,EPE","37.0238973, -7.9281554",166246.0,36196.0,14162.0,0.0,216604.0
2021-09,2021/09/01,Região de Saúde do Centro,"Unidade Local de Saúde da Guarda, EPE","40.5309916, -7.2734793",45571.0,7769.0,2770.0,,56110.0
2021-09,2021/09/01,Região de Saúde do Centro,"Unidade Local de Saúde de Castelo Branco, EPE","39.8212263, -7.4981271",30640.0,5951.0,1040.0,,37631.0
2021-09,2021/09/01,Região de Saúde LVT,"Hospital de Vila Franca de Xira, EPE","38.977235, -8.984506",54147.0,20993.0,5821.0,,80961.0
2021-09,2021/09/01,Região de Saúde LVT,"Hospital Professor Doutor Fernando Fonseca, EPE","38.7422257, -9.2264834",111142.0,26951.0,12147.0,,150240.0
2021-09,2021/09/01,Região de Saúde Norte,"Centro Hospitalar Entre Douro e Vouga, EPE","40.9293884, -8.5458794",104809.0,15087.0,5648.0,,125544.0
2021-09,2021/09/01,Região de Saúde Norte,"Centro Hospitalar Tâmega e Sousa, EPE","41.2494561, -8.264901",100899.0,19100.0,9615.0,,129614.0
2021-09,2021/09/01,Região de Saúde Norte,"Centro Hospitalar Vila Nova de Gaia/Espinho, EPE","41.1094138, -8.5972617",87855.0,20889.0,7694.0,,116438.0
2021-09,2021/09/01,Região de Saúde Norte,"Hospital Santa Maria Maior, EPE","41.5324234, -8.6171561",33017.0,5039.0,,,38056.0
2021-10,2021/10/01,Região de Saúde do Alentejo,"Hospital Espírito Santo de Évora, EPE","38.5684861, -7.9032848",38958.0,11245.0,,,50203.0
2021-10,2021/10/01,Região de Saúde do Centro,"Centro Hospitalar do Baixo Vouga, EPE","40.6362453, -8.6543716",91681.0,23851.0,5169.0,,120701.0
2021-10,2021/10/01,Região de Saúde do Centro,"Centro Hospitalar Tondela-Viseu, EPE","40.516364, -8.0827433",82031.0,18905.0,11254.0,,112190.0
2021-10,2021/10/01,Região de Saúde LVT,"Centro Hospitalar Barreiro/Montijo, EPE","38.6554005, -9.0592392",70084.0,21131.0,6883.0,,98098.0
2021-10,2021/10/01,Região de Saúde LVT,"Centro Hospitalar de Lisboa Ocidental, EPE","38.708454, -9.216985",67189.0,19788.0,10220.0,,97197.0
2021-10,2021/10/01,Região de Saúde Norte,"Centro Hospitalar Universitário do Porto, EPE","41.1472498, -8.6172617",92416.0,,15629.0,,108045.0
2021-11,2021/11/01,Região de Saúde do Alentejo,"Unidade Local de Saúde do Litoral Alentejano, EPE","38.0162314, -8.6956768",67609.0,,,,67609.0
2021-11,2021/11/01,Região de Saúde do Centro,"Centro Hospitalar e Universitário de Coimbra, EPE","40.2191523, -8.4098211",148786.0,46943.0,18772.0,,214501.0
2021-11,2021/11/01,Região de Saúde LVT,"Hospital Garcia de Orta, EPE","38.6658713, -9.1822554",76471.0,26021.0,13843.0,,116335.0
2021-11,2021/11/01,Região de Saúde Norte,"Centro Hospitalar Universitário de São João, EPE","41.1831056, -8.6010558",143467.0,59433.0,11080.0,,213980.0
2021-11,2021/11/01,Região de Saúde Norte,"Centro Hospitalar do Médio Ave, EPE","41.3423984, -8.4802503",72860.0,20548.0,5389.0,,98797.0
2021-11,2021/11/01,Região de Saúde Norte,"Centro Hospitalar Entre Douro e Vouga, EPE","40.9293884, -8.5458794",133341.0,21922.0,7024.0,,162287.0
2021-12,2021/12/01,Região de Saúde do Alentejo,"Unidade Local de Saúde do Baixo Alentejo, EPE","38.014123, -7.8721227",67282.0,13378.0,3481.0,,84141.0
2021-12,2021/12/01,Região de Saúde do Alentejo,"Unidade Local de Saúde do Litoral Alentejano, EPE","38.0162314, -8.6956768",74458.0,,,,74458.0
2021-12,2021/12/01,Região de Saúde do Centro,"Centro Hospitalar e Universitário de Coimbra, EPE","40.2191523, -8.4098211",162500.0,51927.0,20575.0,,235002.0
2021-12,2021/12/01,Região de Saúde do Centro,"Hospital Distrital da Figueira da Foz, EPE","40.117897, -8.8586755",48212.0,13659.0,,,61871.0
2021-12,2021/12/01,Região de Saúde do Centro,"Unidade Local de Saúde da Guarda, EPE","40.5309916, -7.2734793",62616.0,12359.0,3725.0,,78700.0
2021-12,2021/12/01,Região de Saúde LVT,"Centro Hospitalar Barreiro/Montijo, EPE","38.6554005, -9.0592392",85742.0,27252.0,8325.0,,121319.0
2021-12,2021/12/01,Região de Saúde LVT,"Hospital Distrital de Santarém, EPE","39.2410946, -8.6937515",71938.0,20672.0,6796.0,,99406.0
2021-12,2021/12/01,Região de Saúde Norte,"Centro Hospitalar do Médio Ave, EPE","41.3423984, -8.4802503",80070.0,22975.0,5920.0,,108965.0
2021-12,2021/12/01,Região de Saúde Norte,"Unidade Local de Saúde do Nordeste, EPE","41.8056532, -6.7888197",87101.0,,,,87101.0
2022-01,2022/01/01,Região de Saúde do Centro,"Centro Hospitalar Tondela-Viseu, EPE","40.516364, -8.0827433",8183.0,1912.0,1168.0,,11263.0
2022-01,2022/01/01,Região de Saúde LVT,"Centro Hospitalar Barreiro/Montijo, EPE","38.6554005, -9.0592392",7781.0,2112.0,736.0,,10629.0
2022-01,2022/01/01,Região de Saúde LVT,"Hospital Garcia de Orta, EPE","38.6658713, -9.1822554",7170.0,2496.0,1313.0,,10979.0
2022-01,2022/01/01,Região de Saúde Norte,"Hospital Santa Maria Maior, EPE","41.5324234, -8.6171561",4053.0,736.0,,,4789.0
2022-01,2022/01/01,Região de Saúde Norte,"Unidade Local de Saúde do Alto Minho, EPE","41.7056054, -8.8252713",9637.0,1023.0,459.0,,11119.0
2022-02,2022/02/01,Região de Saúde do Algarve,"Centro Hospitalar Universitário do Algarve,EPE","37.0238973, -7.9281554",37197.0,9700.0,3034.0,0.0,49931.0
2022-02,2022/02/01,Região de Saúde do Centro,"Centro Hospitalar de Leiria, EPE","39.7414812, -8.7982706",19454.0,3947.0,1782.0,,25183.0
2022-02,2022/02/01,Região de Saúde LVT,"Centro Hospitalar Universitário Lisboa Central, EPE","38.7166948, -9.1371248",20174.0,11446.0,2892.0,975.0,35487.0
2022-02,2022/02/01,Região de Saúde LVT,"Centro Hospitalar de Lisboa Ocidental, EPE","38.708454, -9.216985",14802.0,4968.0,2296.0,,22066.0
2022-02,2022/02/01,Região de Saúde LVT,"Hospital Distrital de Santarém, EPE","39.2410946, -8.6937515",12391.0,3628.0,1183.0,,17202.0
2022-02,2022/02/01,Região de Saúde LVT,"Hospital Garcia de Orta, EPE","38.6658713, -9.1822554",13993.0,5991.0,2606.0,,22590.0
2022-02,2022/02/01,Região de Saúde Norte,"Centro Hospitalar Póvoa de Varzim/Vila do Conde, EPE","41.3828711, -8.7589945",10753.0,,,,10753.0
2022-03,2022/03/01,Região de Saúde do Alentejo,"Unidade Local de Saúde do Litoral Alentejano, EPE","38.0162314, -8.6956768",21029.0,,,,21029.0
2022-03,2022/03/01,Região de Saúde do Centro,"Centro Hospitalar Universitário Cova da Beira, EPE","40.2804158, -7.4922407",11296.0,3158.0,845.0,56.0,15355.0
2022-03,2022/03/01,Região de Saúde LVT,"Centro Hospitalar Médio Tejo, EPE","39.478072, -8.5404429",26652.0,7598.0,940.0,,35190.0
2022-03,2022/03/01,Região de Saúde LVT,"Hospital de Cascais, PPP","38.729006, -9.418267",20519.0,12358.0,2960.0,,35837.0
2022-03,2022/03/01,Região de Saúde LVT,"Hospital Garcia de Orta, EPE","38.6658713, -9.1822554",22117.0,10968.0,4108.0,,37193.0
2022-03,2022/03/01,Região de Saúde Norte,"Centro Hospitalar Póvoa de Varzim/Vila do Conde, EPE","41.3828711, -8.7589945",16996.0,,,,16996.0
2022-03,2022/03/01,Região de Saúde Norte,"Hospital Santa Maria Maior, EPE","41.5324234, -8.6171561",12193.0,3035.0,,,15228.0
2022-04,2022/04/01,Região de Saúde do Alentejo,"Unidade Local de Saúde do Litoral Alentejano, EPE","38.0162314, -8.6956768",28318.0,,,,28318.0
2022-04,2022/04/01,Região de Saúde do Centro,"Unidade Local de Saúde da Guarda, EPE","40.5309916, -7.2734793",23164.0,4742.0,1232.0,,29138.0
2022-04,2022/04/01,Região de Saúde LVT,"Centro Hospitalar do Oeste, EPE","39.4054629, -9.1258493",36181.0,14751.0,2648.0,,53580.0
2022-04,2022/04/01,Região de Saúde LVT,"Centro Hospitalar Universitário de Lisboa Norte, EPE","38.7500861, -9.1616116",48308.0,13480.0,5713.0,,67501.0
2022-04,2022/04/01,Região de Saúde LVT,"Hospital de Cascais, PPP","38.729006, -9.418267",27949.0,17118.0,4017.0,,49084.0
2022-04,2022/04/01,Região de Saúde LVT,"Hospital de Vila Franca de Xira, EPE","38.977235, -8.984506",25947.0,15239.0,2739.0,,43925.0
2022-04,2022/04/01,Região de Saúde Norte,"Centro Hospitalar Entre Douro e Vouga, EPE","40.9293884, -8.5458794",56574.0,11299.0,2837.0,,70710.0
2022-04,2022/04/01,Região de Saúde Norte,"Centro Hospitalar Póvoa de Varzim/Vila do Conde, EPE","41.3828711, -8.7589945",23023.0,,,,23023.0
2022-04,2022/04/01,Região de Saúde Norte,"Centro Hospitalar Tâmega e Sousa, EPE","41.2494561, -8.264901",49572.0,13340.0,4556.0,,67468.0
2022-04,2022/04/01,Região de Saúde Norte,"Centro Hospitalar Trás-os-Montes e Alto Douro, EPE","41.3031784, -7.7515252",45952.0,9752.0,2380.0,,58084.0
2022-04,2022/04/01,Região de Saúde Norte,"Hospital da Senhora da Oliveira, Guimarães, EPE","41.4387173, -8.3086907",32323.0,11227.0,3062.0,,46612.0
2022-04,2022/04/01,Região de Saúde Norte,"Unidade Local de Saúde do Nordeste, EPE","41.8056532, -6.7888197",32465.0,,,,32465.0
2022-05,2022/05/01,Região de Saúde do Centro,"Centro Hospitalar de Leiria, EPE","39.7414812, -8.7982706",54657.0,13667.0,4712.0,,73036.0
2022-05,2022/05/01,Região de Saúde LVT,"Centro Hospitalar Barreiro/Montijo, EPE","38.6554005, -9.0592392",42537.0,16250.0,3946.0,,62733.0
2022-05,2022/05/01,Região de Saúde LVT,"Centro Hospitalar de Setúbal, EPE","38.5283754, -8.8818638",35688.0,19141.0,4334.0,,59163.0
2022-05,2022/05/01,Região de Saúde LVT,"Centro Hospitalar Médio Tejo, EPE","39.478072, -8.5404429",47140.0,13678.0,1700.0,,62518.0
2022-05,2022/05/01,Região de Saúde LVT,"Hospital Garcia de Orta, EPE","38.6658713, -9.1822554",36445.0,19784.0,6800.0,,63029.0
2022-05,2022/05/01,Região de Saúde Norte,"Centro Hospitalar Universitário de São João, EPE","41.1831056, -8.6010558",69170.0,34872.0,5326.0,,109368.0
2022-05,2022/05/01,Região de Saúde Norte,"Centro Hospitalar do Médio Ave, EPE","41.3423984, -8.4802503",37403.0,13657.0,2636.0,,53696.0
2022-05,2022/05/01,Região de Saúde Norte,"Centro Hospitalar Trás-os-Montes e Alto Douro, EPE","41.3031784, -7.7515252",59371.0,12529.0,3077.0,,74977.0
2022-05,2022/05/01,Região de Saúde Norte,"Centro Hospitalar Vila Nova de Gaia/Espinho, EPE","41.1094138, -8.5972617",54812.0,18530.0,3678.0,,77020.0
2022-06,2022/06/01,Região de Saúde do Alentejo,"Unidade Local de Saúde do Baixo Alentejo, EPE","38.014123, -7.8721227",39739.0,9753.0,1841.0,,51333.0
2022-06,2022/06/01,Região de Saúde do Algarve,"Centro Hospitalar Universitário do Algarve,EPE","37.0238973, -7.9281554",130934.0,35145.0,9741.0,0.0,175820.0
2022-06,2022/06/01,Região de Saúde do Centro,"Centro Hospitalar Universitário Cova da Beira, EPE","40.2804158, -7.4922407",23597.0,6813.0,1708.0,56.0,32174.0
2022-06,2022/06/01,Região de Saúde do Centro,"Centro Hospitalar de Leiria, EPE","39.7414812, -8.7982706",66403.0,16459.0,5691.0,,88553.0
2022-06,2022/06/01,Região de Saúde do Centro,"Centro Hospitalar Tondela-Viseu, EPE","40.516364, -8.0827433",53852.0,17107.0,7137.0,,78096.0
2022-06,2022/06/01,Região de Saúde do Centro,"Unidade Local de Saúde da Guarda, EPE","40.5309916, -7.2734793",36245.0,7238.0,1938.0,,45421.0
2022-06,2022/06/01,Região de Saúde LVT,"Centro Hospitalar de Lisboa Ocidental, EPE","38.708454, -9.216985",48505.0,18576.0,7243.0,,74324.0
2022-06,2022/06/01,Região de Saúde LVT,"Centro Hospitalar do Oeste, EPE","39.4054629, -9.1258493",56096.0,23000.0,4047.0,,83143.0
2022-06,2022/06/01,Região de Saúde LVT,"Centro Hospitalar Médio Tejo, EPE","39.478072, -8.5404429",57020.0,16008.0,2031.0,,75059.0
2022-06,2022/06/01,Região de Saúde LVT,"Hospital de Cascais, PPP","38.729006, -9.418267",43837.0,26061.0,6208.0,,76106.0
2022-06,2022/06/01,Região de Saúde Norte,"Centro Hospitalar Póvoa de Varzim/Vila do Conde, EPE","41.3828711, -8.7589945",36205.0,,,,36205.0
2022-06,2022/06/01,Região de Saúde Norte,"Centro Hospitalar Trás-os-Montes e Alto Douro, EPE","41.3031784, -7.7515252",71740.0,14591.0,3750.0,,90081.0
2022-06,2022/06/01,Região de Saúde Norte,"Unidade Local de Saúde de Matosinhos, EPE","41.1794456, -8.6745115",41927.0,,4546.0,,46473.0
2022-07,2022/07/01,Região de Saúde do Alentejo,"Unidade Local de Saúde do Litoral Alentejano, EPE","38.0162314, -8.6956768",53077.0,,,,53077.0
2022-07,2022/07/01,Região de Saúde do Centro,"Centro Hospitalar Universitário Cova da Beira, EPE","40.2804158, -7.4922407",27535.0,7811.0,2069.0,121.0,37536.0
2022-07,2022/07/01,Região de Saúde do Centro,"Centro Hospitalar e Universitário de Coimbra, EPE","40.2191523, -8.4098211",105316.0,39993.0,12840.0,,158149.0
2022-07,2022/07/01,Região de Saúde do Centro,"Centro Hospitalar Tondela-Viseu, EPE","40.516364, -8.0827433",63459.0,19571.0,8514.0,,91544.0
2022-07,2022/07/01,Região de Saúde LVT,"Centro Hospitalar Universitário Lisboa Central, EPE","38.7166948, -9.1371248",78922.0,47127.0,11423.0,3845.0,141317.0
2022-07,2022/07/01,Região de Saúde LVT,"Centro Hospitalar de Lisboa Ocidental, EPE","38.708454, -9.216985",56481.0,20929.0,8370.0,,85780.0
2022-07,2022/07/01,Região de Saúde LVT,"Hospital Garcia de Orta, EPE","38.6658713, -9.1822554",51394.0,26585.0,9548.0,,87527.0
2022-07,2022/07/01,Região de Saúde Norte,"Centro Hospitalar Tâmega e Sousa, EPE","41.2494561, -8.264901",89116.0,22748.0,8237.0,,120101.0
2022-08,2022/08/01,Região de Saúde do Alentejo,"Unidade Local de Saúde do Litoral Alentejano, EPE","38.0162314, -8.6956768",61506.0,,,,61506.0
2022-08,2022/08/01,Região de Saúde do Centro,"Centro Hospitalar Universitário Cova da Beira, EPE","40.2804158, -7.4922407",31731.0,8745.0,2437.0,348.0,43261.0
2022-08,2022/08/01,Região de Saúde LVT,"Centro Hospitalar do Oeste, EPE","39.4054629, -9.1258493",75824.0,29276.0,5550.0,,110650.0
2022-08,2022/08/01,Região de Saúde LVT,"Hospital de Loures, EPE","38.821455, -9.176296",63123.0,33001.0,8323.0,0.0,104447.0
2022-08,2022/08/01,Região de Saúde LVT,"Hospital Professor Doutor Fernando Fonseca, EPE","38.7422257, -9.2264834",113375.0,36994.0,12753.0,,163122.0
2022-08,2022/08/01,Região de Saúde Norte,"Centro Hospitalar do Médio Ave, EPE","41.3423984, -8.4802503",60011.0,19895.0,4428.0,,84334.0
2022-08,2022/08/01,Região de Saúde Norte,"Centro Hospitalar Entre Douro e Vouga, EPE","40.9293884, -8.5458794",119445.0,22233.0,5985.0,,147663.0
2022-09,2022/09/01,Região de Saúde do Alentejo,"Unidade Local de Saúde do Litoral Alentejano, EPE","38.0162314, -8.6956768",68847.0,,,,68847.0
2022-09,2022/09/01,Região de Saúde do Centro,"Centro Hospitalar do Baixo Vouga, EPE","40.6362453, -8.6543716",96388.0,29230.0,4727.0,,130345.0
2022-09,2022/09/01,Região de Saúde LVT,"Centro Hospitalar de Setúbal, EPE","38.5283754, -8.8818638",63412.0,30848.0,7767.0,,102027.0
2022-09,2022/09/01,Região de Saúde LVT,"Centro Hospitalar Universitário de Lisboa Norte, EPE","38.7500861, -9.1616116",112500.0,28934.0,13398.0,,154832.0
2022-09,2022/09/01,Região de Saúde Norte,"Centro Hospitalar Póvoa de Varzim/Vila do Conde, EPE","41.3828711, -8.7589945",54161.0,,,,54161.0
2022-09,2022/09/01,Região de Saúde Norte,"Hospital Santa Maria Maior, EPE","41.5324234, -8.6171561",38914.0,9539.0,,,48453.0
2022-09,2022/09/01,Região de Saúde Norte,"Unidade Local de Saúde de Matosinhos, EPE","41.1794456, -8.6745115",63265.0,,7176.0,,70441.0
2022-10,2022/10/01,Região de Saúde do Alentejo,"Unidade Local de Saúde do Norte Alentejano, EPE","39.3003425, -7.4263845",59276.0,6778.0,1967.0,,68021.0
2022-10,2022/10/01,Região de Saúde do Centro,"Centro Hospitalar Tondela-Viseu, EPE","40.516364, -8.0827433",91434.0,27970.0,12703.0,,132107.0
2022-10,2022/10/01,Região de Saúde do Centro,"Unidade Local de Saúde da Guarda, EPE","40.5309916, -7.2734793",62060.0,11772.0,3362.0,,77194.0
2022-10,2022/10/01,Região de Saúde LVT,"Centro Hospitalar Universitário Lisboa Central, EPE","38.7166948, -9.1371248",112050.0,65215.0,16563.0,5477.0,199305.0
2022-10,2022/10/01,Região de Saúde LVT,"Centro Hospitalar Médio Tejo, EPE","39.478072, -8.5404429",95907.0,26125.0,3268.0,,125300.0
2022-10,2022/10/01,Região de Saúde LVT,"Hospital de Vila Franca de Xira, EPE","38.977235, -8.984506",67604.0,38007.0,7205.0,,112816.0
2022-10,2022/10/01,Região de Saúde LVT,"Hospital Distrital de Santarém, EPE","39.2410946, -8.6937515",69807.0,25284.0,6556.0,,101647.0
2022-10,2022/10/01,Região de Saúde Norte,"Centro Hospitalar Entre Douro e Vouga, EPE","40.9293884, -8.5458794",150276.0,28906.0,7643.0,,186825.0
2022-10,2022/10/01,Região de Saúde Norte,"Centro Hospitalar Tâmega e Sousa, EPE","41.2494561, -8.264901",126561.0,31772.0,12060.0,,170393.0
2022-10,2022/10/01,Região de Saúde Norte,"Centro Hospitalar Vila Nova de Gaia/Espinho, EPE","41.1094138, -8.5972617",112608.0,36764.0,6856.0,,156228.0
2022-10,2022/10/01,Região de Saúde Norte,"Unidade Local de Saúde de Matosinhos, EPE","41.1794456, -8.6745115",70397.0,,8053.0,,78450.0
2022-11,2022/11/01,Região de Saúde do Algarve,"Centro Hospitalar Universitário do Algarve,EPE","37.0238973, -7.9281554",258294.0,67360.0,18685.0,0.0,344339.0
2022-11,2022/11/01,Região de Saúde do Centro,"Centro Hospitalar Tondela-Viseu, EPE","40.516364, -8.0827433",100526.0,32390.0,13984.0,,146900.0
2022-11,2022/11/01,Região de Saúde do Centro,"Unidade Local de Saúde da Guarda, EPE","40.5309916, -7.2734793",68796.0,13866.0,3704.0,,86366.0
2022-11,2022/11/01,Região de Saúde LVT,"Centro Hospitalar de Lisboa Ocidental, EPE","38.708454, -9.216985",87954.0,32966.0,13067.0,,133987.0
2022-11,2022/11/01,Região de Saúde LVT,"Centro Hospitalar Universitário de Lisboa Norte, EPE","38.7500861, -9.1616116",136827.0,38538.0,16236.0,,191601.0
2022-11,2022/11/01,Região de Saúde LVT,"Hospital Distrital de Santarém, EPE","39.2410946, -8.6937515",77030.0,29752.0,7292.0,,114074.0
2022-11,2022/11/01,Região de Saúde Norte,"Centro Hospitalar Entre Douro e Vouga, EPE","40.9293884, -8.5458794",166519.0,33773.0,8361.0,,208653.0
2022-11,2022/11/01,Região de Saúde Norte,"Hospital Santa Maria Maior, EPE","41.5324234, -8.6171561",48180.0,13083.0,,,61263.0
2022-11,2022/11/01,Região de Saúde Norte,"Unidade Local de Saúde do Alto Minho, EPE","41.7056054, -8.8252713",125276.0,18374.0,5581.0,,149231.0
2022-11,2022/11/01,Região de Saúde Norte,"Unidade Local de Saúde do Nordeste, EPE","41.8056532, -6.7888197",93835.0,,,,93835.0
2022-12,2022/12/01,Região de Saúde do Alentejo,"Unidade Local de Saúde do Norte Alentejano, EPE","39.3003425, -7.4263845",72461.0,8804.0,2356.0,,83621.0
2022-12,2022/12/01,Região de Saúde do Centro,"Centro Hospitalar de Leiria, EPE","39.7414812, -8.7982706",135220.0,34450.0,11866.0,,181536.0
2022-12,2022/12/01,Região de Saúde do Centro,"Centro Hospitalar Tondela-Viseu, EPE","40.516364, -8.0827433",110050.0,36157.0,15353.0,,161560.0
2022-12,2022/12/01,Região de Saúde LVT,"Centro Hospitalar de Setúbal, EPE","38.5283754, -8.8818638",83089.0,43007.0,10320.0,,136416.0
2022-12,2022/12/01,Região de Saúde LVT,"Centro Hospitalar do Oeste, EPE","39.4054629, -9.1258493",114002.0,50088.0,8249.0,,172339.0
2022-12,2022/12/01,Região de Saúde LVT,"Centro Hospitalar Universitário de Lisboa Norte, EPE","38.7500861, -9.1616116",147546.0,42134.0,17464.0,,207144.0
2022-12,2022/12/01,Região de Saúde Norte,"Centro Hospitalar Trás-os-Montes e Alto Douro, EPE","41.3031784, -7.7515252",148544.0,31889.0,7958.0,,188391.0
2022-12,2022/12/01,Região de Saúde Norte,"Hospital de Braga, EPE","41.56785, -8.398982",144165.0,45756.0,12993.0,,202914.0
2022-12,2022/12/01,Região de Saúde Norte,"Hospital Santa Maria Maior, EPE","41.5324234, -8.6171561",52724.0,14296.0,,,67020.0
2023-01,2023/01/01,Região de Saúde do Alentejo,"Hospital Espírito Santo de Évora, EPE","38.5684861, -7.9032848",4410.0,1534.0,,,5944.0
2023-01,2023/01/01,Região de Saúde do Alentejo,"Unidade Local de Saúde do Baixo Alentejo, EPE","38.014123, -7.8721227",7562.0,1484.0,287.0,,9333.0
2023-01,2023/01/01,Região de Saúde do Alentejo,"Unidade Local de Saúde do Litoral Alentejano, EPE","38.0162314, -8.6956768",7809.0,,,,7809.0
2023-01,2023/01/01,Região de Saúde LVT,"Centro Hospitalar Barreiro/Montijo, EPE","38.6554005, -9.0592392",9526.0,3656.0,791.0,,13973.0
2023-01,2023/01/01,Região de Saúde LVT,"Centro Hospitalar de Setúbal, EPE","38.5283754, -8.8818638",6350.0,3210.0,808.0,,10368.0
2023-01,2023/01/01,Região de Saúde Norte,"Centro Hospitalar Vila Nova de Gaia/Espinho, EPE","41.1094138, -8.5972617",11163.0,3623.0,636.0,,15422.0
2023-02,2023/02/01,Região de Saúde do Centro,"Unidade Local de Saúde da Guarda, EPE","40.5309916, -7.2734793",12706.0,2750.0,676.0,,16132.0
2023-02,2023/02/01,Região de Saúde LVT,"Centro Hospitalar Barreiro/Montijo, EPE","38.6554005, -9.0592392",18636.0,7058.0,1517.0,,27211.0
2023-02,2023/02/01,Região de Saúde LVT,"Centro Hospitalar Universitário Lisboa Central, EPE","38.7166948, -9.1371248",21498.0,13587.0,3330.0,922.0,39337.0
2023-02,2023/02/01,Região de Saúde LVT,"Centro Hospitalar de Lisboa Ocidental, EPE","38.708454, -9.216985",14966.0,5694.0,2077.0,,22737.0
2023-02,2023/02/01,Região de Saúde LVT,"Centro Hospitalar Médio Tejo, EPE","39.478072, -8.5404429",18907.0,6007.0,550.0,,25464.0
2023-02,2023/02/01,Região de Saúde LVT,"Hospital de Cascais, PPP","38.729006, -9.418267",14284.0,8090.0,2070.0,,24444.0
2023-02,2023/02/01,Região de Saúde LVT,"Hospital de Vila Franca de Xira, EPE","38.977235, -8.984506",12832.0,7812.0,1230.0,,21874.0
2023-02,2023/02/01,Região de Saúde Norte,"Centro Hospitalar Universitário de São João, EPE","41.1831056, -8.6010558",27556.0,12762.0,1945.0,,42263.0
2023-02,2023/02/01,Região de Saúde Norte,"Centro Hospitalar Tâmega e Sousa, EPE","41.2494561, -8.264901",24537.0,6247.0,2230.0,,33014.0
2023-02,2023/02/01,Região de Saúde Norte,"Unidade Local de Saúde do Alto Minho, EPE","41.7056054, -8.8252713",22532.0,3700.0,964.0,,27196.0
2023-03,2023/03/01,Região de Saúde do Centro,"Centro Hospitalar de Leiria, EPE","39.7414812, -8.7982706",31802.0,8421.0,3108.0,,43331.0
2023-03,2023/03/01,Região de Saúde do Centro,"Unidade Local de Saúde de Castelo Branco, EPE","39.8212263, -7.4981271",12901.0,3847.0,400.0,,17148.0
2023-03,2023/03/01,Região de Saúde LVT,"Centro Hospitalar de Setúbal, EPE","38.5283754, -8.8818638",18882.0,9435.0,2262.0,,30579.0
2023-03,2023/03/01,Região de Saúde LVT,"Hospital de Loures, EPE","38.821455, -9.176296",20174.0,11690.0,3205.0,0.0,35069.0
2023-03,2023/03/01,Região de Saúde LVT,"Hospital de Vila Franca de Xira, EPE","38.977235, -8.984506",19944.0,12359.0,1902.0,,34205.0
2023-03,2023/03/01,Região de Saúde Norte,"Centro Hospitalar do Médio Ave, EPE","41.3423984, -8.4802503",21467.0,8686.0,1647.0,,31800.0
2023-03,2023/03/01,Região de Saúde Norte,"Hospital da Senhora da Oliveira, Guimarães, EPE","41.4387173, -8.3086907",25624.0,9156.0,2489.0,,37269.0
2023-03,2023/03/01,Região de Saúde Norte,"Unidade Local de Saúde do Nordeste, EPE","41.8056532, -6.7888197",24922.0,,,,24922.0
2023-04,2023/04/01,Região de Saúde do Alentejo,"Hospital Espírito Santo de Évora, EPE","38.5684861, -7.9032848",16862.0,6031.0,,,22893.0
2023-04,2023/04/01,Região de Saúde do Alentejo,"Unidade Local de Saúde do Litoral Alentejano, EPE","38.0162314, -8.6956768",31721.0,,,,31721.0
2023-04,2023/04/01,Região de Saúde do Centro,"Centro Hospitalar Universitário Cova da Beira, EPE","40.2804158, -7.4922407",16168.0,5131.0,1298.0,86.0,22683.0
2023-04,2023/04/01,Região de Saúde do Centro,"Centro Hospitalar de Leiria, EPE","39.7414812, -8.7982706",42485.0,10969.0,4187.0,,57641.0
2023-04,2023/04/01,Região de Saúde LVT,"Centro Hospitalar Universitário Lisboa Central, EPE","38.7166948, -9.1371248",44188.0,27645.0,7055.0,1931.0,80819.0
2023-04,2023/04/01,Região de Saúde LVT,"Centro Hospitalar de Setúbal, EPE","38.5283754, -8.8818638",25121.0,11937.0,2937.0,,39995.0
2023-04,2023/04/01,Região de Saúde Norte,"Centro Hospitalar Trás-os-Montes e Alto Douro, EPE","41.3031784, -7.7515252",49073.0,10429.0,2598.0,,62100.0
2023-05,2023/05/01,Região de Saúde do Alentejo,"Unidade Local de Saúde do Litoral Alentejano, EPE","38.0162314, -8.6956768",40117.0,,,,40117.0
2023-05,2023/05/01,Região de Saúde do Centro,"Centro Hospitalar de Leiria, EPE","39.7414812, -8.7982706",54219.0,13711.0,5378.0,,73308.0
2023-05,2023/05/01,Região de Saúde LVT,"Centro Hospitalar Universitário Lisboa Central, EPE","38.7166948, -9.1371248",54860.0,34366.0,8840.0,2459.0,100525.0
2023-05,2023/05/01,Região de Saúde LVT,"Centro Hospitalar de Lisboa Ocidental, EPE","38.708454, -9.216985",38631.0,14296.0,5474.0,,58401.0
2023-05,2023/05/01,Região de Saúde Norte,"Centro Hospitalar Universitário de São João, EPE","41.1831056, -8.6010558",72664.0,34130.0,5307.0,,112101.0
2023-05,2023/05/01,Região de Saúde Norte,"Centro Hospitalar do Médio Ave, EPE","41.3423984, -8.4802503",36287.0,14138.0,2867.0,,53292.0
2023-05,2023/05/01,Região de Saúde Norte,"Unidade Local de Saúde do Nordeste, EPE","41.8056532, -6.7888197",41134.0,,,,41134.0
2023-06,2023/06/01,Região de Saúde do Centro,"Centro Hospitalar Universitário Cova da Beira, EPE","40.2804158, -7.4922407",24441.0,7511.0,1946.0,216.0,34114.0
2023-06,2023/06/01,Região de Saúde LVT,"Centro Hospitalar de Lisboa Ocidental, EPE","38.708454, -9.216985",46474.0,16523.0,6473.0,,69470.0
2023-06,2023/06/01,Região de Saúde LVT,"Centro Hospitalar de Setúbal, EPE","38.5283754, -8.8818638",38149.0,17914.0,4685.0,,60748.0
2023-06,2023/06/01,Região de Saúde LVT,"Hospital Distrital de Santarém, EPE","39.2410946, -8.6937515",41258.0,15901.0,3839.0,,60998.0
2023-06,2023/06/01,Região de Saúde Norte,"Centro Hospitalar Póvoa de Varzim/Vila do Conde, EPE","41.3828711, -8.7589945",35688.0,,,,35688.0
2023-06,2023/06/01,Região de Saúde Norte,"Hospital da Senhora da Oliveira, Guimarães, EPE","41.4387173, -8.3086907",52095.0,17561.0,5209.0,,74865.0
2023-06,2023/06/01,Região de Saúde Norte,"Hospital de Braga, EPE","41.56785, -8.398982",74838.0,24030.0,6802.0,,105670.0
2023-07,2023/07/01,Região de Saúde do Alentejo,"Unidade Local de Saúde do Baixo Alentejo, EPE","38.014123, -7.8721227",53024.0,10371.0,2345.0,,65740.0
2023-07,2023/07/01,Região de Saúde do Alentejo,"Unidade Local de Saúde do Norte Alentejano, EPE","39.3003425, -7.4263845",45215.0,5118.0,1453.0,,51786.0
2023-07,2023/07/01,Região de Saúde do Centro,"Centro Hospitalar do Baixo Vouga, EPE","40.6362453, -8.6543716",77775.0,25260.0,4032.0,,107067.0
2023-07,2023/07/01,Região de Saúde do Centro,"Centro Hospitalar Tondela-Viseu, EPE","40.516364, -8.0827433",65950.0,20107.0,8642.0,,94699.0
2023-07,2023/07/01,Região de Saúde do Centro,"Hospital Distrital da Figueira da Foz, EPE","40.117897, -8.8586755",30305.0,11264.0,,,41569.0
2023-07,2023/07/01,Região de Saúde LVT,"Centro Hospitalar Universitário Lisboa Central, EPE","38.7166948, -9.1371248",78894.0,46920.0,13147.0,3613.0,142574.0
2023-07,2023/07/01,Região de Saúde LVT,"Centro Hospitalar de Lisboa Ocidental, EPE","38.708454, -9.216985",54323.0,18590.0,7670.0,,80583.0
2023-07,2023/07/01,Região de Saúde Norte,"Hospital de Braga, EPE","41.56785, -8.398982",88609.0,27630.0,8089.0,,124328.0
2023-08,2023/08/01,Região de Saúde do Centro,"Centro Hospitalar de Leiria, EPE","39.7414812, -8.7982706",89840.0,20739.0,9633.0,,120212.0
2023-08,2023/08/01,Região de Saúde do Centro,"Unidade Local de Saúde de Castelo Branco, EPE","39.8212263, -7.4981271",35914.0,10091.0,1200.0,,47205.0
2023-08,2023/08/01,Região de Saúde LVT,"Centro Hospitalar de Setúbal, EPE","38.5283754, -8.8818638",51287.0,22380.0,6688.0,,80355.0
2023-08,2023/08/01,Região de Saúde LVT,"Centro Hospitalar do Oeste, EPE","39.4054629, -9.1258493",79972.0,30541.0,3029.0,,113542.0
2023-08,2023/08/01,Região de Saúde LVT,"Centro Hospitalar Universitário de Lisboa Norte, EPE","38.7500861, -9.1616116",94706.0,30109.0,10319.0,,135134.0
2023-08,2023/08/01,Região de Saúde LVT,"Hospital Distrital de Santarém, EPE","39.2410946, -8.6937515",55666.0,20441.0,5175.0,,81282.0
2023-08,2023/08/01,Região de Saúde LVT,"Hospital Professor Doutor Fernando Fonseca, EPE","38.7422257, -9.2264834",117488.0,37696.0,13695.0,,168879.0
2023-08,2023/08/01,Região de Saúde Norte,"Centro Hospitalar Vila Nova de Gaia/Espinho, EPE","41.1094138, -8.5972617",94585.0,29283.0,5648.0,,129516.0
2023-08,2023/08/01,Região de Saúde Norte,"Hospital da Senhora da Oliveira, Guimarães, EPE","41.4387173, -8.3086907",70392.0,22428.0,7259.0,,100079.0
2023-09,2023/09/01,Região de Saúde do Centro,"Centro Hospitalar do Baixo Vouga, EPE","40.6362453, -8.6543716",101202.0,30954.0,5332.0,,137488.0
2023-09,2023/09/01,Região de Saúde do Centro,"Hospital Distrital da Figueira da Foz, EPE","40.117897, -8.8586755",40111.0,13981.0,,,54092.0
2023-09,2023/09/01,Região de Saúde do Centro,"Unidade Local de Saúde de Castelo Branco, EPE","39.8212263, -7.4981271",39913.0,10962.0,1354.0,,52229.0
2023-09,2023/09/01,Região de Saúde LVT,"Centro Hospitalar de Lisboa Ocidental, EPE","38.708454, -9.216985",69995.0,22203.0,11496.0,,103694.0
2023-09,2023/09/01,Região de Saúde LVT,"Centro Hospitalar do Oeste, EPE","39.4054629, -9.1258493",89716.0,33560.0,3040.0,,126316.0
2023-09,2023/09/01,Região de Saúde LVT,"Centro Hospitalar Médio Tejo, EPE","39.478072, -8.5404429",89668.0,23291.0,3588.0,,116547.0
2023-09,2023/09/01,Região de Saúde LVT,"Hospital de Vila Franca de Xira, EPE","38.977235, -8.984506",61204.0,32740.0,6524.0,,100468.0
2023-09,2023/09/01,Região de Saúde LVT,"Hospital Distrital de Santarém, EPE","39.2410946, -8.6937515",62275.0,22586.0,5767.0,,90628.0
2023-09,2023/09/01,Região de Saúde Norte,"Centro Hospitalar Tâmega e Sousa, EPE","41.2494561, -8.264901",118413.0,26707.0,11774.0,,156894.0
2023-09,2023/09/01,Região de Saúde Norte,"Centro Hospitalar Trás-os-Montes e Alto Douro, EPE","41.3031784, -7.7515252",117386.0,22111.0,6503.0,,146000.0
2023-10,2023/10/01,Região de Saúde do Centro,"Centro Hospitalar do Baixo Vouga, EPE","40.6362453, -8.6543716",111601.0,34663.0,5916.0,,152180.0
2023-10,2023/10/01,Região de Saúde LVT,"Centro Hospitalar Universitário de Lisboa Norte, EPE","38.7500861, -9.1616116",117393.0,37337.0,10319.0,,165049.0
2023-10,2023/10/01,Região de Saúde LVT,"Centro Hospitalar Médio Tejo, EPE","39.478072, -8.5404429",99268.0,25666.0,4028.0,,128962.0
2023-10,2023/10/01,Região de Saúde LVT,"Hospital de Loures, EPE","38.821455, -9.176296",66761.0,25636.0,11743.0,0.0,104140.0
2023-10,2023/10/01,Região de Saúde LVT,"Hospital de Vila Franca de Xira, EPE","38.977235, -8.984506",68161.0,37352.0,7254.0,,112767.0
2023-10,2023/10/01,Região de Saúde LVT,"Hospital Distrital de Santarém, EPE","39.2410946, -8.6937515",68168.0,25654.0,6441.0,,100263.0
2023-10,2023/10/01,Região de Saúde Norte,"Centro Hospitalar Entre Douro e Vouga, EPE","40.9293884, -8.5458794",155409.0,28713.0,7406.0,,191528.0
2023-10,2023/10/01,Região de Saúde Norte,"Hospital da Senhora da Oliveira, Guimarães, EPE","41.4387173, -8.3086907",87692.0,27986.0,9302.0,,124980.0
2023-10,2023/10/01,Região de Saúde Norte,"Hospital Santa Maria Maior, EPE","41.5324234, -8.6171561",45221.0,10216.0,,,55437.0
2023-10,2023/10/01,Região de Saúde Norte,"Unidade Local de Saúde do Alto Minho, EPE","41.7056054, -8.8252713",120881.0,16290.0,5806.0,,142977.0
2023-11,2023/11/01,Região de Saúde do Alentejo,"Unidade Local de Saúde do Litoral Alentejano, EPE","38.0162314, -8.6956768",88364.0,,,,88364.0
2023-11,2023/11/01,Região de Saúde do Centro,"Centro Hospitalar do Baixo Vouga, EPE","40.6362453, -8.6543716",121072.0,38680.0,6451.0,,166203.0
2023-11,2023/11/01,Região de Saúde do Centro,"Unidade Local de Saúde da Guarda, EPE","40.5309916, -7.2734793",71885.0,13464.0,3877.0,,89226.0
2023-11,2023/11/01,Região de Saúde LVT,"Centro Hospitalar de Setúbal, EPE","38.5283754, -8.8818638",68894.0,30546.0,9018.0,,108458.0
2023-11,2023/11/01,Região de Saúde LVT,"Hospital Distrital de Santarém, EPE","39.2410946, -8.6937515",73943.0,28855.0,7008.0,,109806.0
2023-11,2023/11/01,Região de Saúde Norte,"Hospital de Braga, EPE","41.56785, -8.398982",139697.0,43070.0,11896.0,,194663.0
2023-11,2023/11/01,Região de Saúde Norte,"Hospital Santa Maria Maior, EPE","41.5324234, -8.6171561",48960.0,11557.0,,,60517.0
2023-11,2023/11/01,Região de Saúde Norte,"Unidade Local de Saúde do Alto Minho, EPE","41.7056054, -8.8252713",132271.0,18128.0,6431.0,,156830.0
2023-12,2023/12/01,Região de Saúde LVT,"Centro Hospitalar de Lisboa Ocidental, EPE","38.708454, -9.216985",90796.0,31155.0,17133.0,,139084.0
2023-12,2023/12/01,Região de Saúde LVT,"Centro Hospitalar de Setúbal, EPE","38.5283754, -8.8818638",74816.0,34024.0,9753.0,,118593.0
2023-12,2023/12/01,Região de Saúde LVT,"Hospital Distrital de Santarém, EPE","39.2410946, -8.6937515",79915.0,32662.0,7624.0,,120201.0
2023-12,2023/12/01,Região de Saúde Norte,"Centro Hospitalar Universitário de São João, EPE","41.1831056, -8.6010558",173776.0,80558.0,13333.0,,267667.0
2023-12,2023/12/01,Região de Saúde Norte,"Centro Hospitalar Trás-os-Montes e Alto Douro, EPE","41.3031784, -7.7515252",152651.0,30590.0,8643.0,,191884.0
2023-12,2023/12/01,Região de Saúde Norte,"Centro Hospitalar Vila Nova de Gaia/Espinho, EPE","41.1094138, -8.5972617",140711.0,47312.0,8624.0,,196647.0
2023-12,2023/12/01,Região de Saúde Norte,"Hospital de Braga, EPE","41.56785, -8.398982",152600.0,47808.0,12728.0,,213136.0
2023-12,2023/12/01,Região de Saúde Norte,"Unidade Local de Saúde do Alto Minho, EPE","41.7056054, -8.8252713",143409.0,20764.0,6894.0,,171067.0
2024-01,2024/01/01,Região de Saúde LVT,"Hospital de Cascais, PPP","38.730076, -9.418207",5910.0,3559.0,1338.0,73.0,10880.0
2024-01,2024/01/01,Região de Saúde do Alentejo,"Unidade Local de Saúde do Alentejo Central, EPE","38.568838, -7.903064",3582.0,1159.0,,,4741.0
2024-01,2024/01/01,Região de Saúde LVT,"Unidade Local de Saúde do Arco Ribeirinho, EPE","38.6527214050293, -9.0",9228.0,1728.0,737.0,0.0,11693.0
2024-01,2024/01/01,Região de Saúde do Alentejo,"Unidade Local de Saúde do Litoral Alentejano, EPE","38.039936, -8.731693",8222.0,,,,8222.0
2024-01,2024/01/01,Região de Saúde Norte,"Unidade Local de Saúde do Médio Ave, EPE","41.3422317504883, -8.0",6824.0,2592.0,560.0,0.0,9976.0
2025-01,2025/01/01,Região de Saúde do Alentejo,"Unidade Local de Saúde do Alto Alentejo, EPE","39.2999, -7.4267",6809.0,943.0,222.0,,7974.0
2025-01,2025/01/01,Região de Saúde Norte,"Unidade Local de Saúde do Alto Minho, EPE","41.697519, -8.832517",9737.0,1640.0,510.0,,11887.0
2025-01,2025/01/01,Região de Saúde LVT,"Unidade Local de Saúde do Arco Ribeirinho, EPE","38.6527214050293, -9.0",9422.0,2337.0,613.0,0.0,12372.0
2025-01,2025/01/01,Região de Saúde do Alentejo,"Unidade Local de Saúde do Baixo Alentejo, EPE","38.0146, -7.86863",8417.0,1867.0,367.0,,10651.0
2025-01,2025/01/01,Região de Saúde do Centro,"Unidade Local de Saúde do Baixo Mondego, EPE","40.130297609, -8.8606",3966.0,1645.0,,,5611.0
2025-01,2025/01/01,Região de Saúde LVT,"Unidade Local de Saúde do Estuário do Tejo, EPE","38.977344, -8.984882",6191.0,3880.0,505.0,,10576.0
2025-01,2025/01/01,Região de Saúde Norte,"Unidade Local de Saúde do Tâmega e Sousa, EPE","41.1971153671548, -8.0",14093.0,2879.0,985.0,,17957.0
2026-01,2026/01/01,Região de Saúde do Centro,"Unidade Local de Saúde da Cova da Beira, EPE","40.2776794433594, -7.0",3778.0,1311.0,305.0,0.0,5394.0
2026-01,2026/01/01,Região de Saúde do Centro,"Unidade Local de Saúde da Região de Leiria, EPE","39.7418, -8.79444",9474.0,2020.0,567.0,,12061.0
2026-01,2026/01/01,Região de Saúde Norte,"Unidade Local de Saúde de Braga, EPE","41.562328338623, -8.3",11560.0,2183.0,1016.0,,14759.0
2026-01,2026/01/01,Região de Saúde Norte,"Unidade Local de Saúde de São João, EPE","41.1833, -8.60193",12733.0,6143.0,1061.0,,19937.0
2026-01,2026/01/01,Região de Saúde Norte,"Unidade Local de Saúde de Trás-os-Montes e Alto Douro, EPE","41.310331, -7.760103",14785.0,2704.0,446.0,,17935.0
2026-01,2026/01/01,Região de Saúde do Algarve,"Unidade Local de Saúde do Algarve, EPE","37.024668, -7.928949",21244.0,5474.0,1189.0,0.0,27907.0
2024-02,2024/02/01,Região de Saúde do Centro,"Unidade Local de Saúde de Dão-Lafões, EPE","40.6509, -7.91039",17289.0,5980.0,2198.0,,25467.0
2024-02,2024/02/01,Região de Saúde LVT,"Unidade Local de Saúde de Lisboa Ocidental, EPE","38.7084, -9.21711",13524.0,4972.0,2343.0,,20839.0
2024-02,2024/02/01,Região de Saúde Norte,"Unidade Local de Saúde de São João, EPE","41.1833, -8.60193",25885.0,12832.0,1933.0,,40650.0
2024-02,2024/02/01,Região de Saúde Norte,"Unidade Local de Saúde do Alto Minho, EPE","41.697519, -8.832517",21666.0,3654.0,1052.0,,26372.0
2024-02,2024/02/01,Região de Saúde LVT,"Unidade Local de Saúde do Arco Ribeirinho, EPE","38.6527214050293, -9.0",18486.0,3512.0,1267.0,0.0,23265.0
2024-02,2024/02/01,Região de Saúde do Alentejo,"Unidade Local de Saúde do Baixo Alentejo, EPE","38.0146, -7.86863",15052.0,2958.0,683.0,,18693.0
2024-02,2024/02/01,Região de Saúde do Centro,"Unidade Local de Saúde do Baixo Mondego, EPE","40.130297609, -8.8606",7890.0,3348.0,,,11238.0
2025-02,2025/02/01,Região de Saúde do Centro,"Unidade Local de Saúde da Guarda, EPE","40.5309943471486, -7.0",13655.0,3084.0,591.0,,17330.0
2025-02,2025/02/01,Região de Saúde LVT,"Unidade Local de Saúde de Almada-Seixal, EPE","38.67381, -9.17597",13742.0,5792.0,1653.0,,21187.0
2025-02,2025/02/01,Região de Saúde LVT,"Unidade Local de Saúde de Amadora/Sintra, EPE","38.7436332060551, -9.0",27514.0,8840.0,2465.0,,38819.0
2025-02,2025/02/01,Região de Saúde LVT,"Unidade Local de Saúde de Loures-Odivelas, EPE","38.821769, -9.176301",10667.0,3775.0,1927.0,0.0,16369.0
2025-02,2025/02/01,Região de Saúde Norte,"Unidade Local de Saúde de Santo António, EPE","41.147283, -8.619536",19272.0,,2378.0,,21650.0
2025-02,2025/02/01,Região de Saúde Norte,"Unidade Local de Saúde do Alto Ave, EPE","41.488574, -8.338685",15530.0,4854.0,1534.0,,21918.0
2025-02,2025/02/01,Região de Saúde Norte,"Unidade Local de Saúde do Médio Ave, EPE","41.3422317504883, -8.0",12600.0,3902.0,1094.0,,17596.0
2025-02,2025/02/01,Região de Saúde Norte,"Unidade Local de Saúde do Tâmega e Sousa, EPE","41.1971153671548, -8.0",27335.0,5317.0,1866.0,,34518.0
2026-02,2026/02/01,Região de Saúde LVT,"Hospital de Cascais, PPP","38.730076, -9.418207",12456.0,5562.0,2041.0,130.0,20189.0
2026-02,2026/02/01,Região de Saúde LVT,"Unidade Local de Saúde da Arrábida, EPE","38.529351, -8.881073",12698.0,4622.0,711.0,,18031.0
2026-02,2026/02/01,Região de Saúde do Centro,"Unidade Local de Saúde da Guarda, EPE","40.5309943471486, -7.0",12348.0,2637.0,719.0,,15704.0
2026-02,2026/02/01,Região de Saúde LVT,"Unidade Local de Saúde da Lezíria, EPE","39.232503, -8.715083",11186.0,3314.0,1158.0,,15658.0
2026-02,2026/02/01,Região de Saúde LVT,"Unidade Local de Saúde de Almada-Seixal, EPE","38.67381, -9.17597",13280.0,4806.0,3039.0,,21125.0
2026-02,2026/02/01,Região de Saúde Norte,"Unidade Local de Saúde de Barcelos/Esposende, EPE","41.533438, -8.616604",7819.0,1459.0,,,9278.0
2026-02,2026/02/01,Região de Saúde LVT,"Unidade Local de Saúde de São José, EPE","38.7169, -9.13654",20759.0,9910.0,2737.0,886.0,34292.0
2026-02,2026/02/01,Região de Saúde Norte,"Unidade Local de Saúde do Alto Ave, EPE","41.488574, -8.338685",15147.0,4678.0,1701.0,,21526.0
2026-02,2026/02/01,Região de Saúde do Centro,"Unidade Local de Saúde do Baixo Mondego, EPE","40.130297609, -8.8606",6469.0,2149.0,,,8618.0
2026-02,2026/02/01,Região de Saúde do Alentejo,"Unidade Local de Saúde do Litoral Alentejano, EPE","38.039936, -8.731693",12955.0,,,,12955.0
2026-02,2026/02/01,Região de Saúde LVT,"Unidade Local de Saúde do Médio Tejo, EPE","39.605565, -8.404399",17449.0,4277.0,588.0,,22314.0
2024-03,2024/03/01,Região de Saúde do Centro,"Unidade Local de Saúde da Região de Leiria, EPE","39.7418, -8.79444",30274.0,7891.0,2350.0,,40515.0
2024-03,2024/03/01,Região de Saúde LVT,"Unidade Local de Saúde de Lisboa Ocidental, EPE","38.7084, -9.21711",21153.0,8049.0,3457.0,,32659.0
2024-03,2024/03/01,Região de Saúde LVT,"Unidade Local de Saúde de Santa Maria, EPE","38.7500648498535, -9.0",31897.0,12377.0,420.0,,44694.0
2024-03,2024/03/01,Região de Saúde do Alentejo,"Unidade Local de Saúde do Alentejo Central, EPE","38.568838, -7.903064",11259.0,3782.0,,,15041.0
2024-03,2024/03/01,Região de Saúde do Algarve,"Unidade Local de Saúde do Algarve, EPE","37.024668, -7.928949",65478.0,18015.0,4494.0,0.0,87987.0
2024-03,2024/03/01,Região de Saúde do Centro,"Unidade Local de Saúde do Baixo Mondego, EPE","40.130297609, -8.8606",12232.0,5344.0,,,17576.0
2024-03,2024/03/01,Região de Saúde Norte,"Unidade Local de Saúde do Tâmega e Sousa, EPE","41.1971153671548, -8.0",35605.0,9267.0,2981.0,,47853.0
2025-03,2025/03/01,Região de Saúde LVT,"Unidade Local de Saúde de Amadora/Sintra, EPE","38.7436332060551, -9.0",40192.0,12942.0,3803.0,,56937.0
2025-03,2025/03/01,Região de Saúde Norte,"Unidade Local de Saúde de Vila Nova de Gaia/Espinho, EPE","41.1254463195801, -8.0",31920.0,9060.0,1769.0,,42749.0
2025-03,2025/03/01,Região de Saúde Norte,"Unidade Local de Saúde do Tâmega e Sousa, EPE","41.1971153671548, -8.0",41713.0,7970.0,2877.0,,52560.0
2024-04,2024/04/01,Região de Saúde Norte,"Unidade Local de Saúde de Barcelos/Esposende, EPE","41.533438, -8.616604",17158.0,5093.0,,,22251.0
2024-04,2024/04/01,Região de Saúde do Centro,"Unidade Local de Saúde de Coimbra, EPE","40.217426, -8.410075",65495.0,23547.0,7650.0,,96692.0
2024-04,2024/04/01,Região de Saúde Norte,"Unidade Local de Saúde de Entre Douro e Vouga, EPE","40.9295, -8.54567",57292.0,11700.0,2500.0,,71492.0
2024-04,2024/04/01,Região de Saúde LVT,"Unidade Local de Saúde de Santa Maria, EPE","38.7500648498535, -9.0",44204.0,16823.0,836.0,,61863.0
2024-04,2024/04/01,Região de Saúde LVT,"Unidade Local de Saúde de São José, EPE","38.7169, -9.13654",43741.0,28989.0,8217.0,2057.0,83004.0
2024-04,2024/04/01,Região de Saúde Norte,"Unidade Local de Saúde de Vila Nova de Gaia/Espinho, EPE","41.1254463195801, -8.0",42360.0,14442.0,2714.0,,59516.0
2024-04,2024/04/01,Região de Saúde do Algarve,"Unidade Local de Saúde do Algarve, EPE","37.024668, -7.928949",90126.0,24784.0,5766.0,0.0,120676.0
2024-04,2024/04/01,Região de Saúde Norte,"Unidade Local de Saúde do Alto Ave, EPE","41.488574, -8.338685",33409.0,12819.0,3291.0,,49519.0
2024-04,2024/04/01,Região de Saúde do Centro,"Unidade Local de Saúde do Baixo Mondego, EPE","40.130297609, -8.8606",16668.0,7137.0,,,23805.0
2024-04,2024/04/01,Região de Saúde Norte,"Unidade Local de Saúde do Nordeste, EPE","41.802452, -6.768198",34204.0,,,,34204.0
2024-04,2024/04/01,Região de Saúde LVT,"Unidade Local de Saúde do Oeste, EPE","39.4055519104004, -9.0",38640.0,17746.0,1986.0,,58372.0
2025-04,2025/04/01,Região de Saúde LVT,"Unidade Local de Saúde da Arrábida, EPE","38.529351, -8.881073",26485.0,11634.0,1629.0,,39748.0
2025-04,2025/04/01,Região de Saúde Norte,"Unidade Local de Saúde da Póvoa de Varzim/Vila do Conde, EPE","41.383183, -8.758784",21454.0,,,,21454.0
2025-04,2025/04/01,Região de Saúde do Centro,"Unidade Local de Saúde da Região de Leiria, EPE","39.7418, -8.79444",38196.0,8204.0,2255.0,,48655.0
2025-04,2025/04/01,Região de Saúde LVT,"Unidade Local de Saúde de Amadora/Sintra, EPE","38.7436332060551, -9.0",52756.0,16817.0,5061.0,,74634.0
2025-04,2025/04/01,Região de Saúde Norte,"Unidade Local de Saúde de Braga, EPE","41.562328338623, -8.3",46132.0,13660.0,3720.0,,63512.0
2025-04,2025/04/01,Região de Saúde LVT,"Unidade Local de Saúde de São José, EPE","38.7169, -9.13654",42479.0,24028.0,6764.0,1802.0,75073.0
2025-04,2025/04/01,Região de Saúde do Alentejo,"Unidade Local de Saúde do Alentejo Central, EPE","38.568838, -7.903064",16585.0,5381.0,,,21966.0
2025-04,2025/04/01,Região de Saúde do Alentejo,"Unidade Local de Saúde do Baixo Alentejo, EPE","38.0146, -7.86863",30285.0,6026.0,1336.0,,37647.0
2025-04,2025/04/01,Região de Saúde LVT,"Unidade Local de Saúde do Estuário do Tejo, EPE","38.977344, -8.984882",23387.0,11009.0,1850.0,,36246.0
2025-04,2025/04/01,Região de Saúde LVT,"Unidade Local de Saúde do Oeste, EPE","39.4055519104004, -9.0",33548.0,13094.0,2113.0,,48755.0
2024-05,2024/05/01,Região de Saúde do Centro,"Unidade Local de Saúde da Guarda, EPE","40.5309943471486, -7.0",33512.0,7294.0,1598.0,,42404.0
2024-05,2024/05/01,Região de Saúde Norte,"Unidade Local de Saúde da Póvoa de Varzim/Vila do Conde, EPE","41.383183, -8.758784",28934.0,,,,28934.0
2024-05,2024/05/01,Região de Saúde LVT,"Unidade Local de Saúde de Almada-Seixal, EPE","38.67381, -9.17597",37933.0,17511.0,6955.0,,62399.0
2024-05,2024/05/01,Região de Saúde do Centro,"Unidade Local de Saúde de Coimbra, EPE","40.217426, -8.410075",83632.0,30455.0,9544.0,,123631.0
2024-05,2024/05/01,Região de Saúde Norte,"Unidade Local de Saúde de Matosinhos, EPE","41.181859, -8.663374",34334.0,,3574.0,,37908.0
2025-05,2025/05/01,Região de Saúde LVT,"Hospital de Cascais, PPP","38.730076, -9.418207",35725.0,17349.0,5958.0,335.0,59367.0
2025-05,2025/05/01,Região de Saúde LVT,"Unidade Local de Saúde de Almada-Seixal, EPE","38.67381, -9.17597",35031.0,13593.0,4685.0,,53309.0
2025-05,2025/05/01,Região de Saúde Norte,"Unidade Local de Saúde de Braga, EPE","41.562328338623, -8.3",58410.0,17176.0,4720.0,,80306.0
2025-05,2025/05/01,Região de Saúde Norte,"Unidade Local de Saúde de Santo António, EPE","41.147283, -8.619536",50367.0,,6489.0,,56856.0
2025-05,2025/05/01,Região de Saúde Norte,"Unidade Local de Saúde do Alto Minho, EPE","41.697519, -8.832517",47328.0,8553.0,2494.0,,58375.0
2025-05,2025/05/01,Região de Saúde do Alentejo,"Unidade Local de Saúde do Baixo Alentejo, EPE","38.0146, -7.86863",38267.0,7568.0,1736.0,,47571.0
2025-05,2025/05/01,Região de Saúde LVT,"Unidade Local de Saúde do Estuário do Tejo, EPE","38.977344, -8.984882",29165.0,12410.0,2348.0,,43923.0
2025-05,2025/05/01,Região de Saúde Norte,"Unidade Local de Saúde do Tâmega e Sousa, EPE","41.1971153671548, -8.0",70395.0,12650.0,4911.0,,87956.0
2024-06,2024/06/01,Região de Saúde do Centro,"Unidade Local de Saúde Castelo Branco, EPE","39.822737, -7.499876",27154.0,9249.0,1173.0,,37576.0
2024-06,2024/06/01,Região de Saúde do Centro,"Unidade Local de Saúde da Cova da Beira, EPE","40.2776794433594, -7.0",25078.0,9221.0,1967.0,199.0,36465.0
2024-06,2024/06/01,Região de Saúde do Centro,"Unidade Local de Saúde da Guarda, EPE","40.5309943471486, -7.0",40722.0,8708.0,1926.0,,51356.0
2024-06,2024/06/01,Região de Saúde LVT,"Unidade Local de Saúde de Almada-Seixal, EPE","38.67381, -9.17597",45668.0,20611.0,7756.0,,74035.0
2024-06,2024/06/01,Região de Saúde do Centro,"Unidade Local de Saúde de Coimbra, EPE","40.217426, -8.410075",100819.0,36220.0,11508.0,,148547.0
2024-06,2024/06/01,Região de Saúde LVT,"Unidade Local de Saúde de Loures-Odivelas, EPE","38.821769, -9.176301",36087.0,13652.0,7744.0,0.0,57483.0
2024-06,2024/06/01,Região de Saúde Norte,"Unidade Local de Saúde do Médio Ave, EPE","41.3422317504883, -8.0",43680.0,18486.0,3557.0,0.0,65723.0
2024-06,2024/06/01,Região de Saúde Norte,"Unidade Local de Saúde do Nordeste, EPE","41.802452, -6.768198",52686.0,,,,52686.0
2025-06,2025/06/01,Região de Saúde LVT,"Unidade Local de Saúde de Amadora/Sintra, EPE","38.7436332060551, -9.0",78272.0,24505.0,8005.0,,110782.0
2025-06,2025/06/01,Região de Saúde LVT,"Unidade Local de Saúde de Lisboa Ocidental, EPE","38.7084, -9.21711",45882.0,13594.0,6843.0,0.0,66319.0
2025-06,2025/06/01,Região de Saúde do Alentejo,"Unidade Local de Saúde do Alentejo Central, EPE","38.568838, -7.903064",25684.0,7977.0,,,33661.0
2025-06,2025/06/01,Região de Saúde do Algarve,"Unidade Local de Saúde do Algarve, EPE","37.024668, -7.928949",140818.0,34841.0,6596.0,0.0,182255.0
2025-06,2025/06/01,Região de Saúde Norte,"Unidade Local de Saúde do Alto Ave, EPE","41.488574, -8.338685",48873.0,13456.0,5041.0,,67370.0
2025-06,2025/06/01,Região de Saúde Norte,"Unidade Local de Saúde do Tâmega e Sousa, EPE","41.1971153671548, -8.0",85363.0,14911.0,5980.0,,106254.0
2024-07,2024/07/01,Região de Saúde do Centro,"Unidade Local de Saúde Castelo Branco, EPE","39.822737, -7.499876",31858.0,10373.0,1373.0,,43604.0
2024-07,2024/07/01,Região de Saúde Norte,"Unidade Local de Saúde da Póvoa de Varzim/Vila do Conde, EPE","41.383183, -8.758784",39915.0,,,,39915.0
2024-07,2024/07/01,Região de Saúde Norte,"Unidade Local de Saúde de Braga, EPE","41.562328338623, -8.3",89494.0,29772.0,6783.0,,126049.0
2024-07,2024/07/01,Região de Saúde do Centro,"Unidade Local de Saúde de Coimbra, EPE","40.217426, -8.410075",118476.0,41108.0,13569.0,,173153.0
2024-07,2024/07/01,Região de Saúde do Centro,"Unidade Local de Saúde de Dão-Lafões, EPE","40.6509, -7.91039",66578.0,18964.0,8640.0,,94182.0
2024-07,2024/07/01,Região de Saúde LVT,"Unidade Local de Saúde de Santa Maria, EPE","38.7500648498535, -9.0",81551.0,28884.0,2974.0,,113409.0
2024-07,2024/07/01,Região de Saúde Norte,"Unidade Local de Saúde de Santo António, EPE","41.147283, -8.619536",74341.0,,11866.0,,86207.0
2024-07,2024/07/01,Região de Saúde Norte,"Unidade Local de Saúde de São João, EPE","41.1833, -8.60193",100447.0,48742.0,7469.0,,156658.0
2024-07,2024/07/01,Região de Saúde Norte,"Unidade Local de Saúde de Vila Nova de Gaia/Espinho, EPE","41.1254463195801, -8.0",76881.0,23548.0,4715.0,,105144.0
2024-07,2024/07/01,Região de Saúde Norte,"Unidade Local de Saúde do Alto Minho, EPE","41.697519, -8.832517",83601.0,13028.0,4015.0,,100644.0
2024-07,2024/07/01,Região de Saúde do Alentejo,"Unidade Local de Saúde do Baixo Alentejo, EPE","38.0146, -7.86863",56252.0,11509.0,2408.0,,70169.0
2024-07,2024/07/01,Região de Saúde LVT,"Unidade Local de Saúde do Médio Tejo, EPE","39.605565, -8.404399",69511.0,16535.0,2469.0,,88515.0
2024-07,2024/07/01,Região de Saúde LVT,"Unidade Local de Saúde do Oeste, EPE","39.4055519104004, -9.0",69817.0,30561.0,3809.0,,104187.0
2024-07,2024/07/01,Região de Saúde Norte,"Unidade Local de Saúde do Tâmega e Sousa, EPE","41.1971153671548, -8.0",90880.0,22874.0,7486.0,,121240.0
2025-07,2025/07/01,Região de Saúde do Centro,"Unidade Local de Saúde da Cova da Beira, EPE","40.2776794433594, -7.0",28074.0,9133.0,2157.0,335.0,39699.0
2025-07,2025/07/01,Região de Saúde do Centro,"Unidade Local de Saúde da Guarda, EPE","40.5309943471486, -7.0",46121.0,8946.0,2409.0,,57476.0
2025-07,2025/07/01,Região de Saúde Norte,"Unidade Local de Saúde de Barcelos/Esposende, EPE","41.533438, -8.616604",30212.0,4963.0,,,35175.0
2025-07,2025/07/01,Região de Saúde do Centro,"Unidade Local de Saúde de Coimbra, EPE","40.217426, -8.410075",102575.0,28353.0,12322.0,,143250.0
2025-07,2025/07/01,Região de Saúde Norte,"Unidade Local de Saúde de Vila Nova de Gaia/Espinho, EPE","41.1254463195801, -8.0",75582.0,19400.0,4524.0,,99506.0
2025-07,2025/07/01,Região de Saúde LVT,"Unidade Local de Saúde do Estuário do Tejo, EPE","38.977344, -8.984882",41048.0,14323.0,3256.0,,58627.0
2024-08,2024/08/01,Região de Saúde do Centro,"Unidade Local de Saúde da Guarda, EPE","40.5309943471486, -7.0",55658.0,10995.0,2733.0,,69386.0
2024-08,2024/08/01,Região de Saúde do Centro,"Unidade Local de Saúde da Região de Aveiro, EPE","40.636332, -8.654388",83501.0,31074.0,4240.0,,118815.0
2024-08,2024/08/01,Região de Saúde do Centro,"Unidade Local de Saúde de Dão-Lafões, EPE","40.6509, -7.91039",76871.0,20519.0,9939.0,,107329.0
2024-08,2024/08/01,Região de Saúde Norte,"Unidade Local de Saúde de Santo António, EPE","41.147283, -8.619536",85015.0,,13626.0,,98641.0
2024-08,2024/08/01,Região de Saúde LVT,"Unidade Local de Saúde de São José, EPE","38.7169, -9.13654",91423.0,55513.0,16334.0,4255.0,167525.0
2024-08,2024/08/01,Região de Saúde Norte,"Unidade Local de Saúde de Vila Nova de Gaia/Espinho, EPE","41.1254463195801, -8.0",88552.0,26022.0,5472.0,,120046.0
2024-08,2024/08/01,Região de Saúde do Alentejo,"Unidade Local de Saúde do Baixo Alentejo, EPE","38.0146, -7.86863",63655.0,12726.0,2803.0,,79184.0
2025-08,2025/08/01,Região de Saúde LVT,"Hospital de Cascais, PPP","38.730076, -9.418207",57523.0,25038.0,9273.0,571.0,92405.0
2025-08,2025/08/01,Região de Saúde do Centro,"Unidade Local de Saúde de Coimbra, EPE","40.217426, -8.410075",117848.0,31511.0,14311.0,,163670.0
2025-08,2025/08/01,Região de Saúde LVT,"Unidade Local de Saúde de Loures-Odivelas, EPE","38.821769, -9.176301",43629.0,12840.0,9463.0,0.0,65932.0
2025-08,2025/08/01,Região de Saúde Norte,"Unidade Local de Saúde de Matosinhos, EPE","41.181859, -8.663374",50881.0,,5840.0,,56721.0
2025-08,2025/08/01,Região de Saúde LVT,"Unidade Local de Saúde de Santa Maria, EPE","38.7500648498535, -9.0",82217.0,27567.0,10999.0,,120783.0
2025-08,2025/08/01,Região de Saúde Norte,"Unidade Local de Saúde de Trás-os-Montes e Alto Douro, EPE","41.310331, -7.760103",129930.0,18113.0,3694.0,,151737.0
2025-08,2025/08/01,Região de Saúde Norte,"Unidade Local de Saúde de Vila Nova de Gaia/Espinho, EPE","41.1254463195801, -8.0",86820.0,21407.0,5218.0,,113445.0
2025-08,2025/08/01,Região de Saúde do Alentejo,"Unidade Local de Saúde do Litoral Alentejano, EPE","38.039936, -8.731693",61979.0,,,,61979.0
2024-09,2024/09/01,Região de Saúde do Centro,"Unidade Local de Saúde Castelo Branco, EPE","39.822737, -7.499876",40605.0,12479.0,1756.0,,54840.0
2024-09,2024/09/01,Região de Saúde LVT,"Unidade Local de Saúde da Lezíria, EPE","39.232503, -8.715083",57878.0,22496.0,5723.0,,86097.0
2024-09,2024/09/01,Região de Saúde LVT,"Unidade Local de Saúde de Almada-Seixal, EPE","38.67381, -9.17597",69844.0,28668.0,9863.0,,108375.0
2024-09,2024/09/01,Região de Saúde LVT,"Unidade Local de Saúde de Loures-Odivelas, EPE","38.821769, -9.176301",53599.0,17838.0,11069.0,0.0,82506.0
2024-09,2024/09/01,Região de Saúde Norte,"Unidade Local de Saúde de Matosinhos, EPE","41.181859, -8.663374",62107.0,,6720.0,,68827.0
2024-09,2024/09/01,Região de Saúde Norte,"Unidade Local de Saúde de Trás-os-Montes e Alto Douro, EPE","41.310331, -7.760103",148404.0,23388.0,4087.0,,175879.0
2024-09,2024/09/01,Região de Saúde Norte,"Unidade Local de Saúde de Vila Nova de Gaia/Espinho, EPE","41.1254463195801, -8.0",99458.0,28850.0,6150.0,,134458.0
2024-09,2024/09/01,Região de Saúde Norte,"Unidade Local de Saúde do Alto Ave, EPE","41.488574, -8.338685",78032.0,27297.0,7761.0,,113090.0
2024-09,2024/09/01,Região de Saúde LVT,"Unidade Local de Saúde do Oeste, EPE","39.4055519104004, -9.0",89588.0,36806.0,4740.0,,131134.0
2024-09,2024/09/01,Região de Saúde Norte,"Unidade Local de Saúde do Tâmega e Sousa, EPE","41.1971153671548, -8.0",120383.0,27550.0,9770.0,,157703.0
2025-09,2025/09/01,Região de Saúde LVT,"Hospital de Cascais, PPP","38.730076, -9.418207",64429.0,27969.0,10328.0,642.0,103368.0
2025-09,2025/09/01,Região de Saúde do Centro,"Unidade Local de Saúde Castelo Branco, EPE","39.822737, -7.499876",38208.0,10433.0,1830.0,318.0,50789.0
2025-09,2025/09/01,Região de Saúde do Centro,"Unidade Local de Saúde da Região de Aveiro, EPE","40.636332, -8.654388",89325.0,26289.0,4535.0,,120149.0
2025-09,2025/09/01,Região de Saúde do Centro,"Unidade Local de Saúde da Região de Leiria, EPE","39.7418, -8.79444",89441.0,16589.0,5492.0,,111522.0
2025-09,2025/09/01,Região de Saúde Norte,"Unidade Local de Saúde de Barcelos/Esposende, EPE","41.533438, -8.616604",39249.0,6029.0,,,45278.0
2025-09,2025/09/01,Região de Saúde Norte,"Unidade Local de Saúde de Entre Douro e Vouga, EPE","40.9295, -8.54567",109204.0,15306.0,5532.0,,130042.0
2025-09,2025/09/01,Região de Saúde Norte,"Unidade Local de Saúde de Santo António, EPE","41.147283, -8.619536",92973.0,,11671.0,,104644.0
2025-09,2025/09/01,Região de Saúde Norte,"Unidade Local de Saúde de Trás-os-Montes e Alto Douro, EPE","41.310331, -7.760103",145255.0,19954.0,4185.0,,169394.0
2025-09,2025/09/01,Região de Saúde LVT,"Unidade Local de Saúde do Arco Ribeirinho, EPE","38.6527214050293, -9.0",78872.0,18643.0,4358.0,0.0,101873.0
2025-09,2025/09/01,Região de Saúde LVT,"Unidade Local de Saúde do Médio Tejo, EPE","39.605565, -8.404399",89009.0,20001.0,2799.0,,111809.0
2024-10,2024/10/01,Região de Saúde LVT,"Hospital de Cascais, PPP","38.730076, -9.418207",74632.0,40019.0,14268.0,739.0,129658.0
2024-10,2024/10/01,Região de Saúde LVT,"Unidade Local de Saúde da Lezíria, EPE","39.232503, -8.715083",64522.0,24874.0,6289.0,,95685.0
2024-10,2024/10/01,Região de Saúde do Centro,"Unidade Local de Saúde da Região de Aveiro, EPE","40.636332, -8.654388",104320.0,38531.0,5512.0,,148363.0
2025-10,2025/10/01,Região de Saúde Norte,"Unidade Local de Saúde de Braga, EPE","41.562328338623, -8.3",126122.0,29765.0,9744.0,,165631.0
2025-10,2025/10/01,Região de Saúde Norte,"Unidade Local de Saúde de Entre Douro e Vouga, EPE","40.9295, -8.54567",120798.0,17286.0,6142.0,,144226.0
2025-10,2025/10/01,Região de Saúde LVT,"Unidade Local de Saúde de Lisboa Ocidental, EPE","38.7084, -9.21711",77302.0,20948.0,11633.0,0.0,109883.0
2025-10,2025/10/01,Região de Saúde Norte,"Unidade Local de Saúde de Santo António, EPE","41.147283, -8.619536",103732.0,,13082.0,,116814.0
2025-10,2025/10/01,Região de Saúde Norte,"Unidade Local de Saúde de São João, EPE","41.1833, -8.60193",136165.0,59428.0,10954.0,0.0,206547.0
2025-10,2025/10/01,Região de Saúde Norte,"Unidade Local de Saúde de Vila Nova de Gaia/Espinho, EPE","41.1254463195801, -8.0",108471.0,27096.0,6670.0,,142237.0
2025-10,2025/10/01,Região de Saúde LVT,"Unidade Local de Saúde do Arco Ribeirinho, EPE","38.6527214050293, -9.0",87696.0,21371.0,4676.0,0.0,113743.0
2025-10,2025/10/01,Região de Saúde do Alentejo,"Unidade Local de Saúde do Baixo Alentejo, EPE","38.0146, -7.86863",76278.0,13900.0,3700.0,,93878.0
2025-10,2025/10/01,Região de Saúde do Alentejo,"Unidade Local de Saúde do Litoral Alentejano, EPE","38.039936, -8.731693",76817.0,,,,76817.0
2024-11,2024/11/01,Região de Saúde do Centro,"Unidade Local de Saúde Castelo Branco, EPE","39.822737, -7.499876",49049.0,15183.0,2182.0,,66414.0
2024-11,2024/11/01,Região de Saúde do Centro,"Unidade Local de Saúde de Dão-Lafões, EPE","40.6509, -7.91039",106828.0,26610.0,13644.0,,147082.0
2024-11,2024/11/01,Região de Saúde Norte,"Unidade Local de Saúde de Entre Douro e Vouga, EPE","40.9295, -8.54567",146843.0,26456.0,6670.0,,179969.0
2024-11,2024/11/01,Região de Saúde Norte,"Unidade Local de Saúde de Vila Nova de Gaia/Espinho, EPE","41.1254463195801, -8.0",122408.0,36262.0,7436.0,,166106.0
2024-11,2024/11/01,Região de Saúde do Alentejo,"Unidade Local de Saúde do Baixo Alentejo, EPE","38.0146, -7.86863",86189.0,16996.0,3854.0,,107039.0
2024-11,2024/11/01,Região de Saúde Norte,"Unidade Local de Saúde do Médio Ave, EPE","41.3422317504883, -8.0",79321.0,30212.0,6694.0,,116227.0
2024-11,2024/11/01,Região de Saúde LVT,"Unidade Local de Saúde do Médio Tejo, EPE","39.605565, -8.404399",109995.0,25518.0,3898.0,,139411.0
2025-11,2025/11/01,Região de Saúde do Centro,"Unidade Local de Saúde Castelo Branco, EPE","39.822737, -7.499876",46202.0,12974.0,2281.0,374.0,61831.0
2025-11,2025/11/01,Região de Saúde Norte,"Unidade Local de Saúde de Braga, EPE","41.562328338623, -8.3",138153.0,32880.0,10681.0,,181714.0
2025-11,2025/11/01,Região de Saúde Norte,"Unidade Local de Saúde do Tâmega e Sousa, EPE","41.1971153671548, -8.0",159230.0,27068.0,11352.0,,197650.0
2024-12,2024/12/01,Região de Saúde do Centro,"Unidade Local de Saúde de Coimbra, EPE","40.217426, -8.410075",200563.0,67895.0,23479.0,,291937.0
2024-12,2024/12/01,Região de Saúde Norte,"Unidade Local de Saúde de Matosinhos, EPE","41.181859, -8.663374",82614.0,,8889.0,,91503.0
2024-12,2024/12/01,Região de Saúde LVT,"Unidade Local de Saúde de Santa Maria, EPE","38.7500648498535, -9.0",137347.0,50034.0,8748.0,,196129.0
2024-12,2024/12/01,Região de Saúde Norte,"Unidade Local de Saúde do Nordeste, EPE","41.802452, -6.768198",106369.0,,,,106369.0
2024-12,2024/12/01,Região de Saúde LVT,"Unidade Local de Saúde do Oeste, EPE","39.4055519104004, -9.0",118497.0,51641.0,6667.0,,176805.0
2025-12,2025/12/01,Região de Saúde do Centro,"Unidade Local de Saúde Castelo Branco, EPE","39.822737, -7.499876",50348.0,14425.0,2487.0,404.0,67664.0
2025-12,2025/12/01,Região de Saúde LVT,"Unidade Local de Saúde de Almada-Seixal, EPE","38.67381, -9.17597",85915.0,30868.0,13261.0,,130044.0
2025-12,2025/12/01,Região de Saúde LVT,"Unidade Local de Saúde de Amadora/Sintra, EPE","38.7436332060551, -9.0",152885.0,49879.0,15927.0,,218691.0
2025-12,2025/12/01,Região de Saúde Norte,"Unidade Local de Saúde de Braga, EPE","41.562328338623, -8.3",150177.0,36302.0,11519.0,,197998.0
2025-12,2025/12/01,Região de Saúde Norte,"Unidade Local de Saúde de Entre Douro e Vouga, EPE","40.9295, -8.54567",143942.0,22158.0,7181.0,,173281.0
2025-12,2025/12/01,Região de Saúde LVT,"Unidade Local de Saúde de Loures-Odivelas, EPE","38.821769, -9.176301",64950.0,21718.0,14880.0,0.0,101548.0
2025-12,2025/12/01,Região de Saúde LVT,"Unidade Local de Saúde de São José, EPE","38.7169, -9.13654",132761.0,69353.0,20496.0,5790.0,228400.0
2025-12,2025/12/01,Região de Saúde do Alentejo,"Unidade Local de Saúde do Alentejo Central, EPE","38.568838, -7.903064",51312.0,16413.0,,,67725.0
2025-12,2025/12/01,Região de Saúde do Centro,"Unidade Local de Saúde do Baixo Mondego, EPE","40.130297609, -8.8606",48578.0,16090.0,,,64668.0
2025-12,2025/12/01,Região de Saúde Norte,"Unidade Local de Saúde do Médio Ave, EPE","41.3422317504883, -8.0",77114.0,22945.0,7295.0,,107354.0
2025-12,2025/12/01,Região de Saúde Norte,"Unidade Local de Saúde do Nordeste, EPE","41.802452, -6.768198",101719.0,,,,101719.0
2025-12,2025/12/01,Região de Saúde LVT,"Unidade Local de Saúde do Oeste, EPE","39.4055519104004, -9.0",103312.0,36227.0,6949.0,,146488.0
2013-01,2013/01/01,Região de Saúde LVT,"Centro Hospitalar Universitário Lisboa Central, EPE","38.7166948, -9.1371248",13086.0,7338.0,1745.0,566.0,22735.0
2013-01,2013/01/01,Região de Saúde LVT,"Centro Hospitalar Médio Tejo, EPE","39.478072, -8.5404429",11005.0,2944.0,236.0,,14185.0
2013-01,2013/01/01,Região de Saúde LVT,"Hospital de Vila Franca de Xira, PPP","38.977235, -8.984506",6297.0,2764.0,453.0,,9514.0
2013-01,2013/01/01,Região de Saúde LVT,"Hospital Professor Doutor Fernando Fonseca, EPE","38.7422257, -9.2264834",15496.0,5970.0,1729.0,,23195.0
2013-01,2013/01/01,Região de Saúde Norte,"Centro Hospitalar do Alto Ave, EPE","41.4387173, -8.3086907",8950.0,4064.0,713.0,,13727.0
2013-01,2013/01/01,Região de Saúde Norte,"Hospital de Braga, PPP","41.56785, -8.398982",11074.0,4407.0,1046.0,,16527.0
2013-01,2013/01/01,Região de Saúde Norte,"Hospital Santa Maria Maior, EPE","41.5324234, -8.6171561",4484.0,2873.0,,,7357.0
2013-01,2013/01/01,Região de Saúde Norte,"Unidade Local de Saúde de Matosinhos, EPE","41.1794456, -8.6745115",6335.0,,616.0,,6951.0
2013-01,2013/01/01,Região de Saúde Norte,"Unidade Local de Saúde do Nordeste, EPE","41.8056532, -6.7888197",8404.0,,,,8404.0
2013-02,2013/02/01,Região de Saúde LVT,"Centro Hospitalar Universitário Lisboa Central, EPE","38.7166948, -9.1371248",24760.0,14412.0,3372.0,1168.0,43712.0
2013-02,2013/02/01,Região de Saúde LVT,"Centro Hospitalar de Setúbal, EPE","38.5283754, -8.8818638",12790.0,7731.0,1929.0,,22450.0
2013-02,2013/02/01,Região de Saúde LVT,"Hospital Professor Doutor Fernando Fonseca, EPE","38.7422257, -9.2264834",29380.0,11458.0,3096.0,,43934.0
2013-02,2013/02/01,Região de Saúde Norte,"Centro Hospitalar Universitário de São João, EPE","41.1831056, -8.6010558",30979.0,13605.0,2258.0,,46842.0
2013-02,2013/02/01,Região de Saúde Norte,"Centro Hospitalar Universitário do Porto, EPE","41.1472498, -8.6172617",18755.0,,1912.0,,20667.0
2013-02,2013/02/01,Região de Saúde Norte,"Unidade Local de Saúde do Alto Minho, EPE","41.7056054, -8.8252713",21389.0,4634.0,761.0,,26784.0
2013-02,2013/02/01,Região de Saúde Norte,"Unidade Local de Saúde do Nordeste, EPE","41.8056532, -6.7888197",20444.0,,,,20444.0
2013-03,2013/03/01,Região de Saúde do Alentejo,"Hospital Espírito Santo de Évora, EPE","38.5684861, -7.9032848",12610.0,5544.0,,,18154.0
2013-03,2013/03/01,Região de Saúde do Centro,"Centro Hospitalar Universitário Cova da Beira, EPE","40.2804158, -7.4922407",15251.0,5288.0,381.0,,20920.0
2013-03,2013/03/01,Região de Saúde do Centro,"Centro Hospitalar e Universitário de Coimbra, EPE","40.2191523, -8.4098211",50097.0,16879.0,6584.0,,73560.0
2013-03,2013/03/01,Região de Saúde LVT,"Hospital Professor Doutor Fernando Fonseca, EPE","38.7422257, -9.2264834",44558.0,4582.0,16616.0,,65756.0
2013-03,2013/03/01,Região de Saúde Norte,"Centro Hospitalar Póvoa de Varzim/Vila do Conde, EPE","41.3828711, -8.7589945",20404.0,,,,20404.0
2013-03,2013/03/01,Região de Saúde Norte,"Unidade Local de Saúde do Alto Minho, EPE","41.7056054, -8.8252713",32465.0,6725.0,1140.0,,40330.0
2013-04,2013/04/01,Região de Saúde do Alentejo,"Hospital Espírito Santo de Évora, EPE","38.5684861, -7.9032848",16952.0,7243.0,,,24195.0
2013-04,2013/04/01,Região de Saúde do Algarve,"Centro Hospitalar Universitário do Algarve,EPE","37.0238973, -7.9281554",49426.0,26226.0,3261.0,,78913.0
2013-04,2013/04/01,Região de Saúde LVT,"Centro Hospitalar Universitário Lisboa Central, EPE","38.7166948, -9.1371248",50009.0,28077.0,6895.0,2360.0,87341.0
2013-04,2013/04/01,Região de Saúde LVT,"Centro Hospitalar de Setúbal, EPE","38.5283754, -8.8818638",25733.0,14475.0,3972.0,,44180.0
2013-04,2013/04/01,Região de Saúde LVT,"Hospital de Cascais, PPP","38.729006, -9.418267",27943.0,18615.0,4678.0,,51236.0
2013-05,2013/05/01,Região de Saúde do Centro,"Centro Hospitalar de Leiria, EPE","39.7414812, -8.7982706",50544.0,19165.0,4132.0,,73841.0
2013-05,2013/05/01,Região de Saúde do Centro,"Unidade Local de Saúde de Castelo Branco, EPE","39.8212263, -7.4981271",21053.0,6362.0,511.0,,27926.0
2013-05,2013/05/01,Região de Saúde LVT,"Hospital Distrital de Santarém, EPE","39.2410946, -8.6937515",33683.0,16091.0,3527.0,,53301.0
2013-05,2013/05/01,Região de Saúde Norte,"Hospital de Braga, PPP","41.56785, -8.398982",53696.0,18332.0,4925.0,,76953.0
2013-06,2013/06/01,Região de Saúde do Alentejo,"Hospital Espírito Santo de Évora, EPE","38.5684861, -7.9032848",25717.0,10801.0,,,36518.0
2013-06,2013/06/01,Região de Saúde do Alentejo,"Unidade Local de Saúde do Litoral Alentejano, EPE","38.0162314, -8.6956768",45857.0,,,,45857.0
2013-06,2013/06/01,Região de Saúde do Centro,"Centro Hospitalar Tondela-Viseu, EPE","40.516364, -8.0827433",61484.0,18390.0,6947.0,,86821.0
2013-06,2013/06/01,Região de Saúde do Centro,"Unidade Local de Saúde de Castelo Branco, EPE","39.8212263, -7.4981271",25231.0,7580.0,631.0,,33442.0
2013-06,2013/06/01,Região de Saúde LVT,"Centro Hospitalar Barreiro/Montijo, EPE","38.6554005, -9.0592392",50869.0,19278.0,4721.0,,74868.0
2013-06,2013/06/01,Região de Saúde LVT,"Centro Hospitalar Universitário Lisboa Central, EPE","38.7166948, -9.1371248",74857.0,41079.0,10400.0,3554.0,129890.0
2013-06,2013/06/01,Região de Saúde LVT,"Centro Hospitalar de Setúbal, EPE","38.5283754, -8.8818638",39165.0,21155.0,6018.0,,66338.0
2013-06,2013/06/01,Região de Saúde LVT,"Hospital Professor Doutor Fernando Fonseca, EPE","38.7422257, -9.2264834",90284.0,32125.0,9386.0,,131795.0
2013-06,2013/06/01,Região de Saúde Norte,"Hospital Santa Maria Maior, EPE","41.5324234, -8.6171561",25443.0,11500.0,,,36943.0
2013-06,2013/06/01,Região de Saúde Norte,"Unidade Local de Saúde de Matosinhos, EPE","41.1794456, -8.6745115",36033.0,,3815.0,,39848.0
2013-07,2013/07/01,Região de Saúde do Alentejo,"Unidade Local de Saúde do Litoral Alentejano, EPE","38.0162314, -8.6956768",53768.0,,,,53768.0
2013-07,2013/07/01,Região de Saúde do Centro,"Centro Hospitalar de Leiria, EPE","39.7414812, -8.7982706",69295.0,25850.0,5787.0,,100932.0
2013-07,2013/07/01,Região de Saúde LVT,"Centro Hospitalar Barreiro/Montijo, EPE","38.6554005, -9.0592392",59802.0,21949.0,5505.0,,87256.0
2013-07,2013/07/01,Região de Saúde LVT,"Centro Hospitalar de Lisboa Ocidental, EPE","38.708454, -9.216985",64617.0,20499.0,8717.0,,93833.0
2013-07,2013/07/01,Região de Saúde LVT,"Centro Hospitalar de Setúbal, EPE","38.5283754, -8.8818638",46428.0,24116.0,7052.0,,77596.0
2013-07,2013/07/01,Região de Saúde LVT,"Centro Hospitalar Médio Tejo, EPE","39.478072, -8.5404429",72489.0,17533.0,1471.0,,91493.0
2013-07,2013/07/01,Região de Saúde Norte,"Hospital Santa Maria Maior, EPE","41.5324234, -8.6171561",29986.0,12919.0,,,42905.0
2013-08,2013/08/01,Região de Saúde do Alentejo,"Hospital Espírito Santo de Évora, EPE","38.5684861, -7.9032848",34676.0,13636.0,,,48312.0
2013-08,2013/08/01,Região de Saúde do Centro,"Centro Hospitalar Tondela-Viseu, EPE","40.516364, -8.0827433",84102.0,23652.0,9526.0,,117280.0
2013-08,2013/08/01,Região de Saúde LVT,"Centro Hospitalar do Oeste, EPE","39.4054629, -9.1258493",102147.0,35524.0,8434.0,,146105.0
2013-08,2013/08/01,Região de Saúde LVT,"Hospital de Cascais, PPP","38.729006, -9.418267",56397.0,34458.0,9740.0,,100595.0
2013-08,2013/08/01,Região de Saúde LVT,"Hospital de Vila Franca de Xira, PPP","38.977235, -8.984506",49021.0,18702.0,4048.0,,71771.0
2013-08,2013/08/01,Região de Saúde Norte,"Centro Hospitalar Tâmega e Sousa, EPE","41.2494561, -8.264901",96527.0,25977.0,8688.0,,131192.0
2013-09,2013/09/01,Região de Saúde do Alentejo,"Hospital Espírito Santo de Évora, EPE","38.5684861, -7.9032848",39064.0,15047.0,,,54111.0
2013-09,2013/09/01,Região de Saúde do Algarve,"Centro Hospitalar Universitário do Algarve,EPE","37.0238973, -7.9281554",120437.0,56447.0,8272.0,,185156.0
2013-09,2013/09/01,Região de Saúde do Centro,"Hospital Distrital da Figueira da Foz, EPE","40.117897, -8.8586755",40252.0,14704.0,,,54956.0
2013-09,2013/09/01,Região de Saúde do Centro,"Unidade Local de Saúde da Guarda, EPE","40.5309916, -7.2734793",53277.0,9271.0,2845.0,,65393.0
2013-09,2013/09/01,Região de Saúde LVT,"Hospital de Vila Franca de Xira, PPP","38.977235, -8.984506",55307.0,20683.0,4641.0,,80631.0
2013-09,2013/09/01,Região de Saúde LVT,"Hospital Distrital de Santarém, EPE","39.2410946, -8.6937515",61398.0,26485.0,6608.0,,94491.0
2013-09,2013/09/01,Região de Saúde LVT,"Hospital Professor Doutor Fernando Fonseca, EPE","38.7422257, -9.2264834",137427.0,44682.0,14257.0,,196366.0
2013-09,2013/09/01,Região de Saúde LVT,"Hospital Garcia de Orta, EPE","38.6658713, -9.1822554",65913.0,31641.0,12607.0,,110161.0
2013-09,2013/09/01,Região de Saúde Norte,"Centro Hospitalar Póvoa de Varzim/Vila do Conde, EPE","41.3828711, -8.7589945",58559.0,,,,58559.0
2013-09,2013/09/01,Região de Saúde Norte,"Centro Hospitalar Trás-os-Montes e Alto Douro, EPE","41.3031784, -7.7515252",117153.0,15548.0,2638.0,,135339.0
2013-09,2013/09/01,Região de Saúde Norte,"Unidade Local de Saúde de Matosinhos, EPE","41.1794456, -8.6745115",55169.0,,5973.0,,61142.0
2013-10,2013/10/01,Região de Saúde do Alentejo,"Unidade Local de Saúde do Norte Alentejano, EPE","39.3003425, -7.4263845",69239.0,8606.0,865.0,,78710.0
2013-10,2013/10/01,Região de Saúde LVT,"Centro Hospitalar de Lisboa Ocidental, EPE","38.708454, -9.216985",90802.0,27485.0,12593.0,,130880.0
2013-10,2013/10/01,Região de Saúde LVT,"Centro Hospitalar do Oeste, EPE","39.4054629, -9.1258493",122000.0,44099.0,10300.0,,176399.0
2013-10,2013/10/01,Região de Saúde LVT,"Centro Hospitalar Universitário de Lisboa Norte, EPE","38.7500861, -9.1616116",130959.0,32869.0,12515.0,,176343.0
2013-10,2013/10/01,Região de Saúde LVT,"Hospital Distrital de Santarém, EPE","39.2410946, -8.6937515",68293.0,29795.0,7330.0,,105418.0
2013-11,2013/11/01,Região de Saúde do Centro,"Centro Hospitalar de Leiria, EPE","39.7414812, -8.7982706",116975.0,39633.0,9438.0,,166046.0
2013-11,2013/11/01,Região de Saúde LVT,"Centro Hospitalar de Lisboa Ocidental, EPE","38.708454, -9.216985",99347.0,30462.0,13715.0,,143524.0
2013-11,2013/11/01,Região de Saúde LVT,"Hospital de Cascais, PPP","38.729006, -9.418267",77134.0,48779.0,13342.0,,139255.0
2013-11,2013/11/01,Região de Saúde Norte,"Centro Hospitalar Universitário de São João, EPE","41.1831056, -8.6010558",175418.0,72112.0,12617.0,,260147.0
2013-11,2013/11/01,Região de Saúde Norte,"Centro Hospitalar do Alto Ave, EPE","41.4387173, -8.3086907",93728.0,34550.0,6527.0,,134805.0
2013-11,2013/11/01,Região de Saúde Norte,"Centro Hospitalar Universitário do Porto, EPE","41.1472498, -8.6172617",109290.0,,11382.0,,120672.0
2013-11,2013/11/01,Região de Saúde Norte,"Centro Hospitalar Trás-os-Montes e Alto Douro, EPE","41.3031784, -7.7515252",142367.0,19020.0,3184.0,,164571.0
2013-11,2013/11/01,Região de Saúde Norte,"Unidade Local de Saúde de Matosinhos, EPE","41.1794456, -8.6745115",67490.0,,7286.0,,74776.0
2013-11,2013/11/01,Região de Saúde Norte,"Unidade Local de Saúde do Nordeste, EPE","41.8056532, -6.7888197",110534.0,,,,110534.0
2013-12,2013/12/01,Região de Saúde do Algarve,"Centro Hospitalar Universitário do Algarve,EPE","37.0238973, -7.9281554",156372.0,74610.0,10673.0,,241655.0
2013-12,2013/12/01,Região de Saúde do Centro,"Centro Hospitalar Tondela-Viseu, EPE","40.516364, -8.0827433",124218.0,35327.0,14198.0,,173743.0
2013-12,2013/12/01,Região de Saúde LVT,"Hospital Distrital de Santarém, EPE","39.2410946, -8.6937515",81521.0,36529.0,8691.0,,126741.0
2013-12,2013/12/01,Região de Saúde Norte,"Centro Hospitalar Entre Douro e Vouga, EPE","40.9293884, -8.5458794",136260.0,35358.0,8634.0,,180252.0
2013-12,2013/12/01,Região de Saúde Norte,"Centro Hospitalar Vila Nova de Gaia/Espinho, EPE","41.1094138, -8.5972617",116226.0,43555.0,11820.0,,171601.0
2013-12,2013/12/01,Região de Saúde Norte,"Unidade Local de Saúde do Nordeste, EPE","41.8056532, -6.7888197",118021.0,,,,118021.0
2014-01,2014/01/01,Região de Saúde do Alentejo,"Hospital Espírito Santo de Évora, EPE","38.5684861, -7.9032848",4378.0,1879.0,,,6257.0
2014-01,2014/01/01,Região de Saúde do Centro,"Centro Hospitalar Universitário Cova da Beira, EPE","40.2804158, -7.4922407",5062.0,1561.0,112.0,,6735.0
2014-01,2014/01/01,Região de Saúde do Centro,"Hospital Distrital da Figueira da Foz, EPE","40.117897, -8.8586755",4226.0,1971.0,,,6197.0
2014-01,2014/01/01,Região de Saúde Norte,"Centro Hospitalar do Alto Ave, EPE","41.4387173, -8.3086907",9653.0,3937.0,590.0,,14180.0
2014-01,2014/01/01,Região de Saúde Norte,"Centro Hospitalar do Médio Ave, EPE","41.3423984, -8.4802503",8762.0,3521.0,384.0,,12667.0
2014-01,2014/01/01,Região de Saúde Norte,"Centro Hospitalar Vila Nova de Gaia/Espinho, EPE","41.1094138, -8.5972617",10077.0,4298.0,988.0,,15363.0
2014-01,2014/01/01,Região de Saúde Norte,"Unidade Local de Saúde de Matosinhos, EPE","41.1794456, -8.6745115",6778.0,,747.0,,7525.0
2014-02,2014/02/01,Região de Saúde do Algarve,"Centro Hospitalar Universitário do Algarve,EPE","37.0238973, -7.9281554",22573.0,13420.0,2437.0,,38430.0
2014-02,2014/02/01,Região de Saúde do Centro,"Centro Hospitalar de Leiria, EPE","39.7414812, -8.7982706",23014.0,8158.0,1730.0,,32902.0
2014-02,2014/02/01,Região de Saúde do Centro,"Centro Hospitalar do Baixo Vouga, EPE","40.6362453, -8.6543716",18338.0,7633.0,930.0,,26901.0
2014-02,2014/02/01,Região de Saúde do Centro,"Hospital Distrital da Figueira da Foz, EPE","40.117897, -8.8586755",8097.0,3908.0,,,12005.0
2014-02,2014/02/01,Região de Saúde LVT,"Centro Hospitalar de Setúbal, EPE","38.5283754, -8.8818638",12993.0,7938.0,1938.0,,22869.0
2014-02,2014/02/01,Região de Saúde Norte,"Centro Hospitalar Trás-os-Montes e Alto Douro, EPE","41.3031784, -7.7515252",25829.0,4430.0,510.0,,30769.0
2014-02,2014/02/01,Região de Saúde Norte,"Unidade Local de Saúde do Nordeste, EPE","41.8056532, -6.7888197",20688.0,,,,20688.0
2014-03,2014/03/01,Região de Saúde do Alentejo,"Unidade Local de Saúde do Baixo Alentejo, EPE","38.014123, -7.8721227",26609.0,4276.0,892.0,,31777.0
2014-03,2014/03/01,Região de Saúde LVT,"Centro Hospitalar de Setúbal, EPE","38.5283754, -8.8818638",19751.0,11632.0,3079.0,,34462.0
2014-03,2014/03/01,Região de Saúde LVT,"Hospital de Cascais, PPP","38.729006, -9.418267",21492.0,15096.0,3703.0,,40291.0
2014-03,2014/03/01,Região de Saúde LVT,"Hospital Professor Doutor Fernando Fonseca, EPE","38.7422257, -9.2264834",46498.0,16681.0,4694.0,,67873.0
2014-03,2014/03/01,Região de Saúde Norte,"Centro Hospitalar Universitário de São João, EPE","41.1831056, -8.6010558",45041.0,21894.0,3121.0,,70056.0
2014-03,2014/03/01,Região de Saúde Norte,"Centro Hospitalar Trás-os-Montes e Alto Douro, EPE","41.3031784, -7.7515252",38692.0,6189.0,798.0,,45679.0
2014-04,2014/04/01,Região de Saúde do Centro,"Centro Hospitalar e Universitário de Coimbra, EPE","40.2191523, -8.4098211",63729.0,21255.0,8738.0,,93722.0
2014-04,2014/04/01,Região de Saúde LVT,"Centro Hospitalar Universitário Lisboa Central, EPE","38.7166948, -9.1371248",48538.0,27140.0,6682.0,2326.0,84686.0
2014-04,2014/04/01,Região de Saúde Norte,"Centro Hospitalar Póvoa de Varzim/Vila do Conde, EPE","41.3828711, -8.7589945",25673.0,,,,25673.0
2014-04,2014/04/01,Região de Saúde Norte,"Centro Hospitalar Vila Nova de Gaia/Espinho, EPE","41.1094138, -8.5972617",38507.0,15366.0,3836.0,,57709.0
2014-04,2014/04/01,Região de Saúde Norte,"Hospital de Braga, PPP","41.56785, -8.398982",42852.0,15555.0,3884.0,,62291.0
2014-04,2014/04/01,Região de Saúde Norte,"Unidade Local de Saúde do Alto Minho, EPE","41.7056054, -8.8252713",43980.0,8642.0,1358.0,,53980.0
2014-04,2014/04/01,Região de Saúde Norte,"Unidade Local de Saúde do Nordeste, EPE","41.8056532, -6.7888197",40085.0,,,,40085.0
2014-05,2014/05/01,Região de Saúde do Alentejo,"Unidade Local de Saúde do Baixo Alentejo, EPE","38.014123, -7.8721227",43776.0,6871.0,1470.0,,52117.0
2014-05,2014/05/01,Região de Saúde do Alentejo,"Unidade Local de Saúde do Norte Alentejano, EPE","39.3003425, -7.4263845",35390.0,4526.0,410.0,,40326.0
2014-05,2014/05/01,Região de Saúde do Centro,"Centro Hospitalar Universitário Cova da Beira, EPE","40.2804158, -7.4922407",23678.0,7563.0,555.0,,31796.0
2014-05,2014/05/01,Região de Saúde do Centro,"Hospital Distrital da Figueira da Foz, EPE","40.117897, -8.8586755",20256.0,8754.0,,,29010.0
2014-05,2014/05/01,Região de Saúde LVT,"Centro Hospitalar Barreiro/Montijo, EPE","38.6554005, -9.0592392",41649.0,16161.0,4027.0,,61837.0
2014-05,2014/05/01,Região de Saúde LVT,"Hospital de Cascais, PPP","38.729006, -9.418267",35946.0,24101.0,6268.0,,66315.0
2014-05,2014/05/01,Região de Saúde LVT,"Hospital de Loures, PPP","38.821455, -9.176296",52256.0,25281.0,4972.0,,82509.0
2014-05,2014/05/01,Região de Saúde Norte,"Centro Hospitalar Universitário de São João, EPE","41.1831056, -8.6010558",76198.0,36136.0,5472.0,0.0,117806.0
2014-05,2014/05/01,Região de Saúde Norte,"Centro Hospitalar do Médio Ave, EPE","41.3423984, -8.4802503",39072.0,15143.0,1831.0,,56046.0
2014-05,2014/05/01,Região de Saúde Norte,"Centro Hospitalar Universitário do Porto, EPE","41.1472498, -8.6172617",49134.0,,5583.0,,54717.0
2014-05,2014/05/01,Região de Saúde Norte,"Centro Hospitalar Tâmega e Sousa, EPE","41.2494561, -8.264901",60963.0,16861.0,5113.0,,82937.0
2014-05,2014/05/01,Região de Saúde Norte,"Hospital de Braga, PPP","41.56785, -8.398982",54053.0,19489.0,5081.0,,78623.0
2014-05,2014/05/01,Região de Saúde Norte,"Hospital Santa Maria Maior, EPE","41.5324234, -8.6171561",20763.0,8671.0,,,29434.0
2014-06,2014/06/01,Região de Saúde LVT,"Centro Hospitalar Barreiro/Montijo, EPE","38.6554005, -9.0592392",50044.0,19029.0,4779.0,,73852.0
2014-06,2014/06/01,Região de Saúde LVT,"Centro Hospitalar Universitário Lisboa Central, EPE","38.7166948, -9.1371248",74015.0,40152.0,10370.0,3648.0,128185.0
2014-06,2014/06/01,Região de Saúde LVT,"Centro Hospitalar de Lisboa Ocidental, EPE","38.708454, -9.216985",52211.0,17988.0,7494.0,,77693.0
2014-06,2014/06/01,Região de Saúde LVT,"Centro Hospitalar Universitário de Lisboa Norte, EPE","38.7500861, -9.1616116",75715.0,20475.0,7476.0,,103666.0
2014-06,2014/06/01,Região de Saúde Norte,"Centro Hospitalar do Alto Ave, EPE","41.4387173, -8.3086907",50751.0,18958.0,3362.0,,73071.0
2014-06,2014/06/01,Região de Saúde Norte,"Centro Hospitalar do Médio Ave, EPE","41.3423984, -8.4802503",46636.0,17847.0,2293.0,,66776.0
2014-06,2014/06/01,Região de Saúde Norte,"Centro Hospitalar Tâmega e Sousa, EPE","41.2494561, -8.264901",73021.0,20405.0,6177.0,,99603.0
2014-06,2014/06/01,Região de Saúde Norte,"Centro Hospitalar Vila Nova de Gaia/Espinho, EPE","41.1094138, -8.5972617",58368.0,23057.0,5801.0,,87226.0
2014-07,2014/07/01,Região de Saúde do Alentejo,"Unidade Local de Saúde do Baixo Alentejo, EPE","38.014123, -7.8721227",60989.0,9267.0,2104.0,,72360.0
2014-07,2014/07/01,Região de Saúde do Algarve,"Centro Hospitalar Universitário do Algarve,EPE","37.0238973, -7.9281554",84108.0,42269.0,9931.0,,136308.0
2014-07,2014/07/01,Região de Saúde do Centro,"Centro Hospitalar de Leiria, EPE","39.7414812, -8.7982706",81885.0,26266.0,6044.0,,114195.0
2014-07,2014/07/01,Região de Saúde LVT,"Centro Hospitalar de Setúbal, EPE","38.5283754, -8.8818638",46863.0,25247.0,7339.0,,79449.0
2014-07,2014/07/01,Região de Saúde LVT,"Centro Hospitalar Universitário de Lisboa Norte, EPE","38.7500861, -9.1616116",88599.0,23594.0,8772.0,,120965.0
2014-07,2014/07/01,Região de Saúde LVT,"Hospital de Loures, PPP","38.821455, -9.176296",73031.0,33829.0,7141.0,,114001.0
2014-08,2014/08/01,Região de Saúde do Centro,"Centro Hospitalar do Baixo Vouga, EPE","40.6362453, -8.6543716",81700.0,24993.0,3906.0,,110599.0
2014-08,2014/08/01,Região de Saúde LVT,"Centro Hospitalar Barreiro/Montijo, EPE","38.6554005, -9.0592392",66752.0,23511.0,6395.0,,96658.0
2014-08,2014/08/01,Região de Saúde LVT,"Hospital de Cascais, PPP","38.729006, -9.418267",58199.0,35535.0,10213.0,,103947.0
2014-08,2014/08/01,Região de Saúde LVT,"Hospital de Vila Franca de Xira, PPP","38.977235, -8.984506",52542.0,20818.0,4960.0,,78320.0
2014-08,2014/08/01,Região de Saúde Norte,"Centro Hospitalar Universitário de São João, EPE","41.1831056, -8.6010558",120955.0,54349.0,9030.0,0.0,184334.0
2014-08,2014/08/01,Região de Saúde Norte,"Centro Hospitalar Tâmega e Sousa, EPE","41.2494561, -8.264901",99208.0,25691.0,8539.0,,133438.0
2014-09,2014/09/01,Região de Saúde do Centro,"Centro Hospitalar e Universitário de Coimbra, EPE","40.2191523, -8.4098211",144904.0,44061.0,20955.0,,209920.0
2014-09,2014/09/01,Região de Saúde do Centro,"Unidade Local de Saúde de Castelo Branco, EPE","39.8212263, -7.4981271",36250.0,9863.0,903.0,,47016.0
2014-09,2014/09/01,Região de Saúde LVT,"Centro Hospitalar Médio Tejo, EPE","39.478072, -8.5404429",87468.0,20100.0,1769.0,,109337.0
2014-09,2014/09/01,Região de Saúde LVT,"Hospital de Cascais, PPP","38.729006, -9.418267",65557.0,39404.0,11640.0,,116601.0
2014-09,2014/09/01,Região de Saúde LVT,"Hospital Professor Doutor Fernando Fonseca, EPE","38.7422257, -9.2264834",140262.0,44263.0,14889.0,,199414.0
2014-09,2014/09/01,Região de Saúde Norte,"Hospital Santa Maria Maior, EPE","41.5324234, -8.6171561",36964.0,13886.0,,,50850.0
2014-10,2014/10/01,Região de Saúde do Centro,"Centro Hospitalar de Leiria, EPE","39.7414812, -8.7982706",119863.0,35338.0,8927.0,,164128.0
2014-10,2014/10/01,Região de Saúde do Centro,"Centro Hospitalar e Universitário de Coimbra, EPE","40.2191523, -8.4098211",160837.0,49569.0,23406.0,,233812.0
2014-10,2014/10/01,Região de Saúde do Centro,"Unidade Local de Saúde de Castelo Branco, EPE","39.8212263, -7.4981271",40465.0,11085.0,1004.0,,52554.0
2014-10,2014/10/01,Região de Saúde Norte,"Centro Hospitalar do Alto Ave, EPE","41.4387173, -8.3086907",86653.0,30450.0,5886.0,,122989.0
2014-10,2014/10/01,Região de Saúde Norte,"Centro Hospitalar Universitário do Porto, EPE","41.1472498, -8.6172617",102015.0,,12242.0,,114257.0
2014-10,2014/10/01,Região de Saúde Norte,"Hospital Santa Maria Maior, EPE","41.5324234, -8.6171561",41065.0,15434.0,,,56499.0
2014-10,2014/10/01,Região de Saúde Norte,"Unidade Local de Saúde do Alto Minho, EPE","41.7056054, -8.8252713",112487.0,19287.0,3621.0,,135395.0
2014-11,2014/11/01,Região de Saúde do Alentejo,"Unidade Local de Saúde do Baixo Alentejo, EPE","38.014123, -7.8721227",94254.0,13810.0,3343.0,,111407.0
2014-11,2014/11/01,Região de Saúde do Centro,"Centro Hospitalar de Leiria, EPE","39.7414812, -8.7982706",130857.0,39203.0,9810.0,,179870.0
2014-11,2014/11/01,Região de Saúde do Centro,"Unidade Local de Saúde da Guarda, EPE","40.5309916, -7.2734793",68001.0,11274.0,3736.0,,83011.0
2014-11,2014/11/01,Região de Saúde Norte,"Centro Hospitalar Universitário de São João, EPE","41.1831056, -8.6010558",161382.0,76223.0,12420.0,0.0,250025.0
2014-11,2014/11/01,Região de Saúde Norte,"Centro Hospitalar do Médio Ave, EPE","41.3423984, -8.4802503",84332.0,30897.0,5033.0,,120262.0
2014-11,2014/11/01,Região de Saúde Norte,"Hospital de Braga, PPP","41.56785, -8.398982",121537.0,41189.0,12316.0,,175042.0
2014-11,2014/11/01,Região de Saúde Norte,"Hospital Santa Maria Maior, EPE","41.5324234, -8.6171561",44778.0,17098.0,,,61876.0
2014-12,2014/12/01,Região de Saúde do Algarve,"Centro Hospitalar Universitário do Algarve,EPE","37.0238973, -7.9281554",194721.0,71260.0,17914.0,0.0,283895.0
2014-12,2014/12/01,Região de Saúde do Centro,"Centro Hospitalar do Baixo Vouga, EPE","40.6362453, -8.6543716",123883.0,38320.0,5932.0,,168135.0
2014-12,2014/12/01,Região de Saúde do Centro,"Hospital Distrital da Figueira da Foz, EPE","40.117897, -8.8586755",50876.0,20212.0,,,71088.0
2014-12,2014/12/01,Região de Saúde LVT,"Hospital de Cascais, PPP","38.729006, -9.418267",87767.0,55953.0,15637.0,,159357.0
2014-12,2014/12/01,Região de Saúde Norte,"Centro Hospitalar do Alto Ave, EPE","41.4387173, -8.3086907",103582.0,37893.0,7030.0,,148505.0
2014-12,2014/12/01,Região de Saúde Norte,"Centro Hospitalar Universitário do Porto, EPE","41.1472498, -8.6172617",122070.0,,14713.0,,136783.0
2014-12,2014/12/01,Região de Saúde Norte,"Centro Hospitalar Tâmega e Sousa, EPE","41.2494561, -8.264901",149366.0,40213.0,12617.0,,202196.0
2014-12,2014/12/01,Região de Saúde Norte,"Unidade Local de Saúde do Alto Minho, EPE","41.7056054, -8.8252713",133811.0,23265.0,4318.0,,161394.0
2015-01,2015/01/01,Região de Saúde do Alentejo,"Unidade Local de Saúde do Norte Alentejano, EPE","39.3003425, -7.4263845",7888.0,1252.0,90.0,,9230.0
2015-01,2015/01/01,Região de Saúde do Algarve,"Centro Hospitalar Universitário do Algarve,EPE","37.0238973, -7.9281554",22382.0,7635.0,1425.0,0.0,31442.0
2015-01,2015/01/01,Região de Saúde do Centro,"Centro Hospitalar Universitário Cova da Beira, EPE","40.2804158, -7.4922407",5076.0,2091.0,138.0,,7305.0
2015-01,2015/01/01,Região de Saúde do Centro,"Hospital Distrital da Figueira da Foz, EPE","40.117897, -8.8586755",4943.0,2303.0,,,7246.0
2015-01,2015/01/01,Região de Saúde LVT,"Centro Hospitalar de Lisboa Ocidental, EPE","38.708454, -9.216985",8959.0,3523.0,1177.0,,13659.0
2015-01,2015/01/01,Região de Saúde LVT,"Centro Hospitalar de Setúbal, EPE","38.5283754, -8.8818638",7064.0,4557.0,1070.0,,12691.0
2015-01,2015/01/01,Região de Saúde LVT,"Centro Hospitalar do Oeste, EPE","39.4054629, -9.1258493",10232.0,5313.0,779.0,,16324.0
2015-01,2015/01/01,Região de Saúde Norte,"Centro Hospitalar Universitário do Porto, EPE","41.1472498, -8.6172617",9886.0,,1258.0,,11144.0
2015-02,2015/02/01,Região de Saúde do Centro,"Centro Hospitalar de Leiria, EPE","39.7414812, -8.7982706",23598.0,7743.0,1773.0,,33114.0
2015-02,2015/02/01,Região de Saúde do Centro,"Centro Hospitalar e Universitário de Coimbra, EPE","40.2191523, -8.4098211",31921.0,11380.0,4494.0,,47795.0
2015-02,2015/02/01,Região de Saúde do Centro,"Centro Hospitalar Tondela-Viseu, EPE","40.516364, -8.0827433",21633.0,6733.0,2397.0,,30763.0
2015-02,2015/02/01,Região de Saúde LVT,"Centro Hospitalar Barreiro/Montijo, EPE","38.6554005, -9.0592392",16925.0,6364.0,1380.0,,24669.0
2015-02,2015/02/01,Região de Saúde LVT,"Centro Hospitalar do Oeste, EPE","39.4054629, -9.1258493",19146.0,9369.0,1514.0,,30029.0
2015-02,2015/02/01,Região de Saúde LVT,"Hospital de Loures, PPP","38.821455, -9.176296",19962.0,11025.0,2171.0,,33158.0
2015-02,2015/02/01,Região de Saúde Norte,"Centro Hospitalar do Médio Ave, EPE","41.3423984, -8.4802503",14807.0,6321.0,961.0,,22089.0
2015-02,2015/02/01,Região de Saúde Norte,"Centro Hospitalar Tâmega e Sousa, EPE","41.2494561, -8.264901",24748.0,7969.0,2016.0,,34733.0
2015-02,2015/02/01,Região de Saúde Norte,"Hospital de Braga, PPP","41.56785, -8.398982",21299.0,8346.0,2160.0,,31805.0
2015-03,2015/03/01,Região de Saúde do Centro,"Centro Hospitalar Universitário Cova da Beira, EPE","40.2804158, -7.4922407",14015.0,5028.0,373.0,,19416.0
2015-03,2015/03/01,Região de Saúde LVT,"Hospital Distrital de Santarém, EPE","39.2410946, -8.6937515",19250.0,10198.0,2198.0,,31646.0
2015-03,2015/03/01,Região de Saúde LVT,"Hospital Professor Doutor Fernando Fonseca, EPE","38.7422257, -9.2264834",44489.0,15327.0,4420.0,,64236.0
2015-03,2015/03/01,Região de Saúde Norte,"Unidade Local de Saúde de Matosinhos, EPE","41.1794456, -8.6745115",19039.0,,1938.0,,20977.0
2015-04,2015/04/01,Região de Saúde do Alentejo,"Hospital Espírito Santo de Évora, EPE","38.5684861, -7.9032848",16688.0,7171.0,,,23859.0
2015-04,2015/04/01,Região de Saúde do Algarve,"Centro Hospitalar Universitário do Algarve,EPE","37.0238973, -7.9281554",83193.0,25765.0,5554.0,,114512.0
2015-04,2015/04/01,Região de Saúde do Centro,"Centro Hospitalar e Universitário de Coimbra, EPE","40.2191523, -8.4098211",63806.0,21461.0,9368.0,,94635.0
2015-04,2015/04/01,Região de Saúde LVT,"Centro Hospitalar de Lisboa Ocidental, EPE","38.708454, -9.216985",33672.0,12085.0,4793.0,,50550.0
2015-04,2015/04/01,Região de Saúde LVT,"Centro Hospitalar Universitário de Lisboa Norte, EPE","38.7500861, -9.1616116",47289.0,14625.0,4695.0,,66609.0
2015-04,2015/04/01,Região de Saúde Norte,"Centro Hospitalar Tâmega e Sousa, EPE","41.2494561, -8.264901",48584.0,14685.0,4276.0,,67545.0
2015-05,2015/05/01,Região de Saúde do Alentejo,"Unidade Local de Saúde do Litoral Alentejano, EPE","38.0162314, -8.6956768",40629.0,,,,40629.0
2015-05,2015/05/01,Região de Saúde do Algarve,"Centro Hospitalar Universitário do Algarve,EPE","37.0238973, -7.9281554",103983.0,31989.0,7070.0,,143042.0
2015-05,2015/05/01,Região de Saúde do Centro,"Unidade Local de Saúde da Guarda, EPE","40.5309916, -7.2734793",35977.0,6441.0,1689.0,,44107.0
2015-05,2015/05/01,Região de Saúde LVT,"Hospital de Loures, PPP","38.821455, -9.176296",50301.0,26716.0,5905.0,,82922.0
2015-05,2015/05/01,Região de Saúde Norte,"Centro Hospitalar Universitário de São João, EPE","41.1831056, -8.6010558",64928.0,32872.0,5544.0,0.0,103344.0
2015-05,2015/05/01,Região de Saúde Norte,"Hospital da Senhora da Oliveira, Guimarães, EPE","41.4387173, -8.3086907",31382.0,17408.0,2917.0,,51707.0
2015-05,2015/05/01,Região de Saúde Norte,"Hospital de Braga, PPP","41.56785, -8.398982",54186.0,20676.0,5464.0,,80326.0
2015-05,2015/05/01,Região de Saúde Norte,"Unidade Local de Saúde do Alto Minho, EPE","41.7056054, -8.8252713",55675.0,10551.0,1885.0,,68111.0
2015-06,2015/06/01,Região de Saúde do Algarve,"Centro Hospitalar Universitário do Algarve,EPE","37.0238973, -7.9281554",125278.0,37638.0,8716.0,0.0,171632.0
2015-06,2015/06/01,Região de Saúde do Centro,"Centro Hospitalar e Universitário de Coimbra, EPE","40.2191523, -8.4098211",95483.0,31356.0,14516.0,,141355.0
2015-06,2015/06/01,Região de Saúde LVT,"Centro Hospitalar Universitário Lisboa Central, EPE","38.7166948, -9.1371248",71190.0,39283.0,10411.0,3543.0,124427.0
2015-06,2015/06/01,Região de Saúde LVT,"Hospital Professor Doutor Fernando Fonseca, EPE","38.7422257, -9.2264834",89221.0,29917.0,9237.0,,128375.0
2015-06,2015/06/01,Região de Saúde Norte,"Centro Hospitalar Universitário de São João, EPE","41.1831056, -8.6010558",78590.0,38897.0,6707.0,0.0,124194.0
2015-06,2015/06/01,Região de Saúde Norte,"Centro Hospitalar Vila Nova de Gaia/Espinho, EPE","41.1094138, -8.5972617",56624.0,21827.0,5827.0,,84278.0
2015-06,2015/06/01,Região de Saúde Norte,"Hospital de Braga, PPP","41.56785, -8.398982",65276.0,24490.0,6604.0,,96370.0
2015-06,2015/06/01,Região de Saúde Norte,"Unidade Local de Saúde de Matosinhos, EPE","41.1794456, -8.6745115",38382.0,,4048.0,,42430.0
2015-07,2015/07/01,Região de Saúde do Centro,"Centro Hospitalar Universitário Cova da Beira, EPE","40.2804158, -7.4922407",32082.0,10602.0,873.0,,43557.0
2015-07,2015/07/01,Região de Saúde LVT,"Hospital Distrital de Santarém, EPE","39.2410946, -8.6937515",46911.0,22337.0,4063.0,,73311.0
2015-07,2015/07/01,Região de Saúde Norte,"Centro Hospitalar do Médio Ave, EPE","41.3423984, -8.4802503",51336.0,20370.0,3747.0,,75453.0
2015-07,2015/07/01,Região de Saúde Norte,"Centro Hospitalar Póvoa de Varzim/Vila do Conde, EPE","41.3828711, -8.7589945",43163.0,,,,43163.0
2015-07,2015/07/01,Região de Saúde Norte,"Centro Hospitalar Tâmega e Sousa, EPE","41.2494561, -8.264901",86979.0,23923.0,7914.0,,118816.0
2015-07,2015/07/01,Região de Saúde Norte,"Hospital de Braga, PPP","41.56785, -8.398982",76963.0,27980.0,7757.0,,112700.0
2015-08,2015/08/01,Região de Saúde do Alentejo,"Unidade Local de Saúde do Norte Alentejano, EPE","39.3003425, -7.4263845",55187.0,7244.0,853.0,,63284.0
2015-08,2015/08/01,Região de Saúde do Centro,"Centro Hospitalar do Baixo Vouga, EPE","40.6362453, -8.6543716",81396.0,24115.0,4136.0,,109647.0
2015-08,2015/08/01,Região de Saúde LVT,"Centro Hospitalar de Lisboa Ocidental, EPE","38.708454, -9.216985",67897.0,21329.0,10133.0,,99359.0
2015-08,2015/08/01,Região de Saúde LVT,"Hospital de Loures, PPP","38.821455, -9.176296",81057.0,38777.0,10017.0,,129851.0
2015-08,2015/08/01,Região de Saúde LVT,"Hospital Distrital de Santarém, EPE","39.2410946, -8.6937515",54144.0,24649.0,4675.0,,83468.0
2015-08,2015/08/01,Região de Saúde Norte,"Centro Hospitalar Universitário de São João, EPE","41.1831056, -8.6010558",106422.0,49059.0,9265.0,,164746.0
2015-08,2015/08/01,Região de Saúde Norte,"Centro Hospitalar Vila Nova de Gaia/Espinho, EPE","41.1094138, -8.5972617",77156.0,27099.0,8102.0,,112357.0
2015-08,2015/08/01,Região de Saúde Norte,"Hospital de Braga, PPP","41.56785, -8.398982",88886.0,30997.0,9062.0,,128945.0
2015-08,2015/08/01,Região de Saúde Norte,"Unidade Local de Saúde de Matosinhos, EPE","41.1794456, -8.6745115",51746.0,,5549.0,,57295.0
2015-09,2015/09/01,Região de Saúde do Alentejo,"Hospital Espírito Santo de Évora, EPE","38.5684861, -7.9032848",39354.0,15036.0,,,54390.0
2015-09,2015/09/01,Região de Saúde do Alentejo,"Unidade Local de Saúde do Litoral Alentejano, EPE","38.0162314, -8.6956768",73022.0,,,,73022.0
2015-09,2015/09/01,Região de Saúde do Centro,"Centro Hospitalar e Universitário de Coimbra, EPE","40.2191523, -8.4098211",144115.0,44071.0,22658.0,,210844.0
2015-09,2015/09/01,Região de Saúde do Centro,"Hospital Distrital da Figueira da Foz, EPE","40.117897, -8.8586755",39748.0,15184.0,,,54932.0
2015-09,2015/09/01,Região de Saúde do Centro,"Unidade Local de Saúde de Castelo Branco, EPE","39.8212263, -7.4981271",36977.0,9553.0,1230.0,,47760.0
2015-09,2015/09/01,Região de Saúde Norte,"Centro Hospitalar Universitário de São João, EPE","41.1831056, -8.6010558",119592.0,54655.0,10449.0,,184696.0
2015-09,2015/09/01,Região de Saúde Norte,"Centro Hospitalar Póvoa de Varzim/Vila do Conde, EPE","41.3828711, -8.7589945",54702.0,,,,54702.0
2015-09,2015/09/01,Região de Saúde Norte,"Centro Hospitalar Tâmega e Sousa, EPE","41.2494561, -8.264901",111637.0,28621.0,10559.0,,150817.0
2015-09,2015/09/01,Região de Saúde Norte,"Centro Hospitalar Vila Nova de Gaia/Espinho, EPE","41.1094138, -8.5972617",86881.0,29985.0,9223.0,,126089.0
2015-09,2015/09/01,Região de Saúde Norte,"Hospital Santa Maria Maior, EPE","41.5324234, -8.6171561",35976.0,13189.0,,,49165.0
2015-10,2015/10/01,Região de Saúde do Alentejo,"Hospital Espírito Santo de Évora, EPE","38.5684861, -7.9032848",43243.0,16426.0,,,59669.0
2015-10,2015/10/01,Região de Saúde do Alentejo,"Unidade Local de Saúde do Litoral Alentejano, EPE","38.0162314, -8.6956768",80375.0,,,,80375.0
2015-10,2015/10/01,Região de Saúde do Alentejo,"Unidade Local de Saúde do Norte Alentejano, EPE","39.3003425, -7.4263845",67984.0,8761.0,1121.0,,77866.0
2015-10,2015/10/01,Região de Saúde do Algarve,"Centro Hospitalar Universitário do Algarve,EPE","37.0238973, -7.9281554",219018.0,60319.0,15714.0,0.0,295051.0
2015-10,2015/10/01,Região de Saúde do Centro,"Centro Hospitalar de Leiria, EPE","39.7414812, -8.7982706",118658.0,33389.0,9733.0,,161780.0
2015-10,2015/10/01,Região de Saúde LVT,"Centro Hospitalar Barreiro/Montijo, EPE","38.6554005, -9.0592392",82117.0,27330.0,7610.0,,117057.0
2015-10,2015/10/01,Região de Saúde LVT,"Centro Hospitalar Médio Tejo, EPE","39.478072, -8.5404429",94938.0,22168.0,2114.0,,119220.0
2015-10,2015/10/01,Região de Saúde Norte,"Centro Hospitalar Póvoa de Varzim/Vila do Conde, EPE","41.3828711, -8.7589945",60827.0,,,,60827.0
2015-10,2015/10/01,Região de Saúde Norte,"Centro Hospitalar Trás-os-Montes e Alto Douro, EPE","41.3031784, -7.7515252",128056.0,17293.0,3541.0,,148890.0
2015-11,2015/11/01,Região de Saúde do Algarve,"Centro Hospitalar Universitário do Algarve,EPE","37.0238973, -7.9281554",237308.0,66841.0,17334.0,0.0,321483.0
2015-11,2015/11/01,Região de Saúde do Centro,"Centro Hospitalar do Baixo Vouga, EPE","40.6362453, -8.6543716",111725.0,33808.0,5774.0,,151307.0
2015-11,2015/11/01,Região de Saúde do Centro,"Unidade Local de Saúde da Guarda, EPE","40.5309916, -7.2734793",76868.0,12818.0,3790.0,,93476.0
2015-11,2015/11/01,Região de Saúde do Centro,"Unidade Local de Saúde de Castelo Branco, EPE","39.8212263, -7.4981271",45168.0,11619.0,1526.0,,58313.0
2015-11,2015/11/01,Região de Saúde LVT,"Hospital Professor Doutor Fernando Fonseca, EPE","38.7422257, -9.2264834",164277.0,53134.0,17773.0,,235184.0
2015-11,2015/11/01,Região de Saúde Norte,"Unidade Local de Saúde do Alto Minho, EPE","41.7056054, -8.8252713",121521.0,20981.0,4443.0,,146945.0
2015-12,2015/12/01,Região de Saúde do Alentejo,"Hospital Espírito Santo de Évora, EPE","38.5684861, -7.9032848",52031.0,20309.0,,,72340.0
2015-12,2015/12/01,Região de Saúde do Alentejo,"Unidade Local de Saúde do Litoral Alentejano, EPE","38.0162314, -8.6956768",95200.0,,,,95200.0
2015-12,2015/12/01,Região de Saúde do Centro,"Centro Hospitalar do Baixo Vouga, EPE","40.6362453, -8.6543716",122139.0,37688.0,6350.0,,166177.0
2015-12,2015/12/01,Região de Saúde do Centro,"Centro Hospitalar e Universitário de Coimbra, EPE","40.2191523, -8.4098211",192348.0,61011.0,30278.0,,283637.0
2015-12,2015/12/01,Região de Saúde LVT,"Centro Hospitalar Barreiro/Montijo, EPE","38.6554005, -9.0592392",98168.0,33938.0,9046.0,,141152.0
2015-12,2015/12/01,Região de Saúde LVT,"Centro Hospitalar Universitário Lisboa Central, EPE","38.7166948, -9.1371248",145562.0,76138.0,21172.0,7252.0,250124.0
2015-12,2015/12/01,Região de Saúde Norte,"Centro Hospitalar Universitário de São João, EPE","41.1831056, -8.6010558",159349.0,76566.0,14010.0,0.0,249925.0
2015-12,2015/12/01,Região de Saúde Norte,"Centro Hospitalar Tâmega e Sousa, EPE","41.2494561, -8.264901",148777.0,39782.0,14200.0,,202759.0
2015-12,2015/12/01,Região de Saúde Norte,"Centro Hospitalar Trás-os-Montes e Alto Douro, EPE","41.3031784, -7.7515252",152222.0,20949.0,4382.0,,177553.0
2015-12,2015/12/01,Região de Saúde Norte,"Centro Hospitalar Vila Nova de Gaia/Espinho, EPE","41.1094138, -8.5972617",114616.0,40922.0,12275.0,,167813.0
2016-01,2016/01/01,Região de Saúde do Alentejo,"Hospital Espírito Santo de Évora, EPE","38.5684861, -7.9032848",4600.0,2105.0,,,6705.0
2016-01,2016/01/01,Região de Saúde do Alentejo,"Unidade Local de Saúde do Baixo Alentejo, EPE","38.014123, -7.8721227",7928.0,1707.0,329.0,,9964.0
2016-01,2016/01/01,Região de Saúde LVT,"Centro Hospitalar Universitário Lisboa Central, EPE","38.7166948, -9.1371248",12427.0,7523.0,1819.0,570.0,22339.0
2016-01,2016/01/01,Região de Saúde LVT,"Hospital Distrital de Santarém, EPE","39.2410946, -8.6937515",7376.0,3857.0,606.0,,11839.0
2016-01,2016/01/01,Região de Saúde LVT,"Hospital Garcia de Orta, EPE","38.6658713, -9.1822554",7882.0,4668.0,1420.0,,13970.0
2016-01,2016/01/01,Região de Saúde Norte,"Centro Hospitalar do Médio Ave, EPE","41.3423984, -8.4802503",7133.0,2934.0,519.0,,10586.0
2016-01,2016/01/01,Região de Saúde Norte,"Centro Hospitalar Universitário do Porto, EPE","41.1472498, -8.6172617",9859.0,,1294.0,,11153.0
2016-01,2016/01/01,Região de Saúde Norte,"Unidade Local de Saúde de Matosinhos, EPE","41.1794456, -8.6745115",6370.0,,796.0,,7166.0
2016-01,2016/01/01,Região de Saúde Norte,"Unidade Local de Saúde do Alto Minho, EPE","41.7056054, -8.8252713",10705.0,2215.0,344.0,,13264.0
2016-02,2016/02/01,Região de Saúde do Alentejo,"Unidade Local de Saúde do Litoral Alentejano, EPE","38.0162314, -8.6956768",16104.0,,,,16104.0
2016-02,2016/02/01,Região de Saúde do Centro,"Unidade Local de Saúde de Castelo Branco, EPE","39.8212263, -7.4981271",8368.0,2574.0,267.0,,11209.0
2016-02,2016/02/01,Região de Saúde LVT,"Centro Hospitalar de Lisboa Ocidental, EPE","38.708454, -9.216985",17401.0,6301.0,2513.0,,26215.0
2016-02,2016/02/01,Região de Saúde LVT,"Hospital de Vila Franca de Xira, PPP","38.977235, -8.984506",13790.0,8659.0,1227.0,,23676.0
2016-02,2016/02/01,Região de Saúde LVT,"Hospital Garcia de Orta, EPE","38.6658713, -9.1822554",15092.0,8577.0,2656.0,,26325.0
2016-02,2016/02/01,Região de Saúde Norte,"Centro Hospitalar do Médio Ave, EPE","41.3423984, -8.4802503",13982.0,5724.0,985.0,,20691.0
2016-02,2016/02/01,Região de Saúde Norte,"Unidade Local de Saúde do Nordeste, EPE","41.8056532, -6.7888197",18371.0,,,,18371.0
2016-03,2016/03/01,Região de Saúde do Alentejo,"Hospital Espírito Santo de Évora, EPE","38.5684861, -7.9032848",13209.0,5415.0,,,18624.0
2016-03,2016/03/01,Região de Saúde do Centro,"Centro Hospitalar Tondela-Viseu, EPE","40.516364, -8.0827433",30808.0,10019.0,3816.0,,44643.0
2016-03,2016/03/01,Região de Saúde do Centro,"Unidade Local de Saúde da Guarda, EPE","40.5309916, -7.2734793",22190.0,4033.0,1003.0,,27226.0
2016-03,2016/03/01,Região de Saúde LVT,"Hospital de Loures, PPP","38.821455, -9.176296",31041.0,17510.0,3922.0,,52473.0
2016-03,2016/03/01,Região de Saúde LVT,"Hospital Garcia de Orta, EPE","38.6658713, -9.1822554",23028.0,12672.0,3985.0,,39685.0
2016-03,2016/03/01,Região de Saúde Norte,"Centro Hospitalar Universitário de São João, EPE","41.1831056, -8.6010558",40345.0,21195.0,3495.0,0.0,65035.0
2016-03,2016/03/01,Região de Saúde Norte,"Unidade Local de Saúde de Matosinhos, EPE","41.1794456, -8.6745115",19239.0,,2307.0,,21546.0
2016-04,2016/04/01,Região de Saúde do Centro,"Centro Hospitalar Tondela-Viseu, EPE","40.516364, -8.0827433",40422.0,13092.0,4977.0,,58491.0
2016-04,2016/04/01,Região de Saúde do Centro,"Hospital Distrital da Figueira da Foz, EPE","40.117897, -8.8586755",17268.0,7452.0,,,24720.0
2016-04,2016/04/01,Região de Saúde do Centro,"Unidade Local de Saúde da Guarda, EPE","40.5309916, -7.2734793",29485.0,5642.0,1354.0,,36481.0
2016-04,2016/04/01,Região de Saúde LVT,"Centro Hospitalar de Setúbal, EPE","38.5283754, -8.8818638",28477.0,16019.0,4556.0,,49052.0
2016-04,2016/04/01,Região de Saúde LVT,"Centro Hospitalar Universitário de Lisboa Norte, EPE","38.7500861, -9.1616116",52223.0,16429.0,5217.0,,73869.0
2016-04,2016/04/01,Região de Saúde Norte,"Centro Hospitalar Tâmega e Sousa, EPE","41.2494561, -8.264901",51791.0,15635.0,4706.0,,72132.0
2016-04,2016/04/01,Região de Saúde Norte,"Hospital da Senhora da Oliveira, Guimarães, EPE","41.4387173, -8.3086907",27000.0,12761.0,2890.0,,42651.0
2016-05,2016/05/01,Região de Saúde do Centro,"Centro Hospitalar de Leiria, EPE","39.7414812, -8.7982706",60866.0,20169.0,5031.0,,86066.0
2016-05,2016/05/01,Região de Saúde LVT,"Centro Hospitalar Universitário Lisboa Central, EPE","38.7166948, -9.1371248",62682.0,36057.0,8864.0,2923.0,110526.0
2016-05,2016/05/01,Região de Saúde LVT,"Centro Hospitalar do Oeste, EPE","39.4054629, -9.1258493",52102.0,22278.0,4301.0,,78681.0
2016-05,2016/05/01,Região de Saúde LVT,"Hospital de Cascais, PPP","38.729006, -9.418267",37497.0,27135.0,6207.0,,70839.0
2016-05,2016/05/01,Região de Saúde LVT,"Hospital Garcia de Orta, EPE","38.6658713, -9.1822554",39058.0,21787.0,6803.0,,67648.0
2016-05,2016/05/01,Região de Saúde Norte,"Centro Hospitalar do Médio Ave, EPE","41.3423984, -8.4802503",36867.0,15221.0,2612.0,,54700.0
2016-05,2016/05/01,Região de Saúde Norte,"Centro Hospitalar Póvoa de Varzim/Vila do Conde, EPE","41.3828711, -8.7589945",31624.0,,,,31624.0
2016-05,2016/05/01,Região de Saúde Norte,"Hospital Santa Maria Maior, EPE","41.5324234, -8.6171561",21654.0,8009.0,,,29663.0
2016-05,2016/05/01,Região de Saúde Norte,"Unidade Local de Saúde do Nordeste, EPE","41.8056532, -6.7888197",48283.0,,,,48283.0
2016-06,2016/06/01,Região de Saúde do Alentejo,"Unidade Local de Saúde do Norte Alentejano, EPE","39.3003425, -7.4263845",40442.0,5512.0,739.0,,46693.0
2016-06,2016/06/01,Região de Saúde do Centro,"Centro Hospitalar Tondela-Viseu, EPE","40.516364, -8.0827433",60478.0,19283.0,7580.0,,87341.0
2016-06,2016/06/01,Região de Saúde do Centro,"Hospital Distrital da Figueira da Foz, EPE","40.117897, -8.8586755",26108.0,10840.0,,,36948.0
2016-06,2016/06/01,Região de Saúde LVT,"Centro Hospitalar Barreiro/Montijo, EPE","38.6554005, -9.0592392",50368.0,18749.0,4359.0,,73476.0
2016-06,2016/06/01,Região de Saúde LVT,"Centro Hospitalar Universitário de Lisboa Norte, EPE","38.7500861, -9.1616116",79835.0,24229.0,7790.0,,111854.0
2016-06,2016/06/01,Região de Saúde LVT,"Hospital Garcia de Orta, EPE","38.6658713, -9.1822554",47117.0,25381.0,8306.0,,80804.0
2016-06,2016/06/01,Região de Saúde Norte,"Centro Hospitalar do Médio Ave, EPE","41.3423984, -8.4802503",44411.0,17634.0,3128.0,,65173.0
2016-06,2016/06/01,Região de Saúde Norte,"Centro Hospitalar Vila Nova de Gaia/Espinho, EPE","41.1094138, -8.5972617",59367.0,22739.0,6206.0,,88312.0
2016-06,2016/06/01,Região de Saúde Norte,"Hospital da Senhora da Oliveira, Guimarães, EPE","41.4387173, -8.3086907",41589.0,17771.0,4608.0,,63968.0
2016-06,2016/06/01,Região de Saúde Norte,"Unidade Local de Saúde de Matosinhos, EPE","41.1794456, -8.6745115",39577.0,,4754.0,,44331.0
2016-06,2016/06/01,Região de Saúde Norte,"Unidade Local de Saúde do Nordeste, EPE","41.8056532, -6.7888197",56880.0,,,,56880.0
2016-07,2016/07/01,Região de Saúde do Algarve,"Centro Hospitalar Universitário do Algarve,EPE","37.0238973, -7.9281554",152746.0,43637.0,11722.0,0.0,208105.0
2016-07,2016/07/01,Região de Saúde do Centro,"Hospital Distrital da Figueira da Foz, EPE","40.117897, -8.8586755",31122.0,12401.0,,,43523.0
2016-07,2016/07/01,Região de Saúde LVT,"Centro Hospitalar Universitário Lisboa Central, EPE","38.7166948, -9.1371248",88728.0,47504.0,12612.0,4210.0,153054.0
2016-07,2016/07/01,Região de Saúde LVT,"Hospital Garcia de Orta, EPE","38.6658713, -9.1822554",55773.0,29043.0,9769.0,,94585.0
2016-07,2016/07/01,Região de Saúde Norte,"Centro Hospitalar do Médio Ave, EPE","41.3423984, -8.4802503",52432.0,19846.0,3714.0,,75992.0
2016-07,2016/07/01,Região de Saúde Norte,"Centro Hospitalar Universitário do Porto, EPE","41.1472498, -8.6172617",73836.0,,9470.0,,83306.0
2016-07,2016/07/01,Região de Saúde Norte,"Centro Hospitalar Póvoa de Varzim/Vila do Conde, EPE","41.3828711, -8.7589945",43876.0,,,,43876.0
2016-07,2016/07/01,Região de Saúde Norte,"Centro Hospitalar Vila Nova de Gaia/Espinho, EPE","41.1094138, -8.5972617",70407.0,25697.0,7329.0,,103433.0
2016-07,2016/07/01,Região de Saúde Norte,"Hospital da Senhora da Oliveira, Guimarães, EPE","41.4387173, -8.3086907",49494.0,19864.0,5529.0,,74887.0
2016-07,2016/07/01,Região de Saúde Norte,"Unidade Local de Saúde de Matosinhos, EPE","41.1794456, -8.6745115",46834.0,,5549.0,,52383.0
2016-08,2016/08/01,Região de Saúde do Algarve,"Centro Hospitalar Universitário do Algarve,EPE","37.0238973, -7.9281554",181830.0,49777.0,13681.0,0.0,245288.0
2016-08,2016/08/01,Região de Saúde do Centro,"Centro Hospitalar de Leiria, EPE","39.7414812, -8.7982706",99521.0,30025.0,8127.0,,137673.0
2016-08,2016/08/01,Região de Saúde do Centro,"Centro Hospitalar e Universitário de Coimbra, EPE","40.2191523, -8.4098211",133345.0,42263.0,19780.0,,195388.0
2016-08,2016/08/01,Região de Saúde LVT,"Centro Hospitalar de Lisboa Ocidental, EPE","38.708454, -9.216985",70222.0,22648.0,10578.0,,103448.0
2016-08,2016/08/01,Região de Saúde LVT,"Centro Hospitalar Médio Tejo, EPE","39.478072, -8.5404429",80196.0,19555.0,2279.0,,102030.0
2016-08,2016/08/01,Região de Saúde LVT,"Hospital de Cascais, PPP","38.729006, -9.418267",60647.0,39443.0,10142.0,,110232.0
2016-08,2016/08/01,Região de Saúde Norte,"Centro Hospitalar Póvoa de Varzim/Vila do Conde, EPE","41.3828711, -8.7589945",50227.0,,,,50227.0
2016-08,2016/08/01,Região de Saúde Norte,"Hospital de Braga, PPP","41.56785, -8.398982",96762.0,32779.0,9825.0,,139366.0
2016-09,2016/09/01,Região de Saúde do Alentejo,"Hospital Espírito Santo de Évora, EPE","38.5684861, -7.9032848",40886.0,15255.0,,,56141.0
2016-09,2016/09/01,Região de Saúde do Alentejo,"Unidade Local de Saúde do Litoral Alentejano, EPE","38.0162314, -8.6956768",75585.0,,,,75585.0
2016-09,2016/09/01,Região de Saúde do Centro,"Centro Hospitalar de Leiria, EPE","39.7414812, -8.7982706",111428.0,32875.0,9146.0,,153449.0
2016-09,2016/09/01,Região de Saúde do Centro,"Centro Hospitalar e Universitário de Coimbra, EPE","40.2191523, -8.4098211",149787.0,46559.0,22313.0,,218659.0
2016-09,2016/09/01,Região de Saúde do Centro,"Unidade Local de Saúde da Guarda, EPE","40.5309916, -7.2734793",65994.0,11452.0,3010.0,,80456.0
2016-09,2016/09/01,Região de Saúde LVT,"Centro Hospitalar de Setúbal, EPE","38.5283754, -8.8818638",65701.0,32145.0,10816.0,,108662.0
2016-09,2016/09/01,Região de Saúde LVT,"Hospital de Vila Franca de Xira, PPP","38.977235, -8.984506",63304.0,33613.0,5922.0,,102839.0
2016-09,2016/09/01,Região de Saúde Norte,"Centro Hospitalar do Médio Ave, EPE","41.3423984, -8.4802503",67279.0,23916.0,4839.0,,96034.0
2016-10,2016/10/01,Região de Saúde do Alentejo,"Unidade Local de Saúde do Norte Alentejano, EPE","39.3003425, -7.4263845",67851.0,8423.0,1251.0,,77525.0
2016-10,2016/10/01,Região de Saúde do Centro,"Centro Hospitalar Tondela-Viseu, EPE","40.516364, -8.0827433",102110.0,29233.0,12758.0,,144101.0
2016-10,2016/10/01,Região de Saúde do Centro,"Hospital Distrital da Figueira da Foz, EPE","40.117897, -8.8586755",45300.0,16942.0,,,62242.0
2016-10,2016/10/01,Região de Saúde LVT,"Centro Hospitalar Barreiro/Montijo, EPE","38.6554005, -9.0592392",83606.0,28967.0,7461.0,,120034.0
2016-10,2016/10/01,Região de Saúde LVT,"Hospital Distrital de Santarém, EPE","39.2410946, -8.6937515",71281.0,31647.0,5818.0,,108746.0
2016-10,2016/10/01,Região de Saúde Norte,"Centro Hospitalar Universitário do Porto, EPE","41.1472498, -8.6172617",106361.0,,13817.0,,120178.0
2016-10,2016/10/01,Região de Saúde Norte,"Centro Hospitalar Tâmega e Sousa, EPE","41.2494561, -8.264901",128965.0,32756.0,12168.0,,173889.0
2016-10,2016/10/01,Região de Saúde Norte,"Unidade Local de Saúde do Nordeste, EPE","41.8056532, -6.7888197",94192.0,,,,94192.0
2016-11,2016/11/01,Região de Saúde do Alentejo,"Unidade Local de Saúde do Baixo Alentejo, EPE","38.014123, -7.8721227",78581.0,16519.0,3734.0,,98834.0
2016-11,2016/11/01,Região de Saúde do Algarve,"Centro Hospitalar Universitário do Algarve,EPE","37.0238973, -7.9281554",242515.0,66826.0,18868.0,0.0,328209.0
2016-11,2016/11/01,Região de Saúde do Centro,"Centro Hospitalar do Baixo Vouga, EPE","40.6362453, -8.6543716",115418.0,36527.0,6284.0,,158229.0
2016-11,2016/11/01,Região de Saúde do Centro,"Centro Hospitalar Tondela-Viseu, EPE","40.516364, -8.0827433",111331.0,32040.0,13931.0,,157302.0
2016-11,2016/11/01,Região de Saúde do Centro,"Unidade Local de Saúde da Guarda, EPE","40.5309916, -7.2734793",79594.0,13788.0,3675.0,,97057.0
2016-11,2016/11/01,Região de Saúde LVT,"Centro Hospitalar Barreiro/Montijo, EPE","38.6554005, -9.0592392",91861.0,32330.0,8249.0,,132440.0
2016-11,2016/11/01,Região de Saúde LVT,"Centro Hospitalar de Lisboa Ocidental, EPE","38.708454, -9.216985",97178.0,31385.0,14595.0,,143158.0
2016-11,2016/11/01,Região de Saúde Norte,"Centro Hospitalar Universitário do Porto, EPE","41.1472498, -8.6172617",116554.0,,15081.0,,131635.0
2016-11,2016/11/01,Região de Saúde Norte,"Centro Hospitalar Tâmega e Sousa, EPE","41.2494561, -8.264901",141127.0,36539.0,13427.0,,191093.0
2016-11,2016/11/01,Região de Saúde Norte,"Hospital da Senhora da Oliveira, Guimarães, EPE","41.4387173, -8.3086907",79847.0,28579.0,8963.0,,117389.0
2016-11,2016/11/01,Região de Saúde Norte,"Unidade Local de Saúde do Alto Minho, EPE","41.7056054, -8.8252713",127563.0,17191.0,6150.0,,150904.0
2016-12,2016/12/01,Região de Saúde do Centro,"Centro Hospitalar Universitário Cova da Beira, EPE","40.2804158, -7.4922407",53504.0,17515.0,3863.0,,74882.0
2016-12,2016/12/01,Região de Saúde LVT,"Centro Hospitalar Barreiro/Montijo, EPE","38.6554005, -9.0592392",101246.0,36008.0,8942.0,,146196.0
2016-12,2016/12/01,Região de Saúde LVT,"Centro Hospitalar de Lisboa Ocidental, EPE","38.708454, -9.216985",106321.0,35429.0,15846.0,,157596.0
2016-12,2016/12/01,Região de Saúde LVT,"Centro Hospitalar de Setúbal, EPE","38.5283754, -8.8818638",87293.0,44548.0,14049.0,,145890.0
2016-12,2016/12/01,Região de Saúde LVT,"Hospital de Cascais, PPP","38.729006, -9.418267",91011.0,60971.0,15200.0,,167182.0
2016-12,2016/12/01,Região de Saúde LVT,"Hospital Garcia de Orta, EPE","38.6658713, -9.1822554",97087.0,49882.0,17102.0,,164071.0
2016-12,2016/12/01,Região de Saúde Norte,"Centro Hospitalar do Médio Ave, EPE","41.3423984, -8.4802503",90397.0,33407.0,6411.0,,130215.0
2016-12,2016/12/01,Região de Saúde Norte,"Centro Hospitalar Tâmega e Sousa, EPE","41.2494561, -8.264901",154601.0,40925.0,14678.0,,210204.0
2016-12,2016/12/01,Região de Saúde Norte,"Hospital Santa Maria Maior, EPE","41.5324234, -8.6171561",52674.0,17077.0,,,69751.0
2017-01,2017/01/01,Região de Saúde do Alentejo,"Hospital Espírito Santo de Évora, EPE","38.5684861, -7.9032848",4580.0,1909.0,,,6489.0
2017-01,2017/01/01,Região de Saúde do Centro,"Centro Hospitalar Universitário Cova da Beira, EPE","40.2804158, -7.4922407",4189.0,1602.0,199.0,,5990.0
2017-01,2017/01/01,Região de Saúde LVT,"Hospital Garcia de Orta, EPE","38.6658713, -9.1822554",7975.0,4167.0,1366.0,,13508.0
2017-01,2017/01/01,Região de Saúde Norte,"Centro Hospitalar Entre Douro e Vouga, EPE","40.9293884, -8.5458794",14002.0,3006.0,692.0,,17700.0
2017-01,2017/01/01,Região de Saúde Norte,"Centro Hospitalar Trás-os-Montes e Alto Douro, EPE","41.3031784, -7.7515252",13694.0,2162.0,385.0,,16241.0
2017-01,2017/01/01,Região de Saúde Norte,"Hospital da Senhora da Oliveira, Guimarães, EPE","41.4387173, -8.3086907",7255.0,2323.0,765.0,,10343.0
2017-01,2017/01/01,Região de Saúde Norte,"Hospital de Braga, PPP","41.56785, -8.398982",12106.0,4143.0,1211.0,,17460.0
2017-02,2017/02/01,Região de Saúde do Alentejo,"Unidade Local de Saúde do Baixo Alentejo, EPE","38.014123, -7.8721227",14048.0,3049.0,566.0,,17663.0
2017-02,2017/02/01,Região de Saúde do Alentejo,"Unidade Local de Saúde do Litoral Alentejano, EPE","38.0162314, -8.6956768",14760.0,,,,14760.0
2017-02,2017/02/01,Região de Saúde do Centro,"Centro Hospitalar Universitário Cova da Beira, EPE","40.2804158, -7.4922407",7669.0,2853.0,508.0,,11030.0
2017-02,2017/02/01,Região de Saúde Norte,"Centro Hospitalar Póvoa de Varzim/Vila do Conde, EPE","41.3828711, -8.7589945",11839.0,,,,11839.0
2017-02,2017/02/01,Região de Saúde Norte,"Centro Hospitalar Trás-os-Montes e Alto Douro, EPE","41.3031784, -7.7515252",25253.0,3807.0,744.0,,29804.0
2017-03,2017/03/01,Região de Saúde do Alentejo,"Unidade Local de Saúde do Baixo Alentejo, EPE","38.014123, -7.8721227",21195.0,4535.0,826.0,,26556.0
2017-03,2017/03/01,Região de Saúde do Algarve,"Centro Hospitalar Universitário do Algarve,EPE","37.0238973, -7.9281554",60039.0,17698.0,4713.0,0.0,82450.0
2017-03,2017/03/01,Região de Saúde do Centro,"Centro Hospitalar e Universitário de Coimbra, EPE","40.2191523, -8.4098211",47587.0,16070.0,7107.0,,70764.0
2017-03,2017/03/01,Região de Saúde LVT,"Centro Hospitalar do Oeste, EPE","39.4054629, -9.1258493",30545.0,12448.0,2451.0,,45444.0
2017-03,2017/03/01,Região de Saúde LVT,"Hospital de Cascais, PPP","38.729006, -9.418267",21485.0,15285.0,3498.0,,40268.0
2017-03,2017/03/01,Região de Saúde Norte,"Unidade Local de Saúde do Alto Minho, EPE","41.7056054, -8.8252713",33600.0,4934.0,1577.0,,40111.0
2017-04,2017/04/01,Região de Saúde do Alentejo,"Unidade Local de Saúde do Norte Alentejano, EPE","39.3003425, -7.4263845",25434.0,3257.0,407.0,,29098.0
2017-04,2017/04/01,Região de Saúde do Centro,"Unidade Local de Saúde da Guarda, EPE","40.5309916, -7.2734793",27509.0,4755.0,1268.0,,33532.0
2017-04,2017/04/01,Região de Saúde LVT,"Centro Hospitalar Universitário de Lisboa Norte, EPE","38.7500861, -9.1616116",56468.0,15339.0,5723.0,,77530.0
2017-04,2017/04/01,Região de Saúde LVT,"Hospital de Cascais, PPP","38.729006, -9.418267",28973.0,19873.0,4735.0,,53581.0
2017-04,2017/04/01,Região de Saúde LVT,"Hospital de Loures, PPP","38.821455, -9.176296",40320.0,21617.0,5306.0,,67243.0
2017-04,2017/04/01,Região de Saúde LVT,"Hospital Distrital de Santarém, EPE","39.2410946, -8.6937515",27333.0,12971.0,2093.0,,42397.0
2017-04,2017/04/01,Região de Saúde Norte,"Centro Hospitalar do Médio Ave, EPE","41.3423984, -8.4802503",29439.0,11116.0,2107.0,,42662.0
2017-04,2017/04/01,Região de Saúde Norte,"Centro Hospitalar Entre Douro e Vouga, EPE","40.9293884, -8.5458794",53977.0,11490.0,2902.0,,68369.0
2017-04,2017/04/01,Região de Saúde Norte,"Centro Hospitalar Trás-os-Montes e Alto Douro, EPE","41.3031784, -7.7515252",49350.0,6977.0,1518.0,,57845.0
2017-05,2017/05/01,Região de Saúde do Alentejo,"Hospital Espírito Santo de Évora, EPE","38.5684861, -7.9032848",22059.0,8833.0,,,30892.0
2017-05,2017/05/01,Região de Saúde do Alentejo,"Unidade Local de Saúde do Norte Alentejano, EPE","39.3003425, -7.4263845",32152.0,4128.0,540.0,,36820.0
2017-05,2017/05/01,Região de Saúde do Centro,"Centro Hospitalar Universitário Cova da Beira, EPE","40.2804158, -7.4922407",19834.0,6959.0,1501.0,,28294.0
2017-05,2017/05/01,Região de Saúde do Centro,"Centro Hospitalar do Baixo Vouga, EPE","40.6362453, -8.6543716",49453.0,15973.0,2727.0,,68153.0
2017-05,2017/05/01,Região de Saúde do Centro,"Centro Hospitalar e Universitário de Coimbra, EPE","40.2191523, -8.4098211",80757.0,26836.0,12128.0,,119721.0
2017-05,2017/05/01,Região de Saúde LVT,"Centro Hospitalar de Setúbal, EPE","38.5283754, -8.8818638",35826.0,18120.0,5467.0,,59413.0
2017-05,2017/05/01,Região de Saúde Norte,"Centro Hospitalar Trás-os-Montes e Alto Douro, EPE","41.3031784, -7.7515252",62101.0,8685.0,1911.0,,72697.0
2017-05,2017/05/01,Região de Saúde Norte,"Centro Hospitalar Vila Nova de Gaia/Espinho, EPE","41.1094138, -8.5972617",49423.0,18238.0,5214.0,,72875.0
2017-05,2017/05/01,Região de Saúde Norte,"Unidade Local de Saúde do Nordeste, EPE","41.8056532, -6.7888197",44726.0,,,,44726.0
2017-06,2017/06/01,Região de Saúde do Alentejo,"Unidade Local de Saúde do Litoral Alentejano, EPE","38.0162314, -8.6956768",44615.0,,,,44615.0
2017-06,2017/06/01,Região de Saúde do Centro,"Unidade Local de Saúde de Castelo Branco, EPE","39.8212263, -7.4981271",25852.0,6015.0,774.0,,32641.0
2017-06,2017/06/01,Região de Saúde LVT,"Hospital Distrital de Santarém, EPE","39.2410946, -8.6937515",41511.0,19474.0,3245.0,,64230.0
2017-06,2017/06/01,Região de Saúde Norte,"Centro Hospitalar Entre Douro e Vouga, EPE","40.9293884, -8.5458794",81992.0,16505.0,4434.0,,102931.0
2017-06,2017/06/01,Região de Saúde Norte,"Hospital de Braga, PPP","41.56785, -8.398982",70982.0,23438.0,7338.0,,101758.0
2017-06,2017/06/01,Região de Saúde Norte,"Unidade Local de Saúde de Matosinhos, EPE","41.1794456, -8.6745115",39545.0,,4764.0,,44309.0
2017-07,2017/07/01,Região de Saúde do Alentejo,"Unidade Local de Saúde do Baixo Alentejo, EPE","38.014123, -7.8721227",49077.0,9818.0,1901.0,,60796.0
2017-07,2017/07/01,Região de Saúde do Algarve,"Centro Hospitalar Universitário do Algarve,EPE","37.0238973, -7.9281554",149001.0,39965.0,11637.0,0.0,200603.0
2017-07,2017/07/01,Região de Saúde do Centro,"Centro Hospitalar de Leiria, EPE","39.7414812, -8.7982706",85641.0,20830.0,7137.0,,113608.0
2017-07,2017/07/01,Região de Saúde LVT,"Hospital de Loures, PPP","38.821455, -9.176296",71357.0,36358.0,9619.0,,117334.0
2017-07,2017/07/01,Região de Saúde LVT,"Hospital Distrital de Santarém, EPE","39.2410946, -8.6937515",48849.0,22090.0,3786.0,,74725.0
2017-07,2017/07/01,Região de Saúde LVT,"Hospital Garcia de Orta, EPE","38.6658713, -9.1822554",57247.0,28318.0,10171.0,,95736.0
2017-07,2017/07/01,Região de Saúde Norte,"Hospital da Senhora da Oliveira, Guimarães, EPE","41.4387173, -8.3086907",53584.0,15676.0,5432.0,,74692.0
2017-08,2017/08/01,Região de Saúde do Alentejo,"Hospital Espírito Santo de Évora, EPE","38.5684861, -7.9032848",35818.0,12975.0,,,48793.0
2017-08,2017/08/01,Região de Saúde do Centro,"Centro Hospitalar Universitário Cova da Beira, EPE","40.2804158, -7.4922407",32822.0,10441.0,2731.0,,45994.0
2017-08,2017/08/01,Região de Saúde do Centro,"Centro Hospitalar e Universitário de Coimbra, EPE","40.2191523, -8.4098211",130789.0,40323.0,20081.0,,191193.0
2017-08,2017/08/01,Região de Saúde LVT,"Centro Hospitalar Barreiro/Montijo, EPE","38.6554005, -9.0592392",68512.0,21639.0,6225.0,,96376.0
2017-08,2017/08/01,Região de Saúde Norte,"Centro Hospitalar Vila Nova de Gaia/Espinho, EPE","41.1094138, -8.5972617",81546.0,26942.0,8305.0,,116793.0
2017-08,2017/08/01,Região de Saúde Norte,"Unidade Local de Saúde de Matosinhos, EPE","41.1794456, -8.6745115",53364.0,,6499.0,,59863.0
2017-08,2017/08/01,Região de Saúde Norte,"Unidade Local de Saúde do Nordeste, EPE","41.8056532, -6.7888197",72761.0,,,,72761.0
2017-09,2017/09/01,Região de Saúde do Centro,"Centro Hospitalar do Baixo Vouga, EPE","40.6362453, -8.6543716",91199.0,26618.0,5097.0,,122914.0
2017-09,2017/09/01,Região de Saúde do Centro,"Unidade Local de Saúde da Guarda, EPE","40.5309916, -7.2734793",61951.0,9963.0,2900.0,0.0,74814.0
2017-09,2017/09/01,Região de Saúde do Centro,"Unidade Local de Saúde de Castelo Branco, EPE","39.8212263, -7.4981271",38951.0,8116.0,1261.0,,48328.0
2017-09,2017/09/01,Região de Saúde LVT,"Centro Hospitalar Universitário Lisboa Central, EPE","38.7166948, -9.1371248",108240.0,53289.0,16509.0,5066.0,183104.0
2017-09,2017/09/01,Região de Saúde LVT,"Centro Hospitalar do Oeste, EPE","39.4054629, -9.1258493",94526.0,33519.0,7309.0,,135354.0
2017-09,2017/09/01,Região de Saúde Norte,"Centro Hospitalar do Médio Ave, EPE","41.3423984, -8.4802503",69200.0,22902.0,5343.0,,97445.0
2017-09,2017/09/01,Região de Saúde Norte,"Centro Hospitalar Universitário do Porto, EPE","41.1472498, -8.6172617",94637.0,,13622.0,,108259.0
2017-09,2017/09/01,Região de Saúde Norte,"Centro Hospitalar Tâmega e Sousa, EPE","41.2494561, -8.264901",108069.0,28106.0,10800.0,,146975.0
2017-09,2017/09/01,Região de Saúde Norte,"Centro Hospitalar Trás-os-Montes e Alto Douro, EPE","41.3031784, -7.7515252",113044.0,15081.0,3574.0,,131699.0
2017-09,2017/09/01,Região de Saúde Norte,"Unidade Local de Saúde do Nordeste, EPE","41.8056532, -6.7888197",80722.0,,,,80722.0
2017-10,2017/10/01,Região de Saúde do Alentejo,"Unidade Local de Saúde do Baixo Alentejo, EPE","38.014123, -7.8721227",69832.0,13562.0,2729.0,,86123.0
2017-10,2017/10/01,Região de Saúde do Centro,"Centro Hospitalar e Universitário de Coimbra, EPE","40.2191523, -8.4098211",164356.0,50658.0,25126.0,,240140.0
2017-10,2017/10/01,Região de Saúde LVT,"Centro Hospitalar Universitário Lisboa Central, EPE","38.7166948, -9.1371248",120739.0,60454.0,18497.0,5680.0,205370.0
2017-10,2017/10/01,Região de Saúde LVT,"Centro Hospitalar Médio Tejo, EPE","39.478072, -8.5404429",98374.0,21637.0,2044.0,,122055.0
2017-10,2017/10/01,Região de Saúde LVT,"Hospital de Cascais, PPP","38.729006, -9.418267",75733.0,46720.0,12599.0,,135052.0
2017-10,2017/10/01,Região de Saúde LVT,"Hospital de Vila Franca de Xira, PPP","38.977235, -8.984506",73118.0,37245.0,6937.0,,117300.0
2017-10,2017/10/01,Região de Saúde LVT,"Hospital Professor Doutor Fernando Fonseca, EPE","38.7422257, -9.2264834",153364.0,47435.0,17101.0,,217900.0
2017-10,2017/10/01,Região de Saúde Norte,"Centro Hospitalar Entre Douro e Vouga, EPE","40.9293884, -8.5458794",137880.0,25459.0,7507.0,,170846.0
2017-10,2017/10/01,Região de Saúde Norte,"Centro Hospitalar Vila Nova de Gaia/Espinho, EPE","41.1094138, -8.5972617",102809.0,34229.0,10501.0,,147539.0
2017-10,2017/10/01,Região de Saúde Norte,"Hospital Santa Maria Maior, EPE","41.5324234, -8.6171561",41448.0,12692.0,,,54140.0
2017-10,2017/10/01,Região de Saúde Norte,"Unidade Local de Saúde de Matosinhos, EPE","41.1794456, -8.6745115",66939.0,,8267.0,,75206.0
2017-11,2017/11/01,Região de Saúde do Alentejo,"Unidade Local de Saúde do Litoral Alentejano, EPE","38.0162314, -8.6956768",84507.0,,,,84507.0
2017-11,2017/11/01,Região de Saúde do Alentejo,"Unidade Local de Saúde do Norte Alentejano, EPE","39.3003425, -7.4263845",71027.0,8124.0,1346.0,,80497.0
2017-11,2017/11/01,Região de Saúde do Centro,"Unidade Local de Saúde da Guarda, EPE","40.5309916, -7.2734793",75745.0,12441.0,3580.0,,91766.0
2017-11,2017/11/01,Região de Saúde LVT,"Centro Hospitalar Barreiro/Montijo, EPE","38.6554005, -9.0592392",95510.0,31082.0,8512.0,,135104.0
2017-11,2017/11/01,Região de Saúde LVT,"Hospital de Cascais, PPP","38.729006, -9.418267",83515.0,52312.0,13886.0,,149713.0
2017-11,2017/11/01,Região de Saúde Norte,"Centro Hospitalar Póvoa de Varzim/Vila do Conde, EPE","41.3828711, -8.7589945",67289.0,,,,67289.0
2017-11,2017/11/01,Região de Saúde Norte,"Centro Hospitalar Tâmega e Sousa, EPE","41.2494561, -8.264901",133053.0,35839.0,13239.0,,182131.0
2017-11,2017/11/01,Região de Saúde Norte,"Hospital da Senhora da Oliveira, Guimarães, EPE","41.4387173, -8.3086907",85727.0,24939.0,8853.0,,119519.0
2017-11,2017/11/01,Região de Saúde Norte,"Unidade Local de Saúde do Alto Minho, EPE","41.7056054, -8.8252713",124485.0,16424.0,6362.0,,147271.0
2017-12,2017/12/01,Região de Saúde do Alentejo,"Hospital Espírito Santo de Évora, EPE","38.5684861, -7.9032848",53533.0,19708.0,,,73241.0
2017-12,2017/12/01,Região de Saúde do Centro,"Unidade Local de Saúde da Guarda, EPE","40.5309916, -7.2734793",82936.0,13510.0,3814.0,,100260.0
2017-12,2017/12/01,Região de Saúde LVT,"Hospital de Loures, PPP","38.821455, -9.176296",123952.0,62615.0,17163.0,,203730.0
2018-01,2018/01/01,Região de Saúde do Alentejo,"Unidade Local de Saúde do Norte Alentejano, EPE","39.3003425, -7.4263845",7581.0,947.0,148.0,,8676.0
2018-01,2018/01/01,Região de Saúde LVT,"Centro Hospitalar Barreiro/Montijo, EPE","38.6554005, -9.0592392",9580.0,3601.0,761.0,,13942.0
2018-01,2018/01/01,Região de Saúde LVT,"Centro Hospitalar Médio Tejo, EPE","39.478072, -8.5404429",10204.0,2947.0,251.0,,13402.0
2018-01,2018/01/01,Região de Saúde Norte,"Centro Hospitalar Universitário do Porto, EPE","41.1472498, -8.6172617",10433.0,,1680.0,,12113.0
2018-01,2018/01/01,Região de Saúde Norte,"Centro Hospitalar Póvoa de Varzim/Vila do Conde, EPE","41.3828711, -8.7589945",6885.0,,,,6885.0
2018-01,2018/01/01,Região de Saúde Norte,"Centro Hospitalar Tâmega e Sousa, EPE","41.2494561, -8.264901",11762.0,3526.0,1153.0,,16441.0
2018-01,2018/01/01,Região de Saúde Norte,"Hospital da Senhora da Oliveira, Guimarães, EPE","41.4387173, -8.3086907",7996.0,3033.0,823.0,,11852.0
2018-01,2018/01/01,Região de Saúde Norte,"Hospital Santa Maria Maior, EPE","41.5324234, -8.6171561",4115.0,1647.0,,,5762.0
2018-01,2018/01/01,Região de Saúde Norte,"Unidade Local de Saúde do Nordeste, EPE","41.8056532, -6.7888197",11413.0,,,,11413.0
2018-02,2018/02/01,Região de Saúde do Algarve,"Centro Hospitalar Universitário do Algarve,EPE","37.0238973, -7.9281554",41409.0,13236.0,3066.0,0.0,57711.0
2018-02,2018/02/01,Região de Saúde do Centro,"Centro Hospitalar de Leiria, EPE","39.7414812, -8.7982706",24997.0,7197.0,2012.0,,34206.0
2018-02,2018/02/01,Região de Saúde do Centro,"Centro Hospitalar e Universitário de Coimbra, EPE","40.2191523, -8.4098211",33955.0,12294.0,4882.0,,51131.0
2018-02,2018/02/01,Região de Saúde LVT,"Centro Hospitalar Universitário de Lisboa Norte, EPE","38.7500861, -9.1616116",29975.0,8614.0,2763.0,,41352.0
2018-02,2018/02/01,Região de Saúde LVT,"Centro Hospitalar Médio Tejo, EPE","39.478072, -8.5404429",19555.0,5162.0,474.0,,25191.0
2018-02,2018/02/01,Região de Saúde LVT,"Hospital de Loures, PPP","38.821455, -9.176296",20664.0,11943.0,2730.0,,35337.0
2018-02,2018/02/01,Região de Saúde Norte,"Unidade Local de Saúde do Alto Minho, EPE","41.7056054, -8.8252713",23130.0,4186.0,1064.0,,28380.0
2018-03,2018/03/01,Região de Saúde do Alentejo,"Unidade Local de Saúde do Litoral Alentejano, EPE","38.0162314, -8.6956768",25060.0,,,,25060.0
2018-03,2018/03/01,Região de Saúde do Centro,"Hospital Distrital da Figueira da Foz, EPE","40.117897, -8.8586755",13281.0,5531.0,,,18812.0
2018-03,2018/03/01,Região de Saúde LVT,"Centro Hospitalar Universitário de Lisboa Norte, EPE","38.7500861, -9.1616116",45023.0,12365.0,4229.0,,61617.0
2018-03,2018/03/01,Região de Saúde LVT,"Hospital Garcia de Orta, EPE","38.6658713, -9.1822554",25276.0,13018.0,4295.0,,42589.0
2018-03,2018/03/01,Região de Saúde Norte,"Centro Hospitalar Universitário do Porto, EPE","41.1472498, -8.6172617",30396.0,,4645.0,,35041.0
2018-03,2018/03/01,Região de Saúde Norte,"Centro Hospitalar Póvoa de Varzim/Vila do Conde, EPE","41.3828711, -8.7589945",19402.0,,,,19402.0
2018-03,2018/03/01,Região de Saúde Norte,"Hospital de Braga, PPP","41.56785, -8.398982",36496.0,13526.0,3777.0,,53799.0
2018-04,2018/04/01,Região de Saúde do Centro,"Centro Hospitalar Tondela-Viseu, EPE","40.516364, -8.0827433",38814.0,12185.0,4771.0,,55770.0
2018-04,2018/04/01,Região de Saúde LVT,"Centro Hospitalar Barreiro/Montijo, EPE","38.6554005, -9.0592392",35473.0,12174.0,3120.0,,50767.0
2018-04,2018/04/01,Região de Saúde LVT,"Hospital de Cascais, PPP","38.729006, -9.418267",30572.0,19269.0,4888.0,,54729.0
2018-04,2018/04/01,Região de Saúde LVT,"Hospital de Vila Franca de Xira, PPP","38.977235, -8.984506",29429.0,16567.0,2760.0,,48756.0
2018-04,2018/04/01,Região de Saúde Norte,"Centro Hospitalar Vila Nova de Gaia/Espinho, EPE","41.1094138, -8.5972617",40075.0,13701.0,3827.0,,57603.0
2018-04,2018/04/01,Região de Saúde Norte,"Unidade Local de Saúde de Matosinhos, EPE","41.1794456, -8.6745115",25126.0,,2976.0,,28102.0
2018-05,2018/05/01,Região de Saúde do Alentejo,"Unidade Local de Saúde do Norte Alentejano, EPE","39.3003425, -7.4263845",34946.0,3875.0,595.0,,39416.0
2018-05,2018/05/01,Região de Saúde do Centro,"Hospital Distrital da Figueira da Foz, EPE","40.117897, -8.8586755",21926.0,8692.0,,,30618.0
2018-05,2018/05/01,Região de Saúde LVT,"Centro Hospitalar Universitário de Lisboa Norte, EPE","38.7500861, -9.1616116",75926.0,20165.0,7191.0,,103282.0
2018-05,2018/05/01,Região de Saúde LVT,"Hospital de Vila Franca de Xira, PPP","38.977235, -8.984506",36964.0,20467.0,3624.0,,61055.0
2018-05,2018/05/01,Região de Saúde LVT,"Hospital Garcia de Orta, EPE","38.6658713, -9.1822554",42415.0,20814.0,7332.0,,70561.0
2018-05,2018/05/01,Região de Saúde Norte,"Hospital de Braga, PPP","41.56785, -8.398982",61853.0,21880.0,6539.0,,90272.0
2018-06,2018/06/01,Região de Saúde do Alentejo,"Hospital Espírito Santo de Évora, EPE","38.5684861, -7.9032848",26610.0,10683.0,,,37293.0
2018-06,2018/06/01,Região de Saúde do Alentejo,"Unidade Local de Saúde do Baixo Alentejo, EPE","38.014123, -7.8721227",42773.0,9061.0,1621.0,,53455.0
2018-06,2018/06/01,Região de Saúde do Alentejo,"Unidade Local de Saúde do Norte Alentejano, EPE","39.3003425, -7.4263845",41468.0,4532.0,700.0,,46700.0
2018-06,2018/06/01,Região de Saúde do Centro,"Unidade Local de Saúde de Castelo Branco, EPE","39.8212263, -7.4981271",25920.0,4998.0,917.0,,31835.0
2018-06,2018/06/01,Região de Saúde LVT,"Centro Hospitalar Universitário Lisboa Central, EPE","38.7166948, -9.1371248",71990.0,39457.0,10567.0,3220.0,125234.0
2018-07,2018/07/01,Região de Saúde do Alentejo,"Unidade Local de Saúde do Baixo Alentejo, EPE","38.014123, -7.8721227",49719.0,10283.0,1954.0,,61956.0
2018-07,2018/07/01,Região de Saúde do Alentejo,"Unidade Local de Saúde do Litoral Alentejano, EPE","38.0162314, -8.6956768",56036.0,,,,56036.0
2018-07,2018/07/01,Região de Saúde do Centro,"Centro Hospitalar Universitário Cova da Beira, EPE","40.2804158, -7.4922407",30111.0,10499.0,2202.0,,42812.0
2018-07,2018/07/01,Região de Saúde LVT,"Centro Hospitalar de Setúbal, EPE","38.5283754, -8.8818638",53296.0,25491.0,7626.0,,86413.0
2018-07,2018/07/01,Região de Saúde LVT,"Centro Hospitalar Médio Tejo, EPE","39.478072, -8.5404429",67570.0,15134.0,1622.0,,84326.0
2018-07,2018/07/01,Região de Saúde LVT,"Hospital de Loures, PPP","38.821455, -9.176296",71609.0,36259.0,10309.0,,118177.0
2018-07,2018/07/01,Região de Saúde Norte,"Centro Hospitalar Tâmega e Sousa, EPE","41.2494561, -8.264901",83290.0,21709.0,8029.0,,113028.0
2018-08,2018/08/01,Região de Saúde do Alentejo,"Unidade Local de Saúde do Baixo Alentejo, EPE","38.014123, -7.8721227",57016.0,11486.0,2277.0,,70779.0
2018-08,2018/08/01,Região de Saúde do Centro,"Centro Hospitalar do Baixo Vouga, EPE","40.6362453, -8.6543716",85077.0,25319.0,4463.0,,114859.0
2018-08,2018/08/01,Região de Saúde do Centro,"Hospital Distrital da Figueira da Foz, EPE","40.117897, -8.8586755",36786.0,13427.0,,,50213.0
2018-08,2018/08/01,Região de Saúde LVT,"Centro Hospitalar de Setúbal, EPE","38.5283754, -8.8818638",61521.0,28233.0,8902.0,,98656.0
2018-08,2018/08/01,Região de Saúde LVT,"Centro Hospitalar do Oeste, EPE","39.4054629, -9.1258493",82122.0,30524.0,6762.0,,119408.0
2018-08,2018/08/01,Região de Saúde LVT,"Centro Hospitalar Universitário de Lisboa Norte, EPE","38.7500861, -9.1616116",122579.0,30294.0,12127.0,,165000.0
2018-08,2018/08/01,Região de Saúde LVT,"Hospital Professor Doutor Fernando Fonseca, EPE","38.7422257, -9.2264834",124999.0,38290.0,14178.0,,177467.0
2018-08,2018/08/01,Região de Saúde Norte,"Centro Hospitalar Póvoa de Varzim/Vila do Conde, EPE","41.3828711, -8.7589945",50351.0,,,,50351.0
2018-09,2018/09/01,Região de Saúde do Centro,"Centro Hospitalar Tondela-Viseu, EPE","40.516364, -8.0827433",87104.0,24944.0,11554.0,,123602.0
2018-09,2018/09/01,Região de Saúde do Centro,"Unidade Local de Saúde da Guarda, EPE","40.5309916, -7.2734793",63262.0,10613.0,2031.0,0.0,75906.0
2018-09,2018/09/01,Região de Saúde LVT,"Centro Hospitalar Barreiro/Montijo, EPE","38.6554005, -9.0592392",79934.0,25149.0,7754.0,,112837.0
2018-09,2018/09/01,Região de Saúde LVT,"Centro Hospitalar do Oeste, EPE","39.4054629, -9.1258493",92335.0,33782.0,7616.0,,133733.0
2018-09,2018/09/01,Região de Saúde Norte,"Centro Hospitalar Universitário de São João, EPE","41.1831056, -8.6010558",126038.0,54449.0,11054.0,,191541.0
2018-09,2018/09/01,Região de Saúde Norte,"Centro Hospitalar do Médio Ave, EPE","41.3423984, -8.4802503",71389.0,24519.0,5348.0,,101256.0
2018-09,2018/09/01,Região de Saúde Norte,"Centro Hospitalar Tâmega e Sousa, EPE","41.2494561, -8.264901",107710.0,25723.0,10590.0,,144023.0
2018-09,2018/09/01,Região de Saúde Norte,"Centro Hospitalar Trás-os-Montes e Alto Douro, EPE","41.3031784, -7.7515252",115516.0,19445.0,3771.0,,138732.0
2018-09,2018/09/01,Região de Saúde Norte,"Hospital de Braga, PPP","41.56785, -8.398982",115308.0,36115.0,12395.0,,163818.0
2018-10,2018/10/01,Região de Saúde do Algarve,"Centro Hospitalar Universitário do Algarve,EPE","37.0238973, -7.9281554",218810.0,58993.0,17482.0,0.0,295285.0
2018-10,2018/10/01,Região de Saúde do Centro,"Hospital Distrital da Figueira da Foz, EPE","40.117897, -8.8586755",45967.0,16385.0,,,62352.0
2018-10,2018/10/01,Região de Saúde LVT,"Centro Hospitalar de Setúbal, EPE","38.5283754, -8.8818638",77007.0,35000.0,11292.0,,123299.0
2018-10,2018/10/01,Região de Saúde LVT,"Centro Hospitalar Médio Tejo, EPE","39.478072, -8.5404429",97448.0,20840.0,2447.0,,120735.0
2018-10,2018/10/01,Região de Saúde LVT,"Hospital de Cascais, PPP","38.729006, -9.418267",78016.0,45418.0,12593.0,,136027.0
2018-10,2018/10/01,Região de Saúde LVT,"Hospital de Vila Franca de Xira, PPP","38.977235, -8.984506",73862.0,36643.0,7822.0,,118327.0
2018-10,2018/10/01,Região de Saúde Norte,"Centro Hospitalar Entre Douro e Vouga, EPE","40.9293884, -8.5458794",142605.0,25591.0,7880.0,,176076.0
2018-10,2018/10/01,Região de Saúde Norte,"Centro Hospitalar Póvoa de Varzim/Vila do Conde, EPE","41.3828711, -8.7589945",62667.0,,,,62667.0
2018-10,2018/10/01,Região de Saúde Norte,"Centro Hospitalar Tâmega e Sousa, EPE","41.2494561, -8.264901",119654.0,28679.0,11901.0,,160234.0
2018-10,2018/10/01,Região de Saúde Norte,"Hospital da Senhora da Oliveira, Guimarães, EPE","41.4387173, -8.3086907",82840.0,24486.0,8613.0,,115939.0
2018-11,2018/11/01,Região de Saúde do Alentejo,"Unidade Local de Saúde do Litoral Alentejano, EPE","38.0162314, -8.6956768",87156.0,,,,87156.0
2018-11,2018/11/01,Região de Saúde do Centro,"Centro Hospitalar e Universitário de Coimbra, EPE","40.2191523, -8.4098211",189665.0,57979.0,25350.0,,272994.0
2018-11,2018/11/01,Região de Saúde LVT,"Centro Hospitalar Universitário Lisboa Central, EPE","38.7166948, -9.1371248",131414.0,68305.0,19863.0,6027.0,225609.0
2018-11,2018/11/01,Região de Saúde LVT,"Hospital de Cascais, PPP","38.729006, -9.418267",85329.0,50586.0,13748.0,,149663.0
2018-11,2018/11/01,Região de Saúde LVT,"Hospital de Loures, PPP","38.821455, -9.176296",111199.0,55320.0,16446.0,,182965.0
2018-11,2018/11/01,Região de Saúde LVT,"Hospital de Vila Franca de Xira, PPP","38.977235, -8.984506",80719.0,40752.0,8583.0,,130054.0
2018-11,2018/11/01,Região de Saúde Norte,"Centro Hospitalar Universitário do Porto, EPE","41.1472498, -8.6172617",115996.0,,19351.0,,135347.0
2018-11,2018/11/01,Região de Saúde Norte,"Centro Hospitalar Póvoa de Varzim/Vila do Conde, EPE","41.3828711, -8.7589945",68428.0,,,,68428.0
2018-12,2018/12/01,Região de Saúde do Alentejo,"Unidade Local de Saúde do Baixo Alentejo, EPE","38.014123, -7.8721227",84868.0,17068.0,3404.0,,105340.0
2018-12,2018/12/01,Região de Saúde do Centro,"Centro Hospitalar Universitário Cova da Beira, EPE","40.2804158, -7.4922407",51863.0,16569.0,3903.0,,72335.0
2018-12,2018/12/01,Região de Saúde do Centro,"Centro Hospitalar do Baixo Vouga, EPE","40.6362453, -8.6543716",126493.0,38933.0,6895.0,,172321.0
2018-12,2018/12/01,Região de Saúde LVT,"Centro Hospitalar Universitário de Lisboa Norte, EPE","38.7500861, -9.1616116",183254.0,46083.0,18205.0,,247542.0
2018-12,2018/12/01,Região de Saúde Norte,"Centro Hospitalar Universitário do Porto, EPE","41.1472498, -8.6172617",126276.0,,21250.0,,147526.0
2018-12,2018/12/01,Região de Saúde Norte,"Unidade Local de Saúde de Matosinhos, EPE","41.1794456, -8.6745115",76794.0,0.0,10364.0,0.0,87158.0
2019-01,2019/01/01,Região de Saúde do Alentejo,"Unidade Local de Saúde do Baixo Alentejo, EPE","38.014123, -7.8721227",8504.0,1881.0,308.0,,10693.0
2019-01,2019/01/01,Região de Saúde do Alentejo,"Unidade Local de Saúde do Litoral Alentejano, EPE","38.0162314, -8.6956768",8492.0,,,,8492.0
2019-01,2019/01/01,Região de Saúde do Alentejo,"Unidade Local de Saúde do Norte Alentejano, EPE","39.3003425, -7.4263845",7339.0,797.0,115.0,,8251.0
2019-01,2019/01/01,Região de Saúde do Algarve,"Centro Hospitalar Universitário do Algarve,EPE","37.0238973, -7.9281554",21191.0,7204.0,1737.0,0.0,30132.0
2019-01,2019/01/01,Região de Saúde do Centro,"Centro Hospitalar do Baixo Vouga, EPE","40.6362453, -8.6543716",11198.0,4272.0,603.0,,16073.0
2019-01,2019/01/01,Região de Saúde Norte,"Hospital Santa Maria Maior, EPE","41.5324234, -8.6171561",4114.0,1380.0,,,5494.0
2019-01,2019/01/01,Região de Saúde Norte,"Unidade Local de Saúde do Nordeste, EPE","41.8056532, -6.7888197",10312.0,,,,10312.0
2019-02,2019/02/01,Região de Saúde do Alentejo,"Hospital Espírito Santo de Évora, EPE","38.5684861, -7.9032848",8945.0,3890.0,,,12835.0
2019-02,2019/02/01,Região de Saúde do Alentejo,"Unidade Local de Saúde do Norte Alentejano, EPE","39.3003425, -7.4263845",14079.0,1548.0,235.0,,15862.0
2019-02,2019/02/01,Região de Saúde do Centro,"Centro Hospitalar do Baixo Vouga, EPE","40.6362453, -8.6543716",21146.0,7554.0,1089.0,,29789.0
2019-02,2019/02/01,Região de Saúde do Centro,"Centro Hospitalar Tondela-Viseu, EPE","40.516364, -8.0827433",17716.0,6328.0,2415.0,,26459.0
2019-02,2019/02/01,Região de Saúde LVT,"Centro Hospitalar Universitário de Lisboa Norte, EPE","38.7500861, -9.1616116",29949.0,8034.0,2978.0,,40961.0
2019-02,2019/02/01,Região de Saúde LVT,"Hospital de Vila Franca de Xira, PPP","38.977235, -8.984506",14472.0,8535.0,1554.0,,24561.0
2019-02,2019/02/01,Região de Saúde Norte,"Hospital de Braga, PPP","41.56785, -8.398982",25143.0,9391.0,2717.0,,37251.0
2019-03,2019/03/01,Região de Saúde do Alentejo,"Hospital Espírito Santo de Évora, EPE","38.5684861, -7.9032848",13475.0,5556.0,,,19031.0
2019-03,2019/03/01,Região de Saúde do Centro,"Centro Hospitalar Tondela-Viseu, EPE","40.516364, -8.0827433",26733.0,8889.0,3742.0,,39364.0
2019-03,2019/03/01,Região de Saúde do Centro,"Unidade Local de Saúde da Guarda, EPE","40.5309916, -7.2734793",20591.0,4254.0,901.0,,25746.0
2019-03,2019/03/01,Região de Saúde do Centro,"Unidade Local de Saúde de Castelo Branco, EPE","39.8212263, -7.4981271",12814.0,3060.0,420.0,,16294.0
2019-03,2019/03/01,Região de Saúde LVT,"Hospital de Cascais, PPP","38.729006, -9.418267",22574.0,14316.0,3463.0,,40353.0
2019-03,2019/03/01,Região de Saúde LVT,"Hospital de Loures, PPP","38.821455, -9.176296",29943.0,16577.0,4331.0,,50851.0
2019-03,2019/03/01,Região de Saúde LVT,"Hospital de Vila Franca de Xira, PPP","38.977235, -8.984506",21584.0,12378.0,2362.0,,36324.0
2019-03,2019/03/01,Região de Saúde LVT,"Hospital Professor Doutor Fernando Fonseca, EPE","38.7422257, -9.2264834",45286.0,15412.0,5025.0,,65723.0
2019-03,2019/03/01,Região de Saúde LVT,"Hospital Garcia de Orta, EPE","38.6658713, -9.1822554",25030.0,12220.0,4228.0,,41478.0
2019-03,2019/03/01,Região de Saúde Norte,"Centro Hospitalar Póvoa de Varzim/Vila do Conde, EPE","41.3828711, -8.7589945",18719.0,,,,18719.0
2019-03,2019/03/01,Região de Saúde Norte,"Unidade Local de Saúde do Alto Minho, EPE","41.7056054, -8.8252713",34482.0,5920.0,1566.0,,41968.0
2019-04,2019/04/01,Região de Saúde do Centro,"Centro Hospitalar e Universitário de Coimbra, EPE","40.2191523, -8.4098211",67884.0,22602.0,8203.0,,98689.0
2019-04,2019/04/01,Região de Saúde do Centro,"Unidade Local de Saúde de Castelo Branco, EPE","39.8212263, -7.4981271",17004.0,3840.0,567.0,,21411.0
2019-04,2019/04/01,Região de Saúde LVT,"Centro Hospitalar de Lisboa Ocidental, EPE","38.708454, -9.216985",37480.0,11345.0,5113.0,,53938.0
2019-04,2019/04/01,Região de Saúde LVT,"Centro Hospitalar de Setúbal, EPE","38.5283754, -8.8818638",30032.0,14030.0,4273.0,,48335.0
2019-04,2019/04/01,Região de Saúde LVT,"Hospital Distrital de Santarém, EPE","39.2410946, -8.6937515",30476.0,11835.0,2869.0,,45180.0
2019-04,2019/04/01,Região de Saúde Norte,"Centro Hospitalar Universitário do Porto, EPE","41.1472498, -8.6172617",41948.0,,7078.0,,49026.0
2019-04,2019/04/01,Região de Saúde Norte,"Centro Hospitalar Tâmega e Sousa, EPE","41.2494561, -8.264901",46061.0,13305.0,4619.0,,63985.0
2019-04,2019/04/01,Região de Saúde Norte,"Hospital de Braga, PPP","41.56785, -8.398982",50535.0,17111.0,5345.0,,72991.0
2019-04,2019/04/01,Região de Saúde Norte,"Hospital Santa Maria Maior, EPE","41.5324234, -8.6171561",16291.0,5079.0,,,21370.0
2019-04,2019/04/01,Região de Saúde Norte,"Unidade Local de Saúde do Alto Minho, EPE","41.7056054, -8.8252713",45136.0,7391.0,2079.0,,54606.0
2019-05,2019/05/01,Região de Saúde do Centro,"Centro Hospitalar do Baixo Vouga, EPE","40.6362453, -8.6543716",51809.0,17198.0,2866.0,,71873.0
2019-05,2019/05/01,Região de Saúde do Centro,"Centro Hospitalar e Universitário de Coimbra, EPE","40.2191523, -8.4098211",86159.0,28317.0,10210.0,,124686.0
2019-05,2019/05/01,Região de Saúde LVT,"Centro Hospitalar de Lisboa Ocidental, EPE","38.708454, -9.216985",47349.0,14157.0,6432.0,,67938.0
2019-05,2019/05/01,Região de Saúde LVT,"Hospital de Cascais, PPP","38.729006, -9.418267",37882.0,22914.0,5993.0,,66789.0
2019-05,2019/05/01,Região de Saúde LVT,"Hospital de Loures, PPP","38.821455, -9.176296",50171.0,26342.0,7307.0,,83820.0
2019-05,2019/05/01,Região de Saúde LVT,"Hospital Professor Doutor Fernando Fonseca, EPE","38.7422257, -9.2264834",75054.0,24506.0,8741.0,,108301.0
2019-05,2019/05/01,Região de Saúde Norte,"Centro Hospitalar Universitário de São João, EPE","41.1831056, -8.6010558",68349.0,32734.0,5952.0,,107035.0
2019-05,2019/05/01,Região de Saúde Norte,"Centro Hospitalar Universitário do Porto, EPE","41.1472498, -8.6172617",53165.0,,8978.0,,62143.0
2019-05,2019/05/01,Região de Saúde Norte,"Centro Hospitalar Póvoa de Varzim/Vila do Conde, EPE","41.3828711, -8.7589945",30493.0,,,,30493.0
2019-05,2019/05/01,Região de Saúde Norte,"Centro Hospitalar Tâmega e Sousa, EPE","41.2494561, -8.264901",58431.0,16206.0,5848.0,,80485.0
2019-05,2019/05/01,Região de Saúde Norte,"Hospital da Senhora da Oliveira, Guimarães, EPE","41.4387173, -8.3086907",41056.0,13234.0,4054.0,,58344.0
2019-05,2019/05/01,Região de Saúde Norte,"Hospital Santa Maria Maior, EPE","41.5324234, -8.6171561",20427.0,6169.0,,,26596.0
2019-06,2019/06/01,Região de Saúde do Alentejo,"Hospital Espírito Santo de Évora, EPE","38.5684861, -7.9032848",27063.0,10338.0,,,37401.0
2019-06,2019/06/01,Região de Saúde do Algarve,"Centro Hospitalar Universitário do Algarve,EPE","37.0238973, -7.9281554",126646.0,37703.0,10377.0,0.0,174726.0
2019-06,2019/06/01,Região de Saúde do Centro,"Centro Hospitalar e Universitário de Coimbra, EPE","40.2191523, -8.4098211",103512.0,33081.0,12144.0,,148737.0
2019-06,2019/06/01,Região de Saúde do Centro,"Centro Hospitalar Tondela-Viseu, EPE","40.516364, -8.0827433",54486.0,16773.0,7602.0,,78861.0
2019-06,2019/06/01,Região de Saúde do Centro,"Unidade Local de Saúde de Castelo Branco, EPE","39.8212263, -7.4981271",25857.0,5717.0,823.0,,32397.0
2019-06,2019/06/01,Região de Saúde LVT,"Centro Hospitalar Universitário Lisboa Central, EPE","38.7166948, -9.1371248",70191.0,38356.0,10578.0,3171.0,122296.0
2019-06,2019/06/01,Região de Saúde LVT,"Centro Hospitalar de Setúbal, EPE","38.5283754, -8.8818638",45522.0,20746.0,6633.0,,72901.0
2019-06,2019/06/01,Região de Saúde LVT,"Hospital Distrital de Santarém, EPE","39.2410946, -8.6937515",42721.0,19498.0,3929.0,,66148.0
2019-06,2019/06/01,Região de Saúde Norte,"Centro Hospitalar Universitário de São João, EPE","41.1831056, -8.6010558",82266.0,38485.0,7204.0,,127955.0
2019-06,2019/06/01,Região de Saúde Norte,"Centro Hospitalar Trás-os-Montes e Alto Douro, EPE","41.3031784, -7.7515252",73213.0,14545.0,2254.0,,90012.0
2019-06,2019/06/01,Região de Saúde Norte,"Unidade Local de Saúde de Matosinhos, EPE","41.1794456, -8.6745115",38966.0,,5221.0,,44187.0
2019-06,2019/06/01,Região de Saúde Norte,"Unidade Local de Saúde do Alto Minho, EPE","41.7056054, -8.8252713",67394.0,10387.0,3159.0,,80940.0
2019-07,2019/07/01,Região de Saúde do Alentejo,"Hospital Espírito Santo de Évora, EPE","38.5684861, -7.9032848",31679.0,11816.0,,,43495.0
2019-07,2019/07/01,Região de Saúde do Alentejo,"Unidade Local de Saúde do Litoral Alentejano, EPE","38.0162314, -8.6956768",54111.0,,,,54111.0
2019-07,2019/07/01,Região de Saúde do Centro,"Centro Hospitalar de Leiria, EPE","39.7414812, -8.7982706",80569.0,19351.0,7444.0,,107364.0
2019-07,2019/07/01,Região de Saúde Norte,"Centro Hospitalar Universitário do Porto, EPE","41.1472498, -8.6172617",75214.0,,13077.0,,88291.0
2019-07,2019/07/01,Região de Saúde Norte,"Centro Hospitalar Póvoa de Varzim/Vila do Conde, EPE","41.3828711, -8.7589945",42236.0,,,,42236.0
2019-07,2019/07/01,Região de Saúde Norte,"Centro Hospitalar Vila Nova de Gaia/Espinho, EPE","41.1094138, -8.5972617",75393.0,24209.0,7279.0,,106881.0
2019-07,2019/07/01,Região de Saúde Norte,"Unidade Local de Saúde de Matosinhos, EPE","41.1794456, -8.6745115",45665.0,,6136.0,,51801.0
2019-08,2019/08/01,Região de Saúde do Centro,"Centro Hospitalar de Leiria, EPE","39.7414812, -8.7982706",93289.0,21544.0,8708.0,,123541.0
2019-08,2019/08/01,Região de Saúde do Centro,"Centro Hospitalar e Universitário de Coimbra, EPE","40.2191523, -8.4098211",139122.0,41840.0,16711.0,,197673.0
2019-08,2019/08/01,Região de Saúde LVT,"Centro Hospitalar de Lisboa Ocidental, EPE","38.708454, -9.216985",75199.0,20578.0,10516.0,,106293.0
2019-08,2019/08/01,Região de Saúde LVT,"Centro Hospitalar Médio Tejo, EPE","39.478072, -8.5404429",78112.0,18082.0,1971.0,,98165.0
2019-08,2019/08/01,Região de Saúde LVT,"Hospital de Cascais, PPP","38.729006, -9.418267",60983.0,33599.0,9780.0,,104362.0
2019-08,2019/08/01,Região de Saúde Norte,"Centro Hospitalar Universitário de São João, EPE","41.1831056, -8.6010558",111413.0,48365.0,9822.0,,169600.0
2019-08,2019/08/01,Região de Saúde Norte,"Centro Hospitalar do Médio Ave, EPE","41.3423984, -8.4802503",61478.0,21412.0,4942.0,,87832.0
2019-08,2019/08/01,Região de Saúde Norte,"Centro Hospitalar Trás-os-Montes e Alto Douro, EPE","41.3031784, -7.7515252",100551.0,18524.0,3191.0,,122266.0
2019-08,2019/08/01,Região de Saúde Norte,"Centro Hospitalar Vila Nova de Gaia/Espinho, EPE","41.1094138, -8.5972617",86581.0,26586.0,8393.0,,121560.0
2019-09,2019/09/01,Região de Saúde do Alentejo,"Unidade Local de Saúde do Litoral Alentejano, EPE","38.0162314, -8.6956768",70721.0,,,,70721.0
2019-09,2019/09/01,Região de Saúde do Alentejo,"Unidade Local de Saúde do Norte Alentejano, EPE","39.3003425, -7.4263845",60773.0,6000.0,982.0,,67755.0
2019-09,2019/09/01,Região de Saúde do Centro,"Centro Hospitalar Tondela-Viseu, EPE","40.516364, -8.0827433",83676.0,23742.0,12003.0,,119421.0
2019-09,2019/09/01,Região de Saúde LVT,"Centro Hospitalar Universitário Lisboa Central, EPE","38.7166948, -9.1371248",105942.0,53588.0,16051.0,4871.0,180452.0
2019-09,2019/09/01,Região de Saúde LVT,"Hospital de Loures, PPP","38.821455, -9.176296",90414.0,42687.0,13747.0,,146848.0
2019-09,2019/09/01,Região de Saúde LVT,"Hospital Professor Doutor Fernando Fonseca, EPE","38.7422257, -9.2264834",134913.0,40827.0,16354.0,,192094.0
2019-09,2019/09/01,Região de Saúde Norte,"Centro Hospitalar Universitário de São João, EPE","41.1831056, -8.6010558",125776.0,54233.0,11124.0,,191133.0
2019-09,2019/09/01,Região de Saúde Norte,"Hospital de Braga, EPE","41.56785, -8.398982",117499.0,35300.0,12815.0,,165614.0
2019-09,2019/09/01,Região de Saúde Norte,"Hospital Santa Maria Maior, EPE","41.5324234, -8.6171561",36905.0,9920.0,,,46825.0
2019-09,2019/09/01,Região de Saúde Norte,"Unidade Local de Saúde de Matosinhos, EPE","41.1794456, -8.6745115",58960.0,,8000.0,,66960.0
2019-09,2019/09/01,Região de Saúde Norte,"Unidade Local de Saúde do Nordeste, EPE","41.8056532, -6.7888197",83401.0,,,,83401.0
2019-10,2019/10/01,Região de Saúde do Algarve,"Centro Hospitalar Universitário do Algarve,EPE","37.0238973, -7.9281554",225424.0,61735.0,18341.0,0.0,305500.0
2019-10,2019/10/01,Região de Saúde do Centro,"Centro Hospitalar e Universitário de Coimbra, EPE","40.2191523, -8.4098211",175161.0,52400.0,21121.0,,248682.0
2019-10,2019/10/01,Região de Saúde LVT,"Centro Hospitalar Barreiro/Montijo, EPE","38.6554005, -9.0592392",90712.0,30657.0,9420.0,,130789.0
2019-10,2019/10/01,Região de Saúde LVT,"Centro Hospitalar do Oeste, EPE","39.4054629, -9.1258493",102861.0,37666.0,9023.0,,149550.0
2019-10,2019/10/01,Região de Saúde LVT,"Hospital Professor Doutor Fernando Fonseca, EPE","38.7422257, -9.2264834",151063.0,46579.0,18335.0,,215977.0
2019-10,2019/10/01,Região de Saúde Norte,"Centro Hospitalar Universitário de São João, EPE","41.1831056, -8.6010558",140244.0,61381.0,12468.0,,214093.0
2019-10,2019/10/01,Região de Saúde Norte,"Centro Hospitalar Universitário do Porto, EPE","41.1472498, -8.6172617",108597.0,,19406.0,,128003.0
2019-10,2019/10/01,Região de Saúde Norte,"Centro Hospitalar Entre Douro e Vouga, EPE","40.9293884, -8.5458794",145232.0,25336.0,7923.0,,178491.0
2019-10,2019/10/01,Região de Saúde Norte,"Centro Hospitalar Tâmega e Sousa, EPE","41.2494561, -8.264901",119449.0,28623.0,12401.0,,160473.0
2019-10,2019/10/01,Região de Saúde Norte,"Hospital Santa Maria Maior, EPE","41.5324234, -8.6171561",41211.0,11131.0,,,52342.0
2019-10,2019/10/01,Região de Saúde Norte,"Unidade Local de Saúde do Nordeste, EPE","41.8056532, -6.7888197",92938.0,,,,92938.0
2019-11,2019/11/01,Região de Saúde do Alentejo,"Unidade Local de Saúde do Litoral Alentejano, EPE","38.0162314, -8.6956768",85376.0,,,,85376.0
2019-11,2019/11/01,Região de Saúde do Alentejo,"Unidade Local de Saúde do Norte Alentejano, EPE","39.3003425, -7.4263845",74344.0,7569.0,1203.0,,83116.0
2019-11,2019/11/01,Região de Saúde do Algarve,"Centro Hospitalar Universitário do Algarve,EPE","37.0238973, -7.9281554",244886.0,67966.0,19939.0,0.0,332791.0
2019-11,2019/11/01,Região de Saúde do Centro,"Centro Hospitalar Universitário Cova da Beira, EPE","40.2804158, -7.4922407",46955.0,14830.0,3264.0,,65049.0
2019-11,2019/11/01,Região de Saúde do Centro,"Centro Hospitalar do Baixo Vouga, EPE","40.6362453, -8.6543716",116992.0,35822.0,7013.0,,159827.0
2019-11,2019/11/01,Região de Saúde do Centro,"Centro Hospitalar e Universitário de Coimbra, EPE","40.2191523, -8.4098211",191987.0,58688.0,22992.0,,273667.0
2019-11,2019/11/01,Região de Saúde LVT,"Hospital de Vila Franca de Xira, PPP","38.977235, -8.984506",80059.0,40705.0,9546.0,,130310.0
2019-11,2019/11/01,Região de Saúde LVT,"Hospital Garcia de Orta, EPE","38.6658713, -9.1822554",95637.0,38496.0,16432.0,,150565.0
2019-12,2019/12/01,Região de Saúde do Alentejo,"Hospital Espírito Santo de Évora, EPE","38.5684861, -7.9032848",54535.0,19979.0,,,74514.0
2019-12,2019/12/01,Região de Saúde do Alentejo,"Unidade Local de Saúde do Norte Alentejano, EPE","39.3003425, -7.4263845",81143.0,8431.0,1317.0,,90891.0
2019-12,2019/12/01,Região de Saúde do Centro,"Unidade Local de Saúde de Castelo Branco, EPE","39.8212263, -7.4981271",52993.0,11310.0,1591.0,,65894.0
2019-12,2019/12/01,Região de Saúde LVT,"Hospital de Loures, PPP","38.821455, -9.176296",121055.0,61039.0,18425.0,,200519.0
2019-12,2019/12/01,Região de Saúde LVT,"Hospital Distrital de Santarém, EPE","39.2410946, -8.6937515",86456.0,37828.0,8362.0,,132646.0
2019-12,2019/12/01,Região de Saúde Norte,"Centro Hospitalar Universitário de São João, EPE","41.1831056, -8.6010558",167646.0,76956.0,15005.0,,259607.0
2019-12,2019/12/01,Região de Saúde Norte,"Centro Hospitalar Entre Douro e Vouga, EPE","40.9293884, -8.5458794",175281.0,32902.0,9439.0,,217622.0
2019-12,2019/12/01,Região de Saúde Norte,"Unidade Local de Saúde do Alto Minho, EPE","41.7056054, -8.8252713",140021.0,20384.0,6715.0,,167120.0
2020-01,2020/01/01,Região de Saúde do Centro,"Centro Hospitalar Universitário Cova da Beira, EPE","40.2804158, -7.4922407",4413.0,1341.0,316.0,,6070.0
2020-01,2020/01/01,Região de Saúde do Centro,"Centro Hospitalar de Leiria, EPE","39.7414812, -8.7982706",11985.0,2989.0,1096.0,,16070.0
2020-01,2020/01/01,Região de Saúde do Centro,"Centro Hospitalar Tondela-Viseu, EPE","40.516364, -8.0827433",9708.0,3213.0,1318.0,,14239.0
2020-01,2020/01/01,Região de Saúde do Centro,"Unidade Local de Saúde da Guarda, EPE","40.5309916, -7.2734793",7037.0,1487.0,374.0,,8898.0
2020-01,2020/01/01,Região de Saúde Norte,"Centro Hospitalar Vila Nova de Gaia/Espinho, EPE","41.1094138, -8.5972617",11078.0,3972.0,1073.0,,16123.0
2020-01,2020/01/01,Região de Saúde Norte,"Hospital da Senhora da Oliveira, Guimarães, EPE","41.4387173, -8.3086907",8405.0,2741.0,879.0,,12025.0
2020-01,2020/01/01,Região de Saúde Norte,"Unidade Local de Saúde do Nordeste, EPE","41.8056532, -6.7888197",10196.0,,,,10196.0
2020-02,2020/02/01,Região de Saúde do Alentejo,"Unidade Local de Saúde do Norte Alentejano, EPE","39.3003425, -7.4263845",13771.0,1798.0,172.0,,15741.0
2020-02,2020/02/01,Região de Saúde do Algarve,"Centro Hospitalar Universitário do Algarve,EPE","37.0238973, -7.9281554",43886.0,14614.0,3391.0,0.0,61891.0
2020-02,2020/02/01,Região de Saúde LVT,"Centro Hospitalar do Oeste, EPE","39.4054629, -9.1258493",20587.0,9205.0,1718.0,,31510.0
2020-02,2020/02/01,Região de Saúde LVT,"Centro Hospitalar Médio Tejo, EPE","39.478072, -8.5404429",19127.0,5149.0,563.0,,24839.0
2020-02,2020/02/01,Região de Saúde LVT,"Hospital de Loures, PPP","38.821455, -9.176296",19463.0,11015.0,3039.0,,33517.0
2020-02,2020/02/01,Região de Saúde LVT,"Hospital de Vila Franca de Xira, PPP","38.977235, -8.984506",14786.0,9425.0,1689.0,,25900.0
2020-02,2020/02/01,Região de Saúde LVT,"Hospital Garcia de Orta, EPE","38.6658713, -9.1822554",17731.0,5958.0,3097.0,,26786.0
2020-02,2020/02/01,Região de Saúde Norte,"Centro Hospitalar do Médio Ave, EPE","41.3423984, -8.4802503",15363.0,5845.0,1120.0,,22328.0
2020-03,2020/03/01,Região de Saúde do Alentejo,"Unidade Local de Saúde do Norte Alentejano, EPE","39.3003425, -7.4263845",18032.0,2180.0,271.0,,20483.0
2020-03,2020/03/01,Região de Saúde do Centro,"Centro Hospitalar Universitário Cova da Beira, EPE","40.2804158, -7.4922407",10921.0,3323.0,796.0,,15040.0
2020-03,2020/03/01,Região de Saúde do Centro,"Centro Hospitalar Tondela-Viseu, EPE","40.516364, -8.0827433",24300.0,7396.0,3500.0,,35196.0
2020-03,2020/03/01,Região de Saúde do Centro,"Unidade Local de Saúde da Guarda, EPE","40.5309916, -7.2734793",17658.0,3614.0,1048.0,,22320.0
2020-03,2020/03/01,Região de Saúde LVT,"Centro Hospitalar Universitário Lisboa Central, EPE","38.7166948, -9.1371248",30366.0,18952.0,4910.0,1432.0,55660.0
2020-03,2020/03/01,Região de Saúde LVT,"Hospital de Cascais, PPP","38.729006, -9.418267",20656.0,11328.0,2920.0,,34904.0
2020-03,2020/03/01,Região de Saúde LVT,"Hospital de Vila Franca de Xira, PPP","38.977235, -8.984506",19666.0,11252.0,2362.0,,33280.0
2020-03,2020/03/01,Região de Saúde LVT,"Hospital Professor Doutor Fernando Fonseca, EPE","38.7422257, -9.2264834",40361.0,13160.0,4734.0,,58255.0
2020-03,2020/03/01,Região de Saúde Norte,"Centro Hospitalar do Médio Ave, EPE","41.3423984, -8.4802503",20478.0,7184.0,1521.0,,29183.0
2020-03,2020/03/01,Região de Saúde Norte,"Centro Hospitalar Entre Douro e Vouga, EPE","40.9293884, -8.5458794",39524.0,7185.0,2039.0,,48748.0
2020-03,2020/03/01,Região de Saúde Norte,"Centro Hospitalar Tâmega e Sousa, EPE","41.2494561, -8.264901",33146.0,8747.0,3404.0,,45297.0
2020-03,2020/03/01,Região de Saúde Norte,"Hospital de Braga, EPE","41.56785, -8.398982",33150.0,10700.0,3635.0,,47485.0
2020-03,2020/03/01,Região de Saúde Norte,"Unidade Local de Saúde de Matosinhos, EPE","41.1794456, -8.6745115",18626.0,,2459.0,,21085.0
2020-03,2020/03/01,Região de Saúde Norte,"Unidade Local de Saúde do Alto Minho, EPE","41.7056054, -8.8252713",30173.0,4674.0,1366.0,,36213.0
2020-04,2020/04/01,Região de Saúde do Alentejo,"Unidade Local de Saúde do Norte Alentejano, EPE","39.3003425, -7.4263845",21197.0,2331.0,369.0,,23897.0
2020-04,2020/04/01,Região de Saúde do Centro,"Centro Hospitalar e Universitário de Coimbra, EPE","40.2191523, -8.4098211",52648.0,16457.0,7030.0,,76135.0
2020-04,2020/04/01,Região de Saúde LVT,"Centro Hospitalar do Oeste, EPE","39.4054629, -9.1258493",31916.0,11539.0,2760.0,,46215.0
2020-04,2020/04/01,Região de Saúde LVT,"Centro Hospitalar Universitário de Lisboa Norte, EPE","38.7500861, -9.1616116",47296.0,11351.0,4681.0,,63328.0
2020-04,2020/04/01,Região de Saúde Norte,"Hospital da Senhora da Oliveira, Guimarães, EPE","41.4387173, -8.3086907",26089.0,7066.0,2752.0,,35907.0
2020-05,2020/05/01,Região de Saúde do Alentejo,"Unidade Local de Saúde do Litoral Alentejano, EPE","38.0162314, -8.6956768",29349.0,,,,29349.0
2020-05,2020/05/01,Região de Saúde do Algarve,"Centro Hospitalar Universitário do Algarve,EPE","37.0238973, -7.9281554",81170.0,20763.0,7179.0,0.0,109112.0
2020-05,2020/05/01,Região de Saúde do Centro,"Unidade Local de Saúde da Guarda, EPE","40.5309916, -7.2734793",23966.0,4295.0,1687.0,,29948.0
2020-05,2020/05/01,Região de Saúde do Centro,"Unidade Local de Saúde de Castelo Branco, EPE","39.8212263, -7.4981271",17177.0,2994.0,534.0,,20705.0
2020-05,2020/05/01,Região de Saúde LVT,"Centro Hospitalar de Lisboa Ocidental, EPE","38.708454, -9.216985",37312.0,8881.0,4795.0,,50988.0
2020-05,2020/05/01,Região de Saúde LVT,"Centro Hospitalar do Oeste, EPE","39.4054629, -9.1258493",38201.0,12509.0,3280.0,,53990.0
2020-05,2020/05/01,Região de Saúde LVT,"Hospital de Vila Franca de Xira, PPP","38.977235, -8.984506",29474.0,13049.0,3558.0,,46081.0
2020-05,2020/05/01,Região de Saúde LVT,"Hospital Distrital de Santarém, EPE","39.2410946, -8.6937515",28024.0,9532.0,2748.0,,40304.0
2020-05,2020/05/01,Região de Saúde Norte,"Centro Hospitalar Tâmega e Sousa, EPE","41.2494561, -8.264901",51502.0,10685.0,5020.0,,67207.0
2020-05,2020/05/01,Região de Saúde Norte,"Hospital de Braga, EPE","41.56785, -8.398982",48797.0,12927.0,5215.0,,66939.0
2020-06,2020/06/01,Região de Saúde do Alentejo,"Unidade Local de Saúde do Litoral Alentejano, EPE","38.0162314, -8.6956768",34432.0,,,,34432.0
2020-06,2020/06/01,Região de Saúde do Alentejo,"Unidade Local de Saúde do Norte Alentejano, EPE","39.3003425, -7.4263845",29574.0,2841.0,624.0,,33039.0
2020-06,2020/06/01,Região de Saúde do Centro,"Centro Hospitalar de Leiria, EPE","39.7414812, -8.7982706",53118.0,9590.0,5087.0,,67795.0
2020-06,2020/06/01,Região de Saúde do Centro,"Unidade Local de Saúde de Castelo Branco, EPE","39.8212263, -7.4981271",20293.0,3264.0,653.0,,24210.0
2020-06,2020/06/01,Região de Saúde LVT,"Centro Hospitalar de Lisboa Ocidental, EPE","38.708454, -9.216985",43855.0,9780.0,5844.0,,59479.0
2020-06,2020/06/01,Região de Saúde LVT,"Centro Hospitalar de Setúbal, EPE","38.5283754, -8.8818638",35102.0,12011.0,5149.0,,52262.0
2020-06,2020/06/01,Região de Saúde Norte,"Hospital da Senhora da Oliveira, Guimarães, EPE","41.4387173, -8.3086907",37206.0,8354.0,4044.0,,49604.0
2020-06,2020/06/01,Região de Saúde Norte,"Unidade Local de Saúde de Matosinhos, EPE","41.1794456, -8.6745115",33573.0,,4059.0,,37632.0
2020-07,2020/07/01,Região de Saúde do Algarve,"Centro Hospitalar Universitário do Algarve,EPE","37.0238973, -7.9281554",114132.0,26075.0,10275.0,0.0,150482.0
2020-07,2020/07/01,Região de Saúde do Centro,"Centro Hospitalar e Universitário de Coimbra, EPE","40.2191523, -8.4098211",88620.0,23909.0,12025.0,,124554.0
2020-07,2020/07/01,Região de Saúde do Centro,"Centro Hospitalar Tondela-Viseu, EPE","40.516364, -8.0827433",51516.0,11268.0,7671.0,,70455.0
2020-07,2020/07/01,Região de Saúde do Centro,"Hospital Distrital da Figueira da Foz, EPE","40.117897, -8.8586755",24341.0,6016.0,,,30357.0
2020-07,2020/07/01,Região de Saúde LVT,"Centro Hospitalar de Setúbal, EPE","38.5283754, -8.8818638",40956.0,13336.0,6080.0,,60372.0
2020-07,2020/07/01,Região de Saúde LVT,"Hospital Distrital de Santarém, EPE","39.2410946, -8.6937515",38371.0,11325.0,3874.0,,53570.0
2020-07,2020/07/01,Região de Saúde LVT,"Hospital Garcia de Orta, EPE","38.6658713, -9.1822554",48474.0,10639.0,8319.0,,67432.0
2020-07,2020/07/01,Região de Saúde Norte,"Centro Hospitalar Entre Douro e Vouga, EPE","40.9293884, -8.5458794",75132.0,10043.0,3991.0,,89166.0
2020-07,2020/07/01,Região de Saúde Norte,"Centro Hospitalar Trás-os-Montes e Alto Douro, EPE","41.3031784, -7.7515252",64502.0,9433.0,2871.0,,76806.0
2020-08,2020/08/01,Região de Saúde do Alentejo,"Unidade Local de Saúde do Baixo Alentejo, EPE","38.014123, -7.8721227",42561.0,6067.0,2321.0,,50949.0
2020-08,2020/08/01,Região de Saúde do Centro,"Centro Hospitalar Universitário Cova da Beira, EPE","40.2804158, -7.4922407",25937.0,5184.0,1944.0,,33065.0
2020-08,2020/08/01,Região de Saúde LVT,"Centro Hospitalar Barreiro/Montijo, EPE","38.6554005, -9.0592392",56215.0,14231.0,5545.0,,75991.0
2020-08,2020/08/01,Região de Saúde LVT,"Centro Hospitalar Médio Tejo, EPE","39.478072, -8.5404429",57731.0,10038.0,2439.0,,70208.0
2020-08,2020/08/01,Região de Saúde Norte,"Centro Hospitalar Universitário de São João, EPE","41.1831056, -8.6010558",94651.0,31711.0,7341.0,,133703.0
2020-08,2020/08/01,Região de Saúde Norte,"Centro Hospitalar Entre Douro e Vouga, EPE","40.9293884, -8.5458794",86301.0,11091.0,4573.0,,101965.0
2020-09,2020/09/01,Região de Saúde do Algarve,"Centro Hospitalar Universitário do Algarve,EPE","37.0238973, -7.9281554",152009.0,33184.0,13551.0,0.0,198744.0
2020-09,2020/09/01,Região de Saúde do Centro,"Centro Hospitalar de Leiria, EPE","39.7414812, -8.7982706",80957.0,13876.0,7735.0,,102568.0
2020-09,2020/09/01,Região de Saúde do Centro,"Unidade Local de Saúde da Guarda, EPE","40.5309916, -7.2734793",44760.0,6481.0,2989.0,,54230.0
2020-09,2020/09/01,Região de Saúde do Centro,"Unidade Local de Saúde de Castelo Branco, EPE","39.8212263, -7.4981271",30814.0,4466.0,1011.0,,36291.0
2020-09,2020/09/01,Região de Saúde LVT,"Centro Hospitalar Universitário Lisboa Central, EPE","38.7166948, -9.1371248",77523.0,35588.0,13046.0,4197.0,130354.0
2020-09,2020/09/01,Região de Saúde LVT,"Hospital de Loures, PPP","38.821455, -9.176296",65930.0,22640.0,10010.0,,98580.0
2020-09,2020/09/01,Região de Saúde Norte,"Centro Hospitalar Entre Douro e Vouga, EPE","40.9293884, -8.5458794",96611.0,12377.0,5126.0,,114114.0
2020-09,2020/09/01,Região de Saúde Norte,"Centro Hospitalar Vila Nova de Gaia/Espinho, EPE","41.1094138, -8.5972617",80593.0,16576.0,7770.0,,104939.0
2020-09,2020/09/01,Região de Saúde Norte,"Unidade Local de Saúde de Matosinhos, EPE","41.1794456, -8.6745115",51917.0,,6160.0,,58077.0
2020-10,2020/10/01,Região de Saúde do Alentejo,"Unidade Local de Saúde do Baixo Alentejo, EPE","38.014123, -7.8721227",52142.0,7520.0,2730.0,,62392.0
2020-10,2020/10/01,Região de Saúde do Alentejo,"Unidade Local de Saúde do Norte Alentejano, EPE","39.3003425, -7.4263845",48947.0,4161.0,1168.0,,54276.0
2020-10,2020/10/01,Região de Saúde do Centro,"Unidade Local de Saúde da Guarda, EPE","40.5309916, -7.2734793",49647.0,7252.0,3286.0,,60185.0
2020-10,2020/10/01,Região de Saúde LVT,"Centro Hospitalar de Setúbal, EPE","38.5283754, -8.8818638",58730.0,18775.0,8771.0,,86276.0
2020-10,2020/10/01,Região de Saúde LVT,"Centro Hospitalar Universitário de Lisboa Norte, EPE","38.7500861, -9.1616116",112280.0,22136.0,11872.0,,146288.0
2020-10,2020/10/01,Região de Saúde LVT,"Hospital de Vila Franca de Xira, PPP","38.977235, -8.984506",57945.0,21067.0,7042.0,,86054.0
2020-10,2020/10/01,Região de Saúde Norte,"Hospital de Braga, EPE","41.56785, -8.398982",103275.0,23223.0,10199.0,,136697.0
2020-11,2020/11/01,Região de Saúde do Alentejo,"Unidade Local de Saúde do Litoral Alentejano, EPE","38.0162314, -8.6956768",62830.0,,,,62830.0
2020-11,2020/11/01,Região de Saúde do Centro,"Unidade Local de Saúde da Guarda, EPE","40.5309916, -7.2734793",53808.0,8274.0,3560.0,,65642.0
2020-11,2020/11/01,Região de Saúde LVT,"Centro Hospitalar Barreiro/Montijo, EPE","38.6554005, -9.0592392",75732.0,19410.0,7548.0,,102690.0
2020-11,2020/11/01,Região de Saúde LVT,"Hospital Garcia de Orta, EPE","38.6658713, -9.1822554",74032.0,16616.0,13261.0,,103909.0
2020-11,2020/11/01,Região de Saúde Norte,"Centro Hospitalar Trás-os-Montes e Alto Douro, EPE","41.3031784, -7.7515252",101441.0,13884.0,5191.0,,120516.0
2020-11,2020/11/01,Região de Saúde Norte,"Unidade Local de Saúde do Nordeste, EPE","41.8056532, -6.7888197",73097.0,,,,73097.0
2020-12,2020/12/01,Região de Saúde do Alentejo,"Unidade Local de Saúde do Norte Alentejano, EPE","39.3003425, -7.4263845",56745.0,4701.0,1337.0,,62783.0
2020-12,2020/12/01,Região de Saúde do Algarve,"Centro Hospitalar Universitário do Algarve,EPE","37.0238973, -7.9281554",194831.0,41967.0,17804.0,0.0,254602.0
2020-12,2020/12/01,Região de Saúde do Centro,"Centro Hospitalar e Universitário de Coimbra, EPE","40.2191523, -8.4098211",150795.0,39567.0,20835.0,,211197.0
2020-12,2020/12/01,Região de Saúde do Centro,"Hospital Distrital da Figueira da Foz, EPE","40.117897, -8.8586755",42436.0,9829.0,,,52265.0
2020-12,2020/12/01,Região de Saúde LVT,"Centro Hospitalar Universitário Lisboa Central, EPE","38.7166948, -9.1371248",101830.0,47305.0,17056.0,5484.0,171675.0
2020-12,2020/12/01,Região de Saúde Norte,"Centro Hospitalar Universitário do Porto, EPE","41.1472498, -8.6172617",104660.0,,19794.0,,124454.0
2020-12,2020/12/01,Região de Saúde Norte,"Centro Hospitalar Entre Douro e Vouga, EPE","40.9293884, -8.5458794",125994.0,15827.0,6732.0,,148553.0
2020-12,2020/12/01,Região de Saúde Norte,"Centro Hospitalar Tâmega e Sousa, EPE","41.2494561, -8.264901",129075.0,21320.0,12646.0,,163041.0
2020-12,2020/12/01,Região de Saúde Norte,"Centro Hospitalar Trás-os-Montes e Alto Douro, EPE","41.3031784, -7.7515252",110320.0,14707.0,5761.0,,130788.0
2021-01,2021/01/01,Região de Saúde do Alentejo,"Unidade Local de Saúde do Norte Alentejano, EPE","39.3003425, -7.4263845",3886.0,257.0,88.0,,4231.0
2021-01,2021/01/01,Região de Saúde do Centro,"Centro Hospitalar de Leiria, EPE","39.7414812, -8.7982706",7319.0,1037.0,688.0,,9044.0
2021-01,2021/01/01,Região de Saúde do Centro,"Unidade Local de Saúde de Castelo Branco, EPE","39.8212263, -7.4981271",2858.0,332.0,100.0,,3290.0
2021-01,2021/01/01,Região de Saúde LVT,"Centro Hospitalar Barreiro/Montijo, EPE","38.6554005, -9.0592392",6095.0,1273.0,523.0,,7891.0
2021-01,2021/01/01,Região de Saúde LVT,"Centro Hospitalar de Setúbal, EPE","38.5283754, -8.8818638",5854.0,1337.0,665.0,,7856.0
2021-01,2021/01/01,Região de Saúde Norte,"Hospital de Braga, EPE","41.56785, -8.398982",9265.0,1618.0,837.0,,11720.0
2021-01,2021/01/01,Região de Saúde Norte,"Unidade Local de Saúde do Nordeste, EPE","41.8056532, -6.7888197",5747.0,,,,5747.0
2021-02,2021/02/01,Região de Saúde do Centro,"Centro Hospitalar e Universitário de Coimbra, EPE","40.2191523, -8.4098211",19532.0,4071.0,2858.0,,26461.0
2021-02,2021/02/01,Região de Saúde LVT,"Centro Hospitalar de Setúbal, EPE","38.5283754, -8.8818638",9986.0,2037.0,1345.0,,13368.0
2021-02,2021/02/01,Região de Saúde LVT,"Centro Hospitalar Médio Tejo, EPE","39.478072, -8.5404429",11391.0,1426.0,434.0,,13251.0
2021-02,2021/02/01,Região de Saúde LVT,"Hospital Distrital de Santarém, EPE","39.2410946, -8.6937515",8106.0,1260.0,863.0,,10229.0
2021-02,2021/02/01,Região de Saúde Norte,"Centro Hospitalar do Médio Ave, EPE","41.3423984, -8.4802503",10114.0,1517.0,768.0,,12399.0
2021-02,2021/02/01,Região de Saúde Norte,"Hospital Santa Maria Maior, EPE","41.5324234, -8.6171561",5685.0,427.0,,,6112.0
2021-03,2021/03/01,Região de Saúde do Alentejo,"Unidade Local de Saúde do Litoral Alentejano, EPE","38.0162314, -8.6956768",13377.0,,,,13377.0
2021-03,2021/03/01,Região de Saúde do Alentejo,"Unidade Local de Saúde do Norte Alentejano, EPE","39.3003425, -7.4263845",11198.0,603.0,295.0,,12096.0
2021-03,2021/03/01,Região de Saúde do Centro,"Centro Hospitalar e Universitário de Coimbra, EPE","40.2191523, -8.4098211",31415.0,6354.0,4588.0,,42357.0
2021-03,2021/03/01,Região de Saúde do Centro,"Centro Hospitalar Tondela-Viseu, EPE","40.516364, -8.0827433",19663.0,2672.0,2827.0,,25162.0
2021-03,2021/03/01,Região de Saúde LVT,"Hospital de Loures, PPP","38.821455, -9.176296",16820.0,3782.0,2605.0,,23207.0
2021-03,2021/03/01,Região de Saúde LVT,"Hospital Professor Doutor Fernando Fonseca, EPE","38.7422257, -9.2264834",29720.0,4436.0,3401.0,,37557.0
2021-04,2021/04/01,Região de Saúde do Alentejo,"Unidade Local de Saúde do Baixo Alentejo, EPE","38.014123, -7.8721227",17655.0,2479.0,1052.0,,21186.0
2021-04,2021/04/01,Região de Saúde LVT,"Centro Hospitalar Barreiro/Montijo, EPE","38.6554005, -9.0592392",23271.0,4705.0,2247.0,,30223.0
2021-04,2021/04/01,Região de Saúde LVT,"Hospital Distrital de Santarém, EPE","39.2410946, -8.6937515",18529.0,3124.0,1990.0,,23643.0
2021-04,2021/04/01,Região de Saúde Norte,"Hospital Santa Maria Maior, EPE","41.5324234, -8.6171561",12139.0,1147.0,,,13286.0
2021-05,2021/05/01,Região de Saúde do Alentejo,"Unidade Local de Saúde do Norte Alentejano, EPE","39.3003425, -7.4263845",21835.0,1557.0,519.0,,23911.0
2021-05,2021/05/01,Região de Saúde do Centro,"Centro Hospitalar Tondela-Viseu, EPE","40.516364, -8.0827433",35755.0,6440.0,5152.0,,47347.0
2021-05,2021/05/01,Região de Saúde LVT,"Centro Hospitalar de Lisboa Ocidental, EPE","38.708454, -9.216985",29367.0,7185.0,4463.0,,41015.0
2021-05,2021/05/01,Região de Saúde LVT,"Hospital de Vila Franca de Xira, PPP","38.977235, -8.984506",26608.0,8573.0,2827.0,,38008.0
2021-05,2021/05/01,Região de Saúde Norte,"Centro Hospitalar Universitário do Porto, EPE","41.1472498, -8.6172617",39769.0,,7000.0,,46769.0
2021-05,2021/05/01,Região de Saúde Norte,"Centro Hospitalar Trás-os-Montes e Alto Douro, EPE","41.3031784, -7.7515252",44304.0,4724.0,2632.0,,51660.0
2021-05,2021/05/01,Região de Saúde Norte,"Hospital de Braga, EPE","41.56785, -8.398982",49992.0,10221.0,4638.0,,64851.0
2021-06,2021/06/01,Região de Saúde do Alentejo,"Unidade Local de Saúde do Baixo Alentejo, EPE","38.014123, -7.8721227",29335.0,4719.0,1677.0,,35731.0
2021-06,2021/06/01,Região de Saúde do Alentejo,"Unidade Local de Saúde do Norte Alentejano, EPE","39.3003425, -7.4263845",27573.0,2080.0,637.0,,30290.0
2021-06,2021/06/01,Região de Saúde LVT,"Centro Hospitalar de Setúbal, EPE","38.5283754, -8.8818638",34577.0,10990.0,4709.0,,50276.0
2021-06,2021/06/01,Região de Saúde LVT,"Centro Hospitalar do Oeste, EPE","39.4054629, -9.1258493",41523.0,10991.0,3703.0,,56217.0
2021-06,2021/06/01,Região de Saúde LVT,"Hospital de Loures, PPP","38.821455, -9.176296",40160.0,14206.0,6124.0,,60490.0
2021-06,2021/06/01,Região de Saúde LVT,"Hospital Distrital de Santarém, EPE","39.2410946, -8.6937515",31637.0,7068.0,3168.0,,41873.0
2021-06,2021/06/01,Região de Saúde LVT,"Hospital Professor Doutor Fernando Fonseca, EPE","38.7422257, -9.2264834",69169.0,16089.0,7605.0,,92863.0
2021-06,2021/06/01,Região de Saúde Norte,"Centro Hospitalar Tâmega e Sousa, EPE","41.2494561, -8.264901",61916.0,11017.0,5859.0,,78792.0
2021-06,2021/06/01,Região de Saúde Norte,"Hospital da Senhora da Oliveira, Guimarães, EPE","41.4387173, -8.3086907",39223.0,7537.0,4006.0,,50766.0
2021-07,2021/07/01,Região de Saúde do Centro,"Centro Hospitalar de Leiria, EPE","39.7414812, -8.7982706",62648.0,12483.0,5838.0,,80969.0
2021-07,2021/07/01,Região de Saúde do Centro,"Centro Hospitalar do Baixo Vouga, EPE","40.6362453, -8.6543716",60117.0,14054.0,3502.0,,77673.0
2021-07,2021/07/01,Região de Saúde LVT,"Hospital de Cascais, PPP","38.729006, -9.418267",39775.0,18043.0,6190.0,,64008.0
2021-07,2021/07/01,Região de Saúde LVT,"Hospital Distrital de Santarém, EPE","39.2410946, -8.6937515",38324.0,8940.0,3804.0,,51068.0
2021-07,2021/07/01,Região de Saúde Norte,"Centro Hospitalar Universitário do Porto, EPE","41.1472498, -8.6172617",60764.0,,10321.0,,71085.0
2021-07,2021/07/01,Região de Saúde Norte,"Centro Hospitalar Tâmega e Sousa, EPE","41.2494561, -8.264901",75516.0,13996.0,7145.0,,96657.0
2021-07,2021/07/01,Região de Saúde Norte,"Unidade Local de Saúde do Nordeste, EPE","41.8056532, -6.7888197",44956.0,,,,44956.0
2021-08,2021/08/01,Região de Saúde do Centro,"Centro Hospitalar do Baixo Vouga, EPE","40.6362453, -8.6543716",70760.0,16587.0,4090.0,,91437.0
2021-08,2021/08/01,Região de Saúde LVT,"Centro Hospitalar de Setúbal, EPE","38.5283754, -8.8818638",48580.0,16192.0,6523.0,,71295.0
2021-08,2021/08/01,Região de Saúde LVT,"Hospital de Cascais, PPP","38.729006, -9.418267",46847.0,20727.0,7102.0,,74676.0
2021-08,2021/08/01,Região de Saúde LVT,"Hospital de Vila Franca de Xira, EPE","38.977235, -8.984506",47282.0,17716.0,5049.0,,70047.0
2021-08,2021/08/01,Região de Saúde Norte,"Centro Hospitalar Entre Douro e Vouga, EPE","40.9293884, -8.5458794",91338.0,12514.0,4929.0,,108781.0
2021-09,2021/09/01,Região de Saúde do Alentejo,"Unidade Local de Saúde do Litoral Alentejano, EPE","38.0162314, -8.6956768",53472.0,,,,53472.0
2021-09,2021/09/01,Região de Saúde do Centro,"Centro Hospitalar Tondela-Viseu, EPE","40.516364, -8.0827433",72781.0,15542.0,10032.0,,98355.0
2021-09,2021/09/01,Região de Saúde LVT,"Centro Hospitalar do Oeste, EPE","39.4054629, -9.1258493",70583.0,19801.0,5820.0,,96204.0
2021-09,2021/09/01,Região de Saúde LVT,"Centro Hospitalar Universitário de Lisboa Norte, EPE","38.7500861, -9.1616116",93530.0,20178.0,11736.0,,125444.0
2021-09,2021/09/01,Região de Saúde LVT,"Centro Hospitalar Médio Tejo, EPE","39.478072, -8.5404429",69190.0,13185.0,2611.0,,84986.0
2021-09,2021/09/01,Região de Saúde Norte,"Centro Hospitalar Universitário de São João, EPE","41.1831056, -8.6010558",115145.0,43011.0,8810.0,,166966.0
2021-09,2021/09/01,Região de Saúde Norte,"Centro Hospitalar Universitário do Porto, EPE","41.1472498, -8.6172617",81627.0,,13971.0,,95598.0
2021-09,2021/09/01,Região de Saúde Norte,"Centro Hospitalar Trás-os-Montes e Alto Douro, EPE","41.3031784, -7.7515252",91661.0,12354.0,5277.0,,109292.0
2021-09,2021/09/01,Região de Saúde Norte,"Unidade Local de Saúde do Alto Minho, EPE","41.7056054, -8.8252713",80027.0,7740.0,3777.0,,91544.0
2021-09,2021/09/01,Região de Saúde Norte,"Unidade Local de Saúde do Nordeste, EPE","41.8056532, -6.7888197",61695.0,,,,61695.0
2021-10,2021/10/01,Região de Saúde do Centro,"Centro Hospitalar Universitário Cova da Beira, EPE","40.2804158, -7.4922407",34852.0,7240.0,2510.0,,44602.0
2021-10,2021/10/01,Região de Saúde do Centro,"Centro Hospitalar de Leiria, EPE","39.7414812, -8.7982706",96448.0,19106.0,8812.0,,124366.0
2021-10,2021/10/01,Região de Saúde do Centro,"Unidade Local de Saúde de Castelo Branco, EPE","39.8212263, -7.4981271",34703.0,7152.0,1133.0,,42988.0
2021-10,2021/10/01,Região de Saúde LVT,"Hospital de Loures, PPP","38.821455, -9.176296",70837.0,29004.0,11066.0,,110907.0
2021-10,2021/10/01,Região de Saúde LVT,"Hospital Professor Doutor Fernando Fonseca, EPE","38.7422257, -9.2264834",125353.0,32444.0,13726.0,,171523.0
2021-10,2021/10/01,Região de Saúde Norte,"Centro Hospitalar Universitário de São João, EPE","41.1831056, -8.6010558",129635.0,51563.0,10011.0,,191209.0
2021-10,2021/10/01,Região de Saúde Norte,"Hospital de Braga, EPE","41.56785, -8.398982",113627.0,28036.0,10138.0,,151801.0
2021-10,2021/10/01,Região de Saúde Norte,"Hospital Santa Maria Maior, EPE","41.5324234, -8.6171561",37193.0,6403.0,,,43596.0
2021-10,2021/10/01,Região de Saúde Norte,"Unidade Local de Saúde de Matosinhos, EPE","41.1794456, -8.6745115",62050.0,,7711.0,,69761.0
2021-10,2021/10/01,Região de Saúde Norte,"Unidade Local de Saúde do Alto Minho, EPE","41.7056054, -8.8252713",90747.0,9556.0,4265.0,,104568.0
2021-11,2021/11/01,Região de Saúde do Alentejo,"Unidade Local de Saúde do Norte Alentejano, EPE","39.3003425, -7.4263845",56926.0,5170.0,1360.0,,63456.0
2021-11,2021/11/01,Região de Saúde do Centro,"Centro Hospitalar do Baixo Vouga, EPE","40.6362453, -8.6543716",102067.0,27505.0,5649.0,,135221.0
2021-11,2021/11/01,Região de Saúde do Centro,"Centro Hospitalar Tondela-Viseu, EPE","40.516364, -8.0827433",90776.0,21640.0,12395.0,,124811.0
2021-11,2021/11/01,Região de Saúde do Centro,"Unidade Local de Saúde de Castelo Branco, EPE","39.8212263, -7.4981271",38691.0,8404.0,1247.0,,48342.0
2021-11,2021/11/01,Região de Saúde LVT,"Centro Hospitalar Universitário Lisboa Central, EPE","38.7166948, -9.1371248",103379.0,58501.0,16299.0,5325.0,183504.0
2021-11,2021/11/01,Região de Saúde LVT,"Centro Hospitalar de Lisboa Ocidental, EPE","38.708454, -9.216985",74985.0,23388.0,11389.0,,109762.0
2021-11,2021/11/01,Região de Saúde LVT,"Centro Hospitalar de Setúbal, EPE","38.5283754, -8.8818638",67629.0,27038.0,9041.0,,103708.0
2021-11,2021/11/01,Região de Saúde Norte,"Hospital de Braga, EPE","41.56785, -8.398982",125707.0,32383.0,11129.0,,169219.0
2021-12,2021/12/01,Região de Saúde do Alentejo,"Unidade Local de Saúde do Norte Alentejano, EPE","39.3003425, -7.4263845",62296.0,5847.0,1518.0,,69661.0
2021-12,2021/12/01,Região de Saúde do Algarve,"Centro Hospitalar Universitário do Algarve,EPE","37.0238973, -7.9281554",226605.0,54184.0,18586.0,0.0,299375.0
2021-12,2021/12/01,Região de Saúde do Centro,"Centro Hospitalar de Leiria, EPE","39.7414812, -8.7982706",117079.0,24315.0,10599.0,,151993.0
2022-01,2022/01/01,Região de Saúde do Alentejo,"Hospital Espírito Santo de Évora, EPE","38.5684861, -7.9032848",4240.0,1255.0,,,5495.0
2022-01,2022/01/01,Região de Saúde do Alentejo,"Unidade Local de Saúde do Norte Alentejano, EPE","39.3003425, -7.4263845",5231.0,580.0,202.0,,6013.0
2022-01,2022/01/01,Região de Saúde do Algarve,"Centro Hospitalar Universitário do Algarve,EPE","37.0238973, -7.9281554",18883.0,4448.0,1506.0,0.0,24837.0
2022-01,2022/01/01,Região de Saúde do Centro,"Centro Hospitalar do Baixo Vouga, EPE","40.6362453, -8.6543716",9931.0,2393.0,478.0,,12802.0
2022-01,2022/01/01,Região de Saúde do Centro,"Centro Hospitalar e Universitário de Coimbra, EPE","40.2191523, -8.4098211",13434.0,4208.0,1766.0,,19408.0
2022-01,2022/01/01,Região de Saúde LVT,"Centro Hospitalar Universitário de Lisboa Norte, EPE","38.7500861, -9.1616116",11354.0,2558.0,1391.0,,15303.0
2022-01,2022/01/01,Região de Saúde Norte,"Centro Hospitalar Póvoa de Varzim/Vila do Conde, EPE","41.3828711, -8.7589945",5699.0,,,,5699.0
2022-01,2022/01/01,Região de Saúde Norte,"Centro Hospitalar Vila Nova de Gaia/Espinho, EPE","41.1094138, -8.5972617",10332.0,2717.0,812.0,,13861.0
2022-01,2022/01/01,Região de Saúde Norte,"Hospital da Senhora da Oliveira, Guimarães, EPE","41.4387173, -8.3086907",8046.0,1985.0,787.0,,10818.0
2022-01,2022/01/01,Região de Saúde Norte,"Hospital de Braga, EPE","41.56785, -8.398982",11563.0,2734.0,1050.0,,15347.0
2022-02,2022/02/01,Região de Saúde do Centro,"Centro Hospitalar do Baixo Vouga, EPE","40.6362453, -8.6543716",18690.0,5029.0,942.0,,24661.0
2022-02,2022/02/01,Região de Saúde do Centro,"Centro Hospitalar e Universitário de Coimbra, EPE","40.2191523, -8.4098211",26992.0,9098.0,3570.0,,39660.0
2022-02,2022/02/01,Região de Saúde do Centro,"Centro Hospitalar Tondela-Viseu, EPE","40.516364, -8.0827433",16135.0,4128.0,2329.0,,22592.0
2022-02,2022/02/01,Região de Saúde do Centro,"Unidade Local de Saúde de Castelo Branco, EPE","39.8212263, -7.4981271",7140.0,1619.0,222.0,,8981.0
2022-02,2022/02/01,Região de Saúde LVT,"Centro Hospitalar do Oeste, EPE","39.4054629, -9.1258493",16429.0,5612.0,1314.0,,23355.0
2022-02,2022/02/01,Região de Saúde LVT,"Centro Hospitalar Médio Tejo, EPE","39.478072, -8.5404429",16366.0,3894.0,605.0,,20865.0
2022-02,2022/02/01,Região de Saúde LVT,"Hospital de Cascais, PPP","38.729006, -9.418267",12620.0,6595.0,1883.0,,21098.0
2022-02,2022/02/01,Região de Saúde LVT,"Hospital de Vila Franca de Xira, EPE","38.977235, -8.984506",11988.0,5953.0,1256.0,,19197.0
2022-02,2022/02/01,Região de Saúde Norte,"Centro Hospitalar Tâmega e Sousa, EPE","41.2494561, -8.264901",23958.0,5416.0,2184.0,,31558.0
2022-02,2022/02/01,Região de Saúde Norte,"Centro Hospitalar Vila Nova de Gaia/Espinho, EPE","41.1094138, -8.5972617",19820.0,5427.0,1608.0,,26855.0
2022-02,2022/02/01,Região de Saúde Norte,"Hospital Santa Maria Maior, EPE","41.5324234, -8.6171561",7758.0,1586.0,,,9344.0
2022-02,2022/02/01,Região de Saúde Norte,"Unidade Local de Saúde do Nordeste, EPE","41.8056532, -6.7888197",14885.0,,,,14885.0
2022-03,2022/03/01,Região de Saúde do Alentejo,"Hospital Espírito Santo de Évora, EPE","38.5684861, -7.9032848",12866.0,4926.0,,,17792.0
2022-03,2022/03/01,Região de Saúde do Centro,"Centro Hospitalar e Universitário de Coimbra, EPE","40.2191523, -8.4098211",43617.0,16937.0,5399.0,,65953.0
2022-03,2022/03/01,Região de Saúde do Centro,"Hospital Distrital da Figueira da Foz, EPE","40.117897, -8.8586755",12331.0,4473.0,,,16804.0
2022-03,2022/03/01,Região de Saúde do Centro,"Unidade Local de Saúde de Castelo Branco, EPE","39.8212263, -7.4981271",11497.0,3131.0,383.0,,15011.0
2022-03,2022/03/01,Região de Saúde LVT,"Centro Hospitalar de Lisboa Ocidental, EPE","38.708454, -9.216985",23626.0,9234.0,3627.0,,36487.0
2022-03,2022/03/01,Região de Saúde LVT,"Centro Hospitalar do Oeste, EPE","39.4054629, -9.1258493",27268.0,10992.0,2036.0,,40296.0
2022-03,2022/03/01,Região de Saúde Norte,"Centro Hospitalar Entre Douro e Vouga, EPE","40.9293884, -8.5458794",41663.0,8037.0,2132.0,,51832.0
2022-03,2022/03/01,Região de Saúde Norte,"Hospital da Senhora da Oliveira, Guimarães, EPE","41.4387173, -8.3086907",24195.0,8372.0,2287.0,,34854.0
2022-03,2022/03/01,Região de Saúde Norte,"Unidade Local de Saúde de Matosinhos, EPE","41.1794456, -8.6745115",20042.0,,2241.0,,22283.0
2022-04,2022/04/01,Região de Saúde do Alentejo,"Unidade Local de Saúde do Baixo Alentejo, EPE","38.014123, -7.8721227",25815.0,6789.0,1201.0,,33805.0
2022-04,2022/04/01,Região de Saúde LVT,"Centro Hospitalar Barreiro/Montijo, EPE","38.6554005, -9.0592392",32810.0,12672.0,3136.0,,48618.0
2022-04,2022/04/01,Região de Saúde LVT,"Hospital Garcia de Orta, EPE","38.6658713, -9.1822554",29302.0,15238.0,5305.0,,49845.0
2022-04,2022/04/01,Região de Saúde Norte,"Hospital de Braga, EPE","41.56785, -8.398982",47722.0,14484.0,4284.0,,66490.0
2022-04,2022/04/01,Região de Saúde Norte,"Unidade Local de Saúde de Matosinhos, EPE","41.1794456, -8.6745115",26883.0,,2989.0,,29872.0
2022-04,2022/04/01,Região de Saúde Norte,"Unidade Local de Saúde do Alto Minho, EPE","41.7056054, -8.8252713",41534.0,5617.0,1629.0,,48780.0
2022-05,2022/05/01,Região de Saúde do Centro,"Centro Hospitalar Universitário Cova da Beira, EPE","40.2804158, -7.4922407",19530.0,5834.0,1397.0,56.0,26817.0
2022-05,2022/05/01,Região de Saúde do Centro,"Unidade Local de Saúde de Castelo Branco, EPE","39.8212263, -7.4981271",20252.0,5870.0,652.0,,26774.0
2022-05,2022/05/01,Região de Saúde LVT,"Centro Hospitalar do Oeste, EPE","39.4054629, -9.1258493",46623.0,19617.0,3396.0,,69636.0
2022-05,2022/05/01,Região de Saúde LVT,"Hospital Distrital de Santarém, EPE","39.2410946, -8.6937515",34744.0,12562.0,3180.0,,50486.0
2022-05,2022/05/01,Região de Saúde Norte,"Centro Hospitalar Entre Douro e Vouga, EPE","40.9293884, -8.5458794",74088.0,14862.0,3594.0,,92544.0
2022-05,2022/05/01,Região de Saúde Norte,"Centro Hospitalar Póvoa de Varzim/Vila do Conde, EPE","41.3828711, -8.7589945",30143.0,,,,30143.0
2022-05,2022/05/01,Região de Saúde Norte,"Hospital Santa Maria Maior, EPE","41.5324234, -8.6171561",21267.0,5719.0,,,26986.0
2022-06,2022/06/01,Região de Saúde do Alentejo,"Hospital Espírito Santo de Évora, EPE","38.5684861, -7.9032848",26398.0,10563.0,,,36961.0
2022-06,2022/06/01,Região de Saúde do Alentejo,"Unidade Local de Saúde do Litoral Alentejano, EPE","38.0162314, -8.6956768",45173.0,,,,45173.0
2022-06,2022/06/01,Região de Saúde LVT,"Centro Hospitalar Universitário Lisboa Central, EPE","38.7166948, -9.1371248",67296.0,41270.0,9614.0,3244.0,121424.0
2022-06,2022/06/01,Região de Saúde LVT,"Hospital Distrital de Santarém, EPE","39.2410946, -8.6937515",41961.0,14886.0,3847.0,,60694.0
2022-06,2022/06/01,Região de Saúde LVT,"Hospital Professor Doutor Fernando Fonseca, EPE","38.7422257, -9.2264834",84036.0,29527.0,9367.0,,122930.0
2022-06,2022/06/01,Região de Saúde LVT,"Hospital Garcia de Orta, EPE","38.6658713, -9.1822554",43919.0,23098.0,8129.0,,75146.0
2022-06,2022/06/01,Região de Saúde Norte,"Centro Hospitalar do Médio Ave, EPE","41.3423984, -8.4802503",44959.0,15827.0,3203.0,,63989.0
2022-06,2022/06/01,Região de Saúde Norte,"Centro Hospitalar Entre Douro e Vouga, EPE","40.9293884, -8.5458794",88587.0,17357.0,4269.0,,110213.0
2022-06,2022/06/01,Região de Saúde Norte,"Unidade Local de Saúde do Nordeste, EPE","41.8056532, -6.7888197",50172.0,,,,50172.0
2022-07,2022/07/01,Região de Saúde do Algarve,"Centro Hospitalar Universitário do Algarve,EPE","37.0238973, -7.9281554",158654.0,41357.0,11609.0,0.0,211620.0
2022-07,2022/07/01,Região de Saúde do Centro,"Unidade Local de Saúde da Guarda, EPE","40.5309916, -7.2734793",42704.0,8228.0,2318.0,,53250.0
2022-07,2022/07/01,Região de Saúde do Centro,"Unidade Local de Saúde de Castelo Branco, EPE","39.8212263, -7.4981271",28720.0,7938.0,918.0,,37576.0
2022-07,2022/07/01,Região de Saúde LVT,"Centro Hospitalar Universitário de Lisboa Norte, EPE","38.7500861, -9.1616116",88000.0,23438.0,10327.0,,121765.0
2022-07,2022/07/01,Região de Saúde LVT,"Hospital Distrital de Santarém, EPE","39.2410946, -8.6937515",48753.0,17054.0,4501.0,,70308.0
2022-07,2022/07/01,Região de Saúde LVT,"Hospital Professor Doutor Fernando Fonseca, EPE","38.7422257, -9.2264834",98468.0,33593.0,10998.0,,143059.0
2022-07,2022/07/01,Região de Saúde Norte,"Centro Hospitalar Vila Nova de Gaia/Espinho, EPE","41.1094138, -8.5972617",77554.0,25308.0,4916.0,,107778.0
2022-07,2022/07/01,Região de Saúde Norte,"Hospital da Senhora da Oliveira, Guimarães, EPE","41.4387173, -8.3086907",58672.0,18964.0,5906.0,,83542.0
2022-08,2022/08/01,Região de Saúde do Alentejo,"Unidade Local de Saúde do Baixo Alentejo, EPE","38.014123, -7.8721227",53107.0,11889.0,2445.0,,67441.0
2022-08,2022/08/01,Região de Saúde do Centro,"Centro Hospitalar de Leiria, EPE","39.7414812, -8.7982706",90320.0,21119.0,7881.0,,119320.0
2022-08,2022/08/01,Região de Saúde do Centro,"Hospital Distrital da Figueira da Foz, EPE","40.117897, -8.8586755",36285.0,12235.0,,,48520.0
2022-08,2022/08/01,Região de Saúde do Centro,"Unidade Local de Saúde da Guarda, EPE","40.5309916, -7.2734793",50074.0,9322.0,2711.0,,62107.0
2022-08,2022/08/01,Região de Saúde LVT,"Centro Hospitalar de Lisboa Ocidental, EPE","38.708454, -9.216985",64279.0,22580.0,9562.0,,96421.0
2022-08,2022/08/01,Região de Saúde LVT,"Centro Hospitalar Médio Tejo, EPE","39.478072, -8.5404429",76680.0,19974.0,2652.0,,99306.0
2022-08,2022/08/01,Região de Saúde LVT,"Hospital de Vila Franca de Xira, EPE","38.977235, -8.984506",53362.0,28625.0,5686.0,,87673.0
2022-08,2022/08/01,Região de Saúde Norte,"Centro Hospitalar Universitário de São João, EPE","41.1831056, -8.6010558",112593.0,53138.0,8541.0,,174272.0
2022-08,2022/08/01,Região de Saúde Norte,"Centro Hospitalar Tâmega e Sousa, EPE","41.2494561, -8.264901",101767.0,25008.0,9500.0,,136275.0
2022-08,2022/08/01,Região de Saúde Norte,"Hospital da Senhora da Oliveira, Guimarães, EPE","41.4387173, -8.3086907",67347.0,20958.0,6887.0,,95192.0
2022-08,2022/08/01,Região de Saúde Norte,"Hospital de Braga, EPE","41.56785, -8.398982",97345.0,28341.0,8483.0,,134169.0
2022-08,2022/08/01,Região de Saúde Norte,"Unidade Local de Saúde do Alto Minho, EPE","41.7056054, -8.8252713",90269.0,12064.0,3996.0,,106329.0
2022-09,2022/09/01,Região de Saúde do Centro,"Centro Hospitalar Universitário Cova da Beira, EPE","40.2804158, -7.4922407",35593.0,9614.0,2811.0,379.0,48397.0
2022-09,2022/09/01,Região de Saúde do Centro,"Centro Hospitalar Tondela-Viseu, EPE","40.516364, -8.0827433",82352.0,24334.0,11351.0,,118037.0
2022-09,2022/09/01,Região de Saúde do Centro,"Hospital Distrital da Figueira da Foz, EPE","40.117897, -8.8586755",40682.0,13552.0,,,54234.0
2022-09,2022/09/01,Região de Saúde LVT,"Centro Hospitalar do Oeste, EPE","39.4054629, -9.1258493",85014.0,32513.0,6292.0,,123819.0
2022-09,2022/09/01,Região de Saúde LVT,"Centro Hospitalar Médio Tejo, EPE","39.478072, -8.5404429",85708.0,22178.0,2955.0,,110841.0
2022-09,2022/09/01,Região de Saúde LVT,"Hospital de Cascais, PPP","38.729006, -9.418267",66981.0,36753.0,9728.0,,113462.0
2022-09,2022/09/01,Região de Saúde Norte,"Centro Hospitalar Universitário de São João, EPE","41.1831056, -8.6010558",126680.0,59089.0,9512.0,,195281.0
2022-09,2022/09/01,Região de Saúde Norte,"Hospital da Senhora da Oliveira, Guimarães, EPE","41.4387173, -8.3086907",75570.0,23276.0,7798.0,,106644.0
2022-09,2022/09/01,Região de Saúde Norte,"Unidade Local de Saúde do Alto Minho, EPE","41.7056054, -8.8252713",101434.0,13336.0,4543.0,,119313.0
2022-10,2022/10/01,Região de Saúde do Alentejo,"Unidade Local de Saúde do Baixo Alentejo, EPE","38.014123, -7.8721227",67213.0,14883.0,3060.0,,85156.0
2022-10,2022/10/01,Região de Saúde LVT,"Centro Hospitalar de Lisboa Ocidental, EPE","38.708454, -9.216985",80114.0,28688.0,11961.0,,120763.0
2022-10,2022/10/01,Região de Saúde Norte,"Centro Hospitalar Póvoa de Varzim/Vila do Conde, EPE","41.3828711, -8.7589945",61076.0,,,,61076.0
2022-10,2022/10/01,Região de Saúde Norte,"Centro Hospitalar Trás-os-Montes e Alto Douro, EPE","41.3031784, -7.7515252",122870.0,23763.0,6644.0,,153277.0
2022-11,2022/11/01,Região de Saúde do Alentejo,"Hospital Espírito Santo de Évora, EPE","38.5684861, -7.9032848",49510.0,18546.0,,,68056.0
2022-11,2022/11/01,Região de Saúde do Alentejo,"Unidade Local de Saúde do Baixo Alentejo, EPE","38.014123, -7.8721227",74577.0,16965.0,3352.0,,94894.0
2022-11,2022/11/01,Região de Saúde do Alentejo,"Unidade Local de Saúde do Norte Alentejano, EPE","39.3003425, -7.4263845",65914.0,7880.0,2163.0,,75957.0
2022-11,2022/11/01,Região de Saúde do Centro,"Centro Hospitalar Universitário Cova da Beira, EPE","40.2804158, -7.4922407",44165.0,13117.0,3469.0,440.0,61191.0
2022-11,2022/11/01,Região de Saúde do Centro,"Centro Hospitalar de Leiria, EPE","39.7414812, -8.7982706",124640.0,31541.0,10921.0,,167102.0
2022-11,2022/11/01,Região de Saúde do Centro,"Centro Hospitalar do Baixo Vouga, EPE","40.6362453, -8.6543716",118589.0,39611.0,5869.0,,164069.0
2022-11,2022/11/01,Região de Saúde do Centro,"Centro Hospitalar e Universitário de Coimbra, EPE","40.2191523, -8.4098211",167323.0,65255.0,20802.0,,253380.0
2022-11,2022/11/01,Região de Saúde do Centro,"Unidade Local de Saúde de Castelo Branco, EPE","39.8212263, -7.4981271",45744.0,13243.0,1510.0,,60497.0
2022-11,2022/11/01,Região de Saúde LVT,"Centro Hospitalar do Oeste, EPE","39.4054629, -9.1258493",104713.0,45083.0,7646.0,,157442.0
2022-11,2022/11/01,Região de Saúde LVT,"Hospital de Vila Franca de Xira, EPE","38.977235, -8.984506",74099.0,44101.0,7916.0,,126116.0
2022-11,2022/11/01,Região de Saúde LVT,"Hospital Professor Doutor Fernando Fonseca, EPE","38.7422257, -9.2264834",159477.0,55484.0,18292.0,,233253.0
2022-11,2022/11/01,Região de Saúde Norte,"Centro Hospitalar Universitário de São João, EPE","41.1831056, -8.6010558",155143.0,77337.0,11543.0,,244023.0
2022-11,2022/11/01,Região de Saúde Norte,"Centro Hospitalar Universitário do Porto, EPE","41.1472498, -8.6172617",115673.0,,19379.0,,135052.0
2022-11,2022/11/01,Região de Saúde Norte,"Centro Hospitalar Póvoa de Varzim/Vila do Conde, EPE","41.3828711, -8.7589945",67910.0,,,,67910.0
2022-11,2022/11/01,Região de Saúde Norte,"Centro Hospitalar Tâmega e Sousa, EPE","41.2494561, -8.264901",138751.0,36287.0,13272.0,,188310.0
2022-11,2022/11/01,Região de Saúde Norte,"Unidade Local de Saúde de Matosinhos, EPE","41.1794456, -8.6745115",77283.0,,8841.0,,86124.0
2022-12,2022/12/01,Região de Saúde LVT,"Centro Hospitalar Barreiro/Montijo, EPE","38.6554005, -9.0592392",105780.0,39607.0,9859.0,,155246.0
2022-12,2022/12/01,Região de Saúde LVT,"Centro Hospitalar Universitário Lisboa Central, EPE","38.7166948, -9.1371248",135837.0,83262.0,20147.0,6491.0,245737.0
2022-12,2022/12/01,Região de Saúde LVT,"Hospital de Cascais, PPP","38.729006, -9.418267",89889.0,52966.0,12830.0,,155685.0
2022-12,2022/12/01,Região de Saúde Norte,"Centro Hospitalar Universitário de São João, EPE","41.1831056, -8.6010558",168897.0,84352.0,12438.0,,265687.0
2022-12,2022/12/01,Região de Saúde Norte,"Centro Hospitalar Universitário do Porto, EPE","41.1472498, -8.6172617",125270.0,,21113.0,,146383.0
2022-12,2022/12/01,Região de Saúde Norte,"Unidade Local de Saúde do Nordeste, EPE","41.8056532, -6.7888197",104009.0,,,,104009.0
2023-01,2023/01/01,Região de Saúde do Algarve,"Centro Hospitalar Universitário do Algarve,EPE","37.0238973, -7.9281554",22013.0,5399.0,1629.0,0.0,29041.0
2023-01,2023/01/01,Região de Saúde do Centro,"Centro Hospitalar e Universitário de Coimbra, EPE","40.2191523, -8.4098211",15007.0,5575.0,1878.0,,22460.0
2023-01,2023/01/01,Região de Saúde do Centro,"Hospital Distrital da Figueira da Foz, EPE","40.117897, -8.8586755",4182.0,1557.0,,,5739.0
2023-01,2023/01/01,Região de Saúde LVT,"Centro Hospitalar Universitário Lisboa Central, EPE","38.7166948, -9.1371248",11098.0,6940.0,1773.0,463.0,20274.0
2023-01,2023/01/01,Região de Saúde LVT,"Centro Hospitalar do Oeste, EPE","39.4054629, -9.1258493",9167.0,4150.0,574.0,,13891.0
2023-01,2023/01/01,Região de Saúde Norte,"Centro Hospitalar Universitário do Porto, EPE","41.1472498, -8.6172617",10201.0,,1626.0,,11827.0
2023-01,2023/01/01,Região de Saúde Norte,"Unidade Local de Saúde do Alto Minho, EPE","41.7056054, -8.8252713",11647.0,1757.0,493.0,,13897.0
2023-01,2023/01/01,Região de Saúde Norte,"Unidade Local de Saúde do Nordeste, EPE","41.8056532, -6.7888197",8691.0,,,,8691.0
2023-02,2023/02/01,Região de Saúde do Alentejo,"Unidade Local de Saúde do Baixo Alentejo, EPE","38.014123, -7.8721227",14901.0,2880.0,554.0,,18335.0
2023-02,2023/02/01,Região de Saúde LVT,"Centro Hospitalar do Oeste, EPE","39.4054629, -9.1258493",18256.0,8254.0,1154.0,,27664.0
2023-02,2023/02/01,Região de Saúde Norte,"Centro Hospitalar Entre Douro e Vouga, EPE","40.9293884, -8.5458794",29955.0,6005.0,1319.0,,37279.0
2023-02,2023/02/01,Região de Saúde Norte,"Centro Hospitalar Universitário de Santo António, EPE","41.1472498, -8.6172617",19937.0,,3122.0,,23059.0
2023-02,2023/02/01,Região de Saúde Norte,"Centro Hospitalar Vila Nova de Gaia/Espinho, EPE","41.1094138, -8.5972617",21508.0,7099.0,1251.0,,29858.0
2023-02,2023/02/01,Região de Saúde Norte,"Hospital de Braga, EPE","41.56785, -8.398982",23513.0,7800.0,2034.0,,33347.0
2023-03,2023/03/01,Região de Saúde do Alentejo,"Unidade Local de Saúde do Norte Alentejano, EPE","39.3003425, -7.4263845",19264.0,2252.0,561.0,,22077.0
2023-03,2023/03/01,Região de Saúde LVT,"Centro Hospitalar do Oeste, EPE","39.4054629, -9.1258493",28200.0,12766.0,1779.0,,42745.0
2023-03,2023/03/01,Região de Saúde LVT,"Centro Hospitalar Universitário de Lisboa Norte, EPE","38.7500861, -9.1616116",33992.0,11054.0,4347.0,,49393.0
2023-03,2023/03/01,Região de Saúde Norte,"Centro Hospitalar Universitário de São João, EPE","41.1831056, -8.6010558",42659.0,20194.0,3033.0,,65886.0
2023-03,2023/03/01,Região de Saúde Norte,"Centro Hospitalar Póvoa de Varzim/Vila do Conde, EPE","41.3828711, -8.7589945",17979.0,,,,17979.0
2023-03,2023/03/01,Região de Saúde Norte,"Centro Hospitalar Tâmega e Sousa, EPE","41.2494561, -8.264901",37792.0,9953.0,3579.0,,51324.0
2023-03,2023/03/01,Região de Saúde Norte,"Hospital Santa Maria Maior, EPE","41.5324234, -8.6171561",13139.0,3762.0,,,16901.0
2023-03,2023/03/01,Região de Saúde Norte,"Unidade Local de Saúde de Matosinhos, EPE","41.1794456, -8.6745115",19775.0,,2314.0,,22089.0
2023-04,2023/04/01,Região de Saúde do Centro,"Centro Hospitalar e Universitário de Coimbra, EPE","40.2191523, -8.4098211",58823.0,22020.0,6996.0,,87839.0
2023-04,2023/04/01,Região de Saúde do Centro,"Centro Hospitalar Tondela-Viseu, EPE","40.516364, -8.0827433",36085.0,11723.0,4817.0,,52625.0
2023-04,2023/04/01,Região de Saúde LVT,"Centro Hospitalar do Oeste, EPE","39.4054629, -9.1258493",37641.0,16213.0,2358.0,,56212.0
2023-04,2023/04/01,Região de Saúde LVT,"Centro Hospitalar Universitário de Lisboa Norte, EPE","38.7500861, -9.1616116",45448.0,15188.0,5746.0,,66382.0
2023-04,2023/04/01,Região de Saúde LVT,"Hospital Distrital de Santarém, EPE","39.2410946, -8.6937515",27099.0,10506.0,2508.0,,40113.0
2023-04,2023/04/01,Região de Saúde Norte,"Centro Hospitalar do Médio Ave, EPE","41.3423984, -8.4802503",28588.0,11127.0,2247.0,,41962.0
2023-04,2023/04/01,Região de Saúde Norte,"Centro Hospitalar Entre Douro e Vouga, EPE","40.9293884, -8.5458794",61081.0,12141.0,2743.0,,75965.0
2023-04,2023/04/01,Região de Saúde Norte,"Centro Hospitalar Universitário de Santo António, EPE","41.1472498, -8.6172617",41378.0,,6553.0,,47931.0
2023-04,2023/04/01,Região de Saúde Norte,"Centro Hospitalar Vila Nova de Gaia/Espinho, EPE","41.1094138, -8.5972617",44621.0,14808.0,2682.0,,62111.0
2023-04,2023/04/01,Região de Saúde Norte,"Hospital da Senhora da Oliveira, Guimarães, EPE","41.4387173, -8.3086907",34022.0,11898.0,3398.0,,49318.0
2023-04,2023/04/01,Região de Saúde Norte,"Unidade Local de Saúde de Matosinhos, EPE","41.1794456, -8.6745115",26543.0,,3046.0,,29589.0
2023-05,2023/05/01,Região de Saúde do Alentejo,"Hospital Espírito Santo de Évora, EPE","38.5684861, -7.9032848",21398.0,7719.0,,,29117.0
2023-05,2023/05/01,Região de Saúde do Algarve,"Centro Hospitalar Universitário do Algarve,EPE","37.0238973, -7.9281554",114497.0,29474.0,7875.0,0.0,151846.0
2023-05,2023/05/01,Região de Saúde do Centro,"Centro Hospitalar e Universitário de Coimbra, EPE","40.2191523, -8.4098211",75049.0,28047.0,8989.0,,112085.0
2023-05,2023/05/01,Região de Saúde do Centro,"Hospital Distrital da Figueira da Foz, EPE","40.117897, -8.8586755",21052.0,8236.0,,,29288.0
2023-05,2023/05/01,Região de Saúde do Centro,"Unidade Local de Saúde da Guarda, EPE","40.5309916, -7.2734793",32129.0,6945.0,1701.0,,40775.0
2023-05,2023/05/01,Região de Saúde do Centro,"Unidade Local de Saúde de Castelo Branco, EPE","39.8212263, -7.4981271",21843.0,6633.0,716.0,,29192.0
2023-05,2023/05/01,Região de Saúde LVT,"Centro Hospitalar Barreiro/Montijo, EPE","38.6554005, -9.0592392",47472.0,17145.0,3918.0,,68535.0
2023-05,2023/05/01,Região de Saúde LVT,"Centro Hospitalar Universitário de Lisboa Norte, EPE","38.7500861, -9.1616116",58186.0,19687.0,7328.0,,85201.0
2023-05,2023/05/01,Região de Saúde LVT,"Hospital Garcia de Orta, EPE","38.6658713, -9.1822554",34794.0,20886.0,7634.0,,63314.0
2023-05,2023/05/01,Região de Saúde Norte,"Centro Hospitalar Entre Douro e Vouga, EPE","40.9293884, -8.5458794",77232.0,15269.0,3551.0,,96052.0
2023-05,2023/05/01,Região de Saúde Norte,"Hospital da Senhora da Oliveira, Guimarães, EPE","41.4387173, -8.3086907",40570.0,14120.0,4077.0,,58767.0
2023-05,2023/05/01,Região de Saúde Norte,"Unidade Local de Saúde de Matosinhos, EPE","41.1794456, -8.6745115",33956.0,,3875.0,,37831.0
2023-05,2023/05/01,Região de Saúde Norte,"Unidade Local de Saúde do Alto Minho, EPE","41.7056054, -8.8252713",57871.0,8931.0,2621.0,,69423.0
2023-06,2023/06/01,Região de Saúde do Centro,"Centro Hospitalar de Leiria, EPE","39.7414812, -8.7982706",65307.0,16053.0,6780.0,,88140.0
2023-06,2023/06/01,Região de Saúde do Centro,"Centro Hospitalar do Baixo Vouga, EPE","40.6362453, -8.6543716",65790.0,21991.0,3427.0,,91208.0
2023-06,2023/06/01,Região de Saúde do Centro,"Hospital Distrital da Figueira da Foz, EPE","40.117897, -8.8586755",25454.0,9747.0,,,35201.0
2023-06,2023/06/01,Região de Saúde LVT,"Centro Hospitalar Universitário Lisboa Central, EPE","38.7166948, -9.1371248",67158.0,41161.0,11042.0,3069.0,122430.0
2023-06,2023/06/01,Região de Saúde LVT,"Hospital de Cascais, PPP","38.729006, -9.418267",45059.0,25072.0,6712.0,,76843.0
2023-06,2023/06/01,Região de Saúde Norte,"Centro Hospitalar Vila Nova de Gaia/Espinho, EPE","41.1094138, -8.5972617",69093.0,22650.0,4043.0,,95786.0
2023-07,2023/07/01,Região de Saúde LVT,"Hospital de Loures, EPE","38.821455, -9.176296",47743.0,20569.0,7724.0,0.0,76036.0
2023-07,2023/07/01,Região de Saúde LVT,"Hospital de Vila Franca de Xira, EPE","38.977235, -8.984506",47429.0,27131.0,4978.0,,79538.0
2023-07,2023/07/01,Região de Saúde LVT,"Hospital Distrital de Santarém, EPE","39.2410946, -8.6937515",48343.0,18367.0,4506.0,,71216.0
2023-07,2023/07/01,Região de Saúde LVT,"Hospital Garcia de Orta, EPE","38.6658713, -9.1822554",49866.0,27967.0,10300.0,,88133.0
2023-08,2023/08/01,Região de Saúde do Alentejo,"Hospital Espírito Santo de Évora, EPE","38.5684861, -7.9032848",34827.0,11633.0,,,46460.0
2023-08,2023/08/01,Região de Saúde do Centro,"Unidade Local de Saúde da Guarda, EPE","40.5309916, -7.2734793",53805.0,10013.0,2876.0,,66694.0
2023-08,2023/08/01,Região de Saúde LVT,"Centro Hospitalar Universitário Lisboa Central, EPE","38.7166948, -9.1371248",91135.0,51966.0,15451.0,4211.0,162763.0
2023-08,2023/08/01,Região de Saúde LVT,"Centro Hospitalar Médio Tejo, EPE","39.478072, -8.5404429",79853.0,21507.0,3095.0,,104455.0
2023-08,2023/08/01,Região de Saúde LVT,"Hospital Garcia de Orta, EPE","38.6658713, -9.1822554",58176.0,31173.0,11738.0,,101087.0
2023-08,2023/08/01,Região de Saúde Norte,"Centro Hospitalar Universitário de São João, EPE","41.1831056, -8.6010558",118565.0,51516.0,8831.0,,178912.0
2023-08,2023/08/01,Região de Saúde Norte,"Centro Hospitalar Trás-os-Montes e Alto Douro, EPE","41.3031784, -7.7515252",104578.0,20221.0,5769.0,,130568.0
2023-08,2023/08/01,Região de Saúde Norte,"Hospital Santa Maria Maior, EPE","41.5324234, -8.6171561",36795.0,8249.0,,,45044.0
2023-09,2023/09/01,Região de Saúde do Alentejo,"Hospital Espírito Santo de Évora, EPE","38.5684861, -7.9032848",39169.0,12815.0,,,51984.0
2023-09,2023/09/01,Região de Saúde do Centro,"Centro Hospitalar Universitário Cova da Beira, EPE","40.2804158, -7.4922407",37727.0,10738.0,3057.0,316.0,51838.0
2023-09,2023/09/01,Região de Saúde do Centro,"Centro Hospitalar e Universitário de Coimbra, EPE","40.2191523, -8.4098211",138167.0,47009.0,17218.0,,202394.0
2023-09,2023/09/01,Região de Saúde LVT,"Centro Hospitalar Barreiro/Montijo, EPE","38.6554005, -9.0592392",86236.0,25954.0,7072.0,,119262.0
2023-09,2023/09/01,Região de Saúde LVT,"Hospital Garcia de Orta, EPE","38.6658713, -9.1822554",65725.0,34588.0,13212.0,0.0,113525.0
2023-09,2023/09/01,Região de Saúde Norte,"Centro Hospitalar Póvoa de Varzim/Vila do Conde, EPE","41.3828711, -8.7589945",52994.0,,,,52994.0
2023-09,2023/09/01,Região de Saúde Norte,"Hospital Santa Maria Maior, EPE","41.5324234, -8.6171561",41245.0,9071.0,,,50316.0
2023-10,2023/10/01,Região de Saúde do Centro,"Centro Hospitalar e Universitário de Coimbra, EPE","40.2191523, -8.4098211",153526.0,52923.0,19256.0,,225705.0
2023-10,2023/10/01,Região de Saúde do Centro,"Hospital Distrital da Figueira da Foz, EPE","40.117897, -8.8586755",44166.0,15625.0,,,59791.0
2023-10,2023/10/01,Região de Saúde LVT,"Centro Hospitalar do Oeste, EPE","39.4054629, -9.1258493",99327.0,37293.0,3046.0,,139666.0
2023-10,2023/10/01,Região de Saúde Norte,"Hospital de Braga, EPE","41.56785, -8.398982",128165.0,38403.0,11206.0,,177774.0
2023-11,2023/11/01,Região de Saúde do Alentejo,"Unidade Local de Saúde do Norte Alentejano, EPE","39.3003425, -7.4263845",71297.0,7457.0,2298.0,,81052.0
2023-11,2023/11/01,Região de Saúde do Algarve,"Centro Hospitalar Universitário do Algarve,EPE","37.0238973, -7.9281554",264330.0,64058.0,17054.0,0.0,345442.0
2023-11,2023/11/01,Região de Saúde LVT,"Centro Hospitalar Barreiro/Montijo, EPE","38.6554005, -9.0592392",104686.0,30715.0,8405.0,,143806.0
2023-11,2023/11/01,Região de Saúde LVT,"Centro Hospitalar de Lisboa Ocidental, EPE","38.708454, -9.216985",83904.0,28122.0,15533.0,,127559.0
2023-11,2023/11/01,Região de Saúde LVT,"Centro Hospitalar do Oeste, EPE","39.4054629, -9.1258493",108596.0,41897.0,3419.0,,153912.0
2023-11,2023/11/01,Região de Saúde LVT,"Centro Hospitalar Médio Tejo, EPE","39.478072, -8.5404429",108252.0,27971.0,4422.0,,140645.0
2023-11,2023/11/01,Região de Saúde LVT,"Hospital de Loures, EPE","38.821455, -9.176296",72199.0,28391.0,12922.0,0.0,113512.0
2023-11,2023/11/01,Região de Saúde LVT,"Hospital Professor Doutor Fernando Fonseca, EPE","38.7422257, -9.2264834",160577.0,51710.0,17970.0,,230257.0
2023-12,2023/12/01,Região de Saúde do Alentejo,"Unidade Local de Saúde do Litoral Alentejano, EPE","38.0162314, -8.6956768",97088.0,,,,97088.0
2023-12,2023/12/01,Região de Saúde do Algarve,"Centro Hospitalar Universitário do Algarve,EPE","37.0238973, -7.9281554",287985.0,71406.0,18299.0,0.0,377690.0
2023-12,2023/12/01,Região de Saúde do Centro,"Centro Hospitalar e Universitário de Coimbra, EPE","40.2191523, -8.4098211",182146.0,66076.0,23338.0,,271560.0
2023-12,2023/12/01,Região de Saúde do Centro,"Unidade Local de Saúde da Guarda, EPE","40.5309916, -7.2734793",78478.0,15301.0,4157.0,,97936.0
2023-12,2023/12/01,Região de Saúde LVT,"Centro Hospitalar Médio Tejo, EPE","39.478072, -8.5404429",118499.0,31037.0,4822.0,,154358.0
2023-12,2023/12/01,Região de Saúde LVT,"Hospital Garcia de Orta, EPE","38.6658713, -9.1822554",86413.0,47187.0,16888.0,0.0,150488.0
2023-12,2023/12/01,Região de Saúde Norte,"Hospital da Senhora da Oliveira, Guimarães, EPE","41.4387173, -8.3086907",104151.0,35736.0,11212.0,,151099.0
2023-12,2023/12/01,Região de Saúde Norte,"Unidade Local de Saúde do Nordeste, EPE","41.8056532, -6.7888197",101846.0,,,,101846.0
2024-01,2024/01/01,Região de Saúde LVT,"Unidade Local de Saúde da Arrábida, EPE","38.529351, -8.881073",5433.0,2425.0,515.0,,8373.0
2024-01,2024/01/01,Região de Saúde do Centro,"Unidade Local de Saúde da Região de Aveiro, EPE","40.636332, -8.654388",9435.0,3589.0,470.0,,13494.0
2024-01,2024/01/01,Região de Saúde LVT,"Unidade Local de Saúde de Loures-Odivelas, EPE","38.821769, -9.176301",5471.0,2105.0,1430.0,0.0,9006.0
2024-01,2024/01/01,Região de Saúde Norte,"Unidade Local de Saúde de Trás-os-Montes e Alto Douro, EPE","41.310331, -7.760103",14981.0,2852.0,475.0,,18308.0
2024-01,2024/01/01,Região de Saúde Norte,"Unidade Local de Saúde do Nordeste, EPE","41.802452, -6.768198",8927.0,,,,8927.0
2024-01,2024/01/01,Região de Saúde Norte,"Unidade Local de Saúde do Tâmega e Sousa, EPE","41.1971153671548, -8.0",10812.0,2333.0,956.0,,14101.0
2025-01,2025/01/01,Região de Saúde do Centro,"Unidade Local de Saúde Castelo Branco, EPE","39.822737, -7.499876",4412.0,1477.0,244.0,,6133.0
2025-01,2025/01/01,Região de Saúde Norte,"Unidade Local de Saúde da Póvoa de Varzim/Vila do Conde, EPE","41.383183, -8.758784",5561.0,,,,5561.0
2025-01,2025/01/01,Região de Saúde do Centro,"Unidade Local de Saúde da Região de Leiria, EPE","39.7418, -8.79444",9564.0,2406.0,581.0,,12551.0
2025-01,2025/01/01,Região de Saúde Norte,"Unidade Local de Saúde de Braga, EPE","41.562328338623, -8.3",11339.0,3362.0,943.0,,15644.0
2025-01,2025/01/01,Região de Saúde Norte,"Unidade Local de Saúde de Santo António, EPE","41.147283, -8.619536",9888.0,,1303.0,,11191.0
2025-01,2025/01/01,Região de Saúde LVT,"Unidade Local de Saúde de São José, EPE","38.7169, -9.13654",10440.0,6548.0,1609.0,428.0,19025.0
2025-01,2025/01/01,Região de Saúde do Algarve,"Unidade Local de Saúde do Algarve, EPE","37.024668, -7.928949",23862.0,6775.0,1042.0,0.0,31679.0
2025-01,2025/01/01,Região de Saúde Norte,"Unidade Local de Saúde do Alto Ave, EPE","41.488574, -8.338685",8026.0,2426.0,810.0,,11262.0
2025-01,2025/01/01,Região de Saúde LVT,"Unidade Local de Saúde do Médio Tejo, EPE","39.605565, -8.404399",9938.0,2790.0,258.0,,12986.0
2026-01,2026/01/01,Região de Saúde Norte,"Unidade Local de Saúde da Póvoa de Varzim/Vila do Conde, EPE","41.383183, -8.758784",5037.0,,,,5037.0
2026-01,2026/01/01,Região de Saúde Norte,"Unidade Local de Saúde de Barcelos/Esposende, EPE","41.533438, -8.616604",4032.0,714.0,,,4746.0
2026-01,2026/01/01,Região de Saúde LVT,"Unidade Local de Saúde de Lisboa Ocidental, EPE","38.7084, -9.21711",7320.0,1979.0,1090.0,0.0,10389.0
2026-01,2026/01/01,Região de Saúde LVT,"Unidade Local de Saúde de Loures-Odivelas, EPE","38.821769, -9.176301",4900.0,1850.0,1256.0,0.0,8006.0
2026-01,2026/01/01,Região de Saúde Norte,"Unidade Local de Saúde de Santo António, EPE","41.147283, -8.619536",9609.0,,1351.0,,10960.0
2026-01,2026/01/01,Região de Saúde LVT,"Unidade Local de Saúde de São José, EPE","38.7169, -9.13654",10781.0,5280.0,1438.0,458.0,17957.0
2026-01,2026/01/01,Região de Saúde do Alentejo,"Unidade Local de Saúde do Litoral Alentejano, EPE","38.039936, -8.731693",7127.0,,,,7127.0
2024-02,2024/02/01,Região de Saúde LVT,"Hospital de Cascais, PPP","38.730076, -9.418207",12346.0,7610.0,2642.0,136.0,22734.0
2024-02,2024/02/01,Região de Saúde do Centro,"Unidade Local de Saúde da Cova da Beira, EPE","40.2776794433594, -7.0",7475.0,2732.0,615.0,42.0,10864.0
2024-02,2024/02/01,Região de Saúde do Centro,"Unidade Local de Saúde da Guarda, EPE","40.5309943471486, -7.0",12559.0,2464.0,656.0,,15679.0
2024-02,2024/02/01,Região de Saúde do Centro,"Unidade Local de Saúde da Região de Leiria, EPE","39.7418, -8.79444",19580.0,5044.0,1532.0,,26156.0
2024-02,2024/02/01,Região de Saúde Norte,"Unidade Local de Saúde de Braga, EPE","41.562328338623, -8.3",23139.0,8502.0,1950.0,,33591.0
2024-02,2024/02/01,Região de Saúde LVT,"Unidade Local de Saúde de Loures-Odivelas, EPE","38.821769, -9.176301",11236.0,4468.0,2733.0,0.0,18437.0
2024-02,2024/02/01,Região de Saúde do Alentejo,"Unidade Local de Saúde do Alentejo Central, EPE","38.568838, -7.903064",7158.0,2344.0,,,9502.0
2024-02,2024/02/01,Região de Saúde Norte,"Unidade Local de Saúde do Alto Ave, EPE","41.488574, -8.338685",15976.0,5798.0,1538.0,,23312.0
2024-02,2024/02/01,Região de Saúde do Alentejo,"Unidade Local de Saúde do Litoral Alentejano, EPE","38.039936, -8.731693",15420.0,,,,15420.0
2025-02,2025/02/01,Região de Saúde do Centro,"Unidade Local de Saúde da Cova da Beira, EPE","40.2776794433594, -7.0",7658.0,3483.0,600.0,70.0,11811.0
2025-02,2025/02/01,Região de Saúde do Centro,"Unidade Local de Saúde da Região de Aveiro, EPE","40.636332, -8.654388",19008.0,6871.0,1114.0,,26993.0
2025-02,2025/02/01,Região de Saúde Norte,"Unidade Local de Saúde de Barcelos/Esposende, EPE","41.533438, -8.616604",8139.0,1567.0,,,9706.0
2025-02,2025/02/01,Região de Saúde do Centro,"Unidade Local de Saúde de Dão-Lafões, EPE","40.6509, -7.91039",21157.0,5306.0,2194.0,,28657.0
2025-02,2025/02/01,Região de Saúde Norte,"Unidade Local de Saúde de Entre Douro e Vouga, EPE","40.9295, -8.54567",21602.0,3747.0,972.0,,26321.0
2025-02,2025/02/01,Região de Saúde Norte,"Unidade Local de Saúde de Vila Nova de Gaia/Espinho, EPE","41.1254463195801, -8.0",20892.0,5969.0,1172.0,,28033.0
2025-02,2025/02/01,Região de Saúde do Centro,"Unidade Local de Saúde do Baixo Mondego, EPE","40.130297609, -8.8606",7586.0,3077.0,,,10663.0
2025-02,2025/02/01,Região de Saúde LVT,"Unidade Local de Saúde do Médio Tejo, EPE","39.605565, -8.404399",18899.0,5223.0,556.0,,24678.0
2026-02,2026/02/01,Região de Saúde LVT,"Unidade Local de Saúde de Amadora/Sintra, EPE","38.7436332060551, -9.0",22396.0,7550.0,2656.0,,32602.0
2026-02,2026/02/01,Região de Saúde LVT,"Unidade Local de Saúde de Loures-Odivelas, EPE","38.821769, -9.176301",9665.0,3862.0,2313.0,0.0,15840.0
2026-02,2026/02/01,Região de Saúde LVT,"Unidade Local de Saúde de Santa Maria, EPE","38.7500648498535, -9.0",17935.0,6438.0,2261.0,,26634.0
2026-02,2026/02/01,Região de Saúde Norte,"Unidade Local de Saúde de Santo António, EPE","41.147283, -8.619536",18622.0,,2530.0,,21152.0
2026-02,2026/02/01,Região de Saúde do Algarve,"Unidade Local de Saúde do Algarve, EPE","37.024668, -7.928949",39823.0,10845.0,2733.0,0.0,53401.0
2024-03,2024/03/01,Região de Saúde do Centro,"Unidade Local de Saúde de Dão-Lafões, EPE","40.6509, -7.91039",26677.0,8766.0,3395.0,,38838.0
2024-03,2024/03/01,Região de Saúde Norte,"Unidade Local de Saúde de Matosinhos, EPE","41.181859, -8.663374",19628.0,,1995.0,,21623.0
2024-03,2024/03/01,Região de Saúde LVT,"Unidade Local de Saúde do Estuário do Tejo, EPE","38.977344, -8.984882",19490.0,12751.0,2074.0,,34315.0
2024-03,2024/03/01,Região de Saúde LVT,"Unidade Local de Saúde do Médio Tejo, EPE","39.605565, -8.404399",27261.0,6924.0,926.0,,35111.0
2025-03,2025/03/01,Região de Saúde do Centro,"Unidade Local de Saúde da Região de Leiria, EPE","39.7418, -8.79444",28757.0,6559.0,1660.0,,36976.0
2025-03,2025/03/01,Região de Saúde do Centro,"Unidade Local de Saúde de Coimbra, EPE","40.217426, -8.410075",43551.0,13447.0,5129.0,,62127.0
2025-03,2025/03/01,Região de Saúde Norte,"Unidade Local de Saúde de Entre Douro e Vouga, EPE","40.9295, -8.54567",36739.0,6295.0,1621.0,,44655.0
2025-03,2025/03/01,Região de Saúde LVT,"Unidade Local de Saúde de Lisboa Ocidental, EPE","38.7084, -9.21711",22881.0,7629.0,3505.0,,34015.0
2025-03,2025/03/01,Região de Saúde Norte,"Unidade Local de Saúde de Matosinhos, EPE","41.181859, -8.663374",18616.0,,2030.0,,20646.0
2025-03,2025/03/01,Região de Saúde Norte,"Unidade Local de Saúde de São João, EPE","41.1833, -8.60193",38837.0,19365.0,3145.0,,61347.0
2025-03,2025/03/01,Região de Saúde LVT,"Unidade Local de Saúde de São José, EPE","38.7169, -9.13654",31584.0,18533.0,4989.0,1336.0,56442.0
2025-03,2025/03/01,Região de Saúde Norte,"Unidade Local de Saúde de Trás-os-Montes e Alto Douro, EPE","41.310331, -7.760103",47050.0,7953.0,1194.0,,56197.0
2025-03,2025/03/01,Região de Saúde do Alentejo,"Unidade Local de Saúde do Litoral Alentejano, EPE","38.039936, -8.731693",22733.0,,,,22733.0
2025-03,2025/03/01,Região de Saúde LVT,"Unidade Local de Saúde do Médio Tejo, EPE","39.605565, -8.404399",28855.0,7674.0,832.0,,37361.0
2025-03,2025/03/01,Região de Saúde LVT,"Unidade Local de Saúde do Oeste, EPE","39.4055519104004, -9.0",25451.0,10240.0,1517.0,,37208.0
2024-04,2024/04/01,Região de Saúde do Centro,"Unidade Local de Saúde da Região de Aveiro, EPE","40.636332, -8.654388",40361.0,16349.0,1955.0,,58665.0
2024-04,2024/04/01,Região de Saúde LVT,"Unidade Local de Saúde de Almada-Seixal, EPE","38.67381, -9.17597",29420.0,13376.0,5600.0,,48396.0
2024-04,2024/04/01,Região de Saúde LVT,"Unidade Local de Saúde de Amadora/Sintra, EPE","38.7436332060551, -9.0",59730.0,16966.0,5630.0,,82326.0
2024-04,2024/04/01,Região de Saúde LVT,"Unidade Local de Saúde de Lisboa Ocidental, EPE","38.7084, -9.21711",29081.0,10885.0,4503.0,,44469.0
2024-04,2024/04/01,Região de Saúde LVT,"Unidade Local de Saúde de Loures-Odivelas, EPE","38.821769, -9.176301",23599.0,9417.0,5542.0,0.0,38558.0
2024-04,2024/04/01,Região de Saúde do Alentejo,"Unidade Local de Saúde do Alto Alentejo, EPE","39.2999, -7.4267",25900.0,3085.0,859.0,,29844.0
2024-04,2024/04/01,Região de Saúde Norte,"Unidade Local de Saúde do Médio Ave, EPE","41.3422317504883, -8.0",28460.0,12169.0,2297.0,0.0,42926.0
2025-04,2025/04/01,Região de Saúde LVT,"Unidade Local de Saúde da Lezíria, EPE","39.232503, -8.715083",24736.0,7971.0,2037.0,,34744.0
2025-04,2025/04/01,Região de Saúde Norte,"Unidade Local de Saúde de Entre Douro e Vouga, EPE","40.9295, -8.54567",48735.0,7945.0,2221.0,,58901.0
2025-04,2025/04/01,Região de Saúde Norte,"Unidade Local de Saúde de Trás-os-Montes e Alto Douro, EPE","41.310331, -7.760103",62123.0,9900.0,1673.0,,73696.0
2025-04,2025/04/01,Região de Saúde Norte,"Unidade Local de Saúde de Vila Nova de Gaia/Espinho, EPE","41.1254463195801, -8.0",42506.0,11722.0,2406.0,,56634.0
2025-04,2025/04/01,Região de Saúde Norte,"Unidade Local de Saúde do Médio Ave, EPE","41.3422317504883, -8.0",25577.0,7700.0,2319.0,,35596.0
2024-05,2024/05/01,Região de Saúde LVT,"Hospital de Cascais, PPP","38.730076, -9.418207",34484.0,21118.0,6790.0,369.0,62761.0
2024-05,2024/05/01,Região de Saúde LVT,"Unidade Local de Saúde da Lezíria, EPE","39.232503, -8.715083",32171.0,13720.0,3181.0,,49072.0
2024-05,2024/05/01,Região de Saúde LVT,"Unidade Local de Saúde de São José, EPE","38.7169, -9.13654",56228.0,36995.0,10592.0,2609.0,106424.0
2024-05,2024/05/01,Região de Saúde Norte,"Unidade Local de Saúde de Trás-os-Montes e Alto Douro, EPE","41.310331, -7.760103",79092.0,14425.0,2329.0,,95846.0
2024-05,2024/05/01,Região de Saúde do Alentejo,"Unidade Local de Saúde do Baixo Alentejo, EPE","38.0146, -7.86863",40172.0,8382.0,1647.0,,50201.0
2024-05,2024/05/01,Região de Saúde do Alentejo,"Unidade Local de Saúde do Litoral Alentejano, EPE","38.039936, -8.731693",42596.0,,,,42596.0
2024-05,2024/05/01,Região de Saúde Norte,"Unidade Local de Saúde do Tâmega e Sousa, EPE","41.1971153671548, -8.0",63026.0,16684.0,5189.0,,84899.0
2025-05,2025/05/01,Região de Saúde LVT,"Unidade Local de Saúde da Lezíria, EPE","39.232503, -8.715083",31327.0,9573.0,2632.0,,43532.0
2025-05,2025/05/01,Região de Saúde do Centro,"Unidade Local de Saúde da Região de Aveiro, EPE","40.636332, -8.654388",48719.0,15905.0,2824.0,,67448.0
2025-05,2025/05/01,Região de Saúde do Centro,"Unidade Local de Saúde de Coimbra, EPE","40.217426, -8.410075",72768.0,21188.0,8604.0,,102560.0
2025-05,2025/05/01,Região de Saúde LVT,"Unidade Local de Saúde de Loures-Odivelas, EPE","38.821769, -9.176301",27476.0,8970.0,5501.0,0.0,41947.0
2025-05,2025/05/01,Região de Saúde Norte,"Unidade Local de Saúde de Trás-os-Montes e Alto Douro, EPE","41.310331, -7.760103",77893.0,12191.0,2158.0,,92242.0
2024-06,2024/06/01,Região de Saúde do Centro,"Unidade Local de Saúde da Região de Leiria, EPE","39.7418, -8.79444",61782.0,14375.0,4589.0,,80746.0
2024-06,2024/06/01,Região de Saúde LVT,"Unidade Local de Saúde de Lisboa Ocidental, EPE","38.7084, -9.21711",44901.0,16234.0,6483.0,,67618.0
2024-06,2024/06/01,Região de Saúde Norte,"Unidade Local de Saúde de Matosinhos, EPE","41.181859, -8.663374",41316.0,,4334.0,,45650.0
2024-06,2024/06/01,Região de Saúde Norte,"Unidade Local de Saúde de São João, EPE","41.1833, -8.60193",85412.0,43212.0,6361.0,0.0,134985.0
2024-06,2024/06/01,Região de Saúde Norte,"Unidade Local de Saúde de Trás-os-Montes e Alto Douro, EPE","41.310331, -7.760103",96366.0,17034.0,2729.0,,116129.0
2024-06,2024/06/01,Região de Saúde LVT,"Unidade Local de Saúde do Arco Ribeirinho, EPE","38.6527214050293, -9.0",58138.0,11117.0,3745.0,0.0,73000.0
2024-06,2024/06/01,Região de Saúde do Alentejo,"Unidade Local de Saúde do Baixo Alentejo, EPE","38.0146, -7.86863",48224.0,10011.0,2017.0,,60252.0
2024-06,2024/06/01,Região de Saúde LVT,"Unidade Local de Saúde do Médio Tejo, EPE","39.605565, -8.404399",58821.0,14510.0,2040.0,,75371.0
2024-06,2024/06/01,Região de Saúde Norte,"Unidade Local de Saúde do Tâmega e Sousa, EPE","41.1971153671548, -8.0",76536.0,20097.0,6335.0,,102968.0
2025-06,2025/06/01,Região de Saúde do Centro,"Unidade Local de Saúde Castelo Branco, EPE","39.822737, -7.499876",25022.0,7356.0,1168.0,196.0,33742.0
2025-06,2025/06/01,Região de Saúde LVT,"Unidade Local de Saúde da Arrábida, EPE","38.529351, -8.881073",40485.0,16959.0,2453.0,,59897.0
2025-06,2025/06/01,Região de Saúde LVT,"Unidade Local de Saúde de Almada-Seixal, EPE","38.67381, -9.17597",42272.0,15752.0,5424.0,,63448.0
2025-06,2025/06/01,Região de Saúde Norte,"Unidade Local de Saúde de Braga, EPE","41.562328338623, -8.3",70529.0,20484.0,5617.0,,96630.0
2025-06,2025/06/01,Região de Saúde do Centro,"Unidade Local de Saúde de Dão-Lafões, EPE","40.6509, -7.91039",65000.0,13761.0,6720.0,,85481.0
2025-06,2025/06/01,Região de Saúde Norte,"Unidade Local de Saúde de São João, EPE","41.1833, -8.60193",79394.0,36788.0,6431.0,,122613.0
2025-06,2025/06/01,Região de Saúde do Alentejo,"Unidade Local de Saúde do Baixo Alentejo, EPE","38.0146, -7.86863",46029.0,8909.0,2110.0,,57048.0
2025-06,2025/06/01,Região de Saúde LVT,"Unidade Local de Saúde do Oeste, EPE","39.4055519104004, -9.0",50723.0,18477.0,3387.0,,72587.0
2024-07,2024/07/01,Região de Saúde LVT,"Hospital de Cascais, PPP","38.730076, -9.418207",48829.0,28379.0,9569.0,503.0,87280.0
2024-07,2024/07/01,Região de Saúde LVT,"Unidade Local de Saúde da Arrábida, EPE","38.529351, -8.881073",42557.0,18640.0,4361.0,,65558.0
2024-07,2024/07/01,Região de Saúde do Centro,"Unidade Local de Saúde da Guarda, EPE","40.5309943471486, -7.0",47919.0,9885.0,2337.0,,60141.0
2024-07,2024/07/01,Região de Saúde do Centro,"Unidade Local de Saúde da Região de Leiria, EPE","39.7418, -8.79444",72382.0,15944.0,5295.0,,93621.0
2024-07,2024/07/01,Região de Saúde LVT,"Unidade Local de Saúde de Amadora/Sintra, EPE","38.7436332060551, -9.0",106511.0,30237.0,10487.0,,147235.0
2024-07,2024/07/01,Região de Saúde Norte,"Unidade Local de Saúde de Entre Douro e Vouga, EPE","40.9295, -8.54567",97019.0,18673.0,4287.0,,119979.0
2024-07,2024/07/01,Região de Saúde LVT,"Unidade Local de Saúde de Lisboa Ocidental, EPE","38.7084, -9.21711",52616.0,18370.0,7585.0,,78571.0
2024-07,2024/07/01,Região de Saúde LVT,"Unidade Local de Saúde de Loures-Odivelas, EPE","38.821769, -9.176301",42200.0,15150.0,8988.0,0.0,66338.0
2024-07,2024/07/01,Região de Saúde Norte,"Unidade Local de Saúde de Matosinhos, EPE","41.181859, -8.663374",48603.0,,5138.0,,53741.0
2024-07,2024/07/01,Região de Saúde do Alentejo,"Unidade Local de Saúde do Alto Alentejo, EPE","39.2999, -7.4267",47243.0,5461.0,1607.0,0.0,54311.0
2024-07,2024/07/01,Região de Saúde Norte,"Unidade Local de Saúde do Alto Ave, EPE","41.488574, -8.338685",60856.0,22899.0,5997.0,,89752.0
2024-07,2024/07/01,Região de Saúde LVT,"Unidade Local de Saúde do Arco Ribeirinho, EPE","38.6527214050293, -9.0",67767.0,12274.0,4200.0,0.0,84241.0
2025-07,2025/07/01,Região de Saúde LVT,"Hospital de Cascais, PPP","38.730076, -9.418207",50324.0,22893.0,8210.0,494.0,81921.0
2025-07,2025/07/01,Região de Saúde LVT,"Unidade Local de Saúde da Lezíria, EPE","39.232503, -8.715083",43983.0,12523.0,3575.0,,60081.0
2025-07,2025/07/01,Região de Saúde do Centro,"Unidade Local de Saúde da Região de Aveiro, EPE","40.636332, -8.654388",69461.0,21196.0,3809.0,,94466.0
2025-07,2025/07/01,Região de Saúde LVT,"Unidade Local de Saúde de Santa Maria, EPE","38.7500648498535, -9.0",72097.0,24733.0,9440.0,,106270.0
2025-07,2025/07/01,Região de Saúde Norte,"Unidade Local de Saúde de São João, EPE","41.1833, -8.60193",93829.0,42055.0,7600.0,,143484.0
2025-07,2025/07/01,Região de Saúde do Alentejo,"Unidade Local de Saúde do Alentejo Central, EPE","38.568838, -7.903064",30178.0,9155.0,,,39333.0
2025-07,2025/07/01,Região de Saúde do Algarve,"Unidade Local de Saúde do Algarve, EPE","37.024668, -7.928949",168709.0,40715.0,7805.0,0.0,217229.0
2025-07,2025/07/01,Região de Saúde Norte,"Unidade Local de Saúde do Nordeste, EPE","41.802452, -6.768198",58061.0,,,,58061.0
2024-08,2024/08/01,Região de Saúde do Centro,"Unidade Local de Saúde Castelo Branco, EPE","39.822737, -7.499876",36585.0,11509.0,1560.0,,49654.0
2024-08,2024/08/01,Região de Saúde LVT,"Unidade Local de Saúde da Arrábida, EPE","38.529351, -8.881073",49011.0,20419.0,4838.0,,74268.0
2024-08,2024/08/01,Região de Saúde do Centro,"Unidade Local de Saúde da Cova da Beira, EPE","40.2776794433594, -7.0",33753.0,11626.0,2707.0,278.0,48364.0
2024-08,2024/08/01,Região de Saúde LVT,"Unidade Local de Saúde da Lezíria, EPE","39.232503, -8.715083",51684.0,20378.0,5087.0,,77149.0
2024-08,2024/08/01,Região de Saúde do Centro,"Unidade Local de Saúde da Região de Leiria, EPE","39.7418, -8.79444",82828.0,17282.0,5735.0,,105845.0
2024-08,2024/08/01,Região de Saúde LVT,"Unidade Local de Saúde de Almada-Seixal, EPE","38.67381, -9.17597",61931.0,25867.0,9108.0,,96906.0
2024-08,2024/08/01,Região de Saúde LVT,"Unidade Local de Saúde de Amadora/Sintra, EPE","38.7436332060551, -9.0",121484.0,33416.0,12060.0,,166960.0
2024-08,2024/08/01,Região de Saúde Norte,"Unidade Local de Saúde de Barcelos/Esposende, EPE","41.533438, -8.616604",35753.0,9647.0,,,45400.0
2024-08,2024/08/01,Região de Saúde Norte,"Unidade Local de Saúde de Braga, EPE","41.562328338623, -8.3",102985.0,32865.0,7697.0,,143547.0
2024-08,2024/08/01,Região de Saúde Norte,"Unidade Local de Saúde de Entre Douro e Vouga, EPE","40.9295, -8.54567",109547.0,20164.0,4899.0,,134610.0
2024-08,2024/08/01,Região de Saúde Norte,"Unidade Local de Saúde de Matosinhos, EPE","41.181859, -8.663374",55500.0,,5951.0,,61451.0
2024-08,2024/08/01,Região de Saúde Norte,"Unidade Local de Saúde de Trás-os-Montes e Alto Douro, EPE","41.310331, -7.760103",133701.0,21552.0,3651.0,,158904.0
2024-08,2024/08/01,Região de Saúde do Algarve,"Unidade Local de Saúde do Algarve, EPE","37.024668, -7.928949",198771.0,50191.0,11112.0,0.0,260074.0
2024-08,2024/08/01,Região de Saúde LVT,"Unidade Local de Saúde do Estuário do Tejo, EPE","38.977344, -8.984882",55169.0,31189.0,5274.0,,91632.0
2025-08,2025/08/01,Região de Saúde LVT,"Unidade Local de Saúde de Amadora/Sintra, EPE","38.7436332060551, -9.0",104450.0,30737.0,10802.0,,145989.0
2025-08,2025/08/01,Região de Saúde Norte,"Unidade Local de Saúde de Entre Douro e Vouga, EPE","40.9295, -8.54567",97781.0,13769.0,4905.0,,116455.0
2025-08,2025/08/01,Região de Saúde Norte,"Unidade Local de Saúde de São João, EPE","41.1833, -8.60193",108388.0,46733.0,8774.0,,163895.0
2025-08,2025/08/01,Região de Saúde LVT,"Unidade Local de Saúde de São José, EPE","38.7169, -9.13654",87760.0,45018.0,13998.0,3902.0,150678.0
2025-08,2025/08/01,Região de Saúde Norte,"Unidade Local de Saúde do Alto Ave, EPE","41.488574, -8.338685",66997.0,17313.0,7046.0,,91356.0
2025-08,2025/08/01,Região de Saúde do Centro,"Unidade Local de Saúde do Baixo Mondego, EPE","40.130297609, -8.8606",33020.0,10269.0,,,43289.0
2025-08,2025/08/01,Região de Saúde LVT,"Unidade Local de Saúde do Oeste, EPE","39.4055519104004, -9.0",69111.0,23222.0,4679.0,,97012.0
2024-09,2024/09/01,Região de Saúde LVT,"Hospital de Cascais, PPP","38.730076, -9.418207",63098.0,34580.0,12518.0,636.0,110832.0
2024-09,2024/09/01,Região de Saúde do Centro,"Unidade Local de Saúde da Região de Aveiro, EPE","40.636332, -8.654388",93569.0,34171.0,4853.0,,132593.0
2024-09,2024/09/01,Região de Saúde do Centro,"Unidade Local de Saúde da Região de Leiria, EPE","39.7418, -8.79444",92561.0,18773.0,6387.0,,117721.0
2024-09,2024/09/01,Região de Saúde LVT,"Unidade Local de Saúde de Amadora/Sintra, EPE","38.7436332060551, -9.0",136707.0,36999.0,13744.0,,187450.0
2024-09,2024/09/01,Região de Saúde Norte,"Unidade Local de Saúde de Barcelos/Esposende, EPE","41.533438, -8.616604",39909.0,10328.0,,,50237.0
2024-09,2024/09/01,Região de Saúde Norte,"Unidade Local de Saúde de Braga, EPE","41.562328338623, -8.3",114940.0,36049.0,8602.0,,159591.0
2024-09,2024/09/01,Região de Saúde do Centro,"Unidade Local de Saúde de Coimbra, EPE","40.217426, -8.410075",151903.0,50544.0,17747.0,,220194.0
2024-09,2024/09/01,Região de Saúde Norte,"Unidade Local de Saúde de São João, EPE","41.1833, -8.60193",129103.0,59588.0,9593.0,,198284.0
2024-09,2024/09/01,Região de Saúde LVT,"Unidade Local de Saúde de São José, EPE","38.7169, -9.13654",102580.0,61019.0,18508.0,4754.0,186861.0
2024-09,2024/09/01,Região de Saúde do Algarve,"Unidade Local de Saúde do Algarve, EPE","37.024668, -7.928949",223081.0,55000.0,12586.0,0.0,290667.0
2024-09,2024/09/01,Região de Saúde do Centro,"Unidade Local de Saúde do Baixo Mondego, EPE","40.130297609, -8.8606",38985.0,14925.0,,,53910.0
2024-09,2024/09/01,Região de Saúde LVT,"Unidade Local de Saúde do Estuário do Tejo, EPE","38.977344, -8.984882",61916.0,34475.0,6072.0,,102463.0
2025-09,2025/09/01,Região de Saúde LVT,"Unidade Local de Saúde da Arrábida, EPE","38.529351, -8.881073",62039.0,23686.0,4308.0,,90033.0
2025-09,2025/09/01,Região de Saúde do Centro,"Unidade Local de Saúde da Cova da Beira, EPE","40.2776794433594, -7.0",36469.0,11043.0,2808.0,534.0,50854.0
2025-09,2025/09/01,Região de Saúde LVT,"Unidade Local de Saúde de Amadora/Sintra, EPE","38.7436332060551, -9.0",116866.0,34480.0,12177.0,,163523.0
2025-09,2025/09/01,Região de Saúde LVT,"Unidade Local de Saúde de Loures-Odivelas, EPE","38.821769, -9.176301",49083.0,14445.0,10646.0,0.0,74174.0
2025-09,2025/09/01,Região de Saúde Norte,"Unidade Local de Saúde de Matosinhos, EPE","41.181859, -8.663374",57037.0,,6622.0,,63659.0
2025-09,2025/09/01,Região de Saúde Norte,"Unidade Local de Saúde de São João, EPE","41.1833, -8.60193",121928.0,52310.0,9898.0,0.0,184136.0
2025-09,2025/09/01,Região de Saúde do Alentejo,"Unidade Local de Saúde do Alto Alentejo, EPE","39.2999, -7.4267",57581.0,6259.0,2027.0,0.0,65867.0
2025-09,2025/09/01,Região de Saúde Norte,"Unidade Local de Saúde do Alto Ave, EPE","41.488574, -8.338685",75426.0,19460.0,7988.0,,102874.0
2025-09,2025/09/01,Região de Saúde Norte,"Unidade Local de Saúde do Alto Minho, EPE","41.697519, -8.832517",90480.0,14683.0,5011.0,,110174.0
2025-09,2025/09/01,Região de Saúde Norte,"Unidade Local de Saúde do Nordeste, EPE","41.802452, -6.768198",75579.0,,,,75579.0
2025-09,2025/09/01,Região de Saúde LVT,"Unidade Local de Saúde do Oeste, EPE","39.4055519104004, -9.0",77739.0,25892.0,5343.0,,108974.0
2025-09,2025/09/01,Região de Saúde Norte,"Unidade Local de Saúde do Tâmega e Sousa, EPE","41.1971153671548, -8.0",130558.0,21018.0,9327.0,,160903.0
2024-10,2024/10/01,Região de Saúde do Centro,"Unidade Local de Saúde da Guarda, EPE","40.5309943471486, -7.0",68761.0,13480.0,3310.0,,85551.0
2024-10,2024/10/01,Região de Saúde Norte,"Unidade Local de Saúde de Braga, EPE","41.562328338623, -8.3",127532.0,40229.0,9627.0,,177388.0
2024-10,2024/10/01,Região de Saúde do Centro,"Unidade Local de Saúde de Coimbra, EPE","40.217426, -8.410075",169081.0,56510.0,19659.0,,245250.0
2024-10,2024/10/01,Região de Saúde LVT,"Unidade Local de Saúde de Lisboa Ocidental, EPE","38.7084, -9.21711",75557.0,24995.0,10300.0,,110852.0
2024-10,2024/10/01,Região de Saúde Norte,"Unidade Local de Saúde de Santo António, EPE","41.147283, -8.619536",106448.0,,16978.0,,123426.0
2024-10,2024/10/01,Região de Saúde do Algarve,"Unidade Local de Saúde do Algarve, EPE","37.024668, -7.928949",246637.0,60885.0,14306.0,0.0,321828.0
2024-10,2024/10/01,Região de Saúde do Centro,"Unidade Local de Saúde do Baixo Mondego, EPE","40.130297609, -8.8606",43118.0,16615.0,,,59733.0
2024-10,2024/10/01,Região de Saúde LVT,"Unidade Local de Saúde do Estuário do Tejo, EPE","38.977344, -8.984882",69150.0,39095.0,6803.0,,115048.0
2024-10,2024/10/01,Região de Saúde do Alentejo,"Unidade Local de Saúde do Litoral Alentejano, EPE","38.039936, -8.731693",86470.0,,,,86470.0
2024-10,2024/10/01,Região de Saúde LVT,"Unidade Local de Saúde do Oeste, EPE","39.4055519104004, -9.0",99809.0,41571.0,5435.0,,146815.0
2025-10,2025/10/01,Região de Saúde do Centro,"Unidade Local de Saúde Castelo Branco, EPE","39.822737, -7.499876",42264.0,11730.0,2062.0,346.0,56402.0
2025-10,2025/10/01,Região de Saúde do Centro,"Unidade Local de Saúde da Guarda, EPE","40.5309943471486, -7.0",66233.0,12243.0,3471.0,,81947.0
2025-10,2025/10/01,Região de Saúde do Centro,"Unidade Local de Saúde da Região de Aveiro, EPE","40.636332, -8.654388",99361.0,29697.0,5068.0,,134126.0
2025-10,2025/10/01,Região de Saúde do Centro,"Unidade Local de Saúde de Dão-Lafões, EPE","40.6509, -7.91039",110805.0,21756.0,11663.0,,144224.0
2025-10,2025/10/01,Região de Saúde Norte,"Unidade Local de Saúde de Trás-os-Montes e Alto Douro, EPE","41.310331, -7.760103",160956.0,22259.0,4649.0,,187864.0
2025-10,2025/10/01,Região de Saúde do Alentejo,"Unidade Local de Saúde do Alentejo Central, EPE","38.568838, -7.903064",42987.0,13132.0,,,56119.0
2025-10,2025/10/01,Região de Saúde do Alentejo,"Unidade Local de Saúde do Alto Alentejo, EPE","39.2999, -7.4267",64179.0,7051.0,2244.0,0.0,73474.0
2025-10,2025/10/01,Região de Saúde Norte,"Unidade Local de Saúde do Alto Ave, EPE","41.488574, -8.338685",84389.0,22176.0,8955.0,,115520.0
2025-10,2025/10/01,Região de Saúde Norte,"Unidade Local de Saúde do Alto Minho, EPE","41.697519, -8.832517",100396.0,16646.0,5660.0,,122702.0
2025-10,2025/10/01,Região de Saúde LVT,"Unidade Local de Saúde do Estuário do Tejo, EPE","38.977344, -8.984882",59010.0,17552.0,3824.0,,80386.0
2025-10,2025/10/01,Região de Saúde Norte,"Unidade Local de Saúde do Médio Ave, EPE","41.3422317504883, -8.0",64929.0,18094.0,6106.0,,89129.0
2025-10,2025/10/01,Região de Saúde LVT,"Unidade Local de Saúde do Oeste, EPE","39.4055519104004, -9.0",86768.0,29088.0,5905.0,,121761.0
2024-11,2024/11/01,Região de Saúde LVT,"Unidade Local de Saúde da Lezíria, EPE","39.232503, -8.715083",70707.0,26981.0,6861.0,,104549.0
2024-11,2024/11/01,Região de Saúde do Centro,"Unidade Local de Saúde da Região de Aveiro, EPE","40.636332, -8.654388",113884.0,42825.0,6064.0,,162773.0
2024-11,2024/11/01,Região de Saúde Norte,"Unidade Local de Saúde de Matosinhos, EPE","41.181859, -8.663374",76255.0,,8221.0,,84476.0
2024-11,2024/11/01,Região de Saúde LVT,"Unidade Local de Saúde de Santa Maria, EPE","38.7500648498535, -9.0",127152.0,44944.0,7553.0,,179649.0
2024-11,2024/11/01,Região de Saúde do Alentejo,"Unidade Local de Saúde do Alto Alentejo, EPE","39.2999, -7.4267",73131.0,8478.0,2532.0,,84141.0
2025-11,2025/11/01,Região de Saúde LVT,"Unidade Local de Saúde da Lezíria, EPE","39.232503, -8.715083",69368.0,19342.0,5363.0,,94073.0
2025-11,2025/11/01,Região de Saúde do Centro,"Unidade Local de Saúde da Região de Leiria, EPE","39.7418, -8.79444",109573.0,20602.0,6670.0,,136845.0
2025-11,2025/11/01,Região de Saúde Norte,"Unidade Local de Saúde de Barcelos/Esposende, EPE","41.533438, -8.616604",48085.0,7699.0,,,55784.0
2025-11,2025/11/01,Região de Saúde do Centro,"Unidade Local de Saúde de Dão-Lafões, EPE","40.6509, -7.91039",121541.0,24349.0,12759.0,,158649.0
2025-11,2025/11/01,Região de Saúde Norte,"Unidade Local de Saúde de São João, EPE","41.1833, -8.60193",148901.0,66970.0,11966.0,0.0,227837.0
2025-11,2025/11/01,Região de Saúde do Algarve,"Unidade Local de Saúde do Algarve, EPE","37.024668, -7.928949",264330.0,63886.0,16837.0,0.0,345053.0
2025-11,2025/11/01,Região de Saúde LVT,"Unidade Local de Saúde do Arco Ribeirinho, EPE","38.6527214050293, -9.0",95499.0,24143.0,5065.0,0.0,124707.0
2025-11,2025/11/01,Região de Saúde do Alentejo,"Unidade Local de Saúde do Litoral Alentejano, EPE","38.039936, -8.731693",83714.0,,,,83714.0
2025-11,2025/11/01,Região de Saúde LVT,"Unidade Local de Saúde do Médio Tejo, EPE","39.605565, -8.404399",108261.0,24927.0,3369.0,,136557.0
2024-12,2024/12/01,Região de Saúde do Centro,"Unidade Local de Saúde da Guarda, EPE","40.5309943471486, -7.0",82015.0,16456.0,3973.0,,102444.0
2024-12,2024/12/01,Região de Saúde do Centro,"Unidade Local de Saúde da Região de Leiria, EPE","39.7418, -8.79444",122168.0,24684.0,8280.0,,155132.0
2024-12,2024/12/01,Região de Saúde LVT,"Unidade Local de Saúde de Amadora/Sintra, EPE","38.7436332060551, -9.0",181997.0,52557.0,18521.0,,253075.0
2024-12,2024/12/01,Região de Saúde LVT,"Unidade Local de Saúde de Loures-Odivelas, EPE","38.821769, -9.176301",71102.0,25125.0,14154.0,0.0,110381.0
2024-12,2024/12/01,Região de Saúde Norte,"Unidade Local de Saúde de Santo António, EPE","41.147283, -8.619536",126757.0,,20048.0,,146805.0
2024-12,2024/12/01,Região de Saúde LVT,"Unidade Local de Saúde de São José, EPE","38.7169, -9.13654",137146.0,83743.0,24206.0,6231.0,251326.0
2024-12,2024/12/01,Região de Saúde Norte,"Unidade Local de Saúde de Trás-os-Montes e Alto Douro, EPE","41.310331, -7.760103",194944.0,32103.0,5385.0,,232432.0
2024-12,2024/12/01,Região de Saúde Norte,"Unidade Local de Saúde de Vila Nova de Gaia/Espinho, EPE","41.1254463195801, -8.0",133701.0,40712.0,8091.0,,182504.0
2024-12,2024/12/01,Região de Saúde do Alentejo,"Unidade Local de Saúde do Alto Alentejo, EPE","39.2999, -7.4267",79826.0,9400.0,2749.0,,91975.0
2024-12,2024/12/01,Região de Saúde Norte,"Unidade Local de Saúde do Médio Ave, EPE","41.3422317504883, -8.0",86300.0,32923.0,7264.0,,126487.0
2025-12,2025/12/01,Região de Saúde do Centro,"Unidade Local de Saúde da Guarda, EPE","40.5309943471486, -7.0",79896.0,15149.0,4195.0,,99240.0
2025-12,2025/12/01,Região de Saúde Norte,"Unidade Local de Saúde da Póvoa de Varzim/Vila do Conde, EPE","41.383183, -8.758784",64652.0,,,,64652.0
2025-12,2025/12/01,Região de Saúde Norte,"Unidade Local de Saúde de Barcelos/Esposende, EPE","41.533438, -8.616604",52492.0,8795.0,,,61287.0
2025-12,2025/12/01,Região de Saúde do Centro,"Unidade Local de Saúde de Dão-Lafões, EPE","40.6509, -7.91039",133572.0,27304.0,13857.0,,174733.0
2025-12,2025/12/01,Região de Saúde LVT,"Unidade Local de Saúde de Lisboa Ocidental, EPE","38.7084, -9.21711",92585.0,25949.0,13797.0,0.0,132331.0
2025-12,2025/12/01,Região de Saúde LVT,"Unidade Local de Saúde de Santa Maria, EPE","38.7500648498535, -9.0",120829.0,42661.0,16552.0,,180042.0
2025-12,2025/12/01,Região de Saúde Norte,"Unidade Local de Saúde de Santo António, EPE","41.147283, -8.619536",123741.0,,15818.0,,139559.0
2025-12,2025/12/01,Região de Saúde do Alentejo,"Unidade Local de Saúde do Alto Alentejo, EPE","39.2999, -7.4267",76442.0,8617.0,2718.0,0.0,87777.0
2025-12,2025/12/01,Região de Saúde Norte,"Unidade Local de Saúde do Alto Ave, EPE","41.488574, -8.338685",100616.0,28706.0,10761.0,,140083.0
2025-12,2025/12/01,Região de Saúde do Alentejo,"Unidade Local de Saúde do Litoral Alentejano, EPE","38.039936, -8.731693",91838.0,,,,91838.0
2024-01,2024/01/01,Região de Saúde do Centro,"Unidade Local de Saúde Castelo Branco, EPE","39.822737, -7.499876",4252.0,1445.0,188.0,,5885.0
2024-01,2024/01/01,Região de Saúde do Centro,"Unidade Local de Saúde da Cova da Beira, EPE","40.2776794433594, -7.0",3895.0,1443.0,295.0,42.0,5675.0
2024-01,2024/01/01,Região de Saúde Norte,"Unidade Local de Saúde de Barcelos/Esposende, EPE","41.533438, -8.616604",4162.0,1137.0,,,5299.0
2024-01,2024/01/01,Região de Saúde Norte,"Unidade Local de Saúde de Braga, EPE","41.562328338623, -8.3",11752.0,4087.0,998.0,,16837.0
2024-01,2024/01/01,Região de Saúde do Centro,"Unidade Local de Saúde de Coimbra, EPE","40.217426, -8.410075",15443.0,5504.0,1924.0,,22871.0
2024-01,2024/01/01,Região de Saúde LVT,"Unidade Local de Saúde de Santa Maria, EPE","38.7500648498535, -9.0",9577.0,3752.0,53.0,,13382.0
2024-01,2024/01/01,Região de Saúde Norte,"Unidade Local de Saúde de São João, EPE","41.1833, -8.60193",12743.0,6129.0,1006.0,,19878.0
2024-01,2024/01/01,Região de Saúde Norte,"Unidade Local de Saúde de Vila Nova de Gaia/Espinho, EPE","41.1254463195801, -8.0",10281.0,3224.0,662.0,,14167.0
2024-01,2024/01/01,Região de Saúde do Algarve,"Unidade Local de Saúde do Algarve, EPE","37.024668, -7.928949",21938.0,5514.0,1432.0,0.0,28884.0
2024-01,2024/01/01,Região de Saúde Norte,"Unidade Local de Saúde do Alto Ave, EPE","41.488574, -8.338685",8050.0,2692.0,806.0,,11548.0
2024-01,2024/01/01,Região de Saúde Norte,"Unidade Local de Saúde do Alto Minho, EPE","41.697519, -8.832517",11259.0,1696.0,536.0,,13491.0
2024-01,2024/01/01,Região de Saúde LVT,"Unidade Local de Saúde do Estuário do Tejo, EPE","38.977344, -8.984882",6264.0,3721.0,690.0,,10675.0
2024-01,2024/01/01,Região de Saúde LVT,"Unidade Local de Saúde do Oeste, EPE","39.4055519104004, -9.0",9407.0,3804.0,506.0,,13717.0
2025-01,2025/01/01,Região de Saúde LVT,"Unidade Local de Saúde de Amadora/Sintra, EPE","38.7436332060551, -9.0",14975.0,4655.0,1395.0,,21025.0
2025-01,2025/01/01,Região de Saúde LVT,"Unidade Local de Saúde de Santa Maria, EPE","38.7500648498535, -9.0",9687.0,3786.0,1153.0,,14626.0
2025-01,2025/01/01,Região de Saúde LVT,"Unidade Local de Saúde do Oeste, EPE","39.4055519104004, -9.0",8378.0,3340.0,502.0,,12220.0
2026-01,2026/01/01,Região de Saúde LVT,"Hospital de Cascais, PPP","38.730076, -9.418207",6396.0,2744.0,1053.0,64.0,10257.0
2026-01,2026/01/01,Região de Saúde LVT,"Unidade Local de Saúde de Almada-Seixal, EPE","38.67381, -9.17597",6755.0,2428.0,1630.0,,10813.0
2026-01,2026/01/01,Região de Saúde do Centro,"Unidade Local de Saúde de Coimbra, EPE","40.217426, -8.410075",13315.0,3973.0,1644.0,,18932.0
2026-01,2026/01/01,Região de Saúde LVT,"Unidade Local de Saúde de Santa Maria, EPE","38.7500648498535, -9.0",9125.0,3281.0,1151.0,,13557.0
2026-01,2026/01/01,Região de Saúde Norte,"Unidade Local de Saúde de Vila Nova de Gaia/Espinho, EPE","41.1254463195801, -8.0",9756.0,2421.0,687.0,,12864.0
2026-01,2026/01/01,Região de Saúde do Alentejo,"Unidade Local de Saúde do Alentejo Central, EPE","38.568838, -7.903064",4085.0,1487.0,,,5572.0
2026-01,2026/01/01,Região de Saúde do Alentejo,"Unidade Local de Saúde do Baixo Alentejo, EPE","38.0146, -7.86863",7166.0,1438.0,361.0,,8965.0
2026-01,2026/01/01,Região de Saúde do Centro,"Unidade Local de Saúde do Baixo Mondego, EPE","40.130297609, -8.8606",3453.0,1204.0,,,4657.0
2026-01,2026/01/01,Região de Saúde LVT,"Unidade Local de Saúde do Médio Tejo, EPE","39.605565, -8.404399",9183.0,2348.0,329.0,,11860.0
2026-01,2026/01/01,Região de Saúde Norte,"Unidade Local de Saúde do Nordeste, EPE","41.802452, -6.768198",8877.0,,,,8877.0
2024-02,2024/02/01,Região de Saúde LVT,"Unidade Local de Saúde da Arrábida, EPE","38.529351, -8.881073",10833.0,4853.0,1145.0,,16831.0
2024-02,2024/02/01,Região de Saúde LVT,"Unidade Local de Saúde de Almada-Seixal, EPE","38.67381, -9.17597",13877.0,6078.0,2750.0,,22705.0
2024-02,2024/02/01,Região de Saúde do Centro,"Unidade Local de Saúde de Coimbra, EPE","40.217426, -8.410075",31147.0,11059.0,3757.0,,45963.0
2024-02,2024/02/01,Região de Saúde LVT,"Unidade Local de Saúde de Santa Maria, EPE","38.7500648498535, -9.0",20092.0,7690.0,148.0,,27930.0
2024-02,2024/02/01,Região de Saúde Norte,"Unidade Local de Saúde de Santo António, EPE","41.147283, -8.619536",19273.0,,3200.0,,22473.0
2024-02,2024/02/01,Região de Saúde Norte,"Unidade Local de Saúde de Trás-os-Montes e Alto Douro, EPE","41.310331, -7.760103",29116.0,5387.0,924.0,,35427.0
2024-02,2024/02/01,Região de Saúde Norte,"Unidade Local de Saúde de Vila Nova de Gaia/Espinho, EPE","41.1254463195801, -8.0",20459.0,6874.0,1318.0,,28651.0
2024-02,2024/02/01,Região de Saúde Norte,"Unidade Local de Saúde do Tâmega e Sousa, EPE","41.1971153671548, -8.0",22394.0,5425.0,1927.0,,29746.0
2025-02,2025/02/01,Região de Saúde LVT,"Unidade Local de Saúde de Santa Maria, EPE","38.7500648498535, -9.0",18961.0,7440.0,2441.0,,28842.0
2025-02,2025/02/01,Região de Saúde Norte,"Unidade Local de Saúde de São João, EPE","41.1833, -8.60193",25335.0,13211.0,2097.0,,40643.0
2025-02,2025/02/01,Região de Saúde do Alentejo,"Unidade Local de Saúde do Alto Alentejo, EPE","39.2999, -7.4267",12766.0,1721.0,402.0,,14889.0
2025-02,2025/02/01,Região de Saúde do Alentejo,"Unidade Local de Saúde do Litoral Alentejano, EPE","38.039936, -8.731693",15001.0,,,,15001.0
2025-02,2025/02/01,Região de Saúde Norte,"Unidade Local de Saúde do Nordeste, EPE","41.802452, -6.768198",17277.0,,,,17277.0
2026-02,2026/02/01,Região de Saúde do Centro,"Unidade Local de Saúde da Região de Leiria, EPE","39.7418, -8.79444",18337.0,3401.0,1168.0,,22906.0
2026-02,2026/02/01,Região de Saúde do Centro,"Unidade Local de Saúde de Dão-Lafões, EPE","40.6509, -7.91039",20099.0,4172.0,2107.0,,26378.0
2026-02,2026/02/01,Região de Saúde LVT,"Unidade Local de Saúde de Lisboa Ocidental, EPE","38.7084, -9.21711",14357.0,3971.0,2031.0,0.0,20359.0
2026-02,2026/02/01,Região de Saúde Norte,"Unidade Local de Saúde de Matosinhos, EPE","41.181859, -8.663374",11048.0,,1445.0,,12493.0
2026-02,2026/02/01,Região de Saúde Norte,"Unidade Local de Saúde de São João, EPE","41.1833, -8.60193",24623.0,11846.0,2026.0,,38495.0
2026-02,2026/02/01,Região de Saúde Norte,"Unidade Local de Saúde de Trás-os-Montes e Alto Douro, EPE","41.310331, -7.760103",27576.0,4916.0,804.0,,33296.0
2024-03,2024/03/01,Região de Saúde do Centro,"Unidade Local de Saúde da Guarda, EPE","40.5309943471486, -7.0",19158.0,3979.0,945.0,,24082.0
2024-03,2024/03/01,Região de Saúde do Centro,"Unidade Local de Saúde da Região de Aveiro, EPE","40.636332, -8.654388",29433.0,12001.0,1416.0,,42850.0
2024-03,2024/03/01,Região de Saúde LVT,"Unidade Local de Saúde de Amadora/Sintra, EPE","38.7436332060551, -9.0",43623.0,12130.0,4016.0,,59769.0
2024-03,2024/03/01,Região de Saúde do Centro,"Unidade Local de Saúde de Coimbra, EPE","40.217426, -8.410075",48106.0,17363.0,5631.0,,71100.0
2024-03,2024/03/01,Região de Saúde Norte,"Unidade Local de Saúde de Santo António, EPE","41.147283, -8.619536",30120.0,,4958.0,,35078.0
2024-03,2024/03/01,Região de Saúde Norte,"Unidade Local de Saúde de São João, EPE","41.1833, -8.60193",40363.0,20793.0,3022.0,,64178.0
2024-03,2024/03/01,Região de Saúde Norte,"Unidade Local de Saúde de Vila Nova de Gaia/Espinho, EPE","41.1254463195801, -8.0",31281.0,10944.0,2036.0,,44261.0
2024-03,2024/03/01,Região de Saúde Norte,"Unidade Local de Saúde do Alto Ave, EPE","41.488574, -8.338685",24680.0,9358.0,2365.0,,36403.0
2024-03,2024/03/01,Região de Saúde LVT,"Unidade Local de Saúde do Arco Ribeirinho, EPE","38.6527214050293, -9.0",28286.0,5646.0,1801.0,0.0,35733.0
2024-03,2024/03/01,Região de Saúde do Alentejo,"Unidade Local de Saúde do Baixo Alentejo, EPE","38.0146, -7.86863",23065.0,4622.0,995.0,,28682.0
2024-03,2024/03/01,Região de Saúde Norte,"Unidade Local de Saúde do Nordeste, EPE","41.802452, -6.768198",25369.0,,,,25369.0
2025-03,2025/03/01,Região de Saúde do Centro,"Unidade Local de Saúde Castelo Branco, EPE","39.822737, -7.499876",12241.0,3933.0,627.0,54.0,16855.0
2025-03,2025/03/01,Região de Saúde LVT,"Unidade Local de Saúde da Arrábida, EPE","38.529351, -8.881073",19980.0,9240.0,1298.0,,30518.0
2025-03,2025/03/01,Região de Saúde do Centro,"Unidade Local de Saúde da Cova da Beira, EPE","40.2776794433594, -7.0",11609.0,4836.0,896.0,108.0,17449.0
2025-03,2025/03/01,Região de Saúde do Centro,"Unidade Local de Saúde da Guarda, EPE","40.5309943471486, -7.0",20197.0,4410.0,924.0,,25531.0
2025-03,2025/03/01,Região de Saúde Norte,"Unidade Local de Saúde da Póvoa de Varzim/Vila do Conde, EPE","41.383183, -8.758784",16425.0,,,,16425.0
2025-03,2025/03/01,Região de Saúde do Centro,"Unidade Local de Saúde da Região de Aveiro, EPE","40.636332, -8.654388",28932.0,10148.0,1738.0,,40818.0
2025-03,2025/03/01,Região de Saúde do Alentejo,"Unidade Local de Saúde do Alto Alentejo, EPE","39.2999, -7.4267",19064.0,2572.0,597.0,,22233.0
2025-03,2025/03/01,Região de Saúde LVT,"Unidade Local de Saúde do Arco Ribeirinho, EPE","38.6527214050293, -9.0",26872.0,6965.0,1510.0,0.0,35347.0
2025-03,2025/03/01,Região de Saúde do Alentejo,"Unidade Local de Saúde do Baixo Alentejo, EPE","38.0146, -7.86863",23089.0,4843.0,1021.0,,28953.0
2025-03,2025/03/01,Região de Saúde do Centro,"Unidade Local de Saúde do Baixo Mondego, EPE","40.130297609, -8.8606",11448.0,4378.0,,,15826.0
2024-04,2024/04/01,Região de Saúde do Centro,"Unidade Local de Saúde da Cova da Beira, EPE","40.2776794433594, -7.0",16001.0,5920.0,1259.0,140.0,23320.0
2024-04,2024/04/01,Região de Saúde Norte,"Unidade Local de Saúde de Matosinhos, EPE","41.181859, -8.663374",26926.0,,2786.0,,29712.0
2024-04,2024/04/01,Região de Saúde Norte,"Unidade Local de Saúde do Alto Minho, EPE","41.697519, -8.832517",45736.0,7660.0,2223.0,,55619.0
2024-04,2024/04/01,Região de Saúde LVT,"Unidade Local de Saúde do Estuário do Tejo, EPE","38.977344, -8.984882",26616.0,16937.0,2524.0,,46077.0
2024-04,2024/04/01,Região de Saúde do Alentejo,"Unidade Local de Saúde do Litoral Alentejano, EPE","38.039936, -8.731693",32994.0,,,,32994.0
2024-04,2024/04/01,Região de Saúde LVT,"Unidade Local de Saúde do Médio Tejo, EPE","39.605565, -8.404399",37561.0,9435.0,1261.0,,48257.0
2025-04,2025/04/01,Região de Saúde LVT,"Hospital de Cascais, PPP","38.730076, -9.418207",28248.0,14096.0,4804.0,249.0,47397.0
2025-04,2025/04/01,Região de Saúde do Centro,"Unidade Local de Saúde da Guarda, EPE","40.5309943471486, -7.0",26528.0,5501.0,1294.0,,33323.0
2025-04,2025/04/01,Região de Saúde do Centro,"Unidade Local de Saúde de Coimbra, EPE","40.217426, -8.410075",57800.0,16953.0,6815.0,,81568.0
2025-04,2025/04/01,Região de Saúde do Centro,"Unidade Local de Saúde de Dão-Lafões, EPE","40.6509, -7.91039",42662.0,9385.0,4378.0,,56425.0
2025-04,2025/04/01,Região de Saúde Norte,"Unidade Local de Saúde do Alto Minho, EPE","41.697519, -8.832517",37495.0,6837.0,1961.0,,46293.0
2025-04,2025/04/01,Região de Saúde LVT,"Unidade Local de Saúde do Arco Ribeirinho, EPE","38.6527214050293, -9.0",35444.0,8929.0,1892.0,0.0,46265.0
2024-05,2024/05/01,Região de Saúde LVT,"Unidade Local de Saúde da Arrábida, EPE","38.529351, -8.881073",30005.0,13896.0,3146.0,,47047.0
2024-05,2024/05/01,Região de Saúde Norte,"Unidade Local de Saúde de Barcelos/Esposende, EPE","41.533438, -8.616604",21831.0,6536.0,,,28367.0
2024-05,2024/05/01,Região de Saúde LVT,"Unidade Local de Saúde de Loures-Odivelas, EPE","38.821769, -9.176301",30081.0,11861.0,6684.0,0.0,48626.0
2024-05,2024/05/01,Região de Saúde LVT,"Unidade Local de Saúde de Santa Maria, EPE","38.7500648498535, -9.0",56892.0,21521.0,1311.0,,79724.0
2024-05,2024/05/01,Região de Saúde Norte,"Unidade Local de Saúde de Santo António, EPE","41.147283, -8.619536",52486.0,,8465.0,,60951.0
2024-05,2024/05/01,Região de Saúde Norte,"Unidade Local de Saúde de Vila Nova de Gaia/Espinho, EPE","41.1254463195801, -8.0",53917.0,17961.0,3373.0,,75251.0
2024-05,2024/05/01,Região de Saúde do Algarve,"Unidade Local de Saúde do Algarve, EPE","37.024668, -7.928949",116240.0,32095.0,6850.0,0.0,155185.0
2024-05,2024/05/01,Região de Saúde Norte,"Unidade Local de Saúde do Alto Ave, EPE","41.488574, -8.338685",42461.0,16949.0,4225.0,,63635.0
2025-05,2025/05/01,Região de Saúde LVT,"Unidade Local de Saúde da Arrábida, EPE","38.529351, -8.881073",33624.0,14547.0,1894.0,,50065.0
2025-05,2025/05/01,Região de Saúde do Centro,"Unidade Local de Saúde da Região de Leiria, EPE","39.7418, -8.79444",48330.0,9880.0,2896.0,,61106.0
2025-05,2025/05/01,Região de Saúde Norte,"Unidade Local de Saúde de Barcelos/Esposende, EPE","41.533438, -8.616604",21109.0,3676.0,,,24785.0
2025-05,2025/05/01,Região de Saúde LVT,"Unidade Local de Saúde de São José, EPE","38.7169, -9.13654",54099.0,30094.0,8552.0,2308.0,95053.0
2025-05,2025/05/01,Região de Saúde Norte,"Unidade Local de Saúde de Vila Nova de Gaia/Espinho, EPE","41.1254463195801, -8.0",53455.0,14549.0,3097.0,,71101.0
2025-05,2025/05/01,Região de Saúde do Centro,"Unidade Local de Saúde do Baixo Mondego, EPE","40.130297609, -8.8606",19309.0,6776.0,,,26085.0
2025-05,2025/05/01,Região de Saúde Norte,"Unidade Local de Saúde do Médio Ave, EPE","41.3422317504883, -8.0",32212.0,9576.0,2970.0,,44758.0
2025-05,2025/05/01,Região de Saúde LVT,"Unidade Local de Saúde do Médio Tejo, EPE","39.605565, -8.404399",48453.0,12026.0,1432.0,,61911.0
2024-06,2024/06/01,Região de Saúde LVT,"Unidade Local de Saúde da Lezíria, EPE","39.232503, -8.715083",38574.0,16257.0,3750.0,,58581.0
2024-06,2024/06/01,Região de Saúde do Centro,"Unidade Local de Saúde da Região de Aveiro, EPE","40.636332, -8.654388",62380.0,24922.0,3008.0,,90310.0
2024-06,2024/06/01,Região de Saúde Norte,"Unidade Local de Saúde de Barcelos/Esposende, EPE","41.533438, -8.616604",26377.0,7721.0,,,34098.0
2024-06,2024/06/01,Região de Saúde Norte,"Unidade Local de Saúde de Braga, EPE","41.562328338623, -8.3",75999.0,26206.0,5860.0,,108065.0
2024-06,2024/06/01,Região de Saúde Norte,"Unidade Local de Saúde de Entre Douro e Vouga, EPE","40.9295, -8.54567",83667.0,16732.0,3661.0,,104060.0
2024-06,2024/06/01,Região de Saúde Norte,"Unidade Local de Saúde de Santo António, EPE","41.147283, -8.619536",63145.0,,10262.0,,73407.0
2024-06,2024/06/01,Região de Saúde do Alentejo,"Unidade Local de Saúde do Alentejo Central, EPE","38.568838, -7.903064",22841.0,9870.0,,,32711.0
2024-06,2024/06/01,Região de Saúde Norte,"Unidade Local de Saúde do Alto Minho, EPE","41.697519, -8.832517",70608.0,11537.0,3410.0,,85555.0
2024-06,2024/06/01,Região de Saúde do Centro,"Unidade Local de Saúde do Baixo Mondego, EPE","40.130297609, -8.8606",25546.0,10792.0,,,36338.0
2024-06,2024/06/01,Região de Saúde LVT,"Unidade Local de Saúde do Estuário do Tejo, EPE","38.977344, -8.984882",41115.0,25321.0,3691.0,,70127.0
2025-06,2025/06/01,Região de Saúde LVT,"Hospital de Cascais, PPP","38.730076, -9.418207",42937.0,20194.0,6978.0,408.0,70517.0
2025-06,2025/06/01,Região de Saúde do Centro,"Unidade Local de Saúde da Cova da Beira, EPE","40.2776794433594, -7.0",23753.0,8096.0,1818.0,257.0,33924.0
2025-06,2025/06/01,Região de Saúde do Centro,"Unidade Local de Saúde da Guarda, EPE","40.5309943471486, -7.0",39310.0,7851.0,1974.0,,49135.0
2025-06,2025/06/01,Região de Saúde Norte,"Unidade Local de Saúde da Póvoa de Varzim/Vila do Conde, EPE","41.383183, -8.758784",32146.0,,,,32146.0
2025-06,2025/06/01,Região de Saúde do Centro,"Unidade Local de Saúde do Baixo Mondego, EPE","40.130297609, -8.8606",23517.0,7928.0,,,31445.0
2025-06,2025/06/01,Região de Saúde LVT,"Unidade Local de Saúde do Estuário do Tejo, EPE","38.977344, -8.984882",35162.0,13391.0,2801.0,,51354.0
2024-07,2024/07/01,Região de Saúde do Centro,"Unidade Local de Saúde da Cova da Beira, EPE","40.2776794433594, -7.0",29337.0,10526.0,2320.0,231.0,42414.0
2024-07,2024/07/01,Região de Saúde LVT,"Unidade Local de Saúde de Almada-Seixal, EPE","38.67381, -9.17597",53798.0,23340.0,8734.0,,85872.0
2024-07,2024/07/01,Região de Saúde do Alentejo,"Unidade Local de Saúde do Alentejo Central, EPE","38.568838, -7.903064",26859.0,11165.0,,,38024.0
2024-07,2024/07/01,Região de Saúde do Algarve,"Unidade Local de Saúde do Algarve, EPE","37.024668, -7.928949",169148.0,43983.0,9437.0,0.0,222568.0
2024-07,2024/07/01,Região de Saúde do Centro,"Unidade Local de Saúde do Baixo Mondego, EPE","40.130297609, -8.8606",30131.0,12217.0,,,42348.0
2024-07,2024/07/01,Região de Saúde Norte,"Unidade Local de Saúde do Médio Ave, EPE","41.3422317504883, -8.0",51258.0,20683.0,4142.0,0.0,76083.0
2025-07,2025/07/01,Região de Saúde Norte,"Unidade Local de Saúde da Póvoa de Varzim/Vila do Conde, EPE","41.383183, -8.758784",37695.0,,,,37695.0
2025-07,2025/07/01,Região de Saúde do Centro,"Unidade Local de Saúde da Região de Leiria, EPE","39.7418, -8.79444",68520.0,13359.0,4233.0,,86112.0
2025-07,2025/07/01,Região de Saúde do Centro,"Unidade Local de Saúde de Dão-Lafões, EPE","40.6509, -7.91039",76658.0,15534.0,7929.0,,100121.0
2025-07,2025/07/01,Região de Saúde Norte,"Unidade Local de Saúde de Entre Douro e Vouga, EPE","40.9295, -8.54567",85625.0,12541.0,4193.0,,102359.0
2025-07,2025/07/01,Região de Saúde LVT,"Unidade Local de Saúde de Loures-Odivelas, EPE","38.821769, -9.176301",38488.0,11843.0,8116.0,0.0,58447.0
2025-07,2025/07/01,Região de Saúde do Alentejo,"Unidade Local de Saúde do Alto Alentejo, EPE","39.2999, -7.4267",44531.0,5099.0,1528.0,0.0,51158.0
2025-07,2025/07/01,Região de Saúde Norte,"Unidade Local de Saúde do Alto Minho, EPE","41.697519, -8.832517",68372.0,11704.0,3695.0,,83771.0
2025-07,2025/07/01,Região de Saúde LVT,"Unidade Local de Saúde do Arco Ribeirinho, EPE","38.6527214050293, -9.0",61946.0,15521.0,3498.0,0.0,80965.0
2025-07,2025/07/01,Região de Saúde do Centro,"Unidade Local de Saúde do Baixo Mondego, EPE","40.130297609, -8.8606",28266.0,9134.0,,,37400.0
2025-07,2025/07/01,Região de Saúde do Alentejo,"Unidade Local de Saúde do Litoral Alentejano, EPE","38.039936, -8.731693",53330.0,,,,53330.0
2025-07,2025/07/01,Região de Saúde LVT,"Unidade Local de Saúde do Médio Tejo, EPE","39.605565, -8.404399",68899.0,16102.0,2083.0,,87084.0
2024-08,2024/08/01,Região de Saúde Norte,"Unidade Local de Saúde da Póvoa de Varzim/Vila do Conde, EPE","41.383183, -8.758784",45147.0,,,,45147.0
2024-08,2024/08/01,Região de Saúde do Centro,"Unidade Local de Saúde de Coimbra, EPE","40.217426, -8.410075",135855.0,45856.0,15804.0,,197515.0
2024-08,2024/08/01,Região de Saúde LVT,"Unidade Local de Saúde de Loures-Odivelas, EPE","38.821769, -9.176301",47833.0,16192.0,10081.0,0.0,74106.0
2024-08,2024/08/01,Região de Saúde Norte,"Unidade Local de Saúde do Alto Ave, EPE","41.488574, -8.338685",69655.0,24960.0,6893.0,,101508.0
2024-08,2024/08/01,Região de Saúde Norte,"Unidade Local de Saúde do Alto Minho, EPE","41.697519, -8.832517",97680.0,14502.0,4662.0,,116844.0
2024-08,2024/08/01,Região de Saúde do Alentejo,"Unidade Local de Saúde do Litoral Alentejano, EPE","38.039936, -8.731693",69888.0,,,,69888.0
2025-08,2025/08/01,Região de Saúde LVT,"Unidade Local de Saúde da Arrábida, EPE","38.529351, -8.881073",55114.0,21291.0,3847.0,,80252.0
2025-08,2025/08/01,Região de Saúde do Alentejo,"Unidade Local de Saúde do Alto Alentejo, EPE","39.2999, -7.4267",51479.0,5719.0,1786.0,0.0,58984.0
2025-08,2025/08/01,Região de Saúde LVT,"Unidade Local de Saúde do Arco Ribeirinho, EPE","38.6527214050293, -9.0",70520.0,16813.0,3895.0,0.0,91228.0
2025-08,2025/08/01,Região de Saúde LVT,"Unidade Local de Saúde do Estuário do Tejo, EPE","38.977344, -8.984882",47963.0,14996.0,3476.0,,66435.0
2025-08,2025/08/01,Região de Saúde Norte,"Unidade Local de Saúde do Médio Ave, EPE","41.3422317504883, -8.0",52614.0,14308.0,4882.0,,71804.0
2025-08,2025/08/01,Região de Saúde Norte,"Unidade Local de Saúde do Nordeste, EPE","41.802452, -6.768198",67852.0,,,,67852.0
2025-08,2025/08/01,Região de Saúde Norte,"Unidade Local de Saúde do Tâmega e Sousa, EPE","41.1971153671548, -8.0",116338.0,18849.0,8285.0,,143472.0
2024-09,2024/09/01,Região de Saúde LVT,"Unidade Local de Saúde da Arrábida, EPE","38.529351, -8.881073",55459.0,22668.0,5576.0,,83703.0
2024-09,2024/09/01,Região de Saúde do Centro,"Unidade Local de Saúde de Dão-Lafões, EPE","40.6509, -7.91039",85912.0,22062.0,11186.0,,119160.0
2024-09,2024/09/01,Região de Saúde LVT,"Unidade Local de Saúde de Santa Maria, EPE","38.7500648498535, -9.0",104270.0,35525.0,5198.0,,144993.0
2024-09,2024/09/01,Região de Saúde do Alentejo,"Unidade Local de Saúde do Alto Alentejo, EPE","39.2999, -7.4267",60450.0,6733.0,2097.0,0.0,69280.0
2024-09,2024/09/01,Região de Saúde do Alentejo,"Unidade Local de Saúde do Baixo Alentejo, EPE","38.0146, -7.86863",70702.0,13865.0,3161.0,,87728.0
2024-09,2024/09/01,Região de Saúde Norte,"Unidade Local de Saúde do Médio Ave, EPE","41.3422317504883, -8.0",65126.0,24642.0,5382.0,,95150.0
2025-09,2025/09/01,Região de Saúde Norte,"Unidade Local de Saúde da Póvoa de Varzim/Vila do Conde, EPE","41.383183, -8.758784",47978.0,,,,47978.0
2025-09,2025/09/01,Região de Saúde Norte,"Unidade Local de Saúde de Braga, EPE","41.562328338623, -8.3",113026.0,27055.0,8853.0,,148934.0
2025-09,2025/09/01,Região de Saúde do Centro,"Unidade Local de Saúde de Coimbra, EPE","40.217426, -8.410075",132297.0,34899.0,16081.0,,183277.0
2025-09,2025/09/01,Região de Saúde LVT,"Unidade Local de Saúde de Santa Maria, EPE","38.7500648498535, -9.0",92456.0,30576.0,12593.0,,135625.0
2025-09,2025/09/01,Região de Saúde do Alentejo,"Unidade Local de Saúde do Baixo Alentejo, EPE","38.0146, -7.86863",68554.0,12370.0,3259.0,,84183.0
2025-09,2025/09/01,Região de Saúde do Alentejo,"Unidade Local de Saúde do Litoral Alentejano, EPE","38.039936, -8.731693",69092.0,,,,69092.0
2024-10,2024/10/01,Região de Saúde Norte,"Unidade Local de Saúde da Póvoa de Varzim/Vila do Conde, EPE","41.383183, -8.758784",55896.0,,,,55896.0
2024-10,2024/10/01,Região de Saúde LVT,"Unidade Local de Saúde de Almada-Seixal, EPE","38.67381, -9.17597",78133.0,32076.0,10551.0,,120760.0
2024-10,2024/10/01,Região de Saúde Norte,"Unidade Local de Saúde de Barcelos/Esposende, EPE","41.533438, -8.616604",44122.0,11161.0,,,55283.0
2024-10,2024/10/01,Região de Saúde Norte,"Unidade Local de Saúde de Entre Douro e Vouga, EPE","40.9295, -8.54567",134439.0,24104.0,6120.0,,164663.0
2024-10,2024/10/01,Região de Saúde Norte,"Unidade Local de Saúde de Matosinhos, EPE","41.181859, -8.663374",69408.0,,7500.0,,76908.0
2024-10,2024/10/01,Região de Saúde Norte,"Unidade Local de Saúde de São João, EPE","41.1833, -8.60193",143801.0,66840.0,10680.0,0.0,221321.0
2024-10,2024/10/01,Região de Saúde do Alentejo,"Unidade Local de Saúde do Alentejo Central, EPE","38.568838, -7.903064",39051.0,14898.0,,,53949.0
2024-10,2024/10/01,Região de Saúde do Alentejo,"Unidade Local de Saúde do Alto Alentejo, EPE","39.2999, -7.4267",66464.0,7562.0,2299.0,,76325.0
2024-10,2024/10/01,Região de Saúde Norte,"Unidade Local de Saúde do Alto Ave, EPE","41.488574, -8.338685",87386.0,30157.0,8700.0,,126243.0
2024-10,2024/10/01,Região de Saúde do Alentejo,"Unidade Local de Saúde do Baixo Alentejo, EPE","38.0146, -7.86863",78521.0,15383.0,3489.0,,97393.0
2025-10,2025/10/01,Região de Saúde LVT,"Unidade Local de Saúde de Almada-Seixal, EPE","38.67381, -9.17597",72060.0,24770.0,10332.0,,107162.0
2025-10,2025/10/01,Região de Saúde Norte,"Unidade Local de Saúde de Barcelos/Esposende, EPE","41.533438, -8.616604",43770.0,6796.0,,,50566.0
2025-10,2025/10/01,Região de Saúde LVT,"Unidade Local de Saúde de Santa Maria, EPE","38.7500648498535, -9.0",102690.0,34455.0,14086.0,,151231.0
2025-10,2025/10/01,Região de Saúde do Algarve,"Unidade Local de Saúde do Algarve, EPE","37.024668, -7.928949",247208.0,58073.0,11376.0,0.0,316657.0
2025-10,2025/10/01,Região de Saúde Norte,"Unidade Local de Saúde do Nordeste, EPE","41.802452, -6.768198",84226.0,,,,84226.0
2025-10,2025/10/01,Região de Saúde Norte,"Unidade Local de Saúde do Tâmega e Sousa, EPE","41.1971153671548, -8.0",145496.0,23725.0,10345.0,,179566.0
2024-11,2024/11/01,Região de Saúde do Centro,"Unidade Local de Saúde da Cova da Beira, EPE","40.2776794433594, -7.0",45769.0,15657.0,3632.0,430.0,65488.0
2024-11,2024/11/01,Região de Saúde Norte,"Unidade Local de Saúde de Barcelos/Esposende, EPE","41.533438, -8.616604",48270.0,12199.0,,,60469.0
2024-11,2024/11/01,Região de Saúde Norte,"Unidade Local de Saúde de Braga, EPE","41.562328338623, -8.3",139876.0,44969.0,10596.0,,195441.0
2024-11,2024/11/01,Região de Saúde LVT,"Unidade Local de Saúde de Loures-Odivelas, EPE","38.821769, -9.176301",65508.0,22759.0,13102.0,0.0,101369.0
2024-11,2024/11/01,Região de Saúde Norte,"Unidade Local de Saúde de São João, EPE","41.1833, -8.60193",158008.0,74195.0,11753.0,0.0,243956.0
2024-11,2024/11/01,Região de Saúde Norte,"Unidade Local de Saúde do Alto Ave, EPE","41.488574, -8.338685",96174.0,33523.0,9522.0,,139219.0
2024-11,2024/11/01,Região de Saúde Norte,"Unidade Local de Saúde do Alto Minho, EPE","41.697519, -8.832517",131646.0,19251.0,6318.0,,157215.0
2024-11,2024/11/01,Região de Saúde LVT,"Unidade Local de Saúde do Estuário do Tejo, EPE","38.977344, -8.984882",68815.0,43992.0,7347.0,,120154.0
2025-11,2025/11/01,Região de Saúde LVT,"Hospital de Cascais, PPP","38.730076, -9.418207",77983.0,34842.0,12531.0,814.0,126170.0
2025-11,2025/11/01,Região de Saúde LVT,"Unidade Local de Saúde da Arrábida, EPE","38.529351, -8.881073",75836.0,29767.0,5105.0,,110708.0
2025-11,2025/11/01,Região de Saúde Norte,"Unidade Local de Saúde da Póvoa de Varzim/Vila do Conde, EPE","41.383183, -8.758784",58754.0,,,,58754.0
2025-11,2025/11/01,Região de Saúde Norte,"Unidade Local de Saúde de Matosinhos, EPE","41.181859, -8.663374",69261.0,,8120.0,,77381.0
2025-11,2025/11/01,Região de Saúde LVT,"Unidade Local de Saúde de Santa Maria, EPE","38.7500648498535, -9.0",111780.0,38364.0,15405.0,,165549.0
2025-11,2025/11/01,Região de Saúde Norte,"Unidade Local de Saúde de Vila Nova de Gaia/Espinho, EPE","41.1254463195801, -8.0",118756.0,30265.0,7332.0,,156353.0
2025-11,2025/11/01,Região de Saúde do Alentejo,"Unidade Local de Saúde do Alentejo Central, EPE","38.568838, -7.903064",47142.0,14570.0,,,61712.0
2025-11,2025/11/01,Região de Saúde do Alentejo,"Unidade Local de Saúde do Alto Alentejo, EPE","39.2999, -7.4267",69869.0,7762.0,2471.0,0.0,80102.0
2024-12,2024/12/01,Região de Saúde do Centro,"Unidade Local de Saúde Castelo Branco, EPE","39.822737, -7.499876",53333.0,16895.0,2376.0,,72604.0
2024-12,2024/12/01,Região de Saúde do Centro,"Unidade Local de Saúde da Cova da Beira, EPE","40.2776794433594, -7.0",49632.0,17230.0,3952.0,451.0,71265.0
2024-12,2024/12/01,Região de Saúde LVT,"Unidade Local de Saúde da Lezíria, EPE","39.232503, -8.715083",76960.0,29852.0,7451.0,,114263.0
2024-12,2024/12/01,Região de Saúde Norte,"Unidade Local de Saúde da Póvoa de Varzim/Vila do Conde, EPE","41.383183, -8.758784",67746.0,,,,67746.0
2024-12,2024/12/01,Região de Saúde do Centro,"Unidade Local de Saúde de Dão-Lafões, EPE","40.6509, -7.91039",117146.0,29204.0,14772.0,,161122.0
2024-12,2024/12/01,Região de Saúde Norte,"Unidade Local de Saúde do Alto Minho, EPE","41.697519, -8.832517",142935.0,21525.0,6854.0,,171314.0
2024-12,2024/12/01,Região de Saúde LVT,"Unidade Local de Saúde do Arco Ribeirinho, EPE","38.6527214050293, -9.0",114431.0,22324.0,7543.0,0.0,144298.0
2024-12,2024/12/01,Região de Saúde do Alentejo,"Unidade Local de Saúde do Baixo Alentejo, EPE","38.0146, -7.86863",94094.0,18578.0,4213.0,,116885.0
2024-12,2024/12/01,Região de Saúde LVT,"Unidade Local de Saúde do Médio Tejo, EPE","39.605565, -8.404399",120279.0,29468.0,4184.0,,153931.0
2025-12,2025/12/01,Região de Saúde LVT,"Unidade Local de Saúde da Lezíria, EPE","39.232503, -8.715083",75248.0,21729.0,5733.0,,102710.0
2025-12,2025/12/01,Região de Saúde do Centro,"Unidade Local de Saúde de Coimbra, EPE","40.217426, -8.410075",174953.0,49239.0,21028.0,,245220.0
2025-12,2025/12/01,Região de Saúde Norte,"Unidade Local de Saúde de Matosinhos, EPE","41.181859, -8.663374",75326.0,,8864.0,,84190.0
2025-12,2025/12/01,Região de Saúde LVT,"Unidade Local de Saúde do Arco Ribeirinho, EPE","38.6527214050293, -9.0",103691.0,27466.0,5347.0,0.0,136504.0
2013-01,2013/01/01,Região de Saúde do Alentejo,"Hospital Espírito Santo de Évora, EPE","38.5684861, -7.9032848",4409.0,2077.0,,,6486.0
2013-01,2013/01/01,Região de Saúde do Alentejo,"Unidade Local de Saúde do Baixo Alentejo, EPE","38.014123, -7.8721227",8874.0,1583.0,353.0,,10810.0
2013-01,2013/01/01,Região de Saúde LVT,"Centro Hospitalar Barreiro/Montijo, EPE","38.6554005, -9.0592392",838.0,,3354.0,,4192.0
2013-01,2013/01/01,Região de Saúde LVT,"Centro Hospitalar de Lisboa Ocidental, EPE","38.708454, -9.216985",9832.0,3133.0,1221.0,,14186.0
2013-01,2013/01/01,Região de Saúde LVT,"Centro Hospitalar do Oeste, EPE","39.4054629, -9.1258493",12925.0,5492.0,1100.0,,19517.0
2013-01,2013/01/01,Região de Saúde LVT,"Hospital de Loures, PPP","38.821455, -9.176296",10421.0,4937.0,898.0,,16256.0
2013-01,2013/01/01,Região de Saúde LVT,"Hospital Garcia de Orta, EPE","38.6658713, -9.1822554",7567.0,3820.0,1378.0,,12765.0
2013-01,2013/01/01,Região de Saúde Norte,"Centro Hospitalar Vila Nova de Gaia/Espinho, EPE","41.1094138, -8.5972617",9683.0,4125.0,1057.0,,14865.0
2013-02,2013/02/01,Região de Saúde do Alentejo,"Unidade Local de Saúde do Norte Alentejano, EPE","39.3003425, -7.4263845",12987.0,2069.0,179.0,,15235.0
2013-02,2013/02/01,Região de Saúde do Centro,"Centro Hospitalar do Baixo Vouga, EPE","40.6362453, -8.6543716",21805.0,6046.0,862.0,,28713.0
2013-02,2013/02/01,Região de Saúde do Centro,"Centro Hospitalar Tondela-Viseu, EPE","40.516364, -8.0827433",20338.0,6400.0,2171.0,,28909.0
2013-02,2013/02/01,Região de Saúde LVT,"Centro Hospitalar de Lisboa Ocidental, EPE","38.708454, -9.216985",18612.0,6494.0,2310.0,,27416.0
2013-02,2013/02/01,Região de Saúde LVT,"Centro Hospitalar Universitário de Lisboa Norte, EPE","38.7500861, -9.1616116",26035.0,7271.0,2403.0,,35709.0
2013-02,2013/02/01,Região de Saúde LVT,"Hospital de Cascais, PPP","38.729006, -9.418267",13859.0,9304.0,2351.0,,25514.0
2013-02,2013/02/01,Região de Saúde LVT,"Hospital de Vila Franca de Xira, PPP","38.977235, -8.984506",12015.0,5256.0,821.0,,18092.0
2013-02,2013/02/01,Região de Saúde Norte,"Centro Hospitalar do Alto Ave, EPE","41.4387173, -8.3086907",17148.0,7243.0,1196.0,,25587.0
2013-02,2013/02/01,Região de Saúde Norte,"Centro Hospitalar Póvoa de Varzim/Vila do Conde, EPE","41.3828711, -8.7589945",14069.0,,,,14069.0
2013-02,2013/02/01,Região de Saúde Norte,"Unidade Local de Saúde de Matosinhos, EPE","41.1794456, -8.6745115",11833.0,,1186.0,,13019.0
2013-03,2013/03/01,Região de Saúde do Centro,"Centro Hospitalar de Leiria, EPE","39.7414812, -8.7982706",30724.0,11671.0,2431.0,,44826.0
2013-03,2013/03/01,Região de Saúde do Centro,"Centro Hospitalar do Baixo Vouga, EPE","40.6362453, -8.6543716",33300.0,9181.0,1401.0,,43882.0
2013-03,2013/03/01,Região de Saúde do Centro,"Centro Hospitalar Tondela-Viseu, EPE","40.516364, -8.0827433",31061.0,9527.0,3422.0,,44010.0
2013-03,2013/03/01,Região de Saúde LVT,"Hospital de Cascais, PPP","38.729006, -9.418267",21320.0,14303.0,3479.0,,39102.0
2013-03,2013/03/01,Região de Saúde LVT,"Hospital de Loures, PPP","38.821455, -9.176296",30525.0,14405.0,2708.0,,47638.0
2013-03,2013/03/01,Região de Saúde Norte,"Centro Hospitalar do Alto Ave, EPE","41.4387173, -8.3086907",25525.0,10053.0,1773.0,,37351.0
2013-04,2013/04/01,Região de Saúde do Alentejo,"Unidade Local de Saúde do Baixo Alentejo, EPE","38.014123, -7.8721227",35012.0,5793.0,1254.0,,42059.0
2013-04,2013/04/01,Região de Saúde do Alentejo,"Unidade Local de Saúde do Norte Alentejano, EPE","39.3003425, -7.4263845",27342.0,3856.0,324.0,,31522.0
2013-04,2013/04/01,Região de Saúde do Centro,"Centro Hospitalar Universitário Cova da Beira, EPE","40.2804158, -7.4922407",20176.0,6811.0,504.0,,27491.0
2013-04,2013/04/01,Região de Saúde do Centro,"Centro Hospitalar e Universitário de Coimbra, EPE","40.2191523, -8.4098211",66546.0,22061.0,8876.0,,97483.0
2013-04,2013/04/01,Região de Saúde LVT,"Centro Hospitalar de Lisboa Ocidental, EPE","38.708454, -9.216985",37285.0,12677.0,4890.0,,54852.0
2013-04,2013/04/01,Região de Saúde LVT,"Centro Hospitalar Universitário de Lisboa Norte, EPE","38.7500861, -9.1616116",52558.0,14144.0,4931.0,,71633.0
2013-04,2013/04/01,Região de Saúde LVT,"Hospital Distrital de Santarém, EPE","39.2410946, -8.6937515",26880.0,12874.0,2784.0,,42538.0
2013-04,2013/04/01,Região de Saúde Norte,"Centro Hospitalar Universitário do Porto, EPE","41.1472498, -8.6172617",38483.0,,4005.0,,42488.0
2013-04,2013/04/01,Região de Saúde Norte,"Centro Hospitalar Trás-os-Montes e Alto Douro, EPE","41.3031784, -7.7515252",50794.0,7499.0,1143.0,,59436.0
2013-04,2013/04/01,Região de Saúde Norte,"Hospital de Braga, PPP","41.56785, -8.398982",42580.0,14671.0,3819.0,,61070.0
2013-04,2013/04/01,Região de Saúde Norte,"Unidade Local de Saúde do Nordeste, EPE","41.8056532, -6.7888197",41442.0,,,,41442.0
2013-05,2013/05/01,Região de Saúde do Alentejo,"Unidade Local de Saúde do Norte Alentejano, EPE","39.3003425, -7.4263845",34376.0,4810.0,437.0,,39623.0
2013-05,2013/05/01,Região de Saúde do Algarve,"Centro Hospitalar Universitário do Algarve,EPE","37.0238973, -7.9281554",62337.0,32647.0,4204.0,,99188.0
2013-05,2013/05/01,Região de Saúde LVT,"Centro Hospitalar Universitário Lisboa Central, EPE","38.7166948, -9.1371248",62614.0,35268.0,8660.0,2993.0,109535.0
2013-05,2013/05/01,Região de Saúde LVT,"Centro Hospitalar de Setúbal, EPE","38.5283754, -8.8818638",32394.0,18060.0,5017.0,,55471.0
2013-05,2013/05/01,Região de Saúde LVT,"Centro Hospitalar do Oeste, EPE","39.4054629, -9.1258493",62360.0,24146.0,5510.0,,92016.0
2013-05,2013/05/01,Região de Saúde LVT,"Centro Hospitalar Universitário de Lisboa Norte, EPE","38.7500861, -9.1616116",66307.0,17758.0,6303.0,,90368.0
2013-05,2013/05/01,Região de Saúde LVT,"Hospital de Vila Franca de Xira, PPP","38.977235, -8.984506",30447.0,12678.0,2298.0,,45423.0
2013-05,2013/05/01,Região de Saúde Norte,"Centro Hospitalar Universitário de São João, EPE","41.1831056, -8.6010558",79572.0,33463.0,5752.0,,118787.0
2013-05,2013/05/01,Região de Saúde Norte,"Centro Hospitalar Entre Douro e Vouga, EPE","40.9293884, -8.5458794",56737.0,15292.0,3616.0,,75645.0
2013-05,2013/05/01,Região de Saúde Norte,"Hospital Santa Maria Maior, EPE","41.5324234, -8.6171561",21144.0,9700.0,,,30844.0
2013-06,2013/06/01,Região de Saúde do Centro,"Centro Hospitalar e Universitário de Coimbra, EPE","40.2191523, -8.4098211",100069.0,33345.0,13616.0,,147030.0
2013-06,2013/06/01,Região de Saúde LVT,"Hospital de Cascais, PPP","38.729006, -9.418267",41777.0,27341.0,7091.0,,76209.0
2013-06,2013/06/01,Região de Saúde Norte,"Hospital de Braga, PPP","41.56785, -8.398982",64455.0,21798.0,5969.0,,92222.0
2013-06,2013/06/01,Região de Saúde Norte,"Unidade Local de Saúde do Alto Minho, EPE","41.7056054, -8.8252713",64321.0,12160.0,2379.0,,78860.0
2013-07,2013/07/01,Região de Saúde do Centro,"Centro Hospitalar Universitário Cova da Beira, EPE","40.2804158, -7.4922407",35669.0,11216.0,942.0,,47827.0
2013-07,2013/07/01,Região de Saúde do Centro,"Unidade Local de Saúde de Castelo Branco, EPE","39.8212263, -7.4981271",29492.0,8660.0,729.0,,38881.0
2013-07,2013/07/01,Região de Saúde LVT,"Hospital de Loures, PPP","38.821455, -9.176296",69944.0,31048.0,6546.0,,107538.0
2013-07,2013/07/01,Região de Saúde LVT,"Hospital Distrital de Santarém, EPE","39.2410946, -8.6937515",47721.0,21786.0,5008.0,,74515.0
2013-07,2013/07/01,Região de Saúde Norte,"Centro Hospitalar Universitário do Porto, EPE","41.1472498, -8.6172617",69349.0,,7297.0,,76646.0
2013-07,2013/07/01,Região de Saúde Norte,"Centro Hospitalar Vila Nova de Gaia/Espinho, EPE","41.1094138, -8.5972617",67667.0,26063.0,6912.0,,100642.0
2013-07,2013/07/01,Região de Saúde Norte,"Hospital de Braga, PPP","41.56785, -8.398982",76353.0,25055.0,7097.0,,108505.0
2013-07,2013/07/01,Região de Saúde Norte,"Unidade Local de Saúde do Nordeste, EPE","41.8056532, -6.7888197",68861.0,,,,68861.0
2013-08,2013/08/01,Região de Saúde do Alentejo,"Unidade Local de Saúde do Litoral Alentejano, EPE","38.0162314, -8.6956768",62393.0,,,,62393.0
2013-08,2013/08/01,Região de Saúde do Centro,"Centro Hospitalar Universitário Cova da Beira, EPE","40.2804158, -7.4922407",41249.0,12394.0,1103.0,,54746.0
2013-08,2013/08/01,Região de Saúde do Centro,"Centro Hospitalar do Baixo Vouga, EPE","40.6362453, -8.6543716",86047.0,25463.0,3877.0,,115387.0
2013-08,2013/08/01,Região de Saúde LVT,"Centro Hospitalar de Setúbal, EPE","38.5283754, -8.8818638",53339.0,26579.0,8215.0,,88133.0
2013-08,2013/08/01,Região de Saúde Norte,"Centro Hospitalar Universitário do Porto, EPE","41.1472498, -8.6172617",79610.0,,8401.0,,88011.0
2013-08,2013/08/01,Região de Saúde Norte,"Centro Hospitalar Póvoa de Varzim/Vila do Conde, EPE","41.3828711, -8.7589945",52493.0,,,,52493.0
2013-09,2013/09/01,Região de Saúde do Centro,"Centro Hospitalar do Baixo Vouga, EPE","40.6362453, -8.6543716",96100.0,28530.0,4438.0,,129068.0
2013-09,2013/09/01,Região de Saúde do Centro,"Unidade Local de Saúde de Castelo Branco, EPE","39.8212263, -7.4981271",37664.0,10255.0,969.0,,48888.0
2013-09,2013/09/01,Região de Saúde LVT,"Centro Hospitalar Barreiro/Montijo, EPE","38.6554005, -9.0592392",76499.0,27020.0,7131.0,,110650.0
2013-09,2013/09/01,Região de Saúde LVT,"Centro Hospitalar Universitário Lisboa Central, EPE","38.7166948, -9.1371248",111810.0,56448.0,15991.0,5590.0,189839.0
2013-09,2013/09/01,Região de Saúde LVT,"Centro Hospitalar de Lisboa Ocidental, EPE","38.708454, -9.216985",81901.0,24402.0,11254.0,,117557.0
2013-09,2013/09/01,Região de Saúde Norte,"Centro Hospitalar Universitário de São João, EPE","41.1831056, -8.6010558",145370.0,56739.0,10341.0,,212450.0
2013-09,2013/09/01,Região de Saúde Norte,"Centro Hospitalar Tâmega e Sousa, EPE","41.2494561, -8.264901",108068.0,28355.0,9847.0,,146270.0
2013-09,2013/09/01,Região de Saúde Norte,"Hospital Santa Maria Maior, EPE","41.5324234, -8.6171561",38535.0,15401.0,,,53936.0
2013-10,2013/10/01,Região de Saúde do Centro,"Centro Hospitalar e Universitário de Coimbra, EPE","40.2191523, -8.4098211",167400.0,50405.0,23050.0,,240855.0
2013-10,2013/10/01,Região de Saúde do Centro,"Hospital Distrital da Figueira da Foz, EPE","40.117897, -8.8586755",44286.0,16386.0,,,60672.0
2013-10,2013/10/01,Região de Saúde LVT,"Centro Hospitalar de Setúbal, EPE","38.5283754, -8.8818638",66917.0,33527.0,10372.0,,110816.0
2013-10,2013/10/01,Região de Saúde LVT,"Hospital de Cascais, PPP","38.729006, -9.418267",70489.0,43852.0,12233.0,,126574.0
2013-10,2013/10/01,Região de Saúde LVT,"Hospital Professor Doutor Fernando Fonseca, EPE","38.7422257, -9.2264834",153231.0,50728.0,15938.0,,219897.0
2013-10,2013/10/01,Região de Saúde Norte,"Centro Hospitalar Universitário de São João, EPE","41.1831056, -8.6010558",160875.0,64601.0,11556.0,,237032.0
2013-10,2013/10/01,Região de Saúde Norte,"Centro Hospitalar do Alto Ave, EPE","41.4387173, -8.3086907",85587.0,31321.0,6037.0,,122945.0
2013-10,2013/10/01,Região de Saúde Norte,"Centro Hospitalar do Médio Ave, EPE","41.3423984, -8.4802503",78643.0,26962.0,3567.0,,109172.0
2013-10,2013/10/01,Região de Saúde Norte,"Centro Hospitalar Vila Nova de Gaia/Espinho, EPE","41.1094138, -8.5972617",97073.0,35769.0,9958.0,,142800.0
2013-10,2013/10/01,Região de Saúde Norte,"Unidade Local de Saúde do Alto Minho, EPE","41.7056054, -8.8252713",109920.0,19091.0,4206.0,,133217.0
2013-11,2013/11/01,Região de Saúde do Alentejo,"Unidade Local de Saúde do Litoral Alentejano, EPE","38.0162314, -8.6956768",83577.0,,,,83577.0
2013-11,2013/11/01,Região de Saúde do Algarve,"Centro Hospitalar Universitário do Algarve,EPE","37.0238973, -7.9281554",144387.0,68476.0,9898.0,,222761.0
2013-11,2013/11/01,Região de Saúde do Centro,"Centro Hospitalar Tondela-Viseu, EPE","40.516364, -8.0827433",113481.0,32012.0,13036.0,,158529.0
2013-11,2013/11/01,Região de Saúde LVT,"Centro Hospitalar Barreiro/Montijo, EPE","38.6554005, -9.0592392",92967.0,34014.0,8676.0,,135657.0
2013-11,2013/11/01,Região de Saúde LVT,"Hospital Professor Doutor Fernando Fonseca, EPE","38.7422257, -9.2264834",168074.0,56298.0,17518.0,,241890.0
2013-11,2013/11/01,Região de Saúde Norte,"Centro Hospitalar do Médio Ave, EPE","41.3423984, -8.4802503",86184.0,30000.0,3913.0,,120097.0
2013-11,2013/11/01,Região de Saúde Norte,"Centro Hospitalar Entre Douro e Vouga, EPE","40.9293884, -8.5458794",124753.0,31926.0,7968.0,,164647.0
2013-11,2013/11/01,Região de Saúde Norte,"Centro Hospitalar Tâmega e Sousa, EPE","41.2494561, -8.264901",132170.0,35623.0,11877.0,,179670.0
2013-11,2013/11/01,Região de Saúde Norte,"Centro Hospitalar Vila Nova de Gaia/Espinho, EPE","41.1094138, -8.5972617",106345.0,39601.0,10866.0,,156812.0
2013-11,2013/11/01,Região de Saúde Norte,"Hospital de Braga, PPP","41.56785, -8.398982",119651.0,38227.0,11443.0,,169321.0
2013-12,2013/12/01,Região de Saúde do Alentejo,"Unidade Local de Saúde do Norte Alentejano, EPE","39.3003425, -7.4263845",82718.0,10322.0,1020.0,,94060.0
2013-12,2013/12/01,Região de Saúde do Centro,"Centro Hospitalar Universitário Cova da Beira, EPE","40.2804158, -7.4922407",60084.0,17680.0,1528.0,,79292.0
2013-12,2013/12/01,Região de Saúde do Centro,"Hospital Distrital da Figueira da Foz, EPE","40.117897, -8.8586755",52157.0,19522.0,,,71679.0
2013-12,2013/12/01,Região de Saúde LVT,"Centro Hospitalar Barreiro/Montijo, EPE","38.6554005, -9.0592392",101701.0,37421.0,9467.0,,148589.0
2013-12,2013/12/01,Região de Saúde LVT,"Centro Hospitalar de Lisboa Ocidental, EPE","38.708454, -9.216985",108233.0,33597.0,14977.0,,156807.0
2013-12,2013/12/01,Região de Saúde LVT,"Centro Hospitalar do Oeste, EPE","39.4054629, -9.1258493",141516.0,53690.0,11816.0,,207022.0
2013-12,2013/12/01,Região de Saúde LVT,"Centro Hospitalar Médio Tejo, EPE","39.478072, -8.5404429",121892.0,28223.0,2427.0,,152542.0
2013-12,2013/12/01,Região de Saúde LVT,"Hospital de Cascais, PPP","38.729006, -9.418267",84753.0,53943.0,14501.0,,153197.0
2013-12,2013/12/01,Região de Saúde LVT,"Hospital de Loures, PPP","38.821455, -9.176296",120407.0,53217.0,11500.0,,185124.0
2013-12,2013/12/01,Região de Saúde Norte,"Centro Hospitalar do Alto Ave, EPE","41.4387173, -8.3086907",102386.0,38125.0,7098.0,,147609.0
2013-12,2013/12/01,Região de Saúde Norte,"Centro Hospitalar Tâmega e Sousa, EPE","41.2494561, -8.264901",144955.0,39355.0,13070.0,,197380.0
2013-12,2013/12/01,Região de Saúde Norte,"Hospital de Braga, PPP","41.56785, -8.398982",130543.0,42008.0,12581.0,,185132.0
2014-01,2014/01/01,Região de Saúde do Alentejo,"Unidade Local de Saúde do Norte Alentejano, EPE","39.3003425, -7.4263845",7571.0,1057.0,86.0,,8714.0
2014-01,2014/01/01,Região de Saúde do Centro,"Centro Hospitalar do Baixo Vouga, EPE","40.6362453, -8.6543716",9585.0,3836.0,497.0,,13918.0
2014-01,2014/01/01,Região de Saúde do Centro,"Centro Hospitalar Tondela-Viseu, EPE","40.516364, -8.0827433",10904.0,3375.0,1250.0,,15529.0
2014-01,2014/01/01,Região de Saúde LVT,"Centro Hospitalar Universitário Lisboa Central, EPE","38.7166948, -9.1371248",12311.0,7817.0,1756.0,587.0,22471.0
2014-01,2014/01/01,Região de Saúde LVT,"Centro Hospitalar do Oeste, EPE","39.4054629, -9.1258493",10136.0,5129.0,840.0,,16105.0
2014-01,2014/01/01,Região de Saúde LVT,"Centro Hospitalar Universitário de Lisboa Norte, EPE","38.7500861, -9.1616116",13641.0,4065.0,1244.0,,18950.0
2014-01,2014/01/01,Região de Saúde LVT,"Hospital de Loures, PPP","38.821455, -9.176296",11297.0,5980.0,1081.0,,18358.0
2014-01,2014/01/01,Região de Saúde Norte,"Centro Hospitalar Universitário de São João, EPE","41.1831056, -8.6010558",15569.0,7794.0,1070.0,,24433.0
2014-01,2014/01/01,Região de Saúde Norte,"Centro Hospitalar Tâmega e Sousa, EPE","41.2494561, -8.264901",13533.0,3951.0,1143.0,,18627.0
2014-01,2014/01/01,Região de Saúde Norte,"Centro Hospitalar Trás-os-Montes e Alto Douro, EPE","41.3031784, -7.7515252",13935.0,2394.0,268.0,,16597.0
2014-01,2014/01/01,Região de Saúde Norte,"Hospital de Braga, PPP","41.56785, -8.398982",11267.0,4377.0,1097.0,,16741.0
2014-02,2014/02/01,Região de Saúde do Alentejo,"Hospital Espírito Santo de Évora, EPE","38.5684861, -7.9032848",8427.0,3749.0,,,12176.0
2014-02,2014/02/01,Região de Saúde LVT,"Centro Hospitalar Universitário Lisboa Central, EPE","38.7166948, -9.1371248",23812.0,14315.0,3331.0,1136.0,42594.0
2014-02,2014/02/01,Região de Saúde LVT,"Centro Hospitalar Médio Tejo, EPE","39.478072, -8.5404429",19497.0,5643.0,388.0,,25528.0
2014-02,2014/02/01,Região de Saúde LVT,"Hospital de Loures, PPP","38.821455, -9.176296",20755.0,10667.0,1980.0,,33402.0
2014-02,2014/02/01,Região de Saúde Norte,"Centro Hospitalar Universitário de São João, EPE","41.1831056, -8.6010558",29172.0,14306.0,2011.0,,45489.0
2014-02,2014/02/01,Região de Saúde Norte,"Centro Hospitalar do Médio Ave, EPE","41.3423984, -8.4802503",15930.0,6570.0,706.0,,23206.0
2014-02,2014/02/01,Região de Saúde Norte,"Centro Hospitalar Póvoa de Varzim/Vila do Conde, EPE","41.3828711, -8.7589945",13136.0,,,,13136.0
2014-03,2014/03/01,Região de Saúde do Centro,"Hospital Distrital da Figueira da Foz, EPE","40.117897, -8.8586755",12188.0,5588.0,,,17776.0
2014-03,2014/03/01,Região de Saúde do Centro,"Unidade Local de Saúde da Guarda, EPE","40.5309916, -7.2734793",17311.0,3141.0,1050.0,,21502.0
2014-03,2014/03/01,Região de Saúde LVT,"Centro Hospitalar de Lisboa Ocidental, EPE","38.708454, -9.216985",25995.0,9783.0,3704.0,,39482.0
2014-03,2014/03/01,Região de Saúde LVT,"Hospital de Loures, PPP","38.821455, -9.176296",31265.0,15739.0,3003.0,,50007.0
2014-03,2014/03/01,Região de Saúde Norte,"Hospital Santa Maria Maior, EPE","41.5324234, -8.6171561",12415.0,5513.0,,,17928.0
2014-04,2014/04/01,Região de Saúde do Alentejo,"Unidade Local de Saúde do Norte Alentejano, EPE","39.3003425, -7.4263845",28108.0,3582.0,337.0,,32027.0
2014-04,2014/04/01,Região de Saúde do Centro,"Centro Hospitalar Universitário Cova da Beira, EPE","40.2804158, -7.4922407",18955.0,6035.0,441.0,,25431.0
2014-04,2014/04/01,Região de Saúde do Centro,"Hospital Distrital da Figueira da Foz, EPE","40.117897, -8.8586755",16321.0,7134.0,,,23455.0
2014-04,2014/04/01,Região de Saúde LVT,"Centro Hospitalar Universitário de Lisboa Norte, EPE","38.7500861, -9.1616116",49840.0,13774.0,4865.0,,68479.0
2014-04,2014/04/01,Região de Saúde LVT,"Hospital Professor Doutor Fernando Fonseca, EPE","38.7422257, -9.2264834",61974.0,21448.0,6272.0,,89694.0
2014-04,2014/04/01,Região de Saúde Norte,"Centro Hospitalar do Alto Ave, EPE","41.4387173, -8.3086907",33923.0,12685.0,2175.0,,48783.0
2014-05,2014/05/01,Região de Saúde do Algarve,"Centro Hospitalar Universitário do Algarve,EPE","37.0238973, -7.9281554",58261.0,30329.0,6551.0,,95141.0
2014-05,2014/05/01,Região de Saúde LVT,"Centro Hospitalar do Oeste, EPE","39.4054629, -9.1258493",47135.0,22287.0,3916.0,,73338.0
2014-05,2014/05/01,Região de Saúde LVT,"Hospital Garcia de Orta, EPE","38.6658713, -9.1822554",35524.0,19111.0,6459.0,,61094.0
2014-05,2014/05/01,Região de Saúde Norte,"Centro Hospitalar Entre Douro e Vouga, EPE","40.9293884, -8.5458794",55469.0,15068.0,3417.0,,73954.0
2014-05,2014/05/01,Região de Saúde Norte,"Centro Hospitalar Póvoa de Varzim/Vila do Conde, EPE","41.3828711, -8.7589945",32019.0,,,,32019.0
2014-05,2014/05/01,Região de Saúde Norte,"Unidade Local de Saúde do Alto Minho, EPE","41.7056054, -8.8252713",54752.0,10659.0,1718.0,,67129.0
2014-06,2014/06/01,Região de Saúde do Centro,"Centro Hospitalar de Leiria, EPE","39.7414812, -8.7982706",70035.0,22465.0,5169.0,,97669.0
2014-06,2014/06/01,Região de Saúde do Centro,"Centro Hospitalar e Universitário de Coimbra, EPE","40.2191523, -8.4098211",95711.0,31223.0,13299.0,,140233.0
2014-06,2014/06/01,Região de Saúde do Centro,"Hospital Distrital da Figueira da Foz, EPE","40.117897, -8.8586755",24452.0,10282.0,,,34734.0
2014-06,2014/06/01,Região de Saúde do Centro,"Unidade Local de Saúde de Castelo Branco, EPE","39.8212263, -7.4981271",24069.0,7221.0,577.0,,31867.0
2014-06,2014/06/01,Região de Saúde LVT,"Centro Hospitalar do Oeste, EPE","39.4054629, -9.1258493",56562.0,26313.0,4711.0,,87586.0
2014-06,2014/06/01,Região de Saúde LVT,"Hospital de Cascais, PPP","38.729006, -9.418267",43302.0,28553.0,7517.0,,79372.0
2014-06,2014/06/01,Região de Saúde Norte,"Centro Hospitalar Entre Douro e Vouga, EPE","40.9293884, -8.5458794",66880.0,18189.0,4127.0,,89196.0
2014-06,2014/06/01,Região de Saúde Norte,"Hospital de Braga, PPP","41.56785, -8.398982",64995.0,23131.0,6261.0,,94387.0
2014-07,2014/07/01,Região de Saúde do Alentejo,"Unidade Local de Saúde do Litoral Alentejano, EPE","38.0162314, -8.6956768",55566.0,,,,55566.0
2014-07,2014/07/01,Região de Saúde do Alentejo,"Unidade Local de Saúde do Norte Alentejano, EPE","39.3003425, -7.4263845",49343.0,6076.0,554.0,,55973.0
2014-07,2014/07/01,Região de Saúde do Centro,"Centro Hospitalar Tondela-Viseu, EPE","40.516364, -8.0827433",74167.0,21796.0,8122.0,,104085.0
2014-07,2014/07/01,Região de Saúde LVT,"Centro Hospitalar Barreiro/Montijo, EPE","38.6554005, -9.0592392",58471.0,21512.0,5576.0,,85559.0
2014-07,2014/07/01,Região de Saúde LVT,"Centro Hospitalar do Oeste, EPE","39.4054629, -9.1258493",66982.0,30031.0,5628.0,,102641.0
2014-07,2014/07/01,Região de Saúde LVT,"Centro Hospitalar Médio Tejo, EPE","39.478072, -8.5404429",67844.0,16687.0,1334.0,,85865.0
2014-07,2014/07/01,Região de Saúde LVT,"Hospital de Cascais, PPP","38.729006, -9.418267",50744.0,32416.0,8807.0,,91967.0
2014-07,2014/07/01,Região de Saúde LVT,"Hospital Garcia de Orta, EPE","38.6658713, -9.1822554",50777.0,26009.0,9157.0,,85943.0
2014-07,2014/07/01,Região de Saúde Norte,"Centro Hospitalar do Médio Ave, EPE","41.3423984, -8.4802503",54518.0,20380.0,2863.0,,77761.0
2014-07,2014/07/01,Região de Saúde Norte,"Centro Hospitalar Entre Douro e Vouga, EPE","40.9293884, -8.5458794",78497.0,20813.0,4890.0,,104200.0
2014-07,2014/07/01,Região de Saúde Norte,"Hospital de Braga, PPP","41.56785, -8.398982",76394.0,26457.0,7534.0,,110385.0
2014-07,2014/07/01,Região de Saúde Norte,"Hospital Santa Maria Maior, EPE","41.5324234, -8.6171561",28853.0,11628.0,,,40481.0
2014-07,2014/07/01,Região de Saúde Norte,"Unidade Local de Saúde do Alto Minho, EPE","41.7056054, -8.8252713",76568.0,14124.0,2538.0,,93230.0
2014-08,2014/08/01,Região de Saúde do Alentejo,"Unidade Local de Saúde do Baixo Alentejo, EPE","38.014123, -7.8721227",69542.0,10241.0,2404.0,,82187.0
2014-08,2014/08/01,Região de Saúde do Alentejo,"Unidade Local de Saúde do Norte Alentejano, EPE","39.3003425, -7.4263845",56189.0,6747.0,665.0,,63601.0
2014-08,2014/08/01,Região de Saúde do Centro,"Centro Hospitalar Tondela-Viseu, EPE","40.516364, -8.0827433",86253.0,24482.0,9469.0,,120204.0
2014-08,2014/08/01,Região de Saúde do Centro,"Unidade Local de Saúde da Guarda, EPE","40.5309916, -7.2734793",47999.0,8139.0,2784.0,,58922.0
2014-08,2014/08/01,Região de Saúde LVT,"Centro Hospitalar de Lisboa Ocidental, EPE","38.708454, -9.216985",69089.0,21943.0,10136.0,,101168.0
2014-08,2014/08/01,Região de Saúde Norte,"Hospital de Braga, PPP","41.56785, -8.398982",88312.0,29502.0,8835.0,,126649.0
2014-08,2014/08/01,Região de Saúde Norte,"Unidade Local de Saúde de Matosinhos, EPE","41.1794456, -8.6745115",51587.0,,5497.0,,57084.0
2014-09,2014/09/01,Região de Saúde do Alentejo,"Unidade Local de Saúde do Norte Alentejano, EPE","39.3003425, -7.4263845",62679.0,7356.0,781.0,,70816.0
2014-09,2014/09/01,Região de Saúde do Centro,"Centro Hospitalar Tondela-Viseu, EPE","40.516364, -8.0827433",96780.0,27062.0,10738.0,,134580.0
2014-09,2014/09/01,Região de Saúde LVT,"Centro Hospitalar Barreiro/Montijo, EPE","38.6554005, -9.0592392",74805.0,25650.0,7181.0,,107636.0
2014-09,2014/09/01,Região de Saúde LVT,"Centro Hospitalar Universitário de Lisboa Norte, EPE","38.7500861, -9.1616116",113517.0,28922.0,11289.0,,153728.0
2014-09,2014/09/01,Região de Saúde Norte,"Centro Hospitalar Póvoa de Varzim/Vila do Conde, EPE","41.3828711, -8.7589945",56565.0,,,,56565.0
2014-09,2014/09/01,Região de Saúde Norte,"Centro Hospitalar Vila Nova de Gaia/Espinho, EPE","41.1094138, -8.5972617",89344.0,31665.0,9098.0,,130107.0
2014-10,2014/10/01,Região de Saúde do Centro,"Centro Hospitalar do Baixo Vouga, EPE","40.6362453, -8.6543716",103293.0,31154.0,4960.0,,139407.0
2014-10,2014/10/01,Região de Saúde LVT,"Centro Hospitalar de Setúbal, EPE","38.5283754, -8.8818638",67111.0,34296.0,10894.0,,112301.0
2014-10,2014/10/01,Região de Saúde LVT,"Hospital Distrital de Santarém, EPE","39.2410946, -8.6937515",67898.0,29874.0,7383.0,,105155.0
2014-10,2014/10/01,Região de Saúde LVT,"Hospital Garcia de Orta, EPE","38.6658713, -9.1822554",74510.0,35917.0,13333.0,,123760.0
2014-10,2014/10/01,Região de Saúde Norte,"Centro Hospitalar Entre Douro e Vouga, EPE","40.9293884, -8.5458794",113082.0,28487.0,7220.0,,148789.0
2014-11,2014/11/01,Região de Saúde do Alentejo,"Hospital Espírito Santo de Évora, EPE","38.5684861, -7.9032848",48437.0,18668.0,,,67105.0
2014-11,2014/11/01,Região de Saúde do Alentejo,"Unidade Local de Saúde do Litoral Alentejano, EPE","38.0162314, -8.6956768",88048.0,,,,88048.0
2014-11,2014/11/01,Região de Saúde do Alentejo,"Unidade Local de Saúde do Norte Alentejano, EPE","39.3003425, -7.4263845",76207.0,9187.0,975.0,,86369.0
2014-11,2014/11/01,Região de Saúde do Centro,"Centro Hospitalar e Universitário de Coimbra, EPE","40.2191523, -8.4098211",177635.0,54996.0,25713.0,,258344.0
2014-11,2014/11/01,Região de Saúde LVT,"Centro Hospitalar de Setúbal, EPE","38.5283754, -8.8818638",73384.0,38189.0,11973.0,,123546.0
2014-11,2014/11/01,Região de Saúde LVT,"Centro Hospitalar do Oeste, EPE","39.4054629, -9.1258493",107540.0,45914.0,9178.0,,162632.0
2014-11,2014/11/01,Região de Saúde LVT,"Centro Hospitalar Médio Tejo, EPE","39.478072, -8.5404429",106563.0,24805.0,2209.0,,133577.0
2014-11,2014/11/01,Região de Saúde LVT,"Hospital Professor Doutor Fernando Fonseca, EPE","38.7422257, -9.2264834",171335.0,55777.0,18299.0,,245411.0
2014-11,2014/11/01,Região de Saúde Norte,"Centro Hospitalar Entre Douro e Vouga, EPE","40.9293884, -8.5458794",123788.0,31920.0,7936.0,,163644.0
2014-11,2014/11/01,Região de Saúde Norte,"Centro Hospitalar Póvoa de Varzim/Vila do Conde, EPE","41.3828711, -8.7589945",69164.0,,,,69164.0
2014-11,2014/11/01,Região de Saúde Norte,"Unidade Local de Saúde de Matosinhos, EPE","41.1794456, -8.6745115",71321.0,,7478.0,,78799.0
2014-12,2014/12/01,Região de Saúde do Alentejo,"Hospital Espírito Santo de Évora, EPE","38.5684861, -7.9032848",52777.0,20465.0,,,73242.0
2014-12,2014/12/01,Região de Saúde do Alentejo,"Unidade Local de Saúde do Litoral Alentejano, EPE","38.0162314, -8.6956768",95959.0,,,,95959.0
2014-12,2014/12/01,Região de Saúde do Alentejo,"Unidade Local de Saúde do Norte Alentejano, EPE","39.3003425, -7.4263845",82951.0,10153.0,1048.0,,94152.0
2014-12,2014/12/01,Região de Saúde do Centro,"Centro Hospitalar Universitário Cova da Beira, EPE","40.2804158, -7.4922407",56107.0,16243.0,1483.0,,73833.0
2014-12,2014/12/01,Região de Saúde do Centro,"Centro Hospitalar e Universitário de Coimbra, EPE","40.2191523, -8.4098211",193979.0,60755.0,28185.0,,282919.0
2014-12,2014/12/01,Região de Saúde LVT,"Centro Hospitalar Universitário Lisboa Central, EPE","38.7166948, -9.1371248",148618.0,77245.0,21641.0,7233.0,254737.0
2014-12,2014/12/01,Região de Saúde LVT,"Centro Hospitalar de Setúbal, EPE","38.5283754, -8.8818638",80174.0,42351.0,13029.0,,135554.0
2014-12,2014/12/01,Região de Saúde LVT,"Hospital de Loures, PPP","38.821455, -9.176296",125701.0,58314.0,12568.0,,196583.0
2014-12,2014/12/01,Região de Saúde Norte,"Unidade Local de Saúde do Nordeste, EPE","41.8056532, -6.7888197",113587.0,,,,113587.0
2015-01,2015/01/01,Região de Saúde do Centro,"Unidade Local de Saúde de Castelo Branco, EPE","39.8212263, -7.4981271",4696.0,1478.0,111.0,,6285.0
2015-01,2015/01/01,Região de Saúde LVT,"Centro Hospitalar Universitário de Lisboa Norte, EPE","38.7500861, -9.1616116",12446.0,4139.0,1194.0,,17779.0
2015-01,2015/01/01,Região de Saúde LVT,"Hospital de Cascais, PPP","38.729006, -9.418267",7634.0,5209.0,1372.0,,14215.0
2015-01,2015/01/01,Região de Saúde LVT,"Hospital de Vila Franca de Xira, PPP","38.977235, -8.984506",7273.0,3706.0,649.0,,11628.0
2015-01,2015/01/01,Região de Saúde LVT,"Hospital Garcia de Orta, EPE","38.6658713, -9.1822554",7425.0,4202.0,1288.0,,12915.0
2015-01,2015/01/01,Região de Saúde Norte,"Hospital Santa Maria Maior, EPE","41.5324234, -8.6171561",4339.0,2155.0,,,6494.0
2015-01,2015/01/01,Região de Saúde Norte,"Unidade Local de Saúde do Nordeste, EPE","41.8056532, -6.7888197",11490.0,,,,11490.0
2015-02,2015/02/01,Região de Saúde do Alentejo,"Unidade Local de Saúde do Litoral Alentejano, EPE","38.0162314, -8.6956768",16212.0,,,,16212.0
2015-02,2015/02/01,Região de Saúde do Centro,"Centro Hospitalar Universitário Cova da Beira, EPE","40.2804158, -7.4922407",9520.0,3631.0,270.0,,13421.0
2015-02,2015/02/01,Região de Saúde LVT,"Hospital Garcia de Orta, EPE","38.6658713, -9.1822554",13638.0,7716.0,2426.0,,23780.0
2015-02,2015/02/01,Região de Saúde Norte,"Hospital da Senhora da Oliveira, Guimarães, EPE","41.4387173, -8.3086907",12063.0,7178.0,1125.0,,20366.0
2015-03,2015/03/01,Região de Saúde do Alentejo,"Unidade Local de Saúde do Litoral Alentejano, EPE","38.0162314, -8.6956768",24111.0,,,,24111.0
2015-03,2015/03/01,Região de Saúde do Algarve,"Centro Hospitalar Universitário do Algarve,EPE","37.0238973, -7.9281554",63273.0,20038.0,4147.0,,87458.0
2015-03,2015/03/01,Região de Saúde do Centro,"Hospital Distrital da Figueira da Foz, EPE","40.117897, -8.8586755",13239.0,5832.0,,,19071.0
2015-03,2015/03/01,Região de Saúde do Centro,"Unidade Local de Saúde da Guarda, EPE","40.5309916, -7.2734793",22957.0,3868.0,968.0,,27793.0
2015-03,2015/03/01,Região de Saúde LVT,"Centro Hospitalar Universitário Lisboa Central, EPE","38.7166948, -9.1371248",34975.0,20607.0,5064.0,1697.0,62343.0
2015-03,2015/03/01,Região de Saúde LVT,"Hospital de Vila Franca de Xira, PPP","38.977235, -8.984506",20156.0,9721.0,1980.0,,31857.0
2015-03,2015/03/01,Região de Saúde LVT,"Hospital Garcia de Orta, EPE","38.6658713, -9.1822554",20575.0,11715.0,3799.0,,36089.0
2015-03,2015/03/01,Região de Saúde Norte,"Centro Hospitalar do Médio Ave, EPE","41.3423984, -8.4802503",22157.0,9341.0,1523.0,,33021.0
2015-03,2015/03/01,Região de Saúde Norte,"Centro Hospitalar Universitário do Porto, EPE","41.1472498, -8.6172617",28626.0,,3647.0,,32273.0
2015-03,2015/03/01,Região de Saúde Norte,"Centro Hospitalar Póvoa de Varzim/Vila do Conde, EPE","41.3828711, -8.7589945",19178.0,,,,19178.0
2015-03,2015/03/01,Região de Saúde Norte,"Centro Hospitalar Tâmega e Sousa, EPE","41.2494561, -8.264901",36805.0,11590.0,3183.0,,51578.0
2015-04,2015/04/01,Região de Saúde do Alentejo,"Unidade Local de Saúde do Baixo Alentejo, EPE","38.014123, -7.8721227",30667.0,6586.0,1165.0,,38418.0
2015-04,2015/04/01,Região de Saúde do Centro,"Unidade Local de Saúde da Guarda, EPE","40.5309916, -7.2734793",29225.0,5064.0,1346.0,,35635.0
2015-04,2015/04/01,Região de Saúde do Centro,"Unidade Local de Saúde de Castelo Branco, EPE","39.8212263, -7.4981271",16585.0,4893.0,509.0,,21987.0
2015-04,2015/04/01,Região de Saúde LVT,"Centro Hospitalar Barreiro/Montijo, EPE","38.6554005, -9.0592392",32752.0,12055.0,2940.0,,47747.0
2015-04,2015/04/01,Região de Saúde LVT,"Hospital Distrital de Santarém, EPE","39.2410946, -8.6937515",25493.0,13278.0,2968.0,,41739.0
2015-04,2015/04/01,Região de Saúde Norte,"Centro Hospitalar do Médio Ave, EPE","41.3423984, -8.4802503",29130.0,12219.0,2003.0,,43352.0
2015-04,2015/04/01,Região de Saúde Norte,"Centro Hospitalar Universitário do Porto, EPE","41.1472498, -8.6172617",38357.0,,4912.0,,43269.0
2015-04,2015/04/01,Região de Saúde Norte,"Hospital de Braga, PPP","41.56785, -8.398982",42954.0,16688.0,4415.0,,64057.0
2015-04,2015/04/01,Região de Saúde Norte,"Unidade Local de Saúde do Alto Minho, EPE","41.7056054, -8.8252713",45056.0,8468.0,1500.0,,55024.0
2015-05,2015/05/01,Região de Saúde do Centro,"Centro Hospitalar e Universitário de Coimbra, EPE","40.2191523, -8.4098211",79701.0,26779.0,11980.0,,118460.0
2015-05,2015/05/01,Região de Saúde do Centro,"Centro Hospitalar Tondela-Viseu, EPE","40.516364, -8.0827433",52968.0,16467.0,6231.0,,75666.0
2015-05,2015/05/01,Região de Saúde LVT,"Centro Hospitalar Barreiro/Montijo, EPE","38.6554005, -9.0592392",41186.0,15207.0,3667.0,,60060.0
2015-05,2015/05/01,Região de Saúde LVT,"Centro Hospitalar Médio Tejo, EPE","39.478072, -8.5404429",47007.0,12494.0,1006.0,,60507.0
2015-05,2015/05/01,Região de Saúde LVT,"Hospital Professor Doutor Fernando Fonseca, EPE","38.7422257, -9.2264834",74376.0,25528.0,7664.0,,107568.0
2015-05,2015/05/01,Região de Saúde LVT,"Hospital Garcia de Orta, EPE","38.6658713, -9.1822554",34770.0,19424.0,6531.0,,60725.0
2015-05,2015/05/01,Região de Saúde Norte,"Centro Hospitalar Póvoa de Varzim/Vila do Conde, EPE","41.3828711, -8.7589945",31061.0,,,,31061.0
2015-05,2015/05/01,Região de Saúde Norte,"Centro Hospitalar Trás-os-Montes e Alto Douro, EPE","41.3031784, -7.7515252",63960.0,9468.0,1492.0,,74920.0
2015-06,2015/06/01,Região de Saúde do Alentejo,"Unidade Local de Saúde do Litoral Alentejano, EPE","38.0162314, -8.6956768",48233.0,,,,48233.0
2015-06,2015/06/01,Região de Saúde do Centro,"Centro Hospitalar Universitário Cova da Beira, EPE","40.2804158, -7.4922407",27365.0,9301.0,733.0,,37399.0
2015-06,2015/06/01,Região de Saúde do Centro,"Centro Hospitalar do Baixo Vouga, EPE","40.6362453, -8.6543716",60106.0,19026.0,2985.0,,82117.0
2015-06,2015/06/01,Região de Saúde LVT,"Centro Hospitalar de Setúbal, EPE","38.5283754, -8.8818638",40506.0,22030.0,6667.0,,69203.0
2015-06,2015/06/01,Região de Saúde LVT,"Centro Hospitalar Universitário de Lisboa Norte, EPE","38.7500861, -9.1616116",72349.0,21656.0,7171.0,,101176.0
2015-06,2015/06/01,Região de Saúde LVT,"Hospital Distrital de Santarém, EPE","39.2410946, -8.6937515",39785.0,19686.0,3434.0,,62905.0
2015-06,2015/06/01,Região de Saúde Norte,"Centro Hospitalar do Médio Ave, EPE","41.3423984, -8.4802503",43809.0,18025.0,3148.0,,64982.0
2015-06,2015/06/01,Região de Saúde Norte,"Centro Hospitalar Entre Douro e Vouga, EPE","40.9293884, -8.5458794",64296.0,16736.0,4043.0,,85075.0
2015-06,2015/06/01,Região de Saúde Norte,"Centro Hospitalar Tâmega e Sousa, EPE","41.2494561, -8.264901",73731.0,21348.0,6604.0,,101683.0
2015-06,2015/06/01,Região de Saúde Norte,"Hospital da Senhora da Oliveira, Guimarães, EPE","41.4387173, -8.3086907",37803.0,20377.0,3517.0,,61697.0
2015-06,2015/06/01,Região de Saúde Norte,"Unidade Local de Saúde do Alto Minho, EPE","41.7056054, -8.8252713",66266.0,12266.0,2331.0,,80863.0
2015-07,2015/07/01,Região de Saúde do Alentejo,"Hospital Espírito Santo de Évora, EPE","38.5684861, -7.9032848",30153.0,12060.0,,,42213.0
2015-07,2015/07/01,Região de Saúde do Centro,"Centro Hospitalar do Baixo Vouga, EPE","40.6362453, -8.6543716",70810.0,21729.0,3541.0,,96080.0
2015-07,2015/07/01,Região de Saúde do Centro,"Centro Hospitalar e Universitário de Coimbra, EPE","40.2191523, -8.4098211",112027.0,35659.0,17210.0,,164896.0
2015-07,2015/07/01,Região de Saúde LVT,"Centro Hospitalar Universitário Lisboa Central, EPE","38.7166948, -9.1371248",84027.0,44560.0,12316.0,4225.0,145128.0
2015-07,2015/07/01,Região de Saúde LVT,"Centro Hospitalar do Oeste, EPE","39.4054629, -9.1258493",66774.0,29823.0,5955.0,,102552.0
2015-07,2015/07/01,Região de Saúde LVT,"Centro Hospitalar Universitário de Lisboa Norte, EPE","38.7500861, -9.1616116",85081.0,24927.0,8515.0,,118523.0
2015-07,2015/07/01,Região de Saúde LVT,"Hospital de Loures, PPP","38.821455, -9.176296",70961.0,35475.0,8569.0,,115005.0
2015-07,2015/07/01,Região de Saúde Norte,"Unidade Local de Saúde do Alto Minho, EPE","41.7056054, -8.8252713",77552.0,13898.0,2737.0,,94187.0
2015-07,2015/07/01,Região de Saúde Norte,"Unidade Local de Saúde do Nordeste, EPE","41.8056532, -6.7888197",63643.0,,,,63643.0
2015-08,2015/08/01,Região de Saúde do Centro,"Centro Hospitalar Tondela-Viseu, EPE","40.516364, -8.0827433",86485.0,24889.0,10475.0,,121849.0
2015-08,2015/08/01,Região de Saúde do Centro,"Unidade Local de Saúde de Castelo Branco, EPE","39.8212263, -7.4981271",33247.0,8890.0,1074.0,,43211.0
2015-08,2015/08/01,Região de Saúde LVT,"Centro Hospitalar do Oeste, EPE","39.4054629, -9.1258493",78061.0,33016.0,6961.0,,118038.0
2015-08,2015/08/01,Região de Saúde LVT,"Centro Hospitalar Universitário de Lisboa Norte, EPE","38.7500861, -9.1616116",97385.0,27566.0,9825.0,,134776.0
2015-08,2015/08/01,Região de Saúde LVT,"Hospital Professor Doutor Fernando Fonseca, EPE","38.7422257, -9.2264834",119310.0,37479.0,12727.0,,169516.0
2015-08,2015/08/01,Região de Saúde LVT,"Hospital Garcia de Orta, EPE","38.6658713, -9.1822554",57904.0,29294.0,10776.0,,97974.0
2015-08,2015/08/01,Região de Saúde Norte,"Centro Hospitalar Tâmega e Sousa, EPE","41.2494561, -8.264901",99962.0,26158.0,9254.0,,135374.0
2015-08,2015/08/01,Região de Saúde Norte,"Unidade Local de Saúde do Nordeste, EPE","41.8056532, -6.7888197",73361.0,,,,73361.0
2015-09,2015/09/01,Região de Saúde do Alentejo,"Unidade Local de Saúde do Norte Alentejano, EPE","39.3003425, -7.4263845",61332.0,7899.0,1004.0,,70235.0
2015-09,2015/09/01,Região de Saúde do Centro,"Centro Hospitalar Tondela-Viseu, EPE","40.516364, -8.0827433",96435.0,27256.0,11843.0,,135534.0
2015-09,2015/09/01,Região de Saúde LVT,"Centro Hospitalar Universitário Lisboa Central, EPE","38.7166948, -9.1371248",108603.0,54310.0,16090.0,5481.0,184484.0
2015-09,2015/09/01,Região de Saúde LVT,"Centro Hospitalar do Oeste, EPE","39.4054629, -9.1258493",87454.0,36363.0,7880.0,,131697.0
2015-09,2015/09/01,Região de Saúde LVT,"Centro Hospitalar Universitário de Lisboa Norte, EPE","38.7500861, -9.1616116",110038.0,30724.0,11156.0,,151918.0
2015-09,2015/09/01,Região de Saúde LVT,"Hospital de Cascais, PPP","38.729006, -9.418267",65166.0,40457.0,12696.0,,118319.0
2015-09,2015/09/01,Região de Saúde LVT,"Hospital Distrital de Santarém, EPE","39.2410946, -8.6937515",60915.0,27045.0,5279.0,,93239.0
2015-09,2015/09/01,Região de Saúde LVT,"Hospital Garcia de Orta, EPE","38.6658713, -9.1822554",65313.0,32563.0,12227.0,,110103.0
2015-09,2015/09/01,Região de Saúde Norte,"Centro Hospitalar do Médio Ave, EPE","41.3423984, -8.4802503",65258.0,24312.0,4888.0,,94458.0
2015-09,2015/09/01,Região de Saúde Norte,"Centro Hospitalar Entre Douro e Vouga, EPE","40.9293884, -8.5458794",97056.0,23165.0,6338.0,,126559.0
2015-10,2015/10/01,Região de Saúde do Alentejo,"Unidade Local de Saúde do Baixo Alentejo, EPE","38.014123, -7.8721227",71514.0,14160.0,3184.0,,88858.0
2015-10,2015/10/01,Região de Saúde LVT,"Centro Hospitalar de Lisboa Ocidental, EPE","38.708454, -9.216985",85235.0,26582.0,12859.0,,124676.0
2015-10,2015/10/01,Região de Saúde LVT,"Centro Hospitalar do Oeste, EPE","39.4054629, -9.1258493",96971.0,41145.0,8743.0,,146859.0
2015-10,2015/10/01,Região de Saúde LVT,"Centro Hospitalar Universitário de Lisboa Norte, EPE","38.7500861, -9.1616116",122971.0,34640.0,12569.0,,170180.0
2015-10,2015/10/01,Região de Saúde LVT,"Hospital Garcia de Orta, EPE","38.6658713, -9.1822554",72780.0,36791.0,13634.0,,123205.0
2015-10,2015/10/01,Região de Saúde Norte,"Centro Hospitalar Universitário de São João, EPE","41.1831056, -8.6010558",133298.0,61981.0,11678.0,,206957.0
2015-10,2015/10/01,Região de Saúde Norte,"Centro Hospitalar Entre Douro e Vouga, EPE","40.9293884, -8.5458794",108246.0,26117.0,7174.0,,141537.0
2015-10,2015/10/01,Região de Saúde Norte,"Hospital da Senhora da Oliveira, Guimarães, EPE","41.4387173, -8.3086907",64672.0,31437.0,6175.0,,102284.0
2015-11,2015/11/01,Região de Saúde do Alentejo,"Unidade Local de Saúde do Baixo Alentejo, EPE","38.014123, -7.8721227",78380.0,15552.0,3524.0,,97456.0
2015-11,2015/11/01,Região de Saúde do Centro,"Centro Hospitalar de Leiria, EPE","39.7414812, -8.7982706",130036.0,37294.0,10764.0,,178094.0
2015-11,2015/11/01,Região de Saúde do Centro,"Centro Hospitalar e Universitário de Coimbra, EPE","40.2191523, -8.4098211",176402.0,55507.0,27747.0,,259656.0
2015-11,2015/11/01,Região de Saúde LVT,"Centro Hospitalar Universitário Lisboa Central, EPE","38.7166948, -9.1371248",133121.0,68362.0,19510.0,6684.0,227677.0
2015-11,2015/11/01,Região de Saúde LVT,"Centro Hospitalar Universitário de Lisboa Norte, EPE","38.7500861, -9.1616116",135446.0,38601.0,13765.0,,187812.0
2015-11,2015/11/01,Região de Saúde LVT,"Hospital de Cascais, PPP","38.729006, -9.418267",79453.0,51350.0,15346.0,,146149.0
2015-11,2015/11/01,Região de Saúde Norte,"Centro Hospitalar Vila Nova de Gaia/Espinho, EPE","41.1094138, -8.5972617",105182.0,37026.0,11264.0,,153472.0
2015-11,2015/11/01,Região de Saúde Norte,"Hospital da Senhora da Oliveira, Guimarães, EPE","41.4387173, -8.3086907",70946.0,34656.0,6856.0,,112458.0
2015-11,2015/11/01,Região de Saúde Norte,"Hospital de Braga, PPP","41.56785, -8.398982",122407.0,42667.0,12329.0,,177403.0
2015-12,2015/12/01,Região de Saúde do Centro,"Centro Hospitalar Universitário Cova da Beira, EPE","40.2804158, -7.4922407",54358.0,17245.0,1470.0,,73073.0
2015-12,2015/12/01,Região de Saúde do Centro,"Centro Hospitalar de Leiria, EPE","39.7414812, -8.7982706",141997.0,41373.0,11810.0,,195180.0
2015-12,2015/12/01,Região de Saúde do Centro,"Hospital Distrital da Figueira da Foz, EPE","40.117897, -8.8586755",52038.0,20413.0,,,72451.0
2015-12,2015/12/01,Região de Saúde LVT,"Centro Hospitalar de Setúbal, EPE","38.5283754, -8.8818638",82865.0,42147.0,13695.0,,138707.0
2015-12,2015/12/01,Região de Saúde LVT,"Hospital de Cascais, PPP","38.729006, -9.418267",87072.0,57031.0,16736.0,,160839.0
2015-12,2015/12/01,Região de Saúde LVT,"Hospital Professor Doutor Fernando Fonseca, EPE","38.7422257, -9.2264834",173501.0,59060.0,19438.0,,251999.0
2015-12,2015/12/01,Região de Saúde LVT,"Hospital Garcia de Orta, EPE","38.6658713, -9.1822554",87452.0,45925.0,16359.0,,149736.0
2015-12,2015/12/01,Região de Saúde Norte,"Centro Hospitalar Universitário do Porto, EPE","41.1472498, -8.6172617",120005.0,,15891.0,,135896.0
2016-01,2016/01/01,Região de Saúde do Alentejo,"Unidade Local de Saúde do Litoral Alentejano, EPE","38.0162314, -8.6956768",8332.0,,,,8332.0
2016-01,2016/01/01,Região de Saúde do Centro,"Centro Hospitalar de Leiria, EPE","39.7414812, -8.7982706",12307.0,4516.0,1083.0,,17906.0
2016-01,2016/01/01,Região de Saúde do Centro,"Centro Hospitalar e Universitário de Coimbra, EPE","40.2191523, -8.4098211",15890.0,6505.0,2468.0,,24863.0
2016-01,2016/01/01,Região de Saúde LVT,"Centro Hospitalar de Lisboa Ocidental, EPE","38.708454, -9.216985",8940.0,3393.0,1362.0,,13695.0
2016-01,2016/01/01,Região de Saúde LVT,"Centro Hospitalar de Setúbal, EPE","38.5283754, -8.8818638",7293.0,4186.0,1242.0,,12721.0
2016-01,2016/01/01,Região de Saúde LVT,"Centro Hospitalar Universitário de Lisboa Norte, EPE","38.7500861, -9.1616116",13192.0,4457.0,1389.0,,19038.0
2016-01,2016/01/01,Região de Saúde LVT,"Centro Hospitalar Médio Tejo, EPE","39.478072, -8.5404429",10467.0,3169.0,264.0,,13900.0
2016-01,2016/01/01,Região de Saúde LVT,"Hospital de Cascais, PPP","38.729006, -9.418267",7717.0,5906.0,1303.0,,14926.0
2016-01,2016/01/01,Região de Saúde LVT,"Hospital Professor Doutor Fernando Fonseca, EPE","38.7422257, -9.2264834",16092.0,6119.0,1719.0,,23930.0
2016-01,2016/01/01,Região de Saúde Norte,"Centro Hospitalar Universitário de São João, EPE","41.1831056, -8.6010558",13035.0,6962.0,1206.0,,21203.0
2016-02,2016/02/01,Região de Saúde do Centro,"Hospital Distrital da Figueira da Foz, EPE","40.117897, -8.8586755",8602.0,4001.0,,,12603.0
2016-02,2016/02/01,Região de Saúde LVT,"Centro Hospitalar Barreiro/Montijo, EPE","38.6554005, -9.0592392",16371.0,6458.0,1329.0,,24158.0
2016-02,2016/02/01,Região de Saúde LVT,"Centro Hospitalar Médio Tejo, EPE","39.478072, -8.5404429",19738.0,5838.0,458.0,,26034.0
2016-02,2016/02/01,Região de Saúde LVT,"Hospital de Loures, PPP","38.821455, -9.176296",20410.0,11888.0,2591.0,,34889.0
2016-02,2016/02/01,Região de Saúde Norte,"Centro Hospitalar Universitário do Porto, EPE","41.1472498, -8.6172617",19267.0,,2542.0,,21809.0
2016-02,2016/02/01,Região de Saúde Norte,"Hospital Santa Maria Maior, EPE","41.5324234, -8.6171561",8304.0,3063.0,,,11367.0
2016-02,2016/02/01,Região de Saúde Norte,"Unidade Local de Saúde de Matosinhos, EPE","41.1794456, -8.6745115",12548.0,,1577.0,,14125.0
2016-03,2016/03/01,Região de Saúde do Algarve,"Centro Hospitalar Universitário do Algarve,EPE","37.0238973, -7.9281554",61173.0,18696.0,4711.0,0.0,84580.0
2016-03,2016/03/01,Região de Saúde do Centro,"Centro Hospitalar do Baixo Vouga, EPE","40.6362453, -8.6543716",31563.0,11282.0,1571.0,,44416.0
2016-03,2016/03/01,Região de Saúde LVT,"Hospital de Vila Franca de Xira, PPP","38.977235, -8.984506",20738.0,12693.0,1893.0,,35324.0
2016-03,2016/03/01,Região de Saúde LVT,"Hospital Distrital de Santarém, EPE","39.2410946, -8.6937515",21015.0,10245.0,1691.0,,32951.0
2016-03,2016/03/01,Região de Saúde LVT,"Hospital Professor Doutor Fernando Fonseca, EPE","38.7422257, -9.2264834",46395.0,16736.0,4953.0,,68084.0
2016-03,2016/03/01,Região de Saúde Norte,"Centro Hospitalar do Médio Ave, EPE","41.3423984, -8.4802503",21537.0,8769.0,1533.0,,31839.0
2016-03,2016/03/01,Região de Saúde Norte,"Unidade Local de Saúde do Nordeste, EPE","41.8056532, -6.7888197",29071.0,,,,29071.0
2016-04,2016/04/01,Região de Saúde do Centro,"Centro Hospitalar de Leiria, EPE","39.7414812, -8.7982706",48329.0,16061.0,4040.0,,68430.0
2016-04,2016/04/01,Região de Saúde do Centro,"Centro Hospitalar e Universitário de Coimbra, EPE","40.2191523, -8.4098211",64826.0,22805.0,9626.0,,97257.0
2016-04,2016/04/01,Região de Saúde do Centro,"Unidade Local de Saúde de Castelo Branco, EPE","39.8212263, -7.4981271",16943.0,4889.0,554.0,,22386.0
2016-04,2016/04/01,Região de Saúde LVT,"Centro Hospitalar Barreiro/Montijo, EPE","38.6554005, -9.0592392",33369.0,12553.0,2829.0,,48751.0
2016-04,2016/04/01,Região de Saúde Norte,"Centro Hospitalar Póvoa de Varzim/Vila do Conde, EPE","41.3828711, -8.7589945",25049.0,,,,25049.0
2016-04,2016/04/01,Região de Saúde Norte,"Hospital Santa Maria Maior, EPE","41.5324234, -8.6171561",17123.0,6497.0,,,23620.0
2016-04,2016/04/01,Região de Saúde Norte,"Unidade Local de Saúde do Nordeste, EPE","41.8056532, -6.7888197",38891.0,,,,38891.0
2016-05,2016/05/01,Região de Saúde do Alentejo,"Hospital Espírito Santo de Évora, EPE","38.5684861, -7.9032848",22337.0,9219.0,,,31556.0
2016-05,2016/05/01,Região de Saúde LVT,"Centro Hospitalar Médio Tejo, EPE","39.478072, -8.5404429",49610.0,13798.0,1310.0,,64718.0
2016-05,2016/05/01,Região de Saúde LVT,"Hospital de Loures, PPP","38.821455, -9.176296",51966.0,29747.0,6494.0,,88207.0
2016-05,2016/05/01,Região de Saúde LVT,"Hospital de Vila Franca de Xira, PPP","38.977235, -8.984506",35038.0,21774.0,3211.0,,60023.0
2016-05,2016/05/01,Região de Saúde LVT,"Hospital Distrital de Santarém, EPE","39.2410946, -8.6937515",35212.0,17553.0,2796.0,,55561.0
2016-05,2016/05/01,Região de Saúde Norte,"Centro Hospitalar Universitário do Porto, EPE","41.1472498, -8.6172617",52051.0,,6750.0,,58801.0
2016-05,2016/05/01,Região de Saúde Norte,"Centro Hospitalar Entre Douro e Vouga, EPE","40.9293884, -8.5458794",56069.0,16048.0,3773.0,,75890.0
2016-05,2016/05/01,Região de Saúde Norte,"Centro Hospitalar Vila Nova de Gaia/Espinho, EPE","41.1094138, -8.5972617",49200.0,19691.0,5168.0,,74059.0
2016-06,2016/06/01,Região de Saúde do Centro,"Unidade Local de Saúde de Castelo Branco, EPE","39.8212263, -7.4981271",25647.0,7386.0,817.0,,33850.0
2016-06,2016/06/01,Região de Saúde LVT,"Centro Hospitalar de Lisboa Ocidental, EPE","38.708454, -9.216985",52633.0,18419.0,7740.0,,78792.0
2016-06,2016/06/01,Região de Saúde LVT,"Hospital de Cascais, PPP","38.729006, -9.418267",44951.0,31656.0,7455.0,,84062.0
2016-06,2016/06/01,Região de Saúde LVT,"Hospital Professor Doutor Fernando Fonseca, EPE","38.7422257, -9.2264834",92272.0,32516.0,9963.0,,134751.0
2016-06,2016/06/01,Região de Saúde Norte,"Centro Hospitalar Universitário do Porto, EPE","41.1472498, -8.6172617",62712.0,,8106.0,,70818.0
2016-07,2016/07/01,Região de Saúde do Alentejo,"Unidade Local de Saúde do Litoral Alentejano, EPE","38.0162314, -8.6956768",58540.0,,,,58540.0
2016-07,2016/07/01,Região de Saúde do Centro,"Centro Hospitalar Tondela-Viseu, EPE","40.516364, -8.0827433",71434.0,21837.0,8914.0,,102185.0
2016-07,2016/07/01,Região de Saúde do Centro,"Unidade Local de Saúde da Guarda, EPE","40.5309916, -7.2734793",51319.0,9536.0,2285.0,,63140.0
2016-07,2016/07/01,Região de Saúde Norte,"Centro Hospitalar Trás-os-Montes e Alto Douro, EPE","41.3031784, -7.7515252",89691.0,13403.0,2706.0,,105800.0
2016-07,2016/07/01,Região de Saúde Norte,"Hospital de Braga, PPP","41.56785, -8.398982",83586.0,29638.0,8440.0,,121664.0
2016-07,2016/07/01,Região de Saúde Norte,"Unidade Local de Saúde do Nordeste, EPE","41.8056532, -6.7888197",66300.0,,,,66300.0
2016-08,2016/08/01,Região de Saúde do Alentejo,"Unidade Local de Saúde do Baixo Alentejo, EPE","38.014123, -7.8721227",57359.0,12021.0,2745.0,,72125.0
2016-08,2016/08/01,Região de Saúde do Centro,"Centro Hospitalar Universitário Cova da Beira, EPE","40.2804158, -7.4922407",38329.0,12441.0,954.0,,51724.0
2016-08,2016/08/01,Região de Saúde LVT,"Centro Hospitalar do Oeste, EPE","39.4054629, -9.1258493",86067.0,31900.0,7084.0,,125051.0
2016-08,2016/08/01,Região de Saúde LVT,"Hospital de Vila Franca de Xira, PPP","38.977235, -8.984506",56266.0,30449.0,5283.0,,91998.0
2016-08,2016/08/01,Região de Saúde Norte,"Centro Hospitalar do Médio Ave, EPE","41.3423984, -8.4802503",60026.0,21798.0,4333.0,,86157.0
2016-08,2016/08/01,Região de Saúde Norte,"Centro Hospitalar Entre Douro e Vouga, EPE","40.9293884, -8.5458794",90478.0,23274.0,6016.0,,119768.0
2016-08,2016/08/01,Região de Saúde Norte,"Centro Hospitalar Trás-os-Montes e Alto Douro, EPE","41.3031784, -7.7515252",104600.0,15098.0,3209.0,,122907.0
2016-08,2016/08/01,Região de Saúde Norte,"Unidade Local de Saúde do Alto Minho, EPE","41.7056054, -8.8252713",94235.0,13129.0,4369.0,,111733.0
2016-09,2016/09/01,Região de Saúde do Centro,"Unidade Local de Saúde de Castelo Branco, EPE","39.8212263, -7.4981271",39075.0,9942.0,1299.0,,50316.0
2016-09,2016/09/01,Região de Saúde LVT,"Centro Hospitalar Barreiro/Montijo, EPE","38.6554005, -9.0592392",75328.0,25692.0,6655.0,,107675.0
2016-09,2016/09/01,Região de Saúde LVT,"Centro Hospitalar de Lisboa Ocidental, EPE","38.708454, -9.216985",79144.0,24804.0,11975.0,,115923.0
2016-09,2016/09/01,Região de Saúde LVT,"Centro Hospitalar Médio Tejo, EPE","39.478072, -8.5404429",89507.0,21250.0,2627.0,,113384.0
2016-09,2016/09/01,Região de Saúde LVT,"Hospital de Loures, PPP","38.821455, -9.176296",93191.0,46434.0,12021.0,,151646.0
2016-09,2016/09/01,Região de Saúde Norte,"Centro Hospitalar Tâmega e Sousa, EPE","41.2494561, -8.264901",116447.0,29723.0,10919.0,,157089.0
2016-09,2016/09/01,Região de Saúde Norte,"Hospital da Senhora da Oliveira, Guimarães, EPE","41.4387173, -8.3086907",64947.0,23443.0,7281.0,,95671.0
2016-09,2016/09/01,Região de Saúde Norte,"Unidade Local de Saúde do Nordeste, EPE","41.8056532, -6.7888197",85345.0,,,,85345.0
2016-10,2016/10/01,Região de Saúde do Centro,"Centro Hospitalar Universitário Cova da Beira, EPE","40.2804158, -7.4922407",47217.0,14738.0,1121.0,,63076.0
2016-10,2016/10/01,Região de Saúde LVT,"Centro Hospitalar Médio Tejo, EPE","39.478072, -8.5404429",99586.0,23798.0,2955.0,,126339.0
2016-10,2016/10/01,Região de Saúde LVT,"Hospital de Cascais, PPP","38.729006, -9.418267",75585.0,48660.0,12811.0,,137056.0
2016-10,2016/10/01,Região de Saúde Norte,"Hospital de Braga, PPP","41.56785, -8.398982",120416.0,40313.0,12318.0,,173047.0
2016-10,2016/10/01,Região de Saúde Norte,"Hospital Santa Maria Maior, EPE","41.5324234, -8.6171561",44331.0,13910.0,,,58241.0
2016-11,2016/11/01,Região de Saúde do Alentejo,"Hospital Espírito Santo de Évora, EPE","38.5684861, -7.9032848",49996.0,19152.0,,,69148.0
2016-11,2016/11/01,Região de Saúde do Alentejo,"Unidade Local de Saúde do Litoral Alentejano, EPE","38.0162314, -8.6956768",90734.0,,,,90734.0
2016-11,2016/11/01,Região de Saúde LVT,"Centro Hospitalar de Setúbal, EPE","38.5283754, -8.8818638",79717.0,40180.0,13020.0,,132917.0
2016-11,2016/11/01,Região de Saúde LVT,"Hospital de Cascais, PPP","38.729006, -9.418267",82910.0,54672.0,14007.0,,151589.0
2016-11,2016/11/01,Região de Saúde Norte,"Centro Hospitalar Póvoa de Varzim/Vila do Conde, EPE","41.3828711, -8.7589945",68040.0,,,,68040.0
2016-11,2016/11/01,Região de Saúde Norte,"Centro Hospitalar Trás-os-Montes e Alto Douro, EPE","41.3031784, -7.7515252",141435.0,20240.0,4339.0,,166014.0
2016-11,2016/11/01,Região de Saúde Norte,"Hospital Santa Maria Maior, EPE","41.5324234, -8.6171561",48370.0,15334.0,,,63704.0
2016-11,2016/11/01,Região de Saúde Norte,"Unidade Local de Saúde de Matosinhos, EPE","41.1794456, -8.6745115",74013.0,,8788.0,,82801.0
2016-12,2016/12/01,Região de Saúde do Alentejo,"Hospital Espírito Santo de Évora, EPE","38.5684861, -7.9032848",54711.0,21250.0,,,75961.0
2016-12,2016/12/01,Região de Saúde do Alentejo,"Unidade Local de Saúde do Norte Alentejano, EPE","39.3003425, -7.4263845",81987.0,10329.0,1457.0,,93773.0
2016-12,2016/12/01,Região de Saúde do Centro,"Centro Hospitalar e Universitário de Coimbra, EPE","40.2191523, -8.4098211",199825.0,64908.0,29868.0,,294601.0
2016-12,2016/12/01,Região de Saúde do Centro,"Centro Hospitalar Tondela-Viseu, EPE","40.516364, -8.0827433",121650.0,35169.0,15177.0,,171996.0
2016-12,2016/12/01,Região de Saúde do Centro,"Hospital Distrital da Figueira da Foz, EPE","40.117897, -8.8586755",54483.0,20987.0,,,75470.0
2016-12,2016/12/01,Região de Saúde LVT,"Centro Hospitalar do Oeste, EPE","39.4054629, -9.1258493",129519.0,48761.0,10263.0,,188543.0
2016-12,2016/12/01,Região de Saúde Norte,"Unidade Local de Saúde de Matosinhos, EPE","41.1794456, -8.6745115",81128.0,,9613.0,,90741.0
2016-12,2016/12/01,Região de Saúde Norte,"Unidade Local de Saúde do Alto Minho, EPE","41.7056054, -8.8252713",139859.0,19252.0,6709.0,,165820.0
2017-01,2017/01/01,Região de Saúde do Alentejo,"Unidade Local de Saúde do Baixo Alentejo, EPE","38.014123, -7.8721227",7437.0,1716.0,281.0,,9434.0
2017-01,2017/01/01,Região de Saúde do Alentejo,"Unidade Local de Saúde do Litoral Alentejano, EPE","38.0162314, -8.6956768",8022.0,,,,8022.0
2017-01,2017/01/01,Região de Saúde do Algarve,"Centro Hospitalar Universitário do Algarve,EPE","37.0238973, -7.9281554",20076.0,5788.0,1597.0,0.0,27461.0
2017-01,2017/01/01,Região de Saúde do Centro,"Centro Hospitalar e Universitário de Coimbra, EPE","40.2191523, -8.4098211",16271.0,5406.0,2481.0,,24158.0
2017-01,2017/01/01,Região de Saúde LVT,"Centro Hospitalar de Setúbal, EPE","38.5283754, -8.8818638",6895.0,3778.0,1073.0,,11746.0
2017-01,2017/01/01,Região de Saúde LVT,"Centro Hospitalar Médio Tejo, EPE","39.478072, -8.5404429",9831.0,2580.0,219.0,,12630.0
2017-01,2017/01/01,Região de Saúde Norte,"Centro Hospitalar do Médio Ave, EPE","41.3423984, -8.4802503",7561.0,2882.0,481.0,,10924.0
2017-01,2017/01/01,Região de Saúde Norte,"Centro Hospitalar Póvoa de Varzim/Vila do Conde, EPE","41.3828711, -8.7589945",6362.0,,,,6362.0
2017-01,2017/01/01,Região de Saúde Norte,"Centro Hospitalar Tâmega e Sousa, EPE","41.2494561, -8.264901",12110.0,3501.0,1146.0,,16757.0
2017-01,2017/01/01,Região de Saúde Norte,"Unidade Local de Saúde do Nordeste, EPE","41.8056532, -6.7888197",10565.0,,,,10565.0
2017-02,2017/02/01,Região de Saúde do Alentejo,"Unidade Local de Saúde do Norte Alentejano, EPE","39.3003425, -7.4263845",12533.0,1670.0,200.0,,14403.0
2017-02,2017/02/01,Região de Saúde do Centro,"Centro Hospitalar do Baixo Vouga, EPE","40.6362453, -8.6543716",19806.0,5632.0,1380.0,,26818.0
2017-02,2017/02/01,Região de Saúde do Centro,"Hospital Distrital da Figueira da Foz, EPE","40.117897, -8.8586755",8460.0,3415.0,,,11875.0
2017-02,2017/02/01,Região de Saúde do Centro,"Unidade Local de Saúde de Castelo Branco, EPE","39.8212263, -7.4981271",8219.0,2027.0,256.0,,10502.0
2017-02,2017/02/01,Região de Saúde LVT,"Centro Hospitalar de Lisboa Ocidental, EPE","38.708454, -9.216985",16770.0,5557.0,2450.0,,24777.0
2017-02,2017/02/01,Região de Saúde LVT,"Centro Hospitalar de Setúbal, EPE","38.5283754, -8.8818638",13306.0,7117.0,2131.0,,22554.0
2017-02,2017/02/01,Região de Saúde LVT,"Centro Hospitalar Universitário de Lisboa Norte, EPE","38.7500861, -9.1616116",27104.0,7653.0,2761.0,,37518.0
2017-02,2017/02/01,Região de Saúde LVT,"Hospital de Loures, PPP","38.821455, -9.176296",19669.0,10806.0,2473.0,,32948.0
2017-02,2017/02/01,Região de Saúde LVT,"Hospital de Vila Franca de Xira, PPP","38.977235, -8.984506",13832.0,8026.0,1163.0,,23021.0
2017-02,2017/02/01,Região de Saúde LVT,"Hospital Distrital de Santarém, EPE","39.2410946, -8.6937515",13330.0,6631.0,927.0,,20888.0
2017-02,2017/02/01,Região de Saúde LVT,"Hospital Professor Doutor Fernando Fonseca, EPE","38.7422257, -9.2264834",27999.0,9847.0,3014.0,,40860.0
2017-02,2017/02/01,Região de Saúde Norte,"Centro Hospitalar Vila Nova de Gaia/Espinho, EPE","41.1094138, -8.5972617",18329.0,7068.0,1887.0,,27284.0
2017-02,2017/02/01,Região de Saúde Norte,"Hospital da Senhora da Oliveira, Guimarães, EPE","41.4387173, -8.3086907",14006.0,4467.0,1477.0,,19950.0
2017-03,2017/03/01,Região de Saúde do Centro,"Hospital Distrital da Figueira da Foz, EPE","40.117897, -8.8586755",12755.0,5204.0,,,17959.0
2017-03,2017/03/01,Região de Saúde LVT,"Centro Hospitalar Barreiro/Montijo, EPE","38.6554005, -9.0592392",24931.0,9063.0,2280.0,,36274.0
2017-03,2017/03/01,Região de Saúde LVT,"Centro Hospitalar Universitário Lisboa Central, EPE","38.7166948, -9.1371248",34720.0,20040.0,5390.0,1626.0,61776.0
2017-03,2017/03/01,Região de Saúde LVT,"Centro Hospitalar de Lisboa Ocidental, EPE","38.708454, -9.216985",25702.0,8635.0,3815.0,,38152.0
2017-03,2017/03/01,Região de Saúde LVT,"Hospital Professor Doutor Fernando Fonseca, EPE","38.7422257, -9.2264834",43971.0,15116.0,4745.0,,63832.0
2017-03,2017/03/01,Região de Saúde Norte,"Centro Hospitalar do Médio Ave, EPE","41.3423984, -8.4802503",22051.0,8547.0,1497.0,,32095.0
2017-03,2017/03/01,Região de Saúde Norte,"Centro Hospitalar Entre Douro e Vouga, EPE","40.9293884, -8.5458794",40404.0,8869.0,2156.0,,51429.0
2017-03,2017/03/01,Região de Saúde Norte,"Centro Hospitalar Trás-os-Montes e Alto Douro, EPE","41.3031784, -7.7515252",37536.0,5465.0,1118.0,,44119.0
2017-03,2017/03/01,Região de Saúde Norte,"Hospital de Braga, PPP","41.56785, -8.398982",34917.0,11999.0,3508.0,,50424.0
2017-03,2017/03/01,Região de Saúde Norte,"Hospital Santa Maria Maior, EPE","41.5324234, -8.6171561",11952.0,4464.0,,,16416.0
2017-03,2017/03/01,Região de Saúde Norte,"Unidade Local de Saúde de Matosinhos, EPE","41.1794456, -8.6745115",19337.0,,2316.0,,21653.0
2017-03,2017/03/01,Região de Saúde Norte,"Unidade Local de Saúde do Nordeste, EPE","41.8056532, -6.7888197",27424.0,,,,27424.0
2017-04,2017/04/01,Região de Saúde do Alentejo,"Unidade Local de Saúde do Litoral Alentejano, EPE","38.0162314, -8.6956768",29027.0,,,,29027.0
2017-04,2017/04/01,Região de Saúde do Algarve,"Centro Hospitalar Universitário do Algarve,EPE","37.0238973, -7.9281554",80909.0,22996.0,6437.0,0.0,110342.0
2017-04,2017/04/01,Região de Saúde do Centro,"Unidade Local de Saúde de Castelo Branco, EPE","39.8212263, -7.4981271",16866.0,3936.0,512.0,,21314.0
2017-04,2017/04/01,Região de Saúde LVT,"Centro Hospitalar Barreiro/Montijo, EPE","38.6554005, -9.0592392",33484.0,11761.0,2989.0,,48234.0
2017-04,2017/04/01,Região de Saúde LVT,"Centro Hospitalar Universitário Lisboa Central, EPE","38.7166948, -9.1371248",46738.0,26037.0,7134.0,2214.0,82123.0
2017-04,2017/04/01,Região de Saúde LVT,"Hospital de Vila Franca de Xira, PPP","38.977235, -8.984506",28211.0,15796.0,2494.0,,46501.0
2017-04,2017/04/01,Região de Saúde Norte,"Centro Hospitalar Tâmega e Sousa, EPE","41.2494561, -8.264901",47268.0,12831.0,4605.0,,64704.0
2017-04,2017/04/01,Região de Saúde Norte,"Hospital da Senhora da Oliveira, Guimarães, EPE","41.4387173, -8.3086907",29327.0,9063.0,2977.0,,41367.0
2017-04,2017/04/01,Região de Saúde Norte,"Hospital de Braga, PPP","41.56785, -8.398982",46367.0,15784.0,4704.0,,66855.0
2017-04,2017/04/01,Região de Saúde Norte,"Hospital Santa Maria Maior, EPE","41.5324234, -8.6171561",15855.0,5690.0,,,21545.0
2017-04,2017/04/01,Região de Saúde Norte,"Unidade Local de Saúde do Alto Minho, EPE","41.7056054, -8.8252713",44635.0,6320.0,2068.0,,53023.0
2017-04,2017/04/01,Região de Saúde Norte,"Unidade Local de Saúde do Nordeste, EPE","41.8056532, -6.7888197",35886.0,,,,35886.0
2017-05,2017/05/01,Região de Saúde do Centro,"Centro Hospitalar de Leiria, EPE","39.7414812, -8.7982706",60656.0,15607.0,5032.0,,81295.0
2017-05,2017/05/01,Região de Saúde LVT,"Centro Hospitalar Universitário de Lisboa Norte, EPE","38.7500861, -9.1616116",71643.0,19424.0,7336.0,,98403.0
2017-05,2017/05/01,Região de Saúde Norte,"Centro Hospitalar Tâmega e Sousa, EPE","41.2494561, -8.264901",59820.0,15787.0,5892.0,,81499.0
2017-05,2017/05/01,Região de Saúde Norte,"Hospital da Senhora da Oliveira, Guimarães, EPE","41.4387173, -8.3086907",37349.0,11417.0,3808.0,,52574.0
2017-05,2017/05/01,Região de Saúde Norte,"Unidade Local de Saúde de Matosinhos, EPE","41.1794456, -8.6745115",32764.0,,3962.0,,36726.0
2017-06,2017/06/01,Região de Saúde do Algarve,"Centro Hospitalar Universitário do Algarve,EPE","37.0238973, -7.9281554",124577.0,34217.0,9841.0,0.0,168635.0
2017-06,2017/06/01,Região de Saúde do Centro,"Centro Hospitalar de Leiria, EPE","39.7414812, -8.7982706",72953.0,18206.0,5981.0,,97140.0
2017-06,2017/06/01,Região de Saúde do Centro,"Hospital Distrital da Figueira da Foz, EPE","40.117897, -8.8586755",26029.0,10018.0,,,36047.0
2017-06,2017/06/01,Região de Saúde LVT,"Centro Hospitalar de Lisboa Ocidental, EPE","38.708454, -9.216985",51972.0,17021.0,7986.0,,76979.0
2017-06,2017/06/01,Região de Saúde LVT,"Centro Hospitalar Universitário de Lisboa Norte, EPE","38.7500861, -9.1616116",86251.0,23240.0,8809.0,,118300.0
2017-06,2017/06/01,Região de Saúde LVT,"Centro Hospitalar Médio Tejo, EPE","39.478072, -8.5404429",58475.0,13919.0,1156.0,,73550.0
2017-06,2017/06/01,Região de Saúde LVT,"Hospital de Cascais, PPP","38.729006, -9.418267",44687.0,29860.0,7276.0,,81823.0
2017-06,2017/06/01,Região de Saúde LVT,"Hospital de Loures, PPP","38.821455, -9.176296",60925.0,32153.0,8187.0,,101265.0
2017-06,2017/06/01,Região de Saúde LVT,"Hospital de Vila Franca de Xira, PPP","38.977235, -8.984506",43230.0,23681.0,3942.0,,70853.0
2017-06,2017/06/01,Região de Saúde LVT,"Hospital Professor Doutor Fernando Fonseca, EPE","38.7422257, -9.2264834",90835.0,30139.0,9909.0,,130883.0
2017-06,2017/06/01,Região de Saúde Norte,"Centro Hospitalar do Médio Ave, EPE","41.3423984, -8.4802503",45358.0,16358.0,3415.0,,65131.0
2017-06,2017/06/01,Região de Saúde Norte,"Centro Hospitalar Universitário do Porto, EPE","41.1472498, -8.6172617",61971.0,,8425.0,,70396.0
2017-06,2017/06/01,Região de Saúde Norte,"Centro Hospitalar Vila Nova de Gaia/Espinho, EPE","41.1094138, -8.5972617",59764.0,21426.0,6171.0,,87361.0
2017-07,2017/07/01,Região de Saúde do Centro,"Centro Hospitalar Tondela-Viseu, EPE","40.516364, -8.0827433",65769.0,20075.0,8382.0,,94226.0
2017-07,2017/07/01,Região de Saúde do Centro,"Hospital Distrital da Figueira da Foz, EPE","40.117897, -8.8586755",30892.0,11568.0,,,42460.0
2017-07,2017/07/01,Região de Saúde do Centro,"Unidade Local de Saúde da Guarda, EPE","40.5309916, -7.2734793",47995.0,8033.0,2246.0,,58274.0
2017-07,2017/07/01,Região de Saúde LVT,"Centro Hospitalar Universitário Lisboa Central, EPE","38.7166948, -9.1371248",84057.0,43605.0,12889.0,3985.0,144536.0
2017-07,2017/07/01,Região de Saúde LVT,"Centro Hospitalar de Lisboa Ocidental, EPE","38.708454, -9.216985",60587.0,19383.0,9349.0,,89319.0
2017-07,2017/07/01,Região de Saúde LVT,"Centro Hospitalar Médio Tejo, EPE","39.478072, -8.5404429",68309.0,15745.0,1355.0,,85409.0
2017-07,2017/07/01,Região de Saúde Norte,"Centro Hospitalar Universitário de São João, EPE","41.1831056, -8.6010558",97313.0,44500.0,8065.0,,149878.0
2017-08,2017/08/01,Região de Saúde do Centro,"Unidade Local de Saúde da Guarda, EPE","40.5309916, -7.2734793",55615.0,9026.0,2610.0,0.0,67251.0
2017-08,2017/08/01,Região de Saúde LVT,"Centro Hospitalar de Lisboa Ocidental, EPE","38.708454, -9.216985",68937.0,21043.0,10725.0,,100705.0
2017-08,2017/08/01,Região de Saúde LVT,"Centro Hospitalar do Oeste, EPE","39.4054629, -9.1258493",84412.0,30400.0,6576.0,,121388.0
2017-08,2017/08/01,Região de Saúde LVT,"Hospital de Cascais, PPP","38.729006, -9.418267",60405.0,37082.0,9942.0,,107429.0
2017-08,2017/08/01,Região de Saúde LVT,"Hospital Professor Doutor Fernando Fonseca, EPE","38.7422257, -9.2264834",121781.0,37454.0,13534.0,,172769.0
2017-08,2017/08/01,Região de Saúde Norte,"Centro Hospitalar Universitário do Porto, EPE","41.1472498, -8.6172617",84189.0,,11906.0,,96095.0
2017-09,2017/09/01,Região de Saúde do Centro,"Centro Hospitalar Tondela-Viseu, EPE","40.516364, -8.0827433",85285.0,24946.0,10995.0,,121226.0
2017-09,2017/09/01,Região de Saúde LVT,"Centro Hospitalar de Lisboa Ocidental, EPE","38.708454, -9.216985",77571.0,23336.0,12089.0,,112996.0
2017-09,2017/09/01,Região de Saúde LVT,"Hospital Professor Doutor Fernando Fonseca, EPE","38.7422257, -9.2264834",136740.0,41571.0,15268.0,,193579.0
2017-09,2017/09/01,Região de Saúde Norte,"Centro Hospitalar Póvoa de Varzim/Vila do Conde, EPE","41.3828711, -8.7589945",54051.0,,,,54051.0
2017-09,2017/09/01,Região de Saúde Norte,"Unidade Local de Saúde de Matosinhos, EPE","41.1794456, -8.6745115",59706.0,,7383.0,,67089.0
2017-10,2017/10/01,Região de Saúde do Alentejo,"Unidade Local de Saúde do Litoral Alentejano, EPE","38.0162314, -8.6956768",77305.0,,,,77305.0
2017-10,2017/10/01,Região de Saúde do Centro,"Centro Hospitalar de Leiria, EPE","39.7414812, -8.7982706",124567.0,29099.0,10503.0,,164169.0
2017-10,2017/10/01,Região de Saúde do Centro,"Unidade Local de Saúde da Guarda, EPE","40.5309916, -7.2734793",68935.0,11258.0,3294.0,,83487.0
2017-10,2017/10/01,Região de Saúde LVT,"Centro Hospitalar do Oeste, EPE","39.4054629, -9.1258493",105219.0,37645.0,8153.0,,151017.0
2017-10,2017/10/01,Região de Saúde LVT,"Hospital Distrital de Santarém, EPE","39.2410946, -8.6937515",71317.0,30560.0,4930.0,,106807.0
2017-10,2017/10/01,Região de Saúde Norte,"Centro Hospitalar do Médio Ave, EPE","41.3423984, -8.4802503",77712.0,26149.0,5989.0,,109850.0
2017-10,2017/10/01,Região de Saúde Norte,"Centro Hospitalar Póvoa de Varzim/Vila do Conde, EPE","41.3828711, -8.7589945",60742.0,,,,60742.0
2017-10,2017/10/01,Região de Saúde Norte,"Hospital de Braga, PPP","41.56785, -8.398982",121702.0,38621.0,12853.0,,173176.0
2017-11,2017/11/01,Região de Saúde do Alentejo,"Hospital Espírito Santo de Évora, EPE","38.5684861, -7.9032848",48986.0,17902.0,,,66888.0
2017-11,2017/11/01,Região de Saúde do Alentejo,"Unidade Local de Saúde do Baixo Alentejo, EPE","38.014123, -7.8721227",76944.0,15055.0,3018.0,,95017.0
2017-11,2017/11/01,Região de Saúde do Centro,"Centro Hospitalar de Leiria, EPE","39.7414812, -8.7982706",138899.0,32722.0,11661.0,,183282.0
2017-11,2017/11/01,Região de Saúde do Centro,"Centro Hospitalar do Baixo Vouga, EPE","40.6362453, -8.6543716",111772.0,34026.0,6309.0,,152107.0
2017-11,2017/11/01,Região de Saúde LVT,"Centro Hospitalar de Lisboa Ocidental, EPE","38.708454, -9.216985",94290.0,28498.0,14713.0,,137501.0
2017-11,2017/11/01,Região de Saúde LVT,"Centro Hospitalar do Oeste, EPE","39.4054629, -9.1258493",115323.0,41771.0,8956.0,,166050.0
2017-11,2017/11/01,Região de Saúde LVT,"Centro Hospitalar Universitário de Lisboa Norte, EPE","38.7500861, -9.1616116",162531.0,41486.0,16522.0,,220539.0
2017-11,2017/11/01,Região de Saúde Norte,"Centro Hospitalar Universitário do Porto, EPE","41.1472498, -8.6172617",116539.0,,16943.0,,133482.0
2017-11,2017/11/01,Região de Saúde Norte,"Hospital de Braga, PPP","41.56785, -8.398982",133624.0,43208.0,14070.0,,190902.0
2017-11,2017/11/01,Região de Saúde Norte,"Hospital Santa Maria Maior, EPE","41.5324234, -8.6171561",45674.0,14152.0,,,59826.0
2017-12,2017/12/01,Região de Saúde do Centro,"Hospital Distrital da Figueira da Foz, EPE","40.117897, -8.8586755",53458.0,19912.0,,,73370.0
2017-12,2017/12/01,Região de Saúde LVT,"Centro Hospitalar Universitário Lisboa Central, EPE","38.7166948, -9.1371248",145043.0,75176.0,22074.0,6675.0,248968.0
2017-12,2017/12/01,Região de Saúde LVT,"Hospital de Cascais, PPP","38.729006, -9.418267",91475.0,57921.0,15141.0,,164537.0
2017-12,2017/12/01,Região de Saúde LVT,"Hospital de Vila Franca de Xira, PPP","38.977235, -8.984506",87920.0,46288.0,8410.0,,142618.0
2017-12,2017/12/01,Região de Saúde Norte,"Centro Hospitalar Universitário de São João, EPE","41.1831056, -8.6010558",167615.0,77229.0,14221.0,,259065.0
2017-12,2017/12/01,Região de Saúde Norte,"Hospital Santa Maria Maior, EPE","41.5324234, -8.6171561",50015.0,16056.0,,,66071.0
2017-12,2017/12/01,Região de Saúde Norte,"Unidade Local de Saúde de Matosinhos, EPE","41.1794456, -8.6745115",80580.0,,9793.0,,90373.0
2018-01,2018/01/01,Região de Saúde do Alentejo,"Hospital Espírito Santo de Évora, EPE","38.5684861, -7.9032848",4516.0,2096.0,,,6612.0
2018-01,2018/01/01,Região de Saúde do Centro,"Centro Hospitalar de Leiria, EPE","39.7414812, -8.7982706",12888.0,4061.0,1061.0,,18010.0
2018-01,2018/01/01,Região de Saúde do Centro,"Centro Hospitalar do Baixo Vouga, EPE","40.6362453, -8.6543716",11019.0,3899.0,589.0,,15507.0
2018-01,2018/01/01,Região de Saúde do Centro,"Centro Hospitalar Tondela-Viseu, EPE","40.516364, -8.0827433",10344.0,3829.0,1173.0,,15346.0
2018-01,2018/01/01,Região de Saúde do Centro,"Unidade Local de Saúde da Guarda, EPE","40.5309916, -7.2734793",7866.0,1544.0,215.0,,9625.0
2018-01,2018/01/01,Região de Saúde Norte,"Centro Hospitalar Vila Nova de Gaia/Espinho, EPE","41.1094138, -8.5972617",10005.0,3709.0,958.0,,14672.0
2018-01,2018/01/01,Região de Saúde Norte,"Unidade Local de Saúde de Matosinhos, EPE","41.1794456, -8.6745115",6478.0,,785.0,,7263.0
2018-02,2018/02/01,Região de Saúde do Alentejo,"Unidade Local de Saúde do Litoral Alentejano, EPE","38.0162314, -8.6956768",17001.0,,,,17001.0
2018-02,2018/02/01,Região de Saúde do Centro,"Centro Hospitalar do Baixo Vouga, EPE","40.6362453, -8.6543716",21168.0,7326.0,1104.0,,29598.0
2018-02,2018/02/01,Região de Saúde do Centro,"Centro Hospitalar Tondela-Viseu, EPE","40.516364, -8.0827433",20129.0,6959.0,2228.0,,29316.0
2018-02,2018/02/01,Região de Saúde do Centro,"Unidade Local de Saúde da Guarda, EPE","40.5309916, -7.2734793",15063.0,2857.0,398.0,,18318.0
2018-02,2018/02/01,Região de Saúde LVT,"Centro Hospitalar Universitário Lisboa Central, EPE","38.7166948, -9.1371248",23884.0,14883.0,3276.0,1008.0,43051.0
2018-02,2018/02/01,Região de Saúde LVT,"Centro Hospitalar de Lisboa Ocidental, EPE","38.708454, -9.216985",18111.0,6495.0,2443.0,,27049.0
2018-02,2018/02/01,Região de Saúde LVT,"Hospital de Cascais, PPP","38.729006, -9.418267",15183.0,10284.0,2418.0,,27885.0
2018-02,2018/02/01,Região de Saúde LVT,"Hospital de Vila Franca de Xira, PPP","38.977235, -8.984506",14888.0,9483.0,1369.0,,25740.0
2018-02,2018/02/01,Região de Saúde LVT,"Hospital Distrital de Santarém, EPE","39.2410946, -8.6937515",14166.0,7533.0,986.0,,22685.0
2018-02,2018/02/01,Região de Saúde LVT,"Hospital Professor Doutor Fernando Fonseca, EPE","38.7422257, -9.2264834",32301.0,11391.0,3381.0,,47073.0
2018-02,2018/02/01,Região de Saúde Norte,"Centro Hospitalar do Médio Ave, EPE","41.3423984, -8.4802503",15673.0,6463.0,1129.0,,23265.0
2018-02,2018/02/01,Região de Saúde Norte,"Unidade Local de Saúde do Nordeste, EPE","41.8056532, -6.7888197",21191.0,,,,21191.0
2018-03,2018/03/01,Região de Saúde do Alentejo,"Unidade Local de Saúde do Baixo Alentejo, EPE","38.014123, -7.8721227",22205.0,4783.0,789.0,,27777.0
2018-03,2018/03/01,Região de Saúde do Centro,"Unidade Local de Saúde de Castelo Branco, EPE","39.8212263, -7.4981271",12952.0,2677.0,446.0,,16075.0
2018-03,2018/03/01,Região de Saúde LVT,"Hospital de Vila Franca de Xira, PPP","38.977235, -8.984506",22289.0,13193.0,2063.0,,37545.0
2018-03,2018/03/01,Região de Saúde LVT,"Hospital Distrital de Santarém, EPE","39.2410946, -8.6937515",21532.0,10696.0,1482.0,,33710.0
2018-03,2018/03/01,Região de Saúde Norte,"Centro Hospitalar do Médio Ave, EPE","41.3423984, -8.4802503",23413.0,9462.0,1697.0,,34572.0
2018-03,2018/03/01,Região de Saúde Norte,"Centro Hospitalar Vila Nova de Gaia/Espinho, EPE","41.1094138, -8.5972617",29885.0,10721.0,2796.0,,43402.0
2018-04,2018/04/01,Região de Saúde do Alentejo,"Unidade Local de Saúde do Litoral Alentejano, EPE","38.0162314, -8.6956768",32364.0,,,,32364.0
2018-04,2018/04/01,Região de Saúde do Alentejo,"Unidade Local de Saúde do Norte Alentejano, EPE","39.3003425, -7.4263845",27868.0,3090.0,491.0,,31449.0
2018-04,2018/04/01,Região de Saúde do Centro,"Centro Hospitalar Universitário Cova da Beira, EPE","40.2804158, -7.4922407",17200.0,6156.0,1160.0,,24516.0
2018-04,2018/04/01,Região de Saúde do Centro,"Centro Hospitalar de Leiria, EPE","39.7414812, -8.7982706",49385.0,12826.0,4154.0,,66365.0
2018-04,2018/04/01,Região de Saúde do Centro,"Centro Hospitalar e Universitário de Coimbra, EPE","40.2191523, -8.4098211",67688.0,22736.0,9728.0,,100152.0
2018-04,2018/04/01,Região de Saúde LVT,"Centro Hospitalar de Lisboa Ocidental, EPE","38.708454, -9.216985",35810.0,11778.0,5008.0,,52596.0
2018-04,2018/04/01,Região de Saúde LVT,"Centro Hospitalar de Setúbal, EPE","38.5283754, -8.8818638",29685.0,14779.0,4084.0,,48548.0
2018-04,2018/04/01,Região de Saúde LVT,"Centro Hospitalar Universitário de Lisboa Norte, EPE","38.7500861, -9.1616116",60150.0,15959.0,5692.0,,81801.0
2018-04,2018/04/01,Região de Saúde LVT,"Hospital Professor Doutor Fernando Fonseca, EPE","38.7422257, -9.2264834",63237.0,20850.0,7005.0,,91092.0
2018-04,2018/04/01,Região de Saúde Norte,"Centro Hospitalar do Médio Ave, EPE","41.3423984, -8.4802503",30917.0,12016.0,2280.0,,45213.0
2018-04,2018/04/01,Região de Saúde Norte,"Hospital da Senhora da Oliveira, Guimarães, EPE","41.4387173, -8.3086907",31546.0,10759.0,3214.0,,45519.0
2018-04,2018/04/01,Região de Saúde Norte,"Hospital de Braga, PPP","41.56785, -8.398982",49068.0,17491.0,5102.0,,71661.0
2018-05,2018/05/01,Região de Saúde do Centro,"Centro Hospitalar de Leiria, EPE","39.7414812, -8.7982706",62108.0,15761.0,5300.0,,83169.0
2018-05,2018/05/01,Região de Saúde do Centro,"Centro Hospitalar e Universitário de Coimbra, EPE","40.2191523, -8.4098211",85301.0,28303.0,12375.0,,125979.0
2018-05,2018/05/01,Região de Saúde Norte,"Centro Hospitalar Universitário de São João, EPE","41.1831056, -8.6010558",67878.0,32326.0,5841.0,,106045.0
2018-05,2018/05/01,Região de Saúde Norte,"Centro Hospitalar Póvoa de Varzim/Vila do Conde, EPE","41.3828711, -8.7589945",31623.0,,,,31623.0
2018-05,2018/05/01,Região de Saúde Norte,"Centro Hospitalar Vila Nova de Gaia/Espinho, EPE","41.1094138, -8.5972617",50805.0,17328.0,4823.0,,72956.0
2018-05,2018/05/01,Região de Saúde Norte,"Unidade Local de Saúde de Matosinhos, EPE","41.1794456, -8.6745115",31525.0,,3811.0,,35336.0
2018-06,2018/06/01,Região de Saúde do Centro,"Centro Hospitalar e Universitário de Coimbra, EPE","40.2191523, -8.4098211",102157.0,33346.0,14512.0,,150015.0
2018-06,2018/06/01,Região de Saúde do Centro,"Unidade Local de Saúde da Guarda, EPE","40.5309916, -7.2734793",42436.0,7796.0,1256.0,,51488.0
2018-06,2018/06/01,Região de Saúde LVT,"Centro Hospitalar de Setúbal, EPE","38.5283754, -8.8818638",45030.0,22328.0,6404.0,,73762.0
2018-06,2018/06/01,Região de Saúde LVT,"Centro Hospitalar do Oeste, EPE","39.4054629, -9.1258493",59497.0,24019.0,4859.0,,88375.0
2018-06,2018/06/01,Região de Saúde LVT,"Centro Hospitalar Universitário de Lisboa Norte, EPE","38.7500861, -9.1616116",91024.0,23698.0,8722.0,,123444.0
2018-06,2018/06/01,Região de Saúde Norte,"Centro Hospitalar do Médio Ave, EPE","41.3423984, -8.4802503",46563.0,17625.0,3467.0,,67655.0
2018-06,2018/06/01,Região de Saúde Norte,"Centro Hospitalar Entre Douro e Vouga, EPE","40.9293884, -8.5458794",84568.0,15983.0,4584.0,,105135.0
2018-06,2018/06/01,Região de Saúde Norte,"Hospital Santa Maria Maior, EPE","41.5324234, -8.6171561",24346.0,8140.0,,,32486.0
2018-06,2018/06/01,Região de Saúde Norte,"Unidade Local de Saúde do Alto Minho, EPE","41.7056054, -8.8252713",68340.0,10634.0,3380.0,,82354.0
2018-07,2018/07/01,Região de Saúde do Centro,"Unidade Local de Saúde da Guarda, EPE","40.5309916, -7.2734793",49057.0,8723.0,1483.0,,59263.0
2018-07,2018/07/01,Região de Saúde LVT,"Centro Hospitalar Barreiro/Montijo, EPE","38.6554005, -9.0592392",62205.0,20437.0,5890.0,,88532.0
2018-07,2018/07/01,Região de Saúde LVT,"Hospital Garcia de Orta, EPE","38.6658713, -9.1822554",59486.0,27770.0,10572.0,,97828.0
2018-07,2018/07/01,Região de Saúde Norte,"Centro Hospitalar Trás-os-Montes e Alto Douro, EPE","41.3031784, -7.7515252",88632.0,15709.0,2890.0,,107231.0
2018-07,2018/07/01,Região de Saúde Norte,"Unidade Local de Saúde do Nordeste, EPE","41.8056532, -6.7888197",66218.0,,,,66218.0
2018-08,2018/08/01,Região de Saúde do Alentejo,"Unidade Local de Saúde do Litoral Alentejano, EPE","38.0162314, -8.6956768",65333.0,,,,65333.0
2018-08,2018/08/01,Região de Saúde do Alentejo,"Unidade Local de Saúde do Norte Alentejano, EPE","39.3003425, -7.4263845",55342.0,5757.0,968.0,,62067.0
2018-08,2018/08/01,Região de Saúde do Centro,"Centro Hospitalar Universitário Cova da Beira, EPE","40.2804158, -7.4922407",35125.0,11574.0,2575.0,,49274.0
2018-08,2018/08/01,Região de Saúde do Centro,"Centro Hospitalar de Leiria, EPE","39.7414812, -8.7982706",100408.0,23723.0,8711.0,,132842.0
2018-08,2018/08/01,Região de Saúde do Centro,"Centro Hospitalar e Universitário de Coimbra, EPE","40.2191523, -8.4098211",138356.0,42487.0,18859.0,,199702.0
2018-08,2018/08/01,Região de Saúde do Centro,"Unidade Local de Saúde da Guarda, EPE","40.5309916, -7.2734793",56969.0,9759.0,1717.0,,68445.0
2018-08,2018/08/01,Região de Saúde LVT,"Centro Hospitalar Barreiro/Montijo, EPE","38.6554005, -9.0592392",71248.0,22732.0,6793.0,,100773.0
2018-08,2018/08/01,Região de Saúde LVT,"Hospital de Cascais, PPP","38.729006, -9.418267",62239.0,36222.0,9897.0,,108358.0
2018-08,2018/08/01,Região de Saúde LVT,"Hospital Garcia de Orta, EPE","38.6658713, -9.1822554",68954.0,30919.0,12251.0,,112124.0
2018-08,2018/08/01,Região de Saúde Norte,"Centro Hospitalar Tâmega e Sousa, EPE","41.2494561, -8.264901",95932.0,23748.0,9291.0,,128971.0
2018-08,2018/08/01,Região de Saúde Norte,"Hospital da Senhora da Oliveira, Guimarães, EPE","41.4387173, -8.3086907",65582.0,20050.0,6740.0,,92372.0
2018-08,2018/08/01,Região de Saúde Norte,"Hospital Santa Maria Maior, EPE","41.5324234, -8.6171561",33040.0,10247.0,,,43287.0
2018-08,2018/08/01,Região de Saúde Norte,"Unidade Local de Saúde de Matosinhos, EPE","41.1794456, -8.6745115",51404.0,,6730.0,,58134.0
2018-08,2018/08/01,Região de Saúde Norte,"Unidade Local de Saúde do Nordeste, EPE","41.8056532, -6.7888197",76934.0,,,,76934.0
2018-09,2018/09/01,Região de Saúde do Alentejo,"Unidade Local de Saúde do Baixo Alentejo, EPE","38.014123, -7.8721227",63838.0,12562.0,2574.0,,78974.0
2018-09,2018/09/01,Região de Saúde do Alentejo,"Unidade Local de Saúde do Litoral Alentejano, EPE","38.0162314, -8.6956768",72599.0,,,,72599.0
2018-09,2018/09/01,Região de Saúde do Centro,"Centro Hospitalar e Universitário de Coimbra, EPE","40.2191523, -8.4098211",155683.0,47025.0,21049.0,,223757.0
2018-09,2018/09/01,Região de Saúde LVT,"Centro Hospitalar de Lisboa Ocidental, EPE","38.708454, -9.216985",81988.0,23304.0,12294.0,,117586.0
2018-09,2018/09/01,Região de Saúde LVT,"Hospital de Vila Franca de Xira, PPP","38.977235, -8.984506",66551.0,32513.0,6977.0,,106041.0
2018-09,2018/09/01,Região de Saúde Norte,"Centro Hospitalar Entre Douro e Vouga, EPE","40.9293884, -8.5458794",128137.0,22698.0,7014.0,,157849.0
2018-10,2018/10/01,Região de Saúde do Centro,"Centro Hospitalar Universitário Cova da Beira, EPE","40.2804158, -7.4922407",43812.0,13737.0,3189.0,,60738.0
2018-10,2018/10/01,Região de Saúde do Centro,"Centro Hospitalar de Leiria, EPE","39.7414812, -8.7982706",124997.0,29198.0,10904.0,,165099.0
2018-10,2018/10/01,Região de Saúde do Centro,"Centro Hospitalar do Baixo Vouga, EPE","40.6362453, -8.6543716",106505.0,31702.0,5765.0,,143972.0
2018-10,2018/10/01,Região de Saúde do Centro,"Centro Hospitalar e Universitário de Coimbra, EPE","40.2191523, -8.4098211",173336.0,52521.0,23404.0,,249261.0
2018-10,2018/10/01,Região de Saúde do Centro,"Unidade Local de Saúde de Castelo Branco, EPE","39.8212263, -7.4981271",43638.0,7586.0,1543.0,,52767.0
2018-10,2018/10/01,Região de Saúde LVT,"Hospital Garcia de Orta, EPE","38.6658713, -9.1822554",86623.0,38506.0,15510.0,,140639.0
2018-10,2018/10/01,Região de Saúde Norte,"Centro Hospitalar Universitário do Porto, EPE","41.1472498, -8.6172617",106399.0,,17620.0,,124019.0
2018-10,2018/10/01,Região de Saúde Norte,"Unidade Local de Saúde do Nordeste, EPE","41.8056532, -6.7888197",94222.0,,,,94222.0
2018-11,2018/11/01,Região de Saúde do Alentejo,"Unidade Local de Saúde do Norte Alentejano, EPE","39.3003425, -7.4263845",74776.0,7757.0,1349.0,,83882.0
2018-11,2018/11/01,Região de Saúde do Centro,"Centro Hospitalar do Baixo Vouga, EPE","40.6362453, -8.6543716",116320.0,35070.0,6298.0,,157688.0
2018-11,2018/11/01,Região de Saúde do Centro,"Hospital Distrital da Figueira da Foz, EPE","40.117897, -8.8586755",49928.0,18138.0,,,68066.0
2018-11,2018/11/01,Região de Saúde do Centro,"Unidade Local de Saúde da Guarda, EPE","40.5309916, -7.2734793",76166.0,12966.0,2702.0,,91834.0
2018-11,2018/11/01,Região de Saúde LVT,"Centro Hospitalar de Setúbal, EPE","38.5283754, -8.8818638",84404.0,38770.0,12412.0,,135586.0
2018-11,2018/11/01,Região de Saúde Norte,"Centro Hospitalar Trás-os-Montes e Alto Douro, EPE","41.3031784, -7.7515252",139258.0,23727.0,4523.0,,167508.0
2018-11,2018/11/01,Região de Saúde Norte,"Hospital de Braga, PPP","41.56785, -8.398982",139988.0,44853.0,15346.0,,200187.0
2018-11,2018/11/01,Região de Saúde Norte,"Unidade Local de Saúde de Matosinhos, EPE","41.1794456, -8.6745115",70612.0,0.0,9468.0,0.0,80080.0
2018-11,2018/11/01,Região de Saúde Norte,"Unidade Local de Saúde do Alto Minho, EPE","41.7056054, -8.8252713",127085.0,17692.0,6411.0,,151188.0
2018-11,2018/11/01,Região de Saúde Norte,"Unidade Local de Saúde do Nordeste, EPE","41.8056532, -6.7888197",103101.0,,,,103101.0
2018-12,2018/12/01,Região de Saúde do Alentejo,"Hospital Espírito Santo de Évora, EPE","38.5684861, -7.9032848",53859.0,20268.0,,,74127.0
2018-12,2018/12/01,Região de Saúde do Algarve,"Centro Hospitalar Universitário do Algarve,EPE","37.0238973, -7.9281554",256752.0,71189.0,20711.0,0.0,348652.0
2018-12,2018/12/01,Região de Saúde do Centro,"Centro Hospitalar Tondela-Viseu, EPE","40.516364, -8.0827433",114657.0,33534.0,15340.0,,163531.0
2018-12,2018/12/01,Região de Saúde do Centro,"Hospital Distrital da Figueira da Foz, EPE","40.117897, -8.8586755",54522.0,20164.0,,,74686.0
2018-12,2018/12/01,Região de Saúde LVT,"Centro Hospitalar Médio Tejo, EPE","39.478072, -8.5404429",116329.0,25890.0,2887.0,,145106.0
2018-12,2018/12/01,Região de Saúde LVT,"Hospital de Vila Franca de Xira, PPP","38.977235, -8.984506",88213.0,45314.0,9403.0,,142930.0
2018-12,2018/12/01,Região de Saúde LVT,"Hospital Professor Doutor Fernando Fonseca, EPE","38.7422257, -9.2264834",186271.0,58457.0,20996.0,,265724.0
2018-12,2018/12/01,Região de Saúde Norte,"Centro Hospitalar Entre Douro e Vouga, EPE","40.9293884, -8.5458794",169963.0,31078.0,9385.0,,210426.0
2018-12,2018/12/01,Região de Saúde Norte,"Hospital de Braga, PPP","41.56785, -8.398982",152345.0,49298.0,16807.0,,218450.0
2018-12,2018/12/01,Região de Saúde Norte,"Unidade Local de Saúde do Nordeste, EPE","41.8056532, -6.7888197",112556.0,,,,112556.0
2019-01,2019/01/01,Região de Saúde do Centro,"Unidade Local de Saúde da Guarda, EPE","40.5309916, -7.2734793",7485.0,1631.0,305.0,,9421.0
2019-01,2019/01/01,Região de Saúde do Centro,"Unidade Local de Saúde de Castelo Branco, EPE","39.8212263, -7.4981271",4371.0,1063.0,151.0,,5585.0
2019-01,2019/01/01,Região de Saúde Norte,"Centro Hospitalar Universitário de São João, EPE","41.1831056, -8.6010558",13443.0,7215.0,1294.0,,21952.0
2019-01,2019/01/01,Região de Saúde Norte,"Centro Hospitalar Universitário do Porto, EPE","41.1472498, -8.6172617",10579.0,,1815.0,,12394.0
2019-01,2019/01/01,Região de Saúde Norte,"Centro Hospitalar Entre Douro e Vouga, EPE","40.9293884, -8.5458794",14767.0,3070.0,817.0,,18654.0
2019-01,2019/01/01,Região de Saúde Norte,"Centro Hospitalar Tâmega e Sousa, EPE","41.2494561, -8.264901",11915.0,3656.0,1172.0,,16743.0
2019-01,2019/01/01,Região de Saúde Norte,"Hospital da Senhora da Oliveira, Guimarães, EPE","41.4387173, -8.3086907",8245.0,3192.0,846.0,,12283.0
2019-01,2019/01/01,Região de Saúde Norte,"Hospital de Braga, PPP","41.56785, -8.398982",12646.0,4548.0,1451.0,,18645.0
2019-01,2019/01/01,Região de Saúde Norte,"Unidade Local de Saúde de Matosinhos, EPE","41.1794456, -8.6745115",6648.0,,943.0,,7591.0
2019-01,2019/01/01,Região de Saúde Norte,"Unidade Local de Saúde do Alto Minho, EPE","41.7056054, -8.8252713",11849.0,2099.0,538.0,,14486.0
2019-02,2019/02/01,Região de Saúde do Centro,"Unidade Local de Saúde de Castelo Branco, EPE","39.8212263, -7.4981271",8520.0,2106.0,283.0,,10909.0
2019-02,2019/02/01,Região de Saúde LVT,"Centro Hospitalar Barreiro/Montijo, EPE","38.6554005, -9.0592392",18008.0,6968.0,1683.0,,26659.0
2019-02,2019/02/01,Região de Saúde Norte,"Centro Hospitalar do Médio Ave, EPE","41.3423984, -8.4802503",15670.0,6681.0,1116.0,,23467.0
2019-02,2019/02/01,Região de Saúde Norte,"Centro Hospitalar Universitário do Porto, EPE","41.1472498, -8.6172617",20672.0,,3388.0,,24060.0
2019-02,2019/02/01,Região de Saúde Norte,"Centro Hospitalar Entre Douro e Vouga, EPE","40.9293884, -8.5458794",29019.0,6147.0,1488.0,,36654.0
2019-03,2019/03/01,Região de Saúde do Alentejo,"Unidade Local de Saúde do Norte Alentejano, EPE","39.3003425, -7.4263845",20843.0,2215.0,343.0,,23401.0
2019-03,2019/03/01,Região de Saúde do Centro,"Centro Hospitalar Universitário Cova da Beira, EPE","40.2804158, -7.4922407",12811.0,4664.0,840.0,,18315.0
2019-03,2019/03/01,Região de Saúde LVT,"Hospital Distrital de Santarém, EPE","39.2410946, -8.6937515",22425.0,9445.0,2205.0,,34075.0
2019-03,2019/03/01,Região de Saúde Norte,"Centro Hospitalar do Médio Ave, EPE","41.3423984, -8.4802503",23203.0,9513.0,1742.0,,34458.0
2019-03,2019/03/01,Região de Saúde Norte,"Centro Hospitalar Trás-os-Montes e Alto Douro, EPE","41.3031784, -7.7515252",37241.0,8167.0,1076.0,,46484.0
2019-04,2019/04/01,Região de Saúde do Alentejo,"Hospital Espírito Santo de Évora, EPE","38.5684861, -7.9032848",17885.0,7049.0,,,24934.0
2019-04,2019/04/01,Região de Saúde do Centro,"Centro Hospitalar Universitário Cova da Beira, EPE","40.2804158, -7.4922407",16892.0,5802.0,1143.0,,23837.0
2019-04,2019/04/01,Região de Saúde do Centro,"Unidade Local de Saúde da Guarda, EPE","40.5309916, -7.2734793",22919.0,4682.0,1053.0,,28654.0
2019-04,2019/04/01,Região de Saúde LVT,"Centro Hospitalar Médio Tejo, EPE","39.478072, -8.5404429",38398.0,9834.0,875.0,,49107.0
2019-04,2019/04/01,Região de Saúde LVT,"Hospital de Vila Franca de Xira, PPP","38.977235, -8.984506",28442.0,15630.0,3284.0,,47356.0
2019-04,2019/04/01,Região de Saúde LVT,"Hospital Garcia de Orta, EPE","38.6658713, -9.1822554",33480.0,15404.0,5712.0,,54596.0
2019-04,2019/04/01,Região de Saúde Norte,"Unidade Local de Saúde de Matosinhos, EPE","41.1794456, -8.6745115",25734.0,,3440.0,,29174.0
2019-04,2019/04/01,Região de Saúde Norte,"Unidade Local de Saúde do Nordeste, EPE","41.8056532, -6.7888197",37543.0,,,,37543.0
2019-05,2019/05/01,Região de Saúde do Centro,"Hospital Distrital da Figueira da Foz, EPE","40.117897, -8.8586755",21936.0,8159.0,,,30095.0
2019-05,2019/05/01,Região de Saúde do Centro,"Unidade Local de Saúde da Guarda, EPE","40.5309916, -7.2734793",33750.0,6788.0,1611.0,,42149.0
2019-05,2019/05/01,Região de Saúde LVT,"Centro Hospitalar Médio Tejo, EPE","39.478072, -8.5404429",48358.0,12437.0,1098.0,,61893.0
2019-06,2019/06/01,Região de Saúde do Centro,"Unidade Local de Saúde da Guarda, EPE","40.5309916, -7.2734793",40204.0,7952.0,1967.0,,50123.0
2019-06,2019/06/01,Região de Saúde LVT,"Centro Hospitalar de Lisboa Ocidental, EPE","38.708454, -9.216985",56390.0,16612.0,7704.0,,80706.0
2019-06,2019/06/01,Região de Saúde LVT,"Centro Hospitalar Universitário de Lisboa Norte, EPE","38.7500861, -9.1616116",92042.0,22807.0,9241.0,,124090.0
2019-06,2019/06/01,Região de Saúde LVT,"Hospital de Loures, PPP","38.821455, -9.176296",59957.0,30913.0,8860.0,,99730.0
2019-06,2019/06/01,Região de Saúde Norte,"Centro Hospitalar Póvoa de Varzim/Vila do Conde, EPE","41.3828711, -8.7589945",36346.0,,,,36346.0
2019-06,2019/06/01,Região de Saúde Norte,"Centro Hospitalar Tâmega e Sousa, EPE","41.2494561, -8.264901",70195.0,18642.0,7151.0,,95988.0
2019-06,2019/06/01,Região de Saúde Norte,"Centro Hospitalar Vila Nova de Gaia/Espinho, EPE","41.1094138, -8.5972617",64088.0,21401.0,6132.0,,91621.0
2019-06,2019/06/01,Região de Saúde Norte,"Hospital Santa Maria Maior, EPE","41.5324234, -8.6171561",24436.0,7206.0,,,31642.0
2019-06,2019/06/01,Região de Saúde Norte,"Unidade Local de Saúde do Nordeste, EPE","41.8056532, -6.7888197",55344.0,,,,55344.0
2019-07,2019/07/01,Região de Saúde LVT,"Centro Hospitalar Barreiro/Montijo, EPE","38.6554005, -9.0592392",62589.0,21763.0,6377.0,,90729.0
2019-07,2019/07/01,Região de Saúde LVT,"Centro Hospitalar Universitário Lisboa Central, EPE","38.7166948, -9.1371248",82270.0,43791.0,12433.0,3754.0,142248.0
2019-07,2019/07/01,Região de Saúde LVT,"Centro Hospitalar Universitário de Lisboa Norte, EPE","38.7500861, -9.1616116",107826.0,26228.0,10927.0,,144981.0
2019-07,2019/07/01,Região de Saúde LVT,"Hospital de Vila Franca de Xira, PPP","38.977235, -8.984506",50120.0,25648.0,5923.0,,81691.0
2019-07,2019/07/01,Região de Saúde Norte,"Centro Hospitalar Tâmega e Sousa, EPE","41.2494561, -8.264901",83158.0,20954.0,8579.0,,112691.0
2019-07,2019/07/01,Região de Saúde Norte,"Hospital da Senhora da Oliveira, Guimarães, EPE","41.4387173, -8.3086907",57858.0,17568.0,5856.0,,81282.0
2019-07,2019/07/01,Região de Saúde Norte,"Hospital de Braga, PPP","41.56785, -8.398982",90681.0,28850.0,9698.0,,129229.0
2019-07,2019/07/01,Região de Saúde Norte,"Unidade Local de Saúde do Alto Minho, EPE","41.7056054, -8.8252713",79905.0,11706.0,3812.0,,95423.0
2019-08,2019/08/01,Região de Saúde do Alentejo,"Unidade Local de Saúde do Baixo Alentejo, EPE","38.014123, -7.8721227",57420.0,10724.0,2559.0,,70703.0
2019-08,2019/08/01,Região de Saúde do Algarve,"Centro Hospitalar Universitário do Algarve,EPE","37.0238973, -7.9281554",179590.0,49053.0,14557.0,0.0,243200.0
2019-08,2019/08/01,Região de Saúde LVT,"Hospital de Vila Franca de Xira, PPP","38.977235, -8.984506",57434.0,28115.0,6931.0,,92480.0
2019-08,2019/08/01,Região de Saúde LVT,"Hospital Distrital de Santarém, EPE","39.2410946, -8.6937515",57550.0,24330.0,5459.0,,87339.0
2019-08,2019/08/01,Região de Saúde LVT,"Hospital Professor Doutor Fernando Fonseca, EPE","38.7422257, -9.2264834",119738.0,36380.0,14358.0,,170476.0
2019-08,2019/08/01,Região de Saúde Norte,"Centro Hospitalar Entre Douro e Vouga, EPE","40.9293884, -8.5458794",115428.0,19972.0,6248.0,,141648.0
2019-09,2019/09/01,Região de Saúde do Centro,"Centro Hospitalar Universitário Cova da Beira, EPE","40.2804158, -7.4922407",38439.0,11448.0,2745.0,,52632.0
2019-09,2019/09/01,Região de Saúde do Centro,"Unidade Local de Saúde da Guarda, EPE","40.5309916, -7.2734793",61104.0,11097.0,2905.0,,75106.0
2019-09,2019/09/01,Região de Saúde LVT,"Centro Hospitalar Médio Tejo, EPE","39.478072, -8.5404429",87717.0,19914.0,2275.0,,109906.0
2019-09,2019/09/01,Região de Saúde LVT,"Hospital de Vila Franca de Xira, PPP","38.977235, -8.984506",64873.0,31418.0,7835.0,,104126.0
2019-09,2019/09/01,Região de Saúde Norte,"Centro Hospitalar do Médio Ave, EPE","41.3423984, -8.4802503",69030.0,23571.0,5607.0,,98208.0
2019-09,2019/09/01,Região de Saúde Norte,"Centro Hospitalar Vila Nova de Gaia/Espinho, EPE","41.1094138, -8.5972617",97753.0,29686.0,9532.0,,136971.0
2019-09,2019/09/01,Região de Saúde Norte,"Hospital da Senhora da Oliveira, Guimarães, EPE","41.4387173, -8.3086907",74464.0,21243.0,7806.0,,103513.0
2019-10,2019/10/01,Região de Saúde do Alentejo,"Unidade Local de Saúde do Baixo Alentejo, EPE","38.014123, -7.8721227",71837.0,13152.0,3423.0,,88412.0
2019-10,2019/10/01,Região de Saúde do Centro,"Unidade Local de Saúde da Guarda, EPE","40.5309916, -7.2734793",67794.0,12718.0,3211.0,,83723.0
2019-10,2019/10/01,Região de Saúde LVT,"Centro Hospitalar de Setúbal, EPE","38.5283754, -8.8818638",77349.0,32800.0,11710.0,,121859.0
2019-10,2019/10/01,Região de Saúde LVT,"Hospital de Cascais, PPP","38.729006, -9.418267",77279.0,42856.0,12463.0,,132598.0
2019-10,2019/10/01,Região de Saúde Norte,"Centro Hospitalar Vila Nova de Gaia/Espinho, EPE","41.1094138, -8.5972617",108987.0,33728.0,10603.0,,153318.0
2019-11,2019/11/01,Região de Saúde LVT,"Centro Hospitalar Barreiro/Montijo, EPE","38.6554005, -9.0592392",99748.0,34320.0,10371.0,,144439.0
2019-11,2019/11/01,Região de Saúde LVT,"Centro Hospitalar do Oeste, EPE","39.4054629, -9.1258493",112619.0,42397.0,9894.0,,164910.0
2019-11,2019/11/01,Região de Saúde LVT,"Hospital de Cascais, PPP","38.729006, -9.418267",84869.0,47821.0,13640.0,,146330.0
2019-11,2019/11/01,Região de Saúde LVT,"Hospital Distrital de Santarém, EPE","39.2410946, -8.6937515",79182.0,33918.0,7613.0,,120713.0
2019-11,2019/11/01,Região de Saúde LVT,"Hospital Professor Doutor Fernando Fonseca, EPE","38.7422257, -9.2264834",165777.0,52212.0,20232.0,,238221.0
2019-11,2019/11/01,Região de Saúde Norte,"Centro Hospitalar Trás-os-Montes e Alto Douro, EPE","41.3031784, -7.7515252",138306.0,25400.0,4374.0,,168080.0
2019-11,2019/11/01,Região de Saúde Norte,"Hospital Santa Maria Maior, EPE","41.5324234, -8.6171561",45184.0,12411.0,,,57595.0
2019-11,2019/11/01,Região de Saúde Norte,"Unidade Local de Saúde de Matosinhos, EPE","41.1794456, -8.6745115",72144.0,,9779.0,,81923.0
2019-11,2019/11/01,Região de Saúde Norte,"Unidade Local de Saúde do Alto Minho, EPE","41.7056054, -8.8252713",128428.0,18210.0,6177.0,,152815.0
2019-11,2019/11/01,Região de Saúde Norte,"Unidade Local de Saúde do Nordeste, EPE","41.8056532, -6.7888197",102324.0,,,,102324.0
2019-12,2019/12/01,Região de Saúde do Alentejo,"Unidade Local de Saúde do Baixo Alentejo, EPE","38.014123, -7.8721227",85980.0,15979.0,4197.0,,106156.0
2019-12,2019/12/01,Região de Saúde do Centro,"Centro Hospitalar do Baixo Vouga, EPE","40.6362453, -8.6543716",127857.0,40306.0,7647.0,,175810.0
2019-12,2019/12/01,Região de Saúde LVT,"Centro Hospitalar Universitário de Lisboa Norte, EPE","38.7500861, -9.1616116",186423.0,46345.0,18923.0,,251691.0
2019-12,2019/12/01,Região de Saúde Norte,"Centro Hospitalar do Médio Ave, EPE","41.3423984, -8.4802503",91935.0,33638.0,7454.0,,133027.0
2019-12,2019/12/01,Região de Saúde Norte,"Centro Hospitalar Póvoa de Varzim/Vila do Conde, EPE","41.3828711, -8.7589945",73626.0,,,,73626.0
2019-12,2019/12/01,Região de Saúde Norte,"Centro Hospitalar Tâmega e Sousa, EPE","41.2494561, -8.264901",142778.0,36867.0,14913.0,,194558.0
2019-12,2019/12/01,Região de Saúde Norte,"Hospital de Braga, EPE","41.56785, -8.398982",156305.0,50284.0,17055.0,,223644.0
2019-12,2019/12/01,Região de Saúde Norte,"Hospital Santa Maria Maior, EPE","41.5324234, -8.6171561",49480.0,14193.0,,,63673.0
2020-01,2020/01/01,Região de Saúde do Centro,"Centro Hospitalar e Universitário de Coimbra, EPE","40.2191523, -8.4098211",17821.0,6637.0,2135.0,,26593.0
2020-01,2020/01/01,Região de Saúde do Centro,"Hospital Distrital da Figueira da Foz, EPE","40.117897, -8.8586755",4555.0,1721.0,,,6276.0
2020-01,2020/01/01,Região de Saúde do Centro,"Unidade Local de Saúde de Castelo Branco, EPE","39.8212263, -7.4981271",4571.0,1130.0,133.0,,5834.0
2020-01,2020/01/01,Região de Saúde LVT,"Centro Hospitalar Barreiro/Montijo, EPE","38.6554005, -9.0592392",9989.0,3892.0,945.0,,14826.0
2020-01,2020/01/01,Região de Saúde LVT,"Centro Hospitalar Universitário Lisboa Central, EPE","38.7166948, -9.1371248",11997.0,8114.0,1909.0,534.0,22554.0
2020-01,2020/01/01,Região de Saúde LVT,"Centro Hospitalar de Lisboa Ocidental, EPE","38.708454, -9.216985",10195.0,3370.0,1275.0,,14840.0
2020-01,2020/01/01,Região de Saúde LVT,"Centro Hospitalar do Oeste, EPE","39.4054629, -9.1258493",10758.0,4839.0,898.0,,16495.0
2020-01,2020/01/01,Região de Saúde Norte,"Centro Hospitalar Entre Douro e Vouga, EPE","40.9293884, -8.5458794",15732.0,3482.0,827.0,,20041.0
2020-01,2020/01/01,Região de Saúde Norte,"Unidade Local de Saúde do Alto Minho, EPE","41.7056054, -8.8252713",12433.0,2240.0,592.0,,15265.0
2020-02,2020/02/01,Região de Saúde do Alentejo,"Unidade Local de Saúde do Baixo Alentejo, EPE","38.014123, -7.8721227",15461.0,3383.0,763.0,,19607.0
2020-02,2020/02/01,Região de Saúde do Centro,"Centro Hospitalar Universitário Cova da Beira, EPE","40.2804158, -7.4922407",8328.0,2746.0,587.0,0.0,11661.0
2020-02,2020/02/01,Região de Saúde do Centro,"Centro Hospitalar Tondela-Viseu, EPE","40.516364, -8.0827433",18359.0,6005.0,2515.0,,26879.0
2020-02,2020/02/01,Região de Saúde LVT,"Centro Hospitalar Barreiro/Montijo, EPE","38.6554005, -9.0592392",19085.0,7614.0,1788.0,,28487.0
2020-02,2020/02/01,Região de Saúde LVT,"Hospital de Cascais, PPP","38.729006, -9.418267",15653.0,9343.0,2126.0,,27122.0
2020-02,2020/02/01,Região de Saúde Norte,"Centro Hospitalar Universitário do Porto, EPE","41.1472498, -8.6172617",21497.0,,3672.0,,25169.0
2020-02,2020/02/01,Região de Saúde Norte,"Centro Hospitalar Trás-os-Montes e Alto Douro, EPE","41.3031784, -7.7515252",25080.0,5657.0,755.0,,31492.0
2020-02,2020/02/01,Região de Saúde Norte,"Centro Hospitalar Vila Nova de Gaia/Espinho, EPE","41.1094138, -8.5972617",21296.0,7678.0,2035.0,,31009.0
2020-02,2020/02/01,Região de Saúde Norte,"Hospital da Senhora da Oliveira, Guimarães, EPE","41.4387173, -8.3086907",16202.0,5546.0,1708.0,,23456.0
2020-02,2020/02/01,Região de Saúde Norte,"Unidade Local de Saúde do Nordeste, EPE","41.8056532, -6.7888197",18785.0,,,,18785.0
2020-03,2020/03/01,Região de Saúde do Centro,"Centro Hospitalar do Baixo Vouga, EPE","40.6362453, -8.6543716",28370.0,8329.0,1592.0,,38291.0
2020-03,2020/03/01,Região de Saúde do Centro,"Centro Hospitalar e Universitário de Coimbra, EPE","40.2191523, -8.4098211",44594.0,14969.0,5768.0,,65331.0
2020-03,2020/03/01,Região de Saúde LVT,"Centro Hospitalar Barreiro/Montijo, EPE","38.6554005, -9.0592392",25353.0,9234.0,2362.0,,36949.0
2020-03,2020/03/01,Região de Saúde LVT,"Centro Hospitalar de Setúbal, EPE","38.5283754, -8.8818638",19542.0,9173.0,3041.0,,31756.0
2020-03,2020/03/01,Região de Saúde LVT,"Hospital Distrital de Santarém, EPE","39.2410946, -8.6937515",19851.0,8383.0,1847.0,0.0,30081.0
2020-03,2020/03/01,Região de Saúde Norte,"Unidade Local de Saúde do Nordeste, EPE","41.8056532, -6.7888197",24637.0,,,,24637.0
2020-04,2020/04/01,Região de Saúde do Centro,"Centro Hospitalar Universitário Cova da Beira, EPE","40.2804158, -7.4922407",13152.0,3512.0,989.0,,17653.0
2020-04,2020/04/01,Região de Saúde do Centro,"Centro Hospitalar Tondela-Viseu, EPE","40.516364, -8.0827433",29383.0,7988.0,4370.0,,41741.0
2020-04,2020/04/01,Região de Saúde LVT,"Centro Hospitalar Médio Tejo, EPE","39.478072, -8.5404429",30100.0,6705.0,1097.0,,37902.0
2020-04,2020/04/01,Região de Saúde LVT,"Hospital Distrital de Santarém, EPE","39.2410946, -8.6937515",23425.0,8823.0,2223.0,,34471.0
2020-04,2020/04/01,Região de Saúde LVT,"Hospital Professor Doutor Fernando Fonseca, EPE","38.7422257, -9.2264834",48476.0,13997.0,5796.0,,68269.0
2020-04,2020/04/01,Região de Saúde Norte,"Centro Hospitalar Tâmega e Sousa, EPE","41.2494561, -8.264901",42106.0,9567.0,4118.0,,55791.0
2020-04,2020/04/01,Região de Saúde Norte,"Centro Hospitalar Trás-os-Montes e Alto Douro, EPE","41.3031784, -7.7515252",38383.0,7068.0,1396.0,,46847.0
2020-04,2020/04/01,Região de Saúde Norte,"Unidade Local de Saúde do Alto Minho, EPE","41.7056054, -8.8252713",34668.0,4955.0,1640.0,,41263.0
2020-05,2020/05/01,Região de Saúde do Alentejo,"Unidade Local de Saúde do Norte Alentejano, EPE","39.3003425, -7.4263845",25207.0,2587.0,481.0,,28275.0
2020-05,2020/05/01,Região de Saúde do Centro,"Centro Hospitalar Universitário Cova da Beira, EPE","40.2804158, -7.4922407",16052.0,3834.0,1207.0,,21093.0
2020-05,2020/05/01,Região de Saúde do Centro,"Centro Hospitalar e Universitário de Coimbra, EPE","40.2191523, -8.4098211",63534.0,18493.0,8548.0,,90575.0
2020-05,2020/05/01,Região de Saúde LVT,"Centro Hospitalar Barreiro/Montijo, EPE","38.6554005, -9.0592392",35905.0,10810.0,3472.0,,50187.0
2020-05,2020/05/01,Região de Saúde LVT,"Centro Hospitalar Universitário de Lisboa Norte, EPE","38.7500861, -9.1616116",56770.0,12590.0,5728.0,,75088.0
2020-05,2020/05/01,Região de Saúde LVT,"Hospital de Cascais, PPP","38.729006, -9.418267",29479.0,13443.0,4485.0,,47407.0
2020-05,2020/05/01,Região de Saúde Norte,"Centro Hospitalar Universitário de São João, EPE","41.1831056, -8.6010558",57790.0,21526.0,4442.0,,83758.0
2020-05,2020/05/01,Região de Saúde Norte,"Centro Hospitalar Póvoa de Varzim/Vila do Conde, EPE","41.3828711, -8.7589945",22995.0,,,,22995.0
2020-06,2020/06/01,Região de Saúde do Alentejo,"Unidade Local de Saúde do Baixo Alentejo, EPE","38.014123, -7.8721227",31960.0,4932.0,1799.0,,38691.0
2020-06,2020/06/01,Região de Saúde do Centro,"Hospital Distrital da Figueira da Foz, EPE","40.117897, -8.8586755",20436.0,5251.0,,,25687.0
2020-06,2020/06/01,Região de Saúde LVT,"Centro Hospitalar Barreiro/Montijo, EPE","38.6554005, -9.0592392",42272.0,11800.0,4114.0,,58186.0
2020-06,2020/06/01,Região de Saúde LVT,"Hospital de Vila Franca de Xira, PPP","38.977235, -8.984506",35196.0,14184.0,4246.0,,53626.0
2020-06,2020/06/01,Região de Saúde LVT,"Hospital Distrital de Santarém, EPE","39.2410946, -8.6937515",32847.0,10260.0,3274.0,,46381.0
2020-06,2020/06/01,Região de Saúde Norte,"Centro Hospitalar Universitário de São João, EPE","41.1831056, -8.6010558",69052.0,24304.0,5366.0,,98722.0
2020-06,2020/06/01,Região de Saúde Norte,"Centro Hospitalar Vila Nova de Gaia/Espinho, EPE","41.1094138, -8.5972617",52296.0,11742.0,4937.0,,68975.0
2020-06,2020/06/01,Região de Saúde Norte,"Unidade Local de Saúde do Alto Minho, EPE","41.7056054, -8.8252713",48303.0,5804.0,2297.0,,56404.0
2020-07,2020/07/01,Região de Saúde do Alentejo,"Hospital Espírito Santo de Évora, EPE","38.5684861, -7.9032848",24982.0,6720.0,,,31702.0
2020-07,2020/07/01,Região de Saúde do Centro,"Centro Hospitalar Universitário Cova da Beira, EPE","40.2804158, -7.4922407",22396.0,4644.0,1690.0,0.0,28730.0
2020-07,2020/07/01,Região de Saúde do Centro,"Unidade Local de Saúde da Guarda, EPE","40.5309916, -7.2734793",32590.0,5251.0,2327.0,,40168.0
2020-07,2020/07/01,Região de Saúde LVT,"Centro Hospitalar Médio Tejo, EPE","39.478072, -8.5404429",50119.0,9039.0,2141.0,,61299.0
2020-07,2020/07/01,Região de Saúde LVT,"Hospital de Vila Franca de Xira, PPP","38.977235, -8.984506",41516.0,15686.0,4941.0,,62143.0
2020-07,2020/07/01,Região de Saúde LVT,"Hospital Professor Doutor Fernando Fonseca, EPE","38.7422257, -9.2264834",80651.0,18051.0,9325.0,,108027.0
2020-07,2020/07/01,Região de Saúde Norte,"Centro Hospitalar Universitário do Porto, EPE","41.1472498, -8.6172617",62346.0,,11924.0,,74270.0
2020-07,2020/07/01,Região de Saúde Norte,"Centro Hospitalar Póvoa de Varzim/Vila do Conde, EPE","41.3828711, -8.7589945",31281.0,,,,31281.0
2020-07,2020/07/01,Região de Saúde Norte,"Centro Hospitalar Tâmega e Sousa, EPE","41.2494561, -8.264901",72908.0,13122.0,7389.0,,93419.0
2020-07,2020/07/01,Região de Saúde Norte,"Unidade Local de Saúde de Matosinhos, EPE","41.1794456, -8.6745115",39583.0,,4776.0,,44359.0
2020-08,2020/08/01,Região de Saúde do Alentejo,"Hospital Espírito Santo de Évora, EPE","38.5684861, -7.9032848",28822.0,7534.0,,,36356.0
2020-08,2020/08/01,Região de Saúde LVT,"Centro Hospitalar do Oeste, EPE","39.4054629, -9.1258493",59622.0,16118.0,5261.0,,81001.0
2020-08,2020/08/01,Região de Saúde LVT,"Hospital Professor Doutor Fernando Fonseca, EPE","38.7422257, -9.2264834",92408.0,19806.0,10749.0,,122963.0
2020-08,2020/08/01,Região de Saúde Norte,"Centro Hospitalar Póvoa de Varzim/Vila do Conde, EPE","41.3828711, -8.7589945",35771.0,,,,35771.0
2020-08,2020/08/01,Região de Saúde Norte,"Centro Hospitalar Trás-os-Montes e Alto Douro, EPE","41.3031784, -7.7515252",75143.0,10501.0,3519.0,,89163.0
2020-08,2020/08/01,Região de Saúde Norte,"Unidade Local de Saúde do Alto Minho, EPE","41.7056054, -8.8252713",66147.0,7110.0,3294.0,,76551.0
2020-08,2020/08/01,Região de Saúde Norte,"Unidade Local de Saúde do Nordeste, EPE","41.8056532, -6.7888197",54141.0,,,,54141.0
2020-09,2020/09/01,Região de Saúde do Alentejo,"Unidade Local de Saúde do Litoral Alentejano, EPE","38.0162314, -8.6956768",52491.0,,,,52491.0
2020-09,2020/09/01,Região de Saúde do Alentejo,"Unidade Local de Saúde do Norte Alentejano, EPE","39.3003425, -7.4263845",44460.0,3787.0,1061.0,,49308.0
2020-09,2020/09/01,Região de Saúde do Centro,"Centro Hospitalar e Universitário de Coimbra, EPE","40.2191523, -8.4098211",115596.0,30094.0,15710.0,,161400.0
2020-09,2020/09/01,Região de Saúde LVT,"Centro Hospitalar de Setúbal, EPE","38.5283754, -8.8818638",52949.0,16633.0,7929.0,,77511.0
2020-09,2020/09/01,Região de Saúde LVT,"Centro Hospitalar Universitário de Lisboa Norte, EPE","38.7500861, -9.1616116",100368.0,19644.0,10620.0,,130632.0
2020-09,2020/09/01,Região de Saúde LVT,"Centro Hospitalar Médio Tejo, EPE","39.478072, -8.5404429",64847.0,11172.0,2751.0,,78770.0
2020-09,2020/09/01,Região de Saúde LVT,"Hospital de Vila Franca de Xira, PPP","38.977235, -8.984506",52463.0,18913.0,6329.0,,77705.0
2020-09,2020/09/01,Região de Saúde LVT,"Hospital Garcia de Orta, EPE","38.6658713, -9.1822554",62116.0,13335.0,10937.0,,86388.0
2020-10,2020/10/01,Região de Saúde do Algarve,"Centro Hospitalar Universitário do Algarve,EPE","37.0238973, -7.9281554",167168.0,36615.0,15022.0,0.0,218805.0
2020-10,2020/10/01,Região de Saúde do Centro,"Centro Hospitalar Universitário Cova da Beira, EPE","40.2804158, -7.4922407",32314.0,6234.0,2467.0,,41015.0
2020-10,2020/10/01,Região de Saúde do Centro,"Centro Hospitalar de Leiria, EPE","39.7414812, -8.7982706",89500.0,15492.0,8588.0,,113580.0
2020-10,2020/10/01,Região de Saúde do Centro,"Centro Hospitalar e Universitário de Coimbra, EPE","40.2191523, -8.4098211",127954.0,33656.0,17464.0,,179074.0
2020-10,2020/10/01,Região de Saúde do Centro,"Unidade Local de Saúde de Castelo Branco, EPE","39.8212263, -7.4981271",34056.0,4922.0,1117.0,,40095.0
2020-10,2020/10/01,Região de Saúde LVT,"Centro Hospitalar de Lisboa Ocidental, EPE","38.708454, -9.216985",70874.0,15275.0,10039.0,,96188.0
2020-10,2020/10/01,Região de Saúde LVT,"Centro Hospitalar Médio Tejo, EPE","39.478072, -8.5404429",71838.0,12404.0,3071.0,,87313.0
2020-10,2020/10/01,Região de Saúde LVT,"Hospital Garcia de Orta, EPE","38.6658713, -9.1822554",68450.0,15075.0,12176.0,,95701.0
2020-10,2020/10/01,Região de Saúde Norte,"Centro Hospitalar Entre Douro e Vouga, EPE","40.9293884, -8.5458794",107070.0,13711.0,5773.0,,126554.0
2020-10,2020/10/01,Região de Saúde Norte,"Hospital Santa Maria Maior, EPE","41.5324234, -8.6171561",32880.0,5416.0,,,38296.0
2020-10,2020/10/01,Região de Saúde Norte,"Unidade Local de Saúde de Matosinhos, EPE","41.1794456, -8.6745115",58127.0,,6822.0,,64949.0
2020-10,2020/10/01,Região de Saúde Norte,"Unidade Local de Saúde do Nordeste, EPE","41.8056532, -6.7888197",67405.0,,,,67405.0
2020-11,2020/11/01,Região de Saúde do Algarve,"Centro Hospitalar Universitário do Algarve,EPE","37.0238973, -7.9281554",180428.0,39566.0,16362.0,0.0,236356.0
2020-11,2020/11/01,Região de Saúde do Centro,"Hospital Distrital da Figueira da Foz, EPE","40.117897, -8.8586755",39132.0,9275.0,,,48407.0
2020-11,2020/11/01,Região de Saúde LVT,"Centro Hospitalar de Lisboa Ocidental, EPE","38.708454, -9.216985",76589.0,16840.0,10916.0,,104345.0
2020-11,2020/11/01,Região de Saúde LVT,"Centro Hospitalar Médio Tejo, EPE","39.478072, -8.5404429",77719.0,13446.0,3343.0,,94508.0
2020-11,2020/11/01,Região de Saúde LVT,"Hospital de Loures, PPP","38.821455, -9.176296",77934.0,27076.0,11864.0,,116874.0
2020-11,2020/11/01,Região de Saúde Norte,"Centro Hospitalar Póvoa de Varzim/Vila do Conde, EPE","41.3828711, -8.7589945",49233.0,,,,49233.0
2020-12,2020/12/01,Região de Saúde do Centro,"Centro Hospitalar do Baixo Vouga, EPE","40.6362453, -8.6543716",96363.0,19834.0,5846.0,,122043.0
2020-12,2020/12/01,Região de Saúde LVT,"Centro Hospitalar Universitário de Lisboa Norte, EPE","38.7500861, -9.1616116",132360.0,25952.0,14059.0,,172371.0
2020-12,2020/12/01,Região de Saúde LVT,"Hospital de Cascais, PPP","38.729006, -9.418267",69930.0,27604.0,11330.0,,108864.0
2020-12,2020/12/01,Região de Saúde LVT,"Hospital Professor Doutor Fernando Fonseca, EPE","38.7422257, -9.2264834",136672.0,29456.0,15615.0,,181743.0
2020-12,2020/12/01,Região de Saúde Norte,"Centro Hospitalar Universitário de São João, EPE","41.1831056, -8.6010558",144178.0,49015.0,10920.0,,204113.0
2020-12,2020/12/01,Região de Saúde Norte,"Centro Hospitalar Póvoa de Varzim/Vila do Conde, EPE","41.3828711, -8.7589945",53343.0,,,,53343.0
2021-01,2021/01/01,Região de Saúde do Centro,"Centro Hospitalar do Baixo Vouga, EPE","40.6362453, -8.6543716",7454.0,1263.0,443.0,,9160.0
2021-01,2021/01/01,Região de Saúde do Centro,"Centro Hospitalar e Universitário de Coimbra, EPE","40.2191523, -8.4098211",10694.0,2527.0,1511.0,,14732.0
2021-01,2021/01/01,Região de Saúde do Centro,"Centro Hospitalar Tondela-Viseu, EPE","40.516364, -8.0827433",7156.0,1009.0,886.0,,9051.0
2021-01,2021/01/01,Região de Saúde do Centro,"Hospital Distrital da Figueira da Foz, EPE","40.117897, -8.8586755",3132.0,568.0,,,3700.0
2021-01,2021/01/01,Região de Saúde do Centro,"Unidade Local de Saúde da Guarda, EPE","40.5309916, -7.2734793",4309.0,1088.0,244.0,,5641.0
2021-01,2021/01/01,Região de Saúde LVT,"Hospital de Loures, PPP","38.821455, -9.176296",5673.0,1567.0,788.0,,8028.0
2021-01,2021/01/01,Região de Saúde LVT,"Hospital Garcia de Orta, EPE","38.6658713, -9.1822554",5730.0,1190.0,987.0,,7907.0
2021-01,2021/01/01,Região de Saúde Norte,"Hospital Santa Maria Maior, EPE","41.5324234, -8.6171561",3327.0,263.0,,,3590.0
2021-01,2021/01/01,Região de Saúde Norte,"Unidade Local de Saúde do Alto Minho, EPE","41.7056054, -8.8252713",7241.0,510.0,337.0,,8088.0
2021-02,2021/02/01,Região de Saúde do Alentejo,"Unidade Local de Saúde do Litoral Alentejano, EPE","38.0162314, -8.6956768",8526.0,,,,8526.0
2021-02,2021/02/01,Região de Saúde do Centro,"Centro Hospitalar do Baixo Vouga, EPE","40.6362453, -8.6543716",13006.0,1963.0,862.0,,15831.0
2021-02,2021/02/01,Região de Saúde do Centro,"Unidade Local de Saúde da Guarda, EPE","40.5309916, -7.2734793",7683.0,1492.0,497.0,,9672.0
2021-02,2021/02/01,Região de Saúde LVT,"Hospital Garcia de Orta, EPE","38.6658713, -9.1822554",10148.0,1792.0,1751.0,,13691.0
2021-02,2021/02/01,Região de Saúde Norte,"Centro Hospitalar Entre Douro e Vouga, EPE","40.9293884, -8.5458794",16808.0,1511.0,905.0,,19224.0
2021-02,2021/02/01,Região de Saúde Norte,"Centro Hospitalar Trás-os-Montes e Alto Douro, EPE","41.3031784, -7.7515252",15620.0,1279.0,950.0,,17849.0
2021-02,2021/02/01,Região de Saúde Norte,"Unidade Local de Saúde de Matosinhos, EPE","41.1794456, -8.6745115",8865.0,,1110.0,,9975.0
2021-02,2021/02/01,Região de Saúde Norte,"Unidade Local de Saúde do Alto Minho, EPE","41.7056054, -8.8252713",12686.0,825.0,655.0,,14166.0
2021-02,2021/02/01,Região de Saúde Norte,"Unidade Local de Saúde do Nordeste, EPE","41.8056532, -6.7888197",10049.0,,,,10049.0
2021-03,2021/03/01,Região de Saúde do Alentejo,"Hospital Espírito Santo de Évora, EPE","38.5684861, -7.9032848",9215.0,1392.0,,,10607.0
2021-03,2021/03/01,Região de Saúde do Algarve,"Centro Hospitalar Universitário do Algarve,EPE","37.0238973, -7.9281554",39636.0,5871.0,4054.0,0.0,49561.0
2021-03,2021/03/01,Região de Saúde do Centro,"Hospital Distrital da Figueira da Foz, EPE","40.117897, -8.8586755",9168.0,1407.0,,,10575.0
2021-03,2021/03/01,Região de Saúde LVT,"Hospital Garcia de Orta, EPE","38.6658713, -9.1822554",16013.0,2730.0,2893.0,,21636.0
2021-03,2021/03/01,Região de Saúde Norte,"Centro Hospitalar do Médio Ave, EPE","41.3423984, -8.4802503",15705.0,2412.0,1250.0,,19367.0
2021-03,2021/03/01,Região de Saúde Norte,"Centro Hospitalar Universitário do Porto, EPE","41.1472498, -8.6172617",21173.0,,3923.0,,25096.0
2021-03,2021/03/01,Região de Saúde Norte,"Hospital de Braga, EPE","41.56785, -8.398982",26948.0,4150.0,2597.0,,33695.0
2021-04,2021/04/01,Região de Saúde do Alentejo,"Unidade Local de Saúde do Litoral Alentejano, EPE","38.0162314, -8.6956768",18838.0,,,,18838.0
2021-04,2021/04/01,Região de Saúde do Alentejo,"Unidade Local de Saúde do Norte Alentejano, EPE","39.3003425, -7.4263845",16089.0,990.0,408.0,,17487.0
2021-04,2021/04/01,Região de Saúde do Centro,"Centro Hospitalar Tondela-Viseu, EPE","40.516364, -8.0827433",27237.0,4304.0,3971.0,,35512.0
2021-04,2021/04/01,Região de Saúde LVT,"Centro Hospitalar Universitário de Lisboa Norte, EPE","38.7500861, -9.1616116",32557.0,5896.0,4476.0,,42929.0
2021-04,2021/04/01,Região de Saúde LVT,"Hospital de Vila Franca de Xira, PPP","38.977235, -8.984506",19862.0,5437.0,2177.0,,27476.0
2021-04,2021/04/01,Região de Saúde Norte,"Centro Hospitalar Universitário de São João, EPE","41.1831056, -8.6010558",42557.0,12479.0,3461.0,,58497.0
2021-04,2021/04/01,Região de Saúde Norte,"Centro Hospitalar Entre Douro e Vouga, EPE","40.9293884, -8.5458794",37499.0,3512.0,2144.0,,43155.0
2021-04,2021/04/01,Região de Saúde Norte,"Centro Hospitalar Póvoa de Varzim/Vila do Conde, EPE","41.3828711, -8.7589945",14920.0,,,,14920.0
2021-04,2021/04/01,Região de Saúde Norte,"Hospital de Braga, EPE","41.56785, -8.398982",37907.0,6795.0,3591.0,,48293.0
2021-04,2021/04/01,Região de Saúde Norte,"Unidade Local de Saúde do Alto Minho, EPE","41.7056054, -8.8252713",27933.0,1966.0,1478.0,,31377.0
2021-05,2021/05/01,Região de Saúde do Alentejo,"Hospital Espírito Santo de Évora, EPE","38.5684861, -7.9032848",16863.0,3592.0,,,20455.0
2021-05,2021/05/01,Região de Saúde do Alentejo,"Unidade Local de Saúde do Litoral Alentejano, EPE","38.0162314, -8.6956768",25019.0,,,,25019.0
2021-05,2021/05/01,Região de Saúde do Centro,"Hospital Distrital da Figueira da Foz, EPE","40.117897, -8.8586755",16824.0,3438.0,,,20262.0
2021-05,2021/05/01,Região de Saúde LVT,"Centro Hospitalar Médio Tejo, EPE","39.478072, -8.5404429",33531.0,5274.0,1245.0,,40050.0
2021-05,2021/05/01,Região de Saúde LVT,"Hospital de Cascais, PPP","38.729006, -9.418267",25752.0,10341.0,4133.0,,40226.0
2021-06,2021/06/01,Região de Saúde do Algarve,"Centro Hospitalar Universitário do Algarve,EPE","37.0238973, -7.9281554",95068.0,19360.0,8698.0,0.0,123126.0
2021-06,2021/06/01,Região de Saúde do Centro,"Centro Hospitalar de Leiria, EPE","39.7414812, -8.7982706",51222.0,9495.0,4877.0,,65594.0
2021-06,2021/06/01,Região de Saúde LVT,"Centro Hospitalar Universitário de Lisboa Norte, EPE","38.7500861, -9.1616116",56331.0,12075.0,7280.0,,75686.0
2021-06,2021/06/01,Região de Saúde LVT,"Hospital de Vila Franca de Xira, EPE","38.977235, -8.984506",33467.0,12130.0,3523.0,,49120.0
2021-06,2021/06/01,Região de Saúde LVT,"Hospital Garcia de Orta, EPE","38.6658713, -9.1822554",37902.0,9744.0,6704.0,,54350.0
2021-06,2021/06/01,Região de Saúde Norte,"Centro Hospitalar Universitário de São João, EPE","41.1831056, -8.6010558",70854.0,25477.0,5529.0,,101860.0
2021-06,2021/06/01,Região de Saúde Norte,"Centro Hospitalar Universitário do Porto, EPE","41.1472498, -8.6172617",49880.0,,8671.0,,58551.0
2021-06,2021/06/01,Região de Saúde Norte,"Centro Hospitalar Vila Nova de Gaia/Espinho, EPE","41.1094138, -8.5972617",54055.0,12118.0,4789.0,,70962.0
2021-06,2021/06/01,Região de Saúde Norte,"Hospital de Braga, EPE","41.56785, -8.398982",62369.0,13794.0,5637.0,,81800.0
2021-07,2021/07/01,Região de Saúde do Alentejo,"Hospital Espírito Santo de Évora, EPE","38.5684861, -7.9032848",25424.0,6525.0,,,31949.0
2021-07,2021/07/01,Região de Saúde do Alentejo,"Unidade Local de Saúde do Baixo Alentejo, EPE","38.014123, -7.8721227",35559.0,6058.0,1988.0,,43605.0
2021-07,2021/07/01,Região de Saúde Norte,"Centro Hospitalar do Médio Ave, EPE","41.3423984, -8.4802503",43587.0,10638.0,3275.0,,57500.0
2021-07,2021/07/01,Região de Saúde Norte,"Centro Hospitalar Entre Douro e Vouga, EPE","40.9293884, -8.5458794",77298.0,10586.0,4167.0,0.0,92051.0
2021-07,2021/07/01,Região de Saúde Norte,"Hospital de Braga, EPE","41.56785, -8.398982",75301.0,17160.0,6750.0,,99211.0
2021-07,2021/07/01,Região de Saúde Norte,"Hospital Santa Maria Maior, EPE","41.5324234, -8.6171561",24476.0,3550.0,,,28026.0
2021-07,2021/07/01,Região de Saúde Norte,"Unidade Local de Saúde do Alto Minho, EPE","41.7056054, -8.8252713",57473.0,5529.0,2839.0,,65841.0
2021-08,2021/08/01,Região de Saúde do Algarve,"Centro Hospitalar Universitário do Algarve,EPE","37.0238973, -7.9281554",144520.0,30932.0,12403.0,0.0,187855.0
2021-08,2021/08/01,Região de Saúde do Centro,"Centro Hospitalar Universitário Cova da Beira, EPE","40.2804158, -7.4922407",27181.0,5071.0,1966.0,,34218.0
2021-08,2021/08/01,Região de Saúde do Centro,"Centro Hospitalar Tondela-Viseu, EPE","40.516364, -8.0827433",64018.0,13400.0,8814.0,,86232.0
2021-08,2021/08/01,Região de Saúde do Centro,"Hospital Distrital da Figueira da Foz, EPE","40.117897, -8.8586755",30848.0,7605.0,,,38453.0
2021-08,2021/08/01,Região de Saúde LVT,"Centro Hospitalar do Oeste, EPE","39.4054629, -9.1258493",61122.0,16794.0,5130.0,,83046.0
2021-08,2021/08/01,Região de Saúde LVT,"Centro Hospitalar Médio Tejo, EPE","39.478072, -8.5404429",60395.0,11153.0,2258.0,,73806.0
2021-08,2021/08/01,Região de Saúde Norte,"Centro Hospitalar Universitário do Porto, EPE","41.1472498, -8.6172617",71455.0,,12246.0,,83701.0
2021-08,2021/08/01,Região de Saúde Norte,"Centro Hospitalar Trás-os-Montes e Alto Douro, EPE","41.3031784, -7.7515252",80234.0,10425.0,4647.0,,95306.0
2021-08,2021/08/01,Região de Saúde Norte,"Unidade Local de Saúde do Alto Minho, EPE","41.7056054, -8.8252713",69648.0,6671.0,3331.0,,79650.0
2021-09,2021/09/01,Região de Saúde LVT,"Centro Hospitalar Universitário Lisboa Central, EPE","38.7166948, -9.1371248",81367.0,42225.0,13123.0,4252.0,140967.0
2021-09,2021/09/01,Região de Saúde LVT,"Centro Hospitalar de Lisboa Ocidental, EPE","38.708454, -9.216985",59279.0,16146.0,9110.0,,84535.0
2021-09,2021/09/01,Região de Saúde LVT,"Centro Hospitalar de Setúbal, EPE","38.5283754, -8.8818638",55146.0,18917.0,7426.0,,81489.0
2021-09,2021/09/01,Região de Saúde LVT,"Hospital de Loures, PPP","38.821455, -9.176296",63140.0,23842.0,9782.0,,96764.0
2021-09,2021/09/01,Região de Saúde LVT,"Hospital Distrital de Santarém, EPE","39.2410946, -8.6937515",51689.0,12780.0,5055.0,,69524.0
2021-09,2021/09/01,Região de Saúde LVT,"Hospital Garcia de Orta, EPE","38.6658713, -9.1822554",61369.0,16903.0,11001.0,,89273.0
2021-09,2021/09/01,Região de Saúde Norte,"Centro Hospitalar do Médio Ave, EPE","41.3423984, -8.4802503",58147.0,14324.0,4336.0,,76807.0
2021-09,2021/09/01,Região de Saúde Norte,"Centro Hospitalar Póvoa de Varzim/Vila do Conde, EPE","41.3828711, -8.7589945",42637.0,,,,42637.0
2021-09,2021/09/01,Região de Saúde Norte,"Hospital de Braga, EPE","41.56785, -8.398982",100903.0,23439.0,9044.0,,133386.0
2021-09,2021/09/01,Região de Saúde Norte,"Unidade Local de Saúde de Matosinhos, EPE","41.1794456, -8.6745115",55134.0,,6900.0,,62034.0
2021-10,2021/10/01,Região de Saúde do Alentejo,"Unidade Local de Saúde do Baixo Alentejo, EPE","38.014123, -7.8721227",54795.0,10234.0,2899.0,,67928.0
2021-10,2021/10/01,Região de Saúde LVT,"Centro Hospitalar de Setúbal, EPE","38.5283754, -8.8818638",61458.0,23005.0,8299.0,,92762.0
2021-10,2021/10/01,Região de Saúde LVT,"Hospital de Cascais, PPP","38.729006, -9.418267",61262.0,28960.0,9057.0,,99279.0
2021-10,2021/10/01,Região de Saúde LVT,"Hospital Distrital de Santarém, EPE","39.2410946, -8.6937515",59045.0,15832.0,5686.0,,80563.0
2021-10,2021/10/01,Região de Saúde Norte,"Centro Hospitalar Entre Douro e Vouga, EPE","40.9293884, -8.5458794",119310.0,18690.0,6356.0,,144356.0
2021-10,2021/10/01,Região de Saúde Norte,"Centro Hospitalar Tâmega e Sousa, EPE","41.2494561, -8.264901",113758.0,23901.0,10770.0,,148429.0
2021-10,2021/10/01,Região de Saúde Norte,"Centro Hospitalar Vila Nova de Gaia/Espinho, EPE","41.1094138, -8.5972617",98883.0,25517.0,8675.0,,133075.0
2021-10,2021/10/01,Região de Saúde Norte,"Unidade Local de Saúde do Nordeste, EPE","41.8056532, -6.7888197",70191.0,,,,70191.0
2021-11,2021/11/01,Região de Saúde do Alentejo,"Unidade Local de Saúde do Baixo Alentejo, EPE","38.014123, -7.8721227",61102.0,11930.0,3186.0,,76218.0
2021-11,2021/11/01,Região de Saúde do Algarve,"Centro Hospitalar Universitário do Algarve,EPE","37.0238973, -7.9281554",207819.0,49545.0,17241.0,0.0,274605.0
2021-11,2021/11/01,Região de Saúde do Centro,"Centro Hospitalar Universitário Cova da Beira, EPE","40.2804158, -7.4922407",38488.0,8363.0,2794.0,422.0,50067.0
2021-11,2021/11/01,Região de Saúde do Centro,"Hospital Distrital da Figueira da Foz, EPE","40.117897, -8.8586755",44182.0,12371.0,,,56553.0
2021-11,2021/11/01,Região de Saúde LVT,"Centro Hospitalar Barreiro/Montijo, EPE","38.6554005, -9.0592392",77926.0,24456.0,7631.0,,110013.0
2021-11,2021/11/01,Região de Saúde LVT,"Centro Hospitalar Universitário de Lisboa Norte, EPE","38.7500861, -9.1616116",119250.0,27921.0,14456.0,,161627.0
2021-11,2021/11/01,Região de Saúde Norte,"Centro Hospitalar Trás-os-Montes e Alto Douro, EPE","41.3031784, -7.7515252",115117.0,17887.0,6463.0,,139467.0
2021-11,2021/11/01,Região de Saúde Norte,"Hospital da Senhora da Oliveira, Guimarães, EPE","41.4387173, -8.3086907",79719.0,20017.0,7929.0,,107665.0
2021-11,2021/11/01,Região de Saúde Norte,"Unidade Local de Saúde do Nordeste, EPE","41.8056532, -6.7888197",78865.0,,,,78865.0
2021-12,2021/12/01,Região de Saúde do Centro,"Centro Hospitalar Universitário Cova da Beira, EPE","40.2804158, -7.4922407",41954.0,9159.0,3057.0,491.0,54661.0
2021-12,2021/12/01,Região de Saúde do Centro,"Centro Hospitalar do Baixo Vouga, EPE","40.6362453, -8.6543716",111964.0,30422.0,6179.0,,148565.0
2021-12,2021/12/01,Região de Saúde do Centro,"Centro Hospitalar Tondela-Viseu, EPE","40.516364, -8.0827433",98781.0,23752.0,13586.0,,136119.0
2021-12,2021/12/01,Região de Saúde do Centro,"Unidade Local de Saúde de Castelo Branco, EPE","39.8212263, -7.4981271",42520.0,9365.0,1395.0,,53280.0
2021-12,2021/12/01,Região de Saúde LVT,"Centro Hospitalar do Oeste, EPE","39.4054629, -9.1258493",97806.0,32204.0,7900.0,,137910.0
2021-12,2021/12/01,Região de Saúde LVT,"Hospital de Loures, PPP","38.821455, -9.176296",85713.0,38174.0,13424.0,,137311.0
2021-12,2021/12/01,Região de Saúde LVT,"Hospital Professor Doutor Fernando Fonseca, EPE","38.7422257, -9.2264834",152420.0,42524.0,16650.0,,211594.0
2021-12,2021/12/01,Região de Saúde Norte,"Centro Hospitalar Universitário do Porto, EPE","41.1472498, -8.6172617",112275.0,,18924.0,,131199.0
2021-12,2021/12/01,Região de Saúde Norte,"Centro Hospitalar Póvoa de Varzim/Vila do Conde, EPE","41.3828711, -8.7589945",60488.0,,,,60488.0
2021-12,2021/12/01,Região de Saúde Norte,"Centro Hospitalar Vila Nova de Gaia/Espinho, EPE","41.1094138, -8.5972617",119739.0,33106.0,10505.0,,163350.0
2021-12,2021/12/01,Região de Saúde Norte,"Hospital de Braga, EPE","41.56785, -8.398982",137651.0,35812.0,12267.0,,185730.0
2022-01,2022/01/01,Região de Saúde do Alentejo,"Unidade Local de Saúde do Baixo Alentejo, EPE","38.014123, -7.8721227",6131.0,1885.0,318.0,,8334.0
2022-01,2022/01/01,Região de Saúde do Alentejo,"Unidade Local de Saúde do Litoral Alentejano, EPE","38.0162314, -8.6956768",6742.0,,,,6742.0
2022-01,2022/01/01,Região de Saúde do Centro,"Centro Hospitalar Universitário Cova da Beira, EPE","40.2804158, -7.4922407",3484.0,746.0,250.0,56.0,4536.0
2022-01,2022/01/01,Região de Saúde do Centro,"Centro Hospitalar de Leiria, EPE","39.7414812, -8.7982706",9936.0,1780.0,924.0,,12640.0
2022-01,2022/01/01,Região de Saúde do Centro,"Hospital Distrital da Figueira da Foz, EPE","40.117897, -8.8586755",3890.0,1069.0,,,4959.0
2022-01,2022/01/01,Região de Saúde do Centro,"Unidade Local de Saúde de Castelo Branco, EPE","39.8212263, -7.4981271",3605.0,729.0,115.0,,4449.0
2022-01,2022/01/01,Região de Saúde LVT,"Centro Hospitalar de Setúbal, EPE","38.5283754, -8.8818638",6684.0,2621.0,806.0,,10111.0
2022-01,2022/01/01,Região de Saúde LVT,"Centro Hospitalar Médio Tejo, EPE","39.478072, -8.5404429",8366.0,1716.0,283.0,,10365.0
2022-01,2022/01/01,Região de Saúde LVT,"Hospital de Vila Franca de Xira, EPE","38.977235, -8.984506",6332.0,2563.0,621.0,,9516.0
2022-01,2022/01/01,Região de Saúde Norte,"Centro Hospitalar Universitário de São João, EPE","41.1831056, -8.6010558",12697.0,5403.0,1092.0,,19192.0
2022-02,2022/02/01,Região de Saúde do Alentejo,"Hospital Espírito Santo de Évora, EPE","38.5684861, -7.9032848",8178.0,2695.0,,,10873.0
2022-02,2022/02/01,Região de Saúde do Alentejo,"Unidade Local de Saúde do Baixo Alentejo, EPE","38.014123, -7.8721227",11788.0,3328.0,597.0,,15713.0
2022-02,2022/02/01,Região de Saúde do Alentejo,"Unidade Local de Saúde do Norte Alentejano, EPE","39.3003425, -7.4263845",10244.0,1266.0,372.0,,11882.0
2022-02,2022/02/01,Região de Saúde do Centro,"Centro Hospitalar Universitário Cova da Beira, EPE","40.2804158, -7.4922407",7036.0,1545.0,542.0,56.0,9179.0
2022-02,2022/02/01,Região de Saúde LVT,"Centro Hospitalar Barreiro/Montijo, EPE","38.6554005, -9.0592392",15164.0,5004.0,1468.0,,21636.0
2022-02,2022/02/01,Região de Saúde LVT,"Centro Hospitalar de Setúbal, EPE","38.5283754, -8.8818638",12876.0,5883.0,1589.0,,20348.0
2022-02,2022/02/01,Região de Saúde LVT,"Centro Hospitalar Universitário de Lisboa Norte, EPE","38.7500861, -9.1616116",22263.0,5571.0,2675.0,,30509.0
2022-02,2022/02/01,Região de Saúde Norte,"Hospital da Senhora da Oliveira, Guimarães, EPE","41.4387173, -8.3086907",15402.0,4195.0,1481.0,,21078.0
2022-02,2022/02/01,Região de Saúde Norte,"Unidade Local de Saúde do Alto Minho, EPE","41.7056054, -8.8252713",18707.0,2120.0,783.0,,21610.0
2022-03,2022/03/01,Região de Saúde do Alentejo,"Unidade Local de Saúde do Baixo Alentejo, EPE","38.014123, -7.8721227",18928.0,5266.0,923.0,,25117.0
2022-03,2022/03/01,Região de Saúde do Centro,"Centro Hospitalar de Leiria, EPE","39.7414812, -8.7982706",31764.0,8083.0,2777.0,,42624.0
2022-03,2022/03/01,Região de Saúde do Centro,"Unidade Local de Saúde da Guarda, EPE","40.5309916, -7.2734793",16923.0,3507.0,895.0,,21325.0
2022-03,2022/03/01,Região de Saúde LVT,"Centro Hospitalar de Setúbal, EPE","38.5283754, -8.8818638",20471.0,10595.0,2474.0,,33540.0
2022-03,2022/03/01,Região de Saúde LVT,"Hospital Professor Doutor Fernando Fonseca, EPE","38.7422257, -9.2264834",39735.0,14227.0,4538.0,,58500.0
2022-04,2022/04/01,Região de Saúde do Centro,"Centro Hospitalar e Universitário de Coimbra, EPE","40.2191523, -8.4098211",58596.0,22878.0,7208.0,,88682.0
2022-04,2022/04/01,Região de Saúde do Centro,"Centro Hospitalar Tondela-Viseu, EPE","40.516364, -8.0827433",35042.0,10868.0,4663.0,,50573.0
2022-04,2022/04/01,Região de Saúde do Centro,"Hospital Distrital da Figueira da Foz, EPE","40.117897, -8.8586755",16717.0,5938.0,,,22655.0
2022-04,2022/04/01,Região de Saúde LVT,"Centro Hospitalar Universitário Lisboa Central, EPE","38.7166948, -9.1371248",42920.0,27443.0,6108.0,2064.0,78535.0
2022-04,2022/04/01,Região de Saúde LVT,"Centro Hospitalar Médio Tejo, EPE","39.478072, -8.5404429",36325.0,10432.0,1327.0,,48084.0
2022-04,2022/04/01,Região de Saúde LVT,"Hospital Professor Doutor Fernando Fonseca, EPE","38.7422257, -9.2264834",53463.0,19296.0,6060.0,,78819.0
2022-05,2022/05/01,Região de Saúde do Alentejo,"Hospital Espírito Santo de Évora, EPE","38.5684861, -7.9032848",21998.0,8791.0,,,30789.0
2022-05,2022/05/01,Região de Saúde do Centro,"Centro Hospitalar do Baixo Vouga, EPE","40.6362453, -8.6543716",53227.0,17874.0,2539.0,,73640.0
2022-05,2022/05/01,Região de Saúde do Centro,"Centro Hospitalar Tondela-Viseu, EPE","40.516364, -8.0827433",44857.0,14417.0,5942.0,,65216.0
2022-05,2022/05/01,Região de Saúde do Centro,"Hospital Distrital da Figueira da Foz, EPE","40.117897, -8.8586755",21510.0,7724.0,,,29234.0
2022-05,2022/05/01,Região de Saúde LVT,"Centro Hospitalar Universitário Lisboa Central, EPE","38.7166948, -9.1371248",55413.0,35264.0,7919.0,2648.0,101244.0
2022-05,2022/05/01,Região de Saúde LVT,"Centro Hospitalar Universitário de Lisboa Norte, EPE","38.7500861, -9.1616116",62384.0,17336.0,7316.0,,87036.0
2022-05,2022/05/01,Região de Saúde LVT,"Hospital Professor Doutor Fernando Fonseca, EPE","38.7422257, -9.2264834",69331.0,25234.0,7827.0,,102392.0
2022-05,2022/05/01,Região de Saúde Norte,"Centro Hospitalar Universitário do Porto, EPE","41.1472498, -8.6172617",51696.0,,8426.0,,60122.0
2022-05,2022/05/01,Região de Saúde Norte,"Hospital da Senhora da Oliveira, Guimarães, EPE","41.4387173, -8.3086907",41844.0,14270.0,3940.0,,60054.0
2022-05,2022/05/01,Região de Saúde Norte,"Hospital de Braga, EPE","41.56785, -8.398982",60563.0,18906.0,5515.0,,84984.0
2022-05,2022/05/01,Região de Saúde Norte,"Unidade Local de Saúde de Matosinhos, EPE","41.1794456, -8.6745115",34990.0,,3737.0,,38727.0
2022-05,2022/05/01,Região de Saúde Norte,"Unidade Local de Saúde do Nordeste, EPE","41.8056532, -6.7888197",41800.0,,,,41800.0
2022-06,2022/06/01,Região de Saúde do Alentejo,"Unidade Local de Saúde do Norte Alentejano, EPE","39.3003425, -7.4263845",35211.0,4432.0,1120.0,,40763.0
2022-06,2022/06/01,Região de Saúde do Centro,"Centro Hospitalar do Baixo Vouga, EPE","40.6362453, -8.6543716",63769.0,20913.0,3121.0,,87803.0
2022-06,2022/06/01,Região de Saúde do Centro,"Centro Hospitalar e Universitário de Coimbra, EPE","40.2191523, -8.4098211",89944.0,34827.0,10840.0,,135611.0
2022-06,2022/06/01,Região de Saúde do Centro,"Hospital Distrital da Figueira da Foz, EPE","40.117897, -8.8586755",25933.0,9120.0,,,35053.0
2022-06,2022/06/01,Região de Saúde do Centro,"Unidade Local de Saúde de Castelo Branco, EPE","39.8212263, -7.4981271",24363.0,6874.0,770.0,,32007.0
2022-06,2022/06/01,Região de Saúde LVT,"Hospital de Vila Franca de Xira, EPE","38.977235, -8.984506",40127.0,23096.0,4164.0,,67387.0
2022-06,2022/06/01,Região de Saúde Norte,"Hospital de Braga, EPE","41.56785, -8.398982",72430.0,22154.0,6503.0,,101087.0
2022-06,2022/06/01,Região de Saúde Norte,"Unidade Local de Saúde do Alto Minho, EPE","41.7056054, -8.8252713",64339.0,9114.0,2810.0,,76263.0
2022-07,2022/07/01,Região de Saúde do Alentejo,"Hospital Espírito Santo de Évora, EPE","38.5684861, -7.9032848",31078.0,12066.0,,,43144.0
2022-07,2022/07/01,Região de Saúde do Alentejo,"Unidade Local de Saúde do Baixo Alentejo, EPE","38.014123, -7.8721227",46394.0,10872.0,2138.0,,59404.0
2022-07,2022/07/01,Região de Saúde do Alentejo,"Unidade Local de Saúde do Norte Alentejano, EPE","39.3003425, -7.4263845",41213.0,4999.0,1323.0,,47535.0
2022-07,2022/07/01,Região de Saúde do Centro,"Centro Hospitalar do Baixo Vouga, EPE","40.6362453, -8.6543716",74926.0,23967.0,3607.0,,102500.0
2022-07,2022/07/01,Região de Saúde LVT,"Hospital de Cascais, PPP","38.729006, -9.418267",51957.0,29946.0,7341.0,,89244.0
2022-07,2022/07/01,Região de Saúde LVT,"Hospital de Vila Franca de Xira, EPE","38.977235, -8.984506",46663.0,25981.0,4891.0,,77535.0
2022-07,2022/07/01,Região de Saúde Norte,"Centro Hospitalar Entre Douro e Vouga, EPE","40.9293884, -8.5458794",104151.0,20052.0,5089.0,,129292.0
2022-07,2022/07/01,Região de Saúde Norte,"Hospital Santa Maria Maior, EPE","41.5324234, -8.6171561",30271.0,7966.0,,,38237.0
2022-07,2022/07/01,Região de Saúde Norte,"Unidade Local de Saúde do Alto Minho, EPE","41.7056054, -8.8252713",76830.0,10722.0,3372.0,,90924.0
2022-08,2022/08/01,Região de Saúde do Centro,"Centro Hospitalar do Baixo Vouga, EPE","40.6362453, -8.6543716",85862.0,26516.0,4136.0,,116514.0
2022-08,2022/08/01,Região de Saúde do Centro,"Centro Hospitalar Tondela-Viseu, EPE","40.516364, -8.0827433",73381.0,21927.0,9991.0,,105299.0
2022-08,2022/08/01,Região de Saúde LVT,"Centro Hospitalar Universitário Lisboa Central, EPE","38.7166948, -9.1371248",90535.0,51858.0,13352.0,4426.0,160171.0
2022-08,2022/08/01,Região de Saúde LVT,"Hospital de Cascais, PPP","38.729006, -9.418267",59609.0,32894.0,8528.0,,101031.0
2022-08,2022/08/01,Região de Saúde LVT,"Hospital Garcia de Orta, EPE","38.6658713, -9.1822554",58705.0,29384.0,10585.0,,98674.0
2022-08,2022/08/01,Região de Saúde Norte,"Centro Hospitalar Póvoa de Varzim/Vila do Conde, EPE","41.3828711, -8.7589945",48609.0,,,,48609.0
2022-08,2022/08/01,Região de Saúde Norte,"Centro Hospitalar Trás-os-Montes e Alto Douro, EPE","41.3031784, -7.7515252",99029.0,18804.0,5270.0,,123103.0
2022-08,2022/08/01,Região de Saúde Norte,"Centro Hospitalar Vila Nova de Gaia/Espinho, EPE","41.1094138, -8.5972617",89274.0,28111.0,5562.0,,122947.0
2022-08,2022/08/01,Região de Saúde Norte,"Unidade Local de Saúde de Matosinhos, EPE","41.1794456, -8.6745115",56348.0,,6333.0,,62681.0
2022-08,2022/08/01,Região de Saúde Norte,"Unidade Local de Saúde do Nordeste, EPE","41.8056532, -6.7888197",68360.0,,,,68360.0
2022-09,2022/09/01,Região de Saúde do Alentejo,"Unidade Local de Saúde do Baixo Alentejo, EPE","38.014123, -7.8721227",59476.0,13006.0,2748.0,,75230.0
2022-09,2022/09/01,Região de Saúde do Centro,"Unidade Local de Saúde de Castelo Branco, EPE","39.8212263, -7.4981271",37105.0,9719.0,1191.0,,48015.0
2022-09,2022/09/01,Região de Saúde LVT,"Hospital Garcia de Orta, EPE","38.6658713, -9.1822554",65964.0,32679.0,11750.0,,110393.0
2022-09,2022/09/01,Região de Saúde Norte,"Centro Hospitalar Universitário do Porto, EPE","41.1472498, -8.6172617",94878.0,,15749.0,,110627.0
2022-09,2022/09/01,Região de Saúde Norte,"Centro Hospitalar Entre Douro e Vouga, EPE","40.9293884, -8.5458794",134235.0,24798.0,6802.0,,165835.0
2022-09,2022/09/01,Região de Saúde Norte,"Centro Hospitalar Tâmega e Sousa, EPE","41.2494561, -8.264901",113647.0,27473.0,10757.0,,151877.0
2022-09,2022/09/01,Região de Saúde Norte,"Centro Hospitalar Trás-os-Montes e Alto Douro, EPE","41.3031784, -7.7515252",110662.0,20673.0,5970.0,,137305.0
2022-09,2022/09/01,Região de Saúde Norte,"Centro Hospitalar Vila Nova de Gaia/Espinho, EPE","41.1094138, -8.5972617",100719.0,31467.0,6187.0,,138373.0
2022-10,2022/10/01,Região de Saúde do Alentejo,"Unidade Local de Saúde do Litoral Alentejano, EPE","38.0162314, -8.6956768",77476.0,,,,77476.0
2022-10,2022/10/01,Região de Saúde do Centro,"Centro Hospitalar do Baixo Vouga, EPE","40.6362453, -8.6543716",107624.0,33854.0,5292.0,,146770.0
2022-10,2022/10/01,Região de Saúde do Centro,"Centro Hospitalar e Universitário de Coimbra, EPE","40.2191523, -8.4098211",152428.0,57223.0,18916.0,,228567.0
2022-10,2022/10/01,Região de Saúde do Centro,"Hospital Distrital da Figueira da Foz, EPE","40.117897, -8.8586755",45132.0,15516.0,,,60648.0
2022-10,2022/10/01,Região de Saúde LVT,"Centro Hospitalar de Setúbal, EPE","38.5283754, -8.8818638",70513.0,35398.0,8682.0,,114593.0
2022-10,2022/10/01,Região de Saúde LVT,"Centro Hospitalar do Oeste, EPE","39.4054629, -9.1258493",94833.0,38254.0,7021.0,,140108.0
2022-10,2022/10/01,Região de Saúde LVT,"Hospital de Loures, EPE","38.821455, -9.176296",78224.0,42852.0,10928.0,0.0,132004.0
2022-10,2022/10/01,Região de Saúde LVT,"Hospital Garcia de Orta, EPE","38.6658713, -9.1822554",73648.0,38235.0,13008.0,,124891.0
2022-10,2022/10/01,Região de Saúde Norte,"Hospital da Senhora da Oliveira, Guimarães, EPE","41.4387173, -8.3086907",84157.0,27270.0,8674.0,,120101.0
2022-10,2022/10/01,Região de Saúde Norte,"Hospital Santa Maria Maior, EPE","41.5324234, -8.6171561",43644.0,10934.0,,,54578.0
2022-10,2022/10/01,Região de Saúde Norte,"Unidade Local de Saúde do Nordeste, EPE","41.8056532, -6.7888197",84680.0,,,,84680.0
2022-11,2022/11/01,Região de Saúde LVT,"Centro Hospitalar Universitário Lisboa Central, EPE","38.7166948, -9.1371248",124936.0,76111.0,18484.0,6026.0,225557.0
2022-11,2022/11/01,Região de Saúde Norte,"Centro Hospitalar Vila Nova de Gaia/Espinho, EPE","41.1094138, -8.5972617",123460.0,42398.0,7508.0,,173366.0
2022-11,2022/11/01,Região de Saúde Norte,"Hospital de Braga, EPE","41.56785, -8.398982",132576.0,41482.0,11843.0,,185901.0
2022-12,2022/12/01,Região de Saúde do Alentejo,"Hospital Espírito Santo de Évora, EPE","38.5684861, -7.9032848",53656.0,20349.0,,,74005.0
2022-12,2022/12/01,Região de Saúde do Alentejo,"Unidade Local de Saúde do Litoral Alentejano, EPE","38.0162314, -8.6956768",95669.0,,,,95669.0
2022-12,2022/12/01,Região de Saúde do Centro,"Centro Hospitalar Universitário Cova da Beira, EPE","40.2804158, -7.4922407",48182.0,14592.0,3769.0,466.0,67009.0
2022-12,2022/12/01,Região de Saúde do Centro,"Centro Hospitalar e Universitário de Coimbra, EPE","40.2191523, -8.4098211",182251.0,71261.0,22725.0,,276237.0
2022-12,2022/12/01,Região de Saúde do Centro,"Unidade Local de Saúde da Guarda, EPE","40.5309916, -7.2734793",75853.0,15593.0,4020.0,,95466.0
2022-12,2022/12/01,Região de Saúde Norte,"Centro Hospitalar Entre Douro e Vouga, EPE","40.9293884, -8.5458794",182400.0,37594.0,9111.0,,229105.0
2022-12,2022/12/01,Região de Saúde Norte,"Centro Hospitalar Póvoa de Varzim/Vila do Conde, EPE","41.3828711, -8.7589945",73960.0,,,,73960.0
2022-12,2022/12/01,Região de Saúde Norte,"Centro Hospitalar Tâmega e Sousa, EPE","41.2494561, -8.264901",151081.0,39813.0,14548.0,,205442.0
2022-12,2022/12/01,Região de Saúde Norte,"Unidade Local de Saúde de Matosinhos, EPE","41.1794456, -8.6745115",83767.0,,9520.0,,93287.0
2023-01,2023/01/01,Região de Saúde do Alentejo,"Unidade Local de Saúde do Norte Alentejano, EPE","39.3003425, -7.4263845",6276.0,670.0,181.0,,7127.0
2023-01,2023/01/01,Região de Saúde do Centro,"Centro Hospitalar Universitário Cova da Beira, EPE","40.2804158, -7.4922407",4207.0,1381.0,355.0,32.0,5975.0
2023-01,2023/01/01,Região de Saúde do Centro,"Centro Hospitalar de Leiria, EPE","39.7414812, -8.7982706",10428.0,2664.0,1024.0,,14116.0
2023-01,2023/01/01,Região de Saúde do Centro,"Centro Hospitalar Tondela-Viseu, EPE","40.516364, -8.0827433",9230.0,3081.0,1309.0,,13620.0
2023-01,2023/01/01,Região de Saúde LVT,"Centro Hospitalar Médio Tejo, EPE","39.478072, -8.5404429",9848.0,2996.0,273.0,,13117.0
2023-01,2023/01/01,Região de Saúde LVT,"Hospital Garcia de Orta, EPE","38.6658713, -9.1822554",6768.0,4045.0,1558.0,0.0,12371.0
2023-01,2023/01/01,Região de Saúde Norte,"Centro Hospitalar Universitário de São João, EPE","41.1831056, -8.6010558",14226.0,6419.0,1040.0,,21685.0
2023-01,2023/01/01,Região de Saúde Norte,"Centro Hospitalar Entre Douro e Vouga, EPE","40.9293884, -8.5458794",15383.0,3082.0,673.0,,19138.0
2023-01,2023/01/01,Região de Saúde Norte,"Hospital da Senhora da Oliveira, Guimarães, EPE","41.4387173, -8.3086907",8667.0,2924.0,837.0,,12428.0
2023-01,2023/01/01,Região de Saúde Norte,"Unidade Local de Saúde de Matosinhos, EPE","41.1794456, -8.6745115",6723.0,,679.0,,7402.0
2023-02,2023/02/01,Região de Saúde do Alentejo,"Hospital Espírito Santo de Évora, EPE","38.5684861, -7.9032848",8573.0,3031.0,,,11604.0
2023-02,2023/02/01,Região de Saúde do Algarve,"Centro Hospitalar Universitário do Algarve,EPE","37.0238973, -7.9281554",42967.0,11117.0,3033.0,0.0,57117.0
2023-02,2023/02/01,Região de Saúde do Centro,"Centro Hospitalar do Baixo Vouga, EPE","40.6362453, -8.6543716",20746.0,6744.0,1005.0,,28495.0
2023-02,2023/02/01,Região de Saúde do Centro,"Centro Hospitalar e Universitário de Coimbra, EPE","40.2191523, -8.4098211",28789.0,10906.0,3471.0,,43166.0
2023-02,2023/02/01,Região de Saúde do Centro,"Hospital Distrital da Figueira da Foz, EPE","40.117897, -8.8586755",8087.0,3160.0,,,11247.0
2023-02,2023/02/01,Região de Saúde LVT,"Centro Hospitalar Universitário de Lisboa Norte, EPE","38.7500861, -9.1616116",22259.0,6940.0,2830.0,,32029.0
2023-02,2023/02/01,Região de Saúde LVT,"Hospital de Loures, EPE","38.821455, -9.176296",13371.0,8728.0,2074.0,0.0,24173.0
2023-02,2023/02/01,Região de Saúde LVT,"Hospital Professor Doutor Fernando Fonseca, EPE","38.7422257, -9.2264834",28532.0,10200.0,3188.0,,41920.0
2023-02,2023/02/01,Região de Saúde Norte,"Centro Hospitalar do Médio Ave, EPE","41.3423984, -8.4802503",14096.0,5599.0,1115.0,,20810.0
2023-02,2023/02/01,Região de Saúde Norte,"Centro Hospitalar Póvoa de Varzim/Vila do Conde, EPE","41.3828711, -8.7589945",11678.0,,,,11678.0
2023-02,2023/02/01,Região de Saúde Norte,"Centro Hospitalar Trás-os-Montes e Alto Douro, EPE","41.3031784, -7.7515252",23975.0,5298.0,1187.0,,30460.0
2023-02,2023/02/01,Região de Saúde Norte,"Hospital da Senhora da Oliveira, Guimarães, EPE","41.4387173, -8.3086907",16797.0,5799.0,1588.0,,24184.0
2023-03,2023/03/01,Região de Saúde do Alentejo,"Hospital Espírito Santo de Évora, EPE","38.5684861, -7.9032848",12808.0,4637.0,,,17445.0
2023-03,2023/03/01,Região de Saúde do Centro,"Centro Hospitalar do Baixo Vouga, EPE","40.6362453, -8.6543716",32065.0,11013.0,1599.0,,44677.0
2023-03,2023/03/01,Região de Saúde do Centro,"Centro Hospitalar e Universitário de Coimbra, EPE","40.2191523, -8.4098211",44202.0,17000.0,5305.0,,66507.0
2023-03,2023/03/01,Região de Saúde do Centro,"Unidade Local de Saúde da Guarda, EPE","40.5309916, -7.2734793",19372.0,4177.0,969.0,,24518.0
2023-03,2023/03/01,Região de Saúde LVT,"Centro Hospitalar de Lisboa Ocidental, EPE","38.708454, -9.216985",22981.0,8735.0,3160.0,,34876.0
2023-03,2023/03/01,Região de Saúde LVT,"Hospital Distrital de Santarém, EPE","39.2410946, -8.6937515",20344.0,8206.0,1892.0,,30442.0
2023-03,2023/03/01,Região de Saúde Norte,"Centro Hospitalar Universitário de Santo António, EPE","41.1472498, -8.6172617",30640.0,,4866.0,,35506.0
2023-04,2023/04/01,Região de Saúde do Alentejo,"Unidade Local de Saúde do Baixo Alentejo, EPE","38.014123, -7.8721227",30289.0,5851.0,1279.0,,37419.0
2023-04,2023/04/01,Região de Saúde do Centro,"Hospital Distrital da Figueira da Foz, EPE","40.117897, -8.8586755",16569.0,6385.0,,,22954.0
2023-04,2023/04/01,Região de Saúde do Centro,"Unidade Local de Saúde da Guarda, EPE","40.5309916, -7.2734793",25651.0,5398.0,1339.0,,32388.0
2023-04,2023/04/01,Região de Saúde LVT,"Centro Hospitalar de Lisboa Ocidental, EPE","38.708454, -9.216985",30408.0,11219.0,4256.0,,45883.0
2023-04,2023/04/01,Região de Saúde LVT,"Centro Hospitalar Médio Tejo, EPE","39.478072, -8.5404429",38216.0,12153.0,1315.0,,51684.0
2023-04,2023/04/01,Região de Saúde LVT,"Hospital de Vila Franca de Xira, EPE","38.977235, -8.984506",26466.0,16053.0,2582.0,,45101.0
2023-04,2023/04/01,Região de Saúde LVT,"Hospital Garcia de Orta, EPE","38.6658713, -9.1822554",27318.0,16269.0,6041.0,,49628.0
2023-04,2023/04/01,Região de Saúde Norte,"Centro Hospitalar Póvoa de Varzim/Vila do Conde, EPE","41.3828711, -8.7589945",23617.0,,,,23617.0
2023-04,2023/04/01,Região de Saúde Norte,"Centro Hospitalar Tâmega e Sousa, EPE","41.2494561, -8.264901",50335.0,12846.0,4854.0,,68035.0
2023-04,2023/04/01,Região de Saúde Norte,"Hospital de Braga, EPE","41.56785, -8.398982",48667.0,15827.0,4376.0,,68870.0
2023-05,2023/05/01,Região de Saúde do Alentejo,"Unidade Local de Saúde do Baixo Alentejo, EPE","38.014123, -7.8721227",37808.0,7371.0,1654.0,,46833.0
2023-05,2023/05/01,Região de Saúde do Alentejo,"Unidade Local de Saúde do Norte Alentejano, EPE","39.3003425, -7.4263845",32220.0,3818.0,970.0,,37008.0
2023-05,2023/05/01,Região de Saúde do Centro,"Centro Hospitalar Universitário Cova da Beira, EPE","40.2804158, -7.4922407",20392.0,6436.0,1636.0,197.0,28661.0
2023-05,2023/05/01,Região de Saúde LVT,"Centro Hospitalar Médio Tejo, EPE","39.478072, -8.5404429",48536.0,15362.0,1731.0,,65629.0
2023-05,2023/05/01,Região de Saúde LVT,"Hospital de Loures, EPE","38.821455, -9.176296",33999.0,16856.0,5579.0,0.0,56434.0
2023-06,2023/06/01,Região de Saúde do Alentejo,"Unidade Local de Saúde do Litoral Alentejano, EPE","38.0162314, -8.6956768",47964.0,,,,47964.0
2023-06,2023/06/01,Região de Saúde LVT,"Centro Hospitalar Médio Tejo, EPE","39.478072, -8.5404429",58399.0,17998.0,2177.0,,78574.0
2023-06,2023/06/01,Região de Saúde LVT,"Hospital de Vila Franca de Xira, EPE","38.977235, -8.984506",40559.0,24086.0,4158.0,,68803.0
2023-06,2023/06/01,Região de Saúde LVT,"Hospital Garcia de Orta, EPE","38.6658713, -9.1822554",42077.0,24380.0,8944.0,0.0,75401.0
2023-06,2023/06/01,Região de Saúde Norte,"Centro Hospitalar Entre Douro e Vouga, EPE","40.9293884, -8.5458794",92581.0,17952.0,4303.0,,114836.0
2023-06,2023/06/01,Região de Saúde Norte,"Unidade Local de Saúde de Matosinhos, EPE","41.1794456, -8.6745115",40936.0,,4665.0,,45601.0
2023-06,2023/06/01,Região de Saúde Norte,"Unidade Local de Saúde do Alto Minho, EPE","41.7056054, -8.8252713",69447.0,10297.0,3240.0,,82984.0
2023-07,2023/07/01,Região de Saúde do Alentejo,"Hospital Espírito Santo de Évora, EPE","38.5684861, -7.9032848",30341.0,10413.0,,,40754.0
2023-07,2023/07/01,Região de Saúde do Alentejo,"Unidade Local de Saúde do Litoral Alentejano, EPE","38.0162314, -8.6956768",56261.0,,,,56261.0
2023-07,2023/07/01,Região de Saúde do Centro,"Centro Hospitalar Universitário Cova da Beira, EPE","40.2804158, -7.4922407",28856.0,8612.0,2315.0,234.0,40017.0
2023-07,2023/07/01,Região de Saúde do Centro,"Unidade Local de Saúde de Castelo Branco, EPE","39.8212263, -7.4981271",30967.0,9142.0,1030.0,,41139.0
2023-07,2023/07/01,Região de Saúde LVT,"Centro Hospitalar do Oeste, EPE","39.4054629, -9.1258493",68558.0,27470.0,3023.0,,99051.0
2023-07,2023/07/01,Região de Saúde LVT,"Centro Hospitalar Universitário de Lisboa Norte, EPE","38.7500861, -9.1616116",82528.0,27117.0,10318.0,,119963.0
2023-07,2023/07/01,Região de Saúde LVT,"Hospital de Cascais, PPP","38.729006, -9.418267",52729.0,28606.0,7950.0,,89285.0
2023-07,2023/07/01,Região de Saúde LVT,"Hospital Professor Doutor Fernando Fonseca, EPE","38.7422257, -9.2264834",102032.0,34149.0,11824.0,,148005.0
2023-07,2023/07/01,Região de Saúde Norte,"Centro Hospitalar Póvoa de Varzim/Vila do Conde, EPE","41.3828711, -8.7589945",41388.0,,,,41388.0
2023-07,2023/07/01,Região de Saúde Norte,"Hospital da Senhora da Oliveira, Guimarães, EPE","41.4387173, -8.3086907",61239.0,20259.0,6200.0,,87698.0
2023-07,2023/07/01,Região de Saúde Norte,"Hospital Santa Maria Maior, EPE","41.5324234, -8.6171561",31722.0,7560.0,,,39282.0
2023-08,2023/08/01,Região de Saúde do Algarve,"Centro Hospitalar Universitário do Algarve,EPE","37.0238973, -7.9281554",196405.0,46622.0,12738.0,0.0,255765.0
2023-08,2023/08/01,Região de Saúde do Centro,"Centro Hospitalar Universitário Cova da Beira, EPE","40.2804158, -7.4922407",33719.0,9732.0,2704.0,270.0,46425.0
2023-08,2023/08/01,Região de Saúde do Centro,"Centro Hospitalar e Universitário de Coimbra, EPE","40.2191523, -8.4098211",123167.0,42721.0,15117.0,,181005.0
2023-08,2023/08/01,Região de Saúde LVT,"Hospital de Loures, EPE","38.821455, -9.176296",54600.0,21861.0,9162.0,0.0,85623.0
2023-09,2023/09/01,Região de Saúde LVT,"Centro Hospitalar Universitário Lisboa Central, EPE","38.7166948, -9.1371248",102665.0,57593.0,17797.0,4785.0,182840.0
2023-09,2023/09/01,Região de Saúde LVT,"Centro Hospitalar Universitário de Lisboa Norte, EPE","38.7500861, -9.1616116",106437.0,33467.0,10319.0,,150223.0
2023-09,2023/09/01,Região de Saúde LVT,"Hospital Professor Doutor Fernando Fonseca, EPE","38.7422257, -9.2264834",132072.0,41983.0,15529.0,,189584.0
2023-09,2023/09/01,Região de Saúde Norte,"Centro Hospitalar Universitário de São João, EPE","41.1831056, -8.6010558",132724.0,57411.0,9970.0,,200105.0
2023-09,2023/09/01,Região de Saúde Norte,"Centro Hospitalar Entre Douro e Vouga, EPE","40.9293884, -8.5458794",140333.0,25307.0,6652.0,,172292.0
2023-09,2023/09/01,Região de Saúde Norte,"Hospital de Braga, EPE","41.56785, -8.398982",115679.0,34175.0,10148.0,,160002.0
2023-09,2023/09/01,Região de Saúde Norte,"Unidade Local de Saúde do Alto Minho, EPE","41.7056054, -8.8252713",109063.0,14384.0,5165.0,,128612.0
2023-09,2023/09/01,Região de Saúde Norte,"Unidade Local de Saúde do Nordeste, EPE","41.8056532, -6.7888197",76756.0,,,,76756.0
2023-10,2023/10/01,Região de Saúde do Alentejo,"Hospital Espírito Santo de Évora, EPE","38.5684861, -7.9032848",43618.0,14266.0,,,57884.0
2023-10,2023/10/01,Região de Saúde do Alentejo,"Unidade Local de Saúde do Norte Alentejano, EPE","39.3003425, -7.4263845",65211.0,6688.0,2106.0,,74005.0
2023-10,2023/10/01,Região de Saúde do Centro,"Unidade Local de Saúde de Castelo Branco, EPE","39.8212263, -7.4981271",43984.0,12178.0,1526.0,,57688.0
2023-10,2023/10/01,Região de Saúde LVT,"Centro Hospitalar Barreiro/Montijo, EPE","38.6554005, -9.0592392",95564.0,28666.0,7735.0,,131965.0
2023-10,2023/10/01,Região de Saúde LVT,"Hospital Professor Doutor Fernando Fonseca, EPE","38.7422257, -9.2264834",146745.0,47289.0,17133.0,,211167.0
2023-10,2023/10/01,Região de Saúde Norte,"Centro Hospitalar Póvoa de Varzim/Vila do Conde, EPE","41.3828711, -8.7589945",59140.0,,,,59140.0
2023-11,2023/11/01,Região de Saúde do Alentejo,"Hospital Espírito Santo de Évora, EPE","38.5684861, -7.9032848",47369.0,15648.0,,,63017.0
2023-11,2023/11/01,Região de Saúde do Centro,"Unidade Local de Saúde de Castelo Branco, EPE","39.8212263, -7.4981271",48202.0,13723.0,1689.0,,63614.0
2023-11,2023/11/01,Região de Saúde LVT,"Centro Hospitalar Universitário Lisboa Central, EPE","38.7166948, -9.1371248",124984.0,73345.0,22213.0,5838.0,226380.0
2023-11,2023/11/01,Região de Saúde LVT,"Hospital de Vila Franca de Xira, EPE","38.977235, -8.984506",74370.0,42264.0,7960.0,,124594.0
2023-11,2023/11/01,Região de Saúde Norte,"Centro Hospitalar Entre Douro e Vouga, EPE","40.9293884, -8.5458794",169170.0,31972.0,8047.0,,209189.0
2023-11,2023/11/01,Região de Saúde Norte,"Centro Hospitalar Universitário de Santo António, EPE","41.1472498, -8.6172617",117492.0,,18828.0,,136320.0
2023-11,2023/11/01,Região de Saúde Norte,"Unidade Local de Saúde do Nordeste, EPE","41.8056532, -6.7888197",92887.0,,,,92887.0
2023-12,2023/12/01,Região de Saúde do Alentejo,"Hospital Espírito Santo de Évora, EPE","38.5684861, -7.9032848",50860.0,17123.0,,,67983.0
2023-12,2023/12/01,Região de Saúde do Alentejo,"Unidade Local de Saúde do Baixo Alentejo, EPE","38.014123, -7.8721227",90385.0,18106.0,4201.0,,112692.0
2023-12,2023/12/01,Região de Saúde do Alentejo,"Unidade Local de Saúde do Norte Alentejano, EPE","39.3003425, -7.4263845",78462.0,8562.0,2534.0,,89558.0
2023-12,2023/12/01,Região de Saúde LVT,"Centro Hospitalar Universitário Lisboa Central, EPE","38.7166948, -9.1371248",135870.0,81630.0,24350.0,6269.0,248119.0
2023-12,2023/12/01,Região de Saúde LVT,"Hospital de Cascais, PPP","38.729006, -9.418267",88370.0,48908.0,15263.0,,152541.0
2023-12,2023/12/01,Região de Saúde LVT,"Hospital de Loures, EPE","38.821455, -9.176296",78126.0,30998.0,13937.0,0.0,123061.0
2023-12,2023/12/01,Região de Saúde Norte,"Centro Hospitalar Entre Douro e Vouga, EPE","40.9293884, -8.5458794",184442.0,35160.0,8621.0,,228223.0
2023-12,2023/12/01,Região de Saúde Norte,"Centro Hospitalar Universitário de Santo António, EPE","41.1472498, -8.6172617",127285.0,,20472.0,,147757.0
2023-12,2023/12/01,Região de Saúde Norte,"Hospital Santa Maria Maior, EPE","41.5324234, -8.6171561",53500.0,13092.0,,,66592.0
