tempo,regiao,instituicao,localizacao_geografica,no_episodios_cirurgicos_ambulat_com_procedimentos_ambulatorizaveis,no_episodios_cirurgicos_ambulat_e_intern_com_proced_ambulatorizaveis,cir_ambulatorio_gdh_para_procedimentos_ambulatorizaveis
2013-01,Região de Saúde do Centro,"Centro Hospitalar Universitário Cova da Beira, EPE","40.2804158, -7.4922407",25,81,30.9
2013-01,Região de Saúde do Centro,"Hospital Distrital da Figueira da Foz, EPE","40.117897, -8.8586755",84,137,61.3
2013-01,Região de Saúde do Centro,"Unidade Local de Saúde da Guarda, EPE","40.5309916, -7.2734793",109,146,74.7
2013-01,Região de Saúde LVT,"Centro Hospitalar Barreiro/Montijo, EPE","38.6554005, -9.0592392",107,135,79.3
2013-01,Região de Saúde LVT,"Centro Hospitalar Médio Tejo, EPE","39.478072, -8.5404429",159,222,71.6
2013-01,Região de Saúde LVT,"Hospital de Loures, PPP","38.821455, -9.176296",198,240,82.5
2013-01,Região de Saúde LVT,"Hospital de Vila Franca de Xira, PPP","38.977235, -8.984506",197,231,85.3
2013-01,Região de Saúde LVT,"Hospital Garcia de Orta, EPE","38.6658713, -9.1822554",233,286,81.5
2013-01,Região de Saúde LVT,Instituto Gama Pinto,"38.7218793, -9.144249",152,152,100.0
2013-01,Região de Saúde Norte,"Unidade Local de Saúde do Alto Minho, EPE","41.7056054, -8.8252713",385,482,79.9
2013-01,Região de Saúde Norte,"Unidade Local de Saúde do Nordeste, EPE","41.8056532, -6.7888197",154,213,72.3
2013-02,Região de Saúde do Alentejo,"Hospital Espírito Santo de Évora, EPE","38.5684861, -7.9032848",406,522,77.8
2013-02,Região de Saúde do Alentejo,"Unidade Local de Saúde do Baixo Alentejo, EPE","38.014123, -7.8721227",219,293,74.7
2013-02,Região de Saúde do Alentejo,"Unidade Local de Saúde do Litoral Alentejano, EPE","38.0162314, -8.6956768",190,235,80.9
2013-02,Região de Saúde LVT,"Centro Hospitalar Barreiro/Montijo, EPE","38.6554005, -9.0592392",206,262,78.6
2013-02,Região de Saúde LVT,Centro Hospitalar do Oeste,"39.4054629, -9.1258493",167,289,57.8
2013-02,Região de Saúde LVT,"Hospital Distrital de Santarém, EPE","39.2410946, -8.6937515",277,381,72.7
2013-02,Região de Saúde LVT,"Hospital Professor Doutor Fernando Fonseca, EPE","38.7422257, -9.2264834",572,898,63.7
2013-02,Região de Saúde LVT,"Hospital Garcia de Orta, EPE","38.6658713, -9.1822554",434,537,80.8
2013-02,Região de Saúde Norte,"Centro Hospitalar Universitário do Porto, EPE","41.1472498, -8.6172617",985,1215,81.1
2013-02,Região de Saúde Norte,"Centro Hospitalar Trás-os-Montes e Alto Douro, EPE","41.3031784, -7.7515252",2,57,3.5
2013-03,Região de Saúde do Alentejo,"Hospital Espírito Santo de Évora, EPE","38.5684861, -7.9032848",581,778,74.7
2013-03,Região de Saúde do Alentejo,"Unidade Local de Saúde do Litoral Alentejano, EPE","38.0162314, -8.6956768",212,289,73.4
2013-03,Região de Saúde do Centro,"Centro Hospitalar Universitário Cova da Beira, EPE","40.2804158, -7.4922407",71,195,36.4
2013-03,Região de Saúde do Centro,"Centro Hospitalar e Universitário de Coimbra, EPE","40.2191523, -8.4098211",1539,2086,73.8
2013-03,Região de Saúde do Centro,Hospital José Luciano de Castro,"40.4422767, -8.4438729",55,55,100.0
2013-03,Região de Saúde LVT,"Centro Hospitalar de Setúbal, EPE","38.5283754, -8.8818638",302,477,63.3
2013-03,Região de Saúde LVT,"Centro Hospitalar Médio Tejo, EPE","39.478072, -8.5404429",395,581,68.0
2013-03,Região de Saúde Norte,"Centro Hospitalar Universitário de São João, EPE","41.1831056, -8.6010558",1764,2317,76.1
2013-03,Região de Saúde Norte,"Centro Hospitalar Entre Douro e Vouga, EPE","40.9293884, -8.5458794",910,1233,73.8
2013-03,Região de Saúde Norte,"Centro Hospitalar Vila Nova de Gaia/Espinho, EPE","41.1094138, -8.5972617",1449,1813,79.9
2013-03,Região de Saúde Norte,"Hospital de Braga, PPP","41.56785, -8.398982",1291,1612,80.1
2013-03,Região de Saúde Norte,"Instituto Português Oncologia do Porto, EPE","41.1785642, -8.6062881",285,381,74.8
2013-04,Região de Saúde do Centro,"Centro Hospitalar de Leiria, EPE","39.7414812, -8.7982706",1199,1763,68.0
2013-04,Região de Saúde do Centro,Centro Medicina de Reabilitação da Região Centro Rovisco Pais,"40.297919, -8.7707806",0,0,
2013-04,Região de Saúde LVT,"Centro Hospitalar Universitário de Lisboa Norte, EPE","38.7500861, -9.1616116",882,1443,61.1
2013-04,Região de Saúde Norte,"Hospital de Magalhães Lemos, EPE","41.1764649, -8.6649823",0,0,
2013-04,Região de Saúde Norte,"Unidade Local de Saúde do Nordeste, EPE","41.8056532, -6.7888197",600,840,71.4
2013-05,Região de Saúde do Alentejo,"Hospital Espírito Santo de Évora, EPE","38.5684861, -7.9032848",995,1323,75.2
2013-05,Região de Saúde do Centro,"Centro Hospitalar Tondela-Viseu, EPE","40.516364, -8.0827433",1812,2189,82.8
2013-05,Região de Saúde do Centro,Hospital Dr. Francisco Zagalo,"40.8571967, -8.6318023",363,411,88.3
2013-05,Região de Saúde LVT,"Centro Hospitalar Universitário Lisboa Central, EPE","38.7166948, -9.1371248",2954,3623,81.5
2013-05,Região de Saúde LVT,"Centro Hospitalar de Lisboa Ocidental, EPE","38.708454, -9.216985",1035,1377,75.2
2013-05,Região de Saúde LVT,"Centro Hospitalar de Setúbal, EPE","38.5283754, -8.8818638",554,848,65.3
2013-05,Região de Saúde LVT,"Hospital de Loures, PPP","38.821455, -9.176296",1012,1243,81.4
2013-05,Região de Saúde LVT,"Hospital Distrital de Santarém, EPE","39.2410946, -8.6937515",642,901,71.3
2013-05,Região de Saúde Norte,"Centro Hospitalar do Alto Ave, EPE","41.4387173, -8.3086907",1243,1594,78.0
2013-05,Região de Saúde Norte,"Centro Hospitalar do Médio Ave, EPE","41.3423984, -8.4802503",764,1144,66.8
2013-05,Região de Saúde Norte,"Centro Hospitalar Vila Nova de Gaia/Espinho, EPE","41.1094138, -8.5972617",2360,2976,79.3
2013-05,Região de Saúde Norte,"Hospital de Braga, PPP","41.56785, -8.398982",2201,2698,81.6
2013-05,Região de Saúde Norte,"Unidade Local de Saúde de Matosinhos, EPE","41.1794456, -8.6745115",1081,1453,74.4
2013-06,Região de Saúde do Centro,"Centro Hospitalar do Baixo Vouga, EPE","40.6362453, -8.6543716",1414,1902,74.3
2013-06,Região de Saúde do Centro,"Hospital Distrital da Figueira da Foz, EPE","40.117897, -8.8586755",481,712,67.6
2013-06,Região de Saúde do Centro,"Unidade Local de Saúde da Guarda, EPE","40.5309916, -7.2734793",578,776,74.5
2013-06,Região de Saúde LVT,Centro Hospitalar do Oeste,"39.4054629, -9.1258493",460,823,55.9
2013-06,Região de Saúde LVT,Centro Hospitalar Psiquiátrico de Lisboa,"38.7569771, -9.1460705",0,0,
2013-06,Região de Saúde LVT,"Hospital Garcia de Orta, EPE","38.6658713, -9.1822554",1259,1590,79.2
2013-06,Região de Saúde Norte,"Centro Hospitalar Universitário do Porto, EPE","41.1472498, -8.6172617",3035,3732,81.3
2013-06,Região de Saúde Norte,"Centro Hospitalar Póvoa de Varzim/Vila do Conde, EPE","41.3828711, -8.7589945",311,553,56.2
2013-06,Região de Saúde Norte,"Centro Hospitalar Vila Nova de Gaia/Espinho, EPE","41.1094138, -8.5972617",2761,3490,79.1
2013-06,Região de Saúde Norte,"Hospital Santa Maria Maior, EPE","41.5324234, -8.6171561",538,726,74.1
2013-06,Região de Saúde Norte,"Unidade Local de Saúde do Alto Minho, EPE","41.7056054, -8.8252713",1952,2404,81.2
2013-07,Região de Saúde do Alentejo,"Hospital Espírito Santo de Évora, EPE","38.5684861, -7.9032848",1355,1795,75.5
2013-07,Região de Saúde do Alentejo,"Unidade Local de Saúde do Baixo Alentejo, EPE","38.014123, -7.8721227",705,917,76.9
2013-07,Região de Saúde do Centro,Hospital Arcebispo João Crisóstomo,"40.3470015, -8.5933462",409,409,100.0
2013-07,Região de Saúde LVT,"Centro Hospitalar Universitário Lisboa Central, EPE","38.7166948, -9.1371248",3967,4844,81.9
2013-07,Região de Saúde LVT,"Centro Hospitalar Médio Tejo, EPE","39.478072, -8.5404429",1066,1568,68.0
2013-07,Região de Saúde Norte,"Centro Hospitalar Universitário de São João, EPE","41.1831056, -8.6010558",3863,5123,75.4
2013-07,Região de Saúde Norte,"Centro Hospitalar do Alto Ave, EPE","41.4387173, -8.3086907",1612,2063,78.1
2013-07,Região de Saúde Norte,"Centro Hospitalar Entre Douro e Vouga, EPE","40.9293884, -8.5458794",2384,3216,74.1
2013-07,Região de Saúde Norte,"Instituto Português Oncologia do Porto, EPE","41.1785642, -8.6062881",646,935,69.1
2013-07,Região de Saúde Norte,"Unidade Local de Saúde de Matosinhos, EPE","41.1794456, -8.6745115",1462,1959,74.6
2013-08,Região de Saúde do Alentejo,"Unidade Local de Saúde do Baixo Alentejo, EPE","38.014123, -7.8721227",781,1026,76.1
2013-08,Região de Saúde do Centro,Hospital José Luciano de Castro,"40.4422767, -8.4438729",102,102,100.0
2013-08,Região de Saúde LVT,"Centro Hospitalar Universitário Lisboa Central, EPE","38.7166948, -9.1371248",4286,5252,81.6
2013-08,Região de Saúde LVT,"Hospital de Vila Franca de Xira, PPP","38.977235, -8.984506",1373,1684,81.5
2013-08,Região de Saúde LVT,"Hospital Distrital de Santarém, EPE","39.2410946, -8.6937515",936,1264,74.1
2013-08,Região de Saúde LVT,"Instituto Português Oncologia de Lisboa, EPE","38.7396768, -9.1634516",88,206,42.7
2013-08,Região de Saúde Norte,"Hospital de Braga, PPP","41.56785, -8.398982",3524,4221,83.5
2013-08,Região de Saúde Norte,"Unidade Local de Saúde do Nordeste, EPE","41.8056532, -6.7888197",1178,1618,72.8
2013-09,Região de Saúde do Centro,"Centro Hospitalar Universitário Cova da Beira, EPE","40.2804158, -7.4922407",257,532,48.3
2013-09,Região de Saúde do Centro,Hospital José Luciano de Castro,"40.4422767, -8.4438729",138,138,100.0
2013-09,Região de Saúde do Centro,"Unidade Local de Saúde da Guarda, EPE","40.5309916, -7.2734793",733,1013,72.4
2013-09,Região de Saúde LVT,"Centro Hospitalar Universitário Lisboa Central, EPE","38.7166948, -9.1371248",4739,5826,81.3
2013-09,Região de Saúde LVT,"Centro Hospitalar de Setúbal, EPE","38.5283754, -8.8818638",811,1285,63.1
2013-09,Região de Saúde LVT,Centro Hospitalar do Oeste,"39.4054629, -9.1258493",478,993,48.1
2013-09,Região de Saúde LVT,"Hospital de Vila Franca de Xira, PPP","38.977235, -8.984506",1701,2055,82.8
2013-09,Região de Saúde LVT,"Hospital Garcia de Orta, EPE","38.6658713, -9.1822554",1735,2152,80.6
2013-09,Região de Saúde Norte,"Centro Hospitalar Universitário de São João, EPE","41.1831056, -8.6010558",4165,5686,73.3
2013-09,Região de Saúde Norte,"Centro Hospitalar Tâmega e Sousa, EPE","41.2494561, -8.264901",1829,2730,67.0
2013-09,Região de Saúde Norte,"Hospital Santa Maria Maior, EPE","41.5324234, -8.6171561",738,981,75.2
2013-09,Região de Saúde Norte,"Unidade Local de Saúde de Matosinhos, EPE","41.1794456, -8.6745115",1621,2233,72.6
2013-10,Região de Saúde do Alentejo,"Unidade Local de Saúde do Baixo Alentejo, EPE","38.014123, -7.8721227",920,1231,74.7
2013-10,Região de Saúde do Centro,Hospital Dr. Francisco Zagalo,"40.8571967, -8.6318023",574,667,86.1
2013-10,Região de Saúde LVT,"Centro Hospitalar de Setúbal, EPE","38.5283754, -8.8818638",940,1467,64.1
2013-10,Região de Saúde LVT,Centro Hospitalar do Oeste,"39.4054629, -9.1258493",580,1159,50.0
2013-10,Região de Saúde LVT,"Hospital de Vila Franca de Xira, PPP","38.977235, -8.984506",1999,2400,83.3
2013-10,Região de Saúde LVT,"Hospital Professor Doutor Fernando Fonseca, EPE","38.7422257, -9.2264834",2134,4147,51.5
2013-10,Região de Saúde LVT,"Hospital Garcia de Orta, EPE","38.6658713, -9.1822554",2016,2491,80.9
2013-10,Região de Saúde Norte,"Centro Hospitalar do Alto Ave, EPE","41.4387173, -8.3086907",2202,2839,77.6
2013-10,Região de Saúde Norte,"Hospital de Braga, PPP","41.56785, -8.398982",4726,5588,84.6
2013-10,Região de Saúde Norte,"Hospital Santa Maria Maior, EPE","41.5324234, -8.6171561",813,1089,74.7
2013-10,Região de Saúde Norte,"Unidade Local de Saúde de Matosinhos, EPE","41.1794456, -8.6745115",1883,2590,72.7
2013-10,Região de Saúde Norte,"Unidade Local de Saúde do Nordeste, EPE","41.8056532, -6.7888197",1523,2060,73.9
2013-11,Região de Saúde do Alentejo,"Unidade Local de Saúde do Norte Alentejano, EPE","39.3003425, -7.4263845",675,1045,64.6
2013-11,Região de Saúde do Algarve,"Centro Hospitalar Universitário do Algarve, EPE","37.0238973, -7.9281554",2190,2819,77.7
2013-11,Região de Saúde do Centro,"Instituto Português Oncologia de Coimbra, EPE","40.2162514, -8.4103814",26,272,9.6
2013-11,Região de Saúde do Centro,"Unidade Local de Saúde de Castelo Branco, EPE","39.8212263, -7.4981271",623,940,66.3
2013-11,Região de Saúde LVT,"Centro Hospitalar Barreiro/Montijo, EPE","38.6554005, -9.0592392",1069,1519,70.4
2013-11,Região de Saúde LVT,"Centro Hospitalar de Lisboa Ocidental, EPE","38.708454, -9.216985",2040,2746,74.3
2013-11,Região de Saúde LVT,"Centro Hospitalar de Setúbal, EPE","38.5283754, -8.8818638",1063,1648,64.5
2013-11,Região de Saúde LVT,"Hospital de Cascais, PPP","38.729006, -9.418267",1573,1882,83.6
2013-11,Região de Saúde LVT,"Hospital de Vila Franca de Xira, PPP","38.977235, -8.984506",2191,2635,83.1
2013-11,Região de Saúde Norte,"Centro Hospitalar do Médio Ave, EPE","41.3423984, -8.4802503",1607,2382,67.5
2013-11,Região de Saúde Norte,"Centro Hospitalar Entre Douro e Vouga, EPE","40.9293884, -8.5458794",3596,4836,74.4
2013-11,Região de Saúde Norte,"Centro Hospitalar Trás-os-Montes e Alto Douro, EPE","41.3031784, -7.7515252",948,1416,66.9
2013-12,Região de Saúde do Algarve,"Centro Hospitalar Universitário do Algarve, EPE","37.0238973, -7.9281554",2339,3015,77.6
2013-12,Região de Saúde do Centro,"Centro Hospitalar e Universitário de Coimbra, EPE","40.2191523, -8.4098211",5924,7826,75.7
2013-12,Região de Saúde do Centro,Hospital Dr. Francisco Zagalo,"40.8571967, -8.6318023",664,773,85.9
2013-12,Região de Saúde do Centro,Hospital José Luciano de Castro,"40.4422767, -8.4438729",282,282,100.0
2013-12,Região de Saúde LVT,"Centro Hospitalar de Setúbal, EPE","38.5283754, -8.8818638",1158,1778,65.1
2013-12,Região de Saúde LVT,"Centro Hospitalar Médio Tejo, EPE","39.478072, -8.5404429",1814,2603,69.7
2013-12,Região de Saúde LVT,"Hospital Distrital de Santarém, EPE","39.2410946, -8.6937515",1613,2215,72.8
2013-12,Região de Saúde LVT,"Hospital Professor Doutor Fernando Fonseca, EPE","38.7422257, -9.2264834",2691,5077,53.0
2013-12,Região de Saúde Norte,"Centro Hospitalar Universitário do Porto, EPE","41.1472498, -8.6172617",5994,7274,82.4
2013-12,Região de Saúde Norte,"Centro Hospitalar Tâmega e Sousa, EPE","41.2494561, -8.264901",2781,4027,69.1
2013-12,Região de Saúde Norte,"Centro Hospitalar Vila Nova de Gaia/Espinho, EPE","41.1094138, -8.5972617",5215,6505,80.2
2013-12,Região de Saúde Norte,"Hospital de Magalhães Lemos, EPE","41.1764649, -8.6649823",0,0,
2014-01,Região de Saúde do Alentejo,"Hospital Espírito Santo de Évora, EPE","38.5684861, -7.9032848",223,280,79.6
2014-01,Região de Saúde do Centro,Centro Medicina de Reabilitação da Região Centro Rovisco Pais,"40.297919, -8.7707806",0,0,
2014-01,Região de Saúde do Centro,"Unidade Local de Saúde da Guarda, EPE","40.5309916, -7.2734793",114,160,71.2
2014-01,Região de Saúde do Centro,"Unidade Local de Saúde de Castelo Branco, EPE","39.8212263, -7.4981271",52,72,72.2
2014-01,Região de Saúde LVT,"Centro Hospitalar Universitário de Lisboa Norte, EPE","38.7500861, -9.1616116",181,277,65.3
2014-01,Região de Saúde LVT,"Hospital de Cascais, PPP","38.729006, -9.418267",132,150,88.0
2014-01,Região de Saúde LVT,"Hospital Garcia de Orta, EPE","38.6658713, -9.1822554",220,271,81.2
2014-01,Região de Saúde LVT,Instituto Gama Pinto,"38.7218793, -9.144249",267,267,100.0
2014-01,Região de Saúde LVT,"Instituto Português Oncologia de Lisboa, EPE","38.7396768, -9.1634516",9,27,33.3
2014-01,Região de Saúde Norte,"Centro Hospitalar Universitário de São João, EPE","41.1831056, -8.6010558",573,732,78.3
2014-01,Região de Saúde Norte,"Centro Hospitalar do Alto Ave, EPE","41.4387173, -8.3086907",221,285,77.5
2014-01,Região de Saúde Norte,"Centro Hospitalar do Médio Ave, EPE","41.3423984, -8.4802503",171,235,72.8
2014-01,Região de Saúde Norte,"Centro Hospitalar Póvoa de Varzim/Vila do Conde, EPE","41.3828711, -8.7589945",42,82,51.2
2014-01,Região de Saúde Norte,"Centro Hospitalar Tâmega e Sousa, EPE","41.2494561, -8.264901",273,365,74.8
2014-02,Região de Saúde do Centro,"Centro Hospitalar do Baixo Vouga, EPE","40.6362453, -8.6543716",486,606,80.2
2014-02,Região de Saúde do Centro,Hospital Dr. Francisco Zagalo,"40.8571967, -8.6318023",97,119,81.5
2014-02,Região de Saúde LVT,"Centro Hospitalar Barreiro/Montijo, EPE","38.6554005, -9.0592392",214,305,70.2
2014-02,Região de Saúde LVT,"Centro Hospitalar Universitário Lisboa Central, EPE","38.7166948, -9.1371248",1042,1279,81.5
2014-02,Região de Saúde LVT,"Centro Hospitalar de Setúbal, EPE","38.5283754, -8.8818638",279,378,73.8
2014-02,Região de Saúde LVT,Centro Hospitalar Psiquiátrico de Lisboa,"38.7569771, -9.1460705",0,0,
2014-02,Região de Saúde LVT,"Hospital de Cascais, PPP","38.729006, -9.418267",295,336,87.8
2014-02,Região de Saúde LVT,"Hospital de Loures, PPP","38.821455, -9.176296",529,603,87.7
2014-02,Região de Saúde LVT,"Hospital Professor Doutor Fernando Fonseca, EPE","38.7422257, -9.2264834",550,760,72.4
2014-02,Região de Saúde LVT,"Instituto Português Oncologia de Lisboa, EPE","38.7396768, -9.1634516",16,62,25.8
2014-02,Região de Saúde Norte,"Centro Hospitalar Trás-os-Montes e Alto Douro, EPE","41.3031784, -7.7515252",757,859,88.1
2014-02,Região de Saúde Norte,"Hospital de Magalhães Lemos, EPE","41.1764649, -8.6649823",0,0,
2014-02,Região de Saúde Norte,"Unidade Local de Saúde de Matosinhos, EPE","41.1794456, -8.6745115",471,611,77.1
2014-03,Região de Saúde do Alentejo,"Unidade Local de Saúde do Norte Alentejano, EPE","39.3003425, -7.4263845",313,451,69.4
2014-03,Região de Saúde do Centro,"Centro Hospitalar Universitário Cova da Beira, EPE","40.2804158, -7.4922407",121,278,43.5
2014-03,Região de Saúde do Centro,"Centro Hospitalar do Baixo Vouga, EPE","40.6362453, -8.6543716",693,869,79.7
2014-03,Região de Saúde do Centro,"Centro Hospitalar e Universitário de Coimbra, EPE","40.2191523, -8.4098211",1641,2147,76.4
2014-03,Região de Saúde do Centro,"Centro Hospitalar Tondela-Viseu, EPE","40.516364, -8.0827433",1170,1287,90.9
2014-03,Região de Saúde do Centro,"Hospital Distrital da Figueira da Foz, EPE","40.117897, -8.8586755",335,460,72.8
2014-03,Região de Saúde LVT,"Centro Hospitalar Barreiro/Montijo, EPE","38.6554005, -9.0592392",351,476,73.7
2014-03,Região de Saúde LVT,"Hospital Distrital de Santarém, EPE","39.2410946, -8.6937515",388,548,70.8
2014-03,Região de Saúde LVT,"Hospital Professor Doutor Fernando Fonseca, EPE","38.7422257, -9.2264834",838,1194,70.2
2014-03,Região de Saúde LVT,"Hospital Garcia de Orta, EPE","38.6658713, -9.1822554",626,759,82.5
2014-03,Região de Saúde LVT,"Instituto Português Oncologia de Lisboa, EPE","38.7396768, -9.1634516",23,92,25.0
2014-03,Região de Saúde Norte,"Centro Hospitalar Póvoa de Varzim/Vila do Conde, EPE","41.3828711, -8.7589945",157,300,52.3
2014-03,Região de Saúde Norte,"Centro Hospitalar Trás-os-Montes e Alto Douro, EPE","41.3031784, -7.7515252",1119,1275,87.8
2014-04,Região de Saúde do Centro,"Centro Hospitalar de Leiria, EPE","39.7414812, -8.7982706",1468,1933,75.9
2014-04,Região de Saúde do Centro,"Centro Hospitalar e Universitário de Coimbra, EPE","40.2191523, -8.4098211",2126,2781,76.4
2014-04,Região de Saúde Norte,"Centro Hospitalar Universitário de São João, EPE","41.1831056, -8.6010558",2166,2874,75.4
2014-04,Região de Saúde Norte,"Centro Hospitalar do Alto Ave, EPE","41.4387173, -8.3086907",864,1110,77.8
2014-05,Região de Saúde do Alentejo,"Unidade Local de Saúde do Baixo Alentejo, EPE","38.014123, -7.8721227",523,614,85.2
2014-05,Região de Saúde do Centro,"Centro Hospitalar Universitário Cova da Beira, EPE","40.2804158, -7.4922407",191,432,44.2
2014-05,Região de Saúde do Centro,"Unidade Local de Saúde da Guarda, EPE","40.5309916, -7.2734793",588,768,76.6
2014-05,Região de Saúde LVT,"Centro Hospitalar Barreiro/Montijo, EPE","38.6554005, -9.0592392",619,826,74.9
2014-05,Região de Saúde LVT,"Centro Hospitalar de Setúbal, EPE","38.5283754, -8.8818638",797,1023,77.9
2014-05,Região de Saúde LVT,"Centro Hospitalar Médio Tejo, EPE","39.478072, -8.5404429",836,1195,70.0
2014-05,Região de Saúde LVT,"Hospital de Loures, PPP","38.821455, -9.176296",1395,1607,86.8
2014-05,Região de Saúde Norte,"Centro Hospitalar do Alto Ave, EPE","41.4387173, -8.3086907",1067,1384,77.1
2014-05,Região de Saúde Norte,"Centro Hospitalar do Médio Ave, EPE","41.3423984, -8.4802503",731,1004,72.8
2014-05,Região de Saúde Norte,"Hospital de Magalhães Lemos, EPE","41.1764649, -8.6649823",0,0,
2014-05,Região de Saúde Norte,"Unidade Local de Saúde do Nordeste, EPE","41.8056532, -6.7888197",859,1026,83.7
2014-06,Região de Saúde do Alentejo,"Hospital Espírito Santo de Évora, EPE","38.5684861, -7.9032848",1290,1667,77.4
2014-06,Região de Saúde do Alentejo,"Unidade Local de Saúde do Norte Alentejano, EPE","39.3003425, -7.4263845",623,846,73.6
2014-06,Região de Saúde do Centro,"Centro Hospitalar Universitário Cova da Beira, EPE","40.2804158, -7.4922407",219,501,43.7
2014-06,Região de Saúde do Centro,"Centro Hospitalar e Universitário de Coimbra, EPE","40.2191523, -8.4098211",3258,4265,76.4
2014-06,Região de Saúde do Centro,Hospital Dr. Francisco Zagalo,"40.8571967, -8.6318023",242,292,82.9
2014-06,Região de Saúde do Centro,"Unidade Local de Saúde da Guarda, EPE","40.5309916, -7.2734793",690,894,77.2
2014-06,Região de Saúde LVT,"Centro Hospitalar de Setúbal, EPE","38.5283754, -8.8818638",968,1227,78.9
2014-06,Região de Saúde LVT,"Centro Hospitalar Universitário de Lisboa Norte, EPE","38.7500861, -9.1616116",1475,1931,76.4
2014-06,Região de Saúde LVT,"Hospital de Loures, PPP","38.821455, -9.176296",1631,1885,86.5
2014-06,Região de Saúde LVT,"Hospital Distrital de Santarém, EPE","39.2410946, -8.6937515",804,1172,68.6
2014-06,Região de Saúde LVT,"Hospital Garcia de Orta, EPE","38.6658713, -9.1822554",1188,1450,81.9
2014-06,Região de Saúde LVT,Instituto Gama Pinto,"38.7218793, -9.144249",1485,1485,100.0
2014-06,Região de Saúde Norte,"Centro Hospitalar Universitário de São João, EPE","41.1831056, -8.6010558",3253,4369,74.5
2014-06,Região de Saúde Norte,"Centro Hospitalar Entre Douro e Vouga, EPE","40.9293884, -8.5458794",2481,3038,81.7
2014-06,Região de Saúde Norte,"Centro Hospitalar Tâmega e Sousa, EPE","41.2494561, -8.264901",1515,2046,74.0
2014-06,Região de Saúde Norte,"Hospital Santa Maria Maior, EPE","41.5324234, -8.6171561",575,674,85.3
2014-07,Região de Saúde do Alentejo,"Hospital Espírito Santo de Évora, EPE","38.5684861, -7.9032848",1456,1892,77.0
2014-07,Região de Saúde do Centro,"Instituto Português Oncologia de Coimbra, EPE","40.2162514, -8.4103814",25,185,13.5
2014-07,Região de Saúde LVT,"Centro Hospitalar Barreiro/Montijo, EPE","38.6554005, -9.0592392",875,1156,75.7
2014-07,Região de Saúde LVT,"Hospital Professor Doutor Fernando Fonseca, EPE","38.7422257, -9.2264834",1898,2957,64.2
2014-07,Região de Saúde Norte,"Centro Hospitalar Universitário de São João, EPE","41.1831056, -8.6010558",3663,4924,74.4
2014-07,Região de Saúde Norte,"Centro Hospitalar do Médio Ave, EPE","41.3423984, -8.4802503",910,1251,72.7
2014-07,Região de Saúde Norte,"Hospital Santa Maria Maior, EPE","41.5324234, -8.6171561",629,736,85.5
2014-08,Região de Saúde do Centro,"Centro Hospitalar e Universitário de Coimbra, EPE","40.2191523, -8.4098211",3872,5117,75.7
2014-08,Região de Saúde do Centro,Hospital Arcebispo João Crisóstomo,"40.3470015, -8.5933462",414,414,100.0
2014-08,Região de Saúde do Centro,Hospital Dr. Francisco Zagalo,"40.8571967, -8.6318023",318,377,84.4
2014-08,Região de Saúde do Centro,Hospital José Luciano de Castro,"40.4422767, -8.4438729",263,263,100.0
2014-08,Região de Saúde do Centro,"Unidade Local de Saúde da Guarda, EPE","40.5309916, -7.2734793",858,1098,78.1
2014-08,Região de Saúde LVT,"Centro Hospitalar Universitário de Lisboa Norte, EPE","38.7500861, -9.1616116",1842,2397,76.8
2014-08,Região de Saúde LVT,"Centro Hospitalar Médio Tejo, EPE","39.478072, -8.5404429",1309,1808,72.4
2014-08,Região de Saúde LVT,"Hospital Garcia de Orta, EPE","38.6658713, -9.1822554",1592,1928,82.6
2014-08,Região de Saúde Norte,"Centro Hospitalar Universitário do Porto, EPE","41.1472498, -8.6172617",4260,5153,82.7
2014-08,Região de Saúde Norte,"Hospital de Braga, PPP","41.56785, -8.398982",3948,4582,86.2
2014-09,Região de Saúde do Centro,"Centro Hospitalar Tondela-Viseu, EPE","40.516364, -8.0827433",3198,3509,91.1
2014-09,Região de Saúde do Centro,"Unidade Local de Saúde de Castelo Branco, EPE","39.8212263, -7.4981271",517,726,71.2
2014-09,Região de Saúde LVT,"Centro Hospitalar Universitário de Lisboa Norte, EPE","38.7500861, -9.1616116",2044,2646,77.2
2014-09,Região de Saúde LVT,Centro Hospitalar Psiquiátrico de Lisboa,"38.7569771, -9.1460705",0,0,
2014-09,Região de Saúde LVT,"Hospital de Loures, PPP","38.821455, -9.176296",2418,2822,85.7
2014-09,Região de Saúde LVT,"Hospital de Vila Franca de Xira, PPP","38.977235, -8.984506",2204,2523,87.4
2014-09,Região de Saúde Norte,"Centro Hospitalar do Alto Ave, EPE","41.4387173, -8.3086907",1842,2408,76.5
2014-09,Região de Saúde Norte,"Hospital de Braga, PPP","41.56785, -8.398982",4418,5131,86.1
2014-09,Região de Saúde Norte,"Unidade Local de Saúde do Nordeste, EPE","41.8056532, -6.7888197",1604,1886,85.0
2014-10,Região de Saúde do Alentejo,"Hospital Espírito Santo de Évora, EPE","38.5684861, -7.9032848",1968,2577,76.4
2014-10,Região de Saúde do Alentejo,"Unidade Local de Saúde do Baixo Alentejo, EPE","38.014123, -7.8721227",946,1135,83.3
2014-10,Região de Saúde do Centro,"Centro Hospitalar do Baixo Vouga, EPE","40.6362453, -8.6543716",2247,2777,80.9
2014-10,Região de Saúde do Centro,"Centro Hospitalar e Universitário de Coimbra, EPE","40.2191523, -8.4098211",4940,6490,76.1
2014-10,Região de Saúde do Centro,"Unidade Local de Saúde da Guarda, EPE","40.5309916, -7.2734793",1099,1391,79.0
2014-10,Região de Saúde LVT,"Centro Hospitalar Barreiro/Montijo, EPE","38.6554005, -9.0592392",1168,1545,75.6
2014-10,Região de Saúde LVT,"Centro Hospitalar de Lisboa Ocidental, EPE","38.708454, -9.216985",1988,2503,79.4
2014-10,Região de Saúde LVT,"Hospital Professor Doutor Fernando Fonseca, EPE","38.7422257, -9.2264834",2611,4249,61.4
2014-10,Região de Saúde LVT,"Hospital Garcia de Orta, EPE","38.6658713, -9.1822554",2060,2499,82.4
2014-10,Região de Saúde LVT,Instituto Gama Pinto,"38.7218793, -9.144249",2345,2345,100.0
2014-10,Região de Saúde LVT,"Instituto Português Oncologia de Lisboa, EPE","38.7396768, -9.1634516",96,383,25.1
2014-10,Região de Saúde Norte,"Centro Hospitalar do Alto Ave, EPE","41.4387173, -8.3086907",2104,2768,76.0
2014-10,Região de Saúde Norte,"Unidade Local de Saúde de Matosinhos, EPE","41.1794456, -8.6745115",2300,3001,76.6
2014-11,Região de Saúde do Algarve,"Centro Hospitalar Universitário do Algarve, EPE","37.0238973, -7.9281554",1728,2361,73.2
2014-11,Região de Saúde do Centro,"Centro Hospitalar Tondela-Viseu, EPE","40.516364, -8.0827433",4150,4538,91.4
2014-11,Região de Saúde LVT,"Centro Hospitalar Barreiro/Montijo, EPE","38.6554005, -9.0592392",1312,1726,76.0
2014-11,Região de Saúde LVT,"Centro Hospitalar Universitário Lisboa Central, EPE","38.7166948, -9.1371248",5161,6286,82.1
2014-11,Região de Saúde LVT,Centro Hospitalar do Oeste,"39.4054629, -9.1258493",1180,1686,70.0
2014-11,Região de Saúde LVT,"Centro Hospitalar Médio Tejo, EPE","39.478072, -8.5404429",1781,2448,72.8
2014-11,Região de Saúde LVT,"Hospital Professor Doutor Fernando Fonseca, EPE","38.7422257, -9.2264834",2837,4682,60.6
2014-11,Região de Saúde LVT,Instituto Gama Pinto,"38.7218793, -9.144249",2487,2487,100.0
2014-11,Região de Saúde Norte,"Unidade Local de Saúde do Alto Minho, EPE","41.7056054, -8.8252713",2733,3359,81.4
2014-12,Região de Saúde do Alentejo,"Unidade Local de Saúde do Litoral Alentejano, EPE","38.0162314, -8.6956768",925,1166,79.3
2014-12,Região de Saúde do Alentejo,"Unidade Local de Saúde do Norte Alentejano, EPE","39.3003425, -7.4263845",1098,1455,75.5
2014-12,Região de Saúde do Centro,Hospital José Luciano de Castro,"40.4422767, -8.4438729",400,400,100.0
2014-12,Região de Saúde do Centro,"Instituto Português Oncologia de Coimbra, EPE","40.2162514, -8.4103814",37,305,12.1
2014-12,Região de Saúde LVT,"Centro Hospitalar de Setúbal, EPE","38.5283754, -8.8818638",1846,2290,80.6
2014-12,Região de Saúde LVT,Centro Hospitalar Psiquiátrico de Lisboa,"38.7569771, -9.1460705",0,0,
2014-12,Região de Saúde LVT,"Hospital Garcia de Orta, EPE","38.6658713, -9.1822554",2448,2971,82.4
2014-12,Região de Saúde Norte,"Hospital Santa Maria Maior, EPE","41.5324234, -8.6171561",951,1204,79.0
2015-01,Região de Saúde do Alentejo,"Unidade Local de Saúde do Baixo Alentejo, EPE","38.014123, -7.8721227",109,140,77.9
2015-01,Região de Saúde do Alentejo,"Unidade Local de Saúde do Norte Alentejano, EPE","39.3003425, -7.4263845",99,139,71.2
2015-01,Região de Saúde do Algarve,"Centro Hospitalar Universitário do Algarve, EPE","37.0238973, -7.9281554",227,275,82.5
2015-01,Região de Saúde do Centro,"Centro Hospitalar do Baixo Vouga, EPE","40.6362453, -8.6543716",325,423,76.8
2015-01,Região de Saúde do Centro,"Unidade Local de Saúde da Guarda, EPE","40.5309916, -7.2734793",101,125,80.8
2015-01,Região de Saúde LVT,"Centro Hospitalar Barreiro/Montijo, EPE","38.6554005, -9.0592392",129,164,78.7
2015-01,Região de Saúde LVT,"Hospital de Cascais, PPP","38.729006, -9.418267",223,245,91.0
2015-01,Região de Saúde Norte,"Centro Hospitalar Universitário de São João, EPE","41.1831056, -8.6010558",634,815,77.8
2015-01,Região de Saúde Norte,"Centro Hospitalar Póvoa de Varzim/Vila do Conde, EPE","41.3828711, -8.7589945",52,105,49.5
2015-01,Região de Saúde Norte,"Hospital de Magalhães Lemos, EPE","41.1764649, -8.6649823",0,0,
2015-01,Região de Saúde Norte,"Unidade Local de Saúde de Matosinhos, EPE","41.1794456, -8.6745115",330,407,81.1
2015-02,Região de Saúde do Alentejo,"Unidade Local de Saúde do Norte Alentejano, EPE","39.3003425, -7.4263845",243,326,74.5
2015-02,Região de Saúde do Centro,Hospital Arcebispo João Crisóstomo,"40.3470015, -8.5933462",101,101,100.0
2015-02,Região de Saúde do Centro,"Hospital Distrital da Figueira da Foz, EPE","40.117897, -8.8586755",294,388,75.8
2015-02,Região de Saúde do Centro,"Unidade Local de Saúde de Castelo Branco, EPE","39.8212263, -7.4981271",145,225,64.4
2015-02,Região de Saúde LVT,"Centro Hospitalar Barreiro/Montijo, EPE","38.6554005, -9.0592392",277,361,76.7
2015-02,Região de Saúde LVT,"Centro Hospitalar de Setúbal, EPE","38.5283754, -8.8818638",463,554,83.6
2015-02,Região de Saúde LVT,"Centro Hospitalar Médio Tejo, EPE","39.478072, -8.5404429",277,387,71.6
2015-02,Região de Saúde LVT,"Hospital de Cascais, PPP","38.729006, -9.418267",401,455,88.1
2015-02,Região de Saúde LVT,"Hospital Distrital de Santarém, EPE","39.2410946, -8.6937515",319,346,92.2
2015-02,Região de Saúde LVT,"Hospital Professor Doutor Fernando Fonseca, EPE","38.7422257, -9.2264834",228,368,62.0
2015-02,Região de Saúde LVT,"Instituto Português Oncologia de Lisboa, EPE","38.7396768, -9.1634516",116,154,75.3
2015-02,Região de Saúde Norte,"Centro Hospitalar do Médio Ave, EPE","41.3423984, -8.4802503",297,421,70.5
2015-02,Região de Saúde Norte,"Centro Hospitalar Universitário do Porto, EPE","41.1472498, -8.6172617",1287,1688,76.2
2015-02,Região de Saúde Norte,"Hospital de Braga, PPP","41.56785, -8.398982",1223,1463,83.6
2015-02,Região de Saúde Norte,"Hospital de Magalhães Lemos, EPE","41.1764649, -8.6649823",0,0,
2015-02,Região de Saúde Norte,"Unidade Local de Saúde do Nordeste, EPE","41.8056532, -6.7888197",418,498,83.9
2015-03,Região de Saúde do Centro,"Centro Hospitalar de Leiria, EPE","39.7414812, -8.7982706",1038,1411,73.6
2015-03,Região de Saúde do Centro,"Unidade Local de Saúde da Guarda, EPE","40.5309916, -7.2734793",321,399,80.5
2015-03,Região de Saúde LVT,"Hospital de Cascais, PPP","38.729006, -9.418267",594,681,87.2
2015-03,Região de Saúde LVT,"Hospital Garcia de Orta, EPE","38.6658713, -9.1822554",723,871,83.0
2015-03,Região de Saúde LVT,Instituto Gama Pinto,"38.7218793, -9.144249",730,730,100.0
2015-03,Região de Saúde Norte,"Centro Hospitalar Universitário de São João, EPE","41.1831056, -8.6010558",1923,2523,76.2
2015-03,Região de Saúde Norte,"Centro Hospitalar do Médio Ave, EPE","41.3423984, -8.4802503",472,668,70.7
2015-03,Região de Saúde Norte,"Centro Hospitalar Póvoa de Varzim/Vila do Conde, EPE","41.3828711, -8.7589945",184,335,54.9
2015-03,Região de Saúde Norte,"Centro Hospitalar Tâmega e Sousa, EPE","41.2494561, -8.264901",1038,1376,75.4
2015-03,Região de Saúde Norte,"Hospital da Senhora da Oliveira, Guimarães, EPE","41.4387173, -8.3086907",824,1120,73.6
2015-03,Região de Saúde Norte,"Unidade Local de Saúde de Matosinhos, EPE","41.1794456, -8.6745115",1156,1440,80.3
2015-03,Região de Saúde Norte,"Unidade Local de Saúde do Alto Minho, EPE","41.7056054, -8.8252713",1017,1248,81.5
2015-03,Região de Saúde Norte,"Unidade Local de Saúde do Nordeste, EPE","41.8056532, -6.7888197",634,776,81.7
2015-04,Região de Saúde do Centro,"Centro Hospitalar e Universitário de Coimbra, EPE","40.2191523, -8.4098211",3110,4035,77.1
2015-04,Região de Saúde do Centro,"Unidade Local de Saúde de Castelo Branco, EPE","39.8212263, -7.4981271",315,501,62.9
2015-04,Região de Saúde LVT,"Centro Hospitalar de Lisboa Ocidental, EPE","38.708454, -9.216985",1015,1302,78.0
2015-04,Região de Saúde LVT,"Centro Hospitalar Médio Tejo, EPE","39.478072, -8.5404429",729,966,75.5
2015-04,Região de Saúde LVT,"Hospital Garcia de Orta, EPE","38.6658713, -9.1822554",975,1186,82.2
2015-04,Região de Saúde Norte,"Centro Hospitalar Universitário do Porto, EPE","41.1472498, -8.6172617",2650,3462,76.5
2015-04,Região de Saúde Norte,"Centro Hospitalar Trás-os-Montes e Alto Douro, EPE","41.3031784, -7.7515252",1511,1755,86.1
2015-04,Região de Saúde Norte,"Centro Hospitalar Vila Nova de Gaia/Espinho, EPE","41.1094138, -8.5972617",2351,2835,82.9
2015-04,Região de Saúde Norte,"Instituto Português Oncologia do Porto, EPE","41.1785642, -8.6062881",422,508,83.1
2015-04,Região de Saúde Norte,"Unidade Local de Saúde de Matosinhos, EPE","41.1794456, -8.6745115",1506,1897,79.4
2015-05,Região de Saúde do Alentejo,"Unidade Local de Saúde do Litoral Alentejano, EPE","38.0162314, -8.6956768",214,328,65.2
2015-05,Região de Saúde do Centro,"Centro Hospitalar de Leiria, EPE","39.7414812, -8.7982706",1695,2332,72.7
2015-05,Região de Saúde do Centro,"Centro Hospitalar Tondela-Viseu, EPE","40.516364, -8.0827433",2525,2745,92.0
2015-05,Região de Saúde do Centro,Centro Medicina de Reabilitação da Região Centro Rovisco Pais,"40.297919, -8.7707806",0,0,
2015-05,Região de Saúde do Centro,"Unidade Local de Saúde da Guarda, EPE","40.5309916, -7.2734793",545,699,78.0
2015-05,Região de Saúde LVT,Instituto Gama Pinto,"38.7218793, -9.144249",1170,1170,100.0
2015-05,Região de Saúde LVT,"Instituto Português Oncologia de Lisboa, EPE","38.7396768, -9.1634516",346,474,73.0
2015-05,Região de Saúde Norte,"Centro Hospitalar Póvoa de Varzim/Vila do Conde, EPE","41.3828711, -8.7589945",352,604,58.3
2015-05,Região de Saúde Norte,"Centro Hospitalar Tâmega e Sousa, EPE","41.2494561, -8.264901",1851,2444,75.7
2015-05,Região de Saúde Norte,"Hospital Santa Maria Maior, EPE","41.5324234, -8.6171561",567,701,80.9
2015-06,Região de Saúde do Centro,"Instituto Português Oncologia de Coimbra, EPE","40.2162514, -8.4103814",42,201,20.9
2015-06,Região de Saúde do Centro,"Unidade Local de Saúde da Guarda, EPE","40.5309916, -7.2734793",650,834,77.9
2015-06,Região de Saúde LVT,"Centro Hospitalar Barreiro/Montijo, EPE","38.6554005, -9.0592392",950,1226,77.5
2015-06,Região de Saúde LVT,Centro Hospitalar do Oeste,"39.4054629, -9.1258493",619,813,76.1
2015-06,Região de Saúde LVT,"Centro Hospitalar Médio Tejo, EPE","39.478072, -8.5404429",1112,1479,75.2
2015-06,Região de Saúde LVT,"Hospital Garcia de Orta, EPE","38.6658713, -9.1822554",1453,1755,82.8
2015-06,Região de Saúde Norte,"Centro Hospitalar Universitário do Porto, EPE","41.1472498, -8.6172617",3806,4934,77.1
2015-06,Região de Saúde Norte,"Centro Hospitalar Póvoa de Varzim/Vila do Conde, EPE","41.3828711, -8.7589945",399,710,56.2
2015-06,Região de Saúde Norte,"Centro Hospitalar Tâmega e Sousa, EPE","41.2494561, -8.264901",2321,3042,76.3
2015-06,Região de Saúde Norte,"Centro Hospitalar Trás-os-Montes e Alto Douro, EPE","41.3031784, -7.7515252",2079,2395,86.8
2015-06,Região de Saúde Norte,"Hospital de Magalhães Lemos, EPE","41.1764649, -8.6649823",0,0,
2015-06,Região de Saúde Norte,"Hospital Santa Maria Maior, EPE","41.5324234, -8.6171561",677,838,80.8
2015-07,Região de Saúde do Alentejo,"Unidade Local de Saúde do Norte Alentejano, EPE","39.3003425, -7.4263845",872,1141,76.4
2015-07,Região de Saúde do Centro,"Centro Hospitalar de Leiria, EPE","39.7414812, -8.7982706",2382,3268,72.9
2015-07,Região de Saúde do Centro,Hospital Arcebispo João Crisóstomo,"40.3470015, -8.5933462",470,470,100.0
2015-07,Região de Saúde do Centro,"Hospital Distrital da Figueira da Foz, EPE","40.117897, -8.8586755",1071,1436,74.6
2015-07,Região de Saúde do Centro,Hospital Dr. Francisco Zagalo,"40.8571967, -8.6318023",454,518,87.6
2015-07,Região de Saúde LVT,Centro Hospitalar do Oeste,"39.4054629, -9.1258493",659,876,75.2
2015-07,Região de Saúde Norte,"Centro Hospitalar Vila Nova de Gaia/Espinho, EPE","41.1094138, -8.5972617",4054,4924,82.3
2015-08,Região de Saúde do Alentejo,"Unidade Local de Saúde do Norte Alentejano, EPE","39.3003425, -7.4263845",949,1259,75.4
2015-08,Região de Saúde do Algarve,"Centro Hospitalar Universitário do Algarve, EPE","37.0238973, -7.9281554",1714,2150,79.7
2015-08,Região de Saúde do Centro,"Hospital Distrital da Figueira da Foz, EPE","40.117897, -8.8586755",1177,1582,74.4
2015-08,Região de Saúde LVT,"Centro Hospitalar Barreiro/Montijo, EPE","38.6554005, -9.0592392",1117,1451,77.0
2015-08,Região de Saúde LVT,"Centro Hospitalar Médio Tejo, EPE","39.478072, -8.5404429",1500,1989,75.4
2015-08,Região de Saúde LVT,"Hospital de Cascais, PPP","38.729006, -9.418267",1406,1665,84.4
2015-08,Região de Saúde LVT,"Hospital Professor Doutor Fernando Fonseca, EPE","38.7422257, -9.2264834",1699,2913,58.3
2015-08,Região de Saúde Norte,"Centro Hospitalar Tâmega e Sousa, EPE","41.2494561, -8.264901",3076,4030,76.3
2015-08,Região de Saúde Norte,"Unidade Local de Saúde de Matosinhos, EPE","41.1794456, -8.6745115",2750,3450,79.7
2015-09,Região de Saúde do Centro,"Centro Hospitalar Universitário Cova da Beira, EPE","40.2804158, -7.4922407",638,1052,60.6
2015-09,Região de Saúde do Centro,"Centro Hospitalar Tondela-Viseu, EPE","40.516364, -8.0827433",4065,4452,91.3
2015-09,Região de Saúde do Centro,"Hospital Distrital da Figueira da Foz, EPE","40.117897, -8.8586755",1331,1813,73.4
2015-09,Região de Saúde do Centro,"Unidade Local de Saúde da Guarda, EPE","40.5309916, -7.2734793",829,1093,75.8
2015-09,Região de Saúde Norte,"Centro Hospitalar Trás-os-Montes e Alto Douro, EPE","41.3031784, -7.7515252",2812,3258,86.3
2015-09,Região de Saúde Norte,"Hospital da Senhora da Oliveira, Guimarães, EPE","41.4387173, -8.3086907",2405,3349,71.8
2015-09,Região de Saúde Norte,"Hospital de Braga, PPP","41.56785, -8.398982",5225,6347,82.3
2015-09,Região de Saúde Norte,"Unidade Local de Saúde de Matosinhos, EPE","41.1794456, -8.6745115",3170,3965,79.9
2015-09,Região de Saúde Norte,"Unidade Local de Saúde do Alto Minho, EPE","41.7056054, -8.8252713",2947,3626,81.3
2015-10,Região de Saúde do Centro,"Centro Hospitalar Tondela-Viseu, EPE","40.516364, -8.0827433",4687,5139,91.2
2015-10,Região de Saúde LVT,"Hospital de Cascais, PPP","38.729006, -9.418267",1889,2217,85.2
2015-10,Região de Saúde LVT,"Hospital de Loures, PPP","38.821455, -9.176296",3651,4349,84.0
2015-10,Região de Saúde Norte,"Centro Hospitalar Universitário do Porto, EPE","41.1472498, -8.6172617",6188,7967,77.7
2015-10,Região de Saúde Norte,"Centro Hospitalar Trás-os-Montes e Alto Douro, EPE","41.3031784, -7.7515252",3189,3709,86.0
2015-10,Região de Saúde Norte,"Centro Hospitalar Vila Nova de Gaia/Espinho, EPE","41.1094138, -8.5972617",5703,6956,82.0
2015-10,Região de Saúde Norte,"Unidade Local de Saúde do Nordeste, EPE","41.8056532, -6.7888197",2565,3002,85.4
2015-11,Região de Saúde do Centro,"Centro Hospitalar e Universitário de Coimbra, EPE","40.2191523, -8.4098211",8202,10620,77.2
2015-11,Região de Saúde do Centro,Centro Medicina de Reabilitação da Região Centro Rovisco Pais,"40.297919, -8.7707806",0,0,
2015-11,Região de Saúde do Centro,Hospital Dr. Francisco Zagalo,"40.8571967, -8.6318023",691,797,86.7
2015-11,Região de Saúde do Centro,"Unidade Local de Saúde da Guarda, EPE","40.5309916, -7.2734793",1111,1438,77.3
2015-11,Região de Saúde LVT,"Centro Hospitalar de Lisboa Ocidental, EPE","38.708454, -9.216985",2618,3354,78.1
2015-11,Região de Saúde LVT,"Centro Hospitalar Universitário de Lisboa Norte, EPE","38.7500861, -9.1616116",4173,5633,74.1
2015-11,Região de Saúde LVT,"Hospital Professor Doutor Fernando Fonseca, EPE","38.7422257, -9.2264834",2737,4514,60.6
2015-11,Região de Saúde Norte,"Centro Hospitalar Universitário do Porto, EPE","41.1472498, -8.6172617",6670,8600,77.6
2015-11,Região de Saúde Norte,"Centro Hospitalar Tâmega e Sousa, EPE","41.2494561, -8.264901",4469,5791,77.2
2015-11,Região de Saúde Norte,"Centro Hospitalar Vila Nova de Gaia/Espinho, EPE","41.1094138, -8.5972617",6311,7725,81.7
2015-11,Região de Saúde Norte,"Hospital da Senhora da Oliveira, Guimarães, EPE","41.4387173, -8.3086907",3011,4159,72.4
2015-11,Região de Saúde Norte,"Instituto Português Oncologia do Porto, EPE","41.1785642, -8.6062881",1103,1326,83.2
2015-12,Região de Saúde do Alentejo,"Unidade Local de Saúde do Litoral Alentejano, EPE","38.0162314, -8.6956768",643,896,71.8
2015-12,Região de Saúde do Algarve,"Centro Hospitalar Universitário do Algarve, EPE","37.0238973, -7.9281554",2476,3125,79.2
2015-12,Região de Saúde do Centro,"Centro Hospitalar Universitário Cova da Beira, EPE","40.2804158, -7.4922407",833,1416,58.8
2015-12,Região de Saúde LVT,"Centro Hospitalar Barreiro/Montijo, EPE","38.6554005, -9.0592392",1633,2122,77.0
2015-12,Região de Saúde LVT,"Centro Hospitalar Universitário de Lisboa Norte, EPE","38.7500861, -9.1616116",4497,6070,74.1
2015-12,Região de Saúde LVT,"Hospital de Loures, PPP","38.821455, -9.176296",4245,5055,84.0
2015-12,Região de Saúde LVT,"Hospital de Vila Franca de Xira, PPP","38.977235, -8.984506",3578,4294,83.3
2015-12,Região de Saúde LVT,"Hospital Distrital de Santarém, EPE","39.2410946, -8.6937515",1870,2056,91.0
2015-12,Região de Saúde Norte,"Hospital de Braga, PPP","41.56785, -8.398982",6782,8226,82.4
2015-12,Região de Saúde Norte,"Hospital de Magalhães Lemos, EPE","41.1764649, -8.6649823",0,0,
2016-01,Região de Saúde do Algarve,"Centro Hospitalar Universitário do Algarve, EPE","37.0238973, -7.9281554",217,257,84.4
2016-01,Região de Saúde do Centro,"Centro Hospitalar e Universitário de Coimbra, EPE","40.2191523, -8.4098211",723,945,76.5
2016-01,Região de Saúde do Centro,Hospital Dr. Francisco Zagalo,"40.8571967, -8.6318023",53,59,89.8
2016-01,Região de Saúde LVT,"Centro Hospitalar Universitário Lisboa Central, EPE","38.7166948, -9.1371248",644,745,86.4
2016-01,Região de Saúde LVT,"Centro Hospitalar de Lisboa Ocidental, EPE","38.708454, -9.216985",223,301,74.1
2016-01,Região de Saúde LVT,"Centro Hospitalar de Setúbal, EPE","38.5283754, -8.8818638",205,253,81.0
2016-01,Região de Saúde LVT,"Instituto Português Oncologia de Lisboa, EPE","38.7396768, -9.1634516",118,143,82.5
2016-01,Região de Saúde Norte,"Centro Hospitalar Universitário de São João, EPE","41.1831056, -8.6010558",584,797,73.3
2016-01,Região de Saúde Norte,"Centro Hospitalar Universitário do Porto, EPE","41.1472498, -8.6172617",669,819,81.7
2016-01,Região de Saúde Norte,"Centro Hospitalar Trás-os-Montes e Alto Douro, EPE","41.3031784, -7.7515252",431,512,84.2
2016-01,Região de Saúde Norte,"Centro Hospitalar Vila Nova de Gaia/Espinho, EPE","41.1094138, -8.5972617",643,791,81.3
2016-01,Região de Saúde Norte,"Hospital da Senhora da Oliveira, Guimarães, EPE","41.4387173, -8.3086907",253,344,73.5
2016-01,Região de Saúde Norte,"Hospital Santa Maria Maior, EPE","41.5324234, -8.6171561",126,161,78.3
2016-01,Região de Saúde Norte,"Unidade Local de Saúde do Alto Minho, EPE","41.7056054, -8.8252713",298,374,79.7
2016-02,Região de Saúde do Alentejo,"Hospital Espírito Santo de Évora, EPE","38.5684861, -7.9032848",368,499,73.7
2016-02,Região de Saúde do Alentejo,"Unidade Local de Saúde do Baixo Alentejo, EPE","38.014123, -7.8721227",232,300,77.3
2016-02,Região de Saúde do Centro,"Centro Hospitalar de Leiria, EPE","39.7414812, -8.7982706",639,853,74.9
2016-02,Região de Saúde do Centro,"Centro Hospitalar do Baixo Vouga, EPE","40.6362453, -8.6543716",543,678,80.1
2016-02,Região de Saúde do Centro,"Centro Hospitalar e Universitário de Coimbra, EPE","40.2191523, -8.4098211",1563,2018,77.5
2016-02,Região de Saúde do Centro,Centro Medicina de Reabilitação da Região Centro Rovisco Pais,"40.297919, -8.7707806",0,0,
2016-02,Região de Saúde do Centro,"Unidade Local de Saúde de Castelo Branco, EPE","39.8212263, -7.4981271",124,200,62.0
2016-02,Região de Saúde LVT,"Hospital de Loures, PPP","38.821455, -9.176296",591,722,81.9
2016-02,Região de Saúde Norte,"Centro Hospitalar Universitário de São João, EPE","41.1831056, -8.6010558",1193,1614,73.9
2016-02,Região de Saúde Norte,"Centro Hospitalar Póvoa de Varzim/Vila do Conde, EPE","41.3828711, -8.7589945",205,286,71.7
2016-02,Região de Saúde Norte,"Centro Hospitalar Trás-os-Montes e Alto Douro, EPE","41.3031784, -7.7515252",818,944,86.7
2016-02,Região de Saúde Norte,"Unidade Local de Saúde de Matosinhos, EPE","41.1794456, -8.6745115",537,688,78.1
2016-03,Região de Saúde do Alentejo,"Unidade Local de Saúde do Norte Alentejano, EPE","39.3003425, -7.4263845",451,540,83.5
2016-03,Região de Saúde do Centro,"Unidade Local de Saúde da Guarda, EPE","40.5309916, -7.2734793",452,566,79.9
2016-03,Região de Saúde LVT,"Hospital de Cascais, PPP","38.729006, -9.418267",784,865,90.6
2016-03,Região de Saúde LVT,"Instituto Português Oncologia de Lisboa, EPE","38.7396768, -9.1634516",285,372,76.6
2016-03,Região de Saúde Norte,"Centro Hospitalar Universitário de São João, EPE","41.1831056, -8.6010558",1876,2550,73.6
2016-04,Região de Saúde do Centro,"Centro Hospitalar Universitário Cova da Beira, EPE","40.2804158, -7.4922407",333,560,59.5
2016-04,Região de Saúde LVT,"Centro Hospitalar Médio Tejo, EPE","39.478072, -8.5404429",797,1023,77.9
2016-04,Região de Saúde LVT,"Hospital de Vila Franca de Xira, PPP","38.977235, -8.984506",1120,1395,80.3
2016-04,Região de Saúde LVT,"Hospital Distrital de Santarém, EPE","39.2410946, -8.6937515",585,648,90.3
2016-04,Região de Saúde Norte,"Centro Hospitalar Trás-os-Montes e Alto Douro, EPE","41.3031784, -7.7515252",1704,1956,87.1
2016-05,Região de Saúde do Alentejo,"Unidade Local de Saúde do Norte Alentejano, EPE","39.3003425, -7.4263845",765,926,82.6
2016-05,Região de Saúde LVT,"Centro Hospitalar Médio Tejo, EPE","39.478072, -8.5404429",983,1279,76.9
2016-05,Região de Saúde Norte,"Centro Hospitalar Universitário do Porto, EPE","41.1472498, -8.6172617",3416,4284,79.7
2016-05,Região de Saúde Norte,"Centro Hospitalar Entre Douro e Vouga, EPE","40.9293884, -8.5458794",1667,2148,77.6
2016-05,Região de Saúde Norte,"Centro Hospitalar Tâmega e Sousa, EPE","41.2494561, -8.264901",2374,2841,83.6
2016-05,Região de Saúde Norte,"Hospital de Braga, PPP","41.56785, -8.398982",2668,3258,81.9
2016-06,Região de Saúde do Alentejo,"Unidade Local de Saúde do Baixo Alentejo, EPE","38.014123, -7.8721227",861,1071,80.4
2016-06,Região de Saúde do Centro,Hospital Dr. Francisco Zagalo,"40.8571967, -8.6318023",404,450,89.8
2016-06,Região de Saúde do Centro,"Unidade Local de Saúde da Guarda, EPE","40.5309916, -7.2734793",873,1068,81.7
2016-06,Região de Saúde do Centro,"Unidade Local de Saúde de Castelo Branco, EPE","39.8212263, -7.4981271",495,735,67.3
2016-06,Região de Saúde LVT,"Centro Hospitalar Médio Tejo, EPE","39.478072, -8.5404429",1171,1555,75.3
2016-06,Região de Saúde LVT,Centro Hospitalar Psiquiátrico de Lisboa,"38.7569771, -9.1460705",0,0,
2016-06,Região de Saúde LVT,"Hospital de Loures, PPP","38.821455, -9.176296",1905,2250,84.7
2016-06,Região de Saúde LVT,"Hospital Professor Doutor Fernando Fonseca, EPE","38.7422257, -9.2264834",2287,2940,77.8
2016-06,Região de Saúde LVT,Instituto Gama Pinto,"38.7218793, -9.144249",1428,1428,100.0
2016-06,Região de Saúde Norte,"Centro Hospitalar Universitário de São João, EPE","41.1831056, -8.6010558",3510,4803,73.1
2016-06,Região de Saúde Norte,"Centro Hospitalar Tâmega e Sousa, EPE","41.2494561, -8.264901",2884,3447,83.7
2016-06,Região de Saúde Norte,"Hospital Santa Maria Maior, EPE","41.5324234, -8.6171561",743,985,75.4
2016-06,Região de Saúde Norte,"Instituto Português Oncologia do Porto, EPE","41.1785642, -8.6062881",626,743,84.3
2016-06,Região de Saúde Norte,"Unidade Local de Saúde do Nordeste, EPE","41.8056532, -6.7888197",1030,1272,81.0
2016-07,Região de Saúde do Alentejo,"Unidade Local de Saúde do Baixo Alentejo, EPE","38.014123, -7.8721227",990,1233,80.3
2016-07,Região de Saúde do Centro,"Unidade Local de Saúde da Guarda, EPE","40.5309916, -7.2734793",1001,1218,82.2
2016-07,Região de Saúde LVT,"Centro Hospitalar Médio Tejo, EPE","39.478072, -8.5404429",1391,1826,76.2
2016-07,Região de Saúde LVT,"Hospital de Cascais, PPP","38.729006, -9.418267",1724,1952,88.3
2016-07,Região de Saúde LVT,"Hospital de Vila Franca de Xira, PPP","38.977235, -8.984506",1898,2380,79.7
2016-07,Região de Saúde Norte,"Centro Hospitalar Trás-os-Montes e Alto Douro, EPE","41.3031784, -7.7515252",2610,3012,86.7
2016-07,Região de Saúde Norte,"Unidade Local de Saúde do Alto Minho, EPE","41.7056054, -8.8252713",2593,3103,83.6
2016-08,Região de Saúde do Centro,"Centro Hospitalar de Leiria, EPE","39.7414812, -8.7982706",2706,3623,74.7
2016-08,Região de Saúde do Centro,"Centro Hospitalar e Universitário de Coimbra, EPE","40.2191523, -8.4098211",5948,7621,78.0
2016-08,Região de Saúde do Centro,Centro Medicina de Reabilitação da Região Centro Rovisco Pais,"40.297919, -8.7707806",0,0,
2016-08,Região de Saúde do Centro,"Hospital Distrital da Figueira da Foz, EPE","40.117897, -8.8586755",1319,1785,73.9
2016-08,Região de Saúde do Centro,"Unidade Local de Saúde da Guarda, EPE","40.5309916, -7.2734793",1076,1301,82.7
2016-08,Região de Saúde LVT,"Centro Hospitalar Barreiro/Montijo, EPE","38.6554005, -9.0592392",1053,1452,72.5
2016-08,Região de Saúde LVT,"Centro Hospitalar Universitário Lisboa Central, EPE","38.7166948, -9.1371248",5028,5953,84.5
2016-08,Região de Saúde LVT,Centro Hospitalar Psiquiátrico de Lisboa,"38.7569771, -9.1460705",0,0,
2016-08,Região de Saúde LVT,"Hospital de Cascais, PPP","38.729006, -9.418267",1948,2211,88.1
2016-08,Região de Saúde LVT,"Hospital Professor Doutor Fernando Fonseca, EPE","38.7422257, -9.2264834",2974,3887,76.5
2016-08,Região de Saúde LVT,"Hospital Garcia de Orta, EPE","38.6658713, -9.1822554",2771,3150,88.0
2016-08,Região de Saúde Norte,"Centro Hospitalar Entre Douro e Vouga, EPE","40.9293884, -8.5458794",2924,3699,79.0
2016-08,Região de Saúde Norte,"Centro Hospitalar Trás-os-Montes e Alto Douro, EPE","41.3031784, -7.7515252",2816,3244,86.8
2016-08,Região de Saúde Norte,"Unidade Local de Saúde de Matosinhos, EPE","41.1794456, -8.6745115",2807,3419,82.1
2016-08,Região de Saúde Norte,"Unidade Local de Saúde do Alto Minho, EPE","41.7056054, -8.8252713",2634,3182,82.8
2016-09,Região de Saúde do Alentejo,"Hospital Espírito Santo de Évora, EPE","38.5684861, -7.9032848",1778,2444,72.7
2016-09,Região de Saúde do Centro,"Unidade Local de Saúde da Guarda, EPE","40.5309916, -7.2734793",1205,1461,82.5
2016-09,Região de Saúde LVT,Centro Hospitalar do Oeste,"39.4054629, -9.1258493",972,1335,72.8
2016-09,Região de Saúde LVT,Centro Hospitalar Psiquiátrico de Lisboa,"38.7569771, -9.1460705",0,0,
2016-09,Região de Saúde LVT,"Hospital Distrital de Santarém, EPE","39.2410946, -8.6937515",1571,1709,91.9
2016-09,Região de Saúde LVT,"Hospital Professor Doutor Fernando Fonseca, EPE","38.7422257, -9.2264834",3361,4434,75.8
2016-09,Região de Saúde LVT,"Instituto Português Oncologia de Lisboa, EPE","38.7396768, -9.1634516",699,972,71.9
2016-09,Região de Saúde Norte,"Centro Hospitalar Universitário de São João, EPE","41.1831056, -8.6010558",4373,6048,72.3
2016-09,Região de Saúde Norte,"Centro Hospitalar Universitário do Porto, EPE","41.1472498, -8.6172617",5750,7283,79.0
2016-09,Região de Saúde Norte,"Centro Hospitalar Póvoa de Varzim/Vila do Conde, EPE","41.3828711, -8.7589945",772,1257,61.4
2016-09,Região de Saúde Norte,"Centro Hospitalar Tâmega e Sousa, EPE","41.2494561, -8.264901",4149,4992,83.1
2016-10,Região de Saúde do Alentejo,"Unidade Local de Saúde do Litoral Alentejano, EPE","38.0162314, -8.6956768",1057,1283,82.4
2016-10,Região de Saúde do Centro,"Centro Hospitalar Tondela-Viseu, EPE","40.516364, -8.0827433",4403,4855,90.7
2016-10,Região de Saúde do Centro,Centro Medicina de Reabilitação da Região Centro Rovisco Pais,"40.297919, -8.7707806",0,0,
2016-10,Região de Saúde do Centro,Hospital Arcebispo João Crisóstomo,"40.3470015, -8.5933462",587,587,100.0
2016-10,Região de Saúde do Centro,"Hospital Distrital da Figueira da Foz, EPE","40.117897, -8.8586755",1665,2216,75.1
2016-10,Região de Saúde do Centro,"Instituto Português Oncologia de Coimbra, EPE","40.2162514, -8.4103814",46,304,15.1
2016-10,Região de Saúde LVT,"Centro Hospitalar Médio Tejo, EPE","39.478072, -8.5404429",2231,2846,78.4
2016-10,Região de Saúde LVT,Centro Hospitalar Psiquiátrico de Lisboa,"38.7569771, -9.1460705",0,0,
2016-10,Região de Saúde Norte,"Centro Hospitalar Trás-os-Montes e Alto Douro, EPE","41.3031784, -7.7515252",3565,4113,86.7
2016-10,Região de Saúde Norte,"Unidade Local de Saúde do Alto Minho, EPE","41.7056054, -8.8252713",3853,4560,84.5
2016-10,Região de Saúde Norte,"Unidade Local de Saúde do Nordeste, EPE","41.8056532, -6.7888197",1641,2005,81.8
2016-11,Região de Saúde do Algarve,"Centro Hospitalar Universitário do Algarve, EPE","37.0238973, -7.9281554",2225,2808,79.2
2016-11,Região de Saúde do Centro,"Unidade Local de Saúde da Guarda, EPE","40.5309916, -7.2734793",1469,1774,82.8
2016-11,Região de Saúde do Centro,"Unidade Local de Saúde de Castelo Branco, EPE","39.8212263, -7.4981271",822,1250,65.8
2016-11,Região de Saúde LVT,"Centro Hospitalar de Lisboa Ocidental, EPE","38.708454, -9.216985",2636,3294,80.0
2016-11,Região de Saúde LVT,"Centro Hospitalar Universitário de Lisboa Norte, EPE","38.7500861, -9.1616116",4547,5972,76.1
2016-11,Região de Saúde LVT,"Centro Hospitalar Médio Tejo, EPE","39.478072, -8.5404429",2589,3266,79.3
2016-11,Região de Saúde LVT,Centro Hospitalar Psiquiátrico de Lisboa,"38.7569771, -9.1460705",0,0,
2016-11,Região de Saúde LVT,"Hospital de Cascais, PPP","38.729006, -9.418267",2441,2764,88.3
2016-11,Região de Saúde Norte,"Centro Hospitalar do Médio Ave, EPE","41.3423984, -8.4802503",2208,2742,80.5
2016-11,Região de Saúde Norte,"Hospital da Senhora da Oliveira, Guimarães, EPE","41.4387173, -8.3086907",2994,3928,76.2
2016-11,Região de Saúde Norte,"Hospital Santa Maria Maior, EPE","41.5324234, -8.6171561",1368,1823,75.0
2016-12,Região de Saúde do Alentejo,"Unidade Local de Saúde do Baixo Alentejo, EPE","38.014123, -7.8721227",1661,2045,81.2
2016-12,Região de Saúde do Centro,"Unidade Local de Saúde da Guarda, EPE","40.5309916, -7.2734793",1561,1894,82.4
2016-12,Região de Saúde do Centro,"Unidade Local de Saúde de Castelo Branco, EPE","39.8212263, -7.4981271",971,1440,67.4
2016-12,Região de Saúde LVT,"Centro Hospitalar Barreiro/Montijo, EPE","38.6554005, -9.0592392",1587,2148,73.9
2016-12,Região de Saúde LVT,"Hospital Distrital de Santarém, EPE","39.2410946, -8.6937515",2360,2544,92.8
2016-12,Região de Saúde LVT,"Hospital Garcia de Orta, EPE","38.6658713, -9.1822554",4214,4800,87.8
2016-12,Região de Saúde Norte,"Centro Hospitalar Vila Nova de Gaia/Espinho, EPE","41.1094138, -8.5972617",7121,9012,79.0
2016-12,Região de Saúde Norte,"Unidade Local de Saúde do Alto Minho, EPE","41.7056054, -8.8252713",5071,5955,85.2
2017-01,Região de Saúde do Alentejo,"Unidade Local de Saúde do Litoral Alentejano, EPE","38.0162314, -8.6956768",129,153,84.3
2017-01,Região de Saúde do Algarve,"Centro Hospitalar Universitário do Algarve, EPE","37.0238973, -7.9281554",242,283,85.5
2017-01,Região de Saúde do Centro,"Instituto Português Oncologia de Coimbra, EPE","40.2162514, -8.4103814",6,38,15.8
2017-01,Região de Saúde do Centro,"Unidade Local de Saúde da Guarda, EPE","40.5309916, -7.2734793",118,146,80.8
2017-01,Região de Saúde LVT,"Hospital de Cascais, PPP","38.729006, -9.418267",231,272,84.9
2017-01,Região de Saúde LVT,"Hospital de Vila Franca de Xira, PPP","38.977235, -8.984506",293,354,82.8
2017-01,Região de Saúde Norte,"Centro Hospitalar Universitário de São João, EPE","41.1831056, -8.6010558",555,736,75.4
2017-01,Região de Saúde Norte,"Centro Hospitalar Universitário do Porto, EPE","41.1472498, -8.6172617",612,782,78.3
2017-01,Região de Saúde Norte,"Centro Hospitalar Póvoa de Varzim/Vila do Conde, EPE","41.3828711, -8.7589945",139,220,63.2
2017-01,Região de Saúde Norte,"Centro Hospitalar Trás-os-Montes e Alto Douro, EPE","41.3031784, -7.7515252",478,551,86.8
2017-01,Região de Saúde Norte,"Centro Hospitalar Vila Nova de Gaia/Espinho, EPE","41.1094138, -8.5972617",664,804,82.6
2017-02,Região de Saúde do Algarve,"Centro Hospitalar Universitário do Algarve, EPE","37.0238973, -7.9281554",457,548,83.4
2017-02,Região de Saúde do Centro,"Centro Hospitalar do Baixo Vouga, EPE","40.6362453, -8.6543716",593,690,85.9
2017-02,Região de Saúde do Centro,"Centro Hospitalar Tondela-Viseu, EPE","40.516364, -8.0827433",854,913,93.5
2017-02,Região de Saúde do Centro,"Hospital Distrital da Figueira da Foz, EPE","40.117897, -8.8586755",383,436,87.8
2017-02,Região de Saúde do Centro,"Instituto Português Oncologia de Coimbra, EPE","40.2162514, -8.4103814",14,82,17.1
2017-02,Região de Saúde LVT,"Centro Hospitalar de Lisboa Ocidental, EPE","38.708454, -9.216985",537,724,74.2
2017-02,Região de Saúde LVT,"Centro Hospitalar Universitário de Lisboa Norte, EPE","38.7500861, -9.1616116",1013,1253,80.8
2017-02,Região de Saúde LVT,"Hospital de Cascais, PPP","38.729006, -9.418267",447,528,84.7
2017-02,Região de Saúde Norte,"Centro Hospitalar Universitário de São João, EPE","41.1831056, -8.6010558",1097,1440,76.2
2017-02,Região de Saúde Norte,"Centro Hospitalar Trás-os-Montes e Alto Douro, EPE","41.3031784, -7.7515252",901,1045,86.2
2017-02,Região de Saúde Norte,"Instituto Português Oncologia do Porto, EPE","41.1785642, -8.6062881",215,363,59.2
2017-02,Região de Saúde Norte,"Unidade Local de Saúde do Alto Minho, EPE","41.7056054, -8.8252713",1220,1359,89.8
2017-03,Região de Saúde do Centro,"Centro Hospitalar Universitário Cova da Beira, EPE","40.2804158, -7.4922407",323,467,69.2
2017-03,Região de Saúde do Centro,"Centro Hospitalar e Universitário de Coimbra, EPE","40.2191523, -8.4098211",2553,3314,77.0
2017-03,Região de Saúde do Centro,"Centro Hospitalar Tondela-Viseu, EPE","40.516364, -8.0827433",1369,1460,93.8
2017-03,Região de Saúde LVT,"Centro Hospitalar Universitário de Lisboa Norte, EPE","38.7500861, -9.1616116",1576,1963,80.3
2017-03,Região de Saúde LVT,"Centro Hospitalar Médio Tejo, EPE","39.478072, -8.5404429",742,956,77.6
2017-03,Região de Saúde LVT,Centro Hospitalar Psiquiátrico de Lisboa,"38.7569771, -9.1460705",0,0,
2017-03,Região de Saúde LVT,"Hospital Distrital de Santarém, EPE","39.2410946, -8.6937515",578,645,89.6
2017-03,Região de Saúde LVT,"Hospital Garcia de Orta, EPE","38.6658713, -9.1822554",1135,1242,91.4
2017-03,Região de Saúde Norte,"Unidade Local de Saúde de Matosinhos, EPE","41.1794456, -8.6745115",1272,1475,86.2
2017-03,Região de Saúde Norte,"Unidade Local de Saúde do Nordeste, EPE","41.8056532, -6.7888197",488,592,82.4
2017-04,Região de Saúde do Alentejo,"Unidade Local de Saúde do Baixo Alentejo, EPE","38.014123, -7.8721227",667,777,85.8
2017-04,Região de Saúde do Centro,"Centro Hospitalar do Baixo Vouga, EPE","40.6362453, -8.6543716",1169,1356,86.2
2017-04,Região de Saúde do Centro,"Centro Hospitalar Tondela-Viseu, EPE","40.516364, -8.0827433",1775,1898,93.5
2017-04,Região de Saúde do Centro,Hospital Dr. Francisco Zagalo,"40.8571967, -8.6318023",279,297,93.9
2017-04,Região de Saúde do Centro,"Unidade Local de Saúde de Castelo Branco, EPE","39.8212263, -7.4981271",428,592,72.3
2017-04,Região de Saúde LVT,"Centro Hospitalar Universitário Lisboa Central, EPE","38.7166948, -9.1371248",3261,3699,88.2
2017-04,Região de Saúde Norte,"Unidade Local de Saúde de Matosinhos, EPE","41.1794456, -8.6745115",1633,1904,85.8
2017-04,Região de Saúde Norte,"Unidade Local de Saúde do Alto Minho, EPE","41.7056054, -8.8252713",2426,2744,88.4
2017-04,Região de Saúde Norte,"Unidade Local de Saúde do Nordeste, EPE","41.8056532, -6.7888197",618,757,81.6
2017-05,Região de Saúde do Algarve,"Centro Hospitalar Universitário do Algarve, EPE","37.0238973, -7.9281554",1057,1356,77.9
2017-05,Região de Saúde do Centro,"Centro Hospitalar Universitário Cova da Beira, EPE","40.2804158, -7.4922407",500,721,69.3
2017-05,Região de Saúde do Centro,"Centro Hospitalar de Leiria, EPE","39.7414812, -8.7982706",1755,2204,79.6
2017-05,Região de Saúde do Centro,"Unidade Local de Saúde de Castelo Branco, EPE","39.8212263, -7.4981271",497,685,72.6
2017-05,Região de Saúde LVT,"Centro Hospitalar Universitário de Lisboa Norte, EPE","38.7500861, -9.1616116",2355,2929,80.4
2017-05,Região de Saúde Norte,"Centro Hospitalar Póvoa de Varzim/Vila do Conde, EPE","41.3828711, -8.7589945",632,913,69.2
2017-05,Região de Saúde Norte,"Hospital de Braga, PPP","41.56785, -8.398982",2640,3073,85.9
2017-05,Região de Saúde Norte,"Hospital Santa Maria Maior, EPE","41.5324234, -8.6171561",699,920,76.0
2017-06,Região de Saúde do Alentejo,"Unidade Local de Saúde do Baixo Alentejo, EPE","38.014123, -7.8721227",934,1110,84.1
2017-06,Região de Saúde do Algarve,"Centro Hospitalar Universitário do Algarve, EPE","37.0238973, -7.9281554",1269,1630,77.9
2017-06,Região de Saúde do Centro,"Centro Hospitalar Universitário Cova da Beira, EPE","40.2804158, -7.4922407",567,813,69.7
2017-06,Região de Saúde do Centro,Centro Medicina de Reabilitação da Região Centro Rovisco Pais,"40.297919, -8.7707806",0,0,
2017-06,Região de Saúde do Centro,Hospital Dr. Francisco Zagalo,"40.8571967, -8.6318023",409,431,94.9
2017-06,Região de Saúde LVT,"Centro Hospitalar Barreiro/Montijo, EPE","38.6554005, -9.0592392",899,1257,71.5
2017-06,Região de Saúde LVT,Centro Hospitalar Psiquiátrico de Lisboa,"38.7569771, -9.1460705",0,0,
2017-06,Região de Saúde LVT,"Hospital de Loures, PPP","38.821455, -9.176296",1971,2382,82.7
2017-06,Região de Saúde Norte,"Centro Hospitalar do Médio Ave, EPE","41.3423984, -8.4802503",1332,1588,83.9
2017-06,Região de Saúde Norte,"Centro Hospitalar Vila Nova de Gaia/Espinho, EPE","41.1094138, -8.5972617",3512,4491,78.2
2017-06,Região de Saúde Norte,"Hospital da Senhora da Oliveira, Guimarães, EPE","41.4387173, -8.3086907",1877,2282,82.3
2017-06,Região de Saúde Norte,"Hospital de Braga, PPP","41.56785, -8.398982",3157,3680,85.8
2017-06,Região de Saúde Norte,"Hospital de Magalhães Lemos, EPE","41.1764649, -8.6649823",0,0,
2017-07,Região de Saúde do Alentejo,"Hospital Espírito Santo de Évora, EPE","38.5684861, -7.9032848",1361,1916,71.0
2017-07,Região de Saúde do Centro,"Centro Hospitalar e Universitário de Coimbra, EPE","40.2191523, -8.4098211",5378,6938,77.5
2017-07,Região de Saúde do Centro,Hospital Dr. Francisco Zagalo,"40.8571967, -8.6318023",462,489,94.5
2017-07,Região de Saúde LVT,"Hospital de Cascais, PPP","38.729006, -9.418267",1589,1910,83.2
2017-07,Região de Saúde LVT,"Hospital Garcia de Orta, EPE","38.6658713, -9.1822554",2550,2907,87.7
2017-07,Região de Saúde Norte,"Centro Hospitalar do Médio Ave, EPE","41.3423984, -8.4802503",1547,1846,83.8
2017-07,Região de Saúde Norte,"Centro Hospitalar Entre Douro e Vouga, EPE","40.9293884, -8.5458794",3193,3940,81.0
2017-08,Região de Saúde do Alentejo,"Unidade Local de Saúde do Norte Alentejano, EPE","39.3003425, -7.4263845",925,1169,79.1
2017-08,Região de Saúde do Centro,Hospital Dr. Francisco Zagalo,"40.8571967, -8.6318023",501,528,94.9
2017-08,Região de Saúde LVT,Centro Hospitalar Psiquiátrico de Lisboa,"38.7569771, -9.1460705",0,0,
2017-08,Região de Saúde LVT,"Hospital de Cascais, PPP","38.729006, -9.418267",1790,2146,83.4
2017-08,Região de Saúde Norte,"Centro Hospitalar Vila Nova de Gaia/Espinho, EPE","41.1094138, -8.5972617",4368,5607,77.9
2017-08,Região de Saúde Norte,"Hospital de Magalhães Lemos, EPE","41.1764649, -8.6649823",0,0,
2017-08,Região de Saúde Norte,"Instituto Português Oncologia do Porto, EPE","41.1785642, -8.6062881",830,1435,57.8
2017-08,Região de Saúde Norte,"Unidade Local de Saúde do Alto Minho, EPE","41.7056054, -8.8252713",4158,4752,87.5
2017-08,Região de Saúde Norte,"Unidade Local de Saúde do Nordeste, EPE","41.8056532, -6.7888197",1190,1460,81.5
2017-09,Região de Saúde do Alentejo,"Unidade Local de Saúde do Baixo Alentejo, EPE","38.014123, -7.8721227",1236,1514,81.6
2017-09,Região de Saúde do Centro,Hospital Arcebispo João Crisóstomo,"40.3470015, -8.5933462",472,472,100.0
2017-09,Região de Saúde do Centro,"Unidade Local de Saúde da Guarda, EPE","40.5309916, -7.2734793",858,1091,78.6
2017-09,Região de Saúde LVT,"Hospital de Vila Franca de Xira, PPP","38.977235, -8.984506",2401,2872,83.6
2017-09,Região de Saúde LVT,"Hospital Distrital de Santarém, EPE","39.2410946, -8.6937515",1813,2064,87.8
2017-09,Região de Saúde Norte,"Centro Hospitalar Universitário de São João, EPE","41.1831056, -8.6010558",4310,5714,75.4
2017-09,Região de Saúde Norte,"Centro Hospitalar Entre Douro e Vouga, EPE","40.9293884, -8.5458794",3905,4830,80.8
2017-09,Região de Saúde Norte,"Centro Hospitalar Trás-os-Montes e Alto Douro, EPE","41.3031784, -7.7515252",3918,4417,88.7
2017-09,Região de Saúde Norte,"Hospital da Senhora da Oliveira, Guimarães, EPE","41.4387173, -8.3086907",2778,3343,83.1
2017-10,Região de Saúde do Centro,"Centro Hospitalar do Baixo Vouga, EPE","40.6362453, -8.6543716",2640,3162,83.5
2017-10,Região de Saúde do Centro,"Centro Hospitalar e Universitário de Coimbra, EPE","40.2191523, -8.4098211",7050,9115,77.3
2017-10,Região de Saúde do Centro,Hospital Dr. Francisco Zagalo,"40.8571967, -8.6318023",628,663,94.7
2017-10,Região de Saúde LVT,"Centro Hospitalar Universitário de Lisboa Norte, EPE","38.7500861, -9.1616116",4076,5054,80.6
2017-10,Região de Saúde LVT,"Centro Hospitalar Médio Tejo, EPE","39.478072, -8.5404429",2522,3078,81.9
2017-10,Região de Saúde LVT,"Hospital Distrital de Santarém, EPE","39.2410946, -8.6937515",2033,2318,87.7
2017-10,Região de Saúde LVT,"Hospital Garcia de Orta, EPE","38.6658713, -9.1822554",3304,3839,86.1
2017-10,Região de Saúde LVT,Instituto Gama Pinto,"38.7218793, -9.144249",2768,2768,100.0
2017-10,Região de Saúde Norte,"Instituto Português Oncologia do Porto, EPE","41.1785642, -8.6062881",1005,1765,56.9
2017-10,Região de Saúde Norte,"Unidade Local de Saúde de Matosinhos, EPE","41.1794456, -8.6745115",3728,4352,85.7
2017-11,Região de Saúde do Algarve,"Centro Hospitalar Universitário do Algarve, EPE","37.0238973, -7.9281554",2127,2689,79.1
2017-11,Região de Saúde do Centro,"Centro Hospitalar Tondela-Viseu, EPE","40.516364, -8.0827433",4213,4533,92.9
2017-11,Região de Saúde do Centro,Centro Medicina de Reabilitação da Região Centro Rovisco Pais,"40.297919, -8.7707806",0,0,
2017-11,Região de Saúde do Centro,"Unidade Local de Saúde da Guarda, EPE","40.5309916, -7.2734793",1077,1359,79.2
2017-11,Região de Saúde do Centro,"Unidade Local de Saúde de Castelo Branco, EPE","39.8212263, -7.4981271",928,1320,70.3
2017-11,Região de Saúde LVT,"Centro Hospitalar Barreiro/Montijo, EPE","38.6554005, -9.0592392",1447,2069,69.9
2017-11,Região de Saúde LVT,Centro Hospitalar Psiquiátrico de Lisboa,"38.7569771, -9.1460705",0,0,
2017-11,Região de Saúde LVT,"Hospital de Loures, PPP","38.821455, -9.176296",3551,4257,83.4
2017-11,Região de Saúde LVT,Instituto Gama Pinto,"38.7218793, -9.144249",3094,3094,100.0
2017-11,Região de Saúde Norte,"Centro Hospitalar Universitário de São João, EPE","41.1831056, -8.6010558",5411,7119,76.0
2017-11,Região de Saúde Norte,"Centro Hospitalar Trás-os-Montes e Alto Douro, EPE","41.3031784, -7.7515252",4900,5504,89.0
2017-11,Região de Saúde Norte,"Centro Hospitalar Vila Nova de Gaia/Espinho, EPE","41.1094138, -8.5972617",5915,7618,77.6
2017-11,Região de Saúde Norte,"Hospital de Magalhães Lemos, EPE","41.1764649, -8.6649823",0,0,
2017-11,Região de Saúde Norte,"Unidade Local de Saúde de Matosinhos, EPE","41.1794456, -8.6745115",4185,4878,85.8
2017-12,Região de Saúde do Centro,Centro Medicina de Reabilitação da Região Centro Rovisco Pais,"40.297919, -8.7707806",0,0,
2017-12,Região de Saúde LVT,"Centro Hospitalar de Lisboa Ocidental, EPE","38.708454, -9.216985",3105,4043,76.8
2017-12,Região de Saúde LVT,"Centro Hospitalar Médio Tejo, EPE","39.478072, -8.5404429",3069,3732,82.2
2017-12,Região de Saúde LVT,"Hospital Distrital de Santarém, EPE","39.2410946, -8.6937515",2390,2756,86.7
2017-12,Região de Saúde LVT,"Hospital Garcia de Orta, EPE","38.6658713, -9.1822554",3974,4603,86.3
2017-12,Região de Saúde LVT,Instituto Gama Pinto,"38.7218793, -9.144249",3169,3169,100.0
2017-12,Região de Saúde Norte,"Centro Hospitalar Universitário de São João, EPE","41.1831056, -8.6010558",6054,7887,76.8
2018-01,Região de Saúde do Centro,"Centro Hospitalar e Universitário de Coimbra, EPE","40.2191523, -8.4098211",819,1069,76.6
2018-01,Região de Saúde do Centro,Hospital Arcebispo João Crisóstomo,"40.3470015, -8.5933462",23,23,100.0
2018-01,Região de Saúde do Centro,"Unidade Local de Saúde de Castelo Branco, EPE","39.8212263, -7.4981271",88,120,73.3
2018-01,Região de Saúde LVT,"Centro Hospitalar Barreiro/Montijo, EPE","38.6554005, -9.0592392",146,188,77.7
2018-01,Região de Saúde LVT,"Centro Hospitalar Universitário Lisboa Central, EPE","38.7166948, -9.1371248",539,663,81.3
2018-01,Região de Saúde LVT,"Centro Hospitalar Universitário de Lisboa Norte, EPE","38.7500861, -9.1616116",447,549,81.4
2018-01,Região de Saúde LVT,"Hospital Distrital de Santarém, EPE","39.2410946, -8.6937515",194,246,78.9
2018-01,Região de Saúde LVT,"Instituto Português Oncologia de Lisboa, EPE","38.7396768, -9.1634516",29,99,29.3
2018-01,Região de Saúde Norte,"Centro Hospitalar Póvoa de Varzim/Vila do Conde, EPE","41.3828711, -8.7589945",175,227,77.1
2018-01,Região de Saúde Norte,"Instituto Português Oncologia do Porto, EPE","41.1785642, -8.6062881",156,228,68.4
2018-02,Região de Saúde do Centro,Hospital Arcebispo João Crisóstomo,"40.3470015, -8.5933462",51,51,100.0
2018-02,Região de Saúde do Centro,"Unidade Local de Saúde de Castelo Branco, EPE","39.8212263, -7.4981271",153,202,75.7
2018-02,Região de Saúde LVT,"Centro Hospitalar Universitário Lisboa Central, EPE","38.7166948, -9.1371248",983,1211,81.2
2018-02,Região de Saúde LVT,Centro Hospitalar Psiquiátrico de Lisboa,"38.7569771, -9.1460705",0,0,
2018-02,Região de Saúde LVT,"Hospital de Cascais, PPP","38.729006, -9.418267",324,376,86.2
2018-02,Região de Saúde Norte,"Centro Hospitalar Universitário de São João, EPE","41.1831056, -8.6010558",1356,1657,81.8
2018-02,Região de Saúde Norte,"Centro Hospitalar do Médio Ave, EPE","41.3423984, -8.4802503",523,622,84.1
2018-02,Região de Saúde Norte,"Hospital de Braga, PPP","41.56785, -8.398982",1255,1430,87.8
2018-03,Região de Saúde do Centro,"Hospital Distrital da Figueira da Foz, EPE","40.117897, -8.8586755",531,629,84.4
2018-03,Região de Saúde do Centro,Hospital Dr. Francisco Zagalo,"40.8571967, -8.6318023",135,142,95.1
2018-03,Região de Saúde LVT,"Hospital de Cascais, PPP","38.729006, -9.418267",535,612,87.4
2018-03,Região de Saúde LVT,"Instituto Português Oncologia de Lisboa, EPE","38.7396768, -9.1634516",65,241,27.0
2018-03,Região de Saúde Norte,"Centro Hospitalar do Médio Ave, EPE","41.3423984, -8.4802503",794,947,83.8
2018-03,Região de Saúde Norte,"Centro Hospitalar Universitário do Porto, EPE","41.1472498, -8.6172617",2016,2522,79.9
2018-03,Região de Saúde Norte,"Centro Hospitalar Vila Nova de Gaia/Espinho, EPE","41.1094138, -8.5972617",1689,2062,81.9
2018-03,Região de Saúde Norte,"Hospital de Braga, PPP","41.56785, -8.398982",1855,2116,87.7
2018-03,Região de Saúde Norte,"Instituto Português Oncologia do Porto, EPE","41.1785642, -8.6062881",391,621,63.0
2018-03,Região de Saúde Norte,"Unidade Local de Saúde do Alto Minho, EPE","41.7056054, -8.8252713",1297,1533,84.6
2018-04,Região de Saúde do Alentejo,"Unidade Local de Saúde do Litoral Alentejano, EPE","38.0162314, -8.6956768",421,485,86.8
2018-04,Região de Saúde do Centro,"Unidade Local de Saúde de Castelo Branco, EPE","39.8212263, -7.4981271",285,419,68.0
2018-04,Região de Saúde LVT,"Centro Hospitalar Universitário de Lisboa Norte, EPE","38.7500861, -9.1616116",1676,2027,82.7
2018-04,Região de Saúde LVT,"Centro Hospitalar Médio Tejo, EPE","39.478072, -8.5404429",1094,1322,82.8
2018-04,Região de Saúde LVT,"Hospital Distrital de Santarém, EPE","39.2410946, -8.6937515",724,897,80.7
2018-04,Região de Saúde LVT,"Hospital Professor Doutor Fernando Fonseca, EPE","38.7422257, -9.2264834",1783,2283,78.1
2018-04,Região de Saúde LVT,"Hospital Garcia de Orta, EPE","38.6658713, -9.1822554",1302,1501,86.7
2018-04,Região de Saúde Norte,"Centro Hospitalar Universitário do Porto, EPE","41.1472498, -8.6172617",2774,3449,80.4
2018-04,Região de Saúde Norte,"Hospital da Senhora da Oliveira, Guimarães, EPE","41.4387173, -8.3086907",1050,1332,78.8
2018-05,Região de Saúde do Alentejo,"Unidade Local de Saúde do Baixo Alentejo, EPE","38.014123, -7.8721227",542,739,73.3
2018-05,Região de Saúde do Alentejo,"Unidade Local de Saúde do Litoral Alentejano, EPE","38.0162314, -8.6956768",492,561,87.7
2018-05,Região de Saúde do Centro,"Instituto Português Oncologia de Coimbra, EPE","40.2162514, -8.4103814",8,163,4.9
2018-05,Região de Saúde LVT,Centro Hospitalar do Oeste,"39.4054629, -9.1258493",1360,1808,75.2
2018-05,Região de Saúde LVT,"Hospital de Cascais, PPP","38.729006, -9.418267",1091,1216,89.7
2018-05,Região de Saúde LVT,"Hospital de Loures, PPP","38.821455, -9.176296",1863,2177,85.6
2018-05,Região de Saúde LVT,"Hospital de Vila Franca de Xira, PPP","38.977235, -8.984506",1447,1686,85.8
2018-05,Região de Saúde LVT,"Hospital Distrital de Santarém, EPE","39.2410946, -8.6937515",912,1113,81.9
2018-05,Região de Saúde Norte,"Centro Hospitalar do Médio Ave, EPE","41.3423984, -8.4802503",1235,1462,84.5
2018-05,Região de Saúde Norte,"Centro Hospitalar Tâmega e Sousa, EPE","41.2494561, -8.264901",2380,2691,88.4
2018-06,Região de Saúde do Alentejo,"Unidade Local de Saúde do Baixo Alentejo, EPE","38.014123, -7.8721227",713,943,75.6
2018-06,Região de Saúde do Centro,"Centro Hospitalar do Baixo Vouga, EPE","40.6362453, -8.6543716",2757,3193,86.3
2018-06,Região de Saúde do Centro,"Centro Hospitalar Tondela-Viseu, EPE","40.516364, -8.0827433",2076,2265,91.7
2018-06,Região de Saúde LVT,"Hospital de Loures, PPP","38.821455, -9.176296",2236,2616,85.5
2018-06,Região de Saúde LVT,"Instituto Português Oncologia de Lisboa, EPE","38.7396768, -9.1634516",141,477,29.6
2018-06,Região de Saúde Norte,"Centro Hospitalar Universitário de São João, EPE","41.1831056, -8.6010558",3992,4940,80.8
2018-06,Região de Saúde Norte,"Centro Hospitalar Tâmega e Sousa, EPE","41.2494561, -8.264901",2859,3258,87.8
2018-06,Região de Saúde Norte,"Centro Hospitalar Vila Nova de Gaia/Espinho, EPE","41.1094138, -8.5972617",3258,3904,83.5
2018-06,Região de Saúde Norte,"Hospital de Magalhães Lemos, EPE","41.1764649, -8.6649823",0,0,
2018-06,Região de Saúde Norte,"Unidade Local de Saúde de Matosinhos, EPE","41.1794456, -8.6745115",1986,2321,85.6
2018-06,Região de Saúde Norte,"Unidade Local de Saúde do Alto Minho, EPE","41.7056054, -8.8252713",2660,3179,83.7
2018-07,Região de Saúde do Centro,"Instituto Português Oncologia de Coimbra, EPE","40.2162514, -8.4103814",14,222,6.3
2018-07,Região de Saúde LVT,"Centro Hospitalar Universitário de Lisboa Norte, EPE","38.7500861, -9.1616116",2736,3307,82.7
2018-07,Região de Saúde LVT,"Hospital de Cascais, PPP","38.729006, -9.418267",1583,1773,89.3
2018-07,Região de Saúde LVT,"Hospital de Loures, PPP","38.821455, -9.176296",2596,3031,85.6
2018-07,Região de Saúde Norte,"Centro Hospitalar Universitário de São João, EPE","41.1831056, -8.6010558",4526,5623,80.5
2018-07,Região de Saúde Norte,"Centro Hospitalar Entre Douro e Vouga, EPE","40.9293884, -8.5458794",3537,4090,86.5
2018-07,Região de Saúde Norte,"Centro Hospitalar Tâmega e Sousa, EPE","41.2494561, -8.264901",3274,3764,87.0
2018-07,Região de Saúde Norte,"Hospital da Senhora da Oliveira, Guimarães, EPE","41.4387173, -8.3086907",1778,2212,80.4
2018-08,Região de Saúde do Centro,"Centro Hospitalar do Baixo Vouga, EPE","40.6362453, -8.6543716",3238,3760,86.1
2018-08,Região de Saúde LVT,"Centro Hospitalar de Lisboa Ocidental, EPE","38.708454, -9.216985",2381,3014,79.0
2018-08,Região de Saúde LVT,Centro Hospitalar do Oeste,"39.4054629, -9.1258493",2118,2820,75.1
2018-08,Região de Saúde LVT,Instituto Gama Pinto,"38.7218793, -9.144249",2484,2484,100.0
2018-08,Região de Saúde Norte,"Centro Hospitalar Póvoa de Varzim/Vila do Conde, EPE","41.3828711, -8.7589945",958,1308,73.2
2018-08,Região de Saúde Norte,"Hospital da Senhora da Oliveira, Guimarães, EPE","41.4387173, -8.3086907",1936,2412,80.3
2018-08,Região de Saúde Norte,"Unidade Local de Saúde do Nordeste, EPE","41.8056532, -6.7888197",1501,1815,82.7
2018-09,Região de Saúde do Alentejo,"Unidade Local de Saúde do Litoral Alentejano, EPE","38.0162314, -8.6956768",894,1018,87.8
2018-09,Região de Saúde do Centro,"Centro Hospitalar Universitário Cova da Beira, EPE","40.2804158, -7.4922407",891,1225,72.7
2018-09,Região de Saúde do Centro,"Centro Hospitalar Tondela-Viseu, EPE","40.516364, -8.0827433",2825,3084,91.6
2018-09,Região de Saúde do Centro,Centro Medicina de Reabilitação da Região Centro Rovisco Pais,"40.297919, -8.7707806",0,0,
2018-09,Região de Saúde LVT,"Centro Hospitalar Barreiro/Montijo, EPE","38.6554005, -9.0592392",1090,1517,71.9
2018-09,Região de Saúde LVT,"Hospital de Loures, PPP","38.821455, -9.176296",3282,3836,85.6
2018-09,Região de Saúde LVT,Instituto Gama Pinto,"38.7218793, -9.144249",2915,2915,100.0
2018-09,Região de Saúde Norte,"Centro Hospitalar Universitário do Porto, EPE","41.1472498, -8.6172617",5484,6798,80.7
2018-09,Região de Saúde Norte,"Centro Hospitalar Póvoa de Varzim/Vila do Conde, EPE","41.3828711, -8.7589945",1078,1469,73.4
2018-09,Região de Saúde Norte,"Hospital de Braga, PPP","41.56785, -8.398982",5023,5958,84.3
2018-09,Região de Saúde Norte,"Unidade Local de Saúde do Alto Minho, EPE","41.7056054, -8.8252713",3577,4270,83.8
2018-10,Região de Saúde do Centro,"Centro Hospitalar de Leiria, EPE","39.7414812, -8.7982706",3676,4184,87.9
2018-10,Região de Saúde do Centro,Centro Medicina de Reabilitação da Região Centro Rovisco Pais,"40.297919, -8.7707806",0,0,
2018-10,Região de Saúde LVT,"Centro Hospitalar Universitário de Lisboa Norte, EPE","38.7500861, -9.1616116",3737,4497,83.1
2018-10,Região de Saúde LVT,"Hospital Distrital de Santarém, EPE","39.2410946, -8.6937515",1685,2071,81.4
2018-10,Região de Saúde LVT,"Hospital Garcia de Orta, EPE","38.6658713, -9.1822554",3288,3663,89.8
2018-10,Região de Saúde Norte,"Centro Hospitalar do Médio Ave, EPE","41.3423984, -8.4802503",2286,2697,84.8
2018-10,Região de Saúde Norte,"Unidade Local de Saúde do Nordeste, EPE","41.8056532, -6.7888197",2035,2409,84.5
2018-11,Região de Saúde do Alentejo,"Hospital Espírito Santo de Évora, EPE","38.5684861, -7.9032848",2571,3343,76.9
2018-11,Região de Saúde do Alentejo,"Unidade Local de Saúde do Litoral Alentejano, EPE","38.0162314, -8.6956768",1092,1251,87.3
2018-11,Região de Saúde do Alentejo,"Unidade Local de Saúde do Norte Alentejano, EPE","39.3003425, -7.4263845",1404,1695,82.8
2018-11,Região de Saúde do Centro,Hospital Arcebispo João Crisóstomo,"40.3470015, -8.5933462",311,311,100.0
2018-11,Região de Saúde LVT,Centro Hospitalar do Oeste,"39.4054629, -9.1258493",2888,3842,75.2
2018-11,Região de Saúde Norte,"Centro Hospitalar Universitário do Porto, EPE","41.1472498, -8.6172617",6692,8287,80.8
2018-11,Região de Saúde Norte,"Centro Hospitalar Póvoa de Varzim/Vila do Conde, EPE","41.3828711, -8.7589945",1352,1863,72.6
2018-11,Região de Saúde Norte,"Centro Hospitalar Tâmega e Sousa, EPE","41.2494561, -8.264901",4950,5763,85.9
2018-12,Região de Saúde do Alentejo,"Unidade Local de Saúde do Baixo Alentejo, EPE","38.014123, -7.8721227",1514,1926,78.6
2018-12,Região de Saúde do Algarve,"Centro Hospitalar Universitário do Algarve, EPE","37.0238973, -7.9281554",2122,2648,80.1
2018-12,Região de Saúde do Centro,"Centro Hospitalar de Leiria, EPE","39.7414812, -8.7982706",4248,4872,87.2
2018-12,Região de Saúde do Centro,"Centro Hospitalar e Universitário de Coimbra, EPE","40.2191523, -8.4098211",7762,9778,79.4
2018-12,Região de Saúde LVT,"Hospital de Loures, PPP","38.821455, -9.176296",4218,4957,85.1
2018-12,Região de Saúde LVT,"Hospital de Vila Franca de Xira, PPP","38.977235, -8.984506",3311,3914,84.6
2018-12,Região de Saúde LVT,"Hospital Distrital de Santarém, EPE","39.2410946, -8.6937515",2058,2528,81.4
2018-12,Região de Saúde LVT,"Hospital Professor Doutor Fernando Fonseca, EPE","38.7422257, -9.2264834",4419,5535,79.8
2018-12,Região de Saúde Norte,"Centro Hospitalar do Médio Ave, EPE","41.3423984, -8.4802503",2812,3336,84.3
2018-12,Região de Saúde Norte,"Centro Hospitalar Vila Nova de Gaia/Espinho, EPE","41.1094138, -8.5972617",6491,7678,84.5
2018-12,Região de Saúde Norte,"Hospital de Braga, PPP","41.56785, -8.398982",6950,8196,84.8
2018-12,Região de Saúde Norte,"Unidade Local de Saúde do Alto Minho, EPE","41.7056054, -8.8252713",4867,5785,84.1
2018-12,Região de Saúde Norte,"Unidade Local de Saúde do Nordeste, EPE","41.8056532, -6.7888197",2412,2857,84.4
2019-01,Região de Saúde do Alentejo,"Unidade Local de Saúde do Norte Alentejano, EPE","39.3003425, -7.4263845",100,125,80.0
2019-01,Região de Saúde do Centro,"Centro Hospitalar de Leiria, EPE","39.7414812, -8.7982706",398,441,90.2
2019-01,Região de Saúde do Centro,Centro Medicina de Reabilitação da Região Centro Rovisco Pais,"40.297919, -8.7707806",0,0,
2019-01,Região de Saúde do Centro,Hospital Dr. Francisco Zagalo,"40.8571967, -8.6318023",61,65,93.8
2019-01,Região de Saúde LVT,"Centro Hospitalar Barreiro/Montijo, EPE","38.6554005, -9.0592392",169,218,77.5
2019-01,Região de Saúde LVT,"Centro Hospitalar Universitário Lisboa Central, EPE","38.7166948, -9.1371248",436,520,83.8
2019-01,Região de Saúde Norte,"Centro Hospitalar do Médio Ave, EPE","41.3423984, -8.4802503",261,289,90.3
2019-01,Região de Saúde Norte,"Centro Hospitalar Trás-os-Montes e Alto Douro, EPE","41.3031784, -7.7515252",401,462,86.8
2019-02,Região de Saúde do Alentejo,"Hospital Espírito Santo de Évora, EPE","38.5684861, -7.9032848",537,732,73.4
2019-02,Região de Saúde do Centro,"Centro Hospitalar do Baixo Vouga, EPE","40.6362453, -8.6543716",701,891,78.7
2019-02,Região de Saúde do Centro,"Centro Hospitalar e Universitário de Coimbra, EPE","40.2191523, -8.4098211",1228,1561,78.7
2019-02,Região de Saúde do Centro,"Hospital Distrital da Figueira da Foz, EPE","40.117897, -8.8586755",424,496,85.5
2019-02,Região de Saúde LVT,"Centro Hospitalar Barreiro/Montijo, EPE","38.6554005, -9.0592392",343,451,76.1
2019-02,Região de Saúde LVT,"Hospital Professor Doutor Fernando Fonseca, EPE","38.7422257, -9.2264834",758,892,85.0
2019-02,Região de Saúde Norte,"Centro Hospitalar do Médio Ave, EPE","41.3423984, -8.4802503",482,547,88.1
2019-03,Região de Saúde do Algarve,"Centro Hospitalar Universitário do Algarve, EPE","37.0238973, -7.9281554",799,941,84.9
2019-03,Região de Saúde do Centro,"Centro Hospitalar de Leiria, EPE","39.7414812, -8.7982706",1319,1444,91.3
2019-03,Região de Saúde do Centro,"Centro Hospitalar Tondela-Viseu, EPE","40.516364, -8.0827433",833,928,89.8
2019-03,Região de Saúde LVT,"Centro Hospitalar Universitário de Lisboa Norte, EPE","38.7500861, -9.1616116",897,1116,80.4
2019-03,Região de Saúde LVT,"Centro Hospitalar Médio Tejo, EPE","39.478072, -8.5404429",856,1007,85.0
2019-03,Região de Saúde LVT,Centro Hospitalar Psiquiátrico de Lisboa,"38.7569771, -9.1460705",0,0,
2019-03,Região de Saúde Norte,"Centro Hospitalar Tâmega e Sousa, EPE","41.2494561, -8.264901",1706,1990,85.7
2019-03,Região de Saúde Norte,"Centro Hospitalar Vila Nova de Gaia/Espinho, EPE","41.1094138, -8.5972617",1568,1774,88.4
2019-03,Região de Saúde Norte,"Instituto Português Oncologia do Porto, EPE","41.1785642, -8.6062881",344,606,56.8
2019-03,Região de Saúde Norte,"Unidade Local de Saúde do Nordeste, EPE","41.8056532, -6.7888197",429,569,75.4
2019-04,Região de Saúde do Alentejo,"Unidade Local de Saúde do Baixo Alentejo, EPE","38.014123, -7.8721227",517,653,79.2
2019-04,Região de Saúde do Centro,Hospital Arcebispo João Crisóstomo,"40.3470015, -8.5933462",140,140,100.0
2019-04,Região de Saúde do Centro,Hospital Dr. Francisco Zagalo,"40.8571967, -8.6318023",259,276,93.8
2019-04,Região de Saúde LVT,"Centro Hospitalar Universitário de Lisboa Norte, EPE","38.7500861, -9.1616116",1239,1540,80.5
2019-04,Região de Saúde LVT,"Hospital Garcia de Orta, EPE","38.6658713, -9.1822554",1031,1115,92.5
2019-04,Região de Saúde LVT,Instituto Gama Pinto,"38.7218793, -9.144249",1510,1510,100.0
2019-04,Região de Saúde LVT,"Instituto Português Oncologia de Lisboa, EPE","38.7396768, -9.1634516",109,280,38.9
2019-04,Região de Saúde Norte,"Centro Hospitalar Universitário de São João, EPE","41.1831056, -8.6010558",2146,2793,76.8
2019-04,Região de Saúde Norte,"Centro Hospitalar Entre Douro e Vouga, EPE","40.9293884, -8.5458794",1607,1881,85.4
2019-04,Região de Saúde Norte,"Hospital de Braga, PPP","41.56785, -8.398982",3796,4364,87.0
2019-04,Região de Saúde Norte,"Unidade Local de Saúde de Matosinhos, EPE","41.1794456, -8.6745115",1632,1839,88.7
2019-05,Região de Saúde do Centro,"Centro Hospitalar Universitário Cova da Beira, EPE","40.2804158, -7.4922407",532,706,75.4
2019-05,Região de Saúde do Centro,"Centro Hospitalar de Leiria, EPE","39.7414812, -8.7982706",2155,2417,89.2
2019-05,Região de Saúde do Centro,"Centro Hospitalar do Baixo Vouga, EPE","40.6362453, -8.6543716",1919,2442,78.6
2019-05,Região de Saúde do Centro,"Centro Hospitalar e Universitário de Coimbra, EPE","40.2191523, -8.4098211",3786,4655,81.3
2019-05,Região de Saúde LVT,"Centro Hospitalar Universitário Lisboa Central, EPE","38.7166948, -9.1371248",2557,3059,83.6
2019-05,Região de Saúde LVT,"Centro Hospitalar de Lisboa Ocidental, EPE","38.708454, -9.216985",1381,1739,79.4
2019-05,Região de Saúde LVT,"Centro Hospitalar Universitário de Lisboa Norte, EPE","38.7500861, -9.1616116",1726,2109,81.8
2019-05,Região de Saúde LVT,"Hospital Garcia de Orta, EPE","38.6658713, -9.1822554",1408,1527,92.2
2019-05,Região de Saúde Norte,"Centro Hospitalar Universitário do Porto, EPE","41.1472498, -8.6172617",3578,4398,81.4
2019-05,Região de Saúde Norte,"Unidade Local de Saúde do Alto Minho, EPE","41.7056054, -8.8252713",2222,2601,85.4
2019-06,Região de Saúde do Alentejo,"Hospital Espírito Santo de Évora, EPE","38.5684861, -7.9032848",1624,2147,75.6
2019-06,Região de Saúde do Centro,"Hospital Distrital da Figueira da Foz, EPE","40.117897, -8.8586755",1625,1871,86.9
2019-06,Região de Saúde LVT,"Centro Hospitalar de Lisboa Ocidental, EPE","38.708454, -9.216985",1579,1984,79.6
2019-06,Região de Saúde LVT,"Centro Hospitalar Universitário de Lisboa Norte, EPE","38.7500861, -9.1616116",2003,2448,81.8
2019-06,Região de Saúde LVT,"Hospital de Vila Franca de Xira, PPP","38.977235, -8.984506",1614,1913,84.4
2019-06,Região de Saúde LVT,"Instituto Português Oncologia de Lisboa, EPE","38.7396768, -9.1634516",164,432,38.0
2019-06,Região de Saúde Norte,"Centro Hospitalar Entre Douro e Vouga, EPE","40.9293884, -8.5458794",2776,3281,84.6
2019-06,Região de Saúde Norte,"Centro Hospitalar Tâmega e Sousa, EPE","41.2494561, -8.264901",3073,3613,85.1
2019-06,Região de Saúde Norte,"Centro Hospitalar Trás-os-Montes e Alto Douro, EPE","41.3031784, -7.7515252",2481,2918,85.0
2019-06,Região de Saúde Norte,"Unidade Local de Saúde do Alto Minho, EPE","41.7056054, -8.8252713",2625,3065,85.6
2019-07,Região de Saúde do Centro,Centro Medicina de Reabilitação da Região Centro Rovisco Pais,"40.297919, -8.7707806",0,0,
2019-07,Região de Saúde do Centro,Hospital Arcebispo João Crisóstomo,"40.3470015, -8.5933462",232,232,100.0
2019-07,Região de Saúde LVT,"Centro Hospitalar Barreiro/Montijo, EPE","38.6554005, -9.0592392",1286,1668,77.1
2019-07,Região de Saúde LVT,"Centro Hospitalar de Setúbal, EPE","38.5283754, -8.8818638",1940,2213,87.7
2019-07,Região de Saúde LVT,Centro Hospitalar Psiquiátrico de Lisboa,"38.7569771, -9.1460705",0,0,
2019-07,Região de Saúde LVT,"Hospital de Vila Franca de Xira, PPP","38.977235, -8.984506",1854,2199,84.3
2019-07,Região de Saúde LVT,Instituto Gama Pinto,"38.7218793, -9.144249",2601,2601,100.0
2019-07,Região de Saúde Norte,"Hospital de Magalhães Lemos, EPE","41.1764649, -8.6649823",0,0,
2019-07,Região de Saúde Norte,"Hospital Santa Maria Maior, EPE","41.5324234, -8.6171561",1466,1713,85.6
2019-07,Região de Saúde Norte,"Unidade Local de Saúde do Nordeste, EPE","41.8056532, -6.7888197",1298,1584,81.9
2019-08,Região de Saúde do Centro,Hospital Dr. Francisco Zagalo,"40.8571967, -8.6318023",523,544,96.1
2019-08,Região de Saúde do Centro,"Unidade Local de Saúde de Castelo Branco, EPE","39.8212263, -7.4981271",513,884,58.0
2019-08,Região de Saúde LVT,"Centro Hospitalar de Lisboa Ocidental, EPE","38.708454, -9.216985",1949,2472,78.8
2019-08,Região de Saúde LVT,"Centro Hospitalar de Setúbal, EPE","38.5283754, -8.8818638",2168,2469,87.8
2019-08,Região de Saúde LVT,"Centro Hospitalar Médio Tejo, EPE","39.478072, -8.5404429",2105,2566,82.0
2019-08,Região de Saúde LVT,"Hospital de Loures, PPP","38.821455, -9.176296",2418,2878,84.0
2019-08,Região de Saúde Norte,"Centro Hospitalar Póvoa de Varzim/Vila do Conde, EPE","41.3828711, -8.7589945",712,1059,67.2
2019-08,Região de Saúde Norte,"Hospital de Braga, PPP","41.56785, -8.398982",8466,9678,87.5
2019-08,Região de Saúde Norte,"Hospital Santa Maria Maior, EPE","41.5324234, -8.6171561",1612,1897,85.0
2019-09,Região de Saúde do Centro,"Centro Hospitalar de Leiria, EPE","39.7414812, -8.7982706",3602,4068,88.5
2019-09,Região de Saúde do Centro,"Centro Hospitalar e Universitário de Coimbra, EPE","40.2191523, -8.4098211",6163,7582,81.3
2019-09,Região de Saúde do Centro,"Centro Hospitalar Tondela-Viseu, EPE","40.516364, -8.0827433",3263,3549,91.9
2019-09,Região de Saúde do Centro,"Unidade Local de Saúde de Castelo Branco, EPE","39.8212263, -7.4981271",629,1022,61.5
2019-09,Região de Saúde LVT,"Centro Hospitalar Barreiro/Montijo, EPE","38.6554005, -9.0592392",1479,1946,76.0
2019-09,Região de Saúde LVT,Centro Hospitalar do Oeste,"39.4054629, -9.1258493",1103,1478,74.6
2019-09,Região de Saúde LVT,"Hospital de Cascais, PPP","38.729006, -9.418267",2511,2747,91.4
2019-09,Região de Saúde LVT,Instituto Gama Pinto,"38.7218793, -9.144249",3238,3238,100.0
2019-09,Região de Saúde LVT,"Instituto Português Oncologia de Lisboa, EPE","38.7396768, -9.1634516",239,622,38.4
2019-09,Região de Saúde Norte,"Centro Hospitalar Universitário do Porto, EPE","41.1472498, -8.6172617",6096,7434,82.0
2019-09,Região de Saúde Norte,"Centro Hospitalar Entre Douro e Vouga, EPE","40.9293884, -8.5458794",4114,4917,83.7
2019-09,Região de Saúde Norte,"Hospital de Magalhães Lemos, EPE","41.1764649, -8.6649823",0,0,
2019-09,Região de Saúde Norte,"Unidade Local de Saúde do Nordeste, EPE","41.8056532, -6.7888197",1675,2028,82.6
2019-10,Região de Saúde do Alentejo,"Hospital Espírito Santo de Évora, EPE","38.5684861, -7.9032848",2693,3638,74.0
2019-10,Região de Saúde do Centro,Centro Medicina de Reabilitação da Região Centro Rovisco Pais,"40.297919, -8.7707806",0,0,
2019-10,Região de Saúde do Centro,"Hospital Distrital da Figueira da Foz, EPE","40.117897, -8.8586755",2388,2767,86.3
2019-10,Região de Saúde LVT,"Centro Hospitalar de Lisboa Ocidental, EPE","38.708454, -9.216985",2490,3175,78.4
2019-10,Região de Saúde LVT,"Hospital Distrital de Santarém, EPE","39.2410946, -8.6937515",1748,1947,89.8
2019-10,Região de Saúde LVT,"Hospital Professor Doutor Fernando Fonseca, EPE","38.7422257, -9.2264834",3819,4510,84.7
2019-10,Região de Saúde LVT,Instituto Gama Pinto,"38.7218793, -9.144249",3633,3633,100.0
2019-10,Região de Saúde Norte,"Centro Hospitalar Tâmega e Sousa, EPE","41.2494561, -8.264901",4947,5821,85.0
2019-10,Região de Saúde Norte,"Centro Hospitalar Vila Nova de Gaia/Espinho, EPE","41.1094138, -8.5972617",5314,6393,83.1
2019-10,Região de Saúde Norte,"Hospital da Senhora da Oliveira, Guimarães, EPE","41.4387173, -8.3086907",3111,3773,82.5
2019-10,Região de Saúde Norte,"Hospital de Braga, EPE","41.56785, -8.398982",10804,12346,87.5
2019-10,Região de Saúde Norte,"Instituto Português Oncologia do Porto, EPE","41.1785642, -8.6062881",1056,1831,57.7
2019-11,Região de Saúde do Algarve,"Centro Hospitalar Universitário do Algarve, EPE","37.0238973, -7.9281554",3038,3545,85.7
2019-11,Região de Saúde do Centro,"Centro Hospitalar Universitário Cova da Beira, EPE","40.2804158, -7.4922407",1345,1716,78.4
2019-11,Região de Saúde do Centro,Hospital Dr. Francisco Zagalo,"40.8571967, -8.6318023",741,771,96.1
2019-11,Região de Saúde LVT,"Centro Hospitalar Universitário Lisboa Central, EPE","38.7166948, -9.1371248",5266,6397,82.3
2019-11,Região de Saúde LVT,"Centro Hospitalar de Lisboa Ocidental, EPE","38.708454, -9.216985",2730,3489,78.2
2019-11,Região de Saúde LVT,Centro Hospitalar do Oeste,"39.4054629, -9.1258493",1391,1843,75.5
2019-11,Região de Saúde LVT,Centro Hospitalar Psiquiátrico de Lisboa,"38.7569771, -9.1460705",0,0,
2019-11,Região de Saúde LVT,"Hospital Professor Doutor Fernando Fonseca, EPE","38.7422257, -9.2264834",4292,5061,84.8
2019-11,Região de Saúde LVT,"Hospital Garcia de Orta, EPE","38.6658713, -9.1822554",3688,4065,90.7
2019-11,Região de Saúde LVT,Instituto Gama Pinto,"38.7218793, -9.144249",3997,3997,100.0
2019-11,Região de Saúde Norte,"Centro Hospitalar Trás-os-Montes e Alto Douro, EPE","41.3031784, -7.7515252",4381,5088,86.1
2019-11,Região de Saúde Norte,"Hospital de Magalhães Lemos, EPE","41.1764649, -8.6649823",0,0,
2019-12,Região de Saúde do Centro,"Centro Hospitalar de Leiria, EPE","39.7414812, -8.7982706",5074,5653,89.8
2019-12,Região de Saúde do Centro,"Centro Hospitalar do Baixo Vouga, EPE","40.6362453, -8.6543716",4352,5419,80.3
2019-12,Região de Saúde do Centro,Hospital Arcebispo João Crisóstomo,"40.3470015, -8.5933462",427,427,100.0
2019-12,Região de Saúde do Centro,"Unidade Local de Saúde da Guarda, EPE","40.5309916, -7.2734793",1104,1263,87.4
2019-12,Região de Saúde LVT,"Centro Hospitalar de Setúbal, EPE","38.5283754, -8.8818638",3278,3696,88.7
2019-12,Região de Saúde LVT,Centro Hospitalar do Oeste,"39.4054629, -9.1258493",1506,2005,75.1
2019-12,Região de Saúde LVT,Centro Hospitalar Psiquiátrico de Lisboa,"38.7569771, -9.1460705",0,0,
2019-12,Região de Saúde Norte,"Hospital da Senhora da Oliveira, Guimarães, EPE","41.4387173, -8.3086907",3721,4542,81.9
2019-12,Região de Saúde Norte,"Unidade Local de Saúde do Alto Minho, EPE","41.7056054, -8.8252713",4832,5691,84.9
2020-01,Região de Saúde do Alentejo,"Unidade Local de Saúde do Baixo Alentejo, EPE","38.014123, -7.8721227",57,90,63.3
2020-01,Região de Saúde do Alentejo,"Unidade Local de Saúde do Norte Alentejano, EPE","39.3003425, -7.4263845",114,141,80.9
2020-01,Região de Saúde do Centro,"Centro Hospitalar Universitário Cova da Beira, EPE","40.2804158, -7.4922407",163,192,84.9
2020-01,Região de Saúde do Centro,"Centro Hospitalar de Leiria, EPE","39.7414812, -8.7982706",540,600,90.0
2020-01,Região de Saúde do Centro,Centro Medicina de Reabilitação da Região Centro Rovisco Pais,"40.297919, -8.7707806",0,0,
2020-01,Região de Saúde do Centro,Hospital Arcebispo João Crisóstomo,"40.3470015, -8.5933462",49,49,100.0
2020-01,Região de Saúde do Centro,Hospital Dr. Francisco Zagalo,"40.8571967, -8.6318023",72,74,97.3
2020-01,Região de Saúde do Centro,"Instituto Português Oncologia de Coimbra, EPE","40.2162514, -8.4103814",0,33,0.0
2020-01,Região de Saúde Norte,"Centro Hospitalar Vila Nova de Gaia/Espinho, EPE","41.1094138, -8.5972617",580,742,78.2
2020-01,Região de Saúde Norte,"Unidade Local de Saúde do Nordeste, EPE","41.8056532, -6.7888197",189,234,80.8
2020-02,Região de Saúde do Alentejo,"Unidade Local de Saúde do Baixo Alentejo, EPE","38.014123, -7.8721227",138,200,69.0
2020-02,Região de Saúde do Alentejo,"Unidade Local de Saúde do Litoral Alentejano, EPE","38.0162314, -8.6956768",278,308,90.3
2020-02,Região de Saúde do Centro,"Centro Hospitalar do Baixo Vouga, EPE","40.6362453, -8.6543716",786,987,79.6
2020-02,Região de Saúde do Centro,"Centro Hospitalar e Universitário de Coimbra, EPE","40.2191523, -8.4098211",1528,1871,81.7
2020-02,Região de Saúde LVT,"Centro Hospitalar Universitário Lisboa Central, EPE","38.7166948, -9.1371248",1292,1504,85.9
2020-02,Região de Saúde LVT,"Centro Hospitalar Médio Tejo, EPE","39.478072, -8.5404429",587,712,82.4
2020-02,Região de Saúde LVT,"Hospital de Cascais, PPP","38.729006, -9.418267",537,603,89.1
2020-02,Região de Saúde LVT,"Hospital de Vila Franca de Xira, PPP","38.977235, -8.984506",573,697,82.2
2020-02,Região de Saúde LVT,Instituto Gama Pinto,"38.7218793, -9.144249",720,720,100.0
2020-02,Região de Saúde Norte,"Centro Hospitalar Universitário de São João, EPE","41.1831056, -8.6010558",1486,1993,74.6
2020-02,Região de Saúde Norte,"Centro Hospitalar Vila Nova de Gaia/Espinho, EPE","41.1094138, -8.5972617",1210,1537,78.7
2020-02,Região de Saúde Norte,"Instituto Português Oncologia do Porto, EPE","41.1785642, -8.6062881",249,411,60.6
2020-02,Região de Saúde Norte,"Unidade Local de Saúde de Matosinhos, EPE","41.1794456, -8.6745115",797,861,92.6
2020-03,Região de Saúde do Centro,Centro Medicina de Reabilitação da Região Centro Rovisco Pais,"40.297919, -8.7707806",0,0,
2020-03,Região de Saúde do Centro,"Unidade Local de Saúde da Guarda, EPE","40.5309916, -7.2734793",155,188,82.4
2020-03,Região de Saúde do Centro,"Unidade Local de Saúde de Castelo Branco, EPE","39.8212263, -7.4981271",137,235,58.3
2020-03,Região de Saúde LVT,Centro Hospitalar do Oeste,"39.4054629, -9.1258493",301,433,69.5
2020-03,Região de Saúde LVT,"Hospital de Cascais, PPP","38.729006, -9.418267",632,712,88.8
2020-03,Região de Saúde LVT,"Hospital Garcia de Orta, EPE","38.6658713, -9.1822554",854,973,87.8
2020-03,Região de Saúde Norte,"Centro Hospitalar Universitário do Porto, EPE","41.1472498, -8.6172617",2062,2498,82.5
2020-03,Região de Saúde Norte,"Centro Hospitalar Vila Nova de Gaia/Espinho, EPE","41.1094138, -8.5972617",1453,1855,78.3
2020-03,Região de Saúde Norte,"Hospital de Magalhães Lemos, EPE","41.1764649, -8.6649823",0,0,
2020-04,Região de Saúde do Algarve,"Centro Hospitalar Universitário do Algarve, EPE","37.0238973, -7.9281554",666,798,83.5
2020-04,Região de Saúde do Centro,Centro Medicina de Reabilitação da Região Centro Rovisco Pais,"40.297919, -8.7707806",0,0,
2020-04,Região de Saúde do Centro,"Unidade Local de Saúde da Guarda, EPE","40.5309916, -7.2734793",155,188,82.4
2020-04,Região de Saúde LVT,"Centro Hospitalar Médio Tejo, EPE","39.478072, -8.5404429",720,879,81.9
2020-04,Região de Saúde LVT,Centro Hospitalar Psiquiátrico de Lisboa,"38.7569771, -9.1460705",0,0,
2020-04,Região de Saúde LVT,"Hospital Distrital de Santarém, EPE","39.2410946, -8.6937515",468,512,91.4
2020-04,Região de Saúde Norte,"Centro Hospitalar do Médio Ave, EPE","41.3423984, -8.4802503",676,787,85.9
2020-04,Região de Saúde Norte,"Centro Hospitalar Póvoa de Varzim/Vila do Conde, EPE","41.3828711, -8.7589945",258,396,65.2
2020-04,Região de Saúde Norte,"Unidade Local de Saúde do Nordeste, EPE","41.8056532, -6.7888197",549,679,80.9
2020-05,Região de Saúde do Alentejo,"Unidade Local de Saúde do Baixo Alentejo, EPE","38.014123, -7.8721227",183,274,66.8
2020-05,Região de Saúde do Centro,Hospital Dr. Francisco Zagalo,"40.8571967, -8.6318023",183,188,97.3
2020-05,Região de Saúde do Centro,"Unidade Local de Saúde de Castelo Branco, EPE","39.8212263, -7.4981271",146,257,56.8
2020-05,Região de Saúde LVT,Centro Hospitalar Psiquiátrico de Lisboa,"38.7569771, -9.1460705",0,0,
2020-05,Região de Saúde LVT,"Hospital Distrital de Santarém, EPE","39.2410946, -8.6937515",487,537,90.7
2020-05,Região de Saúde Norte,"Centro Hospitalar Universitário de São João, EPE","41.1831056, -8.6010558",1994,2719,73.3
2020-05,Região de Saúde Norte,"Centro Hospitalar Póvoa de Varzim/Vila do Conde, EPE","41.3828711, -8.7589945",314,484,64.9
2020-05,Região de Saúde Norte,"Hospital de Magalhães Lemos, EPE","41.1764649, -8.6649823",0,0,
2020-06,Região de Saúde do Alentejo,"Unidade Local de Saúde do Baixo Alentejo, EPE","38.014123, -7.8721227",252,359,70.2
2020-06,Região de Saúde do Centro,"Centro Hospitalar Universitário Cova da Beira, EPE","40.2804158, -7.4922407",484,571,84.8
2020-06,Região de Saúde LVT,"Centro Hospitalar Barreiro/Montijo, EPE","38.6554005, -9.0592392",529,726,72.9
2020-06,Região de Saúde LVT,Instituto Gama Pinto,"38.7218793, -9.144249",1099,1099,100.0
2020-06,Região de Saúde Norte,"Centro Hospitalar Entre Douro e Vouga, EPE","40.9293884, -8.5458794",2200,2463,89.3
2020-06,Região de Saúde Norte,"Centro Hospitalar Póvoa de Varzim/Vila do Conde, EPE","41.3828711, -8.7589945",389,579,67.2
2020-06,Região de Saúde Norte,"Hospital da Senhora da Oliveira, Guimarães, EPE","41.4387173, -8.3086907",1152,1390,82.9
2020-06,Região de Saúde Norte,"Instituto Português Oncologia do Porto, EPE","41.1785642, -8.6062881",380,797,47.7
2020-06,Região de Saúde Norte,"Unidade Local de Saúde do Alto Minho, EPE","41.7056054, -8.8252713",1025,1282,80.0
2020-07,Região de Saúde do Alentejo,"Hospital Espírito Santo de Évora, EPE","38.5684861, -7.9032848",1122,1371,81.8
2020-07,Região de Saúde do Centro,"Centro Hospitalar do Baixo Vouga, EPE","40.6362453, -8.6543716",1927,2405,80.1
2020-07,Região de Saúde do Centro,"Centro Hospitalar Tondela-Viseu, EPE","40.516364, -8.0827433",1222,1340,91.2
2020-07,Região de Saúde do Centro,Centro Medicina de Reabilitação da Região Centro Rovisco Pais,"40.297919, -8.7707806",0,0,
2020-07,Região de Saúde do Centro,"Unidade Local de Saúde da Guarda, EPE","40.5309916, -7.2734793",175,218,80.3
2020-07,Região de Saúde do Centro,"Unidade Local de Saúde de Castelo Branco, EPE","39.8212263, -7.4981271",268,443,60.5
2020-07,Região de Saúde LVT,"Hospital de Vila Franca de Xira, PPP","38.977235, -8.984506",1452,1717,84.6
2020-07,Região de Saúde LVT,"Hospital Distrital de Santarém, EPE","39.2410946, -8.6937515",603,675,89.3
2020-07,Região de Saúde Norte,"Centro Hospitalar Trás-os-Montes e Alto Douro, EPE","41.3031784, -7.7515252",1752,2141,81.8
2020-07,Região de Saúde Norte,"Hospital de Magalhães Lemos, EPE","41.1764649, -8.6649823",0,0,
2020-07,Região de Saúde Norte,"Instituto Português Oncologia do Porto, EPE","41.1785642, -8.6062881",448,951,47.1
2020-08,Região de Saúde do Alentejo,"Unidade Local de Saúde do Baixo Alentejo, EPE","38.014123, -7.8721227",523,676,77.4
2020-08,Região de Saúde do Centro,"Centro Hospitalar Universitário Cova da Beira, EPE","40.2804158, -7.4922407",689,800,86.1
2020-08,Região de Saúde do Centro,"Centro Hospitalar Tondela-Viseu, EPE","40.516364, -8.0827433",1371,1515,90.5
2020-08,Região de Saúde LVT,"Centro Hospitalar de Setúbal, EPE","38.5283754, -8.8818638",1096,1274,86.0
2020-08,Região de Saúde LVT,"Centro Hospitalar Universitário de Lisboa Norte, EPE","38.7500861, -9.1616116",2210,2645,83.6
2020-08,Região de Saúde LVT,Centro Hospitalar Psiquiátrico de Lisboa,"38.7569771, -9.1460705",0,0,
2020-08,Região de Saúde LVT,Instituto Gama Pinto,"38.7218793, -9.144249",1363,1363,100.0
2020-08,Região de Saúde Norte,"Centro Hospitalar do Médio Ave, EPE","41.3423984, -8.4802503",1143,1364,83.8
2020-08,Região de Saúde Norte,"Centro Hospitalar Tâmega e Sousa, EPE","41.2494561, -8.264901",2922,3529,82.8
2020-09,Região de Saúde do Alentejo,"Unidade Local de Saúde do Litoral Alentejano, EPE","38.0162314, -8.6956768",677,757,89.4
2020-09,Região de Saúde do Centro,"Centro Hospitalar Universitário Cova da Beira, EPE","40.2804158, -7.4922407",862,991,87.0
2020-09,Região de Saúde do Centro,"Centro Hospitalar e Universitário de Coimbra, EPE","40.2191523, -8.4098211",3611,4476,80.7
2020-09,Região de Saúde LVT,"Centro Hospitalar de Setúbal, EPE","38.5283754, -8.8818638",1254,1453,86.3
2020-09,Região de Saúde LVT,Centro Hospitalar do Oeste,"39.4054629, -9.1258493",812,1098,74.0
2020-09,Região de Saúde LVT,"Instituto Português Oncologia de Lisboa, EPE","38.7396768, -9.1634516",111,537,20.7
2020-09,Região de Saúde Norte,"Centro Hospitalar Póvoa de Varzim/Vila do Conde, EPE","41.3828711, -8.7589945",619,891,69.5
2020-09,Região de Saúde Norte,"Hospital de Braga, EPE","41.56785, -8.398982",4285,4691,91.3
2020-09,Região de Saúde Norte,"Instituto Português Oncologia do Porto, EPE","41.1785642, -8.6062881",520,1126,46.2
2020-10,Região de Saúde do Alentejo,"Unidade Local de Saúde do Baixo Alentejo, EPE","38.014123, -7.8721227",681,900,75.7
2020-10,Região de Saúde do Alentejo,"Unidade Local de Saúde do Litoral Alentejano, EPE","38.0162314, -8.6956768",842,934,90.1
2020-10,Região de Saúde do Centro,"Centro Hospitalar de Leiria, EPE","39.7414812, -8.7982706",4395,4811,91.4
2020-10,Região de Saúde do Centro,"Centro Hospitalar Tondela-Viseu, EPE","40.516364, -8.0827433",1955,2166,90.3
2020-10,Região de Saúde do Centro,"Unidade Local de Saúde da Guarda, EPE","40.5309916, -7.2734793",262,335,78.2
2020-10,Região de Saúde LVT,"Centro Hospitalar Universitário Lisboa Central, EPE","38.7166948, -9.1371248",4019,4750,84.6
2020-10,Região de Saúde LVT,"Hospital de Cascais, PPP","38.729006, -9.418267",2549,2759,92.4
2020-10,Região de Saúde LVT,"Hospital de Loures, PPP","38.821455, -9.176296",2346,2739,85.7
2020-10,Região de Saúde LVT,Instituto Gama Pinto,"38.7218793, -9.144249",1872,1872,100.0
2020-10,Região de Saúde Norte,"Centro Hospitalar Universitário do Porto, EPE","41.1472498, -8.6172617",5729,6834,83.8
2020-10,Região de Saúde Norte,"Centro Hospitalar Trás-os-Montes e Alto Douro, EPE","41.3031784, -7.7515252",3212,3780,85.0
2020-10,Região de Saúde Norte,"Hospital da Senhora da Oliveira, Guimarães, EPE","41.4387173, -8.3086907",2380,2850,83.5
2020-10,Região de Saúde Norte,"Hospital de Magalhães Lemos, EPE","41.1764649, -8.6649823",0,0,
2020-11,Região de Saúde do Alentejo,"Hospital Espírito Santo de Évora, EPE","38.5684861, -7.9032848",2064,2492,82.8
2020-11,Região de Saúde do Alentejo,"Unidade Local de Saúde do Litoral Alentejano, EPE","38.0162314, -8.6956768",976,1087,89.8
2020-11,Região de Saúde do Alentejo,"Unidade Local de Saúde do Norte Alentejano, EPE","39.3003425, -7.4263845",1136,1326,85.7
2020-11,Região de Saúde do Centro,"Centro Hospitalar do Baixo Vouga, EPE","40.6362453, -8.6543716",3268,4024,81.2
2020-11,Região de Saúde do Centro,Hospital Arcebispo João Crisóstomo,"40.3470015, -8.5933462",320,320,100.0
2020-11,Região de Saúde do Centro,"Unidade Local de Saúde da Guarda, EPE","40.5309916, -7.2734793",310,386,80.3
2020-11,Região de Saúde LVT,"Hospital de Loures, PPP","38.821455, -9.176296",2651,3092,85.7
2020-11,Região de Saúde LVT,"Hospital Garcia de Orta, EPE","38.6658713, -9.1822554",2564,2866,89.5
2020-11,Região de Saúde Norte,"Centro Hospitalar Trás-os-Montes e Alto Douro, EPE","41.3031784, -7.7515252",3437,4073,84.4
2020-11,Região de Saúde Norte,"Centro Hospitalar Vila Nova de Gaia/Espinho, EPE","41.1094138, -8.5972617",5202,6317,82.3
2020-11,Região de Saúde Norte,"Hospital da Senhora da Oliveira, Guimarães, EPE","41.4387173, -8.3086907",2681,3170,84.6
2020-11,Região de Saúde Norte,"Unidade Local de Saúde de Matosinhos, EPE","41.1794456, -8.6745115",2835,3166,89.5
2020-12,Região de Saúde do Alentejo,"Unidade Local de Saúde do Norte Alentejano, EPE","39.3003425, -7.4263845",1201,1396,86.0
2020-12,Região de Saúde do Centro,"Centro Hospitalar e Universitário de Coimbra, EPE","40.2191523, -8.4098211",5312,6586,80.7
2020-12,Região de Saúde do Centro,Hospital Arcebispo João Crisóstomo,"40.3470015, -8.5933462",343,343,100.0
2020-12,Região de Saúde LVT,"Centro Hospitalar Médio Tejo, EPE","39.478072, -8.5404429",2417,2894,83.5
2020-12,Região de Saúde LVT,"Hospital Garcia de Orta, EPE","38.6658713, -9.1822554",2809,3141,89.4
2020-12,Região de Saúde Norte,"Centro Hospitalar Vila Nova de Gaia/Espinho, EPE","41.1094138, -8.5972617",5710,6886,82.9
2020-12,Região de Saúde Norte,"Hospital de Magalhães Lemos, EPE","41.1764649, -8.6649823",0,0,
2020-12,Região de Saúde Norte,"Hospital Santa Maria Maior, EPE","41.5324234, -8.6171561",1777,1961,90.6
2020-12,Região de Saúde Norte,"Instituto Português Oncologia do Porto, EPE","41.1785642, -8.6062881",642,1425,45.1
2021-01,Região de Saúde do Alentejo,"Hospital Espírito Santo de Évora, EPE","38.5684861, -7.9032848",129,138,93.5
2021-01,Região de Saúde do Alentejo,"Unidade Local de Saúde do Baixo Alentejo, EPE","38.014123, -7.8721227",21,35,60.0
2021-01,Região de Saúde do Centro,"Centro Hospitalar Universitário Cova da Beira, EPE","40.2804158, -7.4922407",74,74,100.0
2021-01,Região de Saúde do Centro,"Centro Hospitalar e Universitário de Coimbra, EPE","40.2191523, -8.4098211",280,358,78.2
2021-01,Região de Saúde do Centro,Hospital Dr. Francisco Zagalo,"40.8571967, -8.6318023",24,25,96.0
2021-01,Região de Saúde LVT,Centro Hospitalar Psiquiátrico de Lisboa,"38.7569771, -9.1460705",0,0,
2021-01,Região de Saúde LVT,"Hospital de Cascais, PPP","38.729006, -9.418267",244,264,92.4
2021-01,Região de Saúde LVT,"Hospital de Vila Franca de Xira, PPP","38.977235, -8.984506",650,664,97.9
2021-01,Região de Saúde LVT,"Hospital Garcia de Orta, EPE","38.6658713, -9.1822554",184,188,97.9
2021-01,Região de Saúde Norte,"Centro Hospitalar Póvoa de Varzim/Vila do Conde, EPE","41.3828711, -8.7589945",77,96,80.2
2021-01,Região de Saúde Norte,"Centro Hospitalar Vila Nova de Gaia/Espinho, EPE","41.1094138, -8.5972617",649,687,94.5
2021-01,Região de Saúde Norte,"Hospital da Senhora da Oliveira, Guimarães, EPE","41.4387173, -8.3086907",330,343,96.2
2021-02,Região de Saúde do Alentejo,"Hospital Espírito Santo de Évora, EPE","38.5684861, -7.9032848",278,304,91.4
2021-02,Região de Saúde do Alentejo,"Unidade Local de Saúde do Norte Alentejano, EPE","39.3003425, -7.4263845",260,272,95.6
2021-02,Região de Saúde do Algarve,"Centro Hospitalar Universitário do Algarve, EPE","37.0238973, -7.9281554",158,201,78.6
2021-02,Região de Saúde do Centro,"Hospital Distrital da Figueira da Foz, EPE","40.117897, -8.8586755",241,244,98.8
2021-02,Região de Saúde LVT,Centro Hospitalar do Oeste,"39.4054629, -9.1258493",89,96,92.7
2021-02,Região de Saúde LVT,"Centro Hospitalar Médio Tejo, EPE","39.478072, -8.5404429",88,99,88.9
2021-02,Região de Saúde LVT,"Hospital de Cascais, PPP","38.729006, -9.418267",473,507,93.3
2021-02,Região de Saúde LVT,"Instituto Português Oncologia de Lisboa, EPE","38.7396768, -9.1634516",27,137,19.7
2021-02,Região de Saúde Norte,"Hospital de Magalhães Lemos, EPE","41.1764649, -8.6649823",0,0,
2021-03,Região de Saúde do Algarve,"Centro Hospitalar Universitário do Algarve, EPE","37.0238973, -7.9281554",389,478,81.4
2021-03,Região de Saúde do Centro,Hospital Dr. Francisco Zagalo,"40.8571967, -8.6318023",121,127,95.3
2021-03,Região de Saúde do Centro,"Unidade Local de Saúde da Guarda, EPE","40.5309916, -7.2734793",55,57,96.5
2021-03,Região de Saúde do Centro,"Unidade Local de Saúde de Castelo Branco, EPE","39.8212263, -7.4981271",66,106,62.3
2021-03,Região de Saúde LVT,"Centro Hospitalar de Setúbal, EPE","38.5283754, -8.8818638",227,260,87.3
2021-03,Região de Saúde LVT,Centro Hospitalar do Oeste,"39.4054629, -9.1258493",247,270,91.5
2021-03,Região de Saúde LVT,"Centro Hospitalar Universitário de Lisboa Norte, EPE","38.7500861, -9.1616116",949,1074,88.4
2021-03,Região de Saúde LVT,"Instituto Português Oncologia de Lisboa, EPE","38.7396768, -9.1634516",41,229,17.9
2021-03,Região de Saúde Norte,"Centro Hospitalar Universitário do Porto, EPE","41.1472498, -8.6172617",2367,2714,87.2
2021-03,Região de Saúde Norte,"Instituto Português Oncologia do Porto, EPE","41.1785642, -8.6062881",121,334,36.2
2021-04,Região de Saúde do Algarve,"Centro Hospitalar Universitário do Algarve, EPE","37.0238973, -7.9281554",601,755,79.6
2021-04,Região de Saúde do Centro,"Hospital Distrital da Figueira da Foz, EPE","40.117897, -8.8586755",981,1022,96.0
2021-04,Região de Saúde do Centro,"Unidade Local de Saúde da Guarda, EPE","40.5309916, -7.2734793",77,79,97.5
2021-04,Região de Saúde LVT,"Centro Hospitalar Universitário Lisboa Central, EPE","38.7166948, -9.1371248",2057,2352,87.5
2021-04,Região de Saúde LVT,Instituto Gama Pinto,"38.7218793, -9.144249",1315,1315,100.0
2021-04,Região de Saúde Norte,"Centro Hospitalar Tâmega e Sousa, EPE","41.2494561, -8.264901",2363,2599,90.9
2021-04,Região de Saúde Norte,"Centro Hospitalar Trás-os-Montes e Alto Douro, EPE","41.3031784, -7.7515252",1759,1999,88.0
2021-04,Região de Saúde Norte,"Unidade Local de Saúde de Matosinhos, EPE","41.1794456, -8.6745115",1037,1187,87.4
2021-05,Região de Saúde do Centro,"Centro Hospitalar Tondela-Viseu, EPE","40.516364, -8.0827433",1792,1924,93.1
2021-05,Região de Saúde LVT,"Centro Hospitalar Barreiro/Montijo, EPE","38.6554005, -9.0592392",767,887,86.5
2021-05,Região de Saúde LVT,Centro Hospitalar Psiquiátrico de Lisboa,"38.7569771, -9.1460705",0,0,
2021-05,Região de Saúde LVT,"Hospital de Vila Franca de Xira, PPP","38.977235, -8.984506",3228,3536,91.3
2021-05,Região de Saúde Norte,"Centro Hospitalar Tâmega e Sousa, EPE","41.2494561, -8.264901",2924,3272,89.4
2021-05,Região de Saúde Norte,"Hospital da Senhora da Oliveira, Guimarães, EPE","41.4387173, -8.3086907",1665,1872,88.9
2021-05,Região de Saúde Norte,"Instituto Português Oncologia do Porto, EPE","41.1785642, -8.6062881",212,586,36.2
2021-05,Região de Saúde Norte,"Unidade Local de Saúde do Alto Minho, EPE","41.7056054, -8.8252713",1397,1599,87.4
2021-06,Região de Saúde do Alentejo,"Hospital Espírito Santo de Évora, EPE","38.5684861, -7.9032848",1349,1554,86.8
2021-06,Região de Saúde do Alentejo,"Unidade Local de Saúde do Litoral Alentejano, EPE","38.0162314, -8.6956768",811,869,93.3
2021-06,Região de Saúde do Centro,"Centro Hospitalar Universitário Cova da Beira, EPE","40.2804158, -7.4922407",816,964,84.6
2021-06,Região de Saúde do Centro,"Centro Hospitalar e Universitário de Coimbra, EPE","40.2191523, -8.4098211",3657,4459,82.0
2021-06,Região de Saúde do Centro,"Centro Hospitalar Tondela-Viseu, EPE","40.516364, -8.0827433",2374,2537,93.6
2021-06,Região de Saúde do Centro,Centro Medicina de Reabilitação da Região Centro Rovisco Pais,"40.297919, -8.7707806",0,0,
2021-06,Região de Saúde LVT,"Centro Hospitalar Barreiro/Montijo, EPE","38.6554005, -9.0592392",885,1053,84.0
2021-06,Região de Saúde LVT,"Centro Hospitalar Universitário Lisboa Central, EPE","38.7166948, -9.1371248",3160,3650,86.6
2021-06,Região de Saúde LVT,"Centro Hospitalar Universitário de Lisboa Norte, EPE","38.7500861, -9.1616116",2707,3025,89.5
2021-06,Região de Saúde LVT,"Centro Hospitalar Médio Tejo, EPE","39.478072, -8.5404429",1080,1325,81.5
2021-06,Região de Saúde LVT,"Hospital de Loures, PPP","38.821455, -9.176296",1421,1629,87.2
2021-06,Região de Saúde LVT,"Hospital Professor Doutor Fernando Fonseca, EPE","38.7422257, -9.2264834",1264,1563,80.9
2021-06,Região de Saúde Norte,"Centro Hospitalar Entre Douro e Vouga, EPE","40.9293884, -8.5458794",3426,3807,90.0
2021-06,Região de Saúde Norte,"Centro Hospitalar Trás-os-Montes e Alto Douro, EPE","41.3031784, -7.7515252",2840,3270,86.9
2021-06,Região de Saúde Norte,"Hospital da Senhora da Oliveira, Guimarães, EPE","41.4387173, -8.3086907",1908,2146,88.9
2021-06,Região de Saúde Norte,"Instituto Português Oncologia do Porto, EPE","41.1785642, -8.6062881",236,698,33.8
2021-07,Região de Saúde do Alentejo,"Unidade Local de Saúde do Baixo Alentejo, EPE","38.014123, -7.8721227",629,812,77.5
2021-07,Região de Saúde do Alentejo,"Unidade Local de Saúde do Norte Alentejano, EPE","39.3003425, -7.4263845",971,1106,87.8
2021-07,Região de Saúde do Centro,"Centro Hospitalar e Universitário de Coimbra, EPE","40.2191523, -8.4098211",4364,5303,82.3
2021-07,Região de Saúde LVT,"Centro Hospitalar Universitário de Lisboa Norte, EPE","38.7500861, -9.1616116",3212,3607,89.0
2021-07,Região de Saúde Norte,"Centro Hospitalar Universitário de São João, EPE","41.1831056, -8.6010558",5257,6795,77.4
2021-07,Região de Saúde Norte,"Hospital de Magalhães Lemos, EPE","41.1764649, -8.6649823",0,0,
2021-08,Região de Saúde do Alentejo,"Hospital Espírito Santo de Évora, EPE","38.5684861, -7.9032848",1638,1904,86.0
2021-08,Região de Saúde do Algarve,"Centro Hospitalar Universitário do Algarve, EPE","37.0238973, -7.9281554",1931,2453,78.7
2021-08,Região de Saúde do Centro,Centro Medicina de Reabilitação da Região Centro Rovisco Pais,"40.297919, -8.7707806",0,0,
2021-08,Região de Saúde do Centro,Hospital Arcebispo João Crisóstomo,"40.3470015, -8.5933462",338,338,100.0
2021-08,Região de Saúde do Centro,"Unidade Local de Saúde de Castelo Branco, EPE","39.8212263, -7.4981271",386,597,64.7
2021-08,Região de Saúde LVT,"Centro Hospitalar Universitário Lisboa Central, EPE","38.7166948, -9.1371248",4097,4730,86.6
2021-08,Região de Saúde LVT,"Centro Hospitalar de Lisboa Ocidental, EPE","38.708454, -9.216985",1709,2066,82.7
2021-08,Região de Saúde LVT,"Centro Hospitalar de Setúbal, EPE","38.5283754, -8.8818638",2002,2148,93.2
2021-08,Região de Saúde LVT,"Hospital de Cascais, PPP","38.729006, -9.418267",2548,2775,91.8
2021-08,Região de Saúde LVT,"Hospital de Loures, PPP","38.821455, -9.176296",1999,2287,87.4
2021-08,Região de Saúde LVT,"Hospital Distrital de Santarém, EPE","39.2410946, -8.6937515",1579,1819,86.8
2021-08,Região de Saúde LVT,"Instituto Português Oncologia de Lisboa, EPE","38.7396768, -9.1634516",110,602,18.3
2021-08,Região de Saúde Norte,"Centro Hospitalar Universitário de São João, EPE","41.1831056, -8.6010558",5470,7128,76.7
2021-08,Região de Saúde Norte,"Centro Hospitalar Tâmega e Sousa, EPE","41.2494561, -8.264901",4190,4732,88.5
2021-08,Região de Saúde Norte,"Hospital de Magalhães Lemos, EPE","41.1764649, -8.6649823",0,0,
2021-08,Região de Saúde Norte,"Instituto Português Oncologia do Porto, EPE","41.1785642, -8.6062881",319,897,35.6
2021-09,Região de Saúde do Centro,"Centro Hospitalar de Leiria, EPE","39.7414812, -8.7982706",4965,5397,92.0
2021-09,Região de Saúde do Centro,Hospital Arcebispo João Crisóstomo,"40.3470015, -8.5933462",380,380,100.0
2021-09,Região de Saúde do Centro,"Hospital Distrital da Figueira da Foz, EPE","40.117897, -8.8586755",2482,2659,93.3
2021-09,Região de Saúde LVT,"Centro Hospitalar Universitário de Lisboa Norte, EPE","38.7500861, -9.1616116",4151,4669,88.9
2021-09,Região de Saúde LVT,"Hospital Distrital de Santarém, EPE","39.2410946, -8.6937515",1688,1949,86.6
2021-09,Região de Saúde LVT,"Hospital Professor Doutor Fernando Fonseca, EPE","38.7422257, -9.2264834",2296,2767,83.0
2021-09,Região de Saúde LVT,"Hospital Garcia de Orta, EPE","38.6658713, -9.1822554",2569,2868,89.6
2021-09,Região de Saúde Norte,"Unidade Local de Saúde de Matosinhos, EPE","41.1794456, -8.6745115",2498,2866,87.2
2021-10,Região de Saúde do Centro,"Centro Hospitalar de Leiria, EPE","39.7414812, -8.7982706",5608,6089,92.1
2021-10,Região de Saúde do Centro,Hospital Dr. Francisco Zagalo,"40.8571967, -8.6318023",681,697,97.7
2021-10,Região de Saúde do Centro,"Instituto Português Oncologia de Coimbra, EPE","40.2162514, -8.4103814",52,433,12.0
2021-10,Região de Saúde LVT,"Centro Hospitalar de Lisboa Ocidental, EPE","38.708454, -9.216985",2273,2733,83.2
2021-10,Região de Saúde LVT,Centro Hospitalar Psiquiátrico de Lisboa,"38.7569771, -9.1460705",0,0,
2021-10,Região de Saúde LVT,"Hospital de Vila Franca de Xira, EPE","38.977235, -8.984506",5946,6598,90.1
2021-10,Região de Saúde LVT,"Hospital Garcia de Orta, EPE","38.6658713, -9.1822554",2841,3183,89.3
2021-10,Região de Saúde Norte,"Centro Hospitalar Universitário de São João, EPE","41.1831056, -8.6010558",6794,8840,76.9
2021-10,Região de Saúde Norte,"Centro Hospitalar Entre Douro e Vouga, EPE","40.9293884, -8.5458794",4949,5633,87.9
2021-10,Região de Saúde Norte,"Centro Hospitalar Trás-os-Montes e Alto Douro, EPE","41.3031784, -7.7515252",4718,5415,87.1
2021-10,Região de Saúde Norte,"Unidade Local de Saúde do Alto Minho, EPE","41.7056054, -8.8252713",3042,3515,86.5
2021-11,Região de Saúde do Alentejo,"Hospital Espírito Santo de Évora, EPE","38.5684861, -7.9032848",2411,2817,85.6
2021-11,Região de Saúde do Centro,"Centro Hospitalar Universitário Cova da Beira, EPE","40.2804158, -7.4922407",1646,1943,84.7
2021-11,Região de Saúde do Centro,"Centro Hospitalar de Leiria, EPE","39.7414812, -8.7982706",6268,6774,92.5
2021-11,Região de Saúde do Centro,"Centro Hospitalar do Baixo Vouga, EPE","40.6362453, -8.6543716",3599,4268,84.3
2021-11,Região de Saúde do Centro,"Hospital Distrital da Figueira da Foz, EPE","40.117897, -8.8586755",3004,3223,93.2
2021-11,Região de Saúde LVT,"Centro Hospitalar Barreiro/Montijo, EPE","38.6554005, -9.0592392",1467,1850,79.3
2021-11,Região de Saúde LVT,Centro Hospitalar do Oeste,"39.4054629, -9.1258493",1627,1860,87.5
2021-11,Região de Saúde LVT,"Centro Hospitalar Médio Tejo, EPE","39.478072, -8.5404429",2362,2812,84.0
2021-11,Região de Saúde Norte,"Centro Hospitalar Entre Douro e Vouga, EPE","40.9293884, -8.5458794",5418,6182,87.6
2021-11,Região de Saúde Norte,"Instituto Português Oncologia do Porto, EPE","41.1785642, -8.6062881",461,1231,37.4
2021-12,Região de Saúde do Alentejo,"Hospital Espírito Santo de Évora, EPE","38.5684861, -7.9032848",2593,3062,84.7
2021-12,Região de Saúde do Algarve,"Centro Hospitalar Universitário do Algarve, EPE","37.0238973, -7.9281554",2980,3729,79.9
2021-12,Região de Saúde do Centro,"Centro Hospitalar Tondela-Viseu, EPE","40.516364, -8.0827433",4952,5275,93.9
2021-12,Região de Saúde do Centro,"Hospital Distrital da Figueira da Foz, EPE","40.117897, -8.8586755",3182,3410,93.3
2021-12,Região de Saúde do Centro,Hospital Dr. Francisco Zagalo,"40.8571967, -8.6318023",845,861,98.1
2021-12,Região de Saúde do Centro,"Unidade Local de Saúde da Guarda, EPE","40.5309916, -7.2734793",350,380,92.1
2021-12,Região de Saúde LVT,"Centro Hospitalar Barreiro/Montijo, EPE","38.6554005, -9.0592392",1587,1995,79.5
2021-12,Região de Saúde LVT,"Centro Hospitalar Universitário de Lisboa Norte, EPE","38.7500861, -9.1616116",5739,6441,89.1
2021-12,Região de Saúde LVT,Centro Hospitalar Psiquiátrico de Lisboa,"38.7569771, -9.1460705",0,0,
2021-12,Região de Saúde LVT,"Hospital Garcia de Orta, EPE","38.6658713, -9.1822554",3409,3820,89.2
2021-12,Região de Saúde LVT,"Instituto Português Oncologia de Lisboa, EPE","38.7396768, -9.1634516",189,895,21.1
2021-12,Região de Saúde Norte,"Centro Hospitalar do Médio Ave, EPE","41.3423984, -8.4802503",2792,3276,85.2
2021-12,Região de Saúde Norte,"Centro Hospitalar Universitário do Porto, EPE","41.1472498, -8.6172617",8973,10409,86.2
2021-12,Região de Saúde Norte,"Centro Hospitalar Entre Douro e Vouga, EPE","40.9293884, -8.5458794",5776,6620,87.3
2021-12,Região de Saúde Norte,"Unidade Local de Saúde de Matosinhos, EPE","41.1794456, -8.6745115",3634,4137,87.8
2021-12,Região de Saúde Norte,"Unidade Local de Saúde do Alto Minho, EPE","41.7056054, -8.8252713",3805,4395,86.6
2022-01,Região de Saúde do Alentejo,"Unidade Local de Saúde do Litoral Alentejano, EPE","38.0162314, -8.6956768",123,138,89.1
2022-01,Região de Saúde do Centro,"Centro Hospitalar Universitário Cova da Beira, EPE","40.2804158, -7.4922407",162,177,91.5
2022-01,Região de Saúde do Centro,"Centro Hospitalar Tondela-Viseu, EPE","40.516364, -8.0827433",376,401,93.8
2022-01,Região de Saúde do Centro,Hospital Dr. Francisco Zagalo,"40.8571967, -8.6318023",66,69,95.7
2022-01,Região de Saúde do Centro,"Instituto Português Oncologia de Coimbra, EPE","40.2162514, -8.4103814",18,53,34.0
2022-01,Região de Saúde LVT,"Centro Hospitalar Universitário Lisboa Central, EPE","38.7166948, -9.1371248",432,479,90.2
2022-01,Região de Saúde LVT,"Centro Hospitalar de Lisboa Ocidental, EPE","38.708454, -9.216985",141,206,68.4
2022-01,Região de Saúde LVT,Centro Hospitalar Psiquiátrico de Lisboa,"38.7569771, -9.1460705",0,0,
2022-01,Região de Saúde LVT,"Hospital Distrital de Santarém, EPE","39.2410946, -8.6937515",189,212,89.2
2022-01,Região de Saúde LVT,"Hospital Garcia de Orta, EPE","38.6658713, -9.1822554",265,301,88.0
2022-01,Região de Saúde Norte,"Centro Hospitalar Vila Nova de Gaia/Espinho, EPE","41.1094138, -8.5972617",611,717,85.2
2022-01,Região de Saúde Norte,"Hospital Santa Maria Maior, EPE","41.5324234, -8.6171561",235,241,97.5
2022-02,Região de Saúde do Algarve,"Centro Hospitalar Universitário do Algarve, EPE","37.0238973, -7.9281554",500,649,77.0
2022-02,Região de Saúde do Centro,"Centro Hospitalar do Baixo Vouga, EPE","40.6362453, -8.6543716",944,1026,92.0
2022-02,Região de Saúde do Centro,Centro Medicina de Reabilitação da Região Centro Rovisco Pais,"40.297919, -8.7707806",0,0,
2022-02,Região de Saúde do Centro,Hospital Dr. Francisco Zagalo,"40.8571967, -8.6318023",134,138,97.1
2022-02,Região de Saúde do Centro,"Instituto Português Oncologia de Coimbra, EPE","40.2162514, -8.4103814",35,107,32.7
2022-02,Região de Saúde do Centro,"Unidade Local de Saúde da Guarda, EPE","40.5309916, -7.2734793",132,143,92.3
2022-03,Região de Saúde do Alentejo,"Unidade Local de Saúde do Baixo Alentejo, EPE","38.014123, -7.8721227",217,276,78.6
2022-03,Região de Saúde do Centro,"Centro Hospitalar Tondela-Viseu, EPE","40.516364, -8.0827433",1362,1439,94.6
2022-03,Região de Saúde LVT,"Hospital de Loures, EPE","38.821455, -9.176296",1490,1622,91.9
2022-03,Região de Saúde LVT,"Hospital de Vila Franca de Xira, EPE","38.977235, -8.984506",685,777,88.2
2022-03,Região de Saúde Norte,"Unidade Local de Saúde do Nordeste, EPE","41.8056532, -6.7888197",771,882,87.4
2022-04,Região de Saúde LVT,"Centro Hospitalar Barreiro/Montijo, EPE","38.6554005, -9.0592392",582,735,79.2
2022-04,Região de Saúde LVT,Centro Hospitalar do Oeste,"39.4054629, -9.1258493",844,975,86.6
2022-04,Região de Saúde LVT,"Hospital Distrital de Santarém, EPE","39.2410946, -8.6937515",751,898,83.6
2022-04,Região de Saúde LVT,"Instituto Português Oncologia de Lisboa, EPE","38.7396768, -9.1634516",71,327,21.7
2022-04,Região de Saúde Norte,"Centro Hospitalar do Médio Ave, EPE","41.3423984, -8.4802503",749,912,82.1
2022-05,Região de Saúde do Centro,Hospital Arcebispo João Crisóstomo,"40.3470015, -8.5933462",115,115,100.0
2022-05,Região de Saúde LVT,"Centro Hospitalar Barreiro/Montijo, EPE","38.6554005, -9.0592392",727,913,79.6
2022-05,Região de Saúde LVT,"Centro Hospitalar Universitário Lisboa Central, EPE","38.7166948, -9.1371248",2824,3172,89.0
2022-05,Região de Saúde LVT,"Centro Hospitalar de Setúbal, EPE","38.5283754, -8.8818638",1453,1557,93.3
2022-05,Região de Saúde LVT,Centro Hospitalar do Oeste,"39.4054629, -9.1258493",1077,1243,86.6
2022-05,Região de Saúde LVT,"Hospital de Vila Franca de Xira, EPE","38.977235, -8.984506",1038,1201,86.4
2022-05,Região de Saúde LVT,"Instituto Português Oncologia de Lisboa, EPE","38.7396768, -9.1634516",87,415,21.0
2022-05,Região de Saúde Norte,"Centro Hospitalar do Médio Ave, EPE","41.3423984, -8.4802503",1014,1226,82.7
2022-05,Região de Saúde Norte,"Centro Hospitalar Trás-os-Montes e Alto Douro, EPE","41.3031784, -7.7515252",2264,2580,87.8
2022-06,Região de Saúde do Algarve,"Centro Hospitalar Universitário do Algarve, EPE","37.0238973, -7.9281554",1963,2405,81.6
2022-06,Região de Saúde do Centro,"Centro Hospitalar e Universitário de Coimbra, EPE","40.2191523, -8.4098211",4978,5917,84.1
2022-06,Região de Saúde do Centro,"Centro Hospitalar Tondela-Viseu, EPE","40.516364, -8.0827433",2600,2769,93.9
2022-06,Região de Saúde do Centro,Centro Medicina de Reabilitação da Região Centro Rovisco Pais,"40.297919, -8.7707806",0,0,
2022-06,Região de Saúde do Centro,Hospital Dr. Francisco Zagalo,"40.8571967, -8.6318023",446,454,98.2
2022-06,Região de Saúde do Centro,"Instituto Português Oncologia de Coimbra, EPE","40.2162514, -8.4103814",93,317,29.3
2022-06,Região de Saúde LVT,Centro Hospitalar do Oeste,"39.4054629, -9.1258493",1242,1441,86.2
2022-06,Região de Saúde LVT,"Hospital de Vila Franca de Xira, EPE","38.977235, -8.984506",1198,1393,86.0
2022-06,Região de Saúde LVT,"Instituto Português Oncologia de Lisboa, EPE","38.7396768, -9.1634516",117,517,22.6
2022-06,Região de Saúde Norte,"Centro Hospitalar Universitário do Porto, EPE","41.1472498, -8.6172617",5260,5982,87.9
2022-06,Região de Saúde Norte,"Centro Hospitalar Trás-os-Montes e Alto Douro, EPE","41.3031784, -7.7515252",2607,2988,87.2
2022-06,Região de Saúde Norte,"Hospital da Senhora da Oliveira, Guimarães, EPE","41.4387173, -8.3086907",1640,1908,86.0
2022-06,Região de Saúde Norte,"Hospital de Magalhães Lemos, EPE","41.1764649, -8.6649823",0,0,
2022-07,Região de Saúde do Alentejo,"Hospital Espírito Santo de Évora, EPE","38.5684861, -7.9032848",1717,2096,81.9
2022-07,Região de Saúde do Algarve,"Centro Hospitalar Universitário do Algarve, EPE","37.0238973, -7.9281554",2387,2882,82.8
2022-07,Região de Saúde do Centro,"Instituto Português Oncologia de Coimbra, EPE","40.2162514, -8.4103814",103,361,28.5
2022-07,Região de Saúde LVT,"Centro Hospitalar de Lisboa Ocidental, EPE","38.708454, -9.216985",1987,2453,81.0
2022-07,Região de Saúde LVT,"Centro Hospitalar de Setúbal, EPE","38.5283754, -8.8818638",2191,2333,93.9
2022-07,Região de Saúde LVT,"Centro Hospitalar Universitário de Lisboa Norte, EPE","38.7500861, -9.1616116",3903,4361,89.5
2022-07,Região de Saúde LVT,"Hospital Professor Doutor Fernando Fonseca, EPE","38.7422257, -9.2264834",2828,3125,90.5
2022-07,Região de Saúde Norte,"Centro Hospitalar Vila Nova de Gaia/Espinho, EPE","41.1094138, -8.5972617",4622,5468,84.5
2022-07,Região de Saúde Norte,"Hospital de Braga, EPE","41.56785, -8.398982",6680,7189,92.9
2022-07,Região de Saúde Norte,"Instituto Português Oncologia do Porto, EPE","41.1785642, -8.6062881",377,1029,36.6
2022-07,Região de Saúde Norte,"Unidade Local de Saúde do Alto Minho, EPE","41.7056054, -8.8252713",2773,3181,87.2
2022-08,Região de Saúde do Centro,"Hospital Distrital da Figueira da Foz, EPE","40.117897, -8.8586755",2071,2230,92.9
2022-08,Região de Saúde do Centro,Hospital Dr. Francisco Zagalo,"40.8571967, -8.6318023",549,557,98.6
2022-08,Região de Saúde LVT,"Centro Hospitalar Universitário de Lisboa Norte, EPE","38.7500861, -9.1616116",4354,4866,89.5
2022-08,Região de Saúde LVT,"Hospital de Vila Franca de Xira, EPE","38.977235, -8.984506",1602,1849,86.6
2022-08,Região de Saúde LVT,"Hospital Distrital de Santarém, EPE","39.2410946, -8.6937515",1392,1650,84.4
2022-08,Região de Saúde LVT,"Hospital Professor Doutor Fernando Fonseca, EPE","38.7422257, -9.2264834",3257,3599,90.5
2022-08,Região de Saúde Norte,"Centro Hospitalar Universitário de São João, EPE","41.1831056, -8.6010558",5514,7040,78.3
2022-08,Região de Saúde Norte,"Centro Hospitalar do Médio Ave, EPE","41.3423984, -8.4802503",1516,1856,81.7
2022-08,Região de Saúde Norte,"Centro Hospitalar Universitário do Porto, EPE","41.1472498, -8.6172617",6327,7193,88.0
2022-08,Região de Saúde Norte,"Centro Hospitalar Entre Douro e Vouga, EPE","40.9293884, -8.5458794",4455,4946,90.1
2022-08,Região de Saúde Norte,"Centro Hospitalar Tâmega e Sousa, EPE","41.2494561, -8.264901",4295,4821,89.1
2022-08,Região de Saúde Norte,"Hospital Santa Maria Maior, EPE","41.5324234, -8.6171561",1771,1830,96.8
2022-08,Região de Saúde Norte,"Instituto Português Oncologia do Porto, EPE","41.1785642, -8.6062881",433,1130,38.3
2022-09,Região de Saúde do Alentejo,"Unidade Local de Saúde do Baixo Alentejo, EPE","38.014123, -7.8721227",830,1017,81.6
2022-09,Região de Saúde do Alentejo,"Unidade Local de Saúde do Norte Alentejano, EPE","39.3003425, -7.4263845",1094,1209,90.5
2022-09,Região de Saúde do Centro,"Centro Hospitalar do Baixo Vouga, EPE","40.6362453, -8.6543716",4080,4652,87.7
2022-09,Região de Saúde LVT,"Centro Hospitalar Barreiro/Montijo, EPE","38.6554005, -9.0592392",1201,1520,79.0
2022-09,Região de Saúde LVT,"Centro Hospitalar de Lisboa Ocidental, EPE","38.708454, -9.216985",2506,3102,80.8
2022-09,Região de Saúde LVT,"Hospital Professor Doutor Fernando Fonseca, EPE","38.7422257, -9.2264834",3664,4069,90.0
2022-09,Região de Saúde LVT,"Hospital Garcia de Orta, EPE","38.6658713, -9.1822554",2837,3168,89.6
2022-09,Região de Saúde LVT,Instituto Gama Pinto,"38.7218793, -9.144249",2438,2438,100.0
2022-09,Região de Saúde Norte,"Instituto Português Oncologia do Porto, EPE","41.1785642, -8.6062881",487,1268,38.4
2022-09,Região de Saúde Norte,"Unidade Local de Saúde do Alto Minho, EPE","41.7056054, -8.8252713",3189,3696,86.3
2022-10,Região de Saúde do Alentejo,"Unidade Local de Saúde do Baixo Alentejo, EPE","38.014123, -7.8721227",944,1159,81.4
2022-10,Região de Saúde do Centro,"Unidade Local de Saúde da Guarda, EPE","40.5309916, -7.2734793",498,553,90.1
2022-10,Região de Saúde LVT,"Centro Hospitalar de Lisboa Ocidental, EPE","38.708454, -9.216985",2848,3507,81.2
2022-10,Região de Saúde LVT,Instituto Gama Pinto,"38.7218793, -9.144249",2753,2753,100.0
2022-10,Região de Saúde Norte,"Centro Hospitalar Entre Douro e Vouga, EPE","40.9293884, -8.5458794",5505,6130,89.8
2022-10,Região de Saúde Norte,"Hospital da Senhora da Oliveira, Guimarães, EPE","41.4387173, -8.3086907",2963,3394,87.3
2022-10,Região de Saúde Norte,"Instituto Português Oncologia do Porto, EPE","41.1785642, -8.6062881",567,1416,40.0
2022-10,Região de Saúde Norte,"Unidade Local de Saúde do Alto Minho, EPE","41.7056054, -8.8252713",3604,4185,86.1
2022-11,Região de Saúde do Alentejo,"Hospital Espírito Santo de Évora, EPE","38.5684861, -7.9032848",2617,3145,83.2
2022-11,Região de Saúde do Alentejo,"Unidade Local de Saúde do Litoral Alentejano, EPE","38.0162314, -8.6956768",1470,1602,91.8
2022-11,Região de Saúde do Centro,"Centro Hospitalar de Leiria, EPE","39.7414812, -8.7982706",6306,6764,93.2
2022-11,Região de Saúde do Centro,"Centro Hospitalar e Universitário de Coimbra, EPE","40.2191523, -8.4098211",8599,10188,84.4
2022-11,Região de Saúde do Centro,"Unidade Local de Saúde da Guarda, EPE","40.5309916, -7.2734793",549,612,89.7
2022-11,Região de Saúde LVT,"Hospital de Loures, EPE","38.821455, -9.176296",3690,4122,89.5
2022-12,Região de Saúde do Alentejo,"Unidade Local de Saúde do Litoral Alentejano, EPE","38.0162314, -8.6956768",1525,1666,91.5
2022-12,Região de Saúde do Algarve,"Centro Hospitalar Universitário do Algarve, EPE","37.0238973, -7.9281554",3930,4693,83.7
2022-12,Região de Saúde do Centro,"Centro Hospitalar Universitário Cova da Beira, EPE","40.2804158, -7.4922407",1706,1966,86.8
2022-12,Região de Saúde do Centro,"Centro Hospitalar de Leiria, EPE","39.7414812, -8.7982706",6778,7264,93.3
2022-12,Região de Saúde do Centro,Hospital Dr. Francisco Zagalo,"40.8571967, -8.6318023",730,741,98.5
2022-12,Região de Saúde Norte,"Centro Hospitalar Universitário de São João, EPE","41.1831056, -8.6010558",8342,10711,77.9
2022-12,Região de Saúde Norte,"Centro Hospitalar Póvoa de Varzim/Vila do Conde, EPE","41.3828711, -8.7589945",1045,1488,70.2
2022-12,Região de Saúde Norte,"Hospital da Senhora da Oliveira, Guimarães, EPE","41.4387173, -8.3086907",3630,4165,87.2
2022-12,Região de Saúde Norte,"Unidade Local de Saúde do Nordeste, EPE","41.8056532, -6.7888197",2985,3429,87.1
2023-01,Região de Saúde do Centro,"Centro Hospitalar do Baixo Vouga, EPE","40.6362453, -8.6543716",420,478,87.9
2023-01,Região de Saúde do Centro,Centro Medicina de Reabilitação da Região Centro Rovisco Pais,"40.297919, -8.7707806",0,0,
2023-01,Região de Saúde do Centro,Hospital Arcebispo João Crisóstomo,"40.3470015, -8.5933462",47,47,100.0
2023-01,Região de Saúde do Centro,"Hospital Distrital da Figueira da Foz, EPE","40.117897, -8.8586755",138,154,89.6
2023-01,Região de Saúde LVT,"Centro Hospitalar de Setúbal, EPE","38.5283754, -8.8818638",424,458,92.6
2023-01,Região de Saúde LVT,"Hospital de Loures, EPE","38.821455, -9.176296",178,205,86.8
2023-01,Região de Saúde LVT,"Hospital de Vila Franca de Xira, EPE","38.977235, -8.984506",238,272,87.5
2023-01,Região de Saúde LVT,"Instituto Português Oncologia de Lisboa, EPE","38.7396768, -9.1634516",43,120,35.8
2023-01,Região de Saúde Norte,"Unidade Local de Saúde de Matosinhos, EPE","41.1794456, -8.6745115",395,424,93.2
2023-02,Região de Saúde do Algarve,"Centro Hospitalar Universitário do Algarve, EPE","37.0238973, -7.9281554",656,787,83.4
2023-02,Região de Saúde do Centro,"Centro Hospitalar Tondela-Viseu, EPE","40.516364, -8.0827433",1059,1130,93.7
2023-02,Região de Saúde do Centro,Centro Medicina de Reabilitação da Região Centro Rovisco Pais,"40.297919, -8.7707806",0,0,
2023-02,Região de Saúde LVT,"Centro Hospitalar Universitário Lisboa Central, EPE","38.7166948, -9.1371248",814,950,85.7
2023-02,Região de Saúde LVT,Centro Hospitalar Psiquiátrico de Lisboa,"38.7569771, -9.1460705",0,0,
2023-02,Região de Saúde LVT,"Hospital Professor Doutor Fernando Fonseca, EPE","38.7422257, -9.2264834",813,920,88.4
2023-02,Região de Saúde Norte,"Centro Hospitalar Entre Douro e Vouga, EPE","40.9293884, -8.5458794",930,1082,86.0
2023-02,Região de Saúde Norte,"Centro Hospitalar Tâmega e Sousa, EPE","41.2494561, -8.264901",1210,1314,92.1
2023-02,Região de Saúde Norte,"Centro Hospitalar Universitário de Santo António, EPE","41.1472498, -8.6172617",1947,2164,90.0
2023-02,Região de Saúde Norte,"Hospital da Senhora da Oliveira, Guimarães, EPE","41.4387173, -8.3086907",623,752,82.8
2023-02,Região de Saúde Norte,"Hospital de Braga, EPE","41.56785, -8.398982",1356,1537,88.2
2023-02,Região de Saúde Norte,"Hospital Santa Maria Maior, EPE","41.5324234, -8.6171561",462,483,95.7
2023-02,Região de Saúde Norte,"Unidade Local de Saúde de Matosinhos, EPE","41.1794456, -8.6745115",743,819,90.7
2023-03,Região de Saúde do Centro,"Instituto Português Oncologia de Coimbra, EPE","40.2162514, -8.4103814",36,123,29.3
2023-03,Região de Saúde do Centro,"Unidade Local de Saúde da Guarda, EPE","40.5309916, -7.2734793",148,186,79.6
2023-03,Região de Saúde LVT,"Centro Hospitalar Barreiro/Montijo, EPE","38.6554005, -9.0592392",467,570,81.9
2023-03,Região de Saúde LVT,"Centro Hospitalar Universitário Lisboa Central, EPE","38.7166948, -9.1371248",1449,1649,87.9
2023-03,Região de Saúde LVT,"Hospital de Loures, EPE","38.821455, -9.176296",529,607,87.1
2023-03,Região de Saúde LVT,"Hospital Distrital de Santarém, EPE","39.2410946, -8.6937515",229,337,68.0
2023-03,Região de Saúde LVT,"Instituto Português Oncologia de Lisboa, EPE","38.7396768, -9.1634516",90,294,30.6
2023-03,Região de Saúde Norte,"Centro Hospitalar Vila Nova de Gaia/Espinho, EPE","41.1094138, -8.5972617",1844,2283,80.8
2023-03,Região de Saúde Norte,"Instituto Português Oncologia do Porto, EPE","41.1785642, -8.6062881",150,367,40.9
2023-04,Região de Saúde do Centro,"Centro Hospitalar do Baixo Vouga, EPE","40.6362453, -8.6543716",1751,2080,84.2
2023-04,Região de Saúde do Centro,Hospital Dr. Francisco Zagalo,"40.8571967, -8.6318023",234,239,97.9
2023-04,Região de Saúde LVT,"Centro Hospitalar Universitário Lisboa Central, EPE","38.7166948, -9.1371248",2059,2325,88.6
2023-04,Região de Saúde LVT,"Centro Hospitalar de Setúbal, EPE","38.5283754, -8.8818638",1466,1562,93.9
2023-04,Região de Saúde LVT,"Hospital Professor Doutor Fernando Fonseca, EPE","38.7422257, -9.2264834",1550,1783,86.9
2023-04,Região de Saúde Norte,"Centro Hospitalar Entre Douro e Vouga, EPE","40.9293884, -8.5458794",2140,2418,88.5
2023-04,Região de Saúde Norte,"Hospital da Senhora da Oliveira, Guimarães, EPE","41.4387173, -8.3086907",1263,1526,82.8
2023-05,Região de Saúde do Centro,Hospital Arcebispo João Crisóstomo,"40.3470015, -8.5933462",174,174,100.0
2023-05,Região de Saúde do Centro,"Unidade Local de Saúde da Guarda, EPE","40.5309916, -7.2734793",418,483,86.5
2023-05,Região de Saúde LVT,"Centro Hospitalar de Setúbal, EPE","38.5283754, -8.8818638",1781,1896,93.9
2023-05,Região de Saúde LVT,Centro Hospitalar do Oeste,"39.4054629, -9.1258493",1484,1662,89.3
2023-05,Região de Saúde LVT,"Centro Hospitalar Universitário de Lisboa Norte, EPE","38.7500861, -9.1616116",2947,3390,86.9
2023-05,Região de Saúde Norte,"Centro Hospitalar Tâmega e Sousa, EPE","41.2494561, -8.264901",3155,3536,89.2
2023-05,Região de Saúde Norte,"Centro Hospitalar Vila Nova de Gaia/Espinho, EPE","41.1094138, -8.5972617",3135,3824,82.0
2023-05,Região de Saúde Norte,"Instituto Português Oncologia do Porto, EPE","41.1785642, -8.6062881",226,587,38.5
2023-05,Região de Saúde Norte,"Unidade Local de Saúde de Matosinhos, EPE","41.1794456, -8.6745115",1965,2184,90.0
2023-06,Região de Saúde do Centro,"Centro Hospitalar e Universitário de Coimbra, EPE","40.2191523, -8.4098211",5805,6702,86.6
2023-06,Região de Saúde do Centro,"Unidade Local de Saúde da Guarda, EPE","40.5309916, -7.2734793",497,582,85.4
2023-06,Região de Saúde LVT,"Centro Hospitalar Universitário Lisboa Central, EPE","38.7166948, -9.1371248",2928,3299,88.8
2023-06,Região de Saúde LVT,Centro Hospitalar Psiquiátrico de Lisboa,"38.7569771, -9.1460705",0,0,
2023-06,Região de Saúde LVT,"Hospital Garcia de Orta, EPE","38.6658713, -9.1822554",2185,2460,88.8
2023-06,Região de Saúde LVT,Instituto Gama Pinto,"38.7218793, -9.144249",2032,2032,100.0
2023-06,Região de Saúde Norte,"Centro Hospitalar Entre Douro e Vouga, EPE","40.9293884, -8.5458794",3358,3785,88.7
2023-06,Região de Saúde Norte,"Hospital de Braga, EPE","41.56785, -8.398982",6085,6541,93.0
2023-06,Região de Saúde Norte,"Unidade Local de Saúde de Matosinhos, EPE","41.1794456, -8.6745115",2333,2586,90.2
2023-07,Região de Saúde do Alentejo,"Unidade Local de Saúde do Norte Alentejano, EPE","39.3003425, -7.4263845",967,1054,91.7
2023-07,Região de Saúde do Centro,"Centro Hospitalar Tondela-Viseu, EPE","40.516364, -8.0827433",3405,3693,92.2
2023-07,Região de Saúde do Centro,"Instituto Português Oncologia de Coimbra, EPE","40.2162514, -8.4103814",95,264,36.0
2023-07,Região de Saúde do Centro,"Unidade Local de Saúde de Castelo Branco, EPE","39.8212263, -7.4981271",593,856,69.3
2023-07,Região de Saúde LVT,Centro Hospitalar do Oeste,"39.4054629, -9.1258493",2092,2309,90.6
2023-07,Região de Saúde LVT,Centro Hospitalar Psiquiátrico de Lisboa,"38.7569771, -9.1460705",0,0,
2023-07,Região de Saúde LVT,"Hospital de Loures, EPE","38.821455, -9.176296",1653,1843,89.7
2023-07,Região de Saúde LVT,"Hospital Distrital de Santarém, EPE","39.2410946, -8.6937515",796,1053,75.6
2023-07,Região de Saúde LVT,"Hospital Garcia de Orta, EPE","38.6658713, -9.1822554",2555,2868,89.1
2023-07,Região de Saúde LVT,Instituto Gama Pinto,"38.7218793, -9.144249",2345,2345,100.0
2023-07,Região de Saúde LVT,"Instituto Português Oncologia de Lisboa, EPE","38.7396768, -9.1634516",223,662,33.7
2023-07,Região de Saúde Norte,"Centro Hospitalar Entre Douro e Vouga, EPE","40.9293884, -8.5458794",3851,4316,89.2
2023-07,Região de Saúde Norte,"Centro Hospitalar Trás-os-Montes e Alto Douro, EPE","41.3031784, -7.7515252",3660,4064,90.1
2023-07,Região de Saúde Norte,"Hospital Santa Maria Maior, EPE","41.5324234, -8.6171561",1755,1810,97.0
2023-07,Região de Saúde Norte,"Unidade Local de Saúde de Matosinhos, EPE","41.1794456, -8.6745115",2653,2922,90.8
2023-07,Região de Saúde Norte,"Unidade Local de Saúde do Alto Minho, EPE","41.7056054, -8.8252713",3359,3719,90.3
2023-08,Região de Saúde do Algarve,"Centro Hospitalar Universitário do Algarve, EPE","37.0238973, -7.9281554",2896,3389,85.5
2023-08,Região de Saúde do Centro,"Centro Hospitalar de Leiria, EPE","39.7414812, -8.7982706",5193,5456,95.2
2023-08,Região de Saúde do Centro,"Centro Hospitalar Tondela-Viseu, EPE","40.516364, -8.0827433",3703,4018,92.2
2023-08,Região de Saúde do Centro,"Unidade Local de Saúde da Guarda, EPE","40.5309916, -7.2734793",564,659,85.6
2023-08,Região de Saúde LVT,"Centro Hospitalar de Lisboa Ocidental, EPE","38.708454, -9.216985",2575,3083,83.5
2023-08,Região de Saúde LVT,Centro Hospitalar Psiquiátrico de Lisboa,"38.7569771, -9.1460705",0,0,
2023-08,Região de Saúde LVT,"Hospital de Loures, EPE","38.821455, -9.176296",1822,2039,89.4
2023-08,Região de Saúde LVT,"Hospital de Vila Franca de Xira, EPE","38.977235, -8.984506",1767,1993,88.7
2023-08,Região de Saúde LVT,"Hospital Garcia de Orta, EPE","38.6658713, -9.1822554",2953,3306,89.3
2023-08,Região de Saúde Norte,"Centro Hospitalar Entre Douro e Vouga, EPE","40.9293884, -8.5458794",4182,4701,89.0
2023-09,Região de Saúde do Centro,"Hospital Distrital da Figueira da Foz, EPE","40.117897, -8.8586755",2492,2606,95.6
2023-09,Região de Saúde LVT,Centro Hospitalar do Oeste,"39.4054629, -9.1258493",2723,3009,90.5
2023-09,Região de Saúde LVT,"Hospital de Cascais, PPP","38.729006, -9.418267",2423,2641,91.7
2023-09,Região de Saúde LVT,"Hospital Garcia de Orta, EPE","38.6658713, -9.1822554",3388,3785,89.5
2023-09,Região de Saúde Norte,"Centro Hospitalar Entre Douro e Vouga, EPE","40.9293884, -8.5458794",4729,5322,88.9
2023-09,Região de Saúde Norte,"Centro Hospitalar Trás-os-Montes e Alto Douro, EPE","41.3031784, -7.7515252",4489,4988,90.0
2023-09,Região de Saúde Norte,"Hospital Santa Maria Maior, EPE","41.5324234, -8.6171561",2178,2245,97.0
2023-09,Região de Saúde Norte,"Unidade Local de Saúde do Alto Minho, EPE","41.7056054, -8.8252713",3998,4418,90.5
2023-10,Região de Saúde do Alentejo,"Unidade Local de Saúde do Norte Alentejano, EPE","39.3003425, -7.4263845",1407,1527,92.1
2023-10,Região de Saúde do Centro,Hospital Arcebispo João Crisóstomo,"40.3470015, -8.5933462",310,310,100.0
2023-10,Região de Saúde LVT,"Centro Hospitalar de Lisboa Ocidental, EPE","38.708454, -9.216985",3275,3916,83.6
2023-10,Região de Saúde LVT,"Centro Hospitalar Universitário de Lisboa Norte, EPE","38.7500861, -9.1616116",5791,6576,88.1
2023-10,Região de Saúde LVT,"Hospital de Loures, EPE","38.821455, -9.176296",2313,2602,88.9
2023-10,Região de Saúde LVT,"Hospital de Vila Franca de Xira, EPE","38.977235, -8.984506",2346,2629,89.2
2023-10,Região de Saúde LVT,"Hospital Professor Doutor Fernando Fonseca, EPE","38.7422257, -9.2264834",4101,4636,88.5
2023-10,Região de Saúde Norte,"Centro Hospitalar Entre Douro e Vouga, EPE","40.9293884, -8.5458794",5350,6007,89.1
2023-10,Região de Saúde Norte,"Instituto Português Oncologia do Porto, EPE","41.1785642, -8.6062881",415,1086,38.2
2023-11,Região de Saúde do Alentejo,"Unidade Local de Saúde do Baixo Alentejo, EPE","38.014123, -7.8721227",1416,1791,79.1
2023-11,Região de Saúde do Alentejo,"Unidade Local de Saúde do Norte Alentejano, EPE","39.3003425, -7.4263845",1566,1702,92.0
2023-11,Região de Saúde do Centro,Hospital Dr. Francisco Zagalo,"40.8571967, -8.6318023",665,673,98.8
2023-11,Região de Saúde LVT,"Centro Hospitalar Universitário Lisboa Central, EPE","38.7166948, -9.1371248",5173,5768,89.7
2023-11,Região de Saúde LVT,Centro Hospitalar do Oeste,"39.4054629, -9.1258493",3344,3689,90.6
2023-11,Região de Saúde LVT,"Hospital Distrital de Santarém, EPE","39.2410946, -8.6937515",1518,1898,80.0
2023-11,Região de Saúde LVT,"Hospital Professor Doutor Fernando Fonseca, EPE","38.7422257, -9.2264834",4650,5249,88.6
2023-11,Região de Saúde Norte,"Centro Hospitalar Universitário de São João, EPE","41.1831056, -8.6010558",7416,9845,75.3
2023-11,Região de Saúde Norte,"Centro Hospitalar Entre Douro e Vouga, EPE","40.9293884, -8.5458794",5842,6564,89.0
2023-11,Região de Saúde Norte,"Centro Hospitalar Universitário de Santo António, EPE","41.1472498, -8.6172617",9022,10140,89.0
2023-12,Região de Saúde do Centro,"Centro Hospitalar de Leiria, EPE","39.7414812, -8.7982706",7607,8009,95.0
2023-12,Região de Saúde do Centro,"Centro Hospitalar do Baixo Vouga, EPE","40.6362453, -8.6543716",4968,5777,86.0
2023-12,Região de Saúde do Centro,"Centro Hospitalar Tondela-Viseu, EPE","40.516364, -8.0827433",5654,6118,92.4
2023-12,Região de Saúde do Centro,"Unidade Local de Saúde da Guarda, EPE","40.5309916, -7.2734793",764,901,84.8
2023-12,Região de Saúde do Centro,"Unidade Local de Saúde de Castelo Branco, EPE","39.8212263, -7.4981271",897,1295,69.3
2023-12,Região de Saúde LVT,"Centro Hospitalar de Lisboa Ocidental, EPE","38.708454, -9.216985",3958,4728,83.7
2023-12,Região de Saúde LVT,"Centro Hospitalar Médio Tejo, EPE","39.478072, -8.5404429",3317,4071,81.5
2023-12,Região de Saúde LVT,"Hospital de Cascais, PPP","38.729006, -9.418267",3374,3661,92.2
2023-12,Região de Saúde LVT,"Hospital de Vila Franca de Xira, EPE","38.977235, -8.984506",2796,3125,89.5
2023-12,Região de Saúde LVT,"Hospital Distrital de Santarém, EPE","39.2410946, -8.6937515",1707,2112,80.8
2023-12,Região de Saúde LVT,"Hospital Garcia de Orta, EPE","38.6658713, -9.1822554",4526,5005,90.4
2023-12,Região de Saúde Norte,"Centro Hospitalar Universitário de São João, EPE","41.1831056, -8.6010558",7831,10438,75.0
2023-12,Região de Saúde Norte,"Centro Hospitalar Entre Douro e Vouga, EPE","40.9293884, -8.5458794",6241,7020,88.9
2023-12,Região de Saúde Norte,"Instituto Português Oncologia do Porto, EPE","41.1785642, -8.6062881",493,1326,37.2
2023-12,Região de Saúde Norte,"Unidade Local de Saúde de Matosinhos, EPE","41.1794456, -8.6745115",4753,5154,92.2
2024-01,Região de Saúde LVT,"Instituto Português Oncologia  F. Gentil - Lisboa, E.P.E.","38.739946, -9.161139",29,110,26.4
2024-01,Região de Saúde do Centro,"Unidade Local de Saúde da Cova da Beira, EPE","40.2776794433594, -7.0",195,221,88.2
2024-01,Região de Saúde do Centro,"Unidade Local de Saúde da Guarda, EPE","40.5309943471486, -7.0",63,64,98.4
2024-01,Região de Saúde LVT,"Unidade Local de Saúde de Almada-Seixal, EPE","38.67381, -9.17597",387,424,91.3
2024-01,Região de Saúde LVT,"Unidade Local de Saúde de Lisboa Ocidental, EPE","38.7084, -9.21711",428,527,81.2
2024-01,Região de Saúde do Alentejo,"Unidade Local de Saúde do Alentejo Central, EPE","38.568838, -7.903064",274,326,84.0
2024-01,Região de Saúde do Algarve,"Unidade Local de Saúde do Algarve, EPE","37.024668, -7.928949",410,466,88.0
2024-01,Região de Saúde do Centro,"Unidade Local de Saúde do Baixo Mondego, EPE","40.130297609, -8.8606",174,181,96.1
2024-01,Região de Saúde LVT,"Unidade Local de Saúde do Médio Tejo, EPE","39.605565, -8.404399",331,410,80.7
2025-01,Região de Saúde LVT,"Unidade Local de Saúde de Loures-Odivelas, EPE","38.821769, -9.176301",334,370,90.3
2025-01,Região de Saúde Norte,"Unidade Local de Saúde de Santo António, EPE","41.147283, -8.619536",1091,1186,92.0
2025-01,Região de Saúde do Algarve,"Unidade Local de Saúde do Algarve, EPE","37.024668, -7.928949",332,398,83.4
2025-01,Região de Saúde Norte,"Unidade Local de Saúde do Alto Minho, EPE","41.697519, -8.832517",469,525,89.3
2025-01,Região de Saúde LVT,"Unidade Local de Saúde do Estuário do Tejo, EPE","38.977344, -8.984882",364,392,92.9
2025-01,Região de Saúde Norte,"Unidade Local de Saúde do Médio Ave, EPE","41.3422317504883, -8.0",206,246,83.7
2025-01,Região de Saúde Norte,"Unidade Local de Saúde do Tâmega e Sousa, EPE","41.1971153671548, -8.0",750,803,93.4
2026-01,Região de Saúde do Centro,"Instituto Português Oncologia  F. Gentil - Centro, E.P.E.","40.217, -8.40991",8,31,25.8
2026-01,Região de Saúde LVT,"Instituto Português Oncologia  F. Gentil - Lisboa, E.P.E.","38.739946, -9.161139",40,71,56.3
2026-01,Região de Saúde do Centro,"Unidade Local de Saúde da Cova da Beira, EPE","40.2776794433594, -7.0",164,187,87.7
2026-01,Região de Saúde do Centro,"Unidade Local de Saúde da Guarda, EPE","40.5309943471486, -7.0",45,45,100.0
2026-01,Região de Saúde Norte,"Unidade Local de Saúde de Braga, EPE","41.562328338623, -8.3",651,677,96.2
2026-01,Região de Saúde do Centro,"Unidade Local de Saúde de Coimbra, EPE","40.217426, -8.410075",914,994,92.0
2026-01,Região de Saúde LVT,"Unidade Local de Saúde de Lisboa Ocidental, EPE","38.7084, -9.21711",259,262,98.9
2026-01,Região de Saúde LVT,"Unidade Local de Saúde de Santa Maria, EPE","38.7500648498535, -9.0",423,451,93.8
2026-01,Região de Saúde Norte,"Unidade Local de Saúde do Alto Ave, EPE","41.488574, -8.338685",326,362,90.1
2026-01,Região de Saúde LVT,"Unidade Local de Saúde do Arco Ribeirinho, EPE","38.6527214050293, -9.0",46,52,88.5
2024-02,Região de Saúde do Centro,"Instituto Português Oncologia  F. Gentil - Centro, E.P.E.","40.217, -8.40991",40,85,47.1
2024-02,Região de Saúde do Centro,"Unidade Local de Saúde da Cova da Beira, EPE","40.2776794433594, -7.0",404,460,87.8
2024-02,Região de Saúde do Centro,"Unidade Local de Saúde da Guarda, EPE","40.5309943471486, -7.0",135,153,88.2
2024-02,Região de Saúde Norte,"Unidade Local de Saúde de Barcelos/Esposende, EPE","41.533438, -8.616604",498,505,98.6
2024-02,Região de Saúde Norte,"Unidade Local de Saúde de Santo António, EPE","41.147283, -8.619536",2110,2377,88.8
2024-02,Região de Saúde do Alentejo,"Unidade Local de Saúde do Litoral Alentejano, EPE","38.039936, -8.731693",536,569,94.2
2025-02,Região de Saúde LVT,"Instituto Português Oncologia  F. Gentil - Lisboa, E.P.E.","38.739946, -9.161139",188,285,66.0
2025-02,Região de Saúde Norte,"Instituto Português Oncologia  F. Gentil - Porto, E.P.E.","41.1811, -8.60469",86,226,38.1
2025-02,Região de Saúde LVT,"Unidade Local de Saúde da Arrábida, EPE","38.529351, -8.881073",911,966,94.3
2025-02,Região de Saúde do Centro,"Unidade Local de Saúde da Cova da Beira, EPE","40.2776794433594, -7.0",378,453,83.4
2025-02,Região de Saúde LVT,"Unidade Local de Saúde da Lezíria, EPE","39.232503, -8.715083",450,468,96.2
2025-02,Região de Saúde do Centro,"Unidade Local de Saúde da Região de Aveiro, EPE","40.636332, -8.654388",778,853,91.2
2025-02,Região de Saúde LVT,"Unidade Local de Saúde de Santa Maria, EPE","38.7500648498535, -9.0",1516,1684,90.0
2025-02,Região de Saúde Norte,"Unidade Local de Saúde de São João, EPE","41.1833, -8.60193",1736,2238,77.6
2025-02,Região de Saúde Norte,"Unidade Local de Saúde de Vila Nova de Gaia/Espinho, EPE","41.1254463195801, -8.0",1428,1691,84.4
2025-02,Região de Saúde Norte,"Unidade Local de Saúde do Alto Minho, EPE","41.697519, -8.832517",957,1071,89.4
2025-02,Região de Saúde Norte,"Unidade Local de Saúde do Nordeste, EPE","41.802452, -6.768198",524,595,88.1
2026-02,Região de Saúde do Centro,"Instituto Português Oncologia  F. Gentil - Centro, E.P.E.","40.217, -8.40991",8,51,15.7
2026-02,Região de Saúde Norte,"Instituto Português Oncologia  F. Gentil - Porto, E.P.E.","41.1811, -8.60469",27,95,28.4
2026-02,Região de Saúde Norte,"Unidade Local de Saúde de Matosinhos, EPE","41.181859, -8.663374",631,633,99.7
2026-02,Região de Saúde LVT,"Unidade Local de Saúde de Santa Maria, EPE","38.7500648498535, -9.0",835,895,93.3
2026-02,Região de Saúde Norte,"Unidade Local de Saúde de Santo António, EPE","41.147283, -8.619536",451,517,87.2
2026-02,Região de Saúde LVT,"Unidade Local de Saúde de São José, EPE","38.7169, -9.13654",977,1019,95.9
2026-02,Região de Saúde LVT,"Unidade Local de Saúde do Arco Ribeirinho, EPE","38.6527214050293, -9.0",137,147,93.2
2026-02,Região de Saúde Norte,"Unidade Local de Saúde do Nordeste, EPE","41.802452, -6.768198",473,510,92.7
2024-03,Região de Saúde do Centro,"Unidade Local de Saúde da Cova da Beira, EPE","40.2776794433594, -7.0",533,614,86.8
2024-03,Região de Saúde Norte,"Unidade Local de Saúde da Póvoa de Varzim/Vila do Conde, EPE","41.383183, -8.758784",367,532,69.0
2024-03,Região de Saúde Norte,"Unidade Local de Saúde de Barcelos/Esposende, EPE","41.533438, -8.616604",719,734,98.0
2024-03,Região de Saúde do Centro,"Unidade Local de Saúde de Coimbra, EPE","40.217426, -8.410075",3018,3522,85.7
2024-03,Região de Saúde Norte,"Unidade Local de Saúde de São João, EPE","41.1833, -8.60193",2449,3221,76.0
2024-03,Região de Saúde do Alentejo,"Unidade Local de Saúde do Alentejo Central, EPE","38.568838, -7.903064",773,896,86.3
2024-03,Região de Saúde do Algarve,"Unidade Local de Saúde do Algarve, EPE","37.024668, -7.928949",1073,1306,82.2
2024-03,Região de Saúde Norte,"Unidade Local de Saúde do Alto Minho, EPE","41.697519, -8.832517",1720,1853,92.8
2024-03,Região de Saúde do Alentejo,"Unidade Local de Saúde do Baixo Alentejo, EPE","38.0146, -7.86863",372,454,81.9
2024-03,Região de Saúde LVT,"Unidade Local de Saúde do Médio Tejo, EPE","39.605565, -8.404399",956,1219,78.4
2025-03,Região de Saúde LVT,"Hospital de Cascais, PPP","38.730076, -9.418207",1505,1580,95.3
2025-03,Região de Saúde do Centro,"Unidade Local de Saúde da Cova da Beira, EPE","40.2776794433594, -7.0",591,701,84.3
2025-03,Região de Saúde Norte,"Unidade Local de Saúde da Póvoa de Varzim/Vila do Conde, EPE","41.383183, -8.758784",362,508,71.3
2025-03,Região de Saúde LVT,"Unidade Local de Saúde de Amadora/Sintra, EPE","38.7436332060551, -9.0",1567,1710,91.6
2025-03,Região de Saúde do Centro,"Unidade Local de Saúde de Coimbra, EPE","40.217426, -8.410075",3288,3704,88.8
2025-03,Região de Saúde LVT,"Unidade Local de Saúde de Lisboa Ocidental, EPE","38.7084, -9.21711",983,1154,85.2
2025-03,Região de Saúde LVT,"Unidade Local de Saúde de Loures-Odivelas, EPE","38.821769, -9.176301",938,1063,88.2
2025-03,Região de Saúde Norte,"Unidade Local de Saúde de Santo António, EPE","41.147283, -8.619536",2981,3300,90.3
2025-03,Região de Saúde do Algarve,"Unidade Local de Saúde do Algarve, EPE","37.024668, -7.928949",747,957,78.1
2025-03,Região de Saúde do Alentejo,"Unidade Local de Saúde do Alto Alentejo, EPE","39.2999, -7.4267",407,436,93.3
2025-03,Região de Saúde Norte,"Unidade Local de Saúde do Alto Minho, EPE","41.697519, -8.832517",1463,1642,89.1
2025-03,Região de Saúde do Alentejo,"Unidade Local de Saúde do Baixo Alentejo, EPE","38.0146, -7.86863",372,462,80.5
2025-03,Região de Saúde do Alentejo,"Unidade Local de Saúde do Litoral Alentejano, EPE","38.039936, -8.731693",955,996,95.9
2024-04,Região de Saúde LVT,"Hospital de Cascais, PPP","38.730076, -9.418207",1442,1522,94.7
2024-04,Região de Saúde do Centro,"Unidade Local de Saúde Castelo Branco, EPE","39.822737, -7.499876",472,630,74.9
2024-04,Região de Saúde Norte,"Unidade Local de Saúde da Póvoa de Varzim/Vila do Conde, EPE","41.383183, -8.758784",463,670,69.1
2024-04,Região de Saúde do Centro,"Unidade Local de Saúde da Região de Leiria, EPE","39.7418, -8.79444",2614,2787,93.8
2024-04,Região de Saúde do Centro,"Unidade Local de Saúde de Coimbra, EPE","40.217426, -8.410075",4124,4782,86.2
2024-04,Região de Saúde do Centro,"Unidade Local de Saúde de Dão-Lafões, EPE","40.6509, -7.91039",1976,2135,92.6
2024-04,Região de Saúde LVT,"Unidade Local de Saúde de Loures-Odivelas, EPE","38.821769, -9.176301",1088,1272,85.5
2024-04,Região de Saúde LVT,"Unidade Local de Saúde do Arco Ribeirinho, EPE","38.6527214050293, -9.0",681,840,81.1
2024-04,Região de Saúde do Centro,"Unidade Local de Saúde do Baixo Mondego, EPE","40.130297609, -8.8606",1082,1124,96.3
2024-04,Região de Saúde Norte,"Unidade Local de Saúde do Médio Ave, EPE","41.3422317504883, -8.0",982,1105,88.9
2024-04,Região de Saúde LVT,"Unidade Local de Saúde do Oeste, EPE","39.4055519104004, -9.0",1392,1533,90.8
2025-04,Região de Saúde LVT,"Unidade Local de Saúde de Lisboa Ocidental, EPE","38.7084, -9.21711",1326,1537,86.3
2025-04,Região de Saúde LVT,"Unidade Local de Saúde de Loures-Odivelas, EPE","38.821769, -9.176301",1206,1380,87.4
2025-04,Região de Saúde Norte,"Unidade Local de Saúde de Trás-os-Montes e Alto Douro, EPE","41.310331, -7.760103",2258,2546,88.7
2025-04,Região de Saúde do Alentejo,"Unidade Local de Saúde do Alentejo Central, EPE","38.568838, -7.903064",1113,1314,84.7
2025-04,Região de Saúde do Centro,"Unidade Local de Saúde do Baixo Mondego, EPE","40.130297609, -8.8606",1105,1146,96.4
2024-05,Região de Saúde Norte,"Unidade Local de Saúde de Barcelos/Esposende, EPE","41.533438, -8.616604",1151,1180,97.5
2024-05,Região de Saúde do Centro,"Unidade Local de Saúde de Dão-Lafões, EPE","40.6509, -7.91039",2461,2659,92.6
2024-05,Região de Saúde LVT,"Unidade Local de Saúde de São José, EPE","38.7169, -9.13654",3974,4232,93.9
2024-05,Região de Saúde Norte,"Unidade Local de Saúde de Trás-os-Montes e Alto Douro, EPE","41.310331, -7.760103",2941,3283,89.6
2024-05,Região de Saúde LVT,"Unidade Local de Saúde do Estuário do Tejo, EPE","38.977344, -8.984882",1559,1670,93.4
2025-05,Região de Saúde do Centro,"Instituto Português Oncologia  F. Gentil - Centro, E.P.E.","40.217, -8.40991",15,152,9.9
2025-05,Região de Saúde do Centro,"Unidade Local de Saúde da Guarda, EPE","40.5309943471486, -7.0",317,371,85.4
2025-05,Região de Saúde Norte,"Unidade Local de Saúde da Póvoa de Varzim/Vila do Conde, EPE","41.383183, -8.758784",606,832,72.8
2025-05,Região de Saúde do Centro,"Unidade Local de Saúde da Região de Aveiro, EPE","40.636332, -8.654388",2220,2450,90.6
2025-05,Região de Saúde do Centro,"Unidade Local de Saúde da Região de Leiria, EPE","39.7418, -8.79444",3320,3508,94.6
2025-05,Região de Saúde LVT,"Unidade Local de Saúde de Amadora/Sintra, EPE","38.7436332060551, -9.0",2503,2776,90.2
2025-05,Região de Saúde Norte,"Unidade Local de Saúde de Matosinhos, EPE","41.181859, -8.663374",1027,1042,98.6
2025-05,Região de Saúde do Alentejo,"Unidade Local de Saúde do Baixo Alentejo, EPE","38.0146, -7.86863",628,767,81.9
2025-05,Região de Saúde do Centro,"Unidade Local de Saúde do Baixo Mondego, EPE","40.130297609, -8.8606",1356,1407,96.4
2024-06,Região de Saúde do Centro,"Unidade Local de Saúde da Cova da Beira, EPE","40.2776794433594, -7.0",1028,1191,86.3
2024-06,Região de Saúde do Centro,"Unidade Local de Saúde da Guarda, EPE","40.5309943471486, -7.0",322,388,83.0
2024-06,Região de Saúde do Centro,"Unidade Local de Saúde de Coimbra, EPE","40.217426, -8.410075",6206,7153,86.8
2024-06,Região de Saúde LVT,"Unidade Local de Saúde de Lisboa Ocidental, EPE","38.7084, -9.21711",2390,2838,84.2
2024-06,Região de Saúde do Algarve,"Unidade Local de Saúde do Algarve, EPE","37.024668, -7.928949",2567,2989,85.9
2024-06,Região de Saúde do Alentejo,"Unidade Local de Saúde do Baixo Alentejo, EPE","38.0146, -7.86863",773,938,82.4
2024-06,Região de Saúde LVT,"Unidade Local de Saúde do Estuário do Tejo, EPE","38.977344, -8.984882",1852,1991,93.0
2024-06,Região de Saúde do Alentejo,"Unidade Local de Saúde do Litoral Alentejano, EPE","38.039936, -8.731693",1686,1786,94.4
2025-06,Região de Saúde do Centro,"Unidade Local de Saúde Castelo Branco, EPE","39.822737, -7.499876",656,814,80.6
2025-06,Região de Saúde Norte,"Unidade Local de Saúde de Braga, EPE","41.562328338623, -8.3",5873,6403,91.7
2025-06,Região de Saúde Norte,"Unidade Local de Saúde de São João, EPE","41.1833, -8.60193",5232,6655,78.6
2025-06,Região de Saúde Norte,"Unidade Local de Saúde de Vila Nova de Gaia/Espinho, EPE","41.1254463195801, -8.0",3975,4746,83.8
2025-06,Região de Saúde do Centro,"Unidade Local de Saúde do Baixo Mondego, EPE","40.130297609, -8.8606",1648,1706,96.6
2025-06,Região de Saúde LVT,"Unidade Local de Saúde do Estuário do Tejo, EPE","38.977344, -8.984882",1801,1955,92.1
2025-06,Região de Saúde Norte,"Unidade Local de Saúde do Médio Ave, EPE","41.3422317504883, -8.0",1297,1538,84.3
2024-07,Região de Saúde LVT,"Unidade Local de Saúde de Amadora/Sintra, EPE","38.7436332060551, -9.0",3911,4303,90.9
2024-07,Região de Saúde Norte,"Unidade Local de Saúde de Braga, EPE","41.562328338623, -8.3",6402,6891,92.9
2024-07,Região de Saúde do Centro,"Unidade Local de Saúde de Dão-Lafões, EPE","40.6509, -7.91039",3448,3746,92.0
2024-07,Região de Saúde Norte,"Unidade Local de Saúde de Trás-os-Montes e Alto Douro, EPE","41.310331, -7.760103",4104,4564,89.9
2024-07,Região de Saúde Norte,"Unidade Local de Saúde de Vila Nova de Gaia/Espinho, EPE","41.1254463195801, -8.0",5281,6177,85.5
2024-07,Região de Saúde do Alentejo,"Unidade Local de Saúde do Alto Alentejo, EPE","39.2999, -7.4267",1475,1559,94.6
2024-07,Região de Saúde do Alentejo,"Unidade Local de Saúde do Baixo Alentejo, EPE","38.0146, -7.86863",897,1091,82.2
2024-07,Região de Saúde LVT,"Unidade Local de Saúde do Médio Tejo, EPE","39.605565, -8.404399",2132,2763,77.2
2025-07,Região de Saúde LVT,"Instituto Português Oncologia  F. Gentil - Lisboa, E.P.E.","38.739946, -9.161139",579,899,64.4
2025-07,Região de Saúde do Centro,"Unidade Local de Saúde da Região de Leiria, EPE","39.7418, -8.79444",4501,4713,95.5
2025-07,Região de Saúde do Centro,"Unidade Local de Saúde de Coimbra, EPE","40.217426, -8.410075",7332,8269,88.7
2025-07,Região de Saúde Norte,"Unidade Local de Saúde de Matosinhos, EPE","41.181859, -8.663374",1495,1514,98.7
2025-07,Região de Saúde Norte,"Unidade Local de Saúde de Santo António, EPE","41.147283, -8.619536",6674,7398,90.2
2025-07,Região de Saúde do Alentejo,"Unidade Local de Saúde do Alentejo Central, EPE","38.568838, -7.903064",1926,2295,83.9
2025-07,Região de Saúde do Algarve,"Unidade Local de Saúde do Algarve, EPE","37.024668, -7.928949",1725,2148,80.3
2025-07,Região de Saúde do Alentejo,"Unidade Local de Saúde do Litoral Alentejano, EPE","38.039936, -8.731693",1909,2003,95.3
2024-08,Região de Saúde do Centro,"Unidade Local de Saúde da Guarda, EPE","40.5309943471486, -7.0",398,473,84.1
2024-08,Região de Saúde LVT,"Unidade Local de Saúde de Almada-Seixal, EPE","38.67381, -9.17597",3374,3703,91.1
2024-08,Região de Saúde Norte,"Unidade Local de Saúde de Santo António, EPE","41.147283, -8.619536",6983,7834,89.1
2024-08,Região de Saúde Norte,"Unidade Local de Saúde de Trás-os-Montes e Alto Douro, EPE","41.310331, -7.760103",4556,5088,89.5
2024-08,Região de Saúde Norte,"Unidade Local de Saúde do Alto Minho, EPE","41.697519, -8.832517",3747,4092,91.6
2025-08,Região de Saúde do Centro,"Unidade Local de Saúde Castelo Branco, EPE","39.822737, -7.499876",867,1054,82.3
2025-08,Região de Saúde LVT,"Unidade Local de Saúde de Amadora/Sintra, EPE","38.7436332060551, -9.0",3864,4304,89.8
2025-08,Região de Saúde Norte,"Unidade Local de Saúde de Barcelos/Esposende, EPE","41.533438, -8.616604",2288,2320,98.6
2025-08,Região de Saúde Norte,"Unidade Local de Saúde de Braga, EPE","41.562328338623, -8.3",7574,8163,92.8
2025-08,Região de Saúde Norte,"Unidade Local de Saúde de Entre Douro e Vouga, EPE","40.9295, -8.54567",4838,5408,89.5
2025-08,Região de Saúde LVT,"Unidade Local de Saúde de Santa Maria, EPE","38.7500648498535, -9.0",5297,5867,90.3
2025-08,Região de Saúde Norte,"Unidade Local de Saúde de Trás-os-Montes e Alto Douro, EPE","41.310331, -7.760103",4336,4936,87.8
2025-08,Região de Saúde LVT,"Unidade Local de Saúde do Arco Ribeirinho, EPE","38.6527214050293, -9.0",1247,1402,88.9
2025-08,Região de Saúde do Centro,"Unidade Local de Saúde do Baixo Mondego, EPE","40.130297609, -8.8606",2269,2345,96.8
2024-09,Região de Saúde LVT,"Hospital de Cascais, PPP","38.730076, -9.418207",3541,3746,94.5
2024-09,Região de Saúde do Centro,"Unidade Local de Saúde da Guarda, EPE","40.5309943471486, -7.0",444,528,84.1
2024-09,Região de Saúde Norte,"Unidade Local de Saúde de Entre Douro e Vouga, EPE","40.9295, -8.54567",4927,5513,89.4
2024-09,Região de Saúde LVT,"Unidade Local de Saúde de São José, EPE","38.7169, -9.13654",7086,7547,93.9
2024-09,Região de Saúde Norte,"Unidade Local de Saúde do Alto Minho, EPE","41.697519, -8.832517",4179,4568,91.5
2024-09,Região de Saúde do Alentejo,"Unidade Local de Saúde do Baixo Alentejo, EPE","38.0146, -7.86863",1116,1376,81.1
2024-09,Região de Saúde LVT,"Unidade Local de Saúde do Estuário do Tejo, EPE","38.977344, -8.984882",2716,2927,92.8
2024-09,Região de Saúde Norte,"Unidade Local de Saúde do Médio Ave, EPE","41.3422317504883, -8.0",1982,2261,87.7
2025-09,Região de Saúde do Centro,"Unidade Local de Saúde da Cova da Beira, EPE","40.2776794433594, -7.0",1700,1922,88.4
2025-09,Região de Saúde LVT,"Unidade Local de Saúde de Loures-Odivelas, EPE","38.821769, -9.176301",2522,2876,87.7
2025-09,Região de Saúde Norte,"Unidade Local de Saúde de Vila Nova de Gaia/Espinho, EPE","41.1254463195801, -8.0",5620,6717,83.7
2024-10,Região de Saúde Norte,"Instituto Português Oncologia  F. Gentil - Porto, E.P.E.","41.1811, -8.60469",320,1138,28.1
2024-10,Região de Saúde LVT,"Unidade Local de Saúde de Almada-Seixal, EPE","38.67381, -9.17597",4271,4680,91.3
2024-10,Região de Saúde Norte,"Unidade Local de Saúde de Santo António, EPE","41.147283, -8.619536",9000,10045,89.6
2024-10,Região de Saúde Norte,"Unidade Local de Saúde de Vila Nova de Gaia/Espinho, EPE","41.1254463195801, -8.0",7351,8634,85.1
2024-10,Região de Saúde LVT,"Unidade Local de Saúde do Estuário do Tejo, EPE","38.977344, -8.984882",3071,3314,92.7
2024-10,Região de Saúde do Alentejo,"Unidade Local de Saúde do Litoral Alentejano, EPE","38.039936, -8.731693",2622,2790,94.0
2024-10,Região de Saúde LVT,"Unidade Local de Saúde do Oeste, EPE","39.4055519104004, -9.0",3465,3811,90.9
2024-10,Região de Saúde Norte,"Unidade Local de Saúde do Tâmega e Sousa, EPE","41.1971153671548, -8.0",6327,7003,90.3
2025-10,Região de Saúde do Centro,"Instituto Português Oncologia  F. Gentil - Centro, E.P.E.","40.217, -8.40991",38,301,12.6
2025-10,Região de Saúde do Centro,"Unidade Local de Saúde da Cova da Beira, EPE","40.2776794433594, -7.0",1898,2134,88.9
2025-10,Região de Saúde LVT,"Unidade Local de Saúde de Amadora/Sintra, EPE","38.7436332060551, -9.0",4838,5401,89.6
2025-10,Região de Saúde do Centro,"Unidade Local de Saúde de Dão-Lafões, EPE","40.6509, -7.91039",4566,4858,94.0
2025-10,Região de Saúde LVT,"Unidade Local de Saúde de São José, EPE","38.7169, -9.13654",6189,6605,93.7
2025-10,Região de Saúde do Algarve,"Unidade Local de Saúde do Algarve, EPE","37.024668, -7.928949",2309,2829,81.6
2025-10,Região de Saúde do Alentejo,"Unidade Local de Saúde do Alto Alentejo, EPE","39.2999, -7.4267",1619,1723,94.0
2025-10,Região de Saúde Norte,"Unidade Local de Saúde do Alto Ave, EPE","41.488574, -8.338685",4785,5710,83.8
2025-10,Região de Saúde LVT,"Unidade Local de Saúde do Estuário do Tejo, EPE","38.977344, -8.984882",3036,3263,93.0
2025-10,Região de Saúde LVT,"Unidade Local de Saúde do Médio Tejo, EPE","39.605565, -8.404399",2983,3459,86.2
2025-10,Região de Saúde Norte,"Unidade Local de Saúde do Nordeste, EPE","41.802452, -6.768198",2400,2802,85.7
2025-10,Região de Saúde LVT,"Unidade Local de Saúde do Oeste, EPE","39.4055519104004, -9.0",3233,3430,94.3
2024-11,Região de Saúde do Centro,"Instituto Português Oncologia  F. Gentil - Centro, E.P.E.","40.217, -8.40991",202,504,40.1
2024-11,Região de Saúde LVT,"Unidade Local de Saúde de Almada-Seixal, EPE","38.67381, -9.17597",4775,5224,91.4
2024-11,Região de Saúde Norte,"Unidade Local de Saúde de Braga, EPE","41.562328338623, -8.3",10164,11093,91.6
2024-11,Região de Saúde LVT,"Unidade Local de Saúde de Santa Maria, EPE","38.7500648498535, -9.0",6958,7842,88.7
2024-11,Região de Saúde Norte,"Unidade Local de Saúde de Santo António, EPE","41.147283, -8.619536",9927,11059,89.8
2024-11,Região de Saúde LVT,"Unidade Local de Saúde de São José, EPE","38.7169, -9.13654",8962,9554,93.8
2024-11,Região de Saúde do Alentejo,"Unidade Local de Saúde do Alto Alentejo, EPE","39.2999, -7.4267",2089,2206,94.7
2024-11,Região de Saúde Norte,"Unidade Local de Saúde do Alto Ave, EPE","41.488574, -8.338685",3781,4787,79.0
2025-11,Região de Saúde do Centro,"Instituto Português Oncologia  F. Gentil - Centro, E.P.E.","40.217, -8.40991",43,323,13.3
2025-11,Região de Saúde do Centro,"Unidade Local de Saúde de Dão-Lafões, EPE","40.6509, -7.91039",5063,5386,94.0
2025-11,Região de Saúde LVT,"Unidade Local de Saúde de Loures-Odivelas, EPE","38.821769, -9.176301",3057,3489,87.6
2025-11,Região de Saúde do Alentejo,"Unidade Local de Saúde do Baixo Alentejo, EPE","38.0146, -7.86863",1257,1573,79.9
2025-11,Região de Saúde LVT,"Unidade Local de Saúde do Médio Tejo, EPE","39.605565, -8.404399",3299,3817,86.4
2024-12,Região de Saúde do Centro,"Instituto Português Oncologia  F. Gentil - Centro, E.P.E.","40.217, -8.40991",220,585,37.6
2024-12,Região de Saúde Norte,"Unidade Local de Saúde de Entre Douro e Vouga, EPE","40.9295, -8.54567",6983,7767,89.9
2024-12,Região de Saúde LVT,"Unidade Local de Saúde de Lisboa Ocidental, EPE","38.7084, -9.21711",4585,5421,84.6
2024-12,Região de Saúde do Algarve,"Unidade Local de Saúde do Algarve, EPE","37.024668, -7.928949",4589,5395,85.1
2024-12,Região de Saúde Norte,"Unidade Local de Saúde do Alto Minho, EPE","41.697519, -8.832517",5351,5898,90.7
2024-12,Região de Saúde do Alentejo,"Unidade Local de Saúde do Baixo Alentejo, EPE","38.0146, -7.86863",1511,1866,81.0
2024-12,Região de Saúde LVT,"Unidade Local de Saúde do Estuário do Tejo, EPE","38.977344, -8.984882",3661,3952,92.6
2024-12,Região de Saúde Norte,"Unidade Local de Saúde do Nordeste, EPE","41.802452, -6.768198",3093,3679,84.1
2025-12,Região de Saúde LVT,"Instituto Português Oncologia  F. Gentil - Lisboa, E.P.E.","38.739946, -9.161139",906,1368,66.2
2025-12,Região de Saúde Norte,"Instituto Português Oncologia  F. Gentil - Porto, E.P.E.","41.1811, -8.60469",504,1327,38.0
2025-12,Região de Saúde do Centro,"Unidade Local de Saúde Castelo Branco, EPE","39.822737, -7.499876",1245,1525,81.6
2025-12,Região de Saúde Norte,"Unidade Local de Saúde de Braga, EPE","41.562328338623, -8.3",12437,13182,94.3
2025-12,Região de Saúde do Centro,"Unidade Local de Saúde de Coimbra, EPE","40.217426, -8.410075",11405,12896,88.4
2025-12,Região de Saúde Norte,"Unidade Local de Saúde de Trás-os-Montes e Alto Douro, EPE","41.310331, -7.760103",5364,6226,86.2
2025-12,Região de Saúde Norte,"Unidade Local de Saúde do Alto Minho, EPE","41.697519, -8.832517",5148,5808,88.6
2025-12,Região de Saúde LVT,"Unidade Local de Saúde do Arco Ribeirinho, EPE","38.6527214050293, -9.0",1735,1966,88.3
2025-12,Região de Saúde do Alentejo,"Unidade Local de Saúde do Litoral Alentejano, EPE","38.039936, -8.731693",2798,2957,94.6
2025-12,Região de Saúde LVT,"Unidade Local de Saúde do Médio Tejo, EPE","39.605565, -8.404399",3471,4017,86.4
2013-01,Região de Saúde do Alentejo,"Hospital Espírito Santo de Évora, EPE","38.5684861, -7.9032848",209,268,78.0
2013-01,Região de Saúde do Alentejo,"Unidade Local de Saúde do Baixo Alentejo, EPE","38.014123, -7.8721227",101,138,73.2
2013-01,Região de Saúde do Centro,"Centro Hospitalar do Baixo Vouga, EPE","40.6362453, -8.6543716",301,375,80.3
2013-01,Região de Saúde do Centro,"Centro Hospitalar e Universitário de Coimbra, EPE","40.2191523, -8.4098211",577,746,77.3
2013-01,Região de Saúde do Centro,Hospital José Luciano de Castro,"40.4422767, -8.4438729",18,18,100.0
2013-01,Região de Saúde LVT,"Centro Hospitalar Universitário de Lisboa Norte, EPE","38.7500861, -9.1616116",239,391,61.1
2013-01,Região de Saúde LVT,"Hospital de Cascais, PPP","38.729006, -9.418267",135,162,83.3
2013-01,Região de Saúde LVT,"Hospital Distrital de Santarém, EPE","39.2410946, -8.6937515",139,183,76.0
2013-01,Região de Saúde Norte,"Centro Hospitalar do Alto Ave, EPE","41.4387173, -8.3086907",259,312,83.0
2013-01,Região de Saúde Norte,"Centro Hospitalar Póvoa de Varzim/Vila do Conde, EPE","41.3828711, -8.7589945",42,69,60.9
2013-01,Região de Saúde Norte,"Centro Hospitalar Vila Nova de Gaia/Espinho, EPE","41.1094138, -8.5972617",522,633,82.5
2013-01,Região de Saúde Norte,"Hospital de Magalhães Lemos, EPE","41.1764649, -8.6649823",0,0,
2013-02,Região de Saúde do Centro,"Centro Hospitalar do Baixo Vouga, EPE","40.6362453, -8.6543716",499,663,75.3
2013-02,Região de Saúde do Centro,"Centro Hospitalar e Universitário de Coimbra, EPE","40.2191523, -8.4098211",1090,1456,74.9
2013-02,Região de Saúde do Centro,Centro Medicina de Reabilitação da Região Centro Rovisco Pais,"40.297919, -8.7707806",0,0,
2013-02,Região de Saúde do Centro,Hospital Arcebispo João Crisóstomo,"40.3470015, -8.5933462",113,113,100.0
2013-02,Região de Saúde do Centro,"Unidade Local de Saúde de Castelo Branco, EPE","39.8212263, -7.4981271",138,193,71.5
2013-02,Região de Saúde LVT,"Centro Hospitalar de Lisboa Ocidental, EPE","38.708454, -9.216985",397,533,74.5
2013-02,Região de Saúde LVT,"Centro Hospitalar de Setúbal, EPE","38.5283754, -8.8818638",213,323,65.9
2013-02,Região de Saúde LVT,"Hospital de Loures, PPP","38.821455, -9.176296",391,482,81.1
2013-02,Região de Saúde LVT,Instituto Gama Pinto,"38.7218793, -9.144249",323,323,100.0
2013-02,Região de Saúde Norte,"Centro Hospitalar Universitário de São João, EPE","41.1831056, -8.6010558",1219,1584,77.0
2013-02,Região de Saúde Norte,"Centro Hospitalar Póvoa de Varzim/Vila do Conde, EPE","41.3828711, -8.7589945",85,148,57.4
2013-02,Região de Saúde Norte,"Centro Hospitalar Vila Nova de Gaia/Espinho, EPE","41.1094138, -8.5972617",1001,1222,81.9
2013-02,Região de Saúde Norte,"Hospital de Braga, PPP","41.56785, -8.398982",940,1181,79.6
2013-02,Região de Saúde Norte,"Hospital Santa Maria Maior, EPE","41.5324234, -8.6171561",188,257,73.2
2013-02,Região de Saúde Norte,"Unidade Local de Saúde do Nordeste, EPE","41.8056532, -6.7888197",296,421,70.3
2013-03,Região de Saúde do Alentejo,"Unidade Local de Saúde do Baixo Alentejo, EPE","38.014123, -7.8721227",325,435,74.7
2013-03,Região de Saúde do Algarve,"Centro Hospitalar Universitário do Algarve, EPE","37.0238973, -7.9281554",704,887,79.4
2013-03,Região de Saúde do Centro,"Centro Hospitalar do Baixo Vouga, EPE","40.6362453, -8.6543716",749,995,75.3
2013-03,Região de Saúde do Centro,"Centro Hospitalar Tondela-Viseu, EPE","40.516364, -8.0827433",1094,1323,82.7
2013-03,Região de Saúde do Centro,"Hospital Distrital da Figueira da Foz, EPE","40.117897, -8.8586755",228,360,63.3
2013-03,Região de Saúde Norte,"Centro Hospitalar Póvoa de Varzim/Vila do Conde, EPE","41.3828711, -8.7589945",132,237,55.7
2013-04,Região de Saúde do Centro,"Centro Hospitalar do Baixo Vouga, EPE","40.6362453, -8.6543716",976,1308,74.6
2013-04,Região de Saúde do Centro,"Hospital Distrital da Figueira da Foz, EPE","40.117897, -8.8586755",308,481,64.0
2013-04,Região de Saúde LVT,"Centro Hospitalar Barreiro/Montijo, EPE","38.6554005, -9.0592392",400,502,79.7
2013-04,Região de Saúde LVT,"Centro Hospitalar de Setúbal, EPE","38.5283754, -8.8818638",436,669,65.2
2013-04,Região de Saúde LVT,Instituto Gama Pinto,"38.7218793, -9.144249",602,602,100.0
2013-04,Região de Saúde Norte,"Centro Hospitalar do Alto Ave, EPE","41.4387173, -8.3086907",999,1276,78.3
2013-04,Região de Saúde Norte,"Centro Hospitalar Universitário do Porto, EPE","41.1472498, -8.6172617",1956,2447,79.9
2013-04,Região de Saúde Norte,"Centro Hospitalar Entre Douro e Vouga, EPE","40.9293884, -8.5458794",1267,1742,72.7
2013-04,Região de Saúde Norte,"Centro Hospitalar Tâmega e Sousa, EPE","41.2494561, -8.264901",877,1281,68.5
2013-04,Região de Saúde Norte,"Hospital de Braga, PPP","41.56785, -8.398982",1706,2113,80.7
2013-04,Região de Saúde Norte,"Instituto Português Oncologia do Porto, EPE","41.1785642, -8.6062881",371,511,72.6
2013-05,Região de Saúde do Centro,"Centro Hospitalar do Baixo Vouga, EPE","40.6362453, -8.6543716",1198,1617,74.1
2013-05,Região de Saúde do Centro,Centro Medicina de Reabilitação da Região Centro Rovisco Pais,"40.297919, -8.7707806",0,0,
2013-05,Região de Saúde do Centro,"Instituto Português Oncologia de Coimbra, EPE","40.2162514, -8.4103814",15,122,12.3
2013-05,Região de Saúde do Centro,"Unidade Local de Saúde da Guarda, EPE","40.5309916, -7.2734793",488,652,74.8
2013-05,Região de Saúde LVT,"Centro Hospitalar Barreiro/Montijo, EPE","38.6554005, -9.0592392",523,668,78.3
2013-05,Região de Saúde LVT,"Hospital de Cascais, PPP","38.729006, -9.418267",661,790,83.7
2013-05,Região de Saúde LVT,"Hospital Garcia de Orta, EPE","38.6658713, -9.1822554",1082,1345,80.4
2013-05,Região de Saúde Norte,"Centro Hospitalar Universitário de São João, EPE","41.1831056, -8.6010558",2986,3925,76.1
2013-05,Região de Saúde Norte,"Centro Hospitalar Trás-os-Montes e Alto Douro, EPE","41.3031784, -7.7515252",3,154,1.9
2013-05,Região de Saúde Norte,"Hospital de Magalhães Lemos, EPE","41.1764649, -8.6649823",0,0,
2013-05,Região de Saúde Norte,"Instituto Português Oncologia do Porto, EPE","41.1785642, -8.6062881",466,684,68.1
2013-06,Região de Saúde do Alentejo,"Hospital Espírito Santo de Évora, EPE","38.5684861, -7.9032848",1176,1572,74.8
2013-06,Região de Saúde do Alentejo,"Unidade Local de Saúde do Litoral Alentejano, EPE","38.0162314, -8.6956768",420,564,74.5
2013-06,Região de Saúde do Alentejo,"Unidade Local de Saúde do Norte Alentejano, EPE","39.3003425, -7.4263845",276,496,55.6
2013-06,Região de Saúde do Algarve,"Centro Hospitalar Universitário do Algarve, EPE","37.0238973, -7.9281554",1487,1849,80.4
2013-06,Região de Saúde do Centro,"Centro Hospitalar e Universitário de Coimbra, EPE","40.2191523, -8.4098211",3171,4211,75.3
2013-06,Região de Saúde do Centro,"Centro Hospitalar Tondela-Viseu, EPE","40.516364, -8.0827433",2145,2568,83.5
2013-06,Região de Saúde do Centro,Hospital José Luciano de Castro,"40.4422767, -8.4438729",55,55,100.0
2013-06,Região de Saúde LVT,"Centro Hospitalar Barreiro/Montijo, EPE","38.6554005, -9.0592392",609,792,76.9
2013-06,Região de Saúde LVT,"Centro Hospitalar Universitário Lisboa Central, EPE","38.7166948, -9.1371248",3478,4240,82.0
2013-06,Região de Saúde LVT,"Centro Hospitalar de Setúbal, EPE","38.5283754, -8.8818638",622,961,64.7
2013-06,Região de Saúde LVT,"Hospital de Loures, PPP","38.821455, -9.176296",1216,1480,82.2
2013-06,Região de Saúde LVT,"Hospital Professor Doutor Fernando Fonseca, EPE","38.7422257, -9.2264834",1483,2673,55.5
2013-06,Região de Saúde Norte,"Centro Hospitalar do Médio Ave, EPE","41.3423984, -8.4802503",914,1365,67.0
2013-06,Região de Saúde Norte,"Centro Hospitalar Entre Douro e Vouga, EPE","40.9293884, -8.5458794",2016,2720,74.1
2013-06,Região de Saúde Norte,"Centro Hospitalar Trás-os-Montes e Alto Douro, EPE","41.3031784, -7.7515252",3,202,1.5
2013-06,Região de Saúde Norte,"Instituto Português Oncologia do Porto, EPE","41.1785642, -8.6062881",543,802,67.7
2013-07,Região de Saúde do Alentejo,"Unidade Local de Saúde do Norte Alentejano, EPE","39.3003425, -7.4263845",293,531,55.2
2013-07,Região de Saúde do Centro,"Centro Hospitalar do Baixo Vouga, EPE","40.6362453, -8.6543716",1554,2099,74.0
2013-07,Região de Saúde do Centro,"Hospital Distrital da Figueira da Foz, EPE","40.117897, -8.8586755",546,821,66.5
2013-07,Região de Saúde do Centro,Hospital José Luciano de Castro,"40.4422767, -8.4438729",89,89,100.0
2013-07,Região de Saúde LVT,"Centro Hospitalar de Lisboa Ocidental, EPE","38.708454, -9.216985",1264,1711,73.9
2013-07,Região de Saúde LVT,"Hospital de Cascais, PPP","38.729006, -9.418267",863,1043,82.7
2013-07,Região de Saúde LVT,"Hospital de Loures, PPP","38.821455, -9.176296",1499,1797,83.4
2013-07,Região de Saúde Norte,"Centro Hospitalar Universitário do Porto, EPE","41.1472498, -8.6172617",3508,4285,81.9
2013-07,Região de Saúde Norte,"Unidade Local de Saúde do Nordeste, EPE","41.8056532, -6.7888197",1090,1487,73.3
2013-08,Região de Saúde do Alentejo,"Unidade Local de Saúde do Litoral Alentejano, EPE","38.0162314, -8.6956768",631,797,79.2
2013-08,Região de Saúde do Alentejo,"Unidade Local de Saúde do Norte Alentejano, EPE","39.3003425, -7.4263845",314,589,53.3
2013-08,Região de Saúde do Algarve,"Centro Hospitalar Universitário do Algarve, EPE","37.0238973, -7.9281554",1727,2173,79.5
2013-08,Região de Saúde do Centro,"Centro Hospitalar do Baixo Vouga, EPE","40.6362453, -8.6543716",1594,2165,73.6
2013-08,Região de Saúde do Centro,"Unidade Local de Saúde da Guarda, EPE","40.5309916, -7.2734793",672,922,72.9
2013-08,Região de Saúde do Centro,"Unidade Local de Saúde de Castelo Branco, EPE","39.8212263, -7.4981271",425,668,63.6
2013-08,Região de Saúde Norte,"Centro Hospitalar Universitário de São João, EPE","41.1831056, -8.6010558",3877,5241,74.0
2013-08,Região de Saúde Norte,"Centro Hospitalar Tâmega e Sousa, EPE","41.2494561, -8.264901",1593,2382,66.9
2013-08,Região de Saúde Norte,"Centro Hospitalar Vila Nova de Gaia/Espinho, EPE","41.1094138, -8.5972617",3392,4268,79.5
2013-08,Região de Saúde Norte,"Hospital de Magalhães Lemos, EPE","41.1764649, -8.6649823",0,0,
2013-08,Região de Saúde Norte,"Unidade Local de Saúde de Matosinhos, EPE","41.1794456, -8.6745115",1560,2102,74.2
2013-09,Região de Saúde do Alentejo,"Hospital Espírito Santo de Évora, EPE","38.5684861, -7.9032848",1633,2175,75.1
2013-09,Região de Saúde do Alentejo,"Unidade Local de Saúde do Baixo Alentejo, EPE","38.014123, -7.8721227",856,1137,75.3
2013-09,Região de Saúde do Algarve,"Centro Hospitalar Universitário do Algarve, EPE","37.0238973, -7.9281554",1856,2359,78.7
2013-09,Região de Saúde LVT,"Centro Hospitalar Barreiro/Montijo, EPE","38.6554005, -9.0592392",816,1121,72.8
2013-09,Região de Saúde LVT,"Centro Hospitalar Médio Tejo, EPE","39.478072, -8.5404429",1372,1989,69.0
2013-09,Região de Saúde Norte,"Centro Hospitalar do Alto Ave, EPE","41.4387173, -8.3086907",1961,2521,77.8
2013-09,Região de Saúde Norte,"Centro Hospitalar Universitário do Porto, EPE","41.1472498, -8.6172617",4260,5168,82.4
2013-09,Região de Saúde Norte,"Centro Hospitalar Entre Douro e Vouga, EPE","40.9293884, -8.5458794",2720,3774,72.1
2013-09,Região de Saúde Norte,"Centro Hospitalar Trás-os-Montes e Alto Douro, EPE","41.3031784, -7.7515252",139,469,29.6
2013-09,Região de Saúde Norte,"Unidade Local de Saúde do Alto Minho, EPE","41.7056054, -8.8252713",2440,3057,79.8
2013-10,Região de Saúde do Alentejo,"Hospital Espírito Santo de Évora, EPE","38.5684861, -7.9032848",1808,2405,75.2
2013-10,Região de Saúde do Centro,Hospital Arcebispo João Crisóstomo,"40.3470015, -8.5933462",535,535,100.0
2013-10,Região de Saúde LVT,"Hospital de Cascais, PPP","38.729006, -9.418267",1309,1593,82.2
2013-10,Região de Saúde Norte,"Centro Hospitalar Universitário do Porto, EPE","41.1472498, -8.6172617",4888,5926,82.5
2013-10,Região de Saúde Norte,"Centro Hospitalar Entre Douro e Vouga, EPE","40.9293884, -8.5458794",3152,4296,73.4
2013-10,Região de Saúde Norte,"Unidade Local de Saúde do Alto Minho, EPE","41.7056054, -8.8252713",2739,3423,80.0
2013-11,Região de Saúde do Alentejo,"Unidade Local de Saúde do Baixo Alentejo, EPE","38.014123, -7.8721227",1014,1342,75.6
2013-11,Região de Saúde do Alentejo,"Unidade Local de Saúde do Litoral Alentejano, EPE","38.0162314, -8.6956768",870,1110,78.4
2013-11,Região de Saúde do Centro,"Centro Hospitalar e Universitário de Coimbra, EPE","40.2191523, -8.4098211",5542,7297,75.9
2013-11,Região de Saúde do Centro,"Centro Hospitalar Tondela-Viseu, EPE","40.516364, -8.0827433",3759,4371,86.0
2013-11,Região de Saúde do Centro,Hospital Dr. Francisco Zagalo,"40.8571967, -8.6318023",631,733,86.1
2013-11,Região de Saúde do Centro,"Unidade Local de Saúde da Guarda, EPE","40.5309916, -7.2734793",984,1350,72.9
2013-11,Região de Saúde LVT,"Hospital Garcia de Orta, EPE","38.6658713, -9.1822554",2306,2836,81.3
2013-11,Região de Saúde Norte,"Centro Hospitalar Universitário do Porto, EPE","41.1472498, -8.6172617",5514,6657,82.8
2013-11,Região de Saúde Norte,"Centro Hospitalar Vila Nova de Gaia/Espinho, EPE","41.1094138, -8.5972617",4824,6019,80.1
2013-11,Região de Saúde Norte,"Unidade Local de Saúde de Matosinhos, EPE","41.1794456, -8.6745115",2119,2911,72.8
2013-11,Região de Saúde Norte,"Unidade Local de Saúde do Alto Minho, EPE","41.7056054, -8.8252713",2955,3706,79.7
2013-12,Região de Saúde do Centro,Centro Medicina de Reabilitação da Região Centro Rovisco Pais,"40.297919, -8.7707806",0,0,
2013-12,Região de Saúde do Centro,"Hospital Distrital da Figueira da Foz, EPE","40.117897, -8.8586755",856,1310,65.3
2013-12,Região de Saúde LVT,"Hospital Garcia de Orta, EPE","38.6658713, -9.1822554",2545,3119,81.6
2013-12,Região de Saúde Norte,"Centro Hospitalar Póvoa de Varzim/Vila do Conde, EPE","41.3828711, -8.7589945",671,1263,53.1
2013-12,Região de Saúde Norte,"Centro Hospitalar Trás-os-Montes e Alto Douro, EPE","41.3031784, -7.7515252",1299,1823,71.3
2013-12,Região de Saúde Norte,"Unidade Local de Saúde do Alto Minho, EPE","41.7056054, -8.8252713",3104,3913,79.3
2014-01,Região de Saúde do Alentejo,"Unidade Local de Saúde do Litoral Alentejano, EPE","38.0162314, -8.6956768",31,50,62.0
2014-01,Região de Saúde do Centro,"Centro Hospitalar de Leiria, EPE","39.7414812, -8.7982706",399,524,76.1
2014-01,Região de Saúde do Centro,"Centro Hospitalar e Universitário de Coimbra, EPE","40.2191523, -8.4098211",580,752,77.1
2014-01,Região de Saúde LVT,Centro Hospitalar Psiquiátrico de Lisboa,"38.7569771, -9.1460705",0,0,
2014-01,Região de Saúde LVT,"Hospital de Loures, PPP","38.821455, -9.176296",271,309,87.7
2014-01,Região de Saúde Norte,"Hospital Santa Maria Maior, EPE","41.5324234, -8.6171561",110,123,89.4
2014-02,Região de Saúde do Alentejo,"Unidade Local de Saúde do Baixo Alentejo, EPE","38.014123, -7.8721227",256,295,86.8
2014-02,Região de Saúde do Algarve,"Centro Hospitalar Universitário do Algarve, EPE","37.0238973, -7.9281554",390,506,77.1
2014-02,Região de Saúde do Centro,"Centro Hospitalar Universitário Cova da Beira, EPE","40.2804158, -7.4922407",76,172,44.2
2014-02,Região de Saúde do Centro,"Centro Hospitalar de Leiria, EPE","39.7414812, -8.7982706",765,984,77.7
2014-02,Região de Saúde do Centro,"Centro Hospitalar e Universitário de Coimbra, EPE","40.2191523, -8.4098211",1115,1460,76.4
2014-02,Região de Saúde do Centro,"Centro Hospitalar Tondela-Viseu, EPE","40.516364, -8.0827433",791,870,90.9
2014-02,Região de Saúde do Centro,"Hospital Distrital da Figueira da Foz, EPE","40.117897, -8.8586755",226,302,74.8
2014-02,Região de Saúde do Centro,"Unidade Local de Saúde da Guarda, EPE","40.5309916, -7.2734793",228,307,74.3
2014-02,Região de Saúde LVT,"Hospital de Vila Franca de Xira, PPP","38.977235, -8.984506",409,455,89.9
2014-02,Região de Saúde LVT,"Hospital Garcia de Orta, EPE","38.6658713, -9.1822554",407,496,82.1
2014-02,Região de Saúde LVT,Instituto Gama Pinto,"38.7218793, -9.144249",502,502,100.0
2014-02,Região de Saúde Norte,"Centro Hospitalar Universitário de São João, EPE","41.1831056, -8.6010558",1081,1438,75.2
2014-02,Região de Saúde Norte,"Centro Hospitalar do Alto Ave, EPE","41.4387173, -8.3086907",433,550,78.7
2014-02,Região de Saúde Norte,"Hospital de Braga, PPP","41.56785, -8.398982",981,1116,87.9
2014-02,Região de Saúde Norte,"Hospital Santa Maria Maior, EPE","41.5324234, -8.6171561",215,245,87.8
2014-03,Região de Saúde do Algarve,"Centro Hospitalar Universitário do Algarve, EPE","37.0238973, -7.9281554",536,710,75.5
2014-03,Região de Saúde do Centro,"Unidade Local de Saúde de Castelo Branco, EPE","39.8212263, -7.4981271",183,267,68.5
2014-03,Região de Saúde LVT,"Centro Hospitalar de Setúbal, EPE","38.5283754, -8.8818638",449,600,74.8
2014-03,Região de Saúde LVT,"Centro Hospitalar Médio Tejo, EPE","39.478072, -8.5404429",453,658,68.8
2014-03,Região de Saúde LVT,Centro Hospitalar Psiquiátrico de Lisboa,"38.7569771, -9.1460705",0,0,
2014-03,Região de Saúde Norte,"Centro Hospitalar Universitário de São João, EPE","41.1831056, -8.6010558",1646,2210,74.5
2014-03,Região de Saúde Norte,"Centro Hospitalar do Alto Ave, EPE","41.4387173, -8.3086907",657,848,77.5
2014-03,Região de Saúde Norte,"Centro Hospitalar do Médio Ave, EPE","41.3423984, -8.4802503",500,685,73.0
2014-03,Região de Saúde Norte,"Centro Hospitalar Vila Nova de Gaia/Espinho, EPE","41.1094138, -8.5972617",1450,1769,82.0
2014-03,Região de Saúde Norte,"Hospital Santa Maria Maior, EPE","41.5324234, -8.6171561",325,372,87.4
2014-03,Região de Saúde Norte,"Unidade Local de Saúde do Alto Minho, EPE","41.7056054, -8.8252713",746,907,82.2
2014-04,Região de Saúde do Alentejo,"Unidade Local de Saúde do Baixo Alentejo, EPE","38.014123, -7.8721227",472,542,87.1
2014-04,Região de Saúde do Algarve,"Centro Hospitalar Universitário do Algarve, EPE","37.0238973, -7.9281554",714,951,75.1
2014-04,Região de Saúde do Centro,"Hospital Distrital da Figueira da Foz, EPE","40.117897, -8.8586755",431,600,71.8
2014-04,Região de Saúde do Centro,Hospital Dr. Francisco Zagalo,"40.8571967, -8.6318023",170,206,82.5
2014-04,Região de Saúde do Centro,"Instituto Português Oncologia de Coimbra, EPE","40.2162514, -8.4103814",17,120,14.2
2014-04,Região de Saúde LVT,"Centro Hospitalar de Lisboa Ocidental, EPE","38.708454, -9.216985",835,1088,76.7
2014-04,Região de Saúde LVT,"Centro Hospitalar Médio Tejo, EPE","39.478072, -8.5404429",629,904,69.6
2014-04,Região de Saúde LVT,"Hospital de Cascais, PPP","38.729006, -9.418267",651,747,87.1
2014-04,Região de Saúde LVT,Instituto Gama Pinto,"38.7218793, -9.144249",977,977,100.0
2014-04,Região de Saúde Norte,"Hospital de Braga, PPP","41.56785, -8.398982",1843,2148,85.8
2014-04,Região de Saúde Norte,"Instituto Português Oncologia do Porto, EPE","41.1785642, -8.6062881",355,413,86.0
2014-04,Região de Saúde Norte,"Unidade Local de Saúde do Nordeste, EPE","41.8056532, -6.7888197",689,829,83.1
2014-05,Região de Saúde do Alentejo,"Hospital Espírito Santo de Évora, EPE","38.5684861, -7.9032848",1099,1429,76.9
2014-05,Região de Saúde do Centro,"Centro Hospitalar de Leiria, EPE","39.7414812, -8.7982706",1823,2407,75.7
2014-05,Região de Saúde do Centro,"Centro Hospitalar Tondela-Viseu, EPE","40.516364, -8.0827433",1863,2055,90.7
2014-05,Região de Saúde do Centro,Hospital Dr. Francisco Zagalo,"40.8571967, -8.6318023",205,248,82.7
2014-05,Região de Saúde LVT,"Centro Hospitalar Universitário de Lisboa Norte, EPE","38.7500861, -9.1616116",1227,1626,75.5
2014-05,Região de Saúde LVT,"Hospital Professor Doutor Fernando Fonseca, EPE","38.7422257, -9.2264834",1409,2093,67.3
2014-05,Região de Saúde Norte,"Centro Hospitalar Entre Douro e Vouga, EPE","40.9293884, -8.5458794",2028,2483,81.7
2014-05,Região de Saúde Norte,"Centro Hospitalar Póvoa de Varzim/Vila do Conde, EPE","41.3828711, -8.7589945",261,503,51.9
2014-05,Região de Saúde Norte,"Centro Hospitalar Tâmega e Sousa, EPE","41.2494561, -8.264901",1271,1717,74.0
2014-06,Região de Saúde do Alentejo,"Unidade Local de Saúde do Litoral Alentejano, EPE","38.0162314, -8.6956768",444,576,77.1
2014-06,Região de Saúde do Centro,Hospital Arcebispo João Crisóstomo,"40.3470015, -8.5933462",361,361,100.0
2014-06,Região de Saúde do Centro,"Hospital Distrital da Figueira da Foz, EPE","40.117897, -8.8586755",683,975,70.1
2014-06,Região de Saúde LVT,"Centro Hospitalar Médio Tejo, EPE","39.478072, -8.5404429",1015,1441,70.4
2014-06,Região de Saúde LVT,"Hospital de Cascais, PPP","38.729006, -9.418267",1009,1150,87.7
2014-06,Região de Saúde LVT,"Instituto Português Oncologia de Lisboa, EPE","38.7396768, -9.1634516",47,203,23.2
2014-06,Região de Saúde Norte,"Unidade Local de Saúde de Matosinhos, EPE","41.1794456, -8.6745115",1512,1966,76.9
2014-07,Região de Saúde do Algarve,"Centro Hospitalar Universitário do Algarve, EPE","37.0238973, -7.9281554",1154,1561,73.9
2014-07,Região de Saúde do Centro,"Centro Hospitalar de Leiria, EPE","39.7414812, -8.7982706",2423,3219,75.3
2014-07,Região de Saúde do Centro,Centro Medicina de Reabilitação da Região Centro Rovisco Pais,"40.297919, -8.7707806",0,0,
2014-07,Região de Saúde do Centro,"Hospital Distrital da Figueira da Foz, EPE","40.117897, -8.8586755",806,1143,70.5
2014-07,Região de Saúde LVT,"Centro Hospitalar Universitário Lisboa Central, EPE","38.7166948, -9.1371248",3422,4195,81.6
2014-07,Região de Saúde LVT,Centro Hospitalar do Oeste,"39.4054629, -9.1258493",755,1108,68.1
2014-07,Região de Saúde LVT,"Centro Hospitalar Universitário de Lisboa Norte, EPE","38.7500861, -9.1616116",1717,2230,77.0
2014-07,Região de Saúde LVT,Centro Hospitalar Psiquiátrico de Lisboa,"38.7569771, -9.1460705",0,0,
2014-07,Região de Saúde LVT,"Hospital de Cascais, PPP","38.729006, -9.418267",1198,1363,87.9
2014-07,Região de Saúde Norte,"Centro Hospitalar Trás-os-Montes e Alto Douro, EPE","41.3031784, -7.7515252",2478,2799,88.5
2014-07,Região de Saúde Norte,"Unidade Local de Saúde do Alto Minho, EPE","41.7056054, -8.8252713",1881,2303,81.7
2014-08,Região de Saúde do Alentejo,"Hospital Espírito Santo de Évora, EPE","38.5684861, -7.9032848",1599,2095,76.3
2014-08,Região de Saúde do Centro,"Centro Hospitalar do Baixo Vouga, EPE","40.6362453, -8.6543716",1755,2182,80.4
2014-08,Região de Saúde do Centro,"Centro Hospitalar Tondela-Viseu, EPE","40.516364, -8.0827433",2829,3116,90.8
2014-08,Região de Saúde do Centro,Centro Medicina de Reabilitação da Região Centro Rovisco Pais,"40.297919, -8.7707806",0,0,
2014-08,Região de Saúde do Centro,"Hospital Distrital da Figueira da Foz, EPE","40.117897, -8.8586755",895,1251,71.5
2014-08,Região de Saúde LVT,"Hospital de Loures, PPP","38.821455, -9.176296",2105,2466,85.4
2014-08,Região de Saúde Norte,"Centro Hospitalar do Alto Ave, EPE","41.4387173, -8.3086907",1603,2096,76.5
2014-08,Região de Saúde Norte,"Centro Hospitalar Vila Nova de Gaia/Espinho, EPE","41.1094138, -8.5972617",3417,4185,81.6
2014-09,Região de Saúde do Centro,Centro Medicina de Reabilitação da Região Centro Rovisco Pais,"40.297919, -8.7707806",0,0,
2014-09,Região de Saúde do Centro,Hospital Dr. Francisco Zagalo,"40.8571967, -8.6318023",349,418,83.5
2014-09,Região de Saúde do Centro,"Instituto Português Oncologia de Coimbra, EPE","40.2162514, -8.4103814",32,230,13.9
2014-09,Região de Saúde LVT,"Centro Hospitalar Médio Tejo, EPE","39.478072, -8.5404429",1397,1931,72.3
2014-09,Região de Saúde LVT,"Hospital Distrital de Santarém, EPE","39.2410946, -8.6937515",1147,1554,73.8
2014-09,Região de Saúde Norte,"Centro Hospitalar Vila Nova de Gaia/Espinho, EPE","41.1094138, -8.5972617",3835,4700,81.6
2014-09,Região de Saúde Norte,"Unidade Local de Saúde de Matosinhos, EPE","41.1794456, -8.6745115",2032,2646,76.8
2014-10,Região de Saúde do Algarve,"Centro Hospitalar Universitário do Algarve, EPE","37.0238973, -7.9281554",1582,2157,73.3
2014-10,Região de Saúde do Centro,"Centro Hospitalar Universitário Cova da Beira, EPE","40.2804158, -7.4922407",359,779,46.1
2014-10,Região de Saúde do Centro,"Centro Hospitalar de Leiria, EPE","39.7414812, -8.7982706",3334,4357,76.5
2014-10,Região de Saúde do Centro,Centro Medicina de Reabilitação da Região Centro Rovisco Pais,"40.297919, -8.7707806",0,0,
2014-10,Região de Saúde do Centro,Hospital Arcebispo João Crisóstomo,"40.3470015, -8.5933462",522,522,100.0
2014-10,Região de Saúde LVT,"Hospital de Cascais, PPP","38.729006, -9.418267",1740,1985,87.7
2014-10,Região de Saúde LVT,"Hospital Distrital de Santarém, EPE","39.2410946, -8.6937515",1324,1752,75.6
2014-10,Região de Saúde Norte,"Centro Hospitalar Universitário de São João, EPE","41.1831056, -8.6010558",4756,6364,74.7
2014-10,Região de Saúde Norte,"Hospital de Magalhães Lemos, EPE","41.1764649, -8.6649823",0,0,
2014-10,Região de Saúde Norte,"Unidade Local de Saúde do Nordeste, EPE","41.8056532, -6.7888197",1799,2110,85.3
2014-11,Região de Saúde do Alentejo,"Unidade Local de Saúde do Norte Alentejano, EPE","39.3003425, -7.4263845",1070,1411,75.8
2014-11,Região de Saúde do Centro,"Centro Hospitalar e Universitário de Coimbra, EPE","40.2191523, -8.4098211",5458,7156,76.3
2014-11,Região de Saúde do Centro,"Unidade Local de Saúde da Guarda, EPE","40.5309916, -7.2734793",1226,1544,79.4
2014-11,Região de Saúde LVT,"Centro Hospitalar de Setúbal, EPE","38.5283754, -8.8818638",1711,2118,80.8
2014-11,Região de Saúde LVT,Centro Hospitalar Psiquiátrico de Lisboa,"38.7569771, -9.1460705",0,0,
2014-11,Região de Saúde LVT,"Instituto Português Oncologia de Lisboa, EPE","38.7396768, -9.1634516",109,424,25.7
2014-11,Região de Saúde Norte,"Centro Hospitalar Entre Douro e Vouga, EPE","40.9293884, -8.5458794",4252,5316,80.0
2014-11,Região de Saúde Norte,"Centro Hospitalar Tâmega e Sousa, EPE","41.2494561, -8.264901",2857,3885,73.5
2014-11,Região de Saúde Norte,"Centro Hospitalar Vila Nova de Gaia/Espinho, EPE","41.1094138, -8.5972617",4925,6014,81.9
2014-11,Região de Saúde Norte,"Hospital de Magalhães Lemos, EPE","41.1764649, -8.6649823",0,0,
2014-11,Região de Saúde Norte,"Unidade Local de Saúde do Nordeste, EPE","41.8056532, -6.7888197",1978,2307,85.7
2014-12,Região de Saúde do Alentejo,"Hospital Espírito Santo de Évora, EPE","38.5684861, -7.9032848",2272,2987,76.1
2014-12,Região de Saúde do Centro,Hospital Arcebispo João Crisóstomo,"40.3470015, -8.5933462",579,579,100.0
2014-12,Região de Saúde do Centro,"Unidade Local de Saúde de Castelo Branco, EPE","39.8212263, -7.4981271",668,961,69.5
2014-12,Região de Saúde LVT,"Centro Hospitalar Universitário Lisboa Central, EPE","38.7166948, -9.1371248",5551,6766,82.0
2014-12,Região de Saúde LVT,"Instituto Português Oncologia de Lisboa, EPE","38.7396768, -9.1634516",124,463,26.8
2014-12,Região de Saúde Norte,"Centro Hospitalar do Médio Ave, EPE","41.3423984, -8.4802503",1447,1947,74.3
2014-12,Região de Saúde Norte,"Centro Hospitalar Universitário do Porto, EPE","41.1472498, -8.6172617",6395,7910,80.8
2014-12,Região de Saúde Norte,"Centro Hospitalar Entre Douro e Vouga, EPE","40.9293884, -8.5458794",4557,5712,79.8
2014-12,Região de Saúde Norte,"Instituto Português Oncologia do Porto, EPE","41.1785642, -8.6062881",985,1149,85.7
2015-01,Região de Saúde do Alentejo,"Unidade Local de Saúde do Litoral Alentejano, EPE","38.0162314, -8.6956768",102,121,84.3
2015-01,Região de Saúde do Centro,Centro Medicina de Reabilitação da Região Centro Rovisco Pais,"40.297919, -8.7707806",0,0,
2015-01,Região de Saúde LVT,"Hospital de Vila Franca de Xira, PPP","38.977235, -8.984506",285,340,83.8
2015-01,Região de Saúde LVT,Instituto Gama Pinto,"38.7218793, -9.144249",238,238,100.0
2015-01,Região de Saúde LVT,"Instituto Português Oncologia de Lisboa, EPE","38.7396768, -9.1634516",61,80,76.2
2015-01,Região de Saúde Norte,"Unidade Local de Saúde do Nordeste, EPE","41.8056532, -6.7888197",210,240,87.5
2015-02,Região de Saúde do Centro,"Centro Hospitalar de Leiria, EPE","39.7414812, -8.7982706",697,918,75.9
2015-02,Região de Saúde do Centro,"Instituto Português Oncologia de Coimbra, EPE","40.2162514, -8.4103814",17,74,23.0
2015-02,Região de Saúde do Centro,"Unidade Local de Saúde da Guarda, EPE","40.5309916, -7.2734793",205,250,82.0
2015-02,Região de Saúde Norte,"Hospital da Senhora da Oliveira, Guimarães, EPE","41.4387173, -8.3086907",523,703,74.4
2015-03,Região de Saúde do Alentejo,"Unidade Local de Saúde do Baixo Alentejo, EPE","38.014123, -7.8721227",365,481,75.9
2015-03,Região de Saúde do Algarve,"Centro Hospitalar Universitário do Algarve, EPE","37.0238973, -7.9281554",764,903,84.6
2015-03,Região de Saúde do Centro,Hospital Arcebispo João Crisóstomo,"40.3470015, -8.5933462",162,162,100.0
2015-03,Região de Saúde do Centro,"Unidade Local de Saúde de Castelo Branco, EPE","39.8212263, -7.4981271",256,393,65.1
2015-03,Região de Saúde LVT,"Centro Hospitalar Barreiro/Montijo, EPE","38.6554005, -9.0592392",450,597,75.4
2015-03,Região de Saúde LVT,"Centro Hospitalar de Setúbal, EPE","38.5283754, -8.8818638",739,892,82.8
2015-03,Região de Saúde LVT,Centro Hospitalar do Oeste,"39.4054629, -9.1258493",322,441,73.0
2015-03,Região de Saúde LVT,"Centro Hospitalar Médio Tejo, EPE","39.478072, -8.5404429",476,657,72.5
2015-03,Região de Saúde LVT,"Instituto Português Oncologia de Lisboa, EPE","38.7396768, -9.1634516",193,254,76.0
2015-03,Região de Saúde Norte,"Instituto Português Oncologia do Porto, EPE","41.1785642, -8.6062881",317,379,83.6
2015-04,Região de Saúde do Centro,"Centro Hospitalar Tondela-Viseu, EPE","40.516364, -8.0827433",2031,2206,92.1
2015-04,Região de Saúde do Centro,"Instituto Português Oncologia de Coimbra, EPE","40.2162514, -8.4103814",27,142,19.0
2015-04,Região de Saúde LVT,Centro Hospitalar do Oeste,"39.4054629, -9.1258493",413,565,73.1
2015-04,Região de Saúde LVT,Instituto Gama Pinto,"38.7218793, -9.144249",939,939,100.0
2015-04,Região de Saúde LVT,"Instituto Português Oncologia de Lisboa, EPE","38.7396768, -9.1634516",279,379,73.6
2015-04,Região de Saúde Norte,"Centro Hospitalar Universitário de São João, EPE","41.1831056, -8.6010558",2592,3403,76.2
2015-04,Região de Saúde Norte,"Hospital de Braga, PPP","41.56785, -8.398982",2374,2886,82.3
2015-05,Região de Saúde do Alentejo,"Unidade Local de Saúde do Norte Alentejano, EPE","39.3003425, -7.4263845",650,852,76.3
2015-05,Região de Saúde do Centro,Hospital Arcebispo João Crisóstomo,"40.3470015, -8.5933462",301,301,100.0
2015-05,Região de Saúde do Centro,"Hospital Distrital da Figueira da Foz, EPE","40.117897, -8.8586755",756,1009,74.9
2015-05,Região de Saúde do Centro,"Instituto Português Oncologia de Coimbra, EPE","40.2162514, -8.4103814",38,182,20.9
2015-05,Região de Saúde do Centro,"Unidade Local de Saúde de Castelo Branco, EPE","39.8212263, -7.4981271",406,644,63.0
2015-05,Região de Saúde LVT,"Centro Hospitalar Universitário Lisboa Central, EPE","38.7166948, -9.1371248",3760,4414,85.2
2015-05,Região de Saúde LVT,"Centro Hospitalar de Setúbal, EPE","38.5283754, -8.8818638",1306,1549,84.3
2015-05,Região de Saúde LVT,"Centro Hospitalar Médio Tejo, EPE","39.478072, -8.5404429",918,1225,74.9
2015-05,Região de Saúde Norte,"Centro Hospitalar do Médio Ave, EPE","41.3423984, -8.4802503",829,1190,69.7
2015-05,Região de Saúde Norte,"Hospital da Senhora da Oliveira, Guimarães, EPE","41.4387173, -8.3086907",1422,1946,73.1
2015-05,Região de Saúde Norte,"Unidade Local de Saúde do Alto Minho, EPE","41.7056054, -8.8252713",1699,2111,80.5
2015-06,Região de Saúde do Alentejo,"Unidade Local de Saúde do Litoral Alentejano, EPE","38.0162314, -8.6956768",224,356,62.9
2015-06,Região de Saúde do Centro,"Centro Hospitalar Tondela-Viseu, EPE","40.516364, -8.0827433",2942,3201,91.9
2015-06,Região de Saúde do Centro,Hospital Dr. Francisco Zagalo,"40.8571967, -8.6318023",383,436,87.8
2015-06,Região de Saúde do Centro,"Unidade Local de Saúde de Castelo Branco, EPE","39.8212263, -7.4981271",459,734,62.5
2015-06,Região de Saúde LVT,Centro Hospitalar Psiquiátrico de Lisboa,"38.7569771, -9.1460705",0,0,
2015-06,Região de Saúde LVT,"Instituto Português Oncologia de Lisboa, EPE","38.7396768, -9.1634516",440,594,74.1
2015-06,Região de Saúde Norte,"Hospital da Senhora da Oliveira, Guimarães, EPE","41.4387173, -8.3086907",1691,2308,73.3
2015-06,Região de Saúde Norte,"Hospital de Braga, PPP","41.56785, -8.398982",3492,4261,82.0
2015-07,Região de Saúde do Alentejo,"Hospital Espírito Santo de Évora, EPE","38.5684861, -7.9032848",1407,1940,72.5
2015-07,Região de Saúde do Centro,"Centro Hospitalar do Baixo Vouga, EPE","40.6362453, -8.6543716",2367,2965,79.8
2015-07,Região de Saúde do Centro,"Unidade Local de Saúde da Guarda, EPE","40.5309916, -7.2734793",717,933,76.8
2015-07,Região de Saúde do Centro,"Unidade Local de Saúde de Castelo Branco, EPE","39.8212263, -7.4981271",511,839,60.9
2015-07,Região de Saúde LVT,"Hospital de Loures, PPP","38.821455, -9.176296",2589,3059,84.6
2015-07,Região de Saúde Norte,"Centro Hospitalar Universitário do Porto, EPE","41.1472498, -8.6172617",4491,5822,77.1
2015-07,Região de Saúde Norte,"Centro Hospitalar Entre Douro e Vouga, EPE","40.9293884, -8.5458794",2806,3646,77.0
2015-08,Região de Saúde do Alentejo,"Unidade Local de Saúde do Litoral Alentejano, EPE","38.0162314, -8.6956768",259,433,59.8
2015-08,Região de Saúde do Centro,"Centro Hospitalar de Leiria, EPE","39.7414812, -8.7982706",2596,3586,72.4
2015-08,Região de Saúde do Centro,"Centro Hospitalar e Universitário de Coimbra, EPE","40.2191523, -8.4098211",5576,7276,76.6
2015-08,Região de Saúde do Centro,"Centro Hospitalar Tondela-Viseu, EPE","40.516364, -8.0827433",3660,4008,91.3
2015-08,Região de Saúde do Centro,Centro Medicina de Reabilitação da Região Centro Rovisco Pais,"40.297919, -8.7707806",0,0,
2015-08,Região de Saúde do Centro,"Unidade Local de Saúde da Guarda, EPE","40.5309916, -7.2734793",766,1002,76.4
2015-08,Região de Saúde LVT,"Hospital de Loures, PPP","38.821455, -9.176296",2943,3481,84.5
2015-08,Região de Saúde Norte,"Centro Hospitalar Universitário do Porto, EPE","41.1472498, -8.6172617",4753,6145,77.3
2015-08,Região de Saúde Norte,"Centro Hospitalar Póvoa de Varzim/Vila do Conde, EPE","41.3828711, -8.7589945",569,1014,56.1
2015-08,Região de Saúde Norte,"Centro Hospitalar Trás-os-Montes e Alto Douro, EPE","41.3031784, -7.7515252",2590,2988,86.7
2015-08,Região de Saúde Norte,"Instituto Português Oncologia do Porto, EPE","41.1785642, -8.6062881",778,948,82.1
2015-08,Região de Saúde Norte,"Unidade Local de Saúde do Nordeste, EPE","41.8056532, -6.7888197",1802,2153,83.7
2015-09,Região de Saúde do Alentejo,"Unidade Local de Saúde do Norte Alentejano, EPE","39.3003425, -7.4263845",1077,1426,75.5
2015-09,Região de Saúde do Centro,"Centro Hospitalar de Leiria, EPE","39.7414812, -8.7982706",2891,4040,71.6
2015-09,Região de Saúde do Centro,"Centro Hospitalar e Universitário de Coimbra, EPE","40.2191523, -8.4098211",6343,8271,76.7
2015-09,Região de Saúde do Centro,Centro Medicina de Reabilitação da Região Centro Rovisco Pais,"40.297919, -8.7707806",0,0,
2015-09,Região de Saúde LVT,Centro Hospitalar Psiquiátrico de Lisboa,"38.7569771, -9.1460705",0,0,
2015-09,Região de Saúde LVT,"Hospital de Cascais, PPP","38.729006, -9.418267",1648,1942,84.9
2015-09,Região de Saúde Norte,"Centro Hospitalar do Médio Ave, EPE","41.3423984, -8.4802503",1489,2061,72.2
2015-09,Região de Saúde Norte,"Hospital de Magalhães Lemos, EPE","41.1764649, -8.6649823",0,0,
2015-10,Região de Saúde do Alentejo,"Hospital Espírito Santo de Évora, EPE","38.5684861, -7.9032848",2001,2710,73.8
2015-10,Região de Saúde do Centro,Hospital Arcebispo João Crisóstomo,"40.3470015, -8.5933462",657,657,100.0
2015-10,Região de Saúde do Centro,"Instituto Português Oncologia de Coimbra, EPE","40.2162514, -8.4103814",59,259,22.8
2015-10,Região de Saúde LVT,"Centro Hospitalar Barreiro/Montijo, EPE","38.6554005, -9.0592392",1391,1802,77.2
2015-10,Região de Saúde LVT,"Centro Hospitalar de Lisboa Ocidental, EPE","38.708454, -9.216985",2397,3062,78.3
2015-10,Região de Saúde LVT,"Centro Hospitalar Médio Tejo, EPE","39.478072, -8.5404429",2010,2645,76.0
2015-10,Região de Saúde LVT,"Hospital Distrital de Santarém, EPE","39.2410946, -8.6937515",1571,1730,90.8
2015-10,Região de Saúde LVT,"Hospital Professor Doutor Fernando Fonseca, EPE","38.7422257, -9.2264834",2378,3974,59.8
2015-10,Região de Saúde Norte,"Centro Hospitalar Universitário de São João, EPE","41.1831056, -8.6010558",5626,7343,76.6
2015-10,Região de Saúde Norte,"Centro Hospitalar Entre Douro e Vouga, EPE","40.9293884, -8.5458794",4079,5413,75.4
2015-10,Região de Saúde Norte,"Centro Hospitalar Tâmega e Sousa, EPE","41.2494561, -8.264901",4009,5210,76.9
2015-10,Região de Saúde Norte,"Hospital da Senhora da Oliveira, Guimarães, EPE","41.4387173, -8.3086907",2690,3738,72.0
2015-10,Região de Saúde Norte,"Hospital Santa Maria Maior, EPE","41.5324234, -8.6171561",1588,1859,85.4
2015-10,Região de Saúde Norte,"Unidade Local de Saúde do Alto Minho, EPE","41.7056054, -8.8252713",3347,4124,81.2
2015-11,Região de Saúde LVT,"Centro Hospitalar Universitário Lisboa Central, EPE","38.7166948, -9.1371248",7708,9051,85.2
2015-11,Região de Saúde LVT,Centro Hospitalar do Oeste,"39.4054629, -9.1258493",743,1009,73.6
2015-11,Região de Saúde LVT,"Hospital de Vila Franca de Xira, PPP","38.977235, -8.984506",3578,4294,83.3
2015-12,Região de Saúde do Alentejo,"Hospital Espírito Santo de Évora, EPE","38.5684861, -7.9032848",2313,3164,73.1
2015-12,Região de Saúde do Centro,Hospital Arcebispo João Crisóstomo,"40.3470015, -8.5933462",736,736,100.0
2015-12,Região de Saúde do Centro,"Unidade Local de Saúde de Castelo Branco, EPE","39.8212263, -7.4981271",932,1446,64.5
2015-12,Região de Saúde LVT,"Centro Hospitalar Universitário Lisboa Central, EPE","38.7166948, -9.1371248",8242,9668,85.3
2015-12,Região de Saúde LVT,Centro Hospitalar Psiquiátrico de Lisboa,"38.7569771, -9.1460705",0,0,
2015-12,Região de Saúde LVT,"Hospital Professor Doutor Fernando Fonseca, EPE","38.7422257, -9.2264834",3015,4925,61.2
2015-12,Região de Saúde Norte,"Unidade Local de Saúde do Nordeste, EPE","41.8056532, -6.7888197",3011,3497,86.1
2016-01,Região de Saúde do Centro,"Centro Hospitalar Universitário Cova da Beira, EPE","40.2804158, -7.4922407",78,127,61.4
2016-01,Região de Saúde do Centro,Centro Medicina de Reabilitação da Região Centro Rovisco Pais,"40.297919, -8.7707806",0,0,
2016-01,Região de Saúde Norte,"Centro Hospitalar Entre Douro e Vouga, EPE","40.9293884, -8.5458794",301,397,75.8
2016-01,Região de Saúde Norte,"Centro Hospitalar Póvoa de Varzim/Vila do Conde, EPE","41.3828711, -8.7589945",104,145,71.7
2016-01,Região de Saúde Norte,"Hospital de Braga, PPP","41.56785, -8.398982",491,597,82.2
2016-02,Região de Saúde do Centro,Hospital Arcebispo João Crisóstomo,"40.3470015, -8.5933462",132,132,100.0
2016-02,Região de Saúde LVT,"Centro Hospitalar Barreiro/Montijo, EPE","38.6554005, -9.0592392",276,356,77.5
2016-02,Região de Saúde LVT,"Centro Hospitalar de Lisboa Ocidental, EPE","38.708454, -9.216985",462,594,77.8
2016-02,Região de Saúde LVT,"Hospital de Cascais, PPP","38.729006, -9.418267",497,557,89.2
2016-02,Região de Saúde LVT,"Hospital de Vila Franca de Xira, PPP","38.977235, -8.984506",554,684,81.0
2016-02,Região de Saúde LVT,"Hospital Distrital de Santarém, EPE","39.2410946, -8.6937515",301,327,92.0
2016-02,Região de Saúde Norte,"Centro Hospitalar Universitário do Porto, EPE","41.1472498, -8.6172617",1362,1655,82.3
2016-02,Região de Saúde Norte,"Hospital de Braga, PPP","41.56785, -8.398982",1021,1226,83.3
2016-02,Região de Saúde Norte,"Unidade Local de Saúde do Alto Minho, EPE","41.7056054, -8.8252713",622,773,80.5
2016-03,Região de Saúde do Centro,"Centro Hospitalar e Universitário de Coimbra, EPE","40.2191523, -8.4098211",2399,3060,78.4
2016-03,Região de Saúde do Centro,"Centro Hospitalar Tondela-Viseu, EPE","40.516364, -8.0827433",1432,1560,91.8
2016-03,Região de Saúde do Centro,"Hospital Distrital da Figueira da Foz, EPE","40.117897, -8.8586755",493,699,70.5
2016-03,Região de Saúde LVT,Centro Hospitalar Psiquiátrico de Lisboa,"38.7569771, -9.1460705",0,0,
2016-03,Região de Saúde Norte,"Hospital da Senhora da Oliveira, Guimarães, EPE","41.4387173, -8.3086907",751,1032,72.8
2016-03,Região de Saúde Norte,"Instituto Português Oncologia do Porto, EPE","41.1785642, -8.6062881",329,390,84.4
2016-03,Região de Saúde Norte,"Unidade Local de Saúde do Alto Minho, EPE","41.7056054, -8.8252713",967,1182,81.8
2016-04,Região de Saúde do Centro,"Hospital Distrital da Figueira da Foz, EPE","40.117897, -8.8586755",661,949,69.7
2016-04,Região de Saúde LVT,"Hospital de Cascais, PPP","38.729006, -9.418267",1013,1133,89.4
2016-04,Região de Saúde LVT,"Hospital de Loures, PPP","38.821455, -9.176296",1230,1467,83.8
2016-04,Região de Saúde Norte,"Centro Hospitalar Universitário do Porto, EPE","41.1472498, -8.6172617",2765,3440,80.4
2016-04,Região de Saúde Norte,"Centro Hospitalar Entre Douro e Vouga, EPE","40.9293884, -8.5458794",1298,1685,77.0
2016-04,Região de Saúde Norte,"Centro Hospitalar Tâmega e Sousa, EPE","41.2494561, -8.264901",1931,2300,84.0
2016-04,Região de Saúde Norte,"Hospital da Senhora da Oliveira, Guimarães, EPE","41.4387173, -8.3086907",956,1342,71.2
2016-04,Região de Saúde Norte,"Hospital de Magalhães Lemos, EPE","41.1764649, -8.6649823",0,0,
2016-04,Região de Saúde Norte,"Hospital Santa Maria Maior, EPE","41.5324234, -8.6171561",505,625,80.8
2016-05,Região de Saúde do Centro,Centro Medicina de Reabilitação da Região Centro Rovisco Pais,"40.297919, -8.7707806",0,0,
2016-05,Região de Saúde do Centro,"Instituto Português Oncologia de Coimbra, EPE","40.2162514, -8.4103814",35,175,20.0
2016-05,Região de Saúde LVT,"Hospital de Cascais, PPP","38.729006, -9.418267",1236,1385,89.2
2016-05,Região de Saúde LVT,"Hospital Professor Doutor Fernando Fonseca, EPE","38.7422257, -9.2264834",1906,2453,77.7
2016-05,Região de Saúde Norte,"Hospital da Senhora da Oliveira, Guimarães, EPE","41.4387173, -8.3086907",1258,1729,72.8
2016-05,Região de Saúde Norte,"Hospital Santa Maria Maior, EPE","41.5324234, -8.6171561",620,795,78.0
2016-05,Região de Saúde Norte,"Unidade Local de Saúde de Matosinhos, EPE","41.1794456, -8.6745115",1590,1973,80.6
2016-06,Região de Saúde do Alentejo,"Hospital Espírito Santo de Évora, EPE","38.5684861, -7.9032848",1199,1608,74.6
2016-06,Região de Saúde do Alentejo,"Unidade Local de Saúde do Litoral Alentejano, EPE","38.0162314, -8.6956768",646,780,82.8
2016-06,Região de Saúde do Alentejo,"Unidade Local de Saúde do Norte Alentejano, EPE","39.3003425, -7.4263845",882,1071,82.4
2016-06,Região de Saúde do Centro,"Centro Hospitalar e Universitário de Coimbra, EPE","40.2191523, -8.4098211",4891,6290,77.8
2016-06,Região de Saúde do Centro,"Hospital Distrital da Figueira da Foz, EPE","40.117897, -8.8586755",1002,1399,71.6
2016-06,Região de Saúde LVT,"Centro Hospitalar de Lisboa Ocidental, EPE","38.708454, -9.216985",1424,1822,78.2
2016-06,Região de Saúde LVT,"Instituto Português Oncologia de Lisboa, EPE","38.7396768, -9.1634516",539,729,73.9
2016-06,Região de Saúde Norte,"Centro Hospitalar Universitário do Porto, EPE","41.1472498, -8.6172617",4093,5161,79.3
2016-06,Região de Saúde Norte,"Centro Hospitalar Entre Douro e Vouga, EPE","40.9293884, -8.5458794",2182,2789,78.2
2016-06,Região de Saúde Norte,"Centro Hospitalar Póvoa de Varzim/Vila do Conde, EPE","41.3828711, -8.7589945",584,895,65.3
2016-07,Região de Saúde do Centro,"Centro Hospitalar Universitário Cova da Beira, EPE","40.2804158, -7.4922407",653,1035,63.1
2016-07,Região de Saúde do Centro,"Centro Hospitalar de Leiria, EPE","39.7414812, -8.7982706",2448,3274,74.8
2016-07,Região de Saúde do Centro,"Unidade Local de Saúde de Castelo Branco, EPE","39.8212263, -7.4981271",631,912,69.2
2016-07,Região de Saúde LVT,"Centro Hospitalar de Lisboa Ocidental, EPE","38.708454, -9.216985",1625,2081,78.1
2016-07,Região de Saúde LVT,Centro Hospitalar Psiquiátrico de Lisboa,"38.7569771, -9.1460705",0,0,
2016-07,Região de Saúde LVT,"Hospital Professor Doutor Fernando Fonseca, EPE","38.7422257, -9.2264834",2680,3460,77.5
2016-07,Região de Saúde Norte,"Hospital de Magalhães Lemos, EPE","41.1764649, -8.6649823",0,0,
2016-07,Região de Saúde Norte,"Hospital Santa Maria Maior, EPE","41.5324234, -8.6171561",893,1174,76.1
2016-07,Região de Saúde Norte,"Unidade Local de Saúde de Matosinhos, EPE","41.1794456, -8.6745115",2470,3023,81.7
2016-08,Região de Saúde do Alentejo,"Unidade Local de Saúde do Norte Alentejano, EPE","39.3003425, -7.4263845",1035,1263,81.9
2016-08,Região de Saúde do Algarve,"Centro Hospitalar Universitário do Algarve, EPE","37.0238973, -7.9281554",1602,2014,79.5
2016-08,Região de Saúde do Centro,"Centro Hospitalar do Baixo Vouga, EPE","40.6362453, -8.6543716",2214,2724,81.3
2016-08,Região de Saúde do Centro,Hospital Arcebispo João Crisóstomo,"40.3470015, -8.5933462",476,476,100.0
2016-08,Região de Saúde do Centro,"Instituto Português Oncologia de Coimbra, EPE","40.2162514, -8.4103814",44,244,18.0
2016-08,Região de Saúde Norte,"Centro Hospitalar Universitário de São João, EPE","41.1831056, -8.6010558",4115,5693,72.3
2016-08,Região de Saúde Norte,"Centro Hospitalar do Médio Ave, EPE","41.3423984, -8.4802503",1428,1825,78.2
2016-08,Região de Saúde Norte,"Centro Hospitalar Póvoa de Varzim/Vila do Conde, EPE","41.3828711, -8.7589945",705,1113,63.3
2016-08,Região de Saúde Norte,"Hospital da Senhora da Oliveira, Guimarães, EPE","41.4387173, -8.3086907",1987,2697,73.7
2016-08,Região de Saúde Norte,"Instituto Português Oncologia do Porto, EPE","41.1785642, -8.6062881",787,930,84.6
2016-09,Região de Saúde do Algarve,"Centro Hospitalar Universitário do Algarve, EPE","37.0238973, -7.9281554",1819,2298,79.2
2016-09,Região de Saúde LVT,"Centro Hospitalar Universitário Lisboa Central, EPE","38.7166948, -9.1371248",5677,6707,84.6
2016-09,Região de Saúde Norte,"Centro Hospitalar do Médio Ave, EPE","41.3423984, -8.4802503",1652,2100,78.7
2016-09,Região de Saúde Norte,"Hospital de Braga, PPP","41.56785, -8.398982",4873,5907,82.5
2016-09,Região de Saúde Norte,"Hospital Santa Maria Maior, EPE","41.5324234, -8.6171561",1128,1487,75.9
2016-09,Região de Saúde Norte,"Unidade Local de Saúde de Matosinhos, EPE","41.1794456, -8.6745115",3281,3975,82.5
2016-10,Região de Saúde do Alentejo,"Unidade Local de Saúde do Baixo Alentejo, EPE","38.014123, -7.8721227",1442,1767,81.6
2016-10,Região de Saúde do Centro,"Centro Hospitalar de Leiria, EPE","39.7414812, -8.7982706",3390,4519,75.0
2016-10,Região de Saúde do Centro,"Centro Hospitalar do Baixo Vouga, EPE","40.6362453, -8.6543716",2953,3615,81.7
2016-10,Região de Saúde do Centro,"Centro Hospitalar e Universitário de Coimbra, EPE","40.2191523, -8.4098211",7393,9516,77.7
2016-10,Região de Saúde LVT,"Centro Hospitalar de Lisboa Ocidental, EPE","38.708454, -9.216985",2337,2947,79.3
2016-10,Região de Saúde LVT,"Centro Hospitalar Universitário de Lisboa Norte, EPE","38.7500861, -9.1616116",4020,5319,75.6
2016-10,Região de Saúde LVT,"Hospital Distrital de Santarém, EPE","39.2410946, -8.6937515",1811,1970,91.9
2016-10,Região de Saúde LVT,Instituto Gama Pinto,"38.7218793, -9.144249",2307,2307,100.0
2016-10,Região de Saúde Norte,"Centro Hospitalar Universitário de São João, EPE","41.1831056, -8.6010558",4618,6419,71.9
2016-10,Região de Saúde Norte,"Centro Hospitalar Póvoa de Varzim/Vila do Conde, EPE","41.3828711, -8.7589945",914,1449,63.1
2016-10,Região de Saúde Norte,"Hospital da Senhora da Oliveira, Guimarães, EPE","41.4387173, -8.3086907",2649,3513,75.4
2016-11,Região de Saúde do Alentejo,"Unidade Local de Saúde do Norte Alentejano, EPE","39.3003425, -7.4263845",1442,1778,81.1
2016-11,Região de Saúde do Centro,"Centro Hospitalar e Universitário de Coimbra, EPE","40.2191523, -8.4098211",8236,10616,77.6
2016-11,Região de Saúde LVT,Centro Hospitalar do Oeste,"39.4054629, -9.1258493",1198,1640,73.0
2016-11,Região de Saúde LVT,"Hospital Professor Doutor Fernando Fonseca, EPE","38.7422257, -9.2264834",4144,5494,75.4
2016-11,Região de Saúde LVT,Instituto Gama Pinto,"38.7218793, -9.144249",2652,2652,100.0
2016-11,Região de Saúde Norte,"Centro Hospitalar Entre Douro e Vouga, EPE","40.9293884, -8.5458794",4674,5872,79.6
2016-11,Região de Saúde Norte,"Centro Hospitalar Tâmega e Sousa, EPE","41.2494561, -8.264901",4968,6013,82.6
2016-11,Região de Saúde Norte,"Hospital de Braga, PPP","41.56785, -8.398982",6140,7371,83.3
2016-12,Região de Saúde do Algarve,"Centro Hospitalar Universitário do Algarve, EPE","37.0238973, -7.9281554",2340,2961,79.0
2016-12,Região de Saúde do Centro,"Centro Hospitalar e Universitário de Coimbra, EPE","40.2191523, -8.4098211",8839,11426,77.4
2016-12,Região de Saúde do Centro,Hospital Arcebispo João Crisóstomo,"40.3470015, -8.5933462",688,688,100.0
2016-12,Região de Saúde LVT,"Centro Hospitalar Universitário de Lisboa Norte, EPE","38.7500861, -9.1616116",4908,6432,76.3
2016-12,Região de Saúde LVT,"Centro Hospitalar Médio Tejo, EPE","39.478072, -8.5404429",2845,3575,79.6
2016-12,Região de Saúde LVT,"Hospital de Cascais, PPP","38.729006, -9.418267",2521,2855,88.3
2016-12,Região de Saúde LVT,"Hospital de Loures, PPP","38.821455, -9.176296",3730,4469,83.5
2016-12,Região de Saúde LVT,Instituto Gama Pinto,"38.7218793, -9.144249",2809,2809,100.0
2016-12,Região de Saúde Norte,"Centro Hospitalar Tâmega e Sousa, EPE","41.2494561, -8.264901",5390,6529,82.6
2016-12,Região de Saúde Norte,"Unidade Local de Saúde de Matosinhos, EPE","41.1794456, -8.6745115",4445,5369,82.8
2017-01,Região de Saúde do Alentejo,"Unidade Local de Saúde do Norte Alentejano, EPE","39.3003425, -7.4263845",102,136,75.0
2017-01,Região de Saúde do Centro,"Centro Hospitalar de Leiria, EPE","39.7414812, -8.7982706",363,445,81.6
2017-01,Região de Saúde do Centro,"Centro Hospitalar do Baixo Vouga, EPE","40.6362453, -8.6543716",314,353,89.0
2017-01,Região de Saúde LVT,Centro Hospitalar do Oeste,"39.4054629, -9.1258493",102,135,75.6
2017-01,Região de Saúde LVT,Centro Hospitalar Psiquiátrico de Lisboa,"38.7569771, -9.1460705",0,0,
2017-01,Região de Saúde LVT,Instituto Gama Pinto,"38.7218793, -9.144249",318,318,100.0
2017-01,Região de Saúde Norte,"Unidade Local de Saúde de Matosinhos, EPE","41.1794456, -8.6745115",431,479,90.0
2017-02,Região de Saúde do Alentejo,"Unidade Local de Saúde do Litoral Alentejano, EPE","38.0162314, -8.6956768",250,297,84.2
2017-02,Região de Saúde do Centro,"Centro Hospitalar Universitário Cova da Beira, EPE","40.2804158, -7.4922407",183,262,69.8
2017-02,Região de Saúde do Centro,"Unidade Local de Saúde de Castelo Branco, EPE","39.8212263, -7.4981271",182,263,69.2
2017-02,Região de Saúde LVT,"Centro Hospitalar de Setúbal, EPE","38.5283754, -8.8818638",518,629,82.4
2017-02,Região de Saúde Norte,"Centro Hospitalar Póvoa de Varzim/Vila do Conde, EPE","41.3828711, -8.7589945",262,398,65.8
2017-02,Região de Saúde Norte,"Hospital da Senhora da Oliveira, Guimarães, EPE","41.4387173, -8.3086907",594,719,82.6
2017-02,Região de Saúde Norte,"Hospital de Braga, PPP","41.56785, -8.398982",1093,1258,86.9
2017-02,Região de Saúde Norte,"Hospital de Magalhães Lemos, EPE","41.1764649, -8.6649823",0,0,
2017-02,Região de Saúde Norte,"Unidade Local de Saúde do Nordeste, EPE","41.8056532, -6.7888197",286,351,81.5
2017-03,Região de Saúde do Alentejo,"Unidade Local de Saúde do Baixo Alentejo, EPE","38.014123, -7.8721227",516,607,85.0
2017-03,Região de Saúde do Algarve,"Centro Hospitalar Universitário do Algarve, EPE","37.0238973, -7.9281554",738,909,81.2
2017-03,Região de Saúde do Centro,"Centro Hospitalar de Leiria, EPE","39.7414812, -8.7982706",1125,1417,79.4
2017-03,Região de Saúde do Centro,Hospital Arcebispo João Crisóstomo,"40.3470015, -8.5933462",187,187,100.0
2017-03,Região de Saúde LVT,"Centro Hospitalar de Lisboa Ocidental, EPE","38.708454, -9.216985",862,1149,75.0
2017-03,Região de Saúde LVT,"Centro Hospitalar de Setúbal, EPE","38.5283754, -8.8818638",811,996,81.4
2017-03,Região de Saúde LVT,Centro Hospitalar do Oeste,"39.4054629, -9.1258493",356,465,76.6
2017-03,Região de Saúde LVT,"Hospital de Vila Franca de Xira, PPP","38.977235, -8.984506",835,1023,81.6
2017-03,Região de Saúde LVT,"Instituto Português Oncologia de Lisboa, EPE","38.7396768, -9.1634516",30,187,16.0
2017-03,Região de Saúde Norte,"Centro Hospitalar do Médio Ave, EPE","41.3423984, -8.4802503",650,792,82.1
2017-04,Região de Saúde do Centro,Hospital Arcebispo João Crisóstomo,"40.3470015, -8.5933462",222,222,100.0
2017-04,Região de Saúde LVT,"Centro Hospitalar Universitário de Lisboa Norte, EPE","38.7500861, -9.1616116",1976,2469,80.0
2017-04,Região de Saúde LVT,"Centro Hospitalar Médio Tejo, EPE","39.478072, -8.5404429",974,1236,78.8
2017-04,Região de Saúde LVT,"Hospital de Cascais, PPP","38.729006, -9.418267",877,1050,83.5
2017-04,Região de Saúde Norte,"Centro Hospitalar Vila Nova de Gaia/Espinho, EPE","41.1094138, -8.5972617",2406,3085,78.0
2017-04,Região de Saúde Norte,"Hospital da Senhora da Oliveira, Guimarães, EPE","41.4387173, -8.3086907",1245,1516,82.1
2017-04,Região de Saúde Norte,"Hospital de Braga, PPP","41.56785, -8.398982",2105,2454,85.8
2017-05,Região de Saúde do Centro,"Centro Hospitalar do Baixo Vouga, EPE","40.6362453, -8.6543716",1420,1657,85.7
2017-05,Região de Saúde LVT,"Centro Hospitalar de Lisboa Ocidental, EPE","38.708454, -9.216985",1420,1862,76.3
2017-05,Região de Saúde LVT,Centro Hospitalar do Oeste,"39.4054629, -9.1258493",565,753,75.0
2017-05,Região de Saúde LVT,"Hospital de Loures, PPP","38.821455, -9.176296",1698,2031,83.6
2017-05,Região de Saúde LVT,"Instituto Português Oncologia de Lisboa, EPE","38.7396768, -9.1634516",59,296,19.9
2017-05,Região de Saúde Norte,"Centro Hospitalar Universitário de São João, EPE","41.1831056, -8.6010558",2783,3646,76.3
2017-05,Região de Saúde Norte,"Centro Hospitalar do Médio Ave, EPE","41.3423984, -8.4802503",1087,1303,83.4
2017-05,Região de Saúde Norte,"Centro Hospitalar Universitário do Porto, EPE","41.1472498, -8.6172617",3071,3886,79.0
2017-05,Região de Saúde Norte,"Centro Hospitalar Entre Douro e Vouga, EPE","40.9293884, -8.5458794",2451,3021,81.1
2017-05,Região de Saúde Norte,"Centro Hospitalar Vila Nova de Gaia/Espinho, EPE","41.1094138, -8.5972617",3001,3823,78.5
2017-05,Região de Saúde Norte,"Instituto Português Oncologia do Porto, EPE","41.1785642, -8.6062881",536,919,58.3
2017-05,Região de Saúde Norte,"Unidade Local de Saúde do Alto Minho, EPE","41.7056054, -8.8252713",2958,3345,88.4
2017-05,Região de Saúde Norte,"Unidade Local de Saúde do Nordeste, EPE","41.8056532, -6.7888197",759,925,82.1
2017-06,Região de Saúde do Centro,"Centro Hospitalar de Leiria, EPE","39.7414812, -8.7982706",2123,2656,79.9
2017-06,Região de Saúde do Centro,Hospital Arcebispo João Crisóstomo,"40.3470015, -8.5933462",360,360,100.0
2017-06,Região de Saúde do Centro,"Unidade Local de Saúde de Castelo Branco, EPE","39.8212263, -7.4981271",571,792,72.1
2017-06,Região de Saúde LVT,"Centro Hospitalar Universitário Lisboa Central, EPE","38.7166948, -9.1371248",4728,5382,87.8
2017-06,Região de Saúde LVT,"Centro Hospitalar de Setúbal, EPE","38.5283754, -8.8818638",1554,1895,82.0
2017-06,Região de Saúde Norte,"Centro Hospitalar Póvoa de Varzim/Vila do Conde, EPE","41.3828711, -8.7589945",761,1092,69.7
2017-06,Região de Saúde Norte,"Centro Hospitalar Trás-os-Montes e Alto Douro, EPE","41.3031784, -7.7515252",2799,3211,87.2
2017-06,Região de Saúde Norte,"Unidade Local de Saúde do Alto Minho, EPE","41.7056054, -8.8252713",3507,3988,87.9
2017-07,Região de Saúde do Algarve,"Centro Hospitalar Universitário do Algarve, EPE","37.0238973, -7.9281554",1429,1838,77.7
2017-07,Região de Saúde do Centro,"Centro Hospitalar de Leiria, EPE","39.7414812, -8.7982706",2467,3078,80.1
2017-07,Região de Saúde do Centro,"Centro Hospitalar Tondela-Viseu, EPE","40.516364, -8.0827433",3197,3417,93.6
2017-07,Região de Saúde do Centro,Hospital Arcebispo João Crisóstomo,"40.3470015, -8.5933462",420,420,100.0
2017-07,Região de Saúde LVT,"Centro Hospitalar Universitário de Lisboa Norte, EPE","38.7500861, -9.1616116",3106,3869,80.3
2017-07,Região de Saúde LVT,"Hospital Distrital de Santarém, EPE","39.2410946, -8.6937515",1461,1640,89.1
2017-07,Região de Saúde Norte,"Hospital Santa Maria Maior, EPE","41.5324234, -8.6171561",1079,1388,77.7
2017-08,Região de Saúde do Alentejo,"Hospital Espírito Santo de Évora, EPE","38.5684861, -7.9032848",1392,1955,71.2
2017-08,Região de Saúde do Centro,"Centro Hospitalar do Baixo Vouga, EPE","40.6362453, -8.6543716",2049,2452,83.6
2017-08,Região de Saúde do Centro,Centro Medicina de Reabilitação da Região Centro Rovisco Pais,"40.297919, -8.7707806",0,0,
2017-08,Região de Saúde do Centro,"Unidade Local de Saúde de Castelo Branco, EPE","39.8212263, -7.4981271",724,980,73.9
2017-08,Região de Saúde LVT,"Centro Hospitalar Universitário Lisboa Central, EPE","38.7166948, -9.1371248",5832,6707,87.0
2017-08,Região de Saúde LVT,"Centro Hospitalar de Lisboa Ocidental, EPE","38.708454, -9.216985",2096,2731,76.7
2017-08,Região de Saúde LVT,"Centro Hospitalar de Setúbal, EPE","38.5283754, -8.8818638",2011,2451,82.0
2017-08,Região de Saúde LVT,"Hospital Distrital de Santarém, EPE","39.2410946, -8.6937515",1642,1856,88.5
2017-08,Região de Saúde LVT,"Hospital Garcia de Orta, EPE","38.6658713, -9.1822554",2816,3237,87.0
2017-08,Região de Saúde LVT,Instituto Gama Pinto,"38.7218793, -9.144249",2240,2240,100.0
2017-08,Região de Saúde LVT,"Instituto Português Oncologia de Lisboa, EPE","38.7396768, -9.1634516",106,488,21.7
2017-08,Região de Saúde Norte,"Centro Hospitalar Trás-os-Montes e Alto Douro, EPE","41.3031784, -7.7515252",3520,3983,88.4
2017-08,Região de Saúde Norte,"Hospital de Braga, PPP","41.56785, -8.398982",4365,5101,85.6
2017-09,Região de Saúde do Alentejo,"Unidade Local de Saúde do Litoral Alentejano, EPE","38.0162314, -8.6956768",1041,1215,85.7
2017-09,Região de Saúde do Centro,"Centro Hospitalar do Baixo Vouga, EPE","40.6362453, -8.6543716",2280,2720,83.8
2017-09,Região de Saúde do Centro,Hospital Dr. Francisco Zagalo,"40.8571967, -8.6318023",549,582,94.3
2017-09,Região de Saúde LVT,"Instituto Português Oncologia de Lisboa, EPE","38.7396768, -9.1634516",121,537,22.5
2017-09,Região de Saúde Norte,"Instituto Português Oncologia do Porto, EPE","41.1785642, -8.6062881",916,1589,57.6
2017-09,Região de Saúde Norte,"Unidade Local de Saúde de Matosinhos, EPE","41.1794456, -8.6745115",3240,3800,85.3
2017-09,Região de Saúde Norte,"Unidade Local de Saúde do Alto Minho, EPE","41.7056054, -8.8252713",4712,5366,87.8
2017-10,Região de Saúde do Algarve,"Centro Hospitalar Universitário do Algarve, EPE","37.0238973, -7.9281554",1925,2445,78.7
2017-10,Região de Saúde do Centro,"Instituto Português Oncologia de Coimbra, EPE","40.2162514, -8.4103814",75,368,20.4
2017-10,Região de Saúde LVT,"Centro Hospitalar de Lisboa Ocidental, EPE","38.708454, -9.216985",2620,3410,76.8
2017-10,Região de Saúde LVT,Centro Hospitalar do Oeste,"39.4054629, -9.1258493",1203,1571,76.6
2017-10,Região de Saúde LVT,Centro Hospitalar Psiquiátrico de Lisboa,"38.7569771, -9.1460705",0,0,
2017-10,Região de Saúde LVT,"Hospital Professor Doutor Fernando Fonseca, EPE","38.7422257, -9.2264834",3584,4776,75.0
2017-10,Região de Saúde LVT,"Instituto Português Oncologia de Lisboa, EPE","38.7396768, -9.1634516",138,605,22.8
2017-10,Região de Saúde Norte,"Centro Hospitalar Entre Douro e Vouga, EPE","40.9293884, -8.5458794",4460,5494,81.2
2017-10,Região de Saúde Norte,"Centro Hospitalar Tâmega e Sousa, EPE","41.2494561, -8.264901",4538,5412,83.9
2017-10,Região de Saúde Norte,"Centro Hospitalar Vila Nova de Gaia/Espinho, EPE","41.1094138, -8.5972617",5392,6937,77.7
2017-10,Região de Saúde Norte,"Hospital de Braga, PPP","41.56785, -8.398982",5502,6450,85.3
2017-11,Região de Saúde do Centro,"Centro Hospitalar Universitário Cova da Beira, EPE","40.2804158, -7.4922407",1045,1427,73.2
2017-11,Região de Saúde do Centro,"Hospital Distrital da Figueira da Foz, EPE","40.117897, -8.8586755",1976,2392,82.6
2017-11,Região de Saúde LVT,Centro Hospitalar do Oeste,"39.4054629, -9.1258493",1325,1725,76.8
2017-11,Região de Saúde LVT,"Hospital de Vila Franca de Xira, PPP","38.977235, -8.984506",2823,3396,83.1
2017-11,Região de Saúde Norte,"Centro Hospitalar Universitário do Porto, EPE","41.1472498, -8.6172617",6470,8071,80.2
2017-11,Região de Saúde Norte,"Centro Hospitalar Póvoa de Varzim/Vila do Conde, EPE","41.3828711, -8.7589945",1390,1937,71.8
2017-11,Região de Saúde Norte,"Unidade Local de Saúde do Nordeste, EPE","41.8056532, -6.7888197",1731,2124,81.5
2017-12,Região de Saúde do Centro,"Centro Hospitalar Tondela-Viseu, EPE","40.516364, -8.0827433",4426,4774,92.7
2017-12,Região de Saúde LVT,"Centro Hospitalar Barreiro/Montijo, EPE","38.6554005, -9.0592392",1541,2208,69.8
2017-12,Região de Saúde LVT,"Centro Hospitalar Universitário Lisboa Central, EPE","38.7166948, -9.1371248",8078,9390,86.0
2017-12,Região de Saúde LVT,"Centro Hospitalar de Setúbal, EPE","38.5283754, -8.8818638",2938,3548,82.8
2017-12,Região de Saúde Norte,"Centro Hospitalar Universitário do Porto, EPE","41.1472498, -8.6172617",7075,8835,80.1
2017-12,Região de Saúde Norte,"Centro Hospitalar Póvoa de Varzim/Vila do Conde, EPE","41.3828711, -8.7589945",1517,2113,71.8
2017-12,Região de Saúde Norte,"Hospital da Senhora da Oliveira, Guimarães, EPE","41.4387173, -8.3086907",3417,4149,82.4
2018-01,Região de Saúde do Centro,"Centro Hospitalar Universitário Cova da Beira, EPE","40.2804158, -7.4922407",117,159,73.6
2018-01,Região de Saúde do Centro,"Centro Hospitalar do Baixo Vouga, EPE","40.6362453, -8.6543716",493,588,83.8
2018-01,Região de Saúde do Centro,"Instituto Português Oncologia de Coimbra, EPE","40.2162514, -8.4103814",1,35,2.9
2018-01,Região de Saúde LVT,"Centro Hospitalar de Setúbal, EPE","38.5283754, -8.8818638",227,269,84.4
2018-01,Região de Saúde LVT,Centro Hospitalar do Oeste,"39.4054629, -9.1258493",246,300,82.0
2018-01,Região de Saúde LVT,"Centro Hospitalar Médio Tejo, EPE","39.478072, -8.5404429",322,381,84.5
2018-01,Região de Saúde LVT,"Hospital de Cascais, PPP","38.729006, -9.418267",158,181,87.3
2018-01,Região de Saúde Norte,"Centro Hospitalar do Médio Ave, EPE","41.3423984, -8.4802503",290,352,82.4
2018-02,Região de Saúde do Alentejo,"Hospital Espírito Santo de Évora, EPE","38.5684861, -7.9032848",354,482,73.4
2018-02,Região de Saúde do Alentejo,"Unidade Local de Saúde do Litoral Alentejano, EPE","38.0162314, -8.6956768",211,248,85.1
2018-02,Região de Saúde do Centro,"Centro Hospitalar Universitário Cova da Beira, EPE","40.2804158, -7.4922407",222,307,72.3
2018-02,Região de Saúde do Centro,"Centro Hospitalar Tondela-Viseu, EPE","40.516364, -8.0827433",773,834,92.7
2018-02,Região de Saúde LVT,"Centro Hospitalar de Setúbal, EPE","38.5283754, -8.8818638",481,565,85.1
2018-02,Região de Saúde LVT,Centro Hospitalar do Oeste,"39.4054629, -9.1258493",454,586,77.5
2018-02,Região de Saúde LVT,"Centro Hospitalar Universitário de Lisboa Norte, EPE","38.7500861, -9.1616116",844,1026,82.3
2018-02,Região de Saúde LVT,"Instituto Português Oncologia de Lisboa, EPE","38.7396768, -9.1634516",43,160,26.9
2018-02,Região de Saúde Norte,"Centro Hospitalar Póvoa de Varzim/Vila do Conde, EPE","41.3828711, -8.7589945",316,401,78.8
2018-02,Região de Saúde Norte,"Centro Hospitalar Tâmega e Sousa, EPE","41.2494561, -8.264901",989,1096,90.2
2018-02,Região de Saúde Norte,"Centro Hospitalar Trás-os-Montes e Alto Douro, EPE","41.3031784, -7.7515252",648,759,85.4
2018-02,Região de Saúde Norte,"Centro Hospitalar Vila Nova de Gaia/Espinho, EPE","41.1094138, -8.5972617",1128,1354,83.3
2018-02,Região de Saúde Norte,"Hospital Santa Maria Maior, EPE","41.5324234, -8.6171561",391,466,83.9
2018-02,Região de Saúde Norte,"Unidade Local de Saúde do Nordeste, EPE","41.8056532, -6.7888197",310,387,80.1
2018-03,Região de Saúde do Alentejo,"Hospital Espírito Santo de Évora, EPE","38.5684861, -7.9032848",549,755,72.7
2018-03,Região de Saúde do Alentejo,"Unidade Local de Saúde do Litoral Alentejano, EPE","38.0162314, -8.6956768",296,349,84.8
2018-03,Região de Saúde do Centro,"Centro Hospitalar Universitário Cova da Beira, EPE","40.2804158, -7.4922407",313,455,68.8
2018-03,Região de Saúde do Centro,"Centro Hospitalar do Baixo Vouga, EPE","40.6362453, -8.6543716",1456,1691,86.1
2018-03,Região de Saúde do Centro,"Unidade Local de Saúde da Guarda, EPE","40.5309916, -7.2734793",268,339,79.1
2018-03,Região de Saúde LVT,"Centro Hospitalar de Lisboa Ocidental, EPE","38.708454, -9.216985",938,1191,78.8
2018-03,Região de Saúde LVT,Centro Hospitalar do Oeste,"39.4054629, -9.1258493",792,1030,76.9
2018-03,Região de Saúde LVT,"Centro Hospitalar Universitário de Lisboa Norte, EPE","38.7500861, -9.1616116",1245,1521,81.9
2018-03,Região de Saúde LVT,"Hospital de Vila Franca de Xira, PPP","38.977235, -8.984506",901,1045,86.2
2018-03,Região de Saúde LVT,"Hospital Distrital de Santarém, EPE","39.2410946, -8.6937515",548,676,81.1
2018-03,Região de Saúde Norte,"Centro Hospitalar Universitário de São João, EPE","41.1831056, -8.6010558",2020,2486,81.3
2018-03,Região de Saúde Norte,"Centro Hospitalar Entre Douro e Vouga, EPE","40.9293884, -8.5458794",1552,1737,89.3
2018-03,Região de Saúde Norte,"Centro Hospitalar Póvoa de Varzim/Vila do Conde, EPE","41.3828711, -8.7589945",468,588,79.6
2018-03,Região de Saúde Norte,"Centro Hospitalar Trás-os-Montes e Alto Douro, EPE","41.3031784, -7.7515252",965,1145,84.3
2018-03,Região de Saúde Norte,"Hospital Santa Maria Maior, EPE","41.5324234, -8.6171561",591,698,84.7
2018-03,Região de Saúde Norte,"Unidade Local de Saúde de Matosinhos, EPE","41.1794456, -8.6745115",928,1092,85.0
2018-03,Região de Saúde Norte,"Unidade Local de Saúde do Nordeste, EPE","41.8056532, -6.7888197",483,601,80.4
2018-04,Região de Saúde do Alentejo,"Hospital Espírito Santo de Évora, EPE","38.5684861, -7.9032848",721,1013,71.2
2018-04,Região de Saúde do Centro,Hospital Dr. Francisco Zagalo,"40.8571967, -8.6318023",174,187,93.0
2018-04,Região de Saúde do Centro,"Unidade Local de Saúde da Guarda, EPE","40.5309916, -7.2734793",367,459,80.0
2018-04,Região de Saúde LVT,"Centro Hospitalar Barreiro/Montijo, EPE","38.6554005, -9.0592392",543,736,73.8
2018-04,Região de Saúde LVT,Centro Hospitalar do Oeste,"39.4054629, -9.1258493",1096,1434,76.4
2018-04,Região de Saúde LVT,"Instituto Português Oncologia de Lisboa, EPE","38.7396768, -9.1634516",86,314,27.4
2018-04,Região de Saúde Norte,"Hospital de Braga, PPP","41.56785, -8.398982",2382,2731,87.2
2018-04,Região de Saúde Norte,"Hospital Santa Maria Maior, EPE","41.5324234, -8.6171561",810,946,85.6
2018-05,Região de Saúde do Centro,"Centro Hospitalar de Leiria, EPE","39.7414812, -8.7982706",1862,2143,86.9
2018-05,Região de Saúde do Centro,"Unidade Local de Saúde de Castelo Branco, EPE","39.8212263, -7.4981271",352,524,67.2
2018-05,Região de Saúde LVT,"Instituto Português Oncologia de Lisboa, EPE","38.7396768, -9.1634516",119,395,30.1
2018-05,Região de Saúde Norte,"Centro Hospitalar Trás-os-Montes e Alto Douro, EPE","41.3031784, -7.7515252",1569,1838,85.4
2018-05,Região de Saúde Norte,"Hospital Santa Maria Maior, EPE","41.5324234, -8.6171561",993,1152,86.2
2018-05,Região de Saúde Norte,"Instituto Português Oncologia do Porto, EPE","41.1785642, -8.6062881",610,971,62.8
2018-06,Região de Saúde do Centro,"Centro Hospitalar de Leiria, EPE","39.7414812, -8.7982706",2259,2588,87.3
2018-06,Região de Saúde do Centro,Centro Medicina de Reabilitação da Região Centro Rovisco Pais,"40.297919, -8.7707806",0,0,
2018-06,Região de Saúde do Centro,"Hospital Distrital da Figueira da Foz, EPE","40.117897, -8.8586755",1194,1364,87.5
2018-06,Região de Saúde do Centro,"Unidade Local de Saúde da Guarda, EPE","40.5309916, -7.2734793",569,709,80.3
2018-06,Região de Saúde LVT,"Centro Hospitalar Médio Tejo, EPE","39.478072, -8.5404429",1629,1952,83.5
2018-06,Região de Saúde LVT,Centro Hospitalar Psiquiátrico de Lisboa,"38.7569771, -9.1460705",0,0,
2018-06,Região de Saúde LVT,"Hospital de Cascais, PPP","38.729006, -9.418267",1338,1496,89.4
2018-06,Região de Saúde LVT,"Hospital Distrital de Santarém, EPE","39.2410946, -8.6937515",1110,1345,82.5
2018-06,Região de Saúde LVT,"Hospital Garcia de Orta, EPE","38.6658713, -9.1822554",1993,2259,88.2
2018-06,Região de Saúde Norte,"Centro Hospitalar Póvoa de Varzim/Vila do Conde, EPE","41.3828711, -8.7589945",826,1066,77.5
2018-06,Região de Saúde Norte,"Hospital da Senhora da Oliveira, Guimarães, EPE","41.4387173, -8.3086907",1527,1894,80.6
2018-06,Região de Saúde Norte,"Hospital Santa Maria Maior, EPE","41.5324234, -8.6171561",1252,1443,86.8
2018-07,Região de Saúde do Alentejo,"Unidade Local de Saúde do Norte Alentejano, EPE","39.3003425, -7.4263845",910,1101,82.7
2018-07,Região de Saúde do Centro,"Centro Hospitalar Tondela-Viseu, EPE","40.516364, -8.0827433",2389,2608,91.6
2018-07,Região de Saúde do Centro,Hospital Arcebispo João Crisóstomo,"40.3470015, -8.5933462",176,176,100.0
2018-07,Região de Saúde do Centro,"Hospital Distrital da Figueira da Foz, EPE","40.117897, -8.8586755",1348,1543,87.4
2018-07,Região de Saúde do Centro,"Unidade Local de Saúde da Guarda, EPE","40.5309916, -7.2734793",647,799,81.0
2018-07,Região de Saúde do Centro,"Unidade Local de Saúde de Castelo Branco, EPE","39.8212263, -7.4981271",512,758,67.5
2018-07,Região de Saúde LVT,"Centro Hospitalar Médio Tejo, EPE","39.478072, -8.5404429",1921,2282,84.2
2018-07,Região de Saúde LVT,Instituto Gama Pinto,"38.7218793, -9.144249",2185,2185,100.0
2018-07,Região de Saúde Norte,"Centro Hospitalar do Médio Ave, EPE","41.3423984, -8.4802503",1697,1999,84.9
2018-07,Região de Saúde Norte,"Centro Hospitalar Universitário do Porto, EPE","41.1472498, -8.6172617",4657,5808,80.2
2018-07,Região de Saúde Norte,"Hospital de Braga, PPP","41.56785, -8.398982",3897,4636,84.1
2018-07,Região de Saúde Norte,"Hospital Santa Maria Maior, EPE","41.5324234, -8.6171561",1502,1738,86.4
2018-07,Região de Saúde Norte,"Unidade Local de Saúde de Matosinhos, EPE","41.1794456, -8.6745115",2360,2740,86.1
2018-08,Região de Saúde do Alentejo,"Unidade Local de Saúde do Norte Alentejano, EPE","39.3003425, -7.4263845",986,1197,82.4
2018-08,Região de Saúde do Centro,"Centro Hospitalar e Universitário de Coimbra, EPE","40.2191523, -8.4098211",5671,7136,79.5
2018-08,Região de Saúde do Centro,"Instituto Português Oncologia de Coimbra, EPE","40.2162514, -8.4103814",15,238,6.3
2018-08,Região de Saúde LVT,Centro Hospitalar Psiquiátrico de Lisboa,"38.7569771, -9.1460705",0,0,
2018-08,Região de Saúde LVT,"Hospital Distrital de Santarém, EPE","39.2410946, -8.6937515",1371,1680,81.6
2018-08,Região de Saúde LVT,"Hospital Professor Doutor Fernando Fonseca, EPE","38.7422257, -9.2264834",3084,3832,80.5
2018-08,Região de Saúde Norte,"Centro Hospitalar Trás-os-Montes e Alto Douro, EPE","41.3031784, -7.7515252",2337,2709,86.3
2018-09,Região de Saúde LVT,Centro Hospitalar do Oeste,"39.4054629, -9.1258493",2402,3198,75.1
2018-09,Região de Saúde LVT,"Centro Hospitalar Médio Tejo, EPE","39.478072, -8.5404429",2367,2801,84.5
2018-09,Região de Saúde LVT,Centro Hospitalar Psiquiátrico de Lisboa,"38.7569771, -9.1460705",0,0,
2018-09,Região de Saúde LVT,"Hospital Professor Doutor Fernando Fonseca, EPE","38.7422257, -9.2264834",3409,4237,80.5
2018-09,Região de Saúde Norte,"Centro Hospitalar Universitário de São João, EPE","41.1831056, -8.6010558",5192,6543,79.4
2018-09,Região de Saúde Norte,"Hospital Santa Maria Maior, EPE","41.5324234, -8.6171561",1987,2271,87.5
2018-10,Região de Saúde do Alentejo,"Hospital Espírito Santo de Évora, EPE","38.5684861, -7.9032848",2090,2757,75.8
2018-10,Região de Saúde do Alentejo,"Unidade Local de Saúde do Norte Alentejano, EPE","39.3003425, -7.4263845",1219,1481,82.3
2018-10,Região de Saúde do Centro,Hospital Dr. Francisco Zagalo,"40.8571967, -8.6318023",452,491,92.1
2018-10,Região de Saúde do Centro,"Unidade Local de Saúde da Guarda, EPE","40.5309916, -7.2734793",925,1104,83.8
2018-10,Região de Saúde LVT,"Centro Hospitalar Médio Tejo, EPE","39.478072, -8.5404429",2686,3172,84.7
2018-10,Região de Saúde LVT,"Hospital de Cascais, PPP","38.729006, -9.418267",2385,2656,89.8
2018-10,Região de Saúde LVT,"Instituto Português Oncologia de Lisboa, EPE","38.7396768, -9.1634516",275,856,32.1
2018-10,Região de Saúde Norte,"Centro Hospitalar Universitário de São João, EPE","41.1831056, -8.6010558",5812,7307,79.5
2018-10,Região de Saúde Norte,"Hospital da Senhora da Oliveira, Guimarães, EPE","41.4387173, -8.3086907",2316,2916,79.4
2018-10,Região de Saúde Norte,"Unidade Local de Saúde de Matosinhos, EPE","41.1794456, -8.6745115",3511,4028,87.2
2018-11,Região de Saúde do Centro,"Centro Hospitalar Universitário Cova da Beira, EPE","40.2804158, -7.4922407",1110,1503,73.9
2018-11,Região de Saúde do Centro,Centro Medicina de Reabilitação da Região Centro Rovisco Pais,"40.297919, -8.7707806",0,0,
2018-11,Região de Saúde do Centro,"Hospital Distrital da Figueira da Foz, EPE","40.117897, -8.8586755",2019,2309,87.4
2018-11,Região de Saúde LVT,"Centro Hospitalar Universitário de Lisboa Norte, EPE","38.7500861, -9.1616116",4108,4934,83.3
2018-11,Região de Saúde LVT,"Hospital de Cascais, PPP","38.729006, -9.418267",2682,2990,89.7
2018-11,Região de Saúde Norte,"Centro Hospitalar Universitário de São João, EPE","41.1831056, -8.6010558",6274,7904,79.4
2018-11,Região de Saúde Norte,"Centro Hospitalar Entre Douro e Vouga, EPE","40.9293884, -8.5458794",5471,6428,85.1
2018-11,Região de Saúde Norte,"Hospital da Senhora da Oliveira, Guimarães, EPE","41.4387173, -8.3086907",2617,3290,79.5
2018-11,Região de Saúde Norte,"Hospital de Magalhães Lemos, EPE","41.1764649, -8.6649823",0,0,
2018-12,Região de Saúde do Alentejo,"Hospital Espírito Santo de Évora, EPE","38.5684861, -7.9032848",2854,3749,76.1
2018-12,Região de Saúde do Centro,"Centro Hospitalar Tondela-Viseu, EPE","40.516364, -8.0827433",4194,4541,92.4
2018-12,Região de Saúde LVT,"Centro Hospitalar Barreiro/Montijo, EPE","38.6554005, -9.0592392",1682,2287,73.5
2018-12,Região de Saúde LVT,"Centro Hospitalar Universitário de Lisboa Norte, EPE","38.7500861, -9.1616116",4117,4964,82.9
2018-12,Região de Saúde LVT,Centro Hospitalar Psiquiátrico de Lisboa,"38.7569771, -9.1460705",0,0,
2018-12,Região de Saúde Norte,"Centro Hospitalar Entre Douro e Vouga, EPE","40.9293884, -8.5458794",5900,6969,84.7
2018-12,Região de Saúde Norte,"Hospital Santa Maria Maior, EPE","41.5324234, -8.6171561",2641,3054,86.5
2019-01,Região de Saúde LVT,Centro Hospitalar do Oeste,"39.4054629, -9.1258493",147,213,69.0
2019-01,Região de Saúde LVT,Centro Hospitalar Psiquiátrico de Lisboa,"38.7569771, -9.1460705",0,0,
2019-01,Região de Saúde LVT,"Hospital de Vila Franca de Xira, PPP","38.977235, -8.984506",284,347,81.8
2019-01,Região de Saúde LVT,"Hospital Distrital de Santarém, EPE","39.2410946, -8.6937515",239,291,82.1
2019-01,Região de Saúde LVT,"Hospital Professor Doutor Fernando Fonseca, EPE","38.7422257, -9.2264834",383,445,86.1
2019-01,Região de Saúde LVT,"Hospital Garcia de Orta, EPE","38.6658713, -9.1822554",278,306,90.8
2019-01,Região de Saúde Norte,"Centro Hospitalar Póvoa de Varzim/Vila do Conde, EPE","41.3828711, -8.7589945",106,146,72.6
2019-01,Região de Saúde Norte,"Hospital de Braga, PPP","41.56785, -8.398982",1098,1254,87.6
2019-01,Região de Saúde Norte,"Hospital de Magalhães Lemos, EPE","41.1764649, -8.6649823",0,0,
2019-01,Região de Saúde Norte,"Hospital Santa Maria Maior, EPE","41.5324234, -8.6171561",232,271,85.6
2019-02,Região de Saúde do Alentejo,"Unidade Local de Saúde do Litoral Alentejano, EPE","38.0162314, -8.6956768",108,133,81.2
2019-02,Região de Saúde do Centro,"Centro Hospitalar de Leiria, EPE","39.7414812, -8.7982706",878,968,90.7
2019-02,Região de Saúde LVT,"Hospital de Cascais, PPP","38.729006, -9.418267",496,551,90.0
2019-02,Região de Saúde LVT,"Hospital Garcia de Orta, EPE","38.6658713, -9.1822554",370,409,90.5
2019-02,Região de Saúde LVT,Instituto Gama Pinto,"38.7218793, -9.144249",741,741,100.0
2019-02,Região de Saúde Norte,"Centro Hospitalar Universitário do Porto, EPE","41.1472498, -8.6172617",1109,1349,82.2
2019-02,Região de Saúde Norte,"Centro Hospitalar Vila Nova de Gaia/Espinho, EPE","41.1094138, -8.5972617",1023,1139,89.8
2019-02,Região de Saúde Norte,"Hospital da Senhora da Oliveira, Guimarães, EPE","41.4387173, -8.3086907",676,809,83.6
2019-02,Região de Saúde Norte,"Instituto Português Oncologia do Porto, EPE","41.1785642, -8.6062881",233,402,58.0
2019-03,Região de Saúde do Alentejo,"Unidade Local de Saúde do Litoral Alentejano, EPE","38.0162314, -8.6956768",171,205,83.4
2019-03,Região de Saúde LVT,"Hospital de Cascais, PPP","38.729006, -9.418267",787,890,88.4
2019-03,Região de Saúde Norte,"Centro Hospitalar Póvoa de Varzim/Vila do Conde, EPE","41.3828711, -8.7589945",296,423,70.0
2019-03,Região de Saúde Norte,"Hospital de Magalhães Lemos, EPE","41.1764649, -8.6649823",0,0,
2019-04,Região de Saúde do Alentejo,"Hospital Espírito Santo de Évora, EPE","38.5684861, -7.9032848",1087,1442,75.4
2019-04,Região de Saúde do Centro,"Hospital Distrital da Figueira da Foz, EPE","40.117897, -8.8586755",1082,1250,86.6
2019-04,Região de Saúde do Centro,"Instituto Português Oncologia de Coimbra, EPE","40.2162514, -8.4103814",13,162,8.0
2019-04,Região de Saúde LVT,"Centro Hospitalar Universitário Lisboa Central, EPE","38.7166948, -9.1371248",2095,2477,84.6
2019-04,Região de Saúde LVT,Centro Hospitalar Psiquiátrico de Lisboa,"38.7569771, -9.1460705",0,0,
2019-04,Região de Saúde LVT,"Hospital de Vila Franca de Xira, PPP","38.977235, -8.984506",1099,1293,85.0
2019-04,Região de Saúde LVT,"Hospital Professor Doutor Fernando Fonseca, EPE","38.7422257, -9.2264834",1529,1792,85.3
2019-04,Região de Saúde Norte,"Centro Hospitalar do Médio Ave, EPE","41.3423984, -8.4802503",934,1067,87.5
2019-04,Região de Saúde Norte,"Centro Hospitalar Universitário do Porto, EPE","41.1472498, -8.6172617",2672,3287,81.3
2019-04,Região de Saúde Norte,"Centro Hospitalar Tâmega e Sousa, EPE","41.2494561, -8.264901",2132,2502,85.2
2019-04,Região de Saúde Norte,"Unidade Local de Saúde do Alto Minho, EPE","41.7056054, -8.8252713",1739,2037,85.4
2019-05,Região de Saúde LVT,"Centro Hospitalar Barreiro/Montijo, EPE","38.6554005, -9.0592392",932,1227,76.0
2019-05,Região de Saúde LVT,"Centro Hospitalar Médio Tejo, EPE","39.478072, -8.5404429",1401,1691,82.9
2019-05,Região de Saúde Norte,"Centro Hospitalar do Médio Ave, EPE","41.3423984, -8.4802503",1197,1369,87.4
2019-05,Região de Saúde Norte,"Centro Hospitalar Trás-os-Montes e Alto Douro, EPE","41.3031784, -7.7515252",2074,2452,84.6
2019-05,Região de Saúde Norte,"Centro Hospitalar Vila Nova de Gaia/Espinho, EPE","41.1094138, -8.5972617",2731,3136,87.1
2019-05,Região de Saúde Norte,"Hospital Santa Maria Maior, EPE","41.5324234, -8.6171561",1095,1278,85.7
2019-05,Região de Saúde Norte,"Instituto Português Oncologia do Porto, EPE","41.1785642, -8.6062881",548,971,56.4
2019-06,Região de Saúde do Centro,"Centro Hospitalar de Leiria, EPE","39.7414812, -8.7982706",2500,2799,89.3
2019-06,Região de Saúde do Centro,"Centro Hospitalar Tondela-Viseu, EPE","40.516364, -8.0827433",2107,2316,91.0
2019-06,Região de Saúde do Centro,Centro Medicina de Reabilitação da Região Centro Rovisco Pais,"40.297919, -8.7707806",0,0,
2019-06,Região de Saúde do Centro,"Unidade Local de Saúde da Guarda, EPE","40.5309916, -7.2734793",565,643,87.9
2019-06,Região de Saúde Norte,"Centro Hospitalar Universitário de São João, EPE","41.1831056, -8.6010558",3396,4526,75.0
2019-06,Região de Saúde Norte,"Centro Hospitalar do Médio Ave, EPE","41.3423984, -8.4802503",1348,1550,87.0
2019-06,Região de Saúde Norte,"Centro Hospitalar Póvoa de Varzim/Vila do Conde, EPE","41.3828711, -8.7589945",602,885,68.0
2019-06,Região de Saúde Norte,"Hospital de Braga, PPP","41.56785, -8.398982",6118,7034,87.0
2019-06,Região de Saúde Norte,"Unidade Local de Saúde do Nordeste, EPE","41.8056532, -6.7888197",1113,1365,81.5
2019-07,Região de Saúde do Alentejo,"Hospital Espírito Santo de Évora, EPE","38.5684861, -7.9032848",1875,2499,75.0
2019-07,Região de Saúde do Alentejo,"Unidade Local de Saúde do Baixo Alentejo, EPE","38.014123, -7.8721227",872,1093,79.8
2019-07,Região de Saúde do Alentejo,"Unidade Local de Saúde do Litoral Alentejano, EPE","38.0162314, -8.6956768",597,673,88.7
2019-07,Região de Saúde do Alentejo,"Unidade Local de Saúde do Norte Alentejano, EPE","39.3003425, -7.4263845",723,913,79.2
2019-07,Região de Saúde do Algarve,"Centro Hospitalar Universitário do Algarve, EPE","37.0238973, -7.9281554",1861,2174,85.6
2019-07,Região de Saúde do Centro,"Centro Hospitalar de Leiria, EPE","39.7414812, -8.7982706",2890,3245,89.1
2019-07,Região de Saúde LVT,"Centro Hospitalar Médio Tejo, EPE","39.478072, -8.5404429",1876,2280,82.3
2019-07,Região de Saúde Norte,"Centro Hospitalar Póvoa de Varzim/Vila do Conde, EPE","41.3828711, -8.7589945",700,1020,68.6
2019-07,Região de Saúde Norte,"Instituto Português Oncologia do Porto, EPE","41.1785642, -8.6062881",736,1318,55.8
2019-08,Região de Saúde do Centro,"Centro Hospitalar Tondela-Viseu, EPE","40.516364, -8.0827433",2809,3064,91.7
2019-08,Região de Saúde do Centro,"Instituto Português Oncologia de Coimbra, EPE","40.2162514, -8.4103814",32,311,10.3
2019-08,Região de Saúde LVT,"Hospital Garcia de Orta, EPE","38.6658713, -9.1822554",2567,2808,91.4
2019-08,Região de Saúde LVT,Instituto Gama Pinto,"38.7218793, -9.144249",2837,2837,100.0
2019-08,Região de Saúde LVT,"Instituto Português Oncologia de Lisboa, EPE","38.7396768, -9.1634516",205,552,37.1
2019-08,Região de Saúde Norte,"Centro Hospitalar Entre Douro e Vouga, EPE","40.9293884, -8.5458794",3585,4289,83.6
2019-08,Região de Saúde Norte,"Centro Hospitalar Trás-os-Montes e Alto Douro, EPE","41.3031784, -7.7515252",3181,3705,85.9
2019-09,Região de Saúde do Centro,Centro Medicina de Reabilitação da Região Centro Rovisco Pais,"40.297919, -8.7707806",0,0,
2019-09,Região de Saúde do Centro,"Instituto Português Oncologia de Coimbra, EPE","40.2162514, -8.4103814",38,350,10.9
2019-09,Região de Saúde LVT,"Hospital de Vila Franca de Xira, PPP","38.977235, -8.984506",2377,2845,83.6
2019-09,Região de Saúde Norte,"Centro Hospitalar do Médio Ave, EPE","41.3423984, -8.4802503",1964,2227,88.2
2019-09,Região de Saúde Norte,"Instituto Português Oncologia do Porto, EPE","41.1785642, -8.6062881",911,1603,56.8
2019-10,Região de Saúde do Alentejo,"Unidade Local de Saúde do Norte Alentejano, EPE","39.3003425, -7.4263845",1041,1358,76.7
2019-10,Região de Saúde do Algarve,"Centro Hospitalar Universitário do Algarve, EPE","37.0238973, -7.9281554",2688,3136,85.7
2019-10,Região de Saúde do Centro,"Centro Hospitalar do Baixo Vouga, EPE","40.6362453, -8.6543716",3494,4386,79.7
2019-10,Região de Saúde do Centro,"Centro Hospitalar e Universitário de Coimbra, EPE","40.2191523, -8.4098211",7086,8689,81.6
2019-10,Região de Saúde do Centro,"Centro Hospitalar Tondela-Viseu, EPE","40.516364, -8.0827433",3743,4071,91.9
2019-10,Região de Saúde do Centro,Hospital Arcebispo João Crisóstomo,"40.3470015, -8.5933462",331,331,100.0
2019-10,Região de Saúde do Centro,Hospital Dr. Francisco Zagalo,"40.8571967, -8.6318023",671,696,96.4
2019-10,Região de Saúde do Centro,"Unidade Local de Saúde da Guarda, EPE","40.5309916, -7.2734793",898,1032,87.0
2019-10,Região de Saúde LVT,"Centro Hospitalar Universitário de Lisboa Norte, EPE","38.7500861, -9.1616116",3942,4747,83.0
2019-10,Região de Saúde LVT,"Hospital de Vila Franca de Xira, PPP","38.977235, -8.984506",2646,3182,83.2
2019-10,Região de Saúde Norte,"Centro Hospitalar Universitário de São João, EPE","41.1831056, -8.6010558",5719,7772,73.6
2019-10,Região de Saúde Norte,"Centro Hospitalar Entre Douro e Vouga, EPE","40.9293884, -8.5458794",4747,5650,84.0
2019-10,Região de Saúde Norte,"Hospital de Magalhães Lemos, EPE","41.1764649, -8.6649823",0,0,
2019-10,Região de Saúde Norte,"Unidade Local de Saúde do Nordeste, EPE","41.8056532, -6.7888197",1877,2274,82.5
2019-11,Região de Saúde do Alentejo,"Unidade Local de Saúde do Baixo Alentejo, EPE","38.014123, -7.8721227",1319,1652,79.8
2019-11,Região de Saúde do Centro,"Centro Hospitalar de Leiria, EPE","39.7414812, -8.7982706",4692,5238,89.6
2019-11,Região de Saúde do Centro,Centro Medicina de Reabilitação da Região Centro Rovisco Pais,"40.297919, -8.7707806",0,0,
2019-11,Região de Saúde LVT,"Hospital de Cascais, PPP","38.729006, -9.418267",3120,3408,91.5
2019-11,Região de Saúde LVT,"Hospital Distrital de Santarém, EPE","39.2410946, -8.6937515",1913,2116,90.4
2019-11,Região de Saúde LVT,"Instituto Português Oncologia de Lisboa, EPE","38.7396768, -9.1634516",301,775,38.8
2019-11,Região de Saúde Norte,"Centro Hospitalar Universitário do Porto, EPE","41.1472498, -8.6172617",7939,9686,82.0
2019-11,Região de Saúde Norte,"Centro Hospitalar Entre Douro e Vouga, EPE","40.9293884, -8.5458794",5407,6405,84.4
2019-11,Região de Saúde Norte,"Centro Hospitalar Póvoa de Varzim/Vila do Conde, EPE","41.3828711, -8.7589945",1177,1678,70.1
2019-11,Região de Saúde Norte,"Centro Hospitalar Vila Nova de Gaia/Espinho, EPE","41.1094138, -8.5972617",5922,7170,82.6
2019-12,Região de Saúde do Alentejo,"Unidade Local de Saúde do Litoral Alentejano, EPE","38.0162314, -8.6956768",1194,1353,88.2
2019-12,Região de Saúde do Alentejo,"Unidade Local de Saúde do Norte Alentejano, EPE","39.3003425, -7.4263845",1260,1636,77.0
2019-12,Região de Saúde do Centro,"Unidade Local de Saúde de Castelo Branco, EPE","39.8212263, -7.4981271",885,1383,64.0
2019-12,Região de Saúde LVT,"Centro Hospitalar Universitário de Lisboa Norte, EPE","38.7500861, -9.1616116",4932,5910,83.5
2019-12,Região de Saúde LVT,"Hospital Professor Doutor Fernando Fonseca, EPE","38.7422257, -9.2264834",4598,5431,84.7
2019-12,Região de Saúde LVT,"Hospital Garcia de Orta, EPE","38.6658713, -9.1822554",3994,4404,90.7
2019-12,Região de Saúde Norte,"Unidade Local de Saúde de Matosinhos, EPE","41.1794456, -8.6745115",4275,4899,87.3
2020-01,Região de Saúde do Algarve,"Centro Hospitalar Universitário do Algarve, EPE","37.0238973, -7.9281554",314,356,88.2
2020-01,Região de Saúde do Centro,"Hospital Distrital da Figueira da Foz, EPE","40.117897, -8.8586755",139,168,82.7
2020-01,Região de Saúde do Centro,"Unidade Local de Saúde de Castelo Branco, EPE","39.8212263, -7.4981271",59,95,62.1
2020-01,Região de Saúde LVT,Centro Hospitalar do Oeste,"39.4054629, -9.1258493",120,184,65.2
2020-01,Região de Saúde LVT,"Centro Hospitalar Universitário de Lisboa Norte, EPE","38.7500861, -9.1616116",514,595,86.4
2020-01,Região de Saúde LVT,Centro Hospitalar Psiquiátrico de Lisboa,"38.7569771, -9.1460705",0,0,
2020-01,Região de Saúde LVT,"Hospital de Cascais, PPP","38.729006, -9.418267",305,343,88.9
2020-01,Região de Saúde Norte,"Centro Hospitalar do Médio Ave, EPE","41.3423984, -8.4802503",271,309,87.7
2020-01,Região de Saúde Norte,"Centro Hospitalar Universitário do Porto, EPE","41.1472498, -8.6172617",916,1070,85.6
2020-01,Região de Saúde Norte,"Centro Hospitalar Entre Douro e Vouga, EPE","40.9293884, -8.5458794",630,678,92.9
2020-01,Região de Saúde Norte,"Centro Hospitalar Tâmega e Sousa, EPE","41.2494561, -8.264901",507,574,88.3
2020-01,Região de Saúde Norte,"Hospital Santa Maria Maior, EPE","41.5324234, -8.6171561",240,265,90.6
2020-01,Região de Saúde Norte,"Unidade Local de Saúde de Matosinhos, EPE","41.1794456, -8.6745115",342,371,92.2
2020-02,Região de Saúde do Centro,"Centro Hospitalar de Leiria, EPE","39.7414812, -8.7982706",1101,1214,90.7
2020-02,Região de Saúde do Centro,"Hospital Distrital da Figueira da Foz, EPE","40.117897, -8.8586755",400,448,89.3
2020-02,Região de Saúde LVT,"Centro Hospitalar Universitário de Lisboa Norte, EPE","38.7500861, -9.1616116",1074,1219,88.1
2020-02,Região de Saúde Norte,"Centro Hospitalar Trás-os-Montes e Alto Douro, EPE","41.3031784, -7.7515252",901,1067,84.4
2020-02,Região de Saúde Norte,"Hospital da Senhora da Oliveira, Guimarães, EPE","41.4387173, -8.3086907",611,743,82.2
2020-02,Região de Saúde Norte,"Hospital de Braga, EPE","41.56785, -8.398982",938,1057,88.7
2020-02,Região de Saúde Norte,"Unidade Local de Saúde do Alto Minho, EPE","41.7056054, -8.8252713",633,770,82.2
2020-03,Região de Saúde do Alentejo,"Unidade Local de Saúde do Baixo Alentejo, EPE","38.014123, -7.8721227",162,234,69.2
2020-03,Região de Saúde do Centro,"Centro Hospitalar e Universitário de Coimbra, EPE","40.2191523, -8.4098211",1907,2352,81.1
2020-03,Região de Saúde do Centro,"Hospital Distrital da Figueira da Foz, EPE","40.117897, -8.8586755",584,653,89.4
2020-03,Região de Saúde do Centro,Hospital Dr. Francisco Zagalo,"40.8571967, -8.6318023",162,167,97.0
2020-03,Região de Saúde do Centro,"Instituto Português Oncologia de Coimbra, EPE","40.2162514, -8.4103814",8,112,7.1
2020-03,Região de Saúde LVT,"Centro Hospitalar de Setúbal, EPE","38.5283754, -8.8818638",693,783,88.5
2020-03,Região de Saúde LVT,"Centro Hospitalar Universitário de Lisboa Norte, EPE","38.7500861, -9.1616116",1290,1479,87.2
2020-03,Região de Saúde LVT,Centro Hospitalar Psiquiátrico de Lisboa,"38.7569771, -9.1460705",0,0,
2020-03,Região de Saúde LVT,Instituto Gama Pinto,"38.7218793, -9.144249",855,855,100.0
2020-03,Região de Saúde Norte,"Centro Hospitalar do Médio Ave, EPE","41.3423984, -8.4802503",676,784,86.2
2020-03,Região de Saúde Norte,"Hospital de Braga, EPE","41.56785, -8.398982",1114,1270,87.7
2020-03,Região de Saúde Norte,"Unidade Local de Saúde de Matosinhos, EPE","41.1794456, -8.6745115",994,1083,91.8
2020-03,Região de Saúde Norte,"Unidade Local de Saúde do Alto Minho, EPE","41.7056054, -8.8252713",856,1051,81.4
2020-04,Região de Saúde do Alentejo,"Unidade Local de Saúde do Baixo Alentejo, EPE","38.014123, -7.8721227",163,238,68.5
2020-04,Região de Saúde do Alentejo,"Unidade Local de Saúde do Norte Alentejano, EPE","39.3003425, -7.4263845",284,383,74.2
2020-04,Região de Saúde do Centro,"Centro Hospitalar Tondela-Viseu, EPE","40.516364, -8.0827433",1043,1137,91.7
2020-04,Região de Saúde LVT,"Hospital de Cascais, PPP","38.729006, -9.418267",634,719,88.2
2020-04,Região de Saúde LVT,"Hospital de Loures, PPP","38.821455, -9.176296",830,993,83.6
2020-04,Região de Saúde LVT,"Instituto Português Oncologia de Lisboa, EPE","38.7396768, -9.1634516",76,255,29.8
2020-04,Região de Saúde Norte,"Centro Hospitalar Universitário do Porto, EPE","41.1472498, -8.6172617",2076,2526,82.2
2020-04,Região de Saúde Norte,"Centro Hospitalar Tâmega e Sousa, EPE","41.2494561, -8.264901",1281,1494,85.7
2020-04,Região de Saúde Norte,"Hospital de Braga, EPE","41.56785, -8.398982",1116,1289,86.6
2020-05,Região de Saúde do Centro,"Centro Hospitalar Universitário Cova da Beira, EPE","40.2804158, -7.4922407",394,473,83.3
2020-05,Região de Saúde do Centro,"Centro Hospitalar do Baixo Vouga, EPE","40.6362453, -8.6543716",1121,1425,78.7
2020-05,Região de Saúde LVT,"Hospital de Loures, PPP","38.821455, -9.176296",896,1091,82.1
2020-05,Região de Saúde LVT,"Hospital de Vila Franca de Xira, PPP","38.977235, -8.984506",810,988,82.0
2020-05,Região de Saúde LVT,"Hospital Professor Doutor Fernando Fonseca, EPE","38.7422257, -9.2264834",1148,1350,85.0
2020-05,Região de Saúde LVT,Instituto Gama Pinto,"38.7218793, -9.144249",956,956,100.0
2020-05,Região de Saúde Norte,"Centro Hospitalar Vila Nova de Gaia/Espinho, EPE","41.1094138, -8.5972617",1569,2044,76.8
2020-05,Região de Saúde Norte,"Hospital Santa Maria Maior, EPE","41.5324234, -8.6171561",641,735,87.2
2020-06,Região de Saúde do Alentejo,"Unidade Local de Saúde do Litoral Alentejano, EPE","38.0162314, -8.6956768",393,436,90.1
2020-06,Região de Saúde do Alentejo,"Unidade Local de Saúde do Norte Alentejano, EPE","39.3003425, -7.4263845",416,544,76.5
2020-06,Região de Saúde do Centro,"Centro Hospitalar do Baixo Vouga, EPE","40.6362453, -8.6543716",1481,1877,78.9
2020-06,Região de Saúde LVT,Centro Hospitalar Psiquiátrico de Lisboa,"38.7569771, -9.1460705",0,0,
2020-06,Região de Saúde LVT,"Hospital de Cascais, PPP","38.729006, -9.418267",892,1006,88.7
2020-06,Região de Saúde LVT,"Hospital de Vila Franca de Xira, PPP","38.977235, -8.984506",1115,1336,83.5
2020-06,Região de Saúde LVT,"Hospital Professor Doutor Fernando Fonseca, EPE","38.7422257, -9.2264834",1213,1430,84.8
2020-06,Região de Saúde Norte,"Centro Hospitalar Universitário do Porto, EPE","41.1472498, -8.6172617",2511,3102,80.9
2020-07,Região de Saúde LVT,"Centro Hospitalar Barreiro/Montijo, EPE","38.6554005, -9.0592392",607,826,73.5
2020-07,Região de Saúde LVT,Centro Hospitalar do Oeste,"39.4054629, -9.1258493",592,817,72.5
2020-07,Região de Saúde LVT,"Hospital de Loures, PPP","38.821455, -9.176296",1428,1692,84.4
2020-07,Região de Saúde Norte,"Centro Hospitalar Entre Douro e Vouga, EPE","40.9293884, -8.5458794",2821,3188,88.5
2020-07,Região de Saúde Norte,"Unidade Local de Saúde do Alto Minho, EPE","41.7056054, -8.8252713",1355,1662,81.5
2020-08,Região de Saúde do Algarve,"Centro Hospitalar Universitário do Algarve, EPE","37.0238973, -7.9281554",1084,1349,80.4
2020-08,Região de Saúde do Centro,Centro Medicina de Reabilitação da Região Centro Rovisco Pais,"40.297919, -8.7707806",0,0,
2020-08,Região de Saúde do Centro,"Hospital Distrital da Figueira da Foz, EPE","40.117897, -8.8586755",1381,1531,90.2
2020-08,Região de Saúde LVT,"Centro Hospitalar Universitário Lisboa Central, EPE","38.7166948, -9.1371248",3170,3742,84.7
2020-08,Região de Saúde LVT,"Hospital Distrital de Santarém, EPE","39.2410946, -8.6937515",764,845,90.4
2020-08,Região de Saúde LVT,"Hospital Garcia de Orta, EPE","38.6658713, -9.1822554",1535,1748,87.8
2020-08,Região de Saúde Norte,"Centro Hospitalar Universitário de São João, EPE","41.1831056, -8.6010558",3086,4480,68.9
2020-08,Região de Saúde Norte,"Hospital de Magalhães Lemos, EPE","41.1764649, -8.6649823",0,0,
2020-09,Região de Saúde do Alentejo,"Unidade Local de Saúde do Norte Alentejano, EPE","39.3003425, -7.4263845",855,1018,84.0
2020-09,Região de Saúde do Centro,"Centro Hospitalar de Leiria, EPE","39.7414812, -8.7982706",3821,4179,91.4
2020-09,Região de Saúde LVT,Centro Hospitalar Psiquiátrico de Lisboa,"38.7569771, -9.1460705",0,0,
2020-09,Região de Saúde LVT,"Hospital Distrital de Santarém, EPE","39.2410946, -8.6937515",970,1076,90.1
2020-09,Região de Saúde Norte,"Centro Hospitalar Tâmega e Sousa, EPE","41.2494561, -8.264901",3443,4139,83.2
2020-10,Região de Saúde do Alentejo,"Hospital Espírito Santo de Évora, EPE","38.5684861, -7.9032848",1793,2183,82.1
2020-10,Região de Saúde do Centro,Centro Medicina de Reabilitação da Região Centro Rovisco Pais,"40.297919, -8.7707806",0,0,
2020-10,Região de Saúde do Centro,Hospital Arcebispo João Crisóstomo,"40.3470015, -8.5933462",288,288,100.0
2020-10,Região de Saúde LVT,"Centro Hospitalar Barreiro/Montijo, EPE","38.6554005, -9.0592392",833,1145,72.8
2020-10,Região de Saúde LVT,"Centro Hospitalar Universitário de Lisboa Norte, EPE","38.7500861, -9.1616116",3049,3623,84.2
2020-10,Região de Saúde LVT,"Centro Hospitalar Médio Tejo, EPE","39.478072, -8.5404429",1902,2274,83.6
2020-10,Região de Saúde LVT,Centro Hospitalar Psiquiátrico de Lisboa,"38.7569771, -9.1460705",0,0,
2020-10,Região de Saúde LVT,"Hospital Distrital de Santarém, EPE","39.2410946, -8.6937515",1152,1282,89.9
2020-10,Região de Saúde LVT,"Hospital Garcia de Orta, EPE","38.6658713, -9.1822554",2273,2545,89.3
2020-10,Região de Saúde LVT,"Instituto Português Oncologia de Lisboa, EPE","38.7396768, -9.1634516",119,588,20.2
2020-10,Região de Saúde Norte,"Centro Hospitalar Póvoa de Varzim/Vila do Conde, EPE","41.3828711, -8.7589945",712,1019,69.9
2020-10,Região de Saúde Norte,"Unidade Local de Saúde do Nordeste, EPE","41.8056532, -6.7888197",1617,1927,83.9
2020-11,Região de Saúde do Algarve,"Centro Hospitalar Universitário do Algarve, EPE","37.0238973, -7.9281554",1817,2232,81.4
2020-11,Região de Saúde do Centro,"Centro Hospitalar Universitário Cova da Beira, EPE","40.2804158, -7.4922407",1172,1341,87.4
2020-11,Região de Saúde do Centro,"Centro Hospitalar Tondela-Viseu, EPE","40.516364, -8.0827433",2386,2623,91.0
2020-11,Região de Saúde LVT,"Centro Hospitalar de Setúbal, EPE","38.5283754, -8.8818638",1664,1911,87.1
2020-11,Região de Saúde LVT,"Hospital de Vila Franca de Xira, PPP","38.977235, -8.984506",2757,3203,86.1
2020-11,Região de Saúde LVT,"Hospital Distrital de Santarém, EPE","39.2410946, -8.6937515",1338,1489,89.9
2020-11,Região de Saúde Norte,"Centro Hospitalar Universitário do Porto, EPE","41.1472498, -8.6172617",6680,7918,84.4
2020-11,Região de Saúde Norte,"Centro Hospitalar Entre Douro e Vouga, EPE","40.9293884, -8.5458794",4980,5684,87.6
2020-11,Região de Saúde Norte,"Hospital de Braga, EPE","41.56785, -8.398982",6501,7091,91.7
2020-11,Região de Saúde Norte,"Unidade Local de Saúde do Alto Minho, EPE","41.7056054, -8.8252713",2436,2956,82.4
2020-12,Região de Saúde do Algarve,"Centro Hospitalar Universitário do Algarve, EPE","37.0238973, -7.9281554",2015,2492,80.9
2020-12,Região de Saúde do Centro,"Centro Hospitalar Universitário Cova da Beira, EPE","40.2804158, -7.4922407",1291,1461,88.4
2020-12,Região de Saúde do Centro,"Unidade Local de Saúde de Castelo Branco, EPE","39.8212263, -7.4981271",607,935,64.9
2020-12,Região de Saúde LVT,"Centro Hospitalar de Setúbal, EPE","38.5283754, -8.8818638",1856,2108,88.0
2020-12,Região de Saúde LVT,Centro Hospitalar Psiquiátrico de Lisboa,"38.7569771, -9.1460705",0,0,
2020-12,Região de Saúde LVT,"Hospital Professor Doutor Fernando Fonseca, EPE","38.7422257, -9.2264834",2897,3452,83.9
2020-12,Região de Saúde Norte,"Centro Hospitalar do Médio Ave, EPE","41.3423984, -8.4802503",2086,2410,86.6
2020-12,Região de Saúde Norte,"Unidade Local de Saúde de Matosinhos, EPE","41.1794456, -8.6745115",2973,3328,89.3
2020-12,Região de Saúde Norte,"Unidade Local de Saúde do Alto Minho, EPE","41.7056054, -8.8252713",2443,2978,82.0
2020-12,Região de Saúde Norte,"Unidade Local de Saúde do Nordeste, EPE","41.8056532, -6.7888197",1966,2328,84.5
2021-01,Região de Saúde do Alentejo,"Unidade Local de Saúde do Norte Alentejano, EPE","39.3003425, -7.4263845",90,97,92.8
2021-01,Região de Saúde do Centro,"Unidade Local de Saúde da Guarda, EPE","40.5309916, -7.2734793",18,20,90.0
2021-01,Região de Saúde LVT,"Centro Hospitalar Universitário de Lisboa Norte, EPE","38.7500861, -9.1616116",388,420,92.4
2021-01,Região de Saúde LVT,"Hospital de Loures, PPP","38.821455, -9.176296",116,136,85.3
2021-01,Região de Saúde LVT,"Hospital Professor Doutor Fernando Fonseca, EPE","38.7422257, -9.2264834",75,85,88.2
2021-01,Região de Saúde Norte,"Centro Hospitalar Universitário de São João, EPE","41.1831056, -8.6010558",767,974,78.7
2021-01,Região de Saúde Norte,"Centro Hospitalar do Médio Ave, EPE","41.3423984, -8.4802503",243,265,91.7
2021-01,Região de Saúde Norte,"Centro Hospitalar Entre Douro e Vouga, EPE","40.9293884, -8.5458794",514,543,94.7
2021-01,Região de Saúde Norte,"Hospital de Braga, EPE","41.56785, -8.398982",620,673,92.1
2021-01,Região de Saúde Norte,"Hospital de Magalhães Lemos, EPE","41.1764649, -8.6649823",0,0,
2021-01,Região de Saúde Norte,"Instituto Português Oncologia do Porto, EPE","41.1785642, -8.6062881",43,94,45.7
2021-02,Região de Saúde do Centro,Hospital Dr. Francisco Zagalo,"40.8571967, -8.6318023",24,25,96.0
2021-02,Região de Saúde LVT,"Centro Hospitalar Universitário Lisboa Central, EPE","38.7166948, -9.1371248",869,946,91.9
2021-02,Região de Saúde LVT,"Centro Hospitalar de Lisboa Ocidental, EPE","38.708454, -9.216985",212,238,89.1
2021-02,Região de Saúde LVT,"Hospital de Loures, PPP","38.821455, -9.176296",252,280,90.0
2021-02,Região de Saúde LVT,"Hospital Distrital de Santarém, EPE","39.2410946, -8.6937515",429,434,98.8
2021-02,Região de Saúde LVT,"Hospital Professor Doutor Fernando Fonseca, EPE","38.7422257, -9.2264834",79,93,84.9
2021-02,Região de Saúde LVT,"Hospital Garcia de Orta, EPE","38.6658713, -9.1822554",371,386,96.1
2021-02,Região de Saúde Norte,"Centro Hospitalar Tâmega e Sousa, EPE","41.2494561, -8.264901",1056,1134,93.1
2021-02,Região de Saúde Norte,"Unidade Local de Saúde do Nordeste, EPE","41.8056532, -6.7888197",286,307,93.2
2021-03,Região de Saúde do Centro,"Centro Hospitalar do Baixo Vouga, EPE","40.6362453, -8.6543716",672,773,86.9
2021-03,Região de Saúde do Centro,"Centro Hospitalar e Universitário de Coimbra, EPE","40.2191523, -8.4098211",1158,1416,81.8
2021-03,Região de Saúde do Centro,"Centro Hospitalar Tondela-Viseu, EPE","40.516364, -8.0827433",633,691,91.6
2021-03,Região de Saúde do Centro,"Hospital Distrital da Figueira da Foz, EPE","40.117897, -8.8586755",629,648,97.1
2021-03,Região de Saúde LVT,"Hospital de Vila Franca de Xira, PPP","38.977235, -8.984506",1932,2018,95.7
2021-03,Região de Saúde LVT,"Hospital Professor Doutor Fernando Fonseca, EPE","38.7422257, -9.2264834",272,328,82.9
2021-03,Região de Saúde Norte,"Centro Hospitalar Universitário de São João, EPE","41.1831056, -8.6010558",2437,3163,77.0
2021-03,Região de Saúde Norte,"Centro Hospitalar do Médio Ave, EPE","41.3423984, -8.4802503",714,794,89.9
2021-03,Região de Saúde Norte,"Centro Hospitalar Entre Douro e Vouga, EPE","40.9293884, -8.5458794",1741,1857,93.8
2021-03,Região de Saúde Norte,"Centro Hospitalar Tâmega e Sousa, EPE","41.2494561, -8.264901",1769,1914,92.4
2021-03,Região de Saúde Norte,"Centro Hospitalar Trás-os-Montes e Alto Douro, EPE","41.3031784, -7.7515252",1100,1239,88.8
2021-03,Região de Saúde Norte,"Hospital de Braga, EPE","41.56785, -8.398982",2723,2917,93.3
2021-03,Região de Saúde Norte,"Hospital de Magalhães Lemos, EPE","41.1764649, -8.6649823",0,0,
2021-03,Região de Saúde Norte,"Unidade Local de Saúde de Matosinhos, EPE","41.1794456, -8.6745115",671,765,87.7
2021-03,Região de Saúde Norte,"Unidade Local de Saúde do Nordeste, EPE","41.8056532, -6.7888197",513,576,89.1
2021-04,Região de Saúde do Alentejo,"Unidade Local de Saúde do Baixo Alentejo, EPE","38.014123, -7.8721227",181,253,71.5
2021-04,Região de Saúde do Centro,Centro Medicina de Reabilitação da Região Centro Rovisco Pais,"40.297919, -8.7707806",0,0,
2021-04,Região de Saúde LVT,Centro Hospitalar do Oeste,"39.4054629, -9.1258493",396,441,89.8
2021-04,Região de Saúde LVT,Centro Hospitalar Psiquiátrico de Lisboa,"38.7569771, -9.1460705",0,0,
2021-04,Região de Saúde LVT,"Hospital de Vila Franca de Xira, PPP","38.977235, -8.984506",2534,2736,92.6
2021-04,Região de Saúde Norte,"Centro Hospitalar do Médio Ave, EPE","41.3423984, -8.4802503",1017,1153,88.2
2021-04,Região de Saúde Norte,"Centro Hospitalar Póvoa de Varzim/Vila do Conde, EPE","41.3828711, -8.7589945",355,447,79.4
2021-04,Região de Saúde Norte,"Centro Hospitalar Vila Nova de Gaia/Espinho, EPE","41.1094138, -8.5972617",2574,2951,87.2
2021-04,Região de Saúde Norte,"Instituto Português Oncologia do Porto, EPE","41.1785642, -8.6062881",160,456,35.1
2021-04,Região de Saúde Norte,"Unidade Local de Saúde do Alto Minho, EPE","41.7056054, -8.8252713",968,1087,89.1
2021-05,Região de Saúde do Alentejo,"Unidade Local de Saúde do Baixo Alentejo, EPE","38.014123, -7.8721227",327,435,75.2
2021-05,Região de Saúde do Centro,"Centro Hospitalar e Universitário de Coimbra, EPE","40.2191523, -8.4098211",2795,3423,81.7
2021-05,Região de Saúde do Centro,Hospital Arcebispo João Crisóstomo,"40.3470015, -8.5933462",238,238,100.0
2021-05,Região de Saúde do Centro,"Hospital Distrital da Figueira da Foz, EPE","40.117897, -8.8586755",1391,1477,94.2
2021-05,Região de Saúde do Centro,Hospital Dr. Francisco Zagalo,"40.8571967, -8.6318023",294,305,96.4
2021-05,Região de Saúde do Centro,"Unidade Local de Saúde de Castelo Branco, EPE","39.8212263, -7.4981271",203,350,58.0
2021-05,Região de Saúde LVT,"Centro Hospitalar Universitário Lisboa Central, EPE","38.7166948, -9.1371248",2603,3010,86.5
2021-05,Região de Saúde LVT,"Hospital Garcia de Orta, EPE","38.6658713, -9.1822554",1472,1610,91.4
2021-05,Região de Saúde LVT,Instituto Gama Pinto,"38.7218793, -9.144249",1611,1611,100.0
2021-05,Região de Saúde LVT,"Instituto Português Oncologia de Lisboa, EPE","38.7396768, -9.1634516",78,385,20.3
2021-05,Região de Saúde Norte,"Centro Hospitalar Trás-os-Montes e Alto Douro, EPE","41.3031784, -7.7515252",2363,2709,87.2
2021-05,Região de Saúde Norte,"Hospital de Braga, EPE","41.56785, -8.398982",5289,5722,92.4
2021-05,Região de Saúde Norte,"Unidade Local de Saúde de Matosinhos, EPE","41.1794456, -8.6745115",1417,1620,87.5
2021-06,Região de Saúde do Algarve,"Centro Hospitalar Universitário do Algarve, EPE","37.0238973, -7.9281554",1276,1630,78.3
2021-06,Região de Saúde do Centro,"Centro Hospitalar de Leiria, EPE","39.7414812, -8.7982706",3417,3707,92.2
2021-06,Região de Saúde do Centro,Hospital Arcebispo João Crisóstomo,"40.3470015, -8.5933462",277,277,100.0
2021-06,Região de Saúde LVT,"Hospital de Cascais, PPP","38.729006, -9.418267",1867,2043,91.4
2021-06,Região de Saúde LVT,"Hospital Garcia de Orta, EPE","38.6658713, -9.1822554",1753,1921,91.3
2021-06,Região de Saúde Norte,"Centro Hospitalar Póvoa de Varzim/Vila do Conde, EPE","41.3828711, -8.7589945",504,668,75.4
2021-06,Região de Saúde Norte,"Hospital de Braga, EPE","41.56785, -8.398982",6413,6936,92.5
2021-06,Região de Saúde Norte,"Hospital de Magalhães Lemos, EPE","41.1764649, -8.6649823",0,0,
2021-06,Região de Saúde Norte,"Unidade Local de Saúde do Alto Minho, EPE","41.7056054, -8.8252713",1788,2049,87.3
2021-07,Região de Saúde do Centro,Hospital Arcebispo João Crisóstomo,"40.3470015, -8.5933462",304,304,100.0
2021-07,Região de Saúde do Centro,"Instituto Português Oncologia de Coimbra, EPE","40.2162514, -8.4103814",38,338,11.2
2021-07,Região de Saúde LVT,"Hospital de Cascais, PPP","38.729006, -9.418267",2167,2369,91.5
2021-07,Região de Saúde LVT,"Hospital Distrital de Santarém, EPE","39.2410946, -8.6937515",1510,1728,87.4
2021-07,Região de Saúde LVT,"Hospital Garcia de Orta, EPE","38.6658713, -9.1822554",2053,2261,90.8
2021-07,Região de Saúde Norte,"Centro Hospitalar do Médio Ave, EPE","41.3423984, -8.4802503",1824,2112,86.4
2021-07,Região de Saúde Norte,"Centro Hospitalar Universitário do Porto, EPE","41.1472498, -8.6172617",5506,6433,85.6
2021-07,Região de Saúde Norte,"Centro Hospitalar Póvoa de Varzim/Vila do Conde, EPE","41.3828711, -8.7589945",570,771,73.9
2021-07,Região de Saúde Norte,"Hospital de Braga, EPE","41.56785, -8.398982",7839,8424,93.1
2021-07,Região de Saúde Norte,"Unidade Local de Saúde do Nordeste, EPE","41.8056532, -6.7888197",1499,1699,88.2
2021-08,Região de Saúde do Alentejo,"Unidade Local de Saúde do Norte Alentejano, EPE","39.3003425, -7.4263845",1056,1201,87.9
2021-08,Região de Saúde do Centro,"Centro Hospitalar de Leiria, EPE","39.7414812, -8.7982706",4384,4762,92.1
2021-08,Região de Saúde do Centro,Hospital Dr. Francisco Zagalo,"40.8571967, -8.6318023",499,514,97.1
2021-08,Região de Saúde do Centro,"Instituto Português Oncologia de Coimbra, EPE","40.2162514, -8.4103814",39,363,10.7
2021-08,Região de Saúde LVT,Centro Hospitalar do Oeste,"39.4054629, -9.1258493",1036,1179,87.9
2021-08,Região de Saúde LVT,Centro Hospitalar Psiquiátrico de Lisboa,"38.7569771, -9.1460705",0,0,
2021-08,Região de Saúde LVT,"Hospital Professor Doutor Fernando Fonseca, EPE","38.7422257, -9.2264834",1952,2360,82.7
2021-08,Região de Saúde Norte,"Centro Hospitalar do Médio Ave, EPE","41.3423984, -8.4802503",1930,2242,86.1
2021-08,Região de Saúde Norte,"Centro Hospitalar Póvoa de Varzim/Vila do Conde, EPE","41.3828711, -8.7589945",603,828,72.8
2021-08,Região de Saúde Norte,"Centro Hospitalar Vila Nova de Gaia/Espinho, EPE","41.1094138, -8.5972617",4825,5771,83.6
2021-08,Região de Saúde Norte,"Hospital da Senhora da Oliveira, Guimarães, EPE","41.4387173, -8.3086907",2462,2809,87.6
2021-08,Região de Saúde Norte,"Hospital Santa Maria Maior, EPE","41.5324234, -8.6171561",1537,1602,95.9
2021-09,Região de Saúde do Alentejo,"Unidade Local de Saúde do Norte Alentejano, EPE","39.3003425, -7.4263845",1187,1348,88.1
2021-09,Região de Saúde do Centro,"Centro Hospitalar e Universitário de Coimbra, EPE","40.2191523, -8.4098211",5450,6632,82.2
2021-09,Região de Saúde do Centro,Hospital Dr. Francisco Zagalo,"40.8571967, -8.6318023",586,602,97.3
2021-09,Região de Saúde do Centro,"Instituto Português Oncologia de Coimbra, EPE","40.2162514, -8.4103814",45,399,11.3
2021-09,Região de Saúde do Centro,"Unidade Local de Saúde de Castelo Branco, EPE","39.8212263, -7.4981271",446,686,65.0
2021-09,Região de Saúde LVT,"Centro Hospitalar de Lisboa Ocidental, EPE","38.708454, -9.216985",1990,2395,83.1
2021-09,Região de Saúde LVT,Centro Hospitalar do Oeste,"39.4054629, -9.1258493",1226,1388,88.3
2021-09,Região de Saúde LVT,Centro Hospitalar Psiquiátrico de Lisboa,"38.7569771, -9.1460705",0,0,
2021-09,Região de Saúde Norte,"Centro Hospitalar do Médio Ave, EPE","41.3423984, -8.4802503",2187,2544,86.0
2021-09,Região de Saúde Norte,"Centro Hospitalar Póvoa de Varzim/Vila do Conde, EPE","41.3828711, -8.7589945",685,948,72.3
2021-09,Região de Saúde Norte,"Hospital Santa Maria Maior, EPE","41.5324234, -8.6171561",1733,1803,96.1
2021-10,Região de Saúde do Alentejo,"Unidade Local de Saúde do Litoral Alentejano, EPE","38.0162314, -8.6956768",1386,1502,92.3
2021-10,Região de Saúde do Alentejo,"Unidade Local de Saúde do Norte Alentejano, EPE","39.3003425, -7.4263845",1356,1521,89.2
2021-10,Região de Saúde do Centro,"Centro Hospitalar do Baixo Vouga, EPE","40.6362453, -8.6543716",3181,3781,84.1
2021-10,Região de Saúde do Centro,"Centro Hospitalar e Universitário de Coimbra, EPE","40.2191523, -8.4098211",6386,7720,82.7
2021-10,Região de Saúde LVT,Centro Hospitalar do Oeste,"39.4054629, -9.1258493",1422,1625,87.5
2021-10,Região de Saúde LVT,"Centro Hospitalar Universitário de Lisboa Norte, EPE","38.7500861, -9.1616116",4688,5265,89.0
2021-10,Região de Saúde LVT,"Hospital de Loures, PPP","38.821455, -9.176296",2602,2993,86.9
2021-10,Região de Saúde LVT,"Hospital Distrital de Santarém, EPE","39.2410946, -8.6937515",1800,2070,87.0
2021-10,Região de Saúde LVT,"Hospital Professor Doutor Fernando Fonseca, EPE","38.7422257, -9.2264834",2641,3171,83.3
2021-11,Região de Saúde do Alentejo,"Unidade Local de Saúde do Baixo Alentejo, EPE","38.014123, -7.8721227",1016,1286,79.0
2021-11,Região de Saúde do Centro,"Centro Hospitalar Tondela-Viseu, EPE","40.516364, -8.0827433",4621,4929,93.8
2021-11,Região de Saúde do Centro,"Unidade Local de Saúde da Guarda, EPE","40.5309916, -7.2734793",306,331,92.4
2021-11,Região de Saúde LVT,"Centro Hospitalar de Setúbal, EPE","38.5283754, -8.8818638",2818,3021,93.3
2021-11,Região de Saúde LVT,"Hospital de Cascais, PPP","38.729006, -9.418267",3606,3917,92.1
2021-11,Região de Saúde Norte,"Centro Hospitalar Universitário de São João, EPE","41.1831056, -8.6010558",7398,9620,76.9
2021-11,Região de Saúde Norte,"Centro Hospitalar Tâmega e Sousa, EPE","41.2494561, -8.264901",5886,6644,88.6
2021-11,Região de Saúde Norte,"Centro Hospitalar Trás-os-Montes e Alto Douro, EPE","41.3031784, -7.7515252",5349,6133,87.2
2021-11,Região de Saúde Norte,"Hospital de Braga, EPE","41.56785, -8.398982",12275,13222,92.8
2021-11,Região de Saúde Norte,"Hospital de Magalhães Lemos, EPE","41.1764649, -8.6649823",0,0,
2021-11,Região de Saúde Norte,"Hospital Santa Maria Maior, EPE","41.5324234, -8.6171561",2108,2197,95.9
2021-11,Região de Saúde Norte,"Unidade Local de Saúde do Alto Minho, EPE","41.7056054, -8.8252713",3487,4022,86.7
2021-12,Região de Saúde do Alentejo,"Unidade Local de Saúde do Norte Alentejano, EPE","39.3003425, -7.4263845",1512,1701,88.9
2021-12,Região de Saúde do Centro,"Centro Hospitalar de Leiria, EPE","39.7414812, -8.7982706",6764,7305,92.6
2021-12,Região de Saúde do Centro,"Centro Hospitalar do Baixo Vouga, EPE","40.6362453, -8.6543716",3676,4372,84.1
2021-12,Região de Saúde do Centro,Hospital Arcebispo João Crisóstomo,"40.3470015, -8.5933462",484,484,100.0
2021-12,Região de Saúde LVT,"Centro Hospitalar Médio Tejo, EPE","39.478072, -8.5404429",2566,3059,83.9
2021-12,Região de Saúde LVT,"Hospital de Cascais, PPP","38.729006, -9.418267",3901,4238,92.0
2021-12,Região de Saúde LVT,"Hospital de Loures, PPP","38.821455, -9.176296",3204,3708,86.4
2021-12,Região de Saúde LVT,"Hospital de Vila Franca de Xira, EPE","38.977235, -8.984506",6960,7748,89.8
2021-12,Região de Saúde Norte,"Centro Hospitalar Tâmega e Sousa, EPE","41.2494561, -8.264901",6453,7287,88.6
2021-12,Região de Saúde Norte,"Unidade Local de Saúde do Nordeste, EPE","41.8056532, -6.7888197",2791,3160,88.3
2022-01,Região de Saúde do Alentejo,"Unidade Local de Saúde do Norte Alentejano, EPE","39.3003425, -7.4263845",83,87,95.4
2022-01,Região de Saúde LVT,"Centro Hospitalar Barreiro/Montijo, EPE","38.6554005, -9.0592392",151,176,85.8
2022-01,Região de Saúde LVT,"Hospital de Cascais, PPP","38.729006, -9.418267",365,383,95.3
2022-01,Região de Saúde LVT,"Hospital de Loures, EPE","38.821455, -9.176296",658,710,92.7
2022-01,Região de Saúde Norte,"Centro Hospitalar Universitário de São João, EPE","41.1831056, -8.6010558",680,894,76.1
2022-01,Região de Saúde Norte,"Centro Hospitalar Entre Douro e Vouga, EPE","40.9293884, -8.5458794",549,616,89.1
2022-01,Região de Saúde Norte,"Centro Hospitalar Póvoa de Varzim/Vila do Conde, EPE","41.3828711, -8.7589945",86,123,69.9
2022-01,Região de Saúde Norte,"Hospital de Magalhães Lemos, EPE","41.1764649, -8.6649823",0,0,
2022-02,Região de Saúde do Centro,"Centro Hospitalar Tondela-Viseu, EPE","40.516364, -8.0827433",817,858,95.2
2022-02,Região de Saúde LVT,Centro Hospitalar do Oeste,"39.4054629, -9.1258493",416,474,87.8
2022-02,Região de Saúde LVT,Centro Hospitalar Psiquiátrico de Lisboa,"38.7569771, -9.1460705",0,0,
2022-02,Região de Saúde LVT,"Hospital de Cascais, PPP","38.729006, -9.418267",741,787,94.2
2022-02,Região de Saúde LVT,"Hospital Garcia de Orta, EPE","38.6658713, -9.1822554",594,659,90.1
2022-02,Região de Saúde Norte,"Centro Hospitalar Universitário do Porto, EPE","41.1472498, -8.6172617",1746,1983,88.0
2022-02,Região de Saúde Norte,"Centro Hospitalar Trás-os-Montes e Alto Douro, EPE","41.3031784, -7.7515252",1001,1087,92.1
2022-02,Região de Saúde Norte,"Instituto Português Oncologia do Porto, EPE","41.1785642, -8.6062881",112,296,37.8
2022-02,Região de Saúde Norte,"Unidade Local de Saúde do Nordeste, EPE","41.8056532, -6.7888197",523,585,89.4
2022-03,Região de Saúde do Centro,"Centro Hospitalar do Baixo Vouga, EPE","40.6362453, -8.6543716",1510,1676,90.1
2022-03,Região de Saúde do Centro,Hospital Arcebispo João Crisóstomo,"40.3470015, -8.5933462",68,68,100.0
2022-03,Região de Saúde LVT,"Centro Hospitalar Médio Tejo, EPE","39.478072, -8.5404429",663,809,82.0
2022-03,Região de Saúde LVT,Centro Hospitalar Psiquiátrico de Lisboa,"38.7569771, -9.1460705",0,0,
2022-03,Região de Saúde LVT,"Hospital Garcia de Orta, EPE","38.6658713, -9.1822554",995,1092,91.1
2022-03,Região de Saúde LVT,"Instituto Português Oncologia de Lisboa, EPE","38.7396768, -9.1634516",58,252,23.0
2022-03,Região de Saúde Norte,"Centro Hospitalar do Médio Ave, EPE","41.3423984, -8.4802503",553,665,83.2
2022-03,Região de Saúde Norte,"Centro Hospitalar Universitário do Porto, EPE","41.1472498, -8.6172617",2722,3112,87.5
2022-03,Região de Saúde Norte,"Hospital da Senhora da Oliveira, Guimarães, EPE","41.4387173, -8.3086907",813,940,86.5
2022-04,Região de Saúde do Alentejo,"Unidade Local de Saúde do Baixo Alentejo, EPE","38.014123, -7.8721227",299,373,80.2
2022-04,Região de Saúde do Alentejo,"Unidade Local de Saúde do Litoral Alentejano, EPE","38.0162314, -8.6956768",528,579,91.2
2022-04,Região de Saúde do Centro,"Centro Hospitalar de Leiria, EPE","39.7414812, -8.7982706",2253,2437,92.4
2022-04,Região de Saúde do Centro,"Centro Hospitalar do Baixo Vouga, EPE","40.6362453, -8.6543716",1989,2242,88.7
2022-04,Região de Saúde do Centro,"Hospital Distrital da Figueira da Foz, EPE","40.117897, -8.8586755",993,1086,91.4
2022-04,Região de Saúde do Centro,"Instituto Português Oncologia de Coimbra, EPE","40.2162514, -8.4103814",60,210,28.6
2022-04,Região de Saúde LVT,"Centro Hospitalar de Setúbal, EPE","38.5283754, -8.8818638",1075,1158,92.8
2022-04,Região de Saúde LVT,Centro Hospitalar Psiquiátrico de Lisboa,"38.7569771, -9.1460705",0,0,
2022-04,Região de Saúde LVT,"Hospital de Cascais, PPP","38.729006, -9.418267",1510,1606,94.0
2022-04,Região de Saúde Norte,"Centro Hospitalar Entre Douro e Vouga, EPE","40.9293884, -8.5458794",2209,2474,89.3
2022-04,Região de Saúde Norte,"Centro Hospitalar Trás-os-Montes e Alto Douro, EPE","41.3031784, -7.7515252",1904,2136,89.1
2022-04,Região de Saúde Norte,"Hospital de Magalhães Lemos, EPE","41.1764649, -8.6649823",0,0,
2022-05,Região de Saúde do Centro,"Centro Hospitalar Universitário Cova da Beira, EPE","40.2804158, -7.4922407",701,805,87.1
2022-05,Região de Saúde do Centro,"Centro Hospitalar do Baixo Vouga, EPE","40.6362453, -8.6543716",2427,2761,87.9
2022-05,Região de Saúde do Centro,"Centro Hospitalar Tondela-Viseu, EPE","40.516364, -8.0827433",2193,2332,94.0
2022-05,Região de Saúde do Centro,Centro Medicina de Reabilitação da Região Centro Rovisco Pais,"40.297919, -8.7707806",0,0,
2022-05,Região de Saúde do Centro,Hospital Dr. Francisco Zagalo,"40.8571967, -8.6318023",378,385,98.2
2022-05,Região de Saúde do Centro,"Unidade Local de Saúde da Guarda, EPE","40.5309916, -7.2734793",291,315,92.4
2022-05,Região de Saúde LVT,"Centro Hospitalar Universitário de Lisboa Norte, EPE","38.7500861, -9.1616116",2923,3244,90.1
2022-05,Região de Saúde LVT,Centro Hospitalar Psiquiátrico de Lisboa,"38.7569771, -9.1460705",0,0,
2022-05,Região de Saúde Norte,"Hospital da Senhora da Oliveira, Guimarães, EPE","41.4387173, -8.3086907",1411,1637,86.2
2022-05,Região de Saúde Norte,"Hospital de Braga, EPE","41.56785, -8.398982",4984,5358,93.0
2022-05,Região de Saúde Norte,"Hospital Santa Maria Maior, EPE","41.5324234, -8.6171561",1103,1146,96.2
2022-05,Região de Saúde Norte,"Instituto Português Oncologia do Porto, EPE","41.1785642, -8.6062881",290,760,38.2
2022-06,Região de Saúde do Alentejo,"Hospital Espírito Santo de Évora, EPE","38.5684861, -7.9032848",1499,1830,81.9
2022-06,Região de Saúde do Alentejo,"Unidade Local de Saúde do Baixo Alentejo, EPE","38.014123, -7.8721227",531,643,82.6
2022-06,Região de Saúde do Centro,"Centro Hospitalar Universitário Cova da Beira, EPE","40.2804158, -7.4922407",890,1013,87.9
2022-06,Região de Saúde LVT,"Centro Hospitalar de Setúbal, EPE","38.5283754, -8.8818638",1824,1943,93.9
2022-06,Região de Saúde LVT,"Hospital de Loures, EPE","38.821455, -9.176296",2370,2610,90.8
2022-06,Região de Saúde LVT,"Hospital Garcia de Orta, EPE","38.6658713, -9.1822554",1967,2158,91.1
2022-06,Região de Saúde Norte,"Centro Hospitalar Universitário de São João, EPE","41.1831056, -8.6010558",4437,5650,78.5
2022-06,Região de Saúde Norte,"Centro Hospitalar Entre Douro e Vouga, EPE","40.9293884, -8.5458794",3499,3868,90.5
2022-07,Região de Saúde do Centro,"Centro Hospitalar Tondela-Viseu, EPE","40.516364, -8.0827433",2999,3203,93.6
2022-07,Região de Saúde do Centro,"Hospital Distrital da Figueira da Foz, EPE","40.117897, -8.8586755",1824,1974,92.4
2022-07,Região de Saúde do Centro,"Unidade Local de Saúde da Guarda, EPE","40.5309916, -7.2734793",366,405,90.4
2022-07,Região de Saúde LVT,Centro Hospitalar Psiquiátrico de Lisboa,"38.7569771, -9.1460705",0,0,
2022-07,Região de Saúde LVT,"Hospital de Cascais, PPP","38.729006, -9.418267",2522,2700,93.4
2022-07,Região de Saúde LVT,"Instituto Português Oncologia de Lisboa, EPE","38.7396768, -9.1634516",135,596,22.7
2022-07,Região de Saúde Norte,"Centro Hospitalar Tâmega e Sousa, EPE","41.2494561, -8.264901",3898,4370,89.2
2022-07,Região de Saúde Norte,"Centro Hospitalar Trás-os-Montes e Alto Douro, EPE","41.3031784, -7.7515252",3017,3434,87.9
2022-07,Região de Saúde Norte,"Hospital da Senhora da Oliveira, Guimarães, EPE","41.4387173, -8.3086907",1900,2204,86.2
2022-08,Região de Saúde do Centro,"Centro Hospitalar e Universitário de Coimbra, EPE","40.2191523, -8.4098211",5952,7122,83.6
2022-08,Região de Saúde do Centro,"Centro Hospitalar Tondela-Viseu, EPE","40.516364, -8.0827433",3227,3458,93.3
2022-08,Região de Saúde LVT,"Centro Hospitalar Barreiro/Montijo, EPE","38.6554005, -9.0592392",1032,1306,79.0
2022-08,Região de Saúde LVT,"Hospital de Cascais, PPP","38.729006, -9.418267",2869,3094,92.7
2022-08,Região de Saúde LVT,"Hospital de Loures, EPE","38.821455, -9.176296",2866,3182,90.1
2022-08,Região de Saúde LVT,"Hospital Garcia de Orta, EPE","38.6658713, -9.1822554",2575,2861,90.0
2022-08,Região de Saúde LVT,Instituto Gama Pinto,"38.7218793, -9.144249",2074,2074,100.0
2022-08,Região de Saúde LVT,"Instituto Português Oncologia de Lisboa, EPE","38.7396768, -9.1634516",142,660,21.5
2022-08,Região de Saúde Norte,"Unidade Local de Saúde de Matosinhos, EPE","41.1794456, -8.6745115",2849,3164,90.0
2022-08,Região de Saúde Norte,"Unidade Local de Saúde do Alto Minho, EPE","41.7056054, -8.8252713",2780,3228,86.1
2022-09,Região de Saúde do Centro,"Unidade Local de Saúde da Guarda, EPE","40.5309916, -7.2734793",452,502,90.0
2022-09,Região de Saúde do Centro,"Unidade Local de Saúde de Castelo Branco, EPE","39.8212263, -7.4981271",703,969,72.5
2022-09,Região de Saúde LVT,"Hospital de Vila Franca de Xira, EPE","38.977235, -8.984506",1805,2083,86.7
2022-09,Região de Saúde Norte,"Centro Hospitalar Universitário de São João, EPE","41.1831056, -8.6010558",6187,7929,78.0
2022-09,Região de Saúde Norte,"Hospital de Braga, EPE","41.56785, -8.398982",8340,9036,92.3
2022-09,Região de Saúde Norte,"Unidade Local de Saúde de Matosinhos, EPE","41.1794456, -8.6745115",3230,3599,89.7
2022-10,Região de Saúde do Alentejo,"Unidade Local de Saúde do Litoral Alentejano, EPE","38.0162314, -8.6956768",1313,1436,91.4
2022-10,Região de Saúde do Alentejo,"Unidade Local de Saúde do Norte Alentejano, EPE","39.3003425, -7.4263845",1264,1386,91.2
2022-10,Região de Saúde do Algarve,"Centro Hospitalar Universitário do Algarve, EPE","37.0238973, -7.9281554",3424,4071,84.1
2022-10,Região de Saúde do Centro,"Centro Hospitalar e Universitário de Coimbra, EPE","40.2191523, -8.4098211",7593,9042,84.0
2022-10,Região de Saúde do Centro,"Centro Hospitalar Tondela-Viseu, EPE","40.516364, -8.0827433",4063,4371,93.0
2022-10,Região de Saúde do Centro,Hospital Arcebispo João Crisóstomo,"40.3470015, -8.5933462",270,270,100.0
2022-10,Região de Saúde do Centro,"Instituto Português Oncologia de Coimbra, EPE","40.2162514, -8.4103814",126,482,26.1
2022-10,Região de Saúde LVT,"Hospital de Loures, EPE","38.821455, -9.176296",3430,3832,89.5
2022-10,Região de Saúde LVT,"Hospital Distrital de Santarém, EPE","39.2410946, -8.6937515",1674,1997,83.8
2022-10,Região de Saúde Norte,"Centro Hospitalar Universitário do Porto, EPE","41.1472498, -8.6172617",8261,9340,88.4
2022-10,Região de Saúde Norte,"Centro Hospitalar Trás-os-Montes e Alto Douro, EPE","41.3031784, -7.7515252",4311,4868,88.6
2022-10,Região de Saúde Norte,"Hospital de Braga, EPE","41.56785, -8.398982",9546,10333,92.4
2022-11,Região de Saúde do Alentejo,"Unidade Local de Saúde do Baixo Alentejo, EPE","38.014123, -7.8721227",1067,1308,81.6
2022-11,Região de Saúde do Alentejo,"Unidade Local de Saúde do Norte Alentejano, EPE","39.3003425, -7.4263845",1405,1542,91.1
2022-11,Região de Saúde do Centro,"Hospital Distrital da Figueira da Foz, EPE","40.117897, -8.8586755",2979,3198,93.2
2022-11,Região de Saúde LVT,"Centro Hospitalar Barreiro/Montijo, EPE","38.6554005, -9.0592392",1476,1880,78.5
2022-11,Região de Saúde LVT,Instituto Gama Pinto,"38.7218793, -9.144249",2764,2764,100.0
2022-11,Região de Saúde LVT,"Instituto Português Oncologia de Lisboa, EPE","38.7396768, -9.1634516",215,957,22.5
2022-11,Região de Saúde Norte,"Centro Hospitalar Universitário de São João, EPE","41.1831056, -8.6010558",7739,9915,78.1
2022-11,Região de Saúde Norte,"Centro Hospitalar Vila Nova de Gaia/Espinho, EPE","41.1094138, -8.5972617",6967,8334,83.6
2022-11,Região de Saúde Norte,"Instituto Português Oncologia do Porto, EPE","41.1785642, -8.6062881",632,1553,40.7
2022-12,Região de Saúde do Centro,"Centro Hospitalar do Baixo Vouga, EPE","40.6362453, -8.6543716",5385,6145,87.6
2022-12,Região de Saúde do Centro,"Centro Hospitalar Tondela-Viseu, EPE","40.516364, -8.0827433",4858,5253,92.5
2022-12,Região de Saúde do Centro,"Hospital Distrital da Figueira da Foz, EPE","40.117897, -8.8586755",3254,3483,93.4
2022-12,Região de Saúde do Centro,"Instituto Português Oncologia de Coimbra, EPE","40.2162514, -8.4103814",146,570,25.6
2022-12,Região de Saúde LVT,"Centro Hospitalar Barreiro/Montijo, EPE","38.6554005, -9.0592392",1588,2041,77.8
2022-12,Região de Saúde LVT,"Centro Hospitalar de Lisboa Ocidental, EPE","38.708454, -9.216985",3445,4192,82.2
2022-12,Região de Saúde LVT,"Centro Hospitalar de Setúbal, EPE","38.5283754, -8.8818638",3812,4060,93.9
2022-12,Região de Saúde LVT,"Centro Hospitalar Médio Tejo, EPE","39.478072, -8.5404429",3239,3854,84.0
2022-12,Região de Saúde LVT,"Hospital de Vila Franca de Xira, EPE","38.977235, -8.984506",2383,2753,86.6
2022-12,Região de Saúde Norte,"Hospital Santa Maria Maior, EPE","41.5324234, -8.6171561",2721,2809,96.9
2022-12,Região de Saúde Norte,"Unidade Local de Saúde de Matosinhos, EPE","41.1794456, -8.6745115",4272,4749,90.0
2022-12,Região de Saúde Norte,"Unidade Local de Saúde do Alto Minho, EPE","41.7056054, -8.8252713",4303,4997,86.1
2023-01,Região de Saúde do Alentejo,"Unidade Local de Saúde do Baixo Alentejo, EPE","38.014123, -7.8721227",168,206,81.6
2023-01,Região de Saúde do Alentejo,"Unidade Local de Saúde do Litoral Alentejano, EPE","38.0162314, -8.6956768",175,186,94.1
2023-01,Região de Saúde do Centro,"Centro Hospitalar Tondela-Viseu, EPE","40.516364, -8.0827433",582,615,94.6
2023-01,Região de Saúde do Centro,"Unidade Local de Saúde de Castelo Branco, EPE","39.8212263, -7.4981271",42,73,57.5
2023-01,Região de Saúde LVT,"Centro Hospitalar Barreiro/Montijo, EPE","38.6554005, -9.0592392",159,209,76.1
2023-01,Região de Saúde LVT,Centro Hospitalar do Oeste,"39.4054629, -9.1258493",294,332,88.6
2023-01,Região de Saúde LVT,"Hospital de Cascais, PPP","38.729006, -9.418267",377,397,95.0
2023-01,Região de Saúde Norte,"Centro Hospitalar do Médio Ave, EPE","41.3423984, -8.4802503",311,342,90.9
2023-01,Região de Saúde Norte,"Hospital da Senhora da Oliveira, Guimarães, EPE","41.4387173, -8.3086907",348,403,86.4
2023-01,Região de Saúde Norte,"Hospital de Magalhães Lemos, EPE","41.1764649, -8.6649823",0,0,
2023-01,Região de Saúde Norte,"Hospital Santa Maria Maior, EPE","41.5324234, -8.6171561",239,255,93.7
2023-02,Região de Saúde do Alentejo,"Unidade Local de Saúde do Baixo Alentejo, EPE","38.014123, -7.8721227",272,344,79.1
2023-02,Região de Saúde do Centro,"Centro Hospitalar do Baixo Vouga, EPE","40.6362453, -8.6543716",787,919,85.6
2023-02,Região de Saúde do Centro,Hospital Arcebispo João Crisóstomo,"40.3470015, -8.5933462",71,71,100.0
2023-02,Região de Saúde do Centro,"Hospital Distrital da Figueira da Foz, EPE","40.117897, -8.8586755",449,480,93.5
2023-02,Região de Saúde do Centro,Hospital Dr. Francisco Zagalo,"40.8571967, -8.6318023",115,119,96.6
2023-02,Região de Saúde LVT,"Centro Hospitalar Barreiro/Montijo, EPE","38.6554005, -9.0592392",299,374,79.9
2023-02,Região de Saúde LVT,"Hospital Distrital de Santarém, EPE","39.2410946, -8.6937515",149,211,70.6
2023-02,Região de Saúde Norte,"Centro Hospitalar Universitário de São João, EPE","41.1831056, -8.6010558",1548,2044,75.7
2023-02,Região de Saúde Norte,"Centro Hospitalar do Médio Ave, EPE","41.3423984, -8.4802503",544,620,87.7
2023-03,Região de Saúde do Centro,"Centro Hospitalar Universitário Cova da Beira, EPE","40.2804158, -7.4922407",613,687,89.2
2023-03,Região de Saúde do Centro,"Centro Hospitalar de Leiria, EPE","39.7414812, -8.7982706",2070,2185,94.7
2023-03,Região de Saúde do Centro,Hospital Arcebispo João Crisóstomo,"40.3470015, -8.5933462",111,111,100.0
2023-03,Região de Saúde LVT,"Centro Hospitalar de Lisboa Ocidental, EPE","38.708454, -9.216985",1112,1313,84.7
2023-03,Região de Saúde LVT,"Centro Hospitalar Universitário de Lisboa Norte, EPE","38.7500861, -9.1616116",1662,1923,86.4
2023-03,Região de Saúde LVT,Centro Hospitalar Psiquiátrico de Lisboa,"38.7569771, -9.1460705",0,0,
2023-03,Região de Saúde LVT,"Hospital Professor Doutor Fernando Fonseca, EPE","38.7422257, -9.2264834",1245,1423,87.5
2023-03,Região de Saúde LVT,"Hospital Garcia de Orta, EPE","38.6658713, -9.1822554",1198,1323,90.6
2023-03,Região de Saúde Norte,"Centro Hospitalar Universitário de São João, EPE","41.1831056, -8.6010558",2357,3093,76.2
2023-03,Região de Saúde Norte,"Centro Hospitalar Póvoa de Varzim/Vila do Conde, EPE","41.3828711, -8.7589945",339,466,72.7
2023-03,Região de Saúde Norte,"Centro Hospitalar Tâmega e Sousa, EPE","41.2494561, -8.264901",1864,2063,90.4
2023-03,Região de Saúde Norte,"Hospital de Braga, EPE","41.56785, -8.398982",2563,2817,91.0
2023-04,Região de Saúde do Alentejo,"Unidade Local de Saúde do Litoral Alentejano, EPE","38.0162314, -8.6956768",740,799,92.6
2023-04,Região de Saúde do Centro,"Centro Hospitalar e Universitário de Coimbra, EPE","40.2191523, -8.4098211",3888,4477,86.8
2023-04,Região de Saúde do Centro,"Hospital Distrital da Figueira da Foz, EPE","40.117897, -8.8586755",1103,1166,94.6
2023-04,Região de Saúde do Centro,"Unidade Local de Saúde de Castelo Branco, EPE","39.8212263, -7.4981271",381,515,74.0
2023-04,Região de Saúde LVT,"Centro Hospitalar Barreiro/Montijo, EPE","38.6554005, -9.0592392",622,760,81.8
2023-04,Região de Saúde LVT,"Centro Hospitalar Médio Tejo, EPE","39.478072, -8.5404429",1150,1399,82.2
2023-04,Região de Saúde LVT,"Hospital de Vila Franca de Xira, EPE","38.977235, -8.984506",869,988,88.0
2023-04,Região de Saúde Norte,"Centro Hospitalar do Médio Ave, EPE","41.3423984, -8.4802503",975,1138,85.7
2023-04,Região de Saúde Norte,"Centro Hospitalar Tâmega e Sousa, EPE","41.2494561, -8.264901",2474,2765,89.5
2023-04,Região de Saúde Norte,"Hospital de Braga, EPE","41.56785, -8.398982",3667,3995,91.8
2023-04,Região de Saúde Norte,"Unidade Local de Saúde do Nordeste, EPE","41.8056532, -6.7888197",1034,1233,83.9
2023-05,Região de Saúde do Centro,"Unidade Local de Saúde de Castelo Branco, EPE","39.8212263, -7.4981271",464,644,72.0
2023-05,Região de Saúde LVT,"Centro Hospitalar Universitário Lisboa Central, EPE","38.7166948, -9.1371248",2524,2840,88.9
2023-05,Região de Saúde LVT,"Centro Hospitalar Médio Tejo, EPE","39.478072, -8.5404429",1474,1774,83.1
2023-05,Região de Saúde LVT,"Hospital Distrital de Santarém, EPE","39.2410946, -8.6937515",452,649,69.6
2023-05,Região de Saúde LVT,"Hospital Garcia de Orta, EPE","38.6658713, -9.1822554",1980,2204,89.8
2023-05,Região de Saúde LVT,Instituto Gama Pinto,"38.7218793, -9.144249",1750,1750,100.0
2023-05,Região de Saúde Norte,"Centro Hospitalar Universitário de São João, EPE","41.1831056, -8.6010558",3993,5212,76.6
2023-05,Região de Saúde Norte,"Centro Hospitalar Póvoa de Varzim/Vila do Conde, EPE","41.3828711, -8.7589945",576,777,74.1
2023-05,Região de Saúde Norte,"Centro Hospitalar Universitário de Santo António, EPE","41.1472498, -8.6172617",4684,5234,89.5
2023-05,Região de Saúde Norte,"Hospital da Senhora da Oliveira, Guimarães, EPE","41.4387173, -8.3086907",1564,1895,82.5
2023-06,Região de Saúde do Alentejo,"Hospital Espírito Santo de Évora, EPE","38.5684861, -7.9032848",1228,1477,83.1
2023-06,Região de Saúde do Centro,"Centro Hospitalar de Leiria, EPE","39.7414812, -8.7982706",4046,4246,95.3
2023-06,Região de Saúde do Centro,"Instituto Português Oncologia de Coimbra, EPE","40.2162514, -8.4103814",81,220,36.8
2023-06,Região de Saúde do Centro,"Unidade Local de Saúde de Castelo Branco, EPE","39.8212263, -7.4981271",501,735,68.2
2023-06,Região de Saúde Norte,"Centro Hospitalar Universitário de São João, EPE","41.1831056, -8.6010558",4685,6123,76.5
2023-06,Região de Saúde Norte,"Centro Hospitalar do Médio Ave, EPE","41.3423984, -8.4802503",1418,1660,85.4
2023-06,Região de Saúde Norte,"Centro Hospitalar Póvoa de Varzim/Vila do Conde, EPE","41.3828711, -8.7589945",673,915,73.6
2023-06,Região de Saúde Norte,"Unidade Local de Saúde do Alto Minho, EPE","41.7056054, -8.8252713",2907,3231,90.0
2023-07,Região de Saúde do Alentejo,"Hospital Espírito Santo de Évora, EPE","38.5684861, -7.9032848",1418,1699,83.5
2023-07,Região de Saúde do Centro,"Centro Hospitalar do Baixo Vouga, EPE","40.6362453, -8.6543716",3055,3585,85.2
2023-07,Região de Saúde do Centro,"Centro Hospitalar e Universitário de Coimbra, EPE","40.2191523, -8.4098211",6431,7425,86.6
2023-07,Região de Saúde do Centro,Centro Medicina de Reabilitação da Região Centro Rovisco Pais,"40.297919, -8.7707806",0,0,
2023-07,Região de Saúde do Centro,Hospital Arcebispo João Crisóstomo,"40.3470015, -8.5933462",223,223,100.0
2023-07,Região de Saúde do Centro,"Unidade Local de Saúde da Guarda, EPE","40.5309916, -7.2734793",536,626,85.6
2023-07,Região de Saúde LVT,"Centro Hospitalar Barreiro/Montijo, EPE","38.6554005, -9.0592392",1068,1329,80.4
2023-07,Região de Saúde LVT,"Centro Hospitalar de Lisboa Ocidental, EPE","38.708454, -9.216985",2350,2796,84.0
2023-07,Região de Saúde LVT,"Centro Hospitalar de Setúbal, EPE","38.5283754, -8.8818638",2338,2486,94.0
2023-07,Região de Saúde LVT,"Centro Hospitalar Médio Tejo, EPE","39.478072, -8.5404429",1999,2413,82.8
2023-07,Região de Saúde LVT,"Hospital Professor Doutor Fernando Fonseca, EPE","38.7422257, -9.2264834",2716,3104,87.5
2023-07,Região de Saúde Norte,"Centro Hospitalar Universitário de São João, EPE","41.1831056, -8.6010558",5223,6861,76.1
2023-07,Região de Saúde Norte,"Centro Hospitalar Universitário de Santo António, EPE","41.1472498, -8.6172617",6156,6896,89.3
2023-07,Região de Saúde Norte,"Hospital de Braga, EPE","41.56785, -8.398982",7159,7670,93.3
2023-08,Região de Saúde do Centro,"Centro Hospitalar Universitário Cova da Beira, EPE","40.2804158, -7.4922407",1489,1695,87.8
2023-08,Região de Saúde do Centro,"Centro Hospitalar do Baixo Vouga, EPE","40.6362453, -8.6543716",3199,3774,84.8
2023-08,Região de Saúde do Centro,"Centro Hospitalar e Universitário de Coimbra, EPE","40.2191523, -8.4098211",6678,7778,85.9
2023-08,Região de Saúde do Centro,"Hospital Distrital da Figueira da Foz, EPE","40.117897, -8.8586755",2214,2319,95.5
2023-08,Região de Saúde LVT,Centro Hospitalar do Oeste,"39.4054629, -9.1258493",2380,2619,90.9
2023-08,Região de Saúde LVT,"Centro Hospitalar Universitário de Lisboa Norte, EPE","38.7500861, -9.1616116",4623,5279,87.6
2023-08,Região de Saúde Norte,"Centro Hospitalar Universitário de São João, EPE","41.1831056, -8.6010558",5565,7331,75.9
2023-08,Região de Saúde Norte,"Centro Hospitalar Póvoa de Varzim/Vila do Conde, EPE","41.3828711, -8.7589945",808,1094,73.9
2023-08,Região de Saúde Norte,"Centro Hospitalar Universitário de Santo António, EPE","41.1472498, -8.6172617",6394,7189,88.9
2023-08,Região de Saúde Norte,"Hospital Santa Maria Maior, EPE","41.5324234, -8.6171561",1947,2006,97.1
2023-08,Região de Saúde Norte,"Unidade Local de Saúde do Alto Minho, EPE","41.7056054, -8.8252713",3461,3840,90.1
2023-09,Região de Saúde do Centro,"Centro Hospitalar Tondela-Viseu, EPE","40.516364, -8.0827433",4215,4582,92.0
2023-09,Região de Saúde do Centro,"Unidade Local de Saúde de Castelo Branco, EPE","39.8212263, -7.4981271",634,929,68.2
2023-09,Região de Saúde LVT,"Centro Hospitalar Universitário Lisboa Central, EPE","38.7166948, -9.1371248",4167,4669,89.2
2023-09,Região de Saúde LVT,"Centro Hospitalar de Lisboa Ocidental, EPE","38.708454, -9.216985",2921,3499,83.5
2023-09,Região de Saúde LVT,"Centro Hospitalar Universitário de Lisboa Norte, EPE","38.7500861, -9.1616116",5177,5895,87.8
2023-09,Região de Saúde Norte,"Centro Hospitalar Universitário de Santo António, EPE","41.1472498, -8.6172617",7210,8111,88.9
2023-09,Região de Saúde Norte,"Hospital de Braga, EPE","41.56785, -8.398982",9810,10463,93.8
2023-09,Região de Saúde Norte,"Unidade Local de Saúde do Nordeste, EPE","41.8056532, -6.7888197",2310,2756,83.8
2023-10,Região de Saúde do Centro,"Centro Hospitalar de Leiria, EPE","39.7414812, -8.7982706",6492,6833,95.0
2023-10,Região de Saúde do Centro,"Centro Hospitalar do Baixo Vouga, EPE","40.6362453, -8.6543716",4113,4817,85.4
2023-10,Região de Saúde do Centro,"Centro Hospitalar Tondela-Viseu, EPE","40.516364, -8.0827433",4788,5192,92.2
2023-10,Região de Saúde do Centro,"Hospital Distrital da Figueira da Foz, EPE","40.117897, -8.8586755",2693,2812,95.8
2023-10,Região de Saúde do Centro,"Instituto Português Oncologia de Coimbra, EPE","40.2162514, -8.4103814",114,362,31.5
2023-10,Região de Saúde LVT,Centro Hospitalar do Oeste,"39.4054629, -9.1258493",3081,3394,90.8
2023-10,Região de Saúde LVT,"Hospital de Cascais, PPP","38.729006, -9.418267",2690,2941,91.5
2023-10,Região de Saúde LVT,Instituto Gama Pinto,"38.7218793, -9.144249",3311,3311,100.0
2023-10,Região de Saúde Norte,"Centro Hospitalar do Médio Ave, EPE","41.3423984, -8.4802503",2062,2438,84.6
2023-10,Região de Saúde Norte,"Centro Hospitalar Vila Nova de Gaia/Espinho, EPE","41.1094138, -8.5972617",5961,7176,83.1
2023-10,Região de Saúde Norte,"Unidade Local de Saúde do Alto Minho, EPE","41.7056054, -8.8252713",4549,5002,90.9
2023-11,Região de Saúde do Alentejo,"Unidade Local de Saúde do Litoral Alentejano, EPE","38.0162314, -8.6956768",2145,2304,93.1
2023-11,Região de Saúde do Centro,Centro Medicina de Reabilitação da Região Centro Rovisco Pais,"40.297919, -8.7707806",0,0,
2023-11,Região de Saúde do Centro,Hospital Arcebispo João Crisóstomo,"40.3470015, -8.5933462",340,340,100.0
2023-11,Região de Saúde do Centro,"Unidade Local de Saúde da Guarda, EPE","40.5309916, -7.2734793",720,848,84.9
2023-11,Região de Saúde LVT,"Centro Hospitalar de Setúbal, EPE","38.5283754, -8.8818638",3513,3740,93.9
2023-11,Região de Saúde Norte,"Centro Hospitalar Póvoa de Varzim/Vila do Conde, EPE","41.3828711, -8.7589945",1160,1569,73.9
2023-11,Região de Saúde Norte,"Centro Hospitalar Vila Nova de Gaia/Espinho, EPE","41.1094138, -8.5972617",6600,7899,83.6
2023-12,Região de Saúde do Alentejo,"Hospital Espírito Santo de Évora, EPE","38.5684861, -7.9032848",2410,2859,84.3
2023-12,Região de Saúde do Centro,Hospital Dr. Francisco Zagalo,"40.8571967, -8.6318023",709,717,98.9
2023-12,Região de Saúde LVT,"Centro Hospitalar Universitário Lisboa Central, EPE","38.7166948, -9.1371248",5664,6324,89.6
2023-12,Região de Saúde LVT,"Hospital de Loures, EPE","38.821455, -9.176296",2753,3080,89.4
2023-12,Região de Saúde LVT,"Hospital Professor Doutor Fernando Fonseca, EPE","38.7422257, -9.2264834",5007,5637,88.8
2023-12,Região de Saúde LVT,Instituto Gama Pinto,"38.7218793, -9.144249",3612,3612,100.0
2023-12,Região de Saúde Norte,"Centro Hospitalar do Médio Ave, EPE","41.3423984, -8.4802503",2498,2941,84.9
2023-12,Região de Saúde Norte,"Centro Hospitalar Vila Nova de Gaia/Espinho, EPE","41.1094138, -8.5972617",7263,8664,83.8
2023-12,Região de Saúde Norte,"Hospital Santa Maria Maior, EPE","41.5324234, -8.6171561",2812,2889,97.3
2024-01,Região de Saúde do Centro,"Unidade Local de Saúde Castelo Branco, EPE","39.822737, -7.499876",143,189,75.7
2024-01,Região de Saúde LVT,"Unidade Local de Saúde de Amadora/Sintra, EPE","38.7436332060551, -9.0",713,770,92.6
2024-01,Região de Saúde do Centro,"Unidade Local de Saúde de Dão-Lafões, EPE","40.6509, -7.91039",517,552,93.7
2024-01,Região de Saúde Norte,"Unidade Local de Saúde de Vila Nova de Gaia/Espinho, EPE","41.1254463195801, -8.0",800,894,89.5
2024-01,Região de Saúde Norte,"Unidade Local de Saúde do Alto Ave, EPE","41.488574, -8.338685",432,513,84.2
2024-01,Região de Saúde LVT,"Unidade Local de Saúde do Arco Ribeirinho, EPE","38.6527214050293, -9.0",169,210,80.5
2024-01,Região de Saúde do Alentejo,"Unidade Local de Saúde do Baixo Alentejo, EPE","38.0146, -7.86863",127,152,83.6
2024-01,Região de Saúde LVT,"Unidade Local de Saúde do Estuário do Tejo, EPE","38.977344, -8.984882",243,268,90.7
2024-01,Região de Saúde Norte,"Unidade Local de Saúde do Nordeste, EPE","41.802452, -6.768198",258,319,80.9
2024-01,Região de Saúde Norte,"Unidade Local de Saúde do Tâmega e Sousa, EPE","41.1971153671548, -8.0",720,769,93.6
2025-01,Região de Saúde do Centro,"Instituto Português Oncologia  F. Gentil - Centro, E.P.E.","40.217, -8.40991",4,21,19.0
2025-01,Região de Saúde LVT,"Unidade Local de Saúde de Almada-Seixal, EPE","38.67381, -9.17597",438,461,95.0
2025-01,Região de Saúde LVT,"Unidade Local de Saúde de Lisboa Ocidental, EPE","38.7084, -9.21711",182,231,78.8
2025-01,Região de Saúde LVT,"Unidade Local de Saúde de Santa Maria, EPE","38.7500648498535, -9.0",723,811,89.1
2025-01,Região de Saúde Norte,"Unidade Local de Saúde de São João, EPE","41.1833, -8.60193",869,1114,78.0
2025-01,Região de Saúde do Alentejo,"Unidade Local de Saúde do Baixo Alentejo, EPE","38.0146, -7.86863",126,148,85.1
2025-01,Região de Saúde do Alentejo,"Unidade Local de Saúde do Litoral Alentejano, EPE","38.039936, -8.731693",393,401,98.0
2025-01,Região de Saúde LVT,"Unidade Local de Saúde do Médio Tejo, EPE","39.605565, -8.404399",344,408,84.3
2026-01,Região de Saúde LVT,"Hospital de Cascais, PPP","38.730076, -9.418207",567,583,97.3
2026-01,Região de Saúde do Centro,"Unidade Local de Saúde Castelo Branco, EPE","39.822737, -7.499876",34,34,100.0
2026-01,Região de Saúde LVT,"Unidade Local de Saúde da Arrábida, EPE","38.529351, -8.881073",472,472,100.0
2026-01,Região de Saúde do Centro,"Unidade Local de Saúde da Região de Leiria, EPE","39.7418, -8.79444",442,446,99.1
2026-01,Região de Saúde LVT,"Unidade Local de Saúde de Almada-Seixal, EPE","38.67381, -9.17597",354,368,96.2
2026-01,Região de Saúde Norte,"Unidade Local de Saúde de Barcelos/Esposende, EPE","41.533438, -8.616604",309,310,99.7
2026-01,Região de Saúde do Centro,"Unidade Local de Saúde de Dão-Lafões, EPE","40.6509, -7.91039",435,435,100.0
2026-01,Região de Saúde Norte,"Unidade Local de Saúde de Trás-os-Montes e Alto Douro, EPE","41.310331, -7.760103",318,365,87.1
2026-01,Região de Saúde Norte,"Unidade Local de Saúde do Nordeste, EPE","41.802452, -6.768198",261,285,91.6
2024-02,Região de Saúde LVT,"Hospital de Cascais, PPP","38.730076, -9.418207",695,732,94.9
2024-02,Região de Saúde Norte,"Unidade Local de Saúde de São João, EPE","41.1833, -8.60193",1564,2059,76.0
2024-02,Região de Saúde do Alentejo,"Unidade Local de Saúde do Alentejo Central, EPE","38.568838, -7.903064",535,629,85.1
2024-02,Região de Saúde LVT,"Unidade Local de Saúde do Arco Ribeirinho, EPE","38.6527214050293, -9.0",338,425,79.5
2024-02,Região de Saúde LVT,"Unidade Local de Saúde do Estuário do Tejo, EPE","38.977344, -8.984882",578,627,92.2
2024-02,Região de Saúde Norte,"Unidade Local de Saúde do Médio Ave, EPE","41.3422317504883, -8.0",555,617,90.0
2025-02,Região de Saúde LVT,"Hospital de Cascais, PPP","38.730076, -9.418207",955,1004,95.1
2025-02,Região de Saúde do Centro,"Unidade Local de Saúde Castelo Branco, EPE","39.822737, -7.499876",153,210,72.9
2025-02,Região de Saúde do Centro,"Unidade Local de Saúde de Dão-Lafões, EPE","40.6509, -7.91039",952,1001,95.1
2025-02,Região de Saúde LVT,"Unidade Local de Saúde de São José, EPE","38.7169, -9.13654",2023,2129,95.0
2025-02,Região de Saúde do Alentejo,"Unidade Local de Saúde do Alentejo Central, EPE","38.568838, -7.903064",694,798,87.0
2025-02,Região de Saúde do Algarve,"Unidade Local de Saúde do Algarve, EPE","37.024668, -7.928949",576,729,79.0
2025-02,Região de Saúde LVT,"Unidade Local de Saúde do Estuário do Tejo, EPE","38.977344, -8.984882",696,754,92.3
2025-02,Região de Saúde do Alentejo,"Unidade Local de Saúde do Litoral Alentejano, EPE","38.039936, -8.731693",704,728,96.7
2025-02,Região de Saúde Norte,"Unidade Local de Saúde do Médio Ave, EPE","41.3422317504883, -8.0",456,540,84.4
2025-02,Região de Saúde Norte,"Unidade Local de Saúde do Tâmega e Sousa, EPE","41.1971153671548, -8.0",1441,1545,93.3
2026-02,Região de Saúde LVT,"Hospital de Cascais, PPP","38.730076, -9.418207",1104,1147,96.3
2026-02,Região de Saúde LVT,"Instituto Português Oncologia  F. Gentil - Lisboa, E.P.E.","38.739946, -9.161139",56,118,47.5
2026-02,Região de Saúde do Centro,"Unidade Local de Saúde da Cova da Beira, EPE","40.2776794433594, -7.0",308,341,90.3
2026-02,Região de Saúde do Centro,"Unidade Local de Saúde da Guarda, EPE","40.5309943471486, -7.0",93,94,98.9
2026-02,Região de Saúde Norte,"Unidade Local de Saúde de Entre Douro e Vouga, EPE","40.9295, -8.54567",1247,1332,93.6
2026-02,Região de Saúde LVT,"Unidade Local de Saúde de Loures-Odivelas, EPE","38.821769, -9.176301",553,595,92.9
2026-02,Região de Saúde Norte,"Unidade Local de Saúde de Vila Nova de Gaia/Espinho, EPE","41.1254463195801, -8.0",1436,1556,92.3
2026-02,Região de Saúde Norte,"Unidade Local de Saúde do Tâmega e Sousa, EPE","41.1971153671548, -8.0",1045,1106,94.5
2024-03,Região de Saúde do Centro,"Instituto Português Oncologia  F. Gentil - Centro, E.P.E.","40.217, -8.40991",52,123,42.3
2024-03,Região de Saúde Norte,"Unidade Local de Saúde de Braga, EPE","41.562328338623, -8.3",1897,2092,90.7
2024-03,Região de Saúde Norte,"Unidade Local de Saúde de Entre Douro e Vouga, EPE","40.9295, -8.54567",1564,1780,87.9
2024-03,Região de Saúde Norte,"Unidade Local de Saúde de Vila Nova de Gaia/Espinho, EPE","41.1254463195801, -8.0",2334,2730,85.5
2024-03,Região de Saúde Norte,"Unidade Local de Saúde do Nordeste, EPE","41.802452, -6.768198",840,1015,82.8
2024-03,Região de Saúde LVT,"Unidade Local de Saúde do Oeste, EPE","39.4055519104004, -9.0",1021,1133,90.1
2025-03,Região de Saúde do Centro,"Unidade Local de Saúde da Região de Aveiro, EPE","40.636332, -8.654388",1232,1353,91.1
2025-03,Região de Saúde do Centro,"Unidade Local de Saúde do Baixo Mondego, EPE","40.130297609, -8.8606",844,876,96.3
2025-03,Região de Saúde Norte,"Unidade Local de Saúde do Médio Ave, EPE","41.3422317504883, -8.0",720,849,84.8
2025-03,Região de Saúde Norte,"Unidade Local de Saúde do Nordeste, EPE","41.802452, -6.768198",725,827,87.7
2024-04,Região de Saúde Norte,"Instituto Português Oncologia  F. Gentil - Porto, E.P.E.","41.1811, -8.60469",168,535,31.4
2024-04,Região de Saúde do Centro,"Unidade Local de Saúde da Guarda, EPE","40.5309943471486, -7.0",240,282,85.1
2024-04,Região de Saúde do Alentejo,"Unidade Local de Saúde do Alto Alentejo, EPE","39.2999, -7.4267",920,969,94.9
2025-04,Região de Saúde Norte,"Instituto Português Oncologia  F. Gentil - Porto, E.P.E.","41.1811, -8.60469",183,484,37.8
2025-04,Região de Saúde LVT,"Unidade Local de Saúde da Arrábida, EPE","38.529351, -8.881073",1731,1820,95.1
2025-04,Região de Saúde do Centro,"Unidade Local de Saúde da Cova da Beira, EPE","40.2776794433594, -7.0",726,869,83.5
2025-04,Região de Saúde do Centro,"Unidade Local de Saúde da Região de Leiria, EPE","39.7418, -8.79444",2659,2823,94.2
2025-04,Região de Saúde Norte,"Unidade Local de Saúde de Vila Nova de Gaia/Espinho, EPE","41.1254463195801, -8.0",2651,3167,83.7
2025-04,Região de Saúde Norte,"Unidade Local de Saúde do Alto Ave, EPE","41.488574, -8.338685",1916,2301,83.3
2025-04,Região de Saúde Norte,"Unidade Local de Saúde do Alto Minho, EPE","41.697519, -8.832517",1875,2113,88.7
2024-05,Região de Saúde LVT,"Instituto Português Oncologia  F. Gentil - Lisboa, E.P.E.","38.739946, -9.161139",202,605,33.4
2024-05,Região de Saúde Norte,"Unidade Local de Saúde da Póvoa de Varzim/Vila do Conde, EPE","41.383183, -8.758784",586,850,68.9
2024-05,Região de Saúde do Centro,"Unidade Local de Saúde da Região de Leiria, EPE","39.7418, -8.79444",3270,3474,94.1
2024-05,Região de Saúde Norte,"Unidade Local de Saúde de Braga, EPE","41.562328338623, -8.3",4403,4746,92.8
2024-05,Região de Saúde do Centro,"Unidade Local de Saúde de Coimbra, EPE","40.217426, -8.410075",5232,6039,86.6
2024-05,Região de Saúde do Algarve,"Unidade Local de Saúde do Algarve, EPE","37.024668, -7.928949",2132,2506,85.1
2024-05,Região de Saúde do Alentejo,"Unidade Local de Saúde do Alto Alentejo, EPE","39.2999, -7.4267",1107,1170,94.6
2024-05,Região de Saúde Norte,"Unidade Local de Saúde do Alto Minho, EPE","41.697519, -8.832517",2754,2988,92.2
2024-05,Região de Saúde LVT,"Unidade Local de Saúde do Arco Ribeirinho, EPE","38.6527214050293, -9.0",843,1036,81.4
2024-05,Região de Saúde Norte,"Unidade Local de Saúde do Médio Ave, EPE","41.3422317504883, -8.0",1191,1352,88.1
2024-05,Região de Saúde LVT,"Unidade Local de Saúde do Oeste, EPE","39.4055519104004, -9.0",1777,1957,90.8
2024-05,Região de Saúde Norte,"Unidade Local de Saúde do Tâmega e Sousa, EPE","41.1971153671548, -8.0",3241,3578,90.6
2025-05,Região de Saúde Norte,"Instituto Português Oncologia  F. Gentil - Porto, E.P.E.","41.1811, -8.60469",250,629,39.7
2025-05,Região de Saúde Norte,"Unidade Local de Saúde de Barcelos/Esposende, EPE","41.533438, -8.616604",1342,1363,98.5
2025-05,Região de Saúde Norte,"Unidade Local de Saúde de Braga, EPE","41.562328338623, -8.3",4892,5331,91.8
2025-05,Região de Saúde do Centro,"Unidade Local de Saúde de Dão-Lafões, EPE","40.6509, -7.91039",2386,2525,94.5
2025-05,Região de Saúde LVT,"Unidade Local de Saúde de Lisboa Ocidental, EPE","38.7084, -9.21711",1654,1900,87.1
2025-05,Região de Saúde LVT,"Unidade Local de Saúde de São José, EPE","38.7169, -9.13654",4322,4551,95.0
2025-05,Região de Saúde do Alentejo,"Unidade Local de Saúde do Litoral Alentejano, EPE","38.039936, -8.731693",1428,1508,94.7
2025-05,Região de Saúde Norte,"Unidade Local de Saúde do Tâmega e Sousa, EPE","41.1971153671548, -8.0",3619,3903,92.7
2024-06,Região de Saúde LVT,"Hospital de Cascais, PPP","38.730076, -9.418207",2250,2388,94.2
2024-06,Região de Saúde do Centro,"Unidade Local de Saúde Castelo Branco, EPE","39.822737, -7.499876",661,901,73.4
2024-06,Região de Saúde LVT,"Unidade Local de Saúde de Amadora/Sintra, EPE","38.7436332060551, -9.0",3403,3738,91.0
2024-06,Região de Saúde Norte,"Unidade Local de Saúde de Matosinhos, EPE","41.181859, -8.663374",3037,3293,92.2
2024-06,Região de Saúde do Alentejo,"Unidade Local de Saúde do Alto Alentejo, EPE","39.2999, -7.4267",1293,1371,94.3
2024-06,Região de Saúde Norte,"Unidade Local de Saúde do Alto Minho, EPE","41.697519, -8.832517",3222,3512,91.7
2024-06,Região de Saúde Norte,"Unidade Local de Saúde do Tâmega e Sousa, EPE","41.1971153671548, -8.0",3830,4246,90.2
2025-06,Região de Saúde LVT,"Instituto Português Oncologia  F. Gentil - Lisboa, E.P.E.","38.739946, -9.161139",502,792,63.4
2025-06,Região de Saúde do Centro,"Unidade Local de Saúde da Cova da Beira, EPE","40.2776794433594, -7.0",1113,1289,86.3
2025-06,Região de Saúde LVT,"Unidade Local de Saúde da Lezíria, EPE","39.232503, -8.715083",1225,1315,93.2
2025-06,Região de Saúde do Centro,"Unidade Local de Saúde da Região de Leiria, EPE","39.7418, -8.79444",3881,4083,95.1
2025-06,Região de Saúde LVT,"Unidade Local de Saúde de Amadora/Sintra, EPE","38.7436332060551, -9.0",2946,3261,90.3
2025-06,Região de Saúde LVT,"Unidade Local de Saúde de Loures-Odivelas, EPE","38.821769, -9.176301",1777,2030,87.5
2025-06,Região de Saúde Norte,"Unidade Local de Saúde do Alto Ave, EPE","41.488574, -8.338685",2789,3318,84.1
2025-06,Região de Saúde Norte,"Unidade Local de Saúde do Alto Minho, EPE","41.697519, -8.832517",2858,3228,88.5
2025-06,Região de Saúde LVT,"Unidade Local de Saúde do Oeste, EPE","39.4055519104004, -9.0",1939,2068,93.8
2025-06,Região de Saúde Norte,"Unidade Local de Saúde do Tâmega e Sousa, EPE","41.1971153671548, -8.0",4354,4687,92.9
2024-07,Região de Saúde LVT,"Hospital de Cascais, PPP","38.730076, -9.418207",2725,2889,94.3
2024-07,Região de Saúde do Centro,"Instituto Português Oncologia  F. Gentil - Centro, E.P.E.","40.217, -8.40991",105,286,36.7
2024-07,Região de Saúde LVT,"Instituto Português Oncologia  F. Gentil - Lisboa, E.P.E.","38.739946, -9.161139",361,904,39.9
2024-07,Região de Saúde do Centro,"Unidade Local de Saúde da Guarda, EPE","40.5309943471486, -7.0",370,443,83.5
2024-07,Região de Saúde LVT,"Unidade Local de Saúde da Lezíria, EPE","39.232503, -8.715083",1428,1673,85.4
2024-07,Região de Saúde Norte,"Unidade Local de Saúde da Póvoa de Varzim/Vila do Conde, EPE","41.383183, -8.758784",839,1199,70.0
2024-07,Região de Saúde Norte,"Unidade Local de Saúde do Alto Minho, EPE","41.697519, -8.832517",3669,3994,91.9
2024-07,Região de Saúde LVT,"Unidade Local de Saúde do Oeste, EPE","39.4055519104004, -9.0",2446,2694,90.8
2025-07,Região de Saúde LVT,"Hospital de Cascais, PPP","38.730076, -9.418207",3761,3915,96.1
2025-07,Região de Saúde do Centro,"Instituto Português Oncologia  F. Gentil - Centro, E.P.E.","40.217, -8.40991",22,213,10.3
2025-07,Região de Saúde Norte,"Unidade Local de Saúde de Barcelos/Esposende, EPE","41.533438, -8.616604",1996,2024,98.6
2025-07,Região de Saúde do Alentejo,"Unidade Local de Saúde do Alto Alentejo, EPE","39.2999, -7.4267",1081,1148,94.2
2024-08,Região de Saúde LVT,"Hospital de Cascais, PPP","38.730076, -9.418207",3102,3284,94.5
2024-08,Região de Saúde LVT,"Instituto Português Oncologia  F. Gentil - Lisboa, E.P.E.","38.739946, -9.161139",410,1027,39.9
2024-08,Região de Saúde LVT,"Unidade Local de Saúde da Arrábida, EPE","38.529351, -8.881073",3011,3172,94.9
2024-08,Região de Saúde do Centro,"Unidade Local de Saúde da Cova da Beira, EPE","40.2776794433594, -7.0",1311,1523,86.1
2024-08,Região de Saúde do Centro,"Unidade Local de Saúde de Coimbra, EPE","40.217426, -8.410075",7617,8822,86.3
2024-08,Região de Saúde do Centro,"Unidade Local de Saúde de Dão-Lafões, EPE","40.6509, -7.91039",3720,4040,92.1
2024-08,Região de Saúde Norte,"Unidade Local de Saúde de Entre Douro e Vouga, EPE","40.9295, -8.54567",4379,4913,89.1
2024-08,Região de Saúde LVT,"Unidade Local de Saúde de Loures-Odivelas, EPE","38.821769, -9.176301",2225,2578,86.3
2024-08,Região de Saúde do Alentejo,"Unidade Local de Saúde do Alto Alentejo, EPE","39.2999, -7.4267",1597,1690,94.5
2024-08,Região de Saúde do Alentejo,"Unidade Local de Saúde do Baixo Alentejo, EPE","38.0146, -7.86863",1006,1225,82.1
2024-08,Região de Saúde do Centro,"Unidade Local de Saúde do Baixo Mondego, EPE","40.130297609, -8.8606",2179,2270,96.0
2024-08,Região de Saúde Norte,"Unidade Local de Saúde do Médio Ave, EPE","41.3422317504883, -8.0",1697,1943,87.3
2025-08,Região de Saúde LVT,"Hospital de Cascais, PPP","38.730076, -9.418207",4332,4502,96.2
2025-08,Região de Saúde do Centro,"Unidade Local de Saúde da Guarda, EPE","40.5309943471486, -7.0",482,569,84.7
2025-08,Região de Saúde do Centro,"Unidade Local de Saúde de Dão-Lafões, EPE","40.6509, -7.91039",3541,3756,94.3
2025-08,Região de Saúde LVT,"Unidade Local de Saúde de Loures-Odivelas, EPE","38.821769, -9.176301",2337,2666,87.7
2025-08,Região de Saúde do Alentejo,"Unidade Local de Saúde do Litoral Alentejano, EPE","38.039936, -8.731693",1992,2106,94.6
2024-09,Região de Saúde do Centro,"Instituto Português Oncologia  F. Gentil - Centro, E.P.E.","40.217, -8.40991",141,371,38.0
2024-09,Região de Saúde do Centro,"Unidade Local de Saúde Castelo Branco, EPE","39.822737, -7.499876",993,1299,76.4
2024-09,Região de Saúde LVT,"Unidade Local de Saúde da Lezíria, EPE","39.232503, -8.715083",1802,2093,86.1
2024-09,Região de Saúde do Centro,"Unidade Local de Saúde da Região de Leiria, EPE","39.7418, -8.79444",5454,5804,94.0
2024-09,Região de Saúde Norte,"Unidade Local de Saúde de Matosinhos, EPE","41.181859, -8.663374",4399,4755,92.5
2024-09,Região de Saúde do Algarve,"Unidade Local de Saúde do Algarve, EPE","37.024668, -7.928949",3732,4297,86.9
2024-09,Região de Saúde Norte,"Unidade Local de Saúde do Alto Ave, EPE","41.488574, -8.338685",3034,3829,79.2
2024-09,Região de Saúde LVT,"Unidade Local de Saúde do Médio Tejo, EPE","39.605565, -8.404399",2734,3491,78.3
2025-09,Região de Saúde LVT,"Hospital de Cascais, PPP","38.730076, -9.418207",4831,5023,96.2
2025-09,Região de Saúde LVT,"Instituto Português Oncologia  F. Gentil - Lisboa, E.P.E.","38.739946, -9.161139",750,1125,66.7
2025-09,Região de Saúde do Centro,"Unidade Local de Saúde Castelo Branco, EPE","39.822737, -7.499876",993,1204,82.5
2025-09,Região de Saúde do Centro,"Unidade Local de Saúde da Região de Aveiro, EPE","40.636332, -8.654388",3930,4366,90.0
2025-09,Região de Saúde Norte,"Unidade Local de Saúde de Barcelos/Esposende, EPE","41.533438, -8.616604",2607,2643,98.6
2025-09,Região de Saúde Norte,"Unidade Local de Saúde de Braga, EPE","41.562328338623, -8.3",9009,9632,93.5
2025-09,Região de Saúde Norte,"Unidade Local de Saúde de Santo António, EPE","41.147283, -8.619536",7970,8807,90.5
2025-09,Região de Saúde LVT,"Unidade Local de Saúde de São José, EPE","38.7169, -9.13654",5670,6051,93.7
2025-09,Região de Saúde Norte,"Unidade Local de Saúde do Alto Minho, EPE","41.697519, -8.832517",3871,4371,88.6
2025-09,Região de Saúde do Alentejo,"Unidade Local de Saúde do Baixo Alentejo, EPE","38.0146, -7.86863",1040,1301,79.9
2025-09,Região de Saúde LVT,"Unidade Local de Saúde do Estuário do Tejo, EPE","38.977344, -8.984882",2724,2923,93.2
2025-09,Região de Saúde Norte,"Unidade Local de Saúde do Médio Ave, EPE","41.3422317504883, -8.0",1787,2141,83.5
2025-09,Região de Saúde LVT,"Unidade Local de Saúde do Médio Tejo, EPE","39.605565, -8.404399",2648,3072,86.2
2025-09,Região de Saúde Norte,"Unidade Local de Saúde do Tâmega e Sousa, EPE","41.1971153671548, -8.0",6097,6622,92.1
2024-10,Região de Saúde do Centro,"Instituto Português Oncologia  F. Gentil - Centro, E.P.E.","40.217, -8.40991",171,431,39.7
2024-10,Região de Saúde LVT,"Unidade Local de Saúde da Arrábida, EPE","38.529351, -8.881073",3901,4125,94.6
2024-10,Região de Saúde do Centro,"Unidade Local de Saúde da Guarda, EPE","40.5309943471486, -7.0",478,568,84.2
2024-10,Região de Saúde do Centro,"Unidade Local de Saúde da Região de Leiria, EPE","39.7418, -8.79444",6113,6519,93.8
2024-10,Região de Saúde do Alentejo,"Unidade Local de Saúde do Alto Alentejo, EPE","39.2999, -7.4267",1895,1998,94.8
2024-10,Região de Saúde do Alentejo,"Unidade Local de Saúde do Baixo Alentejo, EPE","38.0146, -7.86863",1263,1563,80.8
2024-10,Região de Saúde do Centro,"Unidade Local de Saúde do Baixo Mondego, EPE","40.130297609, -8.8606",2826,2934,96.3
2024-10,Região de Saúde LVT,"Unidade Local de Saúde do Médio Tejo, EPE","39.605565, -8.404399",3076,3906,78.8
2024-10,Região de Saúde Norte,"Unidade Local de Saúde do Nordeste, EPE","41.802452, -6.768198",2592,3098,83.7
2025-10,Região de Saúde LVT,"Hospital de Cascais, PPP","38.730076, -9.418207",5376,5595,96.1
2025-10,Região de Saúde Norte,"Unidade Local de Saúde da Póvoa de Varzim/Vila do Conde, EPE","41.383183, -8.758784",1219,1678,72.6
2025-10,Região de Saúde LVT,"Unidade Local de Saúde de Almada-Seixal, EPE","38.67381, -9.17597",4354,4647,93.7
2025-10,Região de Saúde LVT,"Unidade Local de Saúde de Lisboa Ocidental, EPE","38.7084, -9.21711",3125,3499,89.3
2025-10,Região de Saúde do Alentejo,"Unidade Local de Saúde do Baixo Alentejo, EPE","38.0146, -7.86863",1154,1447,79.8
2024-11,Região de Saúde LVT,"Unidade Local de Saúde da Arrábida, EPE","38.529351, -8.881073",4400,4646,94.7
2024-11,Região de Saúde Norte,"Unidade Local de Saúde de Barcelos/Esposende, EPE","41.533438, -8.616604",2554,2627,97.2
2024-11,Região de Saúde do Centro,"Unidade Local de Saúde de Dão-Lafões, EPE","40.6509, -7.91039",5033,5451,92.3
2024-11,Região de Saúde LVT,"Unidade Local de Saúde de Lisboa Ocidental, EPE","38.7084, -9.21711",4257,5032,84.6
2024-11,Região de Saúde LVT,"Unidade Local de Saúde de Loures-Odivelas, EPE","38.821769, -9.176301",3064,3551,86.3
2024-11,Região de Saúde Norte,"Unidade Local de Saúde de Matosinhos, EPE","41.181859, -8.663374",5313,5754,92.3
2024-11,Região de Saúde Norte,"Unidade Local de Saúde de São João, EPE","41.1833, -8.60193",8950,11768,76.1
2024-11,Região de Saúde Norte,"Unidade Local de Saúde de Trás-os-Montes e Alto Douro, EPE","41.310331, -7.760103",6218,7011,88.7
2024-11,Região de Saúde Norte,"Unidade Local de Saúde do Médio Ave, EPE","41.3422317504883, -8.0",2607,2974,87.7
2024-11,Região de Saúde Norte,"Unidade Local de Saúde do Tâmega e Sousa, EPE","41.1971153671548, -8.0",7003,7720,90.7
2025-11,Região de Saúde do Centro,"Unidade Local de Saúde Castelo Branco, EPE","39.822737, -7.499876",1216,1481,82.1
2025-11,Região de Saúde do Centro,"Unidade Local de Saúde da Cova da Beira, EPE","40.2776794433594, -7.0",2063,2318,89.0
2025-11,Região de Saúde LVT,"Unidade Local de Saúde da Lezíria, EPE","39.232503, -8.715083",1868,2040,91.6
2025-11,Região de Saúde Norte,"Unidade Local de Saúde da Póvoa de Varzim/Vila do Conde, EPE","41.383183, -8.758784",1362,1871,72.8
2025-11,Região de Saúde LVT,"Unidade Local de Saúde de Amadora/Sintra, EPE","38.7436332060551, -9.0",5285,5905,89.5
2025-11,Região de Saúde Norte,"Unidade Local de Saúde de Braga, EPE","41.562328338623, -8.3",11459,12180,94.1
2025-11,Região de Saúde do Centro,"Unidade Local de Saúde de Coimbra, EPE","40.217426, -8.410075",10826,12258,88.3
2025-11,Região de Saúde Norte,"Unidade Local de Saúde de Entre Douro e Vouga, EPE","40.9295, -8.54567",6941,7722,89.9
2025-11,Região de Saúde LVT,"Unidade Local de Saúde do Arco Ribeirinho, EPE","38.6527214050293, -9.0",1637,1858,88.1
2025-11,Região de Saúde do Centro,"Unidade Local de Saúde do Baixo Mondego, EPE","40.130297609, -8.8606",3356,3448,97.3
2025-11,Região de Saúde LVT,"Unidade Local de Saúde do Estuário do Tejo, EPE","38.977344, -8.984882",3370,3614,93.2
2024-12,Região de Saúde LVT,"Hospital de Cascais, PPP","38.730076, -9.418207",4873,5150,94.6
2024-12,Região de Saúde LVT,"Unidade Local de Saúde de Santa Maria, EPE","38.7500648498535, -9.0",7455,8395,88.8
2024-12,Região de Saúde Norte,"Unidade Local de Saúde de São João, EPE","41.1833, -8.60193",9744,12822,76.0
2025-12,Região de Saúde do Centro,"Unidade Local de Saúde da Região de Leiria, EPE","39.7418, -8.79444",7207,7463,96.6
2025-12,Região de Saúde LVT,"Unidade Local de Saúde de Lisboa Ocidental, EPE","38.7084, -9.21711",3591,3992,90.0
2025-12,Região de Saúde LVT,"Unidade Local de Saúde de Santa Maria, EPE","38.7500648498535, -9.0",7311,8019,91.2
2025-12,Região de Saúde Norte,"Unidade Local de Saúde de São João, EPE","41.1833, -8.60193",9841,12438,79.1
2024-01,Região de Saúde do Centro,"Instituto Português Oncologia  F. Gentil - Centro, E.P.E.","40.217, -8.40991",26,48,54.2
2024-01,Região de Saúde LVT,"Unidade Local de Saúde da Arrábida, EPE","38.529351, -8.881073",366,380,96.3
2024-01,Região de Saúde Norte,"Unidade Local de Saúde da Póvoa de Varzim/Vila do Conde, EPE","41.383183, -8.758784",118,166,71.1
2024-01,Região de Saúde do Centro,"Unidade Local de Saúde de Coimbra, EPE","40.217426, -8.410075",964,1119,86.1
2024-01,Região de Saúde Norte,"Unidade Local de Saúde de Matosinhos, EPE","41.181859, -8.663374",605,637,95.0
2024-01,Região de Saúde LVT,"Unidade Local de Saúde de São José, EPE","38.7169, -9.13654",437,476,91.8
2024-01,Região de Saúde do Alentejo,"Unidade Local de Saúde do Alto Alentejo, EPE","39.2999, -7.4267",241,252,95.6
2024-01,Região de Saúde do Alentejo,"Unidade Local de Saúde do Litoral Alentejano, EPE","38.039936, -8.731693",241,260,92.7
2025-01,Região de Saúde LVT,"Instituto Português Oncologia  F. Gentil - Lisboa, E.P.E.","38.739946, -9.161139",100,148,67.6
2025-01,Região de Saúde Norte,"Instituto Português Oncologia  F. Gentil - Porto, E.P.E.","41.1811, -8.60469",43,120,35.8
2025-01,Região de Saúde do Centro,"Unidade Local de Saúde da Guarda, EPE","40.5309943471486, -7.0",56,65,86.2
2025-01,Região de Saúde do Centro,"Unidade Local de Saúde da Região de Aveiro, EPE","40.636332, -8.654388",396,429,92.3
2025-01,Região de Saúde LVT,"Unidade Local de Saúde de Amadora/Sintra, EPE","38.7436332060551, -9.0",587,635,92.4
2025-01,Região de Saúde Norte,"Unidade Local de Saúde de Braga, EPE","41.562328338623, -8.3",794,859,92.4
2025-01,Região de Saúde do Centro,"Unidade Local de Saúde de Coimbra, EPE","40.217426, -8.410075",1093,1249,87.5
2025-01,Região de Saúde do Alentejo,"Unidade Local de Saúde do Alentejo Central, EPE","38.568838, -7.903064",393,447,87.9
2025-01,Região de Saúde Norte,"Unidade Local de Saúde do Alto Ave, EPE","41.488574, -8.338685",389,478,81.4
2026-01,Região de Saúde LVT,"Unidade Local de Saúde de Loures-Odivelas, EPE","38.821769, -9.176301",285,301,94.7
2026-01,Região de Saúde Norte,"Unidade Local de Saúde de Matosinhos, EPE","41.181859, -8.663374",316,317,99.7
2026-01,Região de Saúde Norte,"Unidade Local de Saúde de Santo António, EPE","41.147283, -8.619536",381,419,90.9
2026-01,Região de Saúde do Algarve,"Unidade Local de Saúde do Algarve, EPE","37.024668, -7.928949",159,166,95.8
2026-01,Região de Saúde do Alentejo,"Unidade Local de Saúde do Baixo Alentejo, EPE","38.0146, -7.86863",134,143,93.7
2026-01,Região de Saúde Norte,"Unidade Local de Saúde do Médio Ave, EPE","41.3422317504883, -8.0",141,168,83.9
2024-02,Região de Saúde LVT,"Unidade Local de Saúde da Lezíria, EPE","39.232503, -8.715083",473,540,87.6
2024-02,Região de Saúde LVT,"Unidade Local de Saúde de Amadora/Sintra, EPE","38.7436332060551, -9.0",1311,1413,92.8
2024-02,Região de Saúde Norte,"Unidade Local de Saúde de Braga, EPE","41.562328338623, -8.3",1128,1238,91.1
2024-02,Região de Saúde do Centro,"Unidade Local de Saúde de Coimbra, EPE","40.217426, -8.410075",1998,2318,86.2
2024-02,Região de Saúde Norte,"Unidade Local de Saúde de Matosinhos, EPE","41.181859, -8.663374",1096,1170,93.7
2024-02,Região de Saúde LVT,"Unidade Local de Saúde de Santa Maria, EPE","38.7500648498535, -9.0",1243,1408,88.3
2024-02,Região de Saúde Norte,"Unidade Local de Saúde de Vila Nova de Gaia/Espinho, EPE","41.1254463195801, -8.0",1558,1784,87.3
2024-02,Região de Saúde do Alentejo,"Unidade Local de Saúde do Baixo Alentejo, EPE","38.0146, -7.86863",266,318,83.6
2024-02,Região de Saúde LVT,"Unidade Local de Saúde do Oeste, EPE","39.4055519104004, -9.0",668,740,90.3
2025-02,Região de Saúde do Centro,"Unidade Local de Saúde da Guarda, EPE","40.5309943471486, -7.0",121,139,87.1
2025-02,Região de Saúde Norte,"Unidade Local de Saúde da Póvoa de Varzim/Vila do Conde, EPE","41.383183, -8.758784",229,325,70.5
2025-02,Região de Saúde do Centro,"Unidade Local de Saúde da Região de Leiria, EPE","39.7418, -8.79444",1307,1386,94.3
2025-02,Região de Saúde LVT,"Unidade Local de Saúde de Almada-Seixal, EPE","38.67381, -9.17597",872,927,94.1
2025-02,Região de Saúde LVT,"Unidade Local de Saúde de Amadora/Sintra, EPE","38.7436332060551, -9.0",1105,1212,91.2
2025-02,Região de Saúde Norte,"Unidade Local de Saúde de Matosinhos, EPE","41.181859, -8.663374",553,565,97.9
2025-02,Região de Saúde do Alentejo,"Unidade Local de Saúde do Alto Alentejo, EPE","39.2999, -7.4267",274,292,93.8
2025-02,Região de Saúde do Centro,"Unidade Local de Saúde do Baixo Mondego, EPE","40.130297609, -8.8606",574,594,96.6
2026-02,Região de Saúde do Centro,"Unidade Local de Saúde Castelo Branco, EPE","39.822737, -7.499876",34,41,82.9
2026-02,Região de Saúde LVT,"Unidade Local de Saúde da Arrábida, EPE","38.529351, -8.881073",876,880,99.5
2026-02,Região de Saúde LVT,"Unidade Local de Saúde da Lezíria, EPE","39.232503, -8.715083",200,222,90.1
2026-02,Região de Saúde do Centro,"Unidade Local de Saúde da Região de Aveiro, EPE","40.636332, -8.654388",665,706,94.2
2026-02,Região de Saúde Norte,"Unidade Local de Saúde de Braga, EPE","41.562328338623, -8.3",808,847,95.4
2026-02,Região de Saúde Norte,"Unidade Local de Saúde do Alto Minho, EPE","41.697519, -8.832517",931,977,95.3
2026-02,Região de Saúde LVT,"Unidade Local de Saúde do Estuário do Tejo, EPE","38.977344, -8.984882",352,357,98.6
2026-02,Região de Saúde Norte,"Unidade Local de Saúde do Médio Ave, EPE","41.3422317504883, -8.0",264,305,86.6
2024-03,Região de Saúde LVT,"Hospital de Cascais, PPP","38.730076, -9.418207",1097,1154,95.1
2024-03,Região de Saúde do Centro,"Unidade Local de Saúde Castelo Branco, EPE","39.822737, -7.499876",402,528,76.1
2024-03,Região de Saúde LVT,"Unidade Local de Saúde da Arrábida, EPE","38.529351, -8.881073",1130,1191,94.9
2024-03,Região de Saúde do Centro,"Unidade Local de Saúde da Região de Leiria, EPE","39.7418, -8.79444",1993,2122,93.9
2024-03,Região de Saúde LVT,"Unidade Local de Saúde de Almada-Seixal, EPE","38.67381, -9.17597",1092,1217,89.7
2024-03,Região de Saúde LVT,"Unidade Local de Saúde de Amadora/Sintra, EPE","38.7436332060551, -9.0",1904,2074,91.8
2024-03,Região de Saúde LVT,"Unidade Local de Saúde de Santa Maria, EPE","38.7500648498535, -9.0",1868,2137,87.4
2024-03,Região de Saúde do Alentejo,"Unidade Local de Saúde do Alto Alentejo, EPE","39.2999, -7.4267",690,730,94.5
2024-03,Região de Saúde do Centro,"Unidade Local de Saúde do Baixo Mondego, EPE","40.130297609, -8.8606",757,793,95.5
2024-03,Região de Saúde Norte,"Unidade Local de Saúde do Tâmega e Sousa, EPE","41.1971153671548, -8.0",2026,2221,91.2
2025-03,Região de Saúde LVT,"Instituto Português Oncologia  F. Gentil - Lisboa, E.P.E.","38.739946, -9.161139",265,420,63.1
2025-03,Região de Saúde LVT,"Unidade Local de Saúde da Lezíria, EPE","39.232503, -8.715083",662,697,95.0
2025-03,Região de Saúde do Centro,"Unidade Local de Saúde da Região de Leiria, EPE","39.7418, -8.79444",1998,2118,94.3
2025-03,Região de Saúde LVT,"Unidade Local de Saúde de Almada-Seixal, EPE","38.67381, -9.17597",1332,1421,93.7
2025-03,Região de Saúde Norte,"Unidade Local de Saúde de Barcelos/Esposende, EPE","41.533438, -8.616604",792,804,98.5
2025-03,Região de Saúde Norte,"Unidade Local de Saúde de Entre Douro e Vouga, EPE","40.9295, -8.54567",1763,1945,90.6
2025-03,Região de Saúde Norte,"Unidade Local de Saúde de São João, EPE","41.1833, -8.60193",2615,3379,77.4
2025-03,Região de Saúde Norte,"Unidade Local de Saúde de Trás-os-Montes e Alto Douro, EPE","41.310331, -7.760103",1720,1938,88.8
2025-03,Região de Saúde LVT,"Unidade Local de Saúde do Estuário do Tejo, EPE","38.977344, -8.984882",997,1083,92.1
2025-03,Região de Saúde Norte,"Unidade Local de Saúde do Tâmega e Sousa, EPE","41.1971153671548, -8.0",2187,2342,93.4
2024-04,Região de Saúde LVT,"Unidade Local de Saúde da Arrábida, EPE","38.529351, -8.881073",1551,1638,94.7
2024-04,Região de Saúde LVT,"Unidade Local de Saúde da Lezíria, EPE","39.232503, -8.715083",848,1000,84.8
2024-04,Região de Saúde LVT,"Unidade Local de Saúde de Almada-Seixal, EPE","38.67381, -9.17597",1553,1727,89.9
2024-04,Região de Saúde LVT,"Unidade Local de Saúde de Amadora/Sintra, EPE","38.7436332060551, -9.0",2457,2672,92.0
2024-04,Região de Saúde Norte,"Unidade Local de Saúde de Vila Nova de Gaia/Espinho, EPE","41.1254463195801, -8.0",3117,3648,85.4
2024-04,Região de Saúde Norte,"Unidade Local de Saúde do Alto Ave, EPE","41.488574, -8.338685",1294,1623,79.7
2024-04,Região de Saúde Norte,"Unidade Local de Saúde do Alto Minho, EPE","41.697519, -8.832517",2244,2437,92.1
2024-04,Região de Saúde do Alentejo,"Unidade Local de Saúde do Baixo Alentejo, EPE","38.0146, -7.86863",507,620,81.8
2025-04,Região de Saúde do Centro,"Instituto Português Oncologia  F. Gentil - Centro, E.P.E.","40.217, -8.40991",10,108,9.3
2025-04,Região de Saúde do Centro,"Unidade Local de Saúde da Guarda, EPE","40.5309943471486, -7.0",248,289,85.8
2025-04,Região de Saúde Norte,"Unidade Local de Saúde da Póvoa de Varzim/Vila do Conde, EPE","41.383183, -8.758784",466,643,72.5
2025-04,Região de Saúde do Centro,"Unidade Local de Saúde da Região de Aveiro, EPE","40.636332, -8.654388",1732,1915,90.4
2025-04,Região de Saúde LVT,"Unidade Local de Saúde de Amadora/Sintra, EPE","38.7436332060551, -9.0",2036,2242,90.8
2025-04,Região de Saúde Norte,"Unidade Local de Saúde de Barcelos/Esposende, EPE","41.533438, -8.616604",1036,1050,98.7
2025-04,Região de Saúde Norte,"Unidade Local de Saúde de Matosinhos, EPE","41.181859, -8.663374",809,822,98.4
2025-04,Região de Saúde do Algarve,"Unidade Local de Saúde do Algarve, EPE","37.024668, -7.928949",857,1109,77.3
2025-04,Região de Saúde LVT,"Unidade Local de Saúde do Arco Ribeirinho, EPE","38.6527214050293, -9.0",789,855,92.3
2025-04,Região de Saúde LVT,"Unidade Local de Saúde do Estuário do Tejo, EPE","38.977344, -8.984882",1284,1395,92.0
2024-05,Região de Saúde LVT,"Hospital de Cascais, PPP","38.730076, -9.418207",1869,1980,94.4
2024-05,Região de Saúde do Centro,"Unidade Local de Saúde da Cova da Beira, EPE","40.2776794433594, -7.0",891,1024,87.0
2024-05,Região de Saúde do Centro,"Unidade Local de Saúde da Guarda, EPE","40.5309943471486, -7.0",279,335,83.3
2024-05,Região de Saúde do Centro,"Unidade Local de Saúde da Região de Aveiro, EPE","40.636332, -8.654388",2153,2466,87.3
2024-05,Região de Saúde Norte,"Unidade Local de Saúde de Entre Douro e Vouga, EPE","40.9295, -8.54567",2801,3165,88.5
2024-05,Região de Saúde Norte,"Unidade Local de Saúde de Matosinhos, EPE","41.181859, -8.663374",2760,2971,92.9
2024-05,Região de Saúde Norte,"Unidade Local de Saúde de São João, EPE","41.1833, -8.60193",4220,5568,75.8
2024-05,Região de Saúde Norte,"Unidade Local de Saúde do Alto Ave, EPE","41.488574, -8.338685",1558,1980,78.7
2024-05,Região de Saúde do Alentejo,"Unidade Local de Saúde do Baixo Alentejo, EPE","38.0146, -7.86863",646,782,82.6
2024-05,Região de Saúde LVT,"Unidade Local de Saúde do Médio Tejo, EPE","39.605565, -8.404399",1529,1995,76.6
2025-05,Região de Saúde LVT,"Instituto Português Oncologia  F. Gentil - Lisboa, E.P.E.","38.739946, -9.161139",425,688,61.8
2025-05,Região de Saúde do Centro,"Unidade Local de Saúde da Cova da Beira, EPE","40.2776794433594, -7.0",953,1110,85.9
2025-05,Região de Saúde LVT,"Unidade Local de Saúde de Santa Maria, EPE","38.7500648498535, -9.0",3683,4098,89.9
2025-05,Região de Saúde Norte,"Unidade Local de Saúde de Santo António, EPE","41.147283, -8.619536",4928,5469,90.1
2025-05,Região de Saúde Norte,"Unidade Local de Saúde do Médio Ave, EPE","41.3422317504883, -8.0",1092,1293,84.5
2025-05,Região de Saúde LVT,"Unidade Local de Saúde do Médio Tejo, EPE","39.605565, -8.404399",1533,1795,85.4
2025-05,Região de Saúde LVT,"Unidade Local de Saúde do Oeste, EPE","39.4055519104004, -9.0",1603,1710,93.7
2024-06,Região de Saúde Norte,"Instituto Português Oncologia  F. Gentil - Porto, E.P.E.","41.1811, -8.60469",215,737,29.2
2024-06,Região de Saúde LVT,"Unidade Local de Saúde da Lezíria, EPE","39.232503, -8.715083",1238,1447,85.6
2024-06,Região de Saúde do Centro,"Unidade Local de Saúde da Região de Aveiro, EPE","40.636332, -8.654388",2666,3040,87.7
2024-06,Região de Saúde do Centro,"Unidade Local de Saúde da Região de Leiria, EPE","39.7418, -8.79444",3837,4079,94.1
2024-06,Região de Saúde LVT,"Unidade Local de Saúde de Almada-Seixal, EPE","38.67381, -9.17597",2435,2688,90.6
2024-06,Região de Saúde LVT,"Unidade Local de Saúde de Loures-Odivelas, EPE","38.821769, -9.176301",1663,1941,85.7
2024-06,Região de Saúde LVT,"Unidade Local de Saúde de Santa Maria, EPE","38.7500648498535, -9.0",3655,4198,87.1
2024-06,Região de Saúde Norte,"Unidade Local de Saúde de Santo António, EPE","41.147283, -8.619536",5734,6453,88.9
2024-06,Região de Saúde Norte,"Unidade Local de Saúde de São João, EPE","41.1833, -8.60193",5021,6588,76.2
2024-06,Região de Saúde Norte,"Unidade Local de Saúde do Médio Ave, EPE","41.3422317504883, -8.0",1374,1560,88.1
2024-06,Região de Saúde Norte,"Unidade Local de Saúde do Nordeste, EPE","41.802452, -6.768198",1560,1887,82.7
2025-06,Região de Saúde Norte,"Unidade Local de Saúde da Póvoa de Varzim/Vila do Conde, EPE","41.383183, -8.758784",721,990,72.8
2025-06,Região de Saúde do Centro,"Unidade Local de Saúde da Região de Aveiro, EPE","40.636332, -8.654388",2686,2972,90.4
2025-06,Região de Saúde Norte,"Unidade Local de Saúde de Barcelos/Esposende, EPE","41.533438, -8.616604",1655,1678,98.6
2025-06,Região de Saúde Norte,"Unidade Local de Saúde de Santo António, EPE","41.147283, -8.619536",5766,6401,90.1
2025-06,Região de Saúde do Alentejo,"Unidade Local de Saúde do Alentejo Central, EPE","38.568838, -7.903064",1587,1904,83.4
2025-06,Região de Saúde LVT,"Unidade Local de Saúde do Arco Ribeirinho, EPE","38.6527214050293, -9.0",1072,1180,90.8
2024-07,Região de Saúde LVT,"Unidade Local de Saúde da Arrábida, EPE","38.529351, -8.881073",2658,2811,94.6
2024-07,Região de Saúde do Centro,"Unidade Local de Saúde de Coimbra, EPE","40.217426, -8.410075",7142,8230,86.8
2024-07,Região de Saúde Norte,"Unidade Local de Saúde de Entre Douro e Vouga, EPE","40.9295, -8.54567",3945,4432,89.0
2024-07,Região de Saúde LVT,"Unidade Local de Saúde de Lisboa Ocidental, EPE","38.7084, -9.21711",2733,3260,83.8
2024-07,Região de Saúde LVT,"Unidade Local de Saúde de Loures-Odivelas, EPE","38.821769, -9.176301",1928,2244,85.9
2024-07,Região de Saúde Norte,"Unidade Local de Saúde de Santo António, EPE","41.147283, -8.619536",6725,7528,89.3
2024-07,Região de Saúde Norte,"Unidade Local de Saúde de São João, EPE","41.1833, -8.60193",5785,7575,76.4
2024-07,Região de Saúde do Alentejo,"Unidade Local de Saúde do Alentejo Central, EPE","38.568838, -7.903064",1798,2062,87.2
2024-07,Região de Saúde LVT,"Unidade Local de Saúde do Arco Ribeirinho, EPE","38.6527214050293, -9.0",1156,1418,81.5
2024-07,Região de Saúde do Centro,"Unidade Local de Saúde do Baixo Mondego, EPE","40.130297609, -8.8606",1940,2019,96.1
2024-07,Região de Saúde Norte,"Unidade Local de Saúde do Médio Ave, EPE","41.3422317504883, -8.0",1599,1818,88.0
2024-07,Região de Saúde Norte,"Unidade Local de Saúde do Nordeste, EPE","41.802452, -6.768198",1828,2205,82.9
2024-07,Região de Saúde Norte,"Unidade Local de Saúde do Tâmega e Sousa, EPE","41.1971153671548, -8.0",4446,4929,90.2
2025-07,Região de Saúde LVT,"Unidade Local de Saúde da Arrábida, EPE","38.529351, -8.881073",3094,3218,96.1
2025-07,Região de Saúde LVT,"Unidade Local de Saúde de Almada-Seixal, EPE","38.67381, -9.17597",3179,3388,93.8
2025-07,Região de Saúde do Centro,"Unidade Local de Saúde de Dão-Lafões, EPE","40.6509, -7.91039",3304,3502,94.3
2025-07,Região de Saúde Norte,"Unidade Local de Saúde de Entre Douro e Vouga, EPE","40.9295, -8.54567",4427,4943,89.6
2025-07,Região de Saúde Norte,"Unidade Local de Saúde de São João, EPE","41.1833, -8.60193",6128,7777,78.8
2025-07,Região de Saúde Norte,"Unidade Local de Saúde de Trás-os-Montes e Alto Douro, EPE","41.310331, -7.760103",3975,4510,88.1
2025-07,Região de Saúde Norte,"Unidade Local de Saúde do Alto Minho, EPE","41.697519, -8.832517",3356,3779,88.8
2025-07,Região de Saúde LVT,"Unidade Local de Saúde do Arco Ribeirinho, EPE","38.6527214050293, -9.0",1222,1362,89.7
2025-07,Região de Saúde do Alentejo,"Unidade Local de Saúde do Baixo Alentejo, EPE","38.0146, -7.86863",815,1015,80.3
2025-07,Região de Saúde LVT,"Unidade Local de Saúde do Médio Tejo, EPE","39.605565, -8.404399",2105,2467,85.3
2025-07,Região de Saúde Norte,"Unidade Local de Saúde do Tâmega e Sousa, EPE","41.1971153671548, -8.0",4973,5379,92.5
2024-08,Região de Saúde LVT,"Unidade Local de Saúde da Lezíria, EPE","39.232503, -8.715083",1624,1900,85.5
2024-08,Região de Saúde Norte,"Unidade Local de Saúde da Póvoa de Varzim/Vila do Conde, EPE","41.383183, -8.758784",898,1293,69.5
2024-08,Região de Saúde do Centro,"Unidade Local de Saúde da Região de Leiria, EPE","39.7418, -8.79444",5148,5462,94.3
2024-08,Região de Saúde Norte,"Unidade Local de Saúde de Barcelos/Esposende, EPE","41.533438, -8.616604",1819,1869,97.3
2024-08,Região de Saúde LVT,"Unidade Local de Saúde de São José, EPE","38.7169, -9.13654",6475,6871,94.2
2024-08,Região de Saúde Norte,"Unidade Local de Saúde do Alto Ave, EPE","41.488574, -8.338685",2709,3404,79.6
2024-08,Região de Saúde LVT,"Unidade Local de Saúde do Arco Ribeirinho, EPE","38.6527214050293, -9.0",1182,1466,80.6
2025-08,Região de Saúde LVT,"Unidade Local de Saúde da Arrábida, EPE","38.529351, -8.881073",3456,3585,96.4
2025-08,Região de Saúde Norte,"Unidade Local de Saúde da Póvoa de Varzim/Vila do Conde, EPE","41.383183, -8.758784",968,1328,72.9
2025-08,Região de Saúde LVT,"Unidade Local de Saúde de São José, EPE","38.7169, -9.13654",5177,5518,93.8
2025-08,Região de Saúde do Algarve,"Unidade Local de Saúde do Algarve, EPE","37.024668, -7.928949",1907,2362,80.7
2025-08,Região de Saúde Norte,"Unidade Local de Saúde do Alto Minho, EPE","41.697519, -8.832517",3423,3877,88.3
2025-08,Região de Saúde Norte,"Unidade Local de Saúde do Médio Ave, EPE","41.3422317504883, -8.0",1619,1943,83.3
2025-08,Região de Saúde LVT,"Unidade Local de Saúde do Médio Tejo, EPE","39.605565, -8.404399",2359,2743,86.0
2025-08,Região de Saúde Norte,"Unidade Local de Saúde do Nordeste, EPE","41.802452, -6.768198",1926,2260,85.2
2025-08,Região de Saúde LVT,"Unidade Local de Saúde do Oeste, EPE","39.4055519104004, -9.0",2598,2759,94.2
2024-09,Região de Saúde Norte,"Instituto Português Oncologia  F. Gentil - Porto, E.P.E.","41.1811, -8.60469",282,1013,27.8
2024-09,Região de Saúde Norte,"Unidade Local de Saúde da Póvoa de Varzim/Vila do Conde, EPE","41.383183, -8.758784",995,1433,69.4
2024-09,Região de Saúde do Centro,"Unidade Local de Saúde da Região de Aveiro, EPE","40.636332, -8.654388",3695,4214,87.7
2024-09,Região de Saúde LVT,"Unidade Local de Saúde de Almada-Seixal, EPE","38.67381, -9.17597",3819,4189,91.2
2024-09,Região de Saúde Norte,"Unidade Local de Saúde de Braga, EPE","41.562328338623, -8.3",7903,8590,92.0
2024-09,Região de Saúde do Centro,"Unidade Local de Saúde de Dão-Lafões, EPE","40.6509, -7.91039",4143,4490,92.3
2024-09,Região de Saúde LVT,"Unidade Local de Saúde de Loures-Odivelas, EPE","38.821769, -9.176301",2465,2847,86.6
2024-09,Região de Saúde LVT,"Unidade Local de Saúde de Santa Maria, EPE","38.7500648498535, -9.0",5535,6274,88.2
2024-09,Região de Saúde Norte,"Unidade Local de Saúde de Santo António, EPE","41.147283, -8.619536",7918,8848,89.5
2024-09,Região de Saúde Norte,"Unidade Local de Saúde de Trás-os-Montes e Alto Douro, EPE","41.310331, -7.760103",5056,5651,89.5
2024-09,Região de Saúde do Alentejo,"Unidade Local de Saúde do Alto Alentejo, EPE","39.2999, -7.4267",1718,1813,94.8
2024-09,Região de Saúde Norte,"Unidade Local de Saúde do Nordeste, EPE","41.802452, -6.768198",2332,2804,83.2
2024-09,Região de Saúde LVT,"Unidade Local de Saúde do Oeste, EPE","39.4055519104004, -9.0",3056,3372,90.6
2025-09,Região de Saúde do Centro,"Instituto Português Oncologia  F. Gentil - Centro, E.P.E.","40.217, -8.40991",28,266,10.5
2025-09,Região de Saúde do Centro,"Unidade Local de Saúde da Região de Leiria, EPE","39.7418, -8.79444",5822,6050,96.2
2025-09,Região de Saúde LVT,"Unidade Local de Saúde de Almada-Seixal, EPE","38.67381, -9.17597",3924,4184,93.8
2025-09,Região de Saúde do Centro,"Unidade Local de Saúde de Coimbra, EPE","40.217426, -8.410075",8736,9945,87.8
2025-09,Região de Saúde Norte,"Unidade Local de Saúde de Entre Douro e Vouga, EPE","40.9295, -8.54567",5589,6225,89.8
2025-09,Região de Saúde Norte,"Unidade Local de Saúde de São João, EPE","41.1833, -8.60193",7679,9702,79.1
2025-09,Região de Saúde do Alentejo,"Unidade Local de Saúde do Alto Alentejo, EPE","39.2999, -7.4267",1414,1509,93.7
2024-10,Região de Saúde do Centro,"Unidade Local de Saúde Castelo Branco, EPE","39.822737, -7.499876",1115,1455,76.6
2024-10,Região de Saúde do Centro,"Unidade Local de Saúde da Cova da Beira, EPE","40.2776794433594, -7.0",1665,1907,87.3
2024-10,Região de Saúde LVT,"Unidade Local de Saúde da Lezíria, EPE","39.232503, -8.715083",2036,2350,86.6
2024-10,Região de Saúde Norte,"Unidade Local de Saúde da Póvoa de Varzim/Vila do Conde, EPE","41.383183, -8.758784",1136,1645,69.1
2024-10,Região de Saúde do Centro,"Unidade Local de Saúde da Região de Aveiro, EPE","40.636332, -8.654388",4251,4854,87.6
2024-10,Região de Saúde do Centro,"Unidade Local de Saúde de Coimbra, EPE","40.217426, -8.410075",9767,11247,86.8
2024-10,Região de Saúde LVT,"Unidade Local de Saúde de São José, EPE","38.7169, -9.13654",8013,8539,93.8
2025-10,Região de Saúde LVT,"Unidade Local de Saúde da Arrábida, EPE","38.529351, -8.881073",4364,4503,96.9
2025-10,Região de Saúde do Centro,"Unidade Local de Saúde da Guarda, EPE","40.5309943471486, -7.0",593,715,82.9
2025-10,Região de Saúde do Centro,"Unidade Local de Saúde da Região de Leiria, EPE","39.7418, -8.79444",6360,6598,96.4
2025-10,Região de Saúde Norte,"Unidade Local de Saúde de Braga, EPE","41.562328338623, -8.3",10282,10967,93.8
2025-10,Região de Saúde do Centro,"Unidade Local de Saúde de Coimbra, EPE","40.217426, -8.410075",9872,11193,88.2
2025-10,Região de Saúde Norte,"Unidade Local de Saúde de Entre Douro e Vouga, EPE","40.9295, -8.54567",6187,6905,89.6
2025-10,Região de Saúde Norte,"Unidade Local de Saúde de São João, EPE","41.1833, -8.60193",8553,10802,79.2
2025-10,Região de Saúde Norte,"Unidade Local de Saúde de Trás-os-Montes e Alto Douro, EPE","41.310331, -7.760103",4950,5687,87.0
2025-10,Região de Saúde Norte,"Unidade Local de Saúde de Vila Nova de Gaia/Espinho, EPE","41.1254463195801, -8.0",6273,7495,83.7
2025-10,Região de Saúde do Alentejo,"Unidade Local de Saúde do Alentejo Central, EPE","38.568838, -7.903064",2641,3134,84.3
2025-10,Região de Saúde Norte,"Unidade Local de Saúde do Alto Minho, EPE","41.697519, -8.832517",4371,4929,88.7
2025-10,Região de Saúde do Centro,"Unidade Local de Saúde do Baixo Mondego, EPE","40.130297609, -8.8606",2964,3050,97.2
2025-10,Região de Saúde Norte,"Unidade Local de Saúde do Médio Ave, EPE","41.3422317504883, -8.0",1995,2396,83.3
2025-10,Região de Saúde Norte,"Unidade Local de Saúde do Tâmega e Sousa, EPE","41.1971153671548, -8.0",6841,7442,91.9
2024-11,Região de Saúde LVT,"Hospital de Cascais, PPP","38.730076, -9.418207",4533,4791,94.6
2024-11,Região de Saúde Norte,"Instituto Português Oncologia  F. Gentil - Porto, E.P.E.","41.1811, -8.60469",356,1238,28.8
2024-11,Região de Saúde LVT,"Unidade Local de Saúde de Amadora/Sintra, EPE","38.7436332060551, -9.0",5832,6453,90.4
2024-11,Região de Saúde Norte,"Unidade Local de Saúde de Entre Douro e Vouga, EPE","40.9295, -8.54567",6302,7028,89.7
2024-11,Região de Saúde Norte,"Unidade Local de Saúde de Vila Nova de Gaia/Espinho, EPE","41.1254463195801, -8.0",8095,9510,85.1
2024-11,Região de Saúde do Alentejo,"Unidade Local de Saúde do Alentejo Central, EPE","38.568838, -7.903064",2819,3241,87.0
2024-11,Região de Saúde Norte,"Unidade Local de Saúde do Alto Minho, EPE","41.697519, -8.832517",5085,5583,91.1
2024-11,Região de Saúde LVT,"Unidade Local de Saúde do Arco Ribeirinho, EPE","38.6527214050293, -9.0",1679,2038,82.4
2024-11,Região de Saúde LVT,"Unidade Local de Saúde do Estuário do Tejo, EPE","38.977344, -8.984882",3372,3634,92.8
2024-11,Região de Saúde do Alentejo,"Unidade Local de Saúde do Litoral Alentejano, EPE","38.039936, -8.731693",2957,3133,94.4
2024-11,Região de Saúde LVT,"Unidade Local de Saúde do Médio Tejo, EPE","39.605565, -8.404399",3419,4303,79.5
2025-11,Região de Saúde LVT,"Hospital de Cascais, PPP","38.730076, -9.418207",5830,6071,96.0
2025-11,Região de Saúde LVT,"Instituto Português Oncologia  F. Gentil - Lisboa, E.P.E.","38.739946, -9.161139",869,1310,66.3
2025-11,Região de Saúde Norte,"Instituto Português Oncologia  F. Gentil - Porto, E.P.E.","41.1811, -8.60469",485,1258,38.6
2025-11,Região de Saúde LVT,"Unidade Local de Saúde da Arrábida, EPE","38.529351, -8.881073",4844,4988,97.1
2025-11,Região de Saúde do Centro,"Unidade Local de Saúde da Guarda, EPE","40.5309943471486, -7.0",692,828,83.6
2025-11,Região de Saúde LVT,"Unidade Local de Saúde de São José, EPE","38.7169, -9.13654",6740,7186,93.8
2025-11,Região de Saúde Norte,"Unidade Local de Saúde do Alto Minho, EPE","41.697519, -8.832517",4845,5468,88.6
2025-11,Região de Saúde Norte,"Unidade Local de Saúde do Médio Ave, EPE","41.3422317504883, -8.0",2238,2677,83.6
2025-11,Região de Saúde LVT,"Unidade Local de Saúde do Oeste, EPE","39.4055519104004, -9.0",3505,3715,94.3
2025-11,Região de Saúde Norte,"Unidade Local de Saúde do Tâmega e Sousa, EPE","41.1971153671548, -8.0",7534,8184,92.1
2024-12,Região de Saúde LVT,"Instituto Português Oncologia  F. Gentil - Lisboa, E.P.E.","38.739946, -9.161139",722,1577,45.8
2024-12,Região de Saúde do Centro,"Unidade Local de Saúde Castelo Branco, EPE","39.822737, -7.499876",1297,1702,76.2
2024-12,Região de Saúde LVT,"Unidade Local de Saúde da Arrábida, EPE","38.529351, -8.881073",4733,5008,94.5
2024-12,Região de Saúde do Centro,"Unidade Local de Saúde da Cova da Beira, EPE","40.2776794433594, -7.0",1936,2213,87.5
2024-12,Região de Saúde do Centro,"Unidade Local de Saúde da Guarda, EPE","40.5309943471486, -7.0",563,672,83.8
2024-12,Região de Saúde Norte,"Unidade Local de Saúde da Póvoa de Varzim/Vila do Conde, EPE","41.383183, -8.758784",1336,1926,69.4
2024-12,Região de Saúde LVT,"Unidade Local de Saúde de Almada-Seixal, EPE","38.67381, -9.17597",5130,5615,91.4
2024-12,Região de Saúde LVT,"Unidade Local de Saúde de Amadora/Sintra, EPE","38.7436332060551, -9.0",6258,6932,90.3
2024-12,Região de Saúde do Centro,"Unidade Local de Saúde de Coimbra, EPE","40.217426, -8.410075",11724,13459,87.1
2024-12,Região de Saúde do Centro,"Unidade Local de Saúde de Dão-Lafões, EPE","40.6509, -7.91039",5396,5838,92.4
2024-12,Região de Saúde Norte,"Unidade Local de Saúde de Matosinhos, EPE","41.181859, -8.663374",5826,6291,92.6
2024-12,Região de Saúde do Alentejo,"Unidade Local de Saúde do Alto Alentejo, EPE","39.2999, -7.4267",2233,2359,94.7
2024-12,Região de Saúde Norte,"Unidade Local de Saúde do Alto Ave, EPE","41.488574, -8.338685",4137,5248,78.8
2024-12,Região de Saúde LVT,"Unidade Local de Saúde do Arco Ribeirinho, EPE","38.6527214050293, -9.0",1826,2221,82.2
2024-12,Região de Saúde Norte,"Unidade Local de Saúde do Médio Ave, EPE","41.3422317504883, -8.0",2829,3227,87.7
2024-12,Região de Saúde LVT,"Unidade Local de Saúde do Oeste, EPE","39.4055519104004, -9.0",4058,4471,90.8
2024-12,Região de Saúde Norte,"Unidade Local de Saúde do Tâmega e Sousa, EPE","41.1971153671548, -8.0",7601,8374,90.8
2025-12,Região de Saúde LVT,"Hospital de Cascais, PPP","38.730076, -9.418207",6286,6547,96.0
2025-12,Região de Saúde LVT,"Unidade Local de Saúde da Lezíria, EPE","39.232503, -8.715083",1957,2138,91.5
2025-12,Região de Saúde Norte,"Unidade Local de Saúde de Barcelos/Esposende, EPE","41.533438, -8.616604",3578,3625,98.7
2025-12,Região de Saúde Norte,"Unidade Local de Saúde de Santo António, EPE","41.147283, -8.619536",10207,11266,90.6
2025-12,Região de Saúde do Alentejo,"Unidade Local de Saúde do Alto Alentejo, EPE","39.2999, -7.4267",1874,1990,94.2
2025-12,Região de Saúde Norte,"Unidade Local de Saúde do Alto Ave, EPE","41.488574, -8.338685",5596,6674,83.8
2025-12,Região de Saúde do Centro,"Unidade Local de Saúde do Baixo Mondego, EPE","40.130297609, -8.8606",3562,3662,97.3
2025-12,Região de Saúde Norte,"Unidade Local de Saúde do Nordeste, EPE","41.802452, -6.768198",2872,3350,85.7
2025-12,Região de Saúde LVT,"Unidade Local de Saúde do Oeste, EPE","39.4055519104004, -9.0",3746,3962,94.5
2013-01,Região de Saúde do Algarve,"Centro Hospitalar Universitário do Algarve, EPE","37.0238973, -7.9281554",266,307,86.6
2013-01,Região de Saúde do Centro,"Centro Hospitalar Tondela-Viseu, EPE","40.516364, -8.0827433",389,461,84.4
2013-01,Região de Saúde do Centro,Centro Medicina de Reabilitação da Região Centro Rovisco Pais,"40.297919, -8.7707806",0,0,
2013-01,Região de Saúde do Centro,"Instituto Português Oncologia de Coimbra, EPE","40.2162514, -8.4103814",5,31,16.1
2013-01,Região de Saúde LVT,"Centro Hospitalar de Lisboa Ocidental, EPE","38.708454, -9.216985",187,259,72.2
2013-01,Região de Saúde LVT,"Centro Hospitalar de Setúbal, EPE","38.5283754, -8.8818638",106,162,65.4
2013-01,Região de Saúde LVT,Centro Hospitalar do Oeste,"39.4054629, -9.1258493",97,158,61.4
2013-01,Região de Saúde LVT,"Hospital Professor Doutor Fernando Fonseca, EPE","38.7422257, -9.2264834",296,457,64.8
2013-01,Região de Saúde LVT,"Instituto Português Oncologia de Lisboa, EPE","38.7396768, -9.1634516",7,21,33.3
2013-01,Região de Saúde Norte,"Centro Hospitalar Universitário de São João, EPE","41.1831056, -8.6010558",649,815,79.6
2013-01,Região de Saúde Norte,"Centro Hospitalar Universitário do Porto, EPE","41.1472498, -8.6172617",521,630,82.7
2013-01,Região de Saúde Norte,"Hospital Santa Maria Maior, EPE","41.5324234, -8.6171561",91,124,73.4
2013-02,Região de Saúde do Centro,Hospital José Luciano de Castro,"40.4422767, -8.4438729",55,55,100.0
2013-02,Região de Saúde LVT,Centro Hospitalar Psiquiátrico de Lisboa,"38.7569771, -9.1460705",0,0,
2013-02,Região de Saúde LVT,"Hospital de Vila Franca de Xira, PPP","38.977235, -8.984506",351,434,80.9
2013-02,Região de Saúde LVT,"Instituto Português Oncologia de Lisboa, EPE","38.7396768, -9.1634516",18,52,34.6
2013-02,Região de Saúde Norte,"Centro Hospitalar Entre Douro e Vouga, EPE","40.9293884, -8.5458794",591,792,74.6
2013-02,Região de Saúde Norte,"Centro Hospitalar Tâmega e Sousa, EPE","41.2494561, -8.264901",430,618,69.6
2013-02,Região de Saúde Norte,"Hospital de Magalhães Lemos, EPE","41.1764649, -8.6649823",0,0,
2013-02,Região de Saúde Norte,"Unidade Local de Saúde do Alto Minho, EPE","41.7056054, -8.8252713",714,887,80.5
2013-03,Região de Saúde do Alentejo,"Unidade Local de Saúde do Norte Alentejano, EPE","39.3003425, -7.4263845",222,342,64.9
2013-03,Região de Saúde do Centro,"Unidade Local de Saúde de Castelo Branco, EPE","39.8212263, -7.4981271",185,278,66.5
2013-03,Região de Saúde LVT,"Centro Hospitalar de Lisboa Ocidental, EPE","38.708454, -9.216985",608,821,74.1
2013-03,Região de Saúde LVT,Centro Hospitalar Psiquiátrico de Lisboa,"38.7569771, -9.1460705",0,0,
2013-03,Região de Saúde LVT,"Hospital Distrital de Santarém, EPE","39.2410946, -8.6937515",378,531,71.2
2013-03,Região de Saúde LVT,"Hospital Professor Doutor Fernando Fonseca, EPE","38.7422257, -9.2264834",819,1313,62.4
2013-03,Região de Saúde LVT,"Hospital Garcia de Orta, EPE","38.6658713, -9.1822554",643,803,80.1
2013-03,Região de Saúde LVT,Instituto Gama Pinto,"38.7218793, -9.144249",472,472,100.0
2013-03,Região de Saúde Norte,"Hospital de Magalhães Lemos, EPE","41.1764649, -8.6649823",0,0,
2013-03,Região de Saúde Norte,"Unidade Local de Saúde de Matosinhos, EPE","41.1794456, -8.6745115",715,943,75.8
2013-03,Região de Saúde Norte,"Unidade Local de Saúde do Nordeste, EPE","41.8056532, -6.7888197",449,626,71.7
2013-04,Região de Saúde do Alentejo,"Hospital Espírito Santo de Évora, EPE","38.5684861, -7.9032848",801,1060,75.6
2013-04,Região de Saúde do Alentejo,"Unidade Local de Saúde do Litoral Alentejano, EPE","38.0162314, -8.6956768",313,414,75.6
2013-04,Região de Saúde do Centro,"Centro Hospitalar Tondela-Viseu, EPE","40.516364, -8.0827433",1435,1739,82.5
2013-04,Região de Saúde do Centro,Hospital Dr. Francisco Zagalo,"40.8571967, -8.6318023",272,310,87.7
2013-04,Região de Saúde do Centro,"Instituto Português Oncologia de Coimbra, EPE","40.2162514, -8.4103814",14,104,13.5
2013-04,Região de Saúde do Centro,"Unidade Local de Saúde da Guarda, EPE","40.5309916, -7.2734793",390,513,76.0
2013-04,Região de Saúde do Centro,"Unidade Local de Saúde de Castelo Branco, EPE","39.8212263, -7.4981271",266,401,66.3
2013-04,Região de Saúde LVT,"Centro Hospitalar de Lisboa Ocidental, EPE","38.708454, -9.216985",807,1080,74.7
2013-04,Região de Saúde LVT,Centro Hospitalar do Oeste,"39.4054629, -9.1258493",329,584,56.3
2013-04,Região de Saúde LVT,"Centro Hospitalar Médio Tejo, EPE","39.478072, -8.5404429",540,805,67.1
2013-04,Região de Saúde LVT,Centro Hospitalar Psiquiátrico de Lisboa,"38.7569771, -9.1460705",0,0,
2013-04,Região de Saúde LVT,"Hospital Garcia de Orta, EPE","38.6658713, -9.1822554",884,1091,81.0
2013-04,Região de Saúde Norte,"Centro Hospitalar Trás-os-Montes e Alto Douro, EPE","41.3031784, -7.7515252",2,101,2.0
2013-04,Região de Saúde Norte,"Unidade Local de Saúde de Matosinhos, EPE","41.1794456, -8.6745115",909,1205,75.4
2013-04,Região de Saúde Norte,"Unidade Local de Saúde do Alto Minho, EPE","41.7056054, -8.8252713",1381,1680,82.2
2013-05,Região de Saúde do Alentejo,"Unidade Local de Saúde do Litoral Alentejano, EPE","38.0162314, -8.6956768",357,483,73.9
2013-05,Região de Saúde do Centro,"Centro Hospitalar Universitário Cova da Beira, EPE","40.2804158, -7.4922407",147,343,42.9
2013-05,Região de Saúde do Centro,"Centro Hospitalar de Leiria, EPE","39.7414812, -8.7982706",1564,2283,68.5
2013-05,Região de Saúde do Centro,Hospital Arcebispo João Crisóstomo,"40.3470015, -8.5933462",318,318,100.0
2013-05,Região de Saúde LVT,Centro Hospitalar do Oeste,"39.4054629, -9.1258493",412,736,56.0
2013-05,Região de Saúde LVT,"Centro Hospitalar Universitário de Lisboa Norte, EPE","38.7500861, -9.1616116",1096,1815,60.4
2013-05,Região de Saúde Norte,"Hospital Santa Maria Maior, EPE","41.5324234, -8.6171561",447,615,72.7
2013-05,Região de Saúde Norte,"Unidade Local de Saúde do Alto Minho, EPE","41.7056054, -8.8252713",1695,2079,81.5
2013-06,Região de Saúde do Alentejo,"Unidade Local de Saúde do Baixo Alentejo, EPE","38.014123, -7.8721227",608,790,77.0
2013-06,Região de Saúde do Centro,Hospital Dr. Francisco Zagalo,"40.8571967, -8.6318023",424,477,88.9
2013-06,Região de Saúde do Centro,"Unidade Local de Saúde de Castelo Branco, EPE","39.8212263, -7.4981271",340,545,62.4
2013-06,Região de Saúde LVT,"Centro Hospitalar Universitário de Lisboa Norte, EPE","38.7500861, -9.1616116",1276,2121,60.2
2013-06,Região de Saúde LVT,"Hospital de Cascais, PPP","38.729006, -9.418267",751,906,82.9
2013-07,Região de Saúde do Algarve,"Centro Hospitalar Universitário do Algarve, EPE","37.0238973, -7.9281554",1633,2027,80.6
2013-07,Região de Saúde do Centro,"Centro Hospitalar Universitário Cova da Beira, EPE","40.2804158, -7.4922407",213,449,47.4
2013-07,Região de Saúde do Centro,"Centro Hospitalar Tondela-Viseu, EPE","40.516364, -8.0827433",2512,2977,84.4
2013-07,Região de Saúde do Centro,"Unidade Local de Saúde da Guarda, EPE","40.5309916, -7.2734793",654,879,74.4
2013-07,Região de Saúde do Centro,"Unidade Local de Saúde de Castelo Branco, EPE","39.8212263, -7.4981271",407,641,63.5
2013-07,Região de Saúde LVT,"Centro Hospitalar Universitário de Lisboa Norte, EPE","38.7500861, -9.1616116",1480,2435,60.8
2013-07,Região de Saúde LVT,"Hospital de Vila Franca de Xira, PPP","38.977235, -8.984506",1130,1401,80.7
2013-07,Região de Saúde LVT,"Hospital Professor Doutor Fernando Fonseca, EPE","38.7422257, -9.2264834",1583,3001,52.7
2013-07,Região de Saúde LVT,"Hospital Garcia de Orta, EPE","38.6658713, -9.1822554",1363,1726,79.0
2013-07,Região de Saúde Norte,"Centro Hospitalar Póvoa de Varzim/Vila do Conde, EPE","41.3828711, -8.7589945",366,664,55.1
2013-07,Região de Saúde Norte,"Centro Hospitalar Tâmega e Sousa, EPE","41.2494561, -8.264901",1527,2209,69.1
2013-07,Região de Saúde Norte,"Centro Hospitalar Vila Nova de Gaia/Espinho, EPE","41.1094138, -8.5972617",3153,3968,79.5
2013-07,Região de Saúde Norte,"Hospital de Braga, PPP","41.56785, -8.398982",3036,3661,82.9
2013-08,Região de Saúde do Centro,"Centro Hospitalar e Universitário de Coimbra, EPE","40.2191523, -8.4098211",3743,4994,74.9
2013-08,Região de Saúde do Centro,Centro Medicina de Reabilitação da Região Centro Rovisco Pais,"40.297919, -8.7707806",0,0,
2013-08,Região de Saúde do Centro,"Hospital Distrital da Figueira da Foz, EPE","40.117897, -8.8586755",563,853,66.0
2013-08,Região de Saúde LVT,Centro Hospitalar Psiquiátrico de Lisboa,"38.7569771, -9.1460705",0,0,
2013-08,Região de Saúde LVT,"Hospital de Cascais, PPP","38.729006, -9.418267",942,1145,82.3
2013-08,Região de Saúde Norte,"Centro Hospitalar do Médio Ave, EPE","41.3423984, -8.4802503",1089,1632,66.7
2013-08,Região de Saúde Norte,"Centro Hospitalar Póvoa de Varzim/Vila do Conde, EPE","41.3828711, -8.7589945",394,725,54.3
2013-08,Região de Saúde Norte,"Hospital Santa Maria Maior, EPE","41.5324234, -8.6171561",657,867,75.8
2013-08,Região de Saúde Norte,"Unidade Local de Saúde do Alto Minho, EPE","41.7056054, -8.8252713",2236,2796,80.0
2013-09,Região de Saúde do Alentejo,"Unidade Local de Saúde do Norte Alentejano, EPE","39.3003425, -7.4263845",408,702,58.1
2013-09,Região de Saúde do Centro,"Centro Hospitalar do Baixo Vouga, EPE","40.6362453, -8.6543716",1780,2399,74.2
2013-09,Região de Saúde do Centro,"Centro Hospitalar e Universitário de Coimbra, EPE","40.2191523, -8.4098211",4250,5648,75.2
2013-09,Região de Saúde LVT,"Centro Hospitalar de Lisboa Ocidental, EPE","38.708454, -9.216985",1586,2141,74.1
2013-09,Região de Saúde LVT,Centro Hospitalar Psiquiátrico de Lisboa,"38.7569771, -9.1460705",0,0,
2013-09,Região de Saúde LVT,"Hospital de Loures, PPP","38.821455, -9.176296",1998,2383,83.8
2013-09,Região de Saúde LVT,"Hospital Distrital de Santarém, EPE","39.2410946, -8.6937515",1041,1435,72.5
2013-09,Região de Saúde LVT,"Hospital Professor Doutor Fernando Fonseca, EPE","38.7422257, -9.2264834",1825,3622,50.4
2013-09,Região de Saúde LVT,Instituto Gama Pinto,"38.7218793, -9.144249",1303,1303,100.0
2013-09,Região de Saúde LVT,"Instituto Português Oncologia de Lisboa, EPE","38.7396768, -9.1634516",98,238,41.2
2013-09,Região de Saúde Norte,"Centro Hospitalar Póvoa de Varzim/Vila do Conde, EPE","41.3828711, -8.7589945",450,826,54.5
2013-09,Região de Saúde Norte,"Hospital de Braga, PPP","41.56785, -8.398982",4119,4887,84.3
2013-09,Região de Saúde Norte,"Hospital de Magalhães Lemos, EPE","41.1764649, -8.6649823",0,0,
2013-09,Região de Saúde Norte,"Instituto Português Oncologia do Porto, EPE","41.1785642, -8.6062881",801,1132,70.8
2013-10,Região de Saúde do Centro,"Centro Hospitalar de Leiria, EPE","39.7414812, -8.7982706",2991,4362,68.6
2013-10,Região de Saúde do Centro,"Centro Hospitalar Tondela-Viseu, EPE","40.516364, -8.0827433",3400,3970,85.6
2013-10,Região de Saúde do Centro,Centro Medicina de Reabilitação da Região Centro Rovisco Pais,"40.297919, -8.7707806",0,0,
2013-10,Região de Saúde do Centro,"Unidade Local de Saúde de Castelo Branco, EPE","39.8212263, -7.4981271",536,830,64.6
2013-10,Região de Saúde LVT,"Centro Hospitalar Barreiro/Montijo, EPE","38.6554005, -9.0592392",951,1333,71.3
2013-10,Região de Saúde LVT,"Centro Hospitalar de Lisboa Ocidental, EPE","38.708454, -9.216985",1813,2457,73.8
2013-10,Região de Saúde LVT,"Centro Hospitalar Universitário de Lisboa Norte, EPE","38.7500861, -9.1616116",2032,3338,60.9
2013-10,Região de Saúde LVT,"Centro Hospitalar Médio Tejo, EPE","39.478072, -8.5404429",1563,2239,69.8
2013-10,Região de Saúde LVT,"Hospital Distrital de Santarém, EPE","39.2410946, -8.6937515",1251,1715,72.9
2013-10,Região de Saúde LVT,"Instituto Português Oncologia de Lisboa, EPE","38.7396768, -9.1634516",107,271,39.5
2013-11,Região de Saúde do Centro,"Centro Hospitalar do Baixo Vouga, EPE","40.6362453, -8.6543716",2280,3023,75.4
2013-11,Região de Saúde do Centro,Centro Medicina de Reabilitação da Região Centro Rovisco Pais,"40.297919, -8.7707806",0,0,
2013-11,Região de Saúde do Centro,Hospital Arcebispo João Crisóstomo,"40.3470015, -8.5933462",606,606,100.0
2013-11,Região de Saúde do Centro,"Hospital Distrital da Figueira da Foz, EPE","40.117897, -8.8586755",800,1212,66.0
2013-11,Região de Saúde do Centro,Hospital José Luciano de Castro,"40.4422767, -8.4438729",246,246,100.0
2013-11,Região de Saúde LVT,"Hospital Distrital de Santarém, EPE","39.2410946, -8.6937515",1506,2047,73.6
2013-11,Região de Saúde Norte,"Centro Hospitalar Universitário de São João, EPE","41.1831056, -8.6010558",5309,7201,73.7
2013-11,Região de Saúde Norte,"Centro Hospitalar Tâmega e Sousa, EPE","41.2494561, -8.264901",2497,3645,68.5
2013-11,Região de Saúde Norte,"Hospital de Magalhães Lemos, EPE","41.1764649, -8.6649823",0,0,
2013-12,Região de Saúde do Centro,"Centro Hospitalar Universitário Cova da Beira, EPE","40.2804158, -7.4922407",379,801,47.3
2013-12,Região de Saúde do Centro,"Centro Hospitalar do Baixo Vouga, EPE","40.6362453, -8.6543716",2443,3235,75.5
2013-12,Região de Saúde do Centro,Hospital Arcebispo João Crisóstomo,"40.3470015, -8.5933462",658,658,100.0
2013-12,Região de Saúde do Centro,"Unidade Local de Saúde da Guarda, EPE","40.5309916, -7.2734793",1074,1467,73.2
2013-12,Região de Saúde LVT,"Centro Hospitalar de Lisboa Ocidental, EPE","38.708454, -9.216985",2205,2960,74.5
2013-12,Região de Saúde LVT,"Centro Hospitalar Universitário de Lisboa Norte, EPE","38.7500861, -9.1616116",2432,3957,61.5
2013-12,Região de Saúde LVT,"Hospital de Vila Franca de Xira, PPP","38.977235, -8.984506",2353,2839,82.9
2013-12,Região de Saúde LVT,Instituto Gama Pinto,"38.7218793, -9.144249",2091,2091,100.0
2013-12,Região de Saúde Norte,"Centro Hospitalar Universitário de São João, EPE","41.1831056, -8.6010558",5745,7843,73.3
2013-12,Região de Saúde Norte,"Centro Hospitalar do Alto Ave, EPE","41.4387173, -8.3086907",2652,3406,77.9
2014-01,Região de Saúde do Alentejo,"Unidade Local de Saúde do Norte Alentejano, EPE","39.3003425, -7.4263845",147,191,77.0
2014-01,Região de Saúde do Centro,"Centro Hospitalar do Baixo Vouga, EPE","40.6362453, -8.6543716",262,314,83.4
2014-01,Região de Saúde do Centro,Hospital José Luciano de Castro,"40.4422767, -8.4438729",39,39,100.0
2014-01,Região de Saúde LVT,"Centro Hospitalar Barreiro/Montijo, EPE","38.6554005, -9.0592392",93,134,69.4
2014-01,Região de Saúde LVT,"Centro Hospitalar de Setúbal, EPE","38.5283754, -8.8818638",137,187,73.3
2014-01,Região de Saúde LVT,"Hospital Professor Doutor Fernando Fonseca, EPE","38.7422257, -9.2264834",264,385,68.6
2014-01,Região de Saúde Norte,"Centro Hospitalar Entre Douro e Vouga, EPE","40.9293884, -8.5458794",352,447,78.7
2014-01,Região de Saúde Norte,"Hospital de Magalhães Lemos, EPE","41.1764649, -8.6649823",0,0,
2014-01,Região de Saúde Norte,"Unidade Local de Saúde de Matosinhos, EPE","41.1794456, -8.6745115",236,317,74.4
2014-02,Região de Saúde do Alentejo,"Unidade Local de Saúde do Norte Alentejano, EPE","39.3003425, -7.4263845",241,332,72.6
2014-02,Região de Saúde do Centro,Hospital José Luciano de Castro,"40.4422767, -8.4438729",77,77,100.0
2014-02,Região de Saúde LVT,"Centro Hospitalar Universitário de Lisboa Norte, EPE","38.7500861, -9.1616116",437,613,71.3
2014-02,Região de Saúde Norte,"Centro Hospitalar do Médio Ave, EPE","41.3423984, -8.4802503",333,460,72.4
2014-02,Região de Saúde Norte,"Centro Hospitalar Póvoa de Varzim/Vila do Conde, EPE","41.3828711, -8.7589945",85,175,48.6
2014-02,Região de Saúde Norte,"Centro Hospitalar Tâmega e Sousa, EPE","41.2494561, -8.264901",507,677,74.9
2014-03,Região de Saúde do Centro,"Centro Hospitalar de Leiria, EPE","39.7414812, -8.7982706",1124,1464,76.8
2014-03,Região de Saúde do Centro,Hospital Dr. Francisco Zagalo,"40.8571967, -8.6318023",138,169,81.7
2014-03,Região de Saúde LVT,"Centro Hospitalar de Lisboa Ocidental, EPE","38.708454, -9.216985",683,883,77.3
2014-03,Região de Saúde LVT,"Centro Hospitalar Universitário de Lisboa Norte, EPE","38.7500861, -9.1616116",708,970,73.0
2014-03,Região de Saúde LVT,"Hospital de Cascais, PPP","38.729006, -9.418267",496,565,87.8
2014-03,Região de Saúde LVT,Instituto Gama Pinto,"38.7218793, -9.144249",748,748,100.0
2014-03,Região de Saúde Norte,"Centro Hospitalar Universitário do Porto, EPE","41.1472498, -8.6172617",1816,2176,83.5
2014-03,Região de Saúde Norte,"Centro Hospitalar Tâmega e Sousa, EPE","41.2494561, -8.264901",759,1007,75.4
2014-03,Região de Saúde Norte,"Instituto Português Oncologia do Porto, EPE","41.1785642, -8.6062881",270,315,85.7
2014-03,Região de Saúde Norte,"Unidade Local de Saúde de Matosinhos, EPE","41.1794456, -8.6745115",745,962,77.4
2014-03,Região de Saúde Norte,"Unidade Local de Saúde do Nordeste, EPE","41.8056532, -6.7888197",536,636,84.3
2014-04,Região de Saúde do Alentejo,"Hospital Espírito Santo de Évora, EPE","38.5684861, -7.9032848",913,1177,77.6
2014-04,Região de Saúde do Centro,Hospital Arcebispo João Crisóstomo,"40.3470015, -8.5933462",265,265,100.0
2014-04,Região de Saúde LVT,"Centro Hospitalar Barreiro/Montijo, EPE","38.6554005, -9.0592392",482,644,74.8
2014-04,Região de Saúde LVT,"Centro Hospitalar Universitário de Lisboa Norte, EPE","38.7500861, -9.1616116",943,1276,73.9
2014-04,Região de Saúde LVT,Centro Hospitalar Psiquiátrico de Lisboa,"38.7569771, -9.1460705",0,0,
2014-04,Região de Saúde LVT,"Hospital Distrital de Santarém, EPE","39.2410946, -8.6937515",522,744,70.2
2014-04,Região de Saúde LVT,"Hospital Garcia de Orta, EPE","38.6658713, -9.1822554",825,995,82.9
2014-04,Região de Saúde Norte,"Unidade Local de Saúde do Alto Minho, EPE","41.7056054, -8.8252713",1043,1270,82.1
2014-05,Região de Saúde do Alentejo,"Unidade Local de Saúde do Litoral Alentejano, EPE","38.0162314, -8.6956768",348,460,75.7
2014-05,Região de Saúde do Alentejo,"Unidade Local de Saúde do Norte Alentejano, EPE","39.3003425, -7.4263845",536,734,73.0
2014-05,Região de Saúde do Centro,"Centro Hospitalar do Baixo Vouga, EPE","40.6362453, -8.6543716",1129,1409,80.1
2014-05,Região de Saúde do Centro,"Instituto Português Oncologia de Coimbra, EPE","40.2162514, -8.4103814",19,139,13.7
2014-05,Região de Saúde do Centro,"Unidade Local de Saúde de Castelo Branco, EPE","39.8212263, -7.4981271",306,449,68.2
2014-05,Região de Saúde LVT,"Centro Hospitalar de Lisboa Ocidental, EPE","38.708454, -9.216985",930,1230,75.6
2014-05,Região de Saúde LVT,Centro Hospitalar do Oeste,"39.4054629, -9.1258493",491,750,65.5
2014-05,Região de Saúde LVT,"Hospital de Vila Franca de Xira, PPP","38.977235, -8.984506",1127,1284,87.8
2014-05,Região de Saúde LVT,"Hospital Distrital de Santarém, EPE","39.2410946, -8.6937515",664,976,68.0
2014-05,Região de Saúde LVT,"Instituto Português Oncologia de Lisboa, EPE","38.7396768, -9.1634516",42,158,26.6
2014-05,Região de Saúde Norte,"Hospital Santa Maria Maior, EPE","41.5324234, -8.6171561",491,572,85.8
2014-05,Região de Saúde Norte,"Unidade Local de Saúde de Matosinhos, EPE","41.1794456, -8.6745115",1270,1649,77.0
2014-06,Região de Saúde do Alentejo,"Unidade Local de Saúde do Baixo Alentejo, EPE","38.014123, -7.8721227",553,662,83.5
2014-06,Região de Saúde do Centro,"Centro Hospitalar de Leiria, EPE","39.7414812, -8.7982706",2152,2854,75.4
2014-06,Região de Saúde LVT,"Hospital Professor Doutor Fernando Fonseca, EPE","38.7422257, -9.2264834",1648,2490,66.2
2014-06,Região de Saúde Norte,"Centro Hospitalar Universitário do Porto, EPE","41.1472498, -8.6172617",3503,4234,82.7
2014-06,Região de Saúde Norte,"Centro Hospitalar Vila Nova de Gaia/Espinho, EPE","41.1094138, -8.5972617",2835,3490,81.2
2014-06,Região de Saúde Norte,"Instituto Português Oncologia do Porto, EPE","41.1785642, -8.6062881",508,584,87.0
2014-06,Região de Saúde Norte,"Unidade Local de Saúde do Alto Minho, EPE","41.7056054, -8.8252713",1582,1931,81.9
2014-06,Região de Saúde Norte,"Unidade Local de Saúde do Nordeste, EPE","41.8056532, -6.7888197",1029,1222,84.2
2014-07,Região de Saúde do Alentejo,"Unidade Local de Saúde do Baixo Alentejo, EPE","38.014123, -7.8721227",583,710,82.1
2014-07,Região de Saúde do Centro,Hospital Arcebispo João Crisóstomo,"40.3470015, -8.5933462",375,375,100.0
2014-07,Região de Saúde do Centro,"Unidade Local de Saúde de Castelo Branco, EPE","39.8212263, -7.4981271",435,624,69.7
2014-07,Região de Saúde LVT,"Centro Hospitalar de Lisboa Ocidental, EPE","38.708454, -9.216985",1362,1754,77.7
2014-07,Região de Saúde LVT,"Centro Hospitalar Médio Tejo, EPE","39.478072, -8.5404429",1199,1671,71.8
2014-07,Região de Saúde LVT,"Hospital de Vila Franca de Xira, PPP","38.977235, -8.984506",1657,1881,88.1
2014-07,Região de Saúde Norte,"Centro Hospitalar do Alto Ave, EPE","41.4387173, -8.3086907",1496,1952,76.6
2014-07,Região de Saúde Norte,"Centro Hospitalar Tâmega e Sousa, EPE","41.2494561, -8.264901",1781,2398,74.3
2014-07,Região de Saúde Norte,"Unidade Local de Saúde de Matosinhos, EPE","41.1794456, -8.6745115",1704,2229,76.4
2014-08,Região de Saúde do Alentejo,"Unidade Local de Saúde do Norte Alentejano, EPE","39.3003425, -7.4263845",813,1083,75.1
2014-08,Região de Saúde do Centro,"Centro Hospitalar Universitário Cova da Beira, EPE","40.2804158, -7.4922407",293,644,45.5
2014-08,Região de Saúde do Centro,"Centro Hospitalar de Leiria, EPE","39.7414812, -8.7982706",2660,3522,75.5
2014-08,Região de Saúde LVT,"Centro Hospitalar de Lisboa Ocidental, EPE","38.708454, -9.216985",1493,1908,78.2
2014-08,Região de Saúde LVT,"Centro Hospitalar de Setúbal, EPE","38.5283754, -8.8818638",1217,1533,79.4
2014-08,Região de Saúde LVT,Centro Hospitalar Psiquiátrico de Lisboa,"38.7569771, -9.1460705",0,0,
2014-08,Região de Saúde LVT,"Hospital de Cascais, PPP","38.729006, -9.418267",1325,1509,87.8
2014-08,Região de Saúde LVT,Instituto Gama Pinto,"38.7218793, -9.144249",1836,1836,100.0
2014-08,Região de Saúde Norte,"Centro Hospitalar Universitário de São João, EPE","41.1831056, -8.6010558",3749,5074,73.9
2014-08,Região de Saúde Norte,"Centro Hospitalar Entre Douro e Vouga, EPE","40.9293884, -8.5458794",2959,3681,80.4
2014-08,Região de Saúde Norte,"Unidade Local de Saúde de Matosinhos, EPE","41.1794456, -8.6745115",1814,2381,76.2
2014-09,Região de Saúde do Alentejo,"Hospital Espírito Santo de Évora, EPE","38.5684861, -7.9032848",1776,2323,76.5
2014-09,Região de Saúde do Algarve,"Centro Hospitalar Universitário do Algarve, EPE","37.0238973, -7.9281554",1414,1917,73.8
2014-09,Região de Saúde do Centro,"Centro Hospitalar de Leiria, EPE","39.7414812, -8.7982706",2935,3874,75.8
2014-09,Região de Saúde do Centro,Hospital Arcebispo João Crisóstomo,"40.3470015, -8.5933462",467,467,100.0
2014-09,Região de Saúde do Centro,Hospital José Luciano de Castro,"40.4422767, -8.4438729",302,302,100.0
2014-09,Região de Saúde LVT,"Centro Hospitalar Universitário Lisboa Central, EPE","38.7166948, -9.1371248",4178,5104,81.9
2014-09,Região de Saúde LVT,"Instituto Português Oncologia de Lisboa, EPE","38.7396768, -9.1634516",82,336,24.4
2014-09,Região de Saúde Norte,"Unidade Local de Saúde do Alto Minho, EPE","41.7056054, -8.8252713",2161,2664,81.1
2014-10,Região de Saúde do Centro,"Centro Hospitalar Tondela-Viseu, EPE","40.516364, -8.0827433",3656,4011,91.1
2014-10,Região de Saúde do Centro,"Instituto Português Oncologia de Coimbra, EPE","40.2162514, -8.4103814",37,260,14.2
2014-10,Região de Saúde do Centro,"Unidade Local de Saúde de Castelo Branco, EPE","39.8212263, -7.4981271",564,804,70.1
2014-10,Região de Saúde LVT,"Centro Hospitalar Universitário Lisboa Central, EPE","38.7166948, -9.1371248",4706,5744,81.9
2014-10,Região de Saúde LVT,Centro Hospitalar do Oeste,"39.4054629, -9.1258493",1069,1537,69.6
2014-10,Região de Saúde LVT,"Hospital de Vila Franca de Xira, PPP","38.977235, -8.984506",2410,2766,87.1
2014-10,Região de Saúde Norte,"Centro Hospitalar do Médio Ave, EPE","41.3423984, -8.4802503",1193,1613,74.0
2014-10,Região de Saúde Norte,"Centro Hospitalar Universitário do Porto, EPE","41.1472498, -8.6172617",5395,6580,82.0
2014-10,Região de Saúde Norte,"Centro Hospitalar Entre Douro e Vouga, EPE","40.9293884, -8.5458794",3832,4768,80.4
2014-10,Região de Saúde Norte,"Instituto Português Oncologia do Porto, EPE","41.1785642, -8.6062881",825,965,85.5
2014-11,Região de Saúde do Centro,"Hospital Distrital da Figueira da Foz, EPE","40.117897, -8.8586755",1274,1790,71.2
2014-11,Região de Saúde do Centro,Hospital Dr. Francisco Zagalo,"40.8571967, -8.6318023",448,528,84.8
2014-11,Região de Saúde LVT,"Hospital de Loures, PPP","38.821455, -9.176296",3028,3528,85.8
2014-11,Região de Saúde LVT,"Hospital de Vila Franca de Xira, PPP","38.977235, -8.984506",2742,3143,87.2
2014-11,Região de Saúde Norte,"Centro Hospitalar Universitário de São João, EPE","41.1831056, -8.6010558",5320,6997,76.0
2014-11,Região de Saúde Norte,"Centro Hospitalar do Médio Ave, EPE","41.3423984, -8.4802503",1328,1788,74.3
2014-11,Região de Saúde Norte,"Centro Hospitalar Universitário do Porto, EPE","41.1472498, -8.6172617",5954,7314,81.4
2014-11,Região de Saúde Norte,"Instituto Português Oncologia do Porto, EPE","41.1785642, -8.6062881",915,1066,85.8
2014-12,Região de Saúde do Alentejo,"Unidade Local de Saúde do Baixo Alentejo, EPE","38.014123, -7.8721227",1267,1497,84.6
2014-12,Região de Saúde do Centro,"Centro Hospitalar Tondela-Viseu, EPE","40.516364, -8.0827433",4481,4914,91.2
2014-12,Região de Saúde do Centro,"Hospital Distrital da Figueira da Foz, EPE","40.117897, -8.8586755",1376,1941,70.9
2014-12,Região de Saúde do Centro,Hospital Dr. Francisco Zagalo,"40.8571967, -8.6318023",499,588,84.9
2014-12,Região de Saúde LVT,"Centro Hospitalar de Lisboa Ocidental, EPE","38.708454, -9.216985",2352,2958,79.5
2014-12,Região de Saúde LVT,"Hospital de Cascais, PPP","38.729006, -9.418267",2096,2388,87.8
2014-12,Região de Saúde Norte,"Centro Hospitalar Universitário de São João, EPE","41.1831056, -8.6010558",5819,7551,77.1
2014-12,Região de Saúde Norte,"Unidade Local de Saúde de Matosinhos, EPE","41.1794456, -8.6745115",2828,3680,76.8
2014-12,Região de Saúde Norte,"Unidade Local de Saúde do Alto Minho, EPE","41.7056054, -8.8252713",3020,3703,81.6
2015-01,Região de Saúde do Centro,"Centro Hospitalar de Leiria, EPE","39.7414812, -8.7982706",367,482,76.1
2015-01,Região de Saúde do Centro,Hospital Arcebispo João Crisóstomo,"40.3470015, -8.5933462",50,50,100.0
2015-01,Região de Saúde do Centro,"Unidade Local de Saúde de Castelo Branco, EPE","39.8212263, -7.4981271",68,102,66.7
2015-01,Região de Saúde LVT,"Centro Hospitalar Universitário Lisboa Central, EPE","38.7166948, -9.1371248",720,882,81.6
2015-01,Região de Saúde LVT,Centro Hospitalar do Oeste,"39.4054629, -9.1258493",116,173,67.1
2015-01,Região de Saúde LVT,"Centro Hospitalar Médio Tejo, EPE","39.478072, -8.5404429",148,200,74.0
2015-01,Região de Saúde LVT,Centro Hospitalar Psiquiátrico de Lisboa,"38.7569771, -9.1460705",0,0,
2015-01,Região de Saúde LVT,"Hospital Professor Doutor Fernando Fonseca, EPE","38.7422257, -9.2264834",74,159,46.5
2015-01,Região de Saúde LVT,"Hospital Garcia de Orta, EPE","38.6658713, -9.1822554",207,240,86.2
2015-01,Região de Saúde Norte,"Centro Hospitalar do Médio Ave, EPE","41.3423984, -8.4802503",148,206,71.8
2015-01,Região de Saúde Norte,"Centro Hospitalar Universitário do Porto, EPE","41.1472498, -8.6172617",667,894,74.6
2015-01,Região de Saúde Norte,"Centro Hospitalar Tâmega e Sousa, EPE","41.2494561, -8.264901",362,483,74.9
2015-02,Região de Saúde do Algarve,"Centro Hospitalar Universitário do Algarve, EPE","37.0238973, -7.9281554",496,600,82.7
2015-02,Região de Saúde do Centro,"Centro Hospitalar Universitário Cova da Beira, EPE","40.2804158, -7.4922407",158,252,62.7
2015-02,Região de Saúde do Centro,Centro Medicina de Reabilitação da Região Centro Rovisco Pais,"40.297919, -8.7707806",0,0,
2015-02,Região de Saúde LVT,"Centro Hospitalar de Lisboa Ocidental, EPE","38.708454, -9.216985",487,642,75.9
2015-02,Região de Saúde LVT,"Centro Hospitalar Universitário de Lisboa Norte, EPE","38.7500861, -9.1616116",716,1005,71.2
2015-02,Região de Saúde Norte,"Hospital Santa Maria Maior, EPE","41.5324234, -8.6171561",222,264,84.1
2015-02,Região de Saúde Norte,"Unidade Local de Saúde do Alto Minho, EPE","41.7056054, -8.8252713",647,801,80.8
2015-03,Região de Saúde do Centro,"Centro Hospitalar do Baixo Vouga, EPE","40.6362453, -8.6543716",977,1252,78.0
2015-03,Região de Saúde do Centro,Centro Medicina de Reabilitação da Região Centro Rovisco Pais,"40.297919, -8.7707806",0,0,
2015-03,Região de Saúde do Centro,"Hospital Distrital da Figueira da Foz, EPE","40.117897, -8.8586755",428,576,74.3
2015-03,Região de Saúde do Centro,"Instituto Português Oncologia de Coimbra, EPE","40.2162514, -8.4103814",22,107,20.6
2015-03,Região de Saúde LVT,"Centro Hospitalar de Lisboa Ocidental, EPE","38.708454, -9.216985",759,981,77.4
2015-03,Região de Saúde LVT,"Hospital de Vila Franca de Xira, PPP","38.977235, -8.984506",989,1173,84.3
2015-03,Região de Saúde Norte,"Centro Hospitalar Vila Nova de Gaia/Espinho, EPE","41.1094138, -8.5972617",1827,2185,83.6
2015-03,Região de Saúde Norte,"Hospital de Magalhães Lemos, EPE","41.1764649, -8.6649823",0,0,
2015-04,Região de Saúde do Centro,"Centro Hospitalar Universitário Cova da Beira, EPE","40.2804158, -7.4922407",307,505,60.8
2015-04,Região de Saúde do Centro,Centro Medicina de Reabilitação da Região Centro Rovisco Pais,"40.297919, -8.7707806",0,0,
2015-04,Região de Saúde do Centro,Hospital Dr. Francisco Zagalo,"40.8571967, -8.6318023",260,296,87.8
2015-04,Região de Saúde LVT,"Centro Hospitalar Barreiro/Montijo, EPE","38.6554005, -9.0592392",624,824,75.7
2015-04,Região de Saúde LVT,"Centro Hospitalar Universitário Lisboa Central, EPE","38.7166948, -9.1371248",3114,3653,85.2
2015-04,Região de Saúde LVT,Centro Hospitalar Psiquiátrico de Lisboa,"38.7569771, -9.1460705",0,0,
2015-04,Região de Saúde Norte,"Centro Hospitalar Entre Douro e Vouga, EPE","40.9293884, -8.5458794",1652,2033,81.3
2015-04,Região de Saúde Norte,"Centro Hospitalar Póvoa de Varzim/Vila do Conde, EPE","41.3828711, -8.7589945",284,482,58.9
2015-04,Região de Saúde Norte,"Hospital de Magalhães Lemos, EPE","41.1764649, -8.6649823",0,0,
2015-04,Região de Saúde Norte,"Hospital Santa Maria Maior, EPE","41.5324234, -8.6171561",463,567,81.7
2015-04,Região de Saúde Norte,"Unidade Local de Saúde do Alto Minho, EPE","41.7056054, -8.8252713",1382,1713,80.7
2015-04,Região de Saúde Norte,"Unidade Local de Saúde do Nordeste, EPE","41.8056532, -6.7888197",862,1054,81.8
2015-05,Região de Saúde do Centro,"Centro Hospitalar do Baixo Vouga, EPE","40.6362453, -8.6543716",1668,2097,79.5
2015-05,Região de Saúde do Centro,Hospital Dr. Francisco Zagalo,"40.8571967, -8.6318023",325,371,87.6
2015-05,Região de Saúde LVT,"Centro Hospitalar Universitário de Lisboa Norte, EPE","38.7500861, -9.1616116",1950,2664,73.2
2015-05,Região de Saúde LVT,Centro Hospitalar Psiquiátrico de Lisboa,"38.7569771, -9.1460705",0,0,
2015-05,Região de Saúde LVT,"Hospital de Cascais, PPP","38.729006, -9.418267",894,1053,84.9
2015-05,Região de Saúde LVT,"Hospital de Loures, PPP","38.821455, -9.176296",1844,2172,84.9
2015-05,Região de Saúde LVT,"Hospital de Vila Franca de Xira, PPP","38.977235, -8.984506",1601,1902,84.2
2015-05,Região de Saúde Norte,"Centro Hospitalar Universitário do Porto, EPE","41.1472498, -8.6172617",3256,4250,76.6
2015-05,Região de Saúde Norte,"Unidade Local de Saúde de Matosinhos, EPE","41.1794456, -8.6745115",1807,2286,79.0
2015-06,Região de Saúde do Alentejo,"Unidade Local de Saúde do Baixo Alentejo, EPE","38.014123, -7.8721227",811,1018,79.7
2015-06,Região de Saúde do Centro,"Hospital Distrital da Figueira da Foz, EPE","40.117897, -8.8586755",905,1203,75.2
2015-06,Região de Saúde LVT,"Centro Hospitalar de Lisboa Ocidental, EPE","38.708454, -9.216985",1466,1884,77.8
2015-06,Região de Saúde LVT,"Centro Hospitalar Universitário de Lisboa Norte, EPE","38.7500861, -9.1616116",2305,3138,73.5
2015-06,Região de Saúde LVT,"Hospital de Cascais, PPP","38.729006, -9.418267",1060,1246,85.1
2015-06,Região de Saúde LVT,"Hospital de Vila Franca de Xira, PPP","38.977235, -8.984506",1925,2291,84.0
2015-06,Região de Saúde LVT,"Hospital Distrital de Santarém, EPE","39.2410946, -8.6937515",1005,1118,89.9
2015-06,Região de Saúde LVT,"Hospital Professor Doutor Fernando Fonseca, EPE","38.7422257, -9.2264834",1129,1899,59.5
2015-06,Região de Saúde LVT,Instituto Gama Pinto,"38.7218793, -9.144249",1386,1386,100.0
2015-06,Região de Saúde Norte,"Centro Hospitalar do Médio Ave, EPE","41.3423984, -8.4802503",1039,1467,70.8
2015-06,Região de Saúde Norte,"Unidade Local de Saúde do Alto Minho, EPE","41.7056054, -8.8252713",2052,2547,80.6
2015-07,Região de Saúde do Centro,"Centro Hospitalar e Universitário de Coimbra, EPE","40.2191523, -8.4098211",5283,6862,77.0
2015-07,Região de Saúde LVT,"Centro Hospitalar de Setúbal, EPE","38.5283754, -8.8818638",1744,2051,85.0
2015-07,Região de Saúde LVT,"Hospital de Cascais, PPP","38.729006, -9.418267",1243,1467,84.7
2015-07,Região de Saúde LVT,"Hospital de Vila Franca de Xira, PPP","38.977235, -8.984506",2240,2702,82.9
2015-07,Região de Saúde LVT,"Hospital Professor Doutor Fernando Fonseca, EPE","38.7422257, -9.2264834",1460,2471,59.1
2015-07,Região de Saúde LVT,"Hospital Garcia de Orta, EPE","38.6658713, -9.1822554",1697,2054,82.6
2015-07,Região de Saúde LVT,"Instituto Português Oncologia de Lisboa, EPE","38.7396768, -9.1634516",553,731,75.6
2015-07,Região de Saúde Norte,"Centro Hospitalar do Médio Ave, EPE","41.3423984, -8.4802503",1252,1761,71.1
2015-07,Região de Saúde Norte,"Centro Hospitalar Trás-os-Montes e Alto Douro, EPE","41.3031784, -7.7515252",2389,2747,87.0
2015-07,Região de Saúde Norte,"Hospital da Senhora da Oliveira, Guimarães, EPE","41.4387173, -8.3086907",1972,2743,71.9
2015-07,Região de Saúde Norte,"Hospital de Braga, PPP","41.56785, -8.398982",4063,4959,81.9
2015-07,Região de Saúde Norte,"Hospital Santa Maria Maior, EPE","41.5324234, -8.6171561",797,989,80.6
2015-07,Região de Saúde Norte,"Unidade Local de Saúde do Nordeste, EPE","41.8056532, -6.7888197",1527,1832,83.4
2015-08,Região de Saúde do Alentejo,"Hospital Espírito Santo de Évora, EPE","38.5684861, -7.9032848",1591,2182,72.9
2015-08,Região de Saúde do Centro,"Centro Hospitalar Universitário Cova da Beira, EPE","40.2804158, -7.4922407",566,933,60.7
2015-08,Região de Saúde do Centro,"Centro Hospitalar do Baixo Vouga, EPE","40.6362453, -8.6543716",2511,3147,79.8
2015-08,Região de Saúde do Centro,Hospital Arcebispo João Crisóstomo,"40.3470015, -8.5933462",539,539,100.0
2015-08,Região de Saúde do Centro,"Instituto Português Oncologia de Coimbra, EPE","40.2162514, -8.4103814",49,247,19.8
2015-08,Região de Saúde do Centro,"Unidade Local de Saúde de Castelo Branco, EPE","39.8212263, -7.4981271",567,918,61.8
2015-08,Região de Saúde LVT,"Centro Hospitalar Universitário de Lisboa Norte, EPE","38.7500861, -9.1616116",2936,3994,73.5
2015-08,Região de Saúde LVT,"Hospital Garcia de Orta, EPE","38.6658713, -9.1822554",1897,2283,83.1
2015-08,Região de Saúde LVT,Instituto Gama Pinto,"38.7218793, -9.144249",1734,1734,100.0
2015-08,Região de Saúde Norte,"Hospital da Senhora da Oliveira, Guimarães, EPE","41.4387173, -8.3086907",2119,2950,71.8
2015-08,Região de Saúde Norte,"Hospital Santa Maria Maior, EPE","41.5324234, -8.6171561",939,1138,82.5
2015-09,Região de Saúde LVT,"Centro Hospitalar Barreiro/Montijo, EPE","38.6554005, -9.0592392",1253,1631,76.8
2015-09,Região de Saúde LVT,"Centro Hospitalar Universitário Lisboa Central, EPE","38.7166948, -9.1371248",6154,7229,85.1
2015-09,Região de Saúde LVT,"Centro Hospitalar de Setúbal, EPE","38.5283754, -8.8818638",2095,2473,84.7
2015-09,Região de Saúde LVT,"Centro Hospitalar Médio Tejo, EPE","39.478072, -8.5404429",1737,2304,75.4
2015-09,Região de Saúde LVT,"Hospital de Loures, PPP","38.821455, -9.176296",3294,3901,84.4
2015-09,Região de Saúde LVT,"Hospital de Vila Franca de Xira, PPP","38.977235, -8.984506",2896,3495,82.9
2015-09,Região de Saúde LVT,"Hospital Garcia de Orta, EPE","38.6658713, -9.1822554",2167,2609,83.1
2015-09,Região de Saúde LVT,"Instituto Português Oncologia de Lisboa, EPE","38.7396768, -9.1634516",699,946,73.9
2015-09,Região de Saúde Norte,"Centro Hospitalar Universitário do Porto, EPE","41.1472498, -8.6172617",5425,6998,77.5
2015-09,Região de Saúde Norte,"Centro Hospitalar Entre Douro e Vouga, EPE","40.9293884, -8.5458794",3522,4644,75.8
2015-09,Região de Saúde Norte,"Centro Hospitalar Póvoa de Varzim/Vila do Conde, EPE","41.3828711, -8.7589945",625,1144,54.6
2015-09,Região de Saúde Norte,"Centro Hospitalar Tâmega e Sousa, EPE","41.2494561, -8.264901",3531,4604,76.7
2015-10,Região de Saúde do Alentejo,"Unidade Local de Saúde do Litoral Alentejano, EPE","38.0162314, -8.6956768",394,605,65.1
2015-10,Região de Saúde do Alentejo,"Unidade Local de Saúde do Norte Alentejano, EPE","39.3003425, -7.4263845",1230,1622,75.8
2015-10,Região de Saúde do Centro,"Centro Hospitalar de Leiria, EPE","39.7414812, -8.7982706",3250,4543,71.5
2015-10,Região de Saúde do Centro,"Unidade Local de Saúde da Guarda, EPE","40.5309916, -7.2734793",961,1251,76.8
2015-10,Região de Saúde do Centro,"Unidade Local de Saúde de Castelo Branco, EPE","39.8212263, -7.4981271",720,1146,62.8
2015-10,Região de Saúde LVT,"Centro Hospitalar Universitário Lisboa Central, EPE","38.7166948, -9.1371248",6924,8137,85.1
2015-10,Região de Saúde LVT,"Centro Hospitalar Universitário de Lisboa Norte, EPE","38.7500861, -9.1616116",3746,5084,73.7
2015-10,Região de Saúde LVT,"Hospital Garcia de Orta, EPE","38.6658713, -9.1822554",2484,2999,82.8
2015-10,Região de Saúde Norte,"Hospital de Braga, PPP","41.56785, -8.398982",5873,7120,82.5
2015-11,Região de Saúde do Centro,"Centro Hospitalar Universitário Cova da Beira, EPE","40.2804158, -7.4922407",781,1297,60.2
2015-11,Região de Saúde do Centro,"Centro Hospitalar de Leiria, EPE","39.7414812, -8.7982706",3592,4999,71.9
2015-11,Região de Saúde do Centro,Hospital Arcebispo João Crisóstomo,"40.3470015, -8.5933462",709,709,100.0
2015-11,Região de Saúde do Centro,"Hospital Distrital da Figueira da Foz, EPE","40.117897, -8.8586755",1729,2403,72.0
2015-11,Região de Saúde do Centro,"Instituto Português Oncologia de Coimbra, EPE","40.2162514, -8.4103814",69,270,25.6
2015-11,Região de Saúde LVT,"Centro Hospitalar Médio Tejo, EPE","39.478072, -8.5404429",2332,3013,77.4
2015-11,Região de Saúde LVT,Centro Hospitalar Psiquiátrico de Lisboa,"38.7569771, -9.1460705",0,0,
2015-11,Região de Saúde Norte,"Centro Hospitalar Póvoa de Varzim/Vila do Conde, EPE","41.3828711, -8.7589945",983,1692,58.1
2015-11,Região de Saúde Norte,"Hospital Santa Maria Maior, EPE","41.5324234, -8.6171561",1902,2214,85.9
2015-11,Região de Saúde Norte,"Unidade Local de Saúde do Alto Minho, EPE","41.7056054, -8.8252713",3694,4563,81.0
2015-12,Região de Saúde do Alentejo,"Unidade Local de Saúde do Norte Alentejano, EPE","39.3003425, -7.4263845",1522,1981,76.8
2015-12,Região de Saúde do Centro,Centro Medicina de Reabilitação da Região Centro Rovisco Pais,"40.297919, -8.7707806",0,0,
2015-12,Região de Saúde do Centro,"Instituto Português Oncologia de Coimbra, EPE","40.2162514, -8.4103814",70,273,25.6
2015-12,Região de Saúde do Centro,"Unidade Local de Saúde da Guarda, EPE","40.5309916, -7.2734793",1248,1603,77.9
2015-12,Região de Saúde LVT,"Centro Hospitalar de Lisboa Ocidental, EPE","38.708454, -9.216985",2782,3564,78.1
2015-12,Região de Saúde LVT,"Hospital Garcia de Orta, EPE","38.6658713, -9.1822554",3069,3689,83.2
2015-12,Região de Saúde LVT,"Instituto Português Oncologia de Lisboa, EPE","38.7396768, -9.1634516",942,1322,71.3
2015-12,Região de Saúde Norte,"Centro Hospitalar Universitário de São João, EPE","41.1831056, -8.6010558",6833,8730,78.3
2015-12,Região de Saúde Norte,"Centro Hospitalar do Médio Ave, EPE","41.3423984, -8.4802503",2060,2787,73.9
2015-12,Região de Saúde Norte,"Centro Hospitalar Póvoa de Varzim/Vila do Conde, EPE","41.3828711, -8.7589945",1128,1910,59.1
2015-12,Região de Saúde Norte,"Centro Hospitalar Trás-os-Montes e Alto Douro, EPE","41.3031784, -7.7515252",3879,4526,85.7
2015-12,Região de Saúde Norte,"Hospital Santa Maria Maior, EPE","41.5324234, -8.6171561",2006,2352,85.3
2015-12,Região de Saúde Norte,"Instituto Português Oncologia do Porto, EPE","41.1785642, -8.6062881",1188,1419,83.7
2015-12,Região de Saúde Norte,"Unidade Local de Saúde de Matosinhos, EPE","41.1794456, -8.6745115",4418,5471,80.8
2016-01,Região de Saúde do Alentejo,"Unidade Local de Saúde do Norte Alentejano, EPE","39.3003425, -7.4263845",131,157,83.4
2016-01,Região de Saúde do Centro,"Centro Hospitalar do Baixo Vouga, EPE","40.6362453, -8.6543716",268,349,76.8
2016-01,Região de Saúde do Centro,"Centro Hospitalar Tondela-Viseu, EPE","40.516364, -8.0827433",428,465,92.0
2016-01,Região de Saúde do Centro,Hospital Arcebispo João Crisóstomo,"40.3470015, -8.5933462",64,64,100.0
2016-01,Região de Saúde do Centro,"Hospital Distrital da Figueira da Foz, EPE","40.117897, -8.8586755",151,223,67.7
2016-01,Região de Saúde do Centro,"Instituto Português Oncologia de Coimbra, EPE","40.2162514, -8.4103814",8,26,30.8
2016-01,Região de Saúde LVT,"Centro Hospitalar Barreiro/Montijo, EPE","38.6554005, -9.0592392",135,173,78.0
2016-01,Região de Saúde LVT,"Centro Hospitalar Médio Tejo, EPE","39.478072, -8.5404429",155,208,74.5
2016-01,Região de Saúde LVT,Centro Hospitalar Psiquiátrico de Lisboa,"38.7569771, -9.1460705",0,0,
2016-01,Região de Saúde LVT,"Hospital de Cascais, PPP","38.729006, -9.418267",229,256,89.5
2016-01,Região de Saúde LVT,"Hospital de Loures, PPP","38.821455, -9.176296",292,353,82.7
2016-01,Região de Saúde LVT,"Hospital de Vila Franca de Xira, PPP","38.977235, -8.984506",274,326,84.0
2016-01,Região de Saúde LVT,"Hospital Garcia de Orta, EPE","38.6658713, -9.1822554",317,337,94.1
2016-01,Região de Saúde Norte,"Centro Hospitalar do Médio Ave, EPE","41.3423984, -8.4802503",180,244,73.8
2016-02,Região de Saúde do Algarve,"Centro Hospitalar Universitário do Algarve, EPE","37.0238973, -7.9281554",419,502,83.5
2016-02,Região de Saúde do Centro,"Centro Hospitalar Universitário Cova da Beira, EPE","40.2804158, -7.4922407",158,274,57.7
2016-02,Região de Saúde do Centro,"Centro Hospitalar Tondela-Viseu, EPE","40.516364, -8.0827433",912,985,92.6
2016-02,Região de Saúde do Centro,Hospital Dr. Francisco Zagalo,"40.8571967, -8.6318023",112,125,89.6
2016-02,Região de Saúde LVT,"Centro Hospitalar Médio Tejo, EPE","39.478072, -8.5404429",373,478,78.0
2016-02,Região de Saúde LVT,Centro Hospitalar Psiquiátrico de Lisboa,"38.7569771, -9.1460705",0,0,
2016-02,Região de Saúde LVT,"Instituto Português Oncologia de Lisboa, EPE","38.7396768, -9.1634516",211,267,79.0
2016-02,Região de Saúde Norte,"Hospital da Senhora da Oliveira, Guimarães, EPE","41.4387173, -8.3086907",513,683,75.1
2016-02,Região de Saúde Norte,"Hospital de Magalhães Lemos, EPE","41.1764649, -8.6649823",0,0,
2016-02,Região de Saúde Norte,"Hospital Santa Maria Maior, EPE","41.5324234, -8.6171561",265,320,82.8
2016-02,Região de Saúde Norte,"Instituto Português Oncologia do Porto, EPE","41.1785642, -8.6062881",207,241,85.9
2016-03,Região de Saúde do Alentejo,"Hospital Espírito Santo de Évora, EPE","38.5684861, -7.9032848",578,780,74.1
2016-03,Região de Saúde do Alentejo,"Unidade Local de Saúde do Baixo Alentejo, EPE","38.014123, -7.8721227",401,512,78.3
2016-03,Região de Saúde do Centro,"Unidade Local de Saúde de Castelo Branco, EPE","39.8212263, -7.4981271",206,328,62.8
2016-03,Região de Saúde LVT,"Centro Hospitalar Barreiro/Montijo, EPE","38.6554005, -9.0592392",446,571,78.1
2016-03,Região de Saúde Norte,"Centro Hospitalar do Médio Ave, EPE","41.3423984, -8.4802503",515,696,74.0
2016-03,Região de Saúde Norte,"Centro Hospitalar Universitário do Porto, EPE","41.1472498, -8.6172617",2058,2551,80.7
2016-03,Região de Saúde Norte,"Centro Hospitalar Trás-os-Montes e Alto Douro, EPE","41.3031784, -7.7515252",1290,1493,86.4
2016-03,Região de Saúde Norte,"Hospital de Braga, PPP","41.56785, -8.398982",1507,1852,81.4
2016-03,Região de Saúde Norte,"Unidade Local de Saúde do Nordeste, EPE","41.8056532, -6.7888197",476,591,80.5
2016-04,Região de Saúde do Alentejo,"Unidade Local de Saúde do Baixo Alentejo, EPE","38.014123, -7.8721227",537,678,79.2
2016-04,Região de Saúde do Alentejo,"Unidade Local de Saúde do Litoral Alentejano, EPE","38.0162314, -8.6956768",402,499,80.6
2016-04,Região de Saúde do Algarve,"Centro Hospitalar Universitário do Algarve, EPE","37.0238973, -7.9281554",794,964,82.4
2016-04,Região de Saúde do Centro,"Centro Hospitalar do Baixo Vouga, EPE","40.6362453, -8.6543716",1178,1451,81.2
2016-04,Região de Saúde do Centro,"Centro Hospitalar e Universitário de Coimbra, EPE","40.2191523, -8.4098211",3195,4118,77.6
2016-04,Região de Saúde do Centro,Centro Medicina de Reabilitação da Região Centro Rovisco Pais,"40.297919, -8.7707806",0,0,
2016-04,Região de Saúde do Centro,Hospital Arcebispo João Crisóstomo,"40.3470015, -8.5933462",274,274,100.0
2016-04,Região de Saúde do Centro,Hospital Dr. Francisco Zagalo,"40.8571967, -8.6318023",246,277,88.8
2016-04,Região de Saúde LVT,"Centro Hospitalar Barreiro/Montijo, EPE","38.6554005, -9.0592392",590,801,73.7
2016-04,Região de Saúde LVT,"Centro Hospitalar Universitário Lisboa Central, EPE","38.7166948, -9.1371248",2630,3107,84.6
2016-04,Região de Saúde LVT,"Centro Hospitalar de Lisboa Ocidental, EPE","38.708454, -9.216985",941,1216,77.4
2016-04,Região de Saúde LVT,Centro Hospitalar do Oeste,"39.4054629, -9.1258493",459,614,74.8
2016-04,Região de Saúde LVT,"Instituto Português Oncologia de Lisboa, EPE","38.7396768, -9.1634516",392,517,75.8
2016-04,Região de Saúde Norte,"Centro Hospitalar Universitário de São João, EPE","41.1831056, -8.6010558",2411,3273,73.7
2016-04,Região de Saúde Norte,"Centro Hospitalar Póvoa de Varzim/Vila do Conde, EPE","41.3828711, -8.7589945",375,561,66.8
2016-04,Região de Saúde Norte,"Centro Hospitalar Vila Nova de Gaia/Espinho, EPE","41.1094138, -8.5972617",2360,3007,78.5
2016-04,Região de Saúde Norte,"Unidade Local de Saúde do Nordeste, EPE","41.8056532, -6.7888197",671,829,80.9
2016-05,Região de Saúde do Alentejo,"Hospital Espírito Santo de Évora, EPE","38.5684861, -7.9032848",1006,1356,74.2
2016-05,Região de Saúde do Centro,"Centro Hospitalar do Baixo Vouga, EPE","40.6362453, -8.6543716",1443,1791,80.6
2016-05,Região de Saúde do Centro,"Centro Hospitalar Tondela-Viseu, EPE","40.516364, -8.0827433",2386,2629,90.8
2016-05,Região de Saúde do Centro,"Unidade Local de Saúde da Guarda, EPE","40.5309916, -7.2734793",736,901,81.7
2016-05,Região de Saúde do Centro,"Unidade Local de Saúde de Castelo Branco, EPE","39.8212263, -7.4981271",412,611,67.4
2016-05,Região de Saúde LVT,"Centro Hospitalar Barreiro/Montijo, EPE","38.6554005, -9.0592392",757,1024,73.9
2016-05,Região de Saúde LVT,"Centro Hospitalar de Lisboa Ocidental, EPE","38.708454, -9.216985",1199,1544,77.7
2016-05,Região de Saúde LVT,"Centro Hospitalar Universitário de Lisboa Norte, EPE","38.7500861, -9.1616116",2158,2908,74.2
2016-05,Região de Saúde LVT,"Hospital de Loures, PPP","38.821455, -9.176296",1555,1839,84.6
2016-05,Região de Saúde LVT,"Hospital Distrital de Santarém, EPE","39.2410946, -8.6937515",808,894,90.4
2016-05,Região de Saúde LVT,"Instituto Português Oncologia de Lisboa, EPE","38.7396768, -9.1634516",475,632,75.2
2016-05,Região de Saúde Norte,"Instituto Português Oncologia do Porto, EPE","41.1785642, -8.6062881",509,609,83.6
2016-06,Região de Saúde do Centro,"Centro Hospitalar Universitário Cova da Beira, EPE","40.2804158, -7.4922407",550,882,62.4
2016-06,Região de Saúde do Centro,"Centro Hospitalar Tondela-Viseu, EPE","40.516364, -8.0827433",2880,3187,90.4
2016-06,Região de Saúde do Centro,Centro Medicina de Reabilitação da Região Centro Rovisco Pais,"40.297919, -8.7707806",0,0,
2016-06,Região de Saúde do Centro,Hospital Arcebispo João Crisóstomo,"40.3470015, -8.5933462",395,395,100.0
2016-06,Região de Saúde LVT,"Centro Hospitalar Universitário de Lisboa Norte, EPE","38.7500861, -9.1616116",2540,3409,74.5
2016-06,Região de Saúde LVT,"Hospital de Cascais, PPP","38.729006, -9.418267",1489,1680,88.6
2016-07,Região de Saúde do Alentejo,"Hospital Espírito Santo de Évora, EPE","38.5684861, -7.9032848",1364,1868,73.0
2016-07,Região de Saúde do Alentejo,"Unidade Local de Saúde do Litoral Alentejano, EPE","38.0162314, -8.6956768",762,924,82.5
2016-07,Região de Saúde do Centro,"Centro Hospitalar do Baixo Vouga, EPE","40.6362453, -8.6543716",2062,2542,81.1
2016-07,Região de Saúde do Centro,Centro Medicina de Reabilitação da Região Centro Rovisco Pais,"40.297919, -8.7707806",0,0,
2016-07,Região de Saúde do Centro,"Hospital Distrital da Figueira da Foz, EPE","40.117897, -8.8586755",1180,1620,72.8
2016-07,Região de Saúde do Centro,Hospital Dr. Francisco Zagalo,"40.8571967, -8.6318023",468,518,90.3
2016-07,Região de Saúde LVT,"Centro Hospitalar Barreiro/Montijo, EPE","38.6554005, -9.0592392",1030,1398,73.7
2016-07,Região de Saúde LVT,"Hospital Garcia de Orta, EPE","38.6658713, -9.1822554",2403,2735,87.9
2016-07,Região de Saúde LVT,"Instituto Português Oncologia de Lisboa, EPE","38.7396768, -9.1634516",608,834,72.9
2016-07,Região de Saúde Norte,"Centro Hospitalar do Médio Ave, EPE","41.3423984, -8.4802503",1343,1719,78.1
2016-07,Região de Saúde Norte,"Centro Hospitalar Entre Douro e Vouga, EPE","40.9293884, -8.5458794",2645,3341,79.2
2016-07,Região de Saúde Norte,"Centro Hospitalar Tâmega e Sousa, EPE","41.2494561, -8.264901",3300,3954,83.5
2016-07,Região de Saúde Norte,"Instituto Português Oncologia do Porto, EPE","41.1785642, -8.6062881",703,836,84.1
2016-08,Região de Saúde LVT,"Centro Hospitalar de Lisboa Ocidental, EPE","38.708454, -9.216985",1782,2291,77.8
2016-08,Região de Saúde LVT,Instituto Gama Pinto,"38.7218793, -9.144249",1747,1747,100.0
2016-08,Região de Saúde LVT,"Instituto Português Oncologia de Lisboa, EPE","38.7396768, -9.1634516",660,906,72.8
2016-08,Região de Saúde Norte,"Centro Hospitalar Tâmega e Sousa, EPE","41.2494561, -8.264901",3647,4381,83.2
2016-08,Região de Saúde Norte,"Centro Hospitalar Vila Nova de Gaia/Espinho, EPE","41.1094138, -8.5972617",4716,5992,78.7
2016-08,Região de Saúde Norte,"Unidade Local de Saúde do Nordeste, EPE","41.8056532, -6.7888197",1337,1637,81.7
2016-09,Região de Saúde do Alentejo,"Unidade Local de Saúde do Norte Alentejano, EPE","39.3003425, -7.4263845",1145,1393,82.2
2016-09,Região de Saúde do Centro,"Centro Hospitalar Tondela-Viseu, EPE","40.516364, -8.0827433",3897,4322,90.2
2016-09,Região de Saúde do Centro,Hospital Dr. Francisco Zagalo,"40.8571967, -8.6318023",572,633,90.4
2016-09,Região de Saúde LVT,"Centro Hospitalar Barreiro/Montijo, EPE","38.6554005, -9.0592392",1186,1630,72.8
2016-09,Região de Saúde LVT,"Centro Hospitalar de Setúbal, EPE","38.5283754, -8.8818638",2184,2609,83.7
2016-09,Região de Saúde LVT,Instituto Gama Pinto,"38.7218793, -9.144249",2022,2022,100.0
2016-09,Região de Saúde Norte,"Centro Hospitalar Trás-os-Montes e Alto Douro, EPE","41.3031784, -7.7515252",3143,3630,86.6
2016-09,Região de Saúde Norte,"Centro Hospitalar Vila Nova de Gaia/Espinho, EPE","41.1094138, -8.5972617",5338,6797,78.5
2016-09,Região de Saúde Norte,"Hospital da Senhora da Oliveira, Guimarães, EPE","41.4387173, -8.3086907",2314,3112,74.4
2016-09,Região de Saúde Norte,"Unidade Local de Saúde do Alto Minho, EPE","41.7056054, -8.8252713",3227,3850,83.8
2016-09,Região de Saúde Norte,"Unidade Local de Saúde do Nordeste, EPE","41.8056532, -6.7888197",1479,1805,81.9
2016-10,Região de Saúde do Centro,"Centro Hospitalar Universitário Cova da Beira, EPE","40.2804158, -7.4922407",896,1409,63.6
2016-10,Região de Saúde do Centro,"Unidade Local de Saúde da Guarda, EPE","40.5309916, -7.2734793",1321,1602,82.5
2016-10,Região de Saúde LVT,"Centro Hospitalar Barreiro/Montijo, EPE","38.6554005, -9.0592392",1318,1797,73.3
2016-10,Região de Saúde LVT,"Hospital de Cascais, PPP","38.729006, -9.418267",2301,2606,88.3
2016-10,Região de Saúde LVT,"Hospital de Vila Franca de Xira, PPP","38.977235, -8.984506",2801,3479,80.5
2016-10,Região de Saúde LVT,"Instituto Português Oncologia de Lisboa, EPE","38.7396768, -9.1634516",726,1019,71.2
2016-10,Região de Saúde Norte,"Unidade Local de Saúde de Matosinhos, EPE","41.1794456, -8.6745115",3717,4493,82.7
2016-11,Região de Saúde do Centro,"Centro Hospitalar Universitário Cova da Beira, EPE","40.2804158, -7.4922407",967,1554,62.2
2016-11,Região de Saúde LVT,"Hospital Distrital de Santarém, EPE","39.2410946, -8.6937515",2170,2349,92.4
2016-11,Região de Saúde Norte,"Centro Hospitalar Trás-os-Montes e Alto Douro, EPE","41.3031784, -7.7515252",4078,4691,86.9
2016-11,Região de Saúde Norte,"Centro Hospitalar Vila Nova de Gaia/Espinho, EPE","41.1094138, -8.5972617",6721,8493,79.1
2016-11,Região de Saúde Norte,"Hospital de Magalhães Lemos, EPE","41.1764649, -8.6649823",0,0,
2016-11,Região de Saúde Norte,"Instituto Português Oncologia do Porto, EPE","41.1785642, -8.6062881",1083,1289,84.0
2016-11,Região de Saúde Norte,"Unidade Local de Saúde de Matosinhos, EPE","41.1794456, -8.6745115",4181,5026,83.2
2016-12,Região de Saúde do Centro,"Centro Hospitalar de Leiria, EPE","39.7414812, -8.7982706",4143,5440,76.2
2016-12,Região de Saúde do Centro,Hospital Dr. Francisco Zagalo,"40.8571967, -8.6318023",759,836,90.8
2016-12,Região de Saúde LVT,"Centro Hospitalar de Setúbal, EPE","38.5283754, -8.8818638",2948,3471,84.9
2016-12,Região de Saúde LVT,Centro Hospitalar do Oeste,"39.4054629, -9.1258493",1290,1765,73.1
2016-12,Região de Saúde LVT,"Hospital de Vila Franca de Xira, PPP","38.977235, -8.984506",3410,4204,81.1
2016-12,Região de Saúde Norte,"Centro Hospitalar do Médio Ave, EPE","41.3423984, -8.4802503",2414,2986,80.8
2016-12,Região de Saúde Norte,"Centro Hospitalar Trás-os-Montes e Alto Douro, EPE","41.3031784, -7.7515252",4409,5083,86.7
2016-12,Região de Saúde Norte,"Hospital da Senhora da Oliveira, Guimarães, EPE","41.4387173, -8.3086907",3314,4315,76.8
2016-12,Região de Saúde Norte,"Hospital de Braga, PPP","41.56785, -8.398982",6595,7940,83.1
2016-12,Região de Saúde Norte,"Hospital de Magalhães Lemos, EPE","41.1764649, -8.6649823",0,0,
2016-12,Região de Saúde Norte,"Instituto Português Oncologia do Porto, EPE","41.1785642, -8.6062881",1147,1371,83.7
2017-01,Região de Saúde do Alentejo,"Unidade Local de Saúde do Baixo Alentejo, EPE","38.014123, -7.8721227",182,206,88.3
2017-01,Região de Saúde do Centro,Hospital Arcebispo João Crisóstomo,"40.3470015, -8.5933462",68,68,100.0
2017-01,Região de Saúde do Centro,"Unidade Local de Saúde de Castelo Branco, EPE","39.8212263, -7.4981271",86,123,69.9
2017-01,Região de Saúde LVT,"Centro Hospitalar Médio Tejo, EPE","39.478072, -8.5404429",266,331,80.4
2017-01,Região de Saúde LVT,"Hospital de Loures, PPP","38.821455, -9.176296",366,427,85.7
2017-01,Região de Saúde Norte,"Centro Hospitalar Entre Douro e Vouga, EPE","40.9293884, -8.5458794",552,608,90.8
2017-01,Região de Saúde Norte,"Centro Hospitalar Tâmega e Sousa, EPE","41.2494561, -8.264901",497,574,86.6
2017-01,Região de Saúde Norte,"Hospital de Braga, PPP","41.56785, -8.398982",611,701,87.2
2017-01,Região de Saúde Norte,"Hospital Santa Maria Maior, EPE","41.5324234, -8.6171561",172,207,83.1
2017-01,Região de Saúde Norte,"Unidade Local de Saúde do Alto Minho, EPE","41.7056054, -8.8252713",582,645,90.2
2017-02,Região de Saúde do Alentejo,"Hospital Espírito Santo de Évora, EPE","38.5684861, -7.9032848",549,720,76.2
2017-02,Região de Saúde do Centro,"Centro Hospitalar de Leiria, EPE","39.7414812, -8.7982706",737,910,81.0
2017-02,Região de Saúde do Centro,"Unidade Local de Saúde da Guarda, EPE","40.5309916, -7.2734793",248,307,80.8
2017-02,Região de Saúde LVT,"Centro Hospitalar Universitário Lisboa Central, EPE","38.7166948, -9.1371248",1632,1831,89.1
2017-02,Região de Saúde LVT,Centro Hospitalar do Oeste,"39.4054629, -9.1258493",196,274,71.5
2017-02,Região de Saúde LVT,Centro Hospitalar Psiquiátrico de Lisboa,"38.7569771, -9.1460705",0,0,
2017-02,Região de Saúde LVT,Instituto Gama Pinto,"38.7218793, -9.144249",607,607,100.0
2017-02,Região de Saúde Norte,"Centro Hospitalar Universitário do Porto, EPE","41.1472498, -8.6172617",1221,1582,77.2
2017-02,Região de Saúde Norte,"Centro Hospitalar Entre Douro e Vouga, EPE","40.9293884, -8.5458794",1038,1196,86.8
2017-03,Região de Saúde do Centro,"Unidade Local de Saúde de Castelo Branco, EPE","39.8212263, -7.4981271",315,438,71.9
2017-03,Região de Saúde LVT,"Hospital de Cascais, PPP","38.729006, -9.418267",698,824,84.7
2017-03,Região de Saúde LVT,"Hospital de Loures, PPP","38.821455, -9.176296",1102,1313,83.9
2017-03,Região de Saúde LVT,"Hospital Professor Doutor Fernando Fonseca, EPE","38.7422257, -9.2264834",1258,1684,74.7
2017-03,Região de Saúde LVT,Instituto Gama Pinto,"38.7218793, -9.144249",989,989,100.0
2017-03,Região de Saúde Norte,"Centro Hospitalar Universitário de São João, EPE","41.1831056, -8.6010558",1767,2307,76.6
2017-03,Região de Saúde Norte,"Centro Hospitalar Universitário do Porto, EPE","41.1472498, -8.6172617",1934,2480,78.0
2017-03,Região de Saúde Norte,"Hospital da Senhora da Oliveira, Guimarães, EPE","41.4387173, -8.3086907",948,1154,82.1
2017-04,Região de Saúde do Alentejo,"Hospital Espírito Santo de Évora, EPE","38.5684861, -7.9032848",933,1288,72.4
2017-04,Região de Saúde do Alentejo,"Unidade Local de Saúde do Litoral Alentejano, EPE","38.0162314, -8.6956768",478,570,83.9
2017-04,Região de Saúde do Centro,"Centro Hospitalar Universitário Cova da Beira, EPE","40.2804158, -7.4922407",406,591,68.7
2017-04,Região de Saúde do Centro,"Centro Hospitalar de Leiria, EPE","39.7414812, -8.7982706",1422,1804,78.8
2017-04,Região de Saúde LVT,"Centro Hospitalar Barreiro/Montijo, EPE","38.6554005, -9.0592392",617,885,69.7
2017-04,Região de Saúde LVT,"Hospital Garcia de Orta, EPE","38.6658713, -9.1822554",1448,1627,89.0
2017-04,Região de Saúde LVT,Instituto Gama Pinto,"38.7218793, -9.144249",1247,1247,100.0
2017-04,Região de Saúde LVT,"Instituto Português Oncologia de Lisboa, EPE","38.7396768, -9.1634516",48,245,19.6
2017-04,Região de Saúde Norte,"Centro Hospitalar Universitário do Porto, EPE","41.1472498, -8.6172617",2535,3228,78.5
2017-04,Região de Saúde Norte,"Centro Hospitalar Póvoa de Varzim/Vila do Conde, EPE","41.3828711, -8.7589945",498,725,68.7
2017-04,Região de Saúde Norte,"Centro Hospitalar Tâmega e Sousa, EPE","41.2494561, -8.264901",2023,2373,85.3
2017-04,Região de Saúde Norte,"Centro Hospitalar Trás-os-Montes e Alto Douro, EPE","41.3031784, -7.7515252",1845,2150,85.8
2017-04,Região de Saúde Norte,"Hospital de Magalhães Lemos, EPE","41.1764649, -8.6649823",0,0,
2017-04,Região de Saúde Norte,"Hospital Santa Maria Maior, EPE","41.5324234, -8.6171561",575,769,74.8
2017-05,Região de Saúde LVT,"Centro Hospitalar Barreiro/Montijo, EPE","38.6554005, -9.0592392",765,1083,70.6
2017-05,Região de Saúde LVT,"Centro Hospitalar Universitário Lisboa Central, EPE","38.7166948, -9.1371248",4063,4585,88.6
2017-05,Região de Saúde LVT,"Hospital de Vila Franca de Xira, PPP","38.977235, -8.984506",1299,1573,82.6
2017-05,Região de Saúde LVT,"Hospital Distrital de Santarém, EPE","39.2410946, -8.6937515",984,1096,89.8
2017-05,Região de Saúde Norte,"Centro Hospitalar Tâmega e Sousa, EPE","41.2494561, -8.264901",2473,2915,84.8
2017-05,Região de Saúde Norte,"Centro Hospitalar Trás-os-Montes e Alto Douro, EPE","41.3031784, -7.7515252",2339,2701,86.6
2017-05,Região de Saúde Norte,"Hospital de Magalhães Lemos, EPE","41.1764649, -8.6649823",0,0,
2017-06,Região de Saúde do Alentejo,"Hospital Espírito Santo de Évora, EPE","38.5684861, -7.9032848",1262,1782,70.8
2017-06,Região de Saúde do Centro,"Centro Hospitalar do Baixo Vouga, EPE","40.6362453, -8.6543716",1757,2071,84.8
2017-06,Região de Saúde do Centro,"Centro Hospitalar Tondela-Viseu, EPE","40.516364, -8.0827433",2758,2954,93.4
2017-06,Região de Saúde do Centro,"Hospital Distrital da Figueira da Foz, EPE","40.117897, -8.8586755",1155,1383,83.5
2017-06,Região de Saúde do Centro,"Instituto Português Oncologia de Coimbra, EPE","40.2162514, -8.4103814",51,241,21.2
2017-06,Região de Saúde do Centro,"Unidade Local de Saúde da Guarda, EPE","40.5309916, -7.2734793",667,833,80.1
2017-06,Região de Saúde LVT,Centro Hospitalar do Oeste,"39.4054629, -9.1258493",693,920,75.3
2017-06,Região de Saúde LVT,"Centro Hospitalar Médio Tejo, EPE","39.478072, -8.5404429",1512,1867,81.0
2017-06,Região de Saúde LVT,"Hospital Distrital de Santarém, EPE","39.2410946, -8.6937515",1217,1375,88.5
2017-06,Região de Saúde LVT,"Hospital Garcia de Orta, EPE","38.6658713, -9.1822554",2159,2453,88.0
2017-06,Região de Saúde LVT,Instituto Gama Pinto,"38.7218793, -9.144249",1782,1782,100.0
2017-06,Região de Saúde LVT,"Instituto Português Oncologia de Lisboa, EPE","38.7396768, -9.1634516",70,369,19.0
2017-06,Região de Saúde Norte,"Centro Hospitalar Universitário de São João, EPE","41.1831056, -8.6010558",3346,4361,76.7
2017-06,Região de Saúde Norte,"Centro Hospitalar Entre Douro e Vouga, EPE","40.9293884, -8.5458794",2810,3476,80.8
2017-06,Região de Saúde Norte,"Centro Hospitalar Tâmega e Sousa, EPE","41.2494561, -8.264901",2925,3473,84.2
2017-07,Região de Saúde do Alentejo,"Unidade Local de Saúde do Norte Alentejano, EPE","39.3003425, -7.4263845",826,1043,79.2
2017-07,Região de Saúde do Centro,"Centro Hospitalar do Baixo Vouga, EPE","40.6362453, -8.6543716",1983,2360,84.0
2017-07,Região de Saúde do Centro,"Hospital Distrital da Figueira da Foz, EPE","40.117897, -8.8586755",1324,1602,82.6
2017-07,Região de Saúde LVT,"Centro Hospitalar de Lisboa Ocidental, EPE","38.708454, -9.216985",1912,2510,76.2
2017-07,Região de Saúde Norte,"Hospital de Braga, PPP","41.56785, -8.398982",3717,4342,85.6
2017-07,Região de Saúde Norte,"Unidade Local de Saúde do Alto Minho, EPE","41.7056054, -8.8252713",4083,4631,88.2
2017-08,Região de Saúde do Alentejo,"Unidade Local de Saúde do Litoral Alentejano, EPE","38.0162314, -8.6956768",989,1150,86.0
2017-08,Região de Saúde do Centro,"Centro Hospitalar de Leiria, EPE","39.7414812, -8.7982706",2722,3394,80.2
2017-08,Região de Saúde do Centro,"Unidade Local de Saúde da Guarda, EPE","40.5309916, -7.2734793",804,1010,79.6
2017-08,Região de Saúde LVT,"Centro Hospitalar Universitário de Lisboa Norte, EPE","38.7500861, -9.1616116",3325,4158,80.0
2017-08,Região de Saúde LVT,"Hospital de Loures, PPP","38.821455, -9.176296",2574,3103,83.0
2017-08,Região de Saúde LVT,"Hospital Professor Doutor Fernando Fonseca, EPE","38.7422257, -9.2264834",2925,3883,75.3
2017-08,Região de Saúde Norte,"Centro Hospitalar do Médio Ave, EPE","41.3423984, -8.4802503",1623,1936,83.8
2017-08,Região de Saúde Norte,"Centro Hospitalar Entre Douro e Vouga, EPE","40.9293884, -8.5458794",3450,4273,80.7
2017-08,Região de Saúde Norte,"Hospital da Senhora da Oliveira, Guimarães, EPE","41.4387173, -8.3086907",2531,3049,83.0
2017-08,Região de Saúde Norte,"Hospital Santa Maria Maior, EPE","41.5324234, -8.6171561",1238,1590,77.9
2017-09,Região de Saúde do Centro,"Centro Hospitalar de Leiria, EPE","39.7414812, -8.7982706",3012,3759,80.1
2017-09,Região de Saúde LVT,"Centro Hospitalar Universitário Lisboa Central, EPE","38.7166948, -9.1371248",6438,7429,86.7
2017-09,Região de Saúde LVT,"Centro Hospitalar Médio Tejo, EPE","39.478072, -8.5404429",2218,2706,82.0
2017-09,Região de Saúde LVT,Centro Hospitalar Psiquiátrico de Lisboa,"38.7569771, -9.1460705",0,0,
2017-09,Região de Saúde LVT,"Hospital de Loures, PPP","38.821455, -9.176296",2844,3428,83.0
2017-09,Região de Saúde Norte,"Centro Hospitalar Póvoa de Varzim/Vila do Conde, EPE","41.3828711, -8.7589945",1029,1472,69.9
2017-09,Região de Saúde Norte,"Centro Hospitalar Tâmega e Sousa, EPE","41.2494561, -8.264901",4071,4858,83.8
2017-09,Região de Saúde Norte,"Hospital de Magalhães Lemos, EPE","41.1764649, -8.6649823",0,0,
2017-10,Região de Saúde do Alentejo,"Hospital Espírito Santo de Évora, EPE","38.5684861, -7.9032848",1641,2288,71.7
2017-10,Região de Saúde do Centro,"Centro Hospitalar de Leiria, EPE","39.7414812, -8.7982706",3332,4149,80.3
2017-10,Região de Saúde do Centro,"Centro Hospitalar Tondela-Viseu, EPE","40.516364, -8.0827433",3934,4224,93.1
2017-10,Região de Saúde do Centro,Centro Medicina de Reabilitação da Região Centro Rovisco Pais,"40.297919, -8.7707806",0,0,
2017-10,Região de Saúde do Centro,Hospital Arcebispo João Crisóstomo,"40.3470015, -8.5933462",560,560,100.0
2017-10,Região de Saúde do Centro,"Hospital Distrital da Figueira da Foz, EPE","40.117897, -8.8586755",1803,2177,82.8
2017-10,Região de Saúde LVT,"Hospital de Loures, PPP","38.821455, -9.176296",3171,3816,83.1
2017-10,Região de Saúde Norte,"Centro Hospitalar Universitário de São João, EPE","41.1831056, -8.6010558",4843,6374,76.0
2017-10,Região de Saúde Norte,"Centro Hospitalar do Médio Ave, EPE","41.3423984, -8.4802503",2057,2457,83.7
2017-10,Região de Saúde Norte,"Hospital de Magalhães Lemos, EPE","41.1764649, -8.6649823",0,0,
2017-10,Região de Saúde Norte,"Unidade Local de Saúde do Alto Minho, EPE","41.7056054, -8.8252713",5256,6003,87.6
2017-11,Região de Saúde do Alentejo,"Unidade Local de Saúde do Baixo Alentejo, EPE","38.014123, -7.8721227",1398,1728,80.9
2017-11,Região de Saúde do Centro,"Instituto Português Oncologia de Coimbra, EPE","40.2162514, -8.4103814",82,411,20.0
2017-11,Região de Saúde LVT,"Centro Hospitalar Médio Tejo, EPE","39.478072, -8.5404429",2823,3442,82.0
2017-11,Região de Saúde LVT,"Hospital de Cascais, PPP","38.729006, -9.418267",2483,2958,83.9
2017-11,Região de Saúde LVT,"Hospital Garcia de Orta, EPE","38.6658713, -9.1822554",3689,4283,86.1
2017-11,Região de Saúde LVT,"Instituto Português Oncologia de Lisboa, EPE","38.7396768, -9.1634516",156,693,22.5
2017-11,Região de Saúde Norte,"Centro Hospitalar Entre Douro e Vouga, EPE","40.9293884, -8.5458794",5021,6155,81.6
2017-11,Região de Saúde Norte,"Hospital da Senhora da Oliveira, Guimarães, EPE","41.4387173, -8.3086907",3228,3904,82.7
2017-11,Região de Saúde Norte,"Hospital de Braga, PPP","41.56785, -8.398982",5981,7043,84.9
2017-11,Região de Saúde Norte,"Hospital Santa Maria Maior, EPE","41.5324234, -8.6171561",1735,2180,79.6
2017-12,Região de Saúde do Alentejo,"Unidade Local de Saúde do Baixo Alentejo, EPE","38.014123, -7.8721227",1479,1846,80.1
2017-12,Região de Saúde do Centro,"Centro Hospitalar Universitário Cova da Beira, EPE","40.2804158, -7.4922407",1150,1597,72.0
2017-12,Região de Saúde do Centro,Hospital Arcebispo João Crisóstomo,"40.3470015, -8.5933462",587,587,100.0
2017-12,Região de Saúde LVT,Centro Hospitalar Psiquiátrico de Lisboa,"38.7569771, -9.1460705",0,0,
2017-12,Região de Saúde LVT,"Hospital de Cascais, PPP","38.729006, -9.418267",2624,3135,83.7
2017-12,Região de Saúde LVT,"Hospital de Vila Franca de Xira, PPP","38.977235, -8.984506",2988,3604,82.9
2017-12,Região de Saúde LVT,"Hospital Professor Doutor Fernando Fonseca, EPE","38.7422257, -9.2264834",4165,5660,73.6
2017-12,Região de Saúde LVT,"Instituto Português Oncologia de Lisboa, EPE","38.7396768, -9.1634516",175,759,23.1
2017-12,Região de Saúde Norte,"Centro Hospitalar do Médio Ave, EPE","41.3423984, -8.4802503",2492,2993,83.3
2017-12,Região de Saúde Norte,"Centro Hospitalar Vila Nova de Gaia/Espinho, EPE","41.1094138, -8.5972617",6288,8099,77.6
2017-12,Região de Saúde Norte,"Hospital de Magalhães Lemos, EPE","41.1764649, -8.6649823",0,0,
2018-01,Região de Saúde do Centro,"Centro Hospitalar de Leiria, EPE","39.7414812, -8.7982706",410,490,83.7
2018-01,Região de Saúde do Centro,Centro Medicina de Reabilitação da Região Centro Rovisco Pais,"40.297919, -8.7707806",0,0,
2018-01,Região de Saúde do Centro,Hospital Dr. Francisco Zagalo,"40.8571967, -8.6318023",47,48,97.9
2018-01,Região de Saúde do Centro,"Unidade Local de Saúde da Guarda, EPE","40.5309916, -7.2734793",82,112,73.2
2018-01,Região de Saúde LVT,"Centro Hospitalar de Lisboa Ocidental, EPE","38.708454, -9.216985",332,421,78.9
2018-01,Região de Saúde LVT,"Hospital de Loures, PPP","38.821455, -9.176296",353,414,85.3
2018-01,Região de Saúde LVT,Instituto Gama Pinto,"38.7218793, -9.144249",268,268,100.0
2018-01,Região de Saúde Norte,"Centro Hospitalar Universitário de São João, EPE","41.1831056, -8.6010558",706,845,83.6
2018-01,Região de Saúde Norte,"Centro Hospitalar Universitário do Porto, EPE","41.1472498, -8.6172617",799,976,81.9
2018-01,Região de Saúde Norte,"Centro Hospitalar Vila Nova de Gaia/Espinho, EPE","41.1094138, -8.5972617",586,685,85.5
2018-01,Região de Saúde Norte,"Hospital da Senhora da Oliveira, Guimarães, EPE","41.4387173, -8.3086907",309,368,84.0
2018-02,Região de Saúde do Algarve,"Centro Hospitalar Universitário do Algarve, EPE","37.0238973, -7.9281554",399,485,82.3
2018-02,Região de Saúde do Centro,"Centro Hospitalar de Leiria, EPE","39.7414812, -8.7982706",799,926,86.3
2018-02,Região de Saúde LVT,"Centro Hospitalar Barreiro/Montijo, EPE","38.6554005, -9.0592392",267,348,76.7
2018-02,Região de Saúde LVT,"Hospital de Vila Franca de Xira, PPP","38.977235, -8.984506",590,678,87.0
2018-02,Região de Saúde LVT,"Hospital Garcia de Orta, EPE","38.6658713, -9.1822554",651,761,85.5
2018-02,Região de Saúde LVT,Instituto Gama Pinto,"38.7218793, -9.144249",465,465,100.0
2018-02,Região de Saúde Norte,"Centro Hospitalar Entre Douro e Vouga, EPE","40.9293884, -8.5458794",981,1093,89.8
2018-02,Região de Saúde Norte,"Hospital da Senhora da Oliveira, Guimarães, EPE","41.4387173, -8.3086907",567,687,82.5
2018-03,Região de Saúde do Centro,"Centro Hospitalar e Universitário de Coimbra, EPE","40.2191523, -8.4098211",2328,2991,77.8
2018-03,Região de Saúde LVT,"Centro Hospitalar Barreiro/Montijo, EPE","38.6554005, -9.0592392",412,543,75.9
2018-03,Região de Saúde LVT,"Centro Hospitalar Universitário Lisboa Central, EPE","38.7166948, -9.1371248",1602,1938,82.7
2018-03,Região de Saúde Norte,"Hospital de Magalhães Lemos, EPE","41.1764649, -8.6649823",0,0,
2018-04,Região de Saúde do Algarve,"Centro Hospitalar Universitário do Algarve, EPE","37.0238973, -7.9281554",721,897,80.4
2018-04,Região de Saúde do Centro,"Centro Hospitalar de Leiria, EPE","39.7414812, -8.7982706",1499,1746,85.9
2018-04,Região de Saúde LVT,"Centro Hospitalar Universitário Lisboa Central, EPE","38.7166948, -9.1371248",2307,2744,84.1
2018-04,Região de Saúde Norte,"Centro Hospitalar Entre Douro e Vouga, EPE","40.9293884, -8.5458794",2079,2348,88.5
2018-04,Região de Saúde Norte,"Centro Hospitalar Vila Nova de Gaia/Espinho, EPE","41.1094138, -8.5972617",2141,2615,81.9
2018-05,Região de Saúde do Alentejo,"Hospital Espírito Santo de Évora, EPE","38.5684861, -7.9032848",939,1272,73.8
2018-05,Região de Saúde do Algarve,"Centro Hospitalar Universitário do Algarve, EPE","37.0238973, -7.9281554",879,1102,79.8
2018-05,Região de Saúde do Centro,"Centro Hospitalar Tondela-Viseu, EPE","40.516364, -8.0827433",1723,1884,91.5
2018-05,Região de Saúde do Centro,Centro Medicina de Reabilitação da Região Centro Rovisco Pais,"40.297919, -8.7707806",0,0,
2018-05,Região de Saúde LVT,"Centro Hospitalar Barreiro/Montijo, EPE","38.6554005, -9.0592392",655,901,72.7
2018-05,Região de Saúde LVT,"Centro Hospitalar Médio Tejo, EPE","39.478072, -8.5404429",1359,1636,83.1
2018-05,Região de Saúde LVT,Centro Hospitalar Psiquiátrico de Lisboa,"38.7569771, -9.1460705",0,0,
2018-05,Região de Saúde Norte,"Centro Hospitalar Entre Douro e Vouga, EPE","40.9293884, -8.5458794",2512,2873,87.4
2018-05,Região de Saúde Norte,"Centro Hospitalar Vila Nova de Gaia/Espinho, EPE","41.1094138, -8.5972617",2650,3211,82.5
2018-05,Região de Saúde Norte,"Hospital de Braga, PPP","41.56785, -8.398982",2839,3301,86.0
2018-05,Região de Saúde Norte,"Hospital de Magalhães Lemos, EPE","41.1764649, -8.6649823",0,0,
2018-05,Região de Saúde Norte,"Unidade Local de Saúde de Matosinhos, EPE","41.1794456, -8.6745115",1619,1896,85.4
2018-06,Região de Saúde do Alentejo,"Unidade Local de Saúde do Norte Alentejano, EPE","39.3003425, -7.4263845",773,941,82.1
2018-06,Região de Saúde do Centro,"Centro Hospitalar e Universitário de Coimbra, EPE","40.2191523, -8.4098211",4703,5893,79.8
2018-06,Região de Saúde do Centro,Hospital Arcebispo João Crisóstomo,"40.3470015, -8.5933462",160,160,100.0
2018-06,Região de Saúde LVT,"Hospital de Vila Franca de Xira, PPP","38.977235, -8.984506",1777,2069,85.9
2018-06,Região de Saúde LVT,"Hospital Professor Doutor Fernando Fonseca, EPE","38.7422257, -9.2264834",2480,3127,79.3
2018-06,Região de Saúde Norte,"Centro Hospitalar Universitário do Porto, EPE","41.1472498, -8.6172617",4111,5117,80.3
2018-06,Região de Saúde Norte,"Centro Hospitalar Entre Douro e Vouga, EPE","40.9293884, -8.5458794",3080,3537,87.1
2018-06,Região de Saúde Norte,"Centro Hospitalar Trás-os-Montes e Alto Douro, EPE","41.3031784, -7.7515252",1935,2238,86.5
2018-06,Região de Saúde Norte,"Hospital de Braga, PPP","41.56785, -8.398982",3352,3952,84.8
2018-07,Região de Saúde do Alentejo,"Unidade Local de Saúde do Baixo Alentejo, EPE","38.014123, -7.8721227",833,1098,75.9
2018-07,Região de Saúde do Centro,"Centro Hospitalar Universitário Cova da Beira, EPE","40.2804158, -7.4922407",745,1030,72.3
2018-07,Região de Saúde do Centro,Centro Medicina de Reabilitação da Região Centro Rovisco Pais,"40.297919, -8.7707806",0,0,
2018-07,Região de Saúde LVT,"Centro Hospitalar de Setúbal, EPE","38.5283754, -8.8818638",1767,2054,86.0
2018-07,Região de Saúde LVT,"Hospital Professor Doutor Fernando Fonseca, EPE","38.7422257, -9.2264834",2812,3507,80.2
2018-07,Região de Saúde LVT,"Instituto Português Oncologia de Lisboa, EPE","38.7396768, -9.1634516",180,589,30.6
2018-07,Região de Saúde Norte,"Centro Hospitalar Póvoa de Varzim/Vila do Conde, EPE","41.3828711, -8.7589945",929,1246,74.6
2018-07,Região de Saúde Norte,"Centro Hospitalar Trás-os-Montes e Alto Douro, EPE","41.3031784, -7.7515252",2164,2494,86.8
2018-07,Região de Saúde Norte,"Instituto Português Oncologia do Porto, EPE","41.1785642, -8.6062881",842,1339,62.9
2018-07,Região de Saúde Norte,"Unidade Local de Saúde do Alto Minho, EPE","41.7056054, -8.8252713",3119,3710,84.1
2018-08,Região de Saúde do Alentejo,"Hospital Espírito Santo de Évora, EPE","38.5684861, -7.9032848",1588,2086,76.1
2018-08,Região de Saúde do Alentejo,"Unidade Local de Saúde do Baixo Alentejo, EPE","38.014123, -7.8721227",1003,1286,78.0
2018-08,Região de Saúde do Algarve,"Centro Hospitalar Universitário do Algarve, EPE","37.0238973, -7.9281554",1468,1801,81.5
2018-08,Região de Saúde do Centro,"Centro Hospitalar Universitário Cova da Beira, EPE","40.2804158, -7.4922407",801,1109,72.2
2018-08,Região de Saúde do Centro,"Centro Hospitalar de Leiria, EPE","39.7414812, -8.7982706",2952,3342,88.3
2018-08,Região de Saúde do Centro,Centro Medicina de Reabilitação da Região Centro Rovisco Pais,"40.297919, -8.7707806",0,0,
2018-08,Região de Saúde do Centro,"Unidade Local de Saúde de Castelo Branco, EPE","39.8212263, -7.4981271",535,800,66.9
2018-08,Região de Saúde LVT,"Centro Hospitalar Barreiro/Montijo, EPE","38.6554005, -9.0592392",955,1351,70.7
2018-08,Região de Saúde LVT,"Centro Hospitalar Universitário Lisboa Central, EPE","38.7166948, -9.1371248",4218,5018,84.1
2018-08,Região de Saúde LVT,"Centro Hospitalar de Setúbal, EPE","38.5283754, -8.8818638",2004,2308,86.8
2018-08,Região de Saúde LVT,"Hospital Garcia de Orta, EPE","38.6658713, -9.1822554",2586,2915,88.7
2018-08,Região de Saúde Norte,"Centro Hospitalar do Médio Ave, EPE","41.3423984, -8.4802503",1754,2079,84.4
2018-08,Região de Saúde Norte,"Centro Hospitalar Universitário do Porto, EPE","41.1472498, -8.6172617",4841,6037,80.2
2018-08,Região de Saúde Norte,"Centro Hospitalar Entre Douro e Vouga, EPE","40.9293884, -8.5458794",3809,4428,86.0
2018-08,Região de Saúde Norte,"Centro Hospitalar Vila Nova de Gaia/Espinho, EPE","41.1094138, -8.5972617",4154,4931,84.2
2018-08,Região de Saúde Norte,"Hospital Santa Maria Maior, EPE","41.5324234, -8.6171561",1730,1988,87.0
2018-08,Região de Saúde Norte,"Unidade Local de Saúde do Alto Minho, EPE","41.7056054, -8.8252713",3170,3803,83.4
2018-09,Região de Saúde do Alentejo,"Unidade Local de Saúde do Baixo Alentejo, EPE","38.014123, -7.8721227",1113,1445,77.0
2018-09,Região de Saúde do Centro,"Centro Hospitalar do Baixo Vouga, EPE","40.6362453, -8.6543716",3565,4162,85.7
2018-09,Região de Saúde do Centro,"Centro Hospitalar e Universitário de Coimbra, EPE","40.2191523, -8.4098211",6263,7873,79.6
2018-09,Região de Saúde do Centro,Hospital Arcebispo João Crisóstomo,"40.3470015, -8.5933462",208,208,100.0
2018-09,Região de Saúde do Centro,"Hospital Distrital da Figueira da Foz, EPE","40.117897, -8.8586755",1564,1794,87.2
2018-09,Região de Saúde do Centro,Hospital Dr. Francisco Zagalo,"40.8571967, -8.6318023",412,449,91.8
2018-09,Região de Saúde do Centro,"Instituto Português Oncologia de Coimbra, EPE","40.2162514, -8.4103814",15,258,5.8
2018-09,Região de Saúde do Centro,"Unidade Local de Saúde da Guarda, EPE","40.5309916, -7.2734793",802,971,82.6
2018-09,Região de Saúde do Centro,"Unidade Local de Saúde de Castelo Branco, EPE","39.8212263, -7.4981271",630,938,67.2
2018-09,Região de Saúde LVT,"Centro Hospitalar de Lisboa Ocidental, EPE","38.708454, -9.216985",2641,3337,79.1
2018-09,Região de Saúde LVT,"Hospital de Cascais, PPP","38.729006, -9.418267",2149,2386,90.1
2018-09,Região de Saúde LVT,"Hospital Distrital de Santarém, EPE","39.2410946, -8.6937515",1477,1803,81.9
2018-09,Região de Saúde Norte,"Centro Hospitalar Trás-os-Montes e Alto Douro, EPE","41.3031784, -7.7515252",2576,2981,86.4
2018-09,Região de Saúde Norte,"Unidade Local de Saúde de Matosinhos, EPE","41.1794456, -8.6745115",3065,3530,86.8
2018-10,Região de Saúde LVT,Centro Hospitalar Psiquiátrico de Lisboa,"38.7569771, -9.1460705",0,0,
2018-10,Região de Saúde LVT,"Hospital Professor Doutor Fernando Fonseca, EPE","38.7422257, -9.2264834",3735,4651,80.3
2018-10,Região de Saúde Norte,"Centro Hospitalar Tâmega e Sousa, EPE","41.2494561, -8.264901",4482,5210,86.0
2018-10,Região de Saúde Norte,"Centro Hospitalar Trás-os-Montes e Alto Douro, EPE","41.3031784, -7.7515252",3015,3466,87.0
2018-10,Região de Saúde Norte,"Hospital Santa Maria Maior, EPE","41.5324234, -8.6171561",2223,2528,87.9
2018-10,Região de Saúde Norte,"Instituto Português Oncologia do Porto, EPE","41.1785642, -8.6062881",1191,1841,64.7
2018-11,Região de Saúde do Algarve,"Centro Hospitalar Universitário do Algarve, EPE","37.0238973, -7.9281554",1996,2484,80.4
2018-11,Região de Saúde do Centro,"Centro Hospitalar de Leiria, EPE","39.7414812, -8.7982706",4093,4665,87.7
2018-11,Região de Saúde do Centro,"Centro Hospitalar Tondela-Viseu, EPE","40.516364, -8.0827433",3863,4178,92.5
2018-11,Região de Saúde do Centro,"Instituto Português Oncologia de Coimbra, EPE","40.2162514, -8.4103814",32,327,9.8
2018-11,Região de Saúde LVT,"Centro Hospitalar Universitário Lisboa Central, EPE","38.7166948, -9.1371248",5753,6831,84.2
2018-11,Região de Saúde LVT,"Centro Hospitalar de Lisboa Ocidental, EPE","38.708454, -9.216985",3229,4093,78.9
2018-11,Região de Saúde LVT,"Hospital Professor Doutor Fernando Fonseca, EPE","38.7422257, -9.2264834",4133,5167,80.0
2018-11,Região de Saúde LVT,Instituto Gama Pinto,"38.7218793, -9.144249",3806,3806,100.0
2018-11,Região de Saúde Norte,"Centro Hospitalar do Médio Ave, EPE","41.3423984, -8.4802503",2565,3039,84.4
2018-11,Região de Saúde Norte,"Unidade Local de Saúde do Nordeste, EPE","41.8056532, -6.7888197",2274,2693,84.4
2018-12,Região de Saúde do Alentejo,"Unidade Local de Saúde do Norte Alentejano, EPE","39.3003425, -7.4263845",1471,1778,82.7
2018-12,Região de Saúde LVT,Centro Hospitalar do Oeste,"39.4054629, -9.1258493",3112,4176,74.5
2018-12,Região de Saúde LVT,"Centro Hospitalar Médio Tejo, EPE","39.478072, -8.5404429",3334,3915,85.2
2018-12,Região de Saúde LVT,"Hospital de Cascais, PPP","38.729006, -9.418267",2863,3197,89.6
2018-12,Região de Saúde LVT,Instituto Gama Pinto,"38.7218793, -9.144249",4094,4094,100.0
2018-12,Região de Saúde Norte,"Centro Hospitalar Póvoa de Varzim/Vila do Conde, EPE","41.3828711, -8.7589945",1436,2012,71.4
2018-12,Região de Saúde Norte,"Centro Hospitalar Tâmega e Sousa, EPE","41.2494561, -8.264901",5416,6312,85.8
2018-12,Região de Saúde Norte,"Hospital de Magalhães Lemos, EPE","41.1764649, -8.6649823",0,0,
2018-12,Região de Saúde Norte,"Instituto Português Oncologia do Porto, EPE","41.1785642, -8.6062881",1443,2239,64.4
2019-01,Região de Saúde do Alentejo,"Unidade Local de Saúde do Litoral Alentejano, EPE","38.0162314, -8.6956768",68,81,84.0
2019-01,Região de Saúde do Algarve,"Centro Hospitalar Universitário do Algarve, EPE","37.0238973, -7.9281554",283,326,86.8
2019-01,Região de Saúde do Centro,"Centro Hospitalar e Universitário de Coimbra, EPE","40.2191523, -8.4098211",752,957,78.6
2019-01,Região de Saúde do Centro,"Hospital Distrital da Figueira da Foz, EPE","40.117897, -8.8586755",239,260,91.9
2019-01,Região de Saúde do Centro,"Unidade Local de Saúde de Castelo Branco, EPE","39.8212263, -7.4981271",61,105,58.1
2019-01,Região de Saúde LVT,"Centro Hospitalar de Setúbal, EPE","38.5283754, -8.8818638",231,277,83.4
2019-01,Região de Saúde LVT,"Centro Hospitalar Médio Tejo, EPE","39.478072, -8.5404429",242,279,86.7
2019-01,Região de Saúde LVT,Instituto Gama Pinto,"38.7218793, -9.144249",352,352,100.0
2019-01,Região de Saúde Norte,"Centro Hospitalar Universitário de São João, EPE","41.1831056, -8.6010558",625,789,79.2
2019-01,Região de Saúde Norte,"Centro Hospitalar Tâmega e Sousa, EPE","41.2494561, -8.264901",639,723,88.4
2019-01,Região de Saúde Norte,"Centro Hospitalar Vila Nova de Gaia/Espinho, EPE","41.1094138, -8.5972617",581,671,86.6
2019-01,Região de Saúde Norte,"Instituto Português Oncologia do Porto, EPE","41.1785642, -8.6062881",122,215,56.7
2019-02,Região de Saúde do Centro,"Centro Hospitalar Tondela-Viseu, EPE","40.516364, -8.0827433",499,541,92.2
2019-02,Região de Saúde do Centro,Centro Medicina de Reabilitação da Região Centro Rovisco Pais,"40.297919, -8.7707806",0,0,
2019-02,Região de Saúde do Centro,"Instituto Português Oncologia de Coimbra, EPE","40.2162514, -8.4103814",11,75,14.7
2019-02,Região de Saúde LVT,Centro Hospitalar do Oeste,"39.4054629, -9.1258493",324,452,71.7
2019-02,Região de Saúde LVT,Centro Hospitalar Psiquiátrico de Lisboa,"38.7569771, -9.1460705",0,0,
2019-02,Região de Saúde LVT,"Hospital de Loures, PPP","38.821455, -9.176296",667,780,85.5
2019-02,Região de Saúde LVT,"Hospital Distrital de Santarém, EPE","39.2410946, -8.6937515",381,466,81.8
2019-02,Região de Saúde LVT,"Instituto Português Oncologia de Lisboa, EPE","38.7396768, -9.1634516",57,151,37.7
2019-02,Região de Saúde Norte,"Centro Hospitalar Tâmega e Sousa, EPE","41.2494561, -8.264901",1203,1381,87.1
2019-02,Região de Saúde Norte,"Centro Hospitalar Trás-os-Montes e Alto Douro, EPE","41.3031784, -7.7515252",807,947,85.2
2019-02,Região de Saúde Norte,"Hospital de Magalhães Lemos, EPE","41.1764649, -8.6649823",0,0,
2019-02,Região de Saúde Norte,"Unidade Local de Saúde de Matosinhos, EPE","41.1794456, -8.6745115",756,856,88.3
2019-02,Região de Saúde Norte,"Unidade Local de Saúde do Nordeste, EPE","41.8056532, -6.7888197",264,355,74.4
2019-03,Região de Saúde do Alentejo,"Unidade Local de Saúde do Baixo Alentejo, EPE","38.014123, -7.8721227",398,506,78.7
2019-03,Região de Saúde do Centro,"Centro Hospitalar e Universitário de Coimbra, EPE","40.2191523, -8.4098211",2218,2710,81.8
2019-03,Região de Saúde LVT,"Centro Hospitalar Barreiro/Montijo, EPE","38.6554005, -9.0592392",547,726,75.3
2019-03,Região de Saúde LVT,"Centro Hospitalar Universitário Lisboa Central, EPE","38.7166948, -9.1371248",1615,1903,84.9
2019-03,Região de Saúde LVT,Centro Hospitalar do Oeste,"39.4054629, -9.1258493",455,637,71.4
2019-03,Região de Saúde LVT,"Hospital de Vila Franca de Xira, PPP","38.977235, -8.984506",867,1019,85.1
2019-03,Região de Saúde LVT,"Hospital Distrital de Santarém, EPE","39.2410946, -8.6937515",558,652,85.6
2019-03,Região de Saúde LVT,"Hospital Professor Doutor Fernando Fonseca, EPE","38.7422257, -9.2264834",1152,1353,85.1
2019-03,Região de Saúde LVT,"Hospital Garcia de Orta, EPE","38.6658713, -9.1822554",670,730,91.8
2019-03,Região de Saúde Norte,"Centro Hospitalar Trás-os-Montes e Alto Douro, EPE","41.3031784, -7.7515252",1151,1358,84.8
2019-04,Região de Saúde do Alentejo,"Unidade Local de Saúde do Litoral Alentejano, EPE","38.0162314, -8.6956768",276,319,86.5
2019-04,Região de Saúde do Algarve,"Centro Hospitalar Universitário do Algarve, EPE","37.0238973, -7.9281554",1053,1242,84.8
2019-04,Região de Saúde do Centro,"Centro Hospitalar e Universitário de Coimbra, EPE","40.2191523, -8.4098211",2871,3537,81.2
2019-04,Região de Saúde do Centro,"Unidade Local de Saúde da Guarda, EPE","40.5309916, -7.2734793",410,459,89.3
2019-04,Região de Saúde do Centro,"Unidade Local de Saúde de Castelo Branco, EPE","39.8212263, -7.4981271",277,482,57.5
2019-04,Região de Saúde LVT,"Centro Hospitalar de Setúbal, EPE","38.5283754, -8.8818638",1108,1256,88.2
2019-04,Região de Saúde LVT,"Hospital de Loures, PPP","38.821455, -9.176296",1310,1563,83.8
2019-04,Região de Saúde LVT,"Hospital Distrital de Santarém, EPE","39.2410946, -8.6937515",738,876,84.2
2019-04,Região de Saúde Norte,"Hospital de Magalhães Lemos, EPE","41.1764649, -8.6649823",0,0,
2019-04,Região de Saúde Norte,"Hospital Santa Maria Maior, EPE","41.5324234, -8.6171561",865,1016,85.1
2019-04,Região de Saúde Norte,"Unidade Local de Saúde do Nordeste, EPE","41.8056532, -6.7888197",648,825,78.5
2019-05,Região de Saúde do Alentejo,"Hospital Espírito Santo de Évora, EPE","38.5684861, -7.9032848",1387,1832,75.7
2019-05,Região de Saúde do Alentejo,"Unidade Local de Saúde do Litoral Alentejano, EPE","38.0162314, -8.6956768",398,456,87.3
2019-05,Região de Saúde do Centro,Hospital Arcebispo João Crisóstomo,"40.3470015, -8.5933462",169,169,100.0
2019-05,Região de Saúde do Centro,"Instituto Português Oncologia de Coimbra, EPE","40.2162514, -8.4103814",15,210,7.1
2019-05,Região de Saúde LVT,Centro Hospitalar Psiquiátrico de Lisboa,"38.7569771, -9.1460705",0,0,
2019-05,Região de Saúde LVT,"Hospital de Cascais, PPP","38.729006, -9.418267",1291,1440,89.7
2019-05,Região de Saúde LVT,"Hospital de Vila Franca de Xira, PPP","38.977235, -8.984506",1346,1595,84.4
2019-05,Região de Saúde LVT,"Hospital Distrital de Santarém, EPE","39.2410946, -8.6937515",909,1087,83.6
2019-05,Região de Saúde Norte,"Centro Hospitalar Tâmega e Sousa, EPE","41.2494561, -8.264901",2619,3076,85.1
2019-05,Região de Saúde Norte,"Hospital de Braga, PPP","41.56785, -8.398982",5042,5792,87.1
2019-05,Região de Saúde Norte,"Unidade Local de Saúde de Matosinhos, EPE","41.1794456, -8.6745115",2114,2364,89.4
2019-05,Região de Saúde Norte,"Unidade Local de Saúde do Nordeste, EPE","41.8056532, -6.7888197",895,1115,80.3
2019-06,Região de Saúde do Alentejo,"Unidade Local de Saúde do Litoral Alentejano, EPE","38.0162314, -8.6956768",478,546,87.5
2019-06,Região de Saúde do Algarve,"Centro Hospitalar Universitário do Algarve, EPE","37.0238973, -7.9281554",1607,1879,85.5
2019-06,Região de Saúde do Centro,Hospital Arcebispo João Crisóstomo,"40.3470015, -8.5933462",208,208,100.0
2019-06,Região de Saúde do Centro,"Instituto Português Oncologia de Coimbra, EPE","40.2162514, -8.4103814",22,248,8.9
2019-06,Região de Saúde LVT,"Centro Hospitalar Barreiro/Montijo, EPE","38.6554005, -9.0592392",1098,1434,76.6
2019-06,Região de Saúde LVT,"Centro Hospitalar Médio Tejo, EPE","39.478072, -8.5404429",1635,1991,82.1
2019-06,Região de Saúde LVT,"Hospital Garcia de Orta, EPE","38.6658713, -9.1822554",1777,1940,91.6
2019-06,Região de Saúde Norte,"Centro Hospitalar Universitário do Porto, EPE","41.1472498, -8.6172617",4141,5121,80.9
2019-06,Região de Saúde Norte,"Hospital da Senhora da Oliveira, Guimarães, EPE","41.4387173, -8.3086907",1909,2306,82.8
2019-07,Região de Saúde do Centro,"Centro Hospitalar Universitário Cova da Beira, EPE","40.2804158, -7.4922407",812,1048,77.5
2019-07,Região de Saúde do Centro,"Unidade Local de Saúde de Castelo Branco, EPE","39.8212263, -7.4981271",496,857,57.9
2019-07,Região de Saúde LVT,"Hospital de Cascais, PPP","38.729006, -9.418267",1852,2046,90.5
2019-07,Região de Saúde Norte,"Centro Hospitalar Entre Douro e Vouga, EPE","40.9293884, -8.5458794",3270,3881,84.3
2019-07,Região de Saúde Norte,"Centro Hospitalar Tâmega e Sousa, EPE","41.2494561, -8.264901",3540,4149,85.3
2019-08,Região de Saúde do Alentejo,"Unidade Local de Saúde do Baixo Alentejo, EPE","38.014123, -7.8721227",980,1229,79.7
2019-08,Região de Saúde do Alentejo,"Unidade Local de Saúde do Litoral Alentejano, EPE","38.0162314, -8.6956768",674,761,88.6
2019-08,Região de Saúde do Alentejo,"Unidade Local de Saúde do Norte Alentejano, EPE","39.3003425, -7.4263845",798,1020,78.2
2019-08,Região de Saúde do Centro,"Centro Hospitalar de Leiria, EPE","39.7414812, -8.7982706",3220,3632,88.7
2019-08,Região de Saúde do Centro,"Centro Hospitalar do Baixo Vouga, EPE","40.6362453, -8.6543716",2722,3422,79.5
2019-08,Região de Saúde do Centro,"Centro Hospitalar e Universitário de Coimbra, EPE","40.2191523, -8.4098211",5485,6762,81.1
2019-08,Região de Saúde do Centro,Centro Medicina de Reabilitação da Região Centro Rovisco Pais,"40.297919, -8.7707806",0,0,
2019-08,Região de Saúde do Centro,Hospital Arcebispo João Crisóstomo,"40.3470015, -8.5933462",267,267,100.0
2019-08,Região de Saúde do Centro,"Hospital Distrital da Figueira da Foz, EPE","40.117897, -8.8586755",1930,2230,86.5
2019-08,Região de Saúde LVT,"Centro Hospitalar Barreiro/Montijo, EPE","38.6554005, -9.0592392",1305,1730,75.4
2019-08,Região de Saúde LVT,"Centro Hospitalar Universitário de Lisboa Norte, EPE","38.7500861, -9.1616116",2724,3326,81.9
2019-08,Região de Saúde LVT,Centro Hospitalar Psiquiátrico de Lisboa,"38.7569771, -9.1460705",0,0,
2019-08,Região de Saúde LVT,"Hospital de Cascais, PPP","38.729006, -9.418267",2187,2401,91.1
2019-08,Região de Saúde LVT,"Hospital de Vila Franca de Xira, PPP","38.977235, -8.984506",2105,2507,84.0
2019-08,Região de Saúde Norte,"Centro Hospitalar Universitário do Porto, EPE","41.1472498, -8.6172617",5167,6370,81.1
2019-08,Região de Saúde Norte,"Centro Hospitalar Tâmega e Sousa, EPE","41.2494561, -8.264901",3912,4610,84.9
2019-08,Região de Saúde Norte,"Hospital da Senhora da Oliveira, Guimarães, EPE","41.4387173, -8.3086907",2444,2939,83.2
2019-09,Região de Saúde do Centro,"Centro Hospitalar do Baixo Vouga, EPE","40.6362453, -8.6543716",3029,3808,79.5
2019-09,Região de Saúde do Centro,Hospital Arcebispo João Crisóstomo,"40.3470015, -8.5933462",288,288,100.0
2019-09,Região de Saúde do Centro,"Hospital Distrital da Figueira da Foz, EPE","40.117897, -8.8586755",2150,2484,86.6
2019-09,Região de Saúde LVT,"Centro Hospitalar de Setúbal, EPE","38.5283754, -8.8818638",2413,2742,88.0
2019-09,Região de Saúde LVT,"Centro Hospitalar Universitário de Lisboa Norte, EPE","38.7500861, -9.1616116",3292,3992,82.5
2019-09,Região de Saúde LVT,"Hospital Distrital de Santarém, EPE","39.2410946, -8.6937515",1527,1717,88.9
2019-09,Região de Saúde LVT,"Hospital Professor Doutor Fernando Fonseca, EPE","38.7422257, -9.2264834",3212,3808,84.3
2019-09,Região de Saúde Norte,"Centro Hospitalar Póvoa de Varzim/Vila do Conde, EPE","41.3828711, -8.7589945",839,1223,68.6
2019-09,Região de Saúde Norte,"Centro Hospitalar Vila Nova de Gaia/Espinho, EPE","41.1094138, -8.5972617",4636,5533,83.8
2019-10,Região de Saúde do Centro,"Centro Hospitalar de Leiria, EPE","39.7414812, -8.7982706",4110,4617,89.0
2019-10,Região de Saúde do Centro,"Instituto Português Oncologia de Coimbra, EPE","40.2162514, -8.4103814",45,385,11.7
2019-10,Região de Saúde LVT,"Hospital de Cascais, PPP","38.729006, -9.418267",2812,3078,91.4
2019-10,Região de Saúde LVT,"Hospital de Loures, PPP","38.821455, -9.176296",2982,3549,84.0
2019-10,Região de Saúde Norte,"Centro Hospitalar do Médio Ave, EPE","41.3423984, -8.4802503",2280,2602,87.6
2019-10,Região de Saúde Norte,"Centro Hospitalar Trás-os-Montes e Alto Douro, EPE","41.3031784, -7.7515252",3888,4526,85.9
2019-10,Região de Saúde Norte,"Unidade Local de Saúde de Matosinhos, EPE","41.1794456, -8.6745115",3699,4230,87.4
2019-11,Região de Saúde do Alentejo,"Unidade Local de Saúde do Litoral Alentejano, EPE","38.0162314, -8.6956768",1079,1214,88.9
2019-11,Região de Saúde do Alentejo,"Unidade Local de Saúde do Norte Alentejano, EPE","39.3003425, -7.4263845",1182,1523,77.6
2019-11,Região de Saúde do Centro,"Centro Hospitalar e Universitário de Coimbra, EPE","40.2191523, -8.4098211",7820,9585,81.6
2019-11,Região de Saúde LVT,"Centro Hospitalar de Setúbal, EPE","38.5283754, -8.8818638",3083,3478,88.6
2019-11,Região de Saúde LVT,"Centro Hospitalar Universitário de Lisboa Norte, EPE","38.7500861, -9.1616116",4516,5416,83.4
2019-11,Região de Saúde Norte,"Centro Hospitalar Universitário de São João, EPE","41.1831056, -8.6010558",6476,8773,73.8
2019-11,Região de Saúde Norte,"Hospital da Senhora da Oliveira, Guimarães, EPE","41.4387173, -8.3086907",3464,4204,82.4
2019-11,Região de Saúde Norte,"Unidade Local de Saúde de Matosinhos, EPE","41.1794456, -8.6745115",4062,4642,87.5
2019-11,Região de Saúde Norte,"Unidade Local de Saúde do Nordeste, EPE","41.8056532, -6.7888197",2114,2555,82.7
2019-12,Região de Saúde do Alentejo,"Unidade Local de Saúde do Baixo Alentejo, EPE","38.014123, -7.8721227",1369,1726,79.3
2019-12,Região de Saúde do Centro,"Centro Hospitalar Universitário Cova da Beira, EPE","40.2804158, -7.4922407",1425,1827,78.0
2019-12,Região de Saúde do Centro,Centro Medicina de Reabilitação da Região Centro Rovisco Pais,"40.297919, -8.7707806",0,0,
2019-12,Região de Saúde do Centro,"Hospital Distrital da Figueira da Foz, EPE","40.117897, -8.8586755",2740,3172,86.4
2019-12,Região de Saúde LVT,"Centro Hospitalar Barreiro/Montijo, EPE","38.6554005, -9.0592392",1997,2627,76.0
2019-12,Região de Saúde LVT,"Centro Hospitalar Universitário Lisboa Central, EPE","38.7166948, -9.1371248",5595,6834,81.9
2019-12,Região de Saúde LVT,"Hospital de Cascais, PPP","38.729006, -9.418267",3395,3707,91.6
2019-12,Região de Saúde LVT,"Hospital Distrital de Santarém, EPE","39.2410946, -8.6937515",2082,2294,90.8
2019-12,Região de Saúde Norte,"Centro Hospitalar Entre Douro e Vouga, EPE","40.9293884, -8.5458794",5899,6991,84.4
2019-12,Região de Saúde Norte,"Centro Hospitalar Póvoa de Varzim/Vila do Conde, EPE","41.3828711, -8.7589945",1293,1829,70.7
2019-12,Região de Saúde Norte,"Centro Hospitalar Tâmega e Sousa, EPE","41.2494561, -8.264901",6008,7039,85.4
2020-01,Região de Saúde do Centro,"Centro Hospitalar do Baixo Vouga, EPE","40.6362453, -8.6543716",382,475,80.4
2020-01,Região de Saúde do Centro,"Centro Hospitalar e Universitário de Coimbra, EPE","40.2191523, -8.4098211",721,899,80.2
2020-01,Região de Saúde LVT,"Centro Hospitalar Universitário Lisboa Central, EPE","38.7166948, -9.1371248",702,805,87.2
2020-01,Região de Saúde LVT,"Centro Hospitalar de Lisboa Ocidental, EPE","38.708454, -9.216985",320,384,83.3
2020-01,Região de Saúde LVT,"Hospital Professor Doutor Fernando Fonseca, EPE","38.7422257, -9.2264834",459,540,85.0
2020-01,Região de Saúde Norte,"Hospital da Senhora da Oliveira, Guimarães, EPE","41.4387173, -8.3086907",331,404,81.9
2020-01,Região de Saúde Norte,"Hospital de Braga, EPE","41.56785, -8.398982",487,554,87.9
2020-01,Região de Saúde Norte,"Unidade Local de Saúde do Alto Minho, EPE","41.7056054, -8.8252713",431,503,85.7
2020-02,Região de Saúde do Alentejo,"Unidade Local de Saúde do Norte Alentejano, EPE","39.3003425, -7.4263845",219,296,74.0
2020-02,Região de Saúde do Centro,Centro Medicina de Reabilitação da Região Centro Rovisco Pais,"40.297919, -8.7707806",0,0,
2020-02,Região de Saúde do Centro,Hospital Arcebispo João Crisóstomo,"40.3470015, -8.5933462",91,91,100.0
2020-02,Região de Saúde LVT,"Centro Hospitalar Barreiro/Montijo, EPE","38.6554005, -9.0592392",383,495,77.4
2020-02,Região de Saúde LVT,"Centro Hospitalar de Setúbal, EPE","38.5283754, -8.8818638",601,673,89.3
2020-02,Região de Saúde LVT,Centro Hospitalar do Oeste,"39.4054629, -9.1258493",228,333,68.5
2020-02,Região de Saúde LVT,"Hospital Distrital de Santarém, EPE","39.2410946, -8.6937515",378,410,92.2
2020-02,Região de Saúde LVT,"Instituto Português Oncologia de Lisboa, EPE","38.7396768, -9.1634516",53,159,33.3
2020-02,Região de Saúde Norte,"Centro Hospitalar do Médio Ave, EPE","41.3423984, -8.4802503",538,616,87.3
2020-03,Região de Saúde do Algarve,"Centro Hospitalar Universitário do Algarve, EPE","37.0238973, -7.9281554",665,787,84.5
2020-03,Região de Saúde do Centro,"Centro Hospitalar Tondela-Viseu, EPE","40.516364, -8.0827433",1043,1132,92.1
2020-03,Região de Saúde LVT,"Centro Hospitalar de Lisboa Ocidental, EPE","38.708454, -9.216985",688,909,75.7
2020-03,Região de Saúde Norte,"Centro Hospitalar Entre Douro e Vouga, EPE","40.9293884, -8.5458794",1431,1571,91.1
2020-03,Região de Saúde Norte,"Centro Hospitalar Tâmega e Sousa, EPE","41.2494561, -8.264901",1277,1477,86.5
2020-04,Região de Saúde do Centro,"Centro Hospitalar Universitário Cova da Beira, EPE","40.2804158, -7.4922407",334,405,82.5
2020-04,Região de Saúde do Centro,"Centro Hospitalar e Universitário de Coimbra, EPE","40.2191523, -8.4098211",1912,2396,79.8
2020-04,Região de Saúde LVT,"Centro Hospitalar Barreiro/Montijo, EPE","38.6554005, -9.0592392",463,618,74.9
2020-04,Região de Saúde LVT,"Centro Hospitalar de Lisboa Ocidental, EPE","38.708454, -9.216985",697,925,75.4
2020-04,Região de Saúde Norte,"Instituto Português Oncologia do Porto, EPE","41.1785642, -8.6062881",273,562,48.6
2020-05,Região de Saúde do Alentejo,"Unidade Local de Saúde do Litoral Alentejano, EPE","38.0162314, -8.6956768",319,361,88.4
2020-05,Região de Saúde do Algarve,"Centro Hospitalar Universitário do Algarve, EPE","37.0238973, -7.9281554",683,846,80.7
2020-05,Região de Saúde do Centro,"Centro Hospitalar Tondela-Viseu, EPE","40.516364, -8.0827433",1051,1148,91.6
2020-05,Região de Saúde do Centro,Hospital Arcebispo João Crisóstomo,"40.3470015, -8.5933462",126,126,100.0
2020-05,Região de Saúde do Centro,"Hospital Distrital da Figueira da Foz, EPE","40.117897, -8.8586755",678,765,88.6
2020-05,Região de Saúde LVT,"Centro Hospitalar Barreiro/Montijo, EPE","38.6554005, -9.0592392",487,658,74.0
2020-05,Região de Saúde LVT,Centro Hospitalar do Oeste,"39.4054629, -9.1258493",380,538,70.6
2020-05,Região de Saúde LVT,"Centro Hospitalar Médio Tejo, EPE","39.478072, -8.5404429",791,963,82.1
2020-05,Região de Saúde Norte,"Centro Hospitalar Universitário do Porto, EPE","41.1472498, -8.6172617",2213,2715,81.5
2020-05,Região de Saúde Norte,"Centro Hospitalar Entre Douro e Vouga, EPE","40.9293884, -8.5458794",1685,1864,90.4
2020-05,Região de Saúde Norte,"Instituto Português Oncologia do Porto, EPE","41.1785642, -8.6062881",332,688,48.3
2020-05,Região de Saúde Norte,"Unidade Local de Saúde do Alto Minho, EPE","41.7056054, -8.8252713",857,1085,79.0
2020-05,Região de Saúde Norte,"Unidade Local de Saúde do Nordeste, EPE","41.8056532, -6.7888197",599,740,80.9
2020-06,Região de Saúde do Algarve,"Centro Hospitalar Universitário do Algarve, EPE","37.0238973, -7.9281554",780,978,79.8
2020-06,Região de Saúde do Centro,Centro Medicina de Reabilitação da Região Centro Rovisco Pais,"40.297919, -8.7707806",0,0,
2020-06,Região de Saúde do Centro,Hospital Arcebispo João Crisóstomo,"40.3470015, -8.5933462",180,180,100.0
2020-06,Região de Saúde do Centro,"Unidade Local de Saúde da Guarda, EPE","40.5309916, -7.2734793",158,195,81.0
2020-06,Região de Saúde LVT,Centro Hospitalar do Oeste,"39.4054629, -9.1258493",487,674,72.3
2020-06,Região de Saúde LVT,"Hospital Garcia de Orta, EPE","38.6658713, -9.1822554",1074,1225,87.7
2020-06,Região de Saúde Norte,"Centro Hospitalar Universitário de São João, EPE","41.1831056, -8.6010558",2405,3266,73.6
2020-06,Região de Saúde Norte,"Centro Hospitalar Tâmega e Sousa, EPE","41.2494561, -8.264901",2087,2501,83.4
2020-06,Região de Saúde Norte,"Centro Hospitalar Vila Nova de Gaia/Espinho, EPE","41.1094138, -8.5972617",1977,2547,77.6
2020-07,Região de Saúde do Alentejo,"Unidade Local de Saúde do Norte Alentejano, EPE","39.3003425, -7.4263845",601,743,80.9
2020-07,Região de Saúde LVT,"Centro Hospitalar de Lisboa Ocidental, EPE","38.708454, -9.216985",1124,1452,77.4
2020-07,Região de Saúde LVT,"Centro Hospitalar de Setúbal, EPE","38.5283754, -8.8818638",946,1110,85.2
2020-07,Região de Saúde LVT,"Centro Hospitalar Médio Tejo, EPE","39.478072, -8.5404429",1145,1367,83.8
2020-07,Região de Saúde LVT,"Hospital de Cascais, PPP","38.729006, -9.418267",1236,1374,90.0
2020-07,Região de Saúde LVT,"Instituto Português Oncologia de Lisboa, EPE","38.7396768, -9.1634516",92,397,23.2
2020-07,Região de Saúde Norte,"Hospital de Braga, EPE","41.56785, -8.398982",2634,2928,90.0
2020-07,Região de Saúde Norte,"Hospital Santa Maria Maior, EPE","41.5324234, -8.6171561",1003,1138,88.1
2020-07,Região de Saúde Norte,"Unidade Local de Saúde do Nordeste, EPE","41.8056532, -6.7888197",951,1150,82.7
2020-08,Região de Saúde do Alentejo,"Unidade Local de Saúde do Litoral Alentejano, EPE","38.0162314, -8.6956768",536,600,89.3
2020-08,Região de Saúde do Alentejo,"Unidade Local de Saúde do Norte Alentejano, EPE","39.3003425, -7.4263845",717,866,82.8
2020-08,Região de Saúde do Centro,Hospital Arcebispo João Crisóstomo,"40.3470015, -8.5933462",226,226,100.0
2020-08,Região de Saúde LVT,"Centro Hospitalar de Lisboa Ocidental, EPE","38.708454, -9.216985",1196,1591,75.2
2020-08,Região de Saúde LVT,Centro Hospitalar do Oeste,"39.4054629, -9.1258493",667,921,72.4
2020-08,Região de Saúde LVT,"Hospital de Cascais, PPP","38.729006, -9.418267",1721,1887,91.2
2020-08,Região de Saúde LVT,"Hospital Professor Doutor Fernando Fonseca, EPE","38.7422257, -9.2264834",1562,1868,83.6
2020-08,Região de Saúde LVT,"Instituto Português Oncologia de Lisboa, EPE","38.7396768, -9.1634516",101,476,21.2
2020-08,Região de Saúde Norte,"Centro Hospitalar Universitário do Porto, EPE","41.1472498, -8.6172617",3768,4579,82.3
2020-08,Região de Saúde Norte,"Hospital de Braga, EPE","41.56785, -8.398982",3361,3697,90.9
2020-08,Região de Saúde Norte,"Hospital Santa Maria Maior, EPE","41.5324234, -8.6171561",1141,1282,89.0
2020-08,Região de Saúde Norte,"Instituto Português Oncologia do Porto, EPE","41.1785642, -8.6062881",463,1002,46.2
2020-08,Região de Saúde Norte,"Unidade Local de Saúde do Alto Minho, EPE","41.7056054, -8.8252713",1665,2034,81.9
2020-09,Região de Saúde do Centro,"Centro Hospitalar do Baixo Vouga, EPE","40.6362453, -8.6543716",2406,3016,79.8
2020-09,Região de Saúde do Centro,Hospital Arcebispo João Crisóstomo,"40.3470015, -8.5933462",256,256,100.0
2020-09,Região de Saúde do Centro,Hospital Dr. Francisco Zagalo,"40.8571967, -8.6318023",438,449,97.6
2020-09,Região de Saúde LVT,"Centro Hospitalar Barreiro/Montijo, EPE","38.6554005, -9.0592392",698,959,72.8
2020-09,Região de Saúde LVT,"Centro Hospitalar Universitário Lisboa Central, EPE","38.7166948, -9.1371248",3580,4227,84.7
2020-09,Região de Saúde LVT,"Centro Hospitalar de Lisboa Ocidental, EPE","38.708454, -9.216985",1307,1751,74.6
2020-09,Região de Saúde LVT,"Centro Hospitalar Médio Tejo, EPE","39.478072, -8.5404429",1606,1920,83.6
2020-09,Região de Saúde LVT,"Hospital de Loures, PPP","38.821455, -9.176296",2024,2378,85.1
2020-09,Região de Saúde LVT,"Hospital de Vila Franca de Xira, PPP","38.977235, -8.984506",2098,2458,85.4
2020-09,Região de Saúde LVT,"Hospital Professor Doutor Fernando Fonseca, EPE","38.7422257, -9.2264834",1887,2269,83.2
2020-09,Região de Saúde LVT,Instituto Gama Pinto,"38.7218793, -9.144249",1477,1477,100.0
2020-09,Região de Saúde Norte,"Centro Hospitalar Trás-os-Montes e Alto Douro, EPE","41.3031784, -7.7515252",2763,3276,84.3
2020-09,Região de Saúde Norte,"Unidade Local de Saúde de Matosinhos, EPE","41.1794456, -8.6745115",2270,2528,89.8
2020-09,Região de Saúde Norte,"Unidade Local de Saúde do Nordeste, EPE","41.8056532, -6.7888197",1406,1681,83.6
2020-10,Região de Saúde do Centro,"Centro Hospitalar do Baixo Vouga, EPE","40.6362453, -8.6543716",2867,3582,80.0
2020-10,Região de Saúde do Centro,"Hospital Distrital da Figueira da Foz, EPE","40.117897, -8.8586755",1841,2021,91.1
2020-10,Região de Saúde do Centro,Hospital Dr. Francisco Zagalo,"40.8571967, -8.6318023",518,529,97.9
2020-10,Região de Saúde LVT,Centro Hospitalar do Oeste,"39.4054629, -9.1258493",950,1260,75.4
2020-10,Região de Saúde LVT,"Hospital Professor Doutor Fernando Fonseca, EPE","38.7422257, -9.2264834",2358,2835,83.2
2020-10,Região de Saúde Norte,"Centro Hospitalar do Médio Ave, EPE","41.3423984, -8.4802503",1592,1887,84.4
2020-10,Região de Saúde Norte,"Centro Hospitalar Tâmega e Sousa, EPE","41.2494561, -8.264901",3963,4709,84.2
2020-10,Região de Saúde Norte,"Hospital de Braga, EPE","41.56785, -8.398982",5377,5887,91.3
2020-10,Região de Saúde Norte,"Unidade Local de Saúde de Matosinhos, EPE","41.1794456, -8.6745115",2677,2988,89.6
2020-11,Região de Saúde do Centro,Centro Medicina de Reabilitação da Região Centro Rovisco Pais,"40.297919, -8.7707806",0,0,
2020-11,Região de Saúde do Centro,"Hospital Distrital da Figueira da Foz, EPE","40.117897, -8.8586755",2099,2290,91.7
2020-11,Região de Saúde do Centro,"Instituto Português Oncologia de Coimbra, EPE","40.2162514, -8.4103814",30,456,6.6
2020-11,Região de Saúde do Centro,"Unidade Local de Saúde de Castelo Branco, EPE","39.8212263, -7.4981271",552,852,64.8
2020-11,Região de Saúde LVT,"Centro Hospitalar de Lisboa Ocidental, EPE","38.708454, -9.216985",1699,2282,74.5
2020-11,Região de Saúde LVT,"Hospital Professor Doutor Fernando Fonseca, EPE","38.7422257, -9.2264834",2740,3285,83.4
2020-11,Região de Saúde LVT,"Instituto Português Oncologia de Lisboa, EPE","38.7396768, -9.1634516",135,656,20.6
2020-11,Região de Saúde Norte,"Instituto Português Oncologia do Porto, EPE","41.1785642, -8.6062881",599,1335,44.9
2020-11,Região de Saúde Norte,"Unidade Local de Saúde do Nordeste, EPE","41.8056532, -6.7888197",1804,2150,83.9
2020-12,Região de Saúde do Centro,"Centro Hospitalar do Baixo Vouga, EPE","40.6362453, -8.6543716",3603,4371,82.4
2020-12,Região de Saúde do Centro,Hospital Dr. Francisco Zagalo,"40.8571967, -8.6318023",631,648,97.4
2020-12,Região de Saúde do Centro,"Unidade Local de Saúde da Guarda, EPE","40.5309916, -7.2734793",353,429,82.3
2020-12,Região de Saúde LVT,"Centro Hospitalar de Lisboa Ocidental, EPE","38.708454, -9.216985",1861,2481,75.0
2020-12,Região de Saúde LVT,Centro Hospitalar do Oeste,"39.4054629, -9.1258493",1195,1544,77.4
2020-12,Região de Saúde LVT,"Centro Hospitalar Universitário de Lisboa Norte, EPE","38.7500861, -9.1616116",3895,4580,85.0
2020-12,Região de Saúde LVT,"Hospital de Loures, PPP","38.821455, -9.176296",2782,3253,85.5
2020-12,Região de Saúde Norte,"Centro Hospitalar Universitário de São João, EPE","41.1831056, -8.6010558",6638,9169,72.4
2020-12,Região de Saúde Norte,"Centro Hospitalar Tâmega e Sousa, EPE","41.2494561, -8.264901",4719,5527,85.4
2021-01,Região de Saúde do Algarve,"Centro Hospitalar Universitário do Algarve, EPE","37.0238973, -7.9281554",115,140,82.1
2021-01,Região de Saúde do Centro,"Centro Hospitalar de Leiria, EPE","39.7414812, -8.7982706",377,385,97.9
2021-01,Região de Saúde do Centro,"Centro Hospitalar do Baixo Vouga, EPE","40.6362453, -8.6543716",108,115,93.9
2021-01,Região de Saúde do Centro,"Centro Hospitalar Tondela-Viseu, EPE","40.516364, -8.0827433",148,156,94.9
2021-01,Região de Saúde do Centro,"Unidade Local de Saúde de Castelo Branco, EPE","39.8212263, -7.4981271",18,29,62.1
2021-01,Região de Saúde LVT,"Centro Hospitalar de Lisboa Ocidental, EPE","38.708454, -9.216985",136,158,86.1
2021-01,Região de Saúde LVT,"Instituto Português Oncologia de Lisboa, EPE","38.7396768, -9.1634516",8,64,12.5
2021-01,Região de Saúde Norte,"Centro Hospitalar Universitário do Porto, EPE","41.1472498, -8.6172617",849,943,90.0
2021-01,Região de Saúde Norte,"Centro Hospitalar Tâmega e Sousa, EPE","41.2494561, -8.264901",505,536,94.2
2021-01,Região de Saúde Norte,"Centro Hospitalar Trás-os-Montes e Alto Douro, EPE","41.3031784, -7.7515252",371,395,93.9
2021-01,Região de Saúde Norte,"Hospital Santa Maria Maior, EPE","41.5324234, -8.6171561",122,126,96.8
2021-01,Região de Saúde Norte,"Unidade Local de Saúde do Alto Minho, EPE","41.7056054, -8.8252713",91,100,91.0
2021-01,Região de Saúde Norte,"Unidade Local de Saúde do Nordeste, EPE","41.8056532, -6.7888197",114,127,89.8
2021-02,Região de Saúde do Centro,"Centro Hospitalar Universitário Cova da Beira, EPE","40.2804158, -7.4922407",85,88,96.6
2021-02,Região de Saúde do Centro,"Centro Hospitalar de Leiria, EPE","39.7414812, -8.7982706",894,914,97.8
2021-02,Região de Saúde do Centro,Centro Medicina de Reabilitação da Região Centro Rovisco Pais,"40.297919, -8.7707806",0,0,
2021-02,Região de Saúde do Centro,Hospital Arcebispo João Crisóstomo,"40.3470015, -8.5933462",90,90,100.0
2021-02,Região de Saúde LVT,"Centro Hospitalar de Setúbal, EPE","38.5283754, -8.8818638",49,67,73.1
2021-02,Região de Saúde LVT,Centro Hospitalar Psiquiátrico de Lisboa,"38.7569771, -9.1460705",0,0,
2021-02,Região de Saúde LVT,Instituto Gama Pinto,"38.7218793, -9.144249",567,567,100.0
2021-02,Região de Saúde Norte,"Centro Hospitalar Universitário de São João, EPE","41.1831056, -8.6010558",1531,2004,76.4
2021-02,Região de Saúde Norte,"Centro Hospitalar Universitário do Porto, EPE","41.1472498, -8.6172617",1638,1845,88.8
2021-02,Região de Saúde Norte,"Centro Hospitalar Póvoa de Varzim/Vila do Conde, EPE","41.3828711, -8.7589945",159,196,81.1
2021-02,Região de Saúde Norte,"Centro Hospitalar Trás-os-Montes e Alto Douro, EPE","41.3031784, -7.7515252",476,518,91.9
2021-02,Região de Saúde Norte,"Hospital da Senhora da Oliveira, Guimarães, EPE","41.4387173, -8.3086907",667,700,95.3
2021-02,Região de Saúde Norte,"Instituto Português Oncologia do Porto, EPE","41.1785642, -8.6062881",66,189,34.9
2021-03,Região de Saúde do Alentejo,"Hospital Espírito Santo de Évora, EPE","38.5684861, -7.9032848",591,653,90.5
2021-03,Região de Saúde do Alentejo,"Unidade Local de Saúde do Litoral Alentejano, EPE","38.0162314, -8.6956768",182,201,90.5
2021-03,Região de Saúde do Alentejo,"Unidade Local de Saúde do Norte Alentejano, EPE","39.3003425, -7.4263845",461,504,91.5
2021-03,Região de Saúde do Centro,"Centro Hospitalar Universitário Cova da Beira, EPE","40.2804158, -7.4922407",271,318,85.2
2021-03,Região de Saúde do Centro,"Centro Hospitalar de Leiria, EPE","39.7414812, -8.7982706",1549,1645,94.2
2021-03,Região de Saúde Norte,"Hospital da Senhora da Oliveira, Guimarães, EPE","41.4387173, -8.3086907",1024,1104,92.8
2021-03,Região de Saúde Norte,"Hospital Santa Maria Maior, EPE","41.5324234, -8.6171561",513,521,98.5
2021-04,Região de Saúde do Alentejo,"Unidade Local de Saúde do Litoral Alentejano, EPE","38.0162314, -8.6956768",415,444,93.5
2021-04,Região de Saúde do Centro,"Centro Hospitalar de Leiria, EPE","39.7414812, -8.7982706",2145,2307,93.0
2021-04,Região de Saúde do Centro,"Centro Hospitalar do Baixo Vouga, EPE","40.6362453, -8.6543716",1071,1269,84.4
2021-04,Região de Saúde LVT,"Centro Hospitalar Universitário de Lisboa Norte, EPE","38.7500861, -9.1616116",1490,1684,88.5
2021-04,Região de Saúde LVT,"Centro Hospitalar Médio Tejo, EPE","39.478072, -8.5404429",580,707,82.0
2021-04,Região de Saúde LVT,"Instituto Português Oncologia de Lisboa, EPE","38.7396768, -9.1634516",57,311,18.3
2021-04,Região de Saúde Norte,"Centro Hospitalar Entre Douro e Vouga, EPE","40.9293884, -8.5458794",2239,2467,90.8
2021-04,Região de Saúde Norte,"Hospital da Senhora da Oliveira, Guimarães, EPE","41.4387173, -8.3086907",1314,1466,89.6
2021-04,Região de Saúde Norte,"Hospital de Magalhães Lemos, EPE","41.1764649, -8.6649823",0,0,
2021-05,Região de Saúde do Alentejo,"Hospital Espírito Santo de Évora, EPE","38.5684861, -7.9032848",1118,1286,86.9
2021-05,Região de Saúde do Centro,"Centro Hospitalar de Leiria, EPE","39.7414812, -8.7982706",2838,3069,92.5
2021-05,Região de Saúde do Centro,"Centro Hospitalar do Baixo Vouga, EPE","40.6362453, -8.6543716",1465,1750,83.7
2021-05,Região de Saúde do Centro,"Instituto Português Oncologia de Coimbra, EPE","40.2162514, -8.4103814",32,262,12.2
2021-05,Região de Saúde LVT,"Centro Hospitalar de Setúbal, EPE","38.5283754, -8.8818638",1094,1181,92.6
2021-05,Região de Saúde LVT,"Hospital Distrital de Santarém, EPE","39.2410946, -8.6937515",1166,1299,89.8
2021-05,Região de Saúde Norte,"Centro Hospitalar Vila Nova de Gaia/Espinho, EPE","41.1094138, -8.5972617",3245,3812,85.1
2021-05,Região de Saúde Norte,"Hospital Santa Maria Maior, EPE","41.5324234, -8.6171561",944,984,95.9
2021-06,Região de Saúde LVT,"Centro Hospitalar de Setúbal, EPE","38.5283754, -8.8818638",1556,1664,93.5
2021-06,Região de Saúde LVT,Centro Hospitalar do Oeste,"39.4054629, -9.1258493",728,835,87.2
2021-06,Região de Saúde LVT,Centro Hospitalar Psiquiátrico de Lisboa,"38.7569771, -9.1460705",0,0,
2021-06,Região de Saúde LVT,"Instituto Português Oncologia de Lisboa, EPE","38.7396768, -9.1634516",91,457,19.9
2021-06,Região de Saúde Norte,"Centro Hospitalar Universitário do Porto, EPE","41.1472498, -8.6172617",4643,5419,85.7
2021-06,Região de Saúde Norte,"Unidade Local de Saúde de Matosinhos, EPE","41.1794456, -8.6745115",1662,1909,87.1
2021-06,Região de Saúde Norte,"Unidade Local de Saúde do Nordeste, EPE","41.8056532, -6.7888197",1267,1435,88.3
2021-07,Região de Saúde do Alentejo,"Unidade Local de Saúde do Litoral Alentejano, EPE","38.0162314, -8.6956768",1025,1100,93.2
2021-07,Região de Saúde do Centro,"Centro Hospitalar do Baixo Vouga, EPE","40.6362453, -8.6543716",2132,2552,83.5
2021-07,Região de Saúde do Centro,Centro Medicina de Reabilitação da Região Centro Rovisco Pais,"40.297919, -8.7707806",0,0,
2021-07,Região de Saúde do Centro,"Hospital Distrital da Figueira da Foz, EPE","40.117897, -8.8586755",1984,2130,93.1
2021-07,Região de Saúde do Centro,"Unidade Local de Saúde de Castelo Branco, EPE","39.8212263, -7.4981271",347,547,63.4
2021-07,Região de Saúde LVT,"Centro Hospitalar Barreiro/Montijo, EPE","38.6554005, -9.0592392",1027,1244,82.6
2021-07,Região de Saúde LVT,"Centro Hospitalar Médio Tejo, EPE","39.478072, -8.5404429",1296,1581,82.0
2021-07,Região de Saúde LVT,Centro Hospitalar Psiquiátrico de Lisboa,"38.7569771, -9.1460705",0,0,
2021-07,Região de Saúde LVT,"Hospital de Loures, PPP","38.821455, -9.176296",1715,1965,87.3
2021-07,Região de Saúde LVT,"Hospital de Vila Franca de Xira, EPE","38.977235, -8.984506",4106,4562,90.0
2021-07,Região de Saúde LVT,Instituto Gama Pinto,"38.7218793, -9.144249",2240,2240,100.0
2021-07,Região de Saúde Norte,"Unidade Local de Saúde de Matosinhos, EPE","41.1794456, -8.6745115",1939,2235,86.8
2021-07,Região de Saúde Norte,"Unidade Local de Saúde do Alto Minho, EPE","41.7056054, -8.8252713",2214,2536,87.3
2021-08,Região de Saúde do Centro,"Centro Hospitalar Universitário Cova da Beira, EPE","40.2804158, -7.4922407",1063,1283,82.9
2021-08,Região de Saúde do Centro,"Centro Hospitalar do Baixo Vouga, EPE","40.6362453, -8.6543716",2260,2707,83.5
2021-08,Região de Saúde do Centro,"Hospital Distrital da Figueira da Foz, EPE","40.117897, -8.8586755",2225,2388,93.2
2021-08,Região de Saúde LVT,"Centro Hospitalar Universitário de Lisboa Norte, EPE","38.7500861, -9.1616116",3685,4134,89.1
2021-08,Região de Saúde LVT,"Hospital de Vila Franca de Xira, EPE","38.977235, -8.984506",4740,5256,90.2
2021-08,Região de Saúde LVT,"Hospital Garcia de Orta, EPE","38.6658713, -9.1822554",2311,2578,89.6
2021-08,Região de Saúde Norte,"Unidade Local de Saúde de Matosinhos, EPE","41.1794456, -8.6745115",2185,2511,87.0
2021-09,Região de Saúde do Alentejo,"Unidade Local de Saúde do Baixo Alentejo, EPE","38.014123, -7.8721227",862,1085,79.4
2021-09,Região de Saúde do Algarve,"Centro Hospitalar Universitário do Algarve, EPE","37.0238973, -7.9281554",2226,2818,79.0
2021-09,Região de Saúde do Centro,Centro Medicina de Reabilitação da Região Centro Rovisco Pais,"40.297919, -8.7707806",0,0,
2021-09,Região de Saúde LVT,"Centro Hospitalar Barreiro/Montijo, EPE","38.6554005, -9.0592392",1187,1482,80.1
2021-09,Região de Saúde LVT,"Centro Hospitalar Médio Tejo, EPE","39.478072, -8.5404429",1765,2140,82.5
2021-09,Região de Saúde LVT,"Hospital de Cascais, PPP","38.729006, -9.418267",2889,3147,91.8
2021-09,Região de Saúde Norte,"Centro Hospitalar Trás-os-Montes e Alto Douro, EPE","41.3031784, -7.7515252",4186,4814,87.0
2021-09,Região de Saúde Norte,"Instituto Português Oncologia do Porto, EPE","41.1785642, -8.6062881",354,994,35.6
2021-09,Região de Saúde Norte,"Unidade Local de Saúde do Alto Minho, EPE","41.7056054, -8.8252713",2571,2980,86.3
2021-10,Região de Saúde do Centro,"Centro Hospitalar Universitário Cova da Beira, EPE","40.2804158, -7.4922407",1387,1650,84.1
2021-10,Região de Saúde LVT,"Centro Hospitalar Barreiro/Montijo, EPE","38.6554005, -9.0592392",1333,1662,80.2
2021-10,Região de Saúde Norte,"Hospital da Senhora da Oliveira, Guimarães, EPE","41.4387173, -8.3086907",3060,3517,87.0
2021-10,Região de Saúde Norte,"Hospital de Magalhães Lemos, EPE","41.1764649, -8.6649823",0,0,
2021-10,Região de Saúde Norte,"Hospital Santa Maria Maior, EPE","41.5324234, -8.6171561",1906,1987,95.9
2021-10,Região de Saúde Norte,"Unidade Local de Saúde do Nordeste, EPE","41.8056532, -6.7888197",2275,2577,88.3
2021-11,Região de Saúde do Alentejo,"Unidade Local de Saúde do Litoral Alentejano, EPE","38.0162314, -8.6956768",1532,1661,92.2
2021-11,Região de Saúde do Alentejo,"Unidade Local de Saúde do Norte Alentejano, EPE","39.3003425, -7.4263845",1466,1651,88.8
2021-11,Região de Saúde do Centro,Centro Medicina de Reabilitação da Região Centro Rovisco Pais,"40.297919, -8.7707806",0,0,
2021-11,Região de Saúde do Centro,Hospital Arcebispo João Crisóstomo,"40.3470015, -8.5933462",452,452,100.0
2021-11,Região de Saúde do Centro,"Instituto Português Oncologia de Coimbra, EPE","40.2162514, -8.4103814",71,485,14.6
2021-11,Região de Saúde LVT,"Hospital de Vila Franca de Xira, EPE","38.977235, -8.984506",6508,7240,89.9
2021-11,Região de Saúde LVT,"Hospital Professor Doutor Fernando Fonseca, EPE","38.7422257, -9.2264834",3005,3593,83.6
2021-11,Região de Saúde LVT,"Hospital Garcia de Orta, EPE","38.6658713, -9.1822554",3196,3576,89.4
2021-11,Região de Saúde LVT,Instituto Gama Pinto,"38.7218793, -9.144249",3504,3504,100.0
2021-11,Região de Saúde LVT,"Instituto Português Oncologia de Lisboa, EPE","38.7396768, -9.1634516",170,829,20.5
2021-11,Região de Saúde Norte,"Hospital da Senhora da Oliveira, Guimarães, EPE","41.4387173, -8.3086907",3352,3859,86.9
2021-11,Região de Saúde Norte,"Unidade Local de Saúde do Nordeste, EPE","41.8056532, -6.7888197",2562,2898,88.4
2021-12,Região de Saúde do Centro,"Centro Hospitalar Universitário Cova da Beira, EPE","40.2804158, -7.4922407",1788,2101,85.1
2021-12,Região de Saúde do Centro,"Unidade Local de Saúde de Castelo Branco, EPE","39.8212263, -7.4981271",619,958,64.6
2021-12,Região de Saúde LVT,Centro Hospitalar do Oeste,"39.4054629, -9.1258493",1802,2069,87.1
2021-12,Região de Saúde LVT,"Hospital Distrital de Santarém, EPE","39.2410946, -8.6937515",1980,2279,86.9
2021-12,Região de Saúde Norte,"Centro Hospitalar Universitário de São João, EPE","41.1831056, -8.6010558",7837,10218,76.7
2021-12,Região de Saúde Norte,"Centro Hospitalar Póvoa de Varzim/Vila do Conde, EPE","41.3828711, -8.7589945",901,1259,71.6
2021-12,Região de Saúde Norte,"Centro Hospitalar Vila Nova de Gaia/Espinho, EPE","41.1094138, -8.5972617",7174,8677,82.7
2022-01,Região de Saúde do Alentejo,"Hospital Espírito Santo de Évora, EPE","38.5684861, -7.9032848",263,324,81.2
2022-01,Região de Saúde do Centro,"Centro Hospitalar de Leiria, EPE","39.7414812, -8.7982706",541,585,92.5
2022-01,Região de Saúde do Centro,"Centro Hospitalar e Universitário de Coimbra, EPE","40.2191523, -8.4098211",896,1061,84.4
2022-01,Região de Saúde do Centro,"Unidade Local de Saúde da Guarda, EPE","40.5309916, -7.2734793",72,77,93.5
2022-01,Região de Saúde LVT,"Centro Hospitalar Universitário de Lisboa Norte, EPE","38.7500861, -9.1616116",527,576,91.5
2022-01,Região de Saúde Norte,"Centro Hospitalar Universitário do Porto, EPE","41.1472498, -8.6172617",873,988,88.4
2022-01,Região de Saúde Norte,"Centro Hospitalar Tâmega e Sousa, EPE","41.2494561, -8.264901",587,646,90.9
2022-01,Região de Saúde Norte,"Hospital da Senhora da Oliveira, Guimarães, EPE","41.4387173, -8.3086907",243,287,84.7
2022-01,Região de Saúde Norte,"Hospital de Braga, EPE","41.56785, -8.398982",629,700,89.9
2022-01,Região de Saúde Norte,"Unidade Local de Saúde do Nordeste, EPE","41.8056532, -6.7888197",254,284,89.4
2022-02,Região de Saúde do Alentejo,"Hospital Espírito Santo de Évora, EPE","38.5684861, -7.9032848",508,626,81.2
2022-02,Região de Saúde do Centro,"Centro Hospitalar de Leiria, EPE","39.7414812, -8.7982706",1120,1218,92.0
2022-02,Região de Saúde do Centro,"Hospital Distrital da Figueira da Foz, EPE","40.117897, -8.8586755",495,533,92.9
2022-02,Região de Saúde LVT,"Hospital de Loures, EPE","38.821455, -9.176296",1030,1102,93.5
2022-02,Região de Saúde LVT,"Hospital de Vila Franca de Xira, EPE","38.977235, -8.984506",451,512,88.1
2022-02,Região de Saúde LVT,"Hospital Distrital de Santarém, EPE","39.2410946, -8.6937515",389,458,84.9
2022-02,Região de Saúde Norte,"Centro Hospitalar Universitário de São João, EPE","41.1831056, -8.6010558",1372,1797,76.3
2022-02,Região de Saúde Norte,"Centro Hospitalar do Médio Ave, EPE","41.3423984, -8.4802503",344,426,80.8
2022-02,Região de Saúde Norte,"Centro Hospitalar Póvoa de Varzim/Vila do Conde, EPE","41.3828711, -8.7589945",164,237,69.2
2022-02,Região de Saúde Norte,"Centro Hospitalar Vila Nova de Gaia/Espinho, EPE","41.1094138, -8.5972617",1206,1415,85.2
2022-02,Região de Saúde Norte,"Hospital de Magalhães Lemos, EPE","41.1764649, -8.6649823",0,0,
2022-02,Região de Saúde Norte,"Hospital Santa Maria Maior, EPE","41.5324234, -8.6171561",479,490,97.8
2022-02,Região de Saúde Norte,"Unidade Local de Saúde do Alto Minho, EPE","41.7056054, -8.8252713",715,838,85.3
2022-03,Região de Saúde do Alentejo,"Hospital Espírito Santo de Évora, EPE","38.5684861, -7.9032848",794,965,82.3
2022-03,Região de Saúde do Alentejo,"Unidade Local de Saúde do Litoral Alentejano, EPE","38.0162314, -8.6956768",412,449,91.8
2022-03,Região de Saúde do Algarve,"Centro Hospitalar Universitário do Algarve, EPE","37.0238973, -7.9281554",781,1018,76.7
2022-03,Região de Saúde do Centro,Hospital Dr. Francisco Zagalo,"40.8571967, -8.6318023",222,226,98.2
2022-03,Região de Saúde do Centro,"Unidade Local de Saúde de Castelo Branco, EPE","39.8212263, -7.4981271",250,351,71.2
2022-03,Região de Saúde LVT,"Centro Hospitalar Universitário Lisboa Central, EPE","38.7166948, -9.1371248",1569,1759,89.2
2022-03,Região de Saúde Norte,"Centro Hospitalar Universitário de São João, EPE","41.1831056, -8.6010558",2237,2893,77.3
2022-03,Região de Saúde Norte,"Centro Hospitalar Tâmega e Sousa, EPE","41.2494561, -8.264901",1802,1998,90.2
2022-03,Região de Saúde Norte,"Centro Hospitalar Trás-os-Montes e Alto Douro, EPE","41.3031784, -7.7515252",1540,1690,91.1
2022-03,Região de Saúde Norte,"Centro Hospitalar Vila Nova de Gaia/Espinho, EPE","41.1094138, -8.5972617",1939,2272,85.3
2022-03,Região de Saúde Norte,"Instituto Português Oncologia do Porto, EPE","41.1785642, -8.6062881",185,474,39.0
2022-04,Região de Saúde do Centro,"Centro Hospitalar Tondela-Viseu, EPE","40.516364, -8.0827433",1778,1882,94.5
2022-04,Região de Saúde do Centro,Hospital Arcebispo João Crisóstomo,"40.3470015, -8.5933462",86,86,100.0
2022-04,Região de Saúde do Centro,"Unidade Local de Saúde da Guarda, EPE","40.5309916, -7.2734793",240,261,92.0
2022-04,Região de Saúde LVT,"Hospital de Vila Franca de Xira, EPE","38.977235, -8.984506",868,997,87.1
2022-04,Região de Saúde Norte,"Centro Hospitalar Póvoa de Varzim/Vila do Conde, EPE","41.3828711, -8.7589945",362,525,69.0
2022-04,Região de Saúde Norte,"Centro Hospitalar Vila Nova de Gaia/Espinho, EPE","41.1094138, -8.5972617",2576,3068,84.0
2022-04,Região de Saúde Norte,"Unidade Local de Saúde do Alto Minho, EPE","41.7056054, -8.8252713",1597,1825,87.5
2022-04,Região de Saúde Norte,"Unidade Local de Saúde do Nordeste, EPE","41.8056532, -6.7888197",985,1135,86.8
2022-05,Região de Saúde do Centro,"Centro Hospitalar e Universitário de Coimbra, EPE","40.2191523, -8.4098211",4201,4998,84.1
2022-05,Região de Saúde do Centro,"Unidade Local de Saúde de Castelo Branco, EPE","39.8212263, -7.4981271",416,593,70.2
2022-05,Região de Saúde Norte,"Centro Hospitalar Vila Nova de Gaia/Espinho, EPE","41.1094138, -8.5972617",3281,3892,84.3
2022-05,Região de Saúde Norte,"Hospital de Magalhães Lemos, EPE","41.1764649, -8.6649823",0,0,
2022-05,Região de Saúde Norte,"Unidade Local de Saúde de Matosinhos, EPE","41.1794456, -8.6745115",1791,1976,90.6
2022-06,Região de Saúde do Centro,"Centro Hospitalar de Leiria, EPE","39.7414812, -8.7982706",3337,3609,92.5
2022-06,Região de Saúde do Centro,"Centro Hospitalar do Baixo Vouga, EPE","40.6362453, -8.6543716",2896,3303,87.7
2022-06,Região de Saúde do Centro,"Unidade Local de Saúde de Castelo Branco, EPE","39.8212263, -7.4981271",476,680,70.0
2022-06,Região de Saúde LVT,"Centro Hospitalar Universitário de Lisboa Norte, EPE","38.7500861, -9.1616116",3381,3775,89.6
2022-06,Região de Saúde LVT,"Centro Hospitalar Médio Tejo, EPE","39.478072, -8.5404429",1539,1857,82.9
2022-06,Região de Saúde LVT,"Hospital de Cascais, PPP","38.729006, -9.418267",2162,2307,93.7
2022-06,Região de Saúde LVT,"Hospital Distrital de Santarém, EPE","39.2410946, -8.6937515",1132,1343,84.3
2022-06,Região de Saúde Norte,"Centro Hospitalar do Médio Ave, EPE","41.3423984, -8.4802503",1244,1494,83.3
2022-06,Região de Saúde Norte,"Centro Hospitalar Póvoa de Varzim/Vila do Conde, EPE","41.3828711, -8.7589945",535,763,70.1
2022-06,Região de Saúde Norte,"Centro Hospitalar Tâmega e Sousa, EPE","41.2494561, -8.264901",3328,3753,88.7
2022-06,Região de Saúde Norte,"Unidade Local de Saúde do Alto Minho, EPE","41.7056054, -8.8252713",2580,2936,87.9
2022-07,Região de Saúde do Alentejo,"Unidade Local de Saúde do Baixo Alentejo, EPE","38.014123, -7.8721227",623,756,82.4
2022-07,Região de Saúde do Alentejo,"Unidade Local de Saúde do Norte Alentejano, EPE","39.3003425, -7.4263845",819,914,89.6
2022-07,Região de Saúde LVT,"Centro Hospitalar Barreiro/Montijo, EPE","38.6554005, -9.0592392",1004,1251,80.3
2022-07,Região de Saúde LVT,"Centro Hospitalar Médio Tejo, EPE","39.478072, -8.5404429",1825,2188,83.4
2022-07,Região de Saúde LVT,"Hospital de Loures, EPE","38.821455, -9.176296",2620,2884,90.8
2022-07,Região de Saúde LVT,Instituto Gama Pinto,"38.7218793, -9.144249",1762,1762,100.0
2022-07,Região de Saúde Norte,"Unidade Local de Saúde de Matosinhos, EPE","41.1794456, -8.6745115",2552,2826,90.3
2022-07,Região de Saúde Norte,"Unidade Local de Saúde do Nordeste, EPE","41.8056532, -6.7888197",1746,1995,87.5
2022-08,Região de Saúde do Alentejo,"Hospital Espírito Santo de Évora, EPE","38.5684861, -7.9032848",1885,2307,81.7
2022-08,Região de Saúde do Alentejo,"Unidade Local de Saúde do Baixo Alentejo, EPE","38.014123, -7.8721227",741,902,82.2
2022-08,Região de Saúde do Centro,"Centro Hospitalar de Leiria, EPE","39.7414812, -8.7982706",4412,4756,92.8
2022-08,Região de Saúde do Centro,"Unidade Local de Saúde da Guarda, EPE","40.5309916, -7.2734793",406,449,90.4
2022-08,Região de Saúde Norte,"Centro Hospitalar Póvoa de Varzim/Vila do Conde, EPE","41.3828711, -8.7589945",679,963,70.5
2022-08,Região de Saúde Norte,"Centro Hospitalar Trás-os-Montes e Alto Douro, EPE","41.3031784, -7.7515252",3356,3804,88.2
2022-08,Região de Saúde Norte,"Centro Hospitalar Vila Nova de Gaia/Espinho, EPE","41.1094138, -8.5972617",5110,6061,84.3
2022-08,Região de Saúde Norte,"Hospital de Braga, EPE","41.56785, -8.398982",7303,7904,92.4
2022-08,Região de Saúde Norte,"Hospital de Magalhães Lemos, EPE","41.1764649, -8.6649823",0,0,
2022-09,Região de Saúde do Alentejo,"Hospital Espírito Santo de Évora, EPE","38.5684861, -7.9032848",2079,2530,82.2
2022-09,Região de Saúde do Alentejo,"Unidade Local de Saúde do Litoral Alentejano, EPE","38.0162314, -8.6956768",1117,1226,91.1
2022-09,Região de Saúde do Algarve,"Centro Hospitalar Universitário do Algarve, EPE","37.0238973, -7.9281554",3035,3634,83.5
2022-09,Região de Saúde do Centro,Hospital Arcebispo João Crisóstomo,"40.3470015, -8.5933462",219,219,100.0
2022-09,Região de Saúde do Centro,Hospital Dr. Francisco Zagalo,"40.8571967, -8.6318023",604,613,98.5
2022-09,Região de Saúde LVT,"Centro Hospitalar Universitário Lisboa Central, EPE","38.7166948, -9.1371248",4354,4978,87.5
2022-09,Região de Saúde LVT,"Centro Hospitalar Médio Tejo, EPE","39.478072, -8.5404429",2394,2842,84.2
2022-09,Região de Saúde LVT,Centro Hospitalar Psiquiátrico de Lisboa,"38.7569771, -9.1460705",0,0,
2022-09,Região de Saúde Norte,"Centro Hospitalar do Médio Ave, EPE","41.3423984, -8.4802503",1782,2184,81.6
2022-09,Região de Saúde Norte,"Hospital da Senhora da Oliveira, Guimarães, EPE","41.4387173, -8.3086907",2514,2910,86.4
2022-09,Região de Saúde Norte,"Hospital Santa Maria Maior, EPE","41.5324234, -8.6171561",2046,2114,96.8
2022-09,Região de Saúde Norte,"Unidade Local de Saúde do Nordeste, EPE","41.8056532, -6.7888197",2249,2567,87.6
2022-10,Região de Saúde do Centro,"Centro Hospitalar Universitário Cova da Beira, EPE","40.2804158, -7.4922407",1412,1630,86.6
2022-10,Região de Saúde LVT,"Centro Hospitalar Barreiro/Montijo, EPE","38.6554005, -9.0592392",1336,1697,78.7
2022-10,Região de Saúde LVT,Centro Hospitalar Psiquiátrico de Lisboa,"38.7569771, -9.1460705",0,0,
2022-10,Região de Saúde Norte,"Centro Hospitalar do Médio Ave, EPE","41.3423984, -8.4802503",2105,2558,82.3
2022-10,Região de Saúde Norte,"Centro Hospitalar Vila Nova de Gaia/Espinho, EPE","41.1094138, -8.5972617",6450,7681,84.0
2022-10,Região de Saúde Norte,"Hospital Santa Maria Maior, EPE","41.5324234, -8.6171561",2298,2369,97.0
2022-11,Região de Saúde do Centro,"Centro Hospitalar Tondela-Viseu, EPE","40.516364, -8.0827433",4517,4873,92.7
2022-11,Região de Saúde do Centro,"Unidade Local de Saúde de Castelo Branco, EPE","39.8212263, -7.4981271",911,1250,72.9
2022-11,Região de Saúde LVT,"Centro Hospitalar de Lisboa Ocidental, EPE","38.708454, -9.216985",3184,3889,81.9
2022-11,Região de Saúde LVT,"Centro Hospitalar Médio Tejo, EPE","39.478072, -8.5404429",3000,3552,84.5
2022-11,Região de Saúde LVT,Centro Hospitalar Psiquiátrico de Lisboa,"38.7569771, -9.1460705",0,0,
2022-11,Região de Saúde LVT,"Hospital Garcia de Orta, EPE","38.6658713, -9.1822554",3436,3854,89.2
2022-11,Região de Saúde Norte,"Centro Hospitalar do Médio Ave, EPE","41.3423984, -8.4802503",2321,2811,82.6
2022-11,Região de Saúde Norte,"Centro Hospitalar Entre Douro e Vouga, EPE","40.9293884, -8.5458794",6014,6697,89.8
2022-11,Região de Saúde Norte,"Centro Hospitalar Póvoa de Varzim/Vila do Conde, EPE","41.3828711, -8.7589945",991,1390,71.3
2022-11,Região de Saúde Norte,"Hospital de Braga, EPE","41.56785, -8.398982",10559,11404,92.6
2022-11,Região de Saúde Norte,"Unidade Local de Saúde de Matosinhos, EPE","41.1794456, -8.6745115",3988,4431,90.0
2022-11,Região de Saúde Norte,"Unidade Local de Saúde do Nordeste, EPE","41.8056532, -6.7888197",2750,3155,87.2
2022-12,Região de Saúde do Alentejo,"Hospital Espírito Santo de Évora, EPE","38.5684861, -7.9032848",2806,3363,83.4
2022-12,Região de Saúde do Centro,Centro Medicina de Reabilitação da Região Centro Rovisco Pais,"40.297919, -8.7707806",0,0,
2022-12,Região de Saúde do Centro,"Unidade Local de Saúde da Guarda, EPE","40.5309916, -7.2734793",573,643,89.1
2022-12,Região de Saúde do Centro,"Unidade Local de Saúde de Castelo Branco, EPE","39.8212263, -7.4981271",949,1317,72.1
2022-12,Região de Saúde LVT,"Hospital de Loures, EPE","38.821455, -9.176296",3970,4440,89.4
2022-12,Região de Saúde LVT,"Hospital Distrital de Santarém, EPE","39.2410946, -8.6937515",1811,2167,83.6
2022-12,Região de Saúde LVT,"Hospital Garcia de Orta, EPE","38.6658713, -9.1822554",3718,4173,89.1
2022-12,Região de Saúde LVT,Instituto Gama Pinto,"38.7218793, -9.144249",3123,3123,100.0
2022-12,Região de Saúde Norte,"Centro Hospitalar Universitário do Porto, EPE","41.1472498, -8.6172617",10034,11335,88.5
2022-12,Região de Saúde Norte,"Centro Hospitalar Entre Douro e Vouga, EPE","40.9293884, -8.5458794",6599,7342,89.9
2023-01,Região de Saúde do Algarve,"Centro Hospitalar Universitário do Algarve, EPE","37.0238973, -7.9281554",333,392,84.9
2023-01,Região de Saúde do Centro,Hospital Dr. Francisco Zagalo,"40.8571967, -8.6318023",76,78,97.4
2023-01,Região de Saúde do Centro,"Instituto Português Oncologia de Coimbra, EPE","40.2162514, -8.4103814",10,41,24.4
2023-01,Região de Saúde LVT,Centro Hospitalar Psiquiátrico de Lisboa,"38.7569771, -9.1460705",0,0,
2023-01,Região de Saúde LVT,"Hospital Distrital de Santarém, EPE","39.2410946, -8.6937515",70,102,68.6
2023-01,Região de Saúde LVT,"Hospital Professor Doutor Fernando Fonseca, EPE","38.7422257, -9.2264834",426,476,89.5
2023-01,Região de Saúde LVT,Instituto Gama Pinto,"38.7218793, -9.144249",340,340,100.0
2023-01,Região de Saúde Norte,"Centro Hospitalar Universitário do Porto, EPE","41.1472498, -8.6172617",1049,1157,90.7
2023-01,Região de Saúde Norte,"Centro Hospitalar Entre Douro e Vouga, EPE","40.9293884, -8.5458794",480,553,86.8
2023-01,Região de Saúde Norte,"Centro Hospitalar Póvoa de Varzim/Vila do Conde, EPE","41.3828711, -8.7589945",116,162,71.6
2023-02,Região de Saúde do Alentejo,"Hospital Espírito Santo de Évora, EPE","38.5684861, -7.9032848",419,512,81.8
2023-02,Região de Saúde do Alentejo,"Unidade Local de Saúde do Litoral Alentejano, EPE","38.0162314, -8.6956768",326,351,92.9
2023-02,Região de Saúde do Alentejo,"Unidade Local de Saúde do Norte Alentejano, EPE","39.3003425, -7.4263845",251,269,93.3
2023-02,Região de Saúde do Centro,"Centro Hospitalar e Universitário de Coimbra, EPE","40.2191523, -8.4098211",1936,2228,86.9
2023-02,Região de Saúde LVT,Centro Hospitalar do Oeste,"39.4054629, -9.1258493",589,652,90.3
2023-02,Região de Saúde LVT,"Hospital de Cascais, PPP","38.729006, -9.418267",737,789,93.4
2023-02,Região de Saúde LVT,"Hospital de Loures, EPE","38.821455, -9.176296",326,379,86.0
2023-02,Região de Saúde Norte,"Instituto Português Oncologia do Porto, EPE","41.1785642, -8.6062881",61,218,28.0
2023-03,Região de Saúde do Alentejo,"Hospital Espírito Santo de Évora, EPE","38.5684861, -7.9032848",618,751,82.3
2023-03,Região de Saúde do Alentejo,"Unidade Local de Saúde do Baixo Alentejo, EPE","38.014123, -7.8721227",407,519,78.4
2023-03,Região de Saúde do Alentejo,"Unidade Local de Saúde do Norte Alentejano, EPE","39.3003425, -7.4263845",376,410,91.7
2023-03,Região de Saúde do Centro,Centro Medicina de Reabilitação da Região Centro Rovisco Pais,"40.297919, -8.7707806",0,0,
2023-03,Região de Saúde do Centro,Hospital Dr. Francisco Zagalo,"40.8571967, -8.6318023",186,190,97.9
2023-03,Região de Saúde do Centro,"Unidade Local de Saúde de Castelo Branco, EPE","39.8212263, -7.4981271",271,374,72.5
2023-03,Região de Saúde LVT,"Centro Hospitalar Médio Tejo, EPE","39.478072, -8.5404429",891,1079,82.6
2023-03,Região de Saúde LVT,"Hospital de Cascais, PPP","38.729006, -9.418267",1125,1212,92.8
2023-03,Região de Saúde LVT,"Hospital de Vila Franca de Xira, EPE","38.977235, -8.984506",702,796,88.2
2023-03,Região de Saúde Norte,"Centro Hospitalar do Médio Ave, EPE","41.3423984, -8.4802503",807,936,86.2
2023-03,Região de Saúde Norte,"Centro Hospitalar Trás-os-Montes e Alto Douro, EPE","41.3031784, -7.7515252",1531,1700,90.1
2023-03,Região de Saúde Norte,"Centro Hospitalar Universitário de Santo António, EPE","41.1472498, -8.6172617",2893,3234,89.5
2023-03,Região de Saúde Norte,"Unidade Local de Saúde de Matosinhos, EPE","41.1794456, -8.6745115",1149,1272,90.3
2023-04,Região de Saúde do Alentejo,"Hospital Espírito Santo de Évora, EPE","38.5684861, -7.9032848",761,939,81.0
2023-04,Região de Saúde do Centro,"Centro Hospitalar Universitário Cova da Beira, EPE","40.2804158, -7.4922407",789,892,88.5
2023-04,Região de Saúde LVT,Centro Hospitalar do Oeste,"39.4054629, -9.1258493",1231,1368,90.0
2023-04,Região de Saúde LVT,"Hospital de Loures, EPE","38.821455, -9.176296",845,941,89.8
2023-04,Região de Saúde Norte,"Centro Hospitalar Trás-os-Montes e Alto Douro, EPE","41.3031784, -7.7515252",2020,2242,90.1
2023-04,Região de Saúde Norte,"Centro Hospitalar Vila Nova de Gaia/Espinho, EPE","41.1094138, -8.5972617",2400,2969,80.8
2023-04,Região de Saúde Norte,"Hospital Santa Maria Maior, EPE","41.5324234, -8.6171561",1005,1041,96.5
2023-04,Região de Saúde Norte,"Unidade Local de Saúde de Matosinhos, EPE","41.1794456, -8.6745115",1550,1733,89.4
2023-05,Região de Saúde do Alentejo,"Hospital Espírito Santo de Évora, EPE","38.5684861, -7.9032848",1019,1236,82.4
2023-05,Região de Saúde do Alentejo,"Unidade Local de Saúde do Baixo Alentejo, EPE","38.014123, -7.8721227",684,878,77.9
2023-05,Região de Saúde do Alentejo,"Unidade Local de Saúde do Norte Alentejano, EPE","39.3003425, -7.4263845",686,742,92.5
2023-05,Região de Saúde do Centro,"Centro Hospitalar Universitário Cova da Beira, EPE","40.2804158, -7.4922407",1022,1156,88.4
2023-05,Região de Saúde do Centro,"Centro Hospitalar e Universitário de Coimbra, EPE","40.2191523, -8.4098211",4948,5694,86.9
2023-05,Região de Saúde do Centro,"Centro Hospitalar Tondela-Viseu, EPE","40.516364, -8.0827433",2461,2663,92.4
2023-05,Região de Saúde do Centro,Centro Medicina de Reabilitação da Região Centro Rovisco Pais,"40.297919, -8.7707806",0,0,
2023-05,Região de Saúde LVT,"Centro Hospitalar Barreiro/Montijo, EPE","38.6554005, -9.0592392",799,964,82.9
2023-05,Região de Saúde LVT,"Hospital de Loures, EPE","38.821455, -9.176296",1133,1254,90.4
2023-05,Região de Saúde Norte,"Hospital de Braga, EPE","41.56785, -8.398982",4942,5333,92.7
2023-05,Região de Saúde Norte,"Hospital Santa Maria Maior, EPE","41.5324234, -8.6171561",1242,1284,96.7
2023-05,Região de Saúde Norte,"Unidade Local de Saúde do Nordeste, EPE","41.8056532, -6.7888197",1299,1562,83.2
2023-06,Região de Saúde do Alentejo,"Unidade Local de Saúde do Litoral Alentejano, EPE","38.0162314, -8.6956768",1214,1309,92.7
2023-06,Região de Saúde do Centro,"Centro Hospitalar do Baixo Vouga, EPE","40.6362453, -8.6543716",2706,3172,85.3
2023-06,Região de Saúde do Centro,"Centro Hospitalar Tondela-Viseu, EPE","40.516364, -8.0827433",2928,3175,92.2
2023-06,Região de Saúde do Centro,"Hospital Distrital da Figueira da Foz, EPE","40.117897, -8.8586755",1710,1798,95.1
2023-06,Região de Saúde do Centro,Hospital Dr. Francisco Zagalo,"40.8571967, -8.6318023",356,362,98.3
2023-06,Região de Saúde LVT,Centro Hospitalar do Oeste,"39.4054629, -9.1258493",1778,1977,89.9
2023-06,Região de Saúde LVT,"Centro Hospitalar Médio Tejo, EPE","39.478072, -8.5404429",1736,2098,82.7
2023-06,Região de Saúde LVT,"Hospital de Loures, EPE","38.821455, -9.176296",1416,1581,89.6
2023-06,Região de Saúde LVT,"Hospital Distrital de Santarém, EPE","39.2410946, -8.6937515",621,850,73.1
2023-06,Região de Saúde LVT,"Instituto Português Oncologia de Lisboa, EPE","38.7396768, -9.1634516",191,582,32.8
2023-06,Região de Saúde Norte,"Centro Hospitalar Tâmega e Sousa, EPE","41.2494561, -8.264901",3754,4199,89.4
2023-06,Região de Saúde Norte,"Centro Hospitalar Trás-os-Montes e Alto Douro, EPE","41.3031784, -7.7515252",3181,3526,90.2
2023-06,Região de Saúde Norte,"Hospital da Senhora da Oliveira, Guimarães, EPE","41.4387173, -8.3086907",1884,2277,82.7
2023-06,Região de Saúde Norte,"Hospital Santa Maria Maior, EPE","41.5324234, -8.6171561",1479,1529,96.7
2023-07,Região de Saúde do Centro,"Hospital Distrital da Figueira da Foz, EPE","40.117897, -8.8586755",1994,2091,95.4
2023-07,Região de Saúde do Centro,Hospital Dr. Francisco Zagalo,"40.8571967, -8.6318023",390,396,98.5
2023-07,Região de Saúde LVT,"Hospital de Vila Franca de Xira, EPE","38.977235, -8.984506",1488,1682,88.5
2023-07,Região de Saúde Norte,"Centro Hospitalar Tâmega e Sousa, EPE","41.2494561, -8.264901",4446,4938,90.0
2023-08,Região de Saúde do Alentejo,"Unidade Local de Saúde do Litoral Alentejano, EPE","38.0162314, -8.6956768",1437,1557,92.3
2023-08,Região de Saúde do Alentejo,"Unidade Local de Saúde do Norte Alentejano, EPE","39.3003425, -7.4263845",1094,1197,91.4
2023-08,Região de Saúde do Centro,Centro Medicina de Reabilitação da Região Centro Rovisco Pais,"40.297919, -8.7707806",0,0,
2023-08,Região de Saúde do Centro,"Instituto Português Oncologia de Coimbra, EPE","40.2162514, -8.4103814",101,293,34.5
2023-08,Região de Saúde LVT,"Centro Hospitalar Universitário Lisboa Central, EPE","38.7166948, -9.1371248",3674,4134,88.9
2023-08,Região de Saúde LVT,"Centro Hospitalar de Setúbal, EPE","38.5283754, -8.8818638",2564,2729,94.0
2023-08,Região de Saúde LVT,"Hospital de Cascais, PPP","38.729006, -9.418267",2218,2417,91.8
2023-08,Região de Saúde LVT,"Hospital Distrital de Santarém, EPE","39.2410946, -8.6937515",962,1257,76.5
2023-08,Região de Saúde LVT,"Instituto Português Oncologia de Lisboa, EPE","38.7396768, -9.1634516",248,748,33.2
2023-08,Região de Saúde Norte,"Centro Hospitalar Trás-os-Montes e Alto Douro, EPE","41.3031784, -7.7515252",4096,4549,90.0
2023-08,Região de Saúde Norte,"Centro Hospitalar Vila Nova de Gaia/Espinho, EPE","41.1094138, -8.5972617",4857,5885,82.5
2023-08,Região de Saúde Norte,"Hospital da Senhora da Oliveira, Guimarães, EPE","41.4387173, -8.3086907",2520,3040,82.9
2023-09,Região de Saúde do Alentejo,"Hospital Espírito Santo de Évora, EPE","38.5684861, -7.9032848",1837,2194,83.7
2023-09,Região de Saúde do Alentejo,"Unidade Local de Saúde do Baixo Alentejo, EPE","38.014123, -7.8721227",1199,1521,78.8
2023-09,Região de Saúde do Alentejo,"Unidade Local de Saúde do Norte Alentejano, EPE","39.3003425, -7.4263845",1247,1357,91.9
2023-09,Região de Saúde do Algarve,"Centro Hospitalar Universitário do Algarve, EPE","37.0238973, -7.9281554",3291,3853,85.4
2023-09,Região de Saúde do Centro,"Centro Hospitalar e Universitário de Coimbra, EPE","40.2191523, -8.4098211",7479,8712,85.8
2023-09,Região de Saúde do Centro,Centro Medicina de Reabilitação da Região Centro Rovisco Pais,"40.297919, -8.7707806",0,0,
2023-09,Região de Saúde do Centro,Hospital Arcebispo João Crisóstomo,"40.3470015, -8.5933462",281,281,100.0
2023-09,Região de Saúde LVT,"Centro Hospitalar Barreiro/Montijo, EPE","38.6554005, -9.0592392",1191,1515,78.6
2023-09,Região de Saúde LVT,Centro Hospitalar Psiquiátrico de Lisboa,"38.7569771, -9.1460705",0,0,
2023-09,Região de Saúde LVT,"Hospital de Vila Franca de Xira, EPE","38.977235, -8.984506",2055,2309,89.0
2023-09,Região de Saúde LVT,"Hospital Distrital de Santarém, EPE","39.2410946, -8.6937515",1141,1463,78.0
2023-09,Região de Saúde LVT,"Hospital Professor Doutor Fernando Fonseca, EPE","38.7422257, -9.2264834",3595,4087,88.0
2023-09,Região de Saúde LVT,Instituto Gama Pinto,"38.7218793, -9.144249",3104,3104,100.0
2023-09,Região de Saúde LVT,"Instituto Português Oncologia de Lisboa, EPE","38.7396768, -9.1634516",285,858,33.2
2023-09,Região de Saúde Norte,"Centro Hospitalar Universitário de São João, EPE","41.1831056, -8.6010558",6231,8213,75.9
2023-10,Região de Saúde do Alentejo,"Hospital Espírito Santo de Évora, EPE","38.5684861, -7.9032848",2057,2455,83.8
2023-10,Região de Saúde do Algarve,"Centro Hospitalar Universitário do Algarve, EPE","37.0238973, -7.9281554",3877,4473,86.7
2023-10,Região de Saúde do Centro,"Centro Hospitalar e Universitário de Coimbra, EPE","40.2191523, -8.4098211",8418,9765,86.2
2023-10,Região de Saúde do Centro,"Unidade Local de Saúde de Castelo Branco, EPE","39.8212263, -7.4981271",760,1088,69.9
2023-10,Região de Saúde LVT,"Centro Hospitalar Barreiro/Montijo, EPE","38.6554005, -9.0592392",1345,1713,78.5
2023-10,Região de Saúde LVT,"Centro Hospitalar Médio Tejo, EPE","39.478072, -8.5404429",2787,3380,82.5
2023-10,Região de Saúde LVT,Centro Hospitalar Psiquiátrico de Lisboa,"38.7569771, -9.1460705",0,0,
2023-10,Região de Saúde LVT,"Hospital Distrital de Santarém, EPE","39.2410946, -8.6937515",1352,1697,79.7
2023-10,Região de Saúde LVT,"Instituto Português Oncologia de Lisboa, EPE","38.7396768, -9.1634516",328,947,34.6
2023-10,Região de Saúde Norte,"Centro Hospitalar Universitário de São João, EPE","41.1831056, -8.6010558",6830,9062,75.4
2023-10,Região de Saúde Norte,"Centro Hospitalar Póvoa de Varzim/Vila do Conde, EPE","41.3828711, -8.7589945",1050,1409,74.5
2023-10,Região de Saúde Norte,"Hospital de Braga, EPE","41.56785, -8.398982",11047,11773,93.8
2023-10,Região de Saúde Norte,"Hospital Santa Maria Maior, EPE","41.5324234, -8.6171561",2422,2492,97.2
2023-11,Região de Saúde do Centro,"Centro Hospitalar Tondela-Viseu, EPE","40.516364, -8.0827433",5320,5754,92.5
2023-11,Região de Saúde do Centro,"Instituto Português Oncologia de Coimbra, EPE","40.2162514, -8.4103814",121,392,30.9
2023-11,Região de Saúde LVT,"Centro Hospitalar Médio Tejo, EPE","39.478072, -8.5404429",3115,3787,82.3
2023-11,Região de Saúde LVT,"Hospital de Vila Franca de Xira, EPE","38.977235, -8.984506",2604,2912,89.4
2023-11,Região de Saúde Norte,"Centro Hospitalar do Médio Ave, EPE","41.3423984, -8.4802503",2319,2727,85.0
2023-11,Região de Saúde Norte,"Hospital Santa Maria Maior, EPE","41.5324234, -8.6171561",2651,2726,97.2
2023-11,Região de Saúde Norte,"Unidade Local de Saúde de Matosinhos, EPE","41.1794456, -8.6745115",4285,4667,91.8
2023-12,Região de Saúde do Alentejo,"Unidade Local de Saúde do Litoral Alentejano, EPE","38.0162314, -8.6956768",2298,2462,93.3
2023-12,Região de Saúde do Alentejo,"Unidade Local de Saúde do Norte Alentejano, EPE","39.3003425, -7.4263845",1676,1827,91.7
2023-12,Região de Saúde LVT,"Centro Hospitalar Barreiro/Montijo, EPE","38.6554005, -9.0592392",1618,2068,78.2
2023-12,Região de Saúde LVT,"Centro Hospitalar Universitário de Lisboa Norte, EPE","38.7500861, -9.1616116",6876,7797,88.2
2023-12,Região de Saúde LVT,Centro Hospitalar Psiquiátrico de Lisboa,"38.7569771, -9.1460705",0,0,
2023-12,Região de Saúde LVT,"Instituto Português Oncologia de Lisboa, EPE","38.7396768, -9.1634516",388,1128,34.4
2023-12,Região de Saúde Norte,"Centro Hospitalar Trás-os-Montes e Alto Douro, EPE","41.3031784, -7.7515252",5919,6546,90.4
2023-12,Região de Saúde Norte,"Hospital da Senhora da Oliveira, Guimarães, EPE","41.4387173, -8.3086907",4037,4807,84.0
2023-12,Região de Saúde Norte,"Unidade Local de Saúde do Alto Minho, EPE","41.7056054, -8.8252713",5441,5969,91.2
2013-01,Região de Saúde do Alentejo,"Unidade Local de Saúde do Norte Alentejano, EPE","39.3003425, -7.4263845",80,114,70.2
2013-01,Região de Saúde do Centro,"Centro Hospitalar de Leiria, EPE","39.7414812, -8.7982706",241,351,68.7
2013-01,Região de Saúde do Centro,"Unidade Local de Saúde de Castelo Branco, EPE","39.8212263, -7.4981271",53,77,68.8
2013-01,Região de Saúde LVT,"Centro Hospitalar Universitário Lisboa Central, EPE","38.7166948, -9.1371248",591,712,83.0
2013-01,Região de Saúde LVT,Centro Hospitalar Psiquiátrico de Lisboa,"38.7569771, -9.1460705",0,0,
2013-01,Região de Saúde Norte,"Centro Hospitalar Tâmega e Sousa, EPE","41.2494561, -8.264901",217,302,71.9
2013-01,Região de Saúde Norte,"Unidade Local de Saúde de Matosinhos, EPE","41.1794456, -8.6745115",255,345,73.9
2013-02,Região de Saúde do Alentejo,"Unidade Local de Saúde do Norte Alentejano, EPE","39.3003425, -7.4263845",144,216,66.7
2013-02,Região de Saúde do Algarve,"Centro Hospitalar Universitário do Algarve, EPE","37.0238973, -7.9281554",449,561,80.0
2013-02,Região de Saúde do Centro,"Centro Hospitalar Universitário Cova da Beira, EPE","40.2804158, -7.4922407",50,142,35.2
2013-02,Região de Saúde do Centro,"Hospital Distrital da Figueira da Foz, EPE","40.117897, -8.8586755",164,249,65.9
2013-02,Região de Saúde do Centro,Hospital Dr. Francisco Zagalo,"40.8571967, -8.6318023",122,145,84.1
2013-02,Região de Saúde do Centro,"Instituto Português Oncologia de Coimbra, EPE","40.2162514, -8.4103814",7,53,13.2
2013-02,Região de Saúde LVT,"Centro Hospitalar Universitário Lisboa Central, EPE","38.7166948, -9.1371248",1148,1420,80.8
2013-02,Região de Saúde LVT,"Centro Hospitalar Universitário de Lisboa Norte, EPE","38.7500861, -9.1616116",437,730,59.9
2013-02,Região de Saúde Norte,"Centro Hospitalar do Alto Ave, EPE","41.4387173, -8.3086907",504,638,79.0
2013-02,Região de Saúde Norte,"Instituto Português Oncologia do Porto, EPE","41.1785642, -8.6062881",192,240,80.0
2013-03,Região de Saúde do Centro,"Centro Hospitalar de Leiria, EPE","39.7414812, -8.7982706",827,1203,68.7
2013-03,Região de Saúde do Centro,"Unidade Local de Saúde da Guarda, EPE","40.5309916, -7.2734793",281,373,75.3
2013-03,Região de Saúde LVT,Centro Hospitalar do Oeste,"39.4054629, -9.1258493",247,439,56.3
2013-03,Região de Saúde LVT,"Hospital de Vila Franca de Xira, PPP","38.977235, -8.984506",523,652,80.2
2013-03,Região de Saúde Norte,"Centro Hospitalar do Médio Ave, EPE","41.3423984, -8.4802503",445,668,66.6
2013-03,Região de Saúde Norte,"Centro Hospitalar Universitário do Porto, EPE","41.1472498, -8.6172617",1478,1845,80.1
2013-03,Região de Saúde Norte,"Centro Hospitalar Tâmega e Sousa, EPE","41.2494561, -8.264901",636,950,66.9
2013-03,Região de Saúde Norte,"Hospital Santa Maria Maior, EPE","41.5324234, -8.6171561",273,374,73.0
2013-04,Região de Saúde do Algarve,"Centro Hospitalar Universitário do Algarve, EPE","37.0238973, -7.9281554",975,1216,80.2
2013-04,Região de Saúde do Centro,"Centro Hospitalar e Universitário de Coimbra, EPE","40.2191523, -8.4098211",2112,2824,74.8
2013-04,Região de Saúde do Centro,Hospital Arcebispo João Crisóstomo,"40.3470015, -8.5933462",234,234,100.0
2013-04,Região de Saúde do Centro,Hospital José Luciano de Castro,"40.4422767, -8.4438729",55,55,100.0
2013-04,Região de Saúde LVT,"Hospital de Loures, PPP","38.821455, -9.176296",782,963,81.2
2013-04,Região de Saúde LVT,"Hospital de Vila Franca de Xira, PPP","38.977235, -8.984506",661,817,80.9
2013-04,Região de Saúde LVT,"Hospital Distrital de Santarém, EPE","39.2410946, -8.6937515",509,718,70.9
2013-04,Região de Saúde Norte,"Centro Hospitalar Vila Nova de Gaia/Espinho, EPE","41.1094138, -8.5972617",1848,2336,79.1
2013-04,Região de Saúde Norte,"Hospital Santa Maria Maior, EPE","41.5324234, -8.6171561",367,508,72.2
2013-05,Região de Saúde do Alentejo,"Unidade Local de Saúde do Baixo Alentejo, EPE","38.014123, -7.8721227",516,677,76.2
2013-05,Região de Saúde do Centro,Hospital José Luciano de Castro,"40.4422767, -8.4438729",55,55,100.0
2013-05,Região de Saúde do Centro,"Unidade Local de Saúde de Castelo Branco, EPE","39.8212263, -7.4981271",311,476,65.3
2013-05,Região de Saúde LVT,"Centro Hospitalar Médio Tejo, EPE","39.478072, -8.5404429",729,1086,67.1
2013-05,Região de Saúde LVT,Centro Hospitalar Psiquiátrico de Lisboa,"38.7569771, -9.1460705",0,0,
2013-05,Região de Saúde LVT,"Hospital de Vila Franca de Xira, PPP","38.977235, -8.984506",804,998,80.6
2013-05,Região de Saúde LVT,"Hospital Professor Doutor Fernando Fonseca, EPE","38.7422257, -9.2264834",1360,2306,59.0
2013-05,Região de Saúde Norte,"Centro Hospitalar Tâmega e Sousa, EPE","41.2494561, -8.264901",1136,1642,69.2
2013-06,Região de Saúde do Centro,Centro Medicina de Reabilitação da Região Centro Rovisco Pais,"40.297919, -8.7707806",0,0,
2013-06,Região de Saúde do Centro,"Instituto Português Oncologia de Coimbra, EPE","40.2162514, -8.4103814",17,155,11.0
2013-06,Região de Saúde LVT,"Centro Hospitalar de Lisboa Ocidental, EPE","38.708454, -9.216985",1194,1584,75.4
2013-06,Região de Saúde LVT,"Hospital de Vila Franca de Xira, PPP","38.977235, -8.984506",949,1182,80.3
2013-06,Região de Saúde LVT,"Hospital Distrital de Santarém, EPE","39.2410946, -8.6937515",713,1006,70.9
2013-06,Região de Saúde Norte,"Centro Hospitalar Universitário de São João, EPE","41.1831056, -8.6010558",3467,4599,75.4
2013-06,Região de Saúde Norte,"Hospital de Braga, PPP","41.56785, -8.398982",2640,3193,82.7
2013-06,Região de Saúde Norte,"Hospital de Magalhães Lemos, EPE","41.1764649, -8.6649823",0,0,
2013-06,Região de Saúde Norte,"Unidade Local de Saúde de Matosinhos, EPE","41.1794456, -8.6745115",1279,1719,74.4
2013-06,Região de Saúde Norte,"Unidade Local de Saúde do Nordeste, EPE","41.8056532, -6.7888197",934,1289,72.5
2013-07,Região de Saúde do Centro,"Centro Hospitalar de Leiria, EPE","39.7414812, -8.7982706",2118,3090,68.5
2013-07,Região de Saúde do Centro,Centro Medicina de Reabilitação da Região Centro Rovisco Pais,"40.297919, -8.7707806",0,0,
2013-07,Região de Saúde LVT,"Centro Hospitalar Barreiro/Montijo, EPE","38.6554005, -9.0592392",696,935,74.4
2013-07,Região de Saúde LVT,Centro Hospitalar do Oeste,"39.4054629, -9.1258493",516,932,55.4
2013-07,Região de Saúde LVT,Instituto Gama Pinto,"38.7218793, -9.144249",1178,1178,100.0
2013-07,Região de Saúde Norte,"Centro Hospitalar do Médio Ave, EPE","41.3423984, -8.4802503",1085,1606,67.6
2013-07,Região de Saúde Norte,"Centro Hospitalar Trás-os-Montes e Alto Douro, EPE","41.3031784, -7.7515252",5,256,2.0
2013-07,Região de Saúde Norte,"Hospital de Magalhães Lemos, EPE","41.1764649, -8.6649823",0,0,
2013-08,Região de Saúde do Alentejo,"Hospital Espírito Santo de Évora, EPE","38.5684861, -7.9032848",1489,1981,75.2
2013-08,Região de Saúde do Centro,"Centro Hospitalar Universitário Cova da Beira, EPE","40.2804158, -7.4922407",224,478,46.9
2013-08,Região de Saúde do Centro,"Centro Hospitalar de Leiria, EPE","39.7414812, -8.7982706",2302,3368,68.3
2013-08,Região de Saúde do Centro,"Centro Hospitalar Tondela-Viseu, EPE","40.516364, -8.0827433",2659,3155,84.3
2013-08,Região de Saúde do Centro,Hospital Arcebispo João Crisóstomo,"40.3470015, -8.5933462",420,420,100.0
2013-08,Região de Saúde do Centro,"Instituto Português Oncologia de Coimbra, EPE","40.2162514, -8.4103814",19,183,10.4
2013-08,Região de Saúde LVT,"Centro Hospitalar de Setúbal, EPE","38.5283754, -8.8818638",723,1148,63.0
2013-08,Região de Saúde LVT,Centro Hospitalar do Oeste,"39.4054629, -9.1258493",557,1026,54.3
2013-08,Região de Saúde LVT,"Centro Hospitalar Universitário de Lisboa Norte, EPE","38.7500861, -9.1616116",1578,2625,60.1
2013-08,Região de Saúde LVT,"Centro Hospitalar Médio Tejo, EPE","39.478072, -8.5404429",1158,1704,68.0
2013-08,Região de Saúde LVT,"Hospital Professor Doutor Fernando Fonseca, EPE","38.7422257, -9.2264834",1686,3322,50.8
2013-08,Região de Saúde LVT,Instituto Gama Pinto,"38.7218793, -9.144249",1271,1271,100.0
2013-08,Região de Saúde Norte,"Centro Hospitalar Trás-os-Montes e Alto Douro, EPE","41.3031784, -7.7515252",16,301,5.3
2013-09,Região de Saúde do Centro,"Centro Hospitalar Tondela-Viseu, EPE","40.516364, -8.0827433",3000,3525,85.1
2013-09,Região de Saúde do Centro,Centro Medicina de Reabilitação da Região Centro Rovisco Pais,"40.297919, -8.7707806",0,0,
2013-09,Região de Saúde do Centro,Hospital Arcebispo João Crisóstomo,"40.3470015, -8.5933462",468,468,100.0
2013-09,Região de Saúde do Centro,Hospital Dr. Francisco Zagalo,"40.8571967, -8.6318023",528,602,87.7
2013-09,Região de Saúde Norte,"Centro Hospitalar Vila Nova de Gaia/Espinho, EPE","41.1094138, -8.5972617",3814,4769,80.0
2013-10,Região de Saúde do Alentejo,"Unidade Local de Saúde do Litoral Alentejano, EPE","38.0162314, -8.6956768",813,1033,78.7
2013-10,Região de Saúde do Alentejo,"Unidade Local de Saúde do Norte Alentejano, EPE","39.3003425, -7.4263845",529,864,61.2
2013-10,Região de Saúde do Algarve,"Centro Hospitalar Universitário do Algarve, EPE","37.0238973, -7.9281554",2022,2593,78.0
2013-10,Região de Saúde do Centro,"Centro Hospitalar Universitário Cova da Beira, EPE","40.2804158, -7.4922407",299,610,49.0
2013-10,Região de Saúde do Centro,"Centro Hospitalar do Baixo Vouga, EPE","40.6362453, -8.6543716",2068,2752,75.1
2013-10,Região de Saúde do Centro,"Unidade Local de Saúde da Guarda, EPE","40.5309916, -7.2734793",878,1203,73.0
2013-10,Região de Saúde LVT,"Hospital de Loures, PPP","38.821455, -9.176296",2247,2678,83.9
2013-10,Região de Saúde Norte,"Centro Hospitalar Tâmega e Sousa, EPE","41.2494561, -8.264901",2140,3168,67.6
2013-10,Região de Saúde Norte,"Centro Hospitalar Trás-os-Montes e Alto Douro, EPE","41.3031784, -7.7515252",551,956,57.6
2013-10,Região de Saúde Norte,"Centro Hospitalar Vila Nova de Gaia/Espinho, EPE","41.1094138, -8.5972617",4314,5391,80.0
2013-10,Região de Saúde Norte,"Hospital de Magalhães Lemos, EPE","41.1764649, -8.6649823",0,0,
2013-10,Região de Saúde Norte,"Instituto Português Oncologia do Porto, EPE","41.1785642, -8.6062881",894,1264,70.7
2013-11,Região de Saúde LVT,Centro Hospitalar do Oeste,"39.4054629, -9.1258493",680,1305,52.1
2013-11,Região de Saúde LVT,"Centro Hospitalar Universitário de Lisboa Norte, EPE","38.7500861, -9.1616116",2294,3721,61.7
2013-11,Região de Saúde LVT,"Centro Hospitalar Médio Tejo, EPE","39.478072, -8.5404429",1705,2432,70.1
2013-11,Região de Saúde LVT,"Hospital Professor Doutor Fernando Fonseca, EPE","38.7422257, -9.2264834",2454,4667,52.6
2013-11,Região de Saúde LVT,Instituto Gama Pinto,"38.7218793, -9.144249",1836,1836,100.0
2013-11,Região de Saúde Norte,"Centro Hospitalar Póvoa de Varzim/Vila do Conde, EPE","41.3828711, -8.7589945",599,1111,53.9
2013-11,Região de Saúde Norte,"Hospital de Braga, PPP","41.56785, -8.398982",5393,6341,85.0
2013-11,Região de Saúde Norte,"Hospital Santa Maria Maior, EPE","41.5324234, -8.6171561",886,1189,74.5
2013-11,Região de Saúde Norte,"Instituto Português Oncologia do Porto, EPE","41.1785642, -8.6062881",988,1397,70.7
2013-12,Região de Saúde do Alentejo,"Unidade Local de Saúde do Baixo Alentejo, EPE","38.014123, -7.8721227",1102,1448,76.1
2013-12,Região de Saúde do Centro,"Centro Hospitalar de Leiria, EPE","39.7414812, -8.7982706",3704,5371,69.0
2013-12,Região de Saúde do Centro,"Unidade Local de Saúde de Castelo Branco, EPE","39.8212263, -7.4981271",657,993,66.2
2013-12,Região de Saúde LVT,"Centro Hospitalar Barreiro/Montijo, EPE","38.6554005, -9.0592392",1159,1659,69.9
2013-12,Região de Saúde LVT,"Hospital de Cascais, PPP","38.729006, -9.418267",1863,2201,84.6
2013-12,Região de Saúde LVT,"Hospital de Loures, PPP","38.821455, -9.176296",2668,3182,83.8
2013-12,Região de Saúde LVT,"Instituto Português Oncologia de Lisboa, EPE","38.7396768, -9.1634516",127,329,38.6
2013-12,Região de Saúde Norte,"Hospital Santa Maria Maior, EPE","41.5324234, -8.6171561",956,1278,74.8
2013-12,Região de Saúde Norte,"Instituto Português Oncologia do Porto, EPE","41.1785642, -8.6062881",1052,1500,70.1
2013-12,Região de Saúde Norte,"Unidade Local de Saúde do Nordeste, EPE","41.8056532, -6.7888197",1843,2442,75.5
2014-01,Região de Saúde do Alentejo,"Unidade Local de Saúde do Baixo Alentejo, EPE","38.014123, -7.8721227",110,132,83.3
2014-01,Região de Saúde do Centro,Hospital Dr. Francisco Zagalo,"40.8571967, -8.6318023",56,67,83.6
2014-01,Região de Saúde LVT,"Centro Hospitalar Universitário Lisboa Central, EPE","38.7166948, -9.1371248",532,647,82.2
2014-01,Região de Saúde LVT,"Centro Hospitalar de Lisboa Ocidental, EPE","38.708454, -9.216985",227,299,75.9
2014-01,Região de Saúde LVT,"Hospital Distrital de Santarém, EPE","39.2410946, -8.6937515",144,194,74.2
2014-01,Região de Saúde Norte,"Centro Hospitalar Universitário do Porto, EPE","41.1472498, -8.6172617",640,763,83.9
2014-01,Região de Saúde Norte,"Centro Hospitalar Trás-os-Montes e Alto Douro, EPE","41.3031784, -7.7515252",405,468,86.5
2014-01,Região de Saúde Norte,"Instituto Português Oncologia do Porto, EPE","41.1785642, -8.6062881",89,104,85.6
2014-01,Região de Saúde Norte,"Unidade Local de Saúde do Alto Minho, EPE","41.7056054, -8.8252713",234,282,83.0
2014-02,Região de Saúde do Alentejo,"Unidade Local de Saúde do Litoral Alentejano, EPE","38.0162314, -8.6956768",116,153,75.8
2014-02,Região de Saúde LVT,Centro Hospitalar do Oeste,"39.4054629, -9.1258493",222,341,65.1
2014-02,Região de Saúde LVT,"Hospital Distrital de Santarém, EPE","39.2410946, -8.6937515",271,372,72.8
2014-02,Região de Saúde Norte,"Centro Hospitalar Universitário do Porto, EPE","41.1472498, -8.6172617",1220,1447,84.3
2014-02,Região de Saúde Norte,"Centro Hospitalar Entre Douro e Vouga, EPE","40.9293884, -8.5458794",670,831,80.6
2014-02,Região de Saúde Norte,"Centro Hospitalar Vila Nova de Gaia/Espinho, EPE","41.1094138, -8.5972617",969,1174,82.5
2014-02,Região de Saúde Norte,"Unidade Local de Saúde do Nordeste, EPE","41.8056532, -6.7888197",356,423,84.2
2014-03,Região de Saúde do Alentejo,"Unidade Local de Saúde do Baixo Alentejo, EPE","38.014123, -7.8721227",378,437,86.5
2014-03,Região de Saúde do Alentejo,"Unidade Local de Saúde do Litoral Alentejano, EPE","38.0162314, -8.6956768",207,269,77.0
2014-03,Região de Saúde do Centro,Centro Medicina de Reabilitação da Região Centro Rovisco Pais,"40.297919, -8.7707806",0,0,
2014-03,Região de Saúde do Centro,Hospital Arcebispo João Crisóstomo,"40.3470015, -8.5933462",200,200,100.0
2014-03,Região de Saúde do Centro,"Instituto Português Oncologia de Coimbra, EPE","40.2162514, -8.4103814",12,80,15.0
2014-03,Região de Saúde do Centro,"Unidade Local de Saúde da Guarda, EPE","40.5309916, -7.2734793",335,456,73.5
2014-03,Região de Saúde Norte,"Centro Hospitalar Entre Douro e Vouga, EPE","40.9293884, -8.5458794",1119,1388,80.6
2014-03,Região de Saúde Norte,"Hospital de Braga, PPP","41.56785, -8.398982",1423,1657,85.9
2014-03,Região de Saúde Norte,"Hospital de Magalhães Lemos, EPE","41.1764649, -8.6649823",0,0,
2014-04,Região de Saúde do Centro,Centro Medicina de Reabilitação da Região Centro Rovisco Pais,"40.297919, -8.7707806",0,0,
2014-04,Região de Saúde do Centro,"Unidade Local de Saúde da Guarda, EPE","40.5309916, -7.2734793",489,644,75.9
2014-04,Região de Saúde LVT,"Centro Hospitalar Universitário Lisboa Central, EPE","38.7166948, -9.1371248",2051,2519,81.4
2014-04,Região de Saúde LVT,"Hospital de Vila Franca de Xira, PPP","38.977235, -8.984506",901,1025,87.9
2014-04,Região de Saúde LVT,"Hospital Professor Doutor Fernando Fonseca, EPE","38.7422257, -9.2264834",1100,1611,68.3
2014-04,Região de Saúde Norte,"Centro Hospitalar Vila Nova de Gaia/Espinho, EPE","41.1094138, -8.5972617",1878,2301,81.6
2014-04,Região de Saúde Norte,"Hospital de Magalhães Lemos, EPE","41.1764649, -8.6649823",0,0,
2014-05,Região de Saúde do Algarve,"Centro Hospitalar Universitário do Algarve, EPE","37.0238973, -7.9281554",887,1205,73.6
2014-05,Região de Saúde do Centro,Centro Medicina de Reabilitação da Região Centro Rovisco Pais,"40.297919, -8.7707806",0,0,
2014-05,Região de Saúde do Centro,"Hospital Distrital da Figueira da Foz, EPE","40.117897, -8.8586755",573,805,71.2
2014-05,Região de Saúde LVT,"Hospital de Cascais, PPP","38.729006, -9.418267",838,959,87.4
2014-05,Região de Saúde LVT,"Hospital Garcia de Orta, EPE","38.6658713, -9.1822554",1018,1239,82.2
2014-05,Região de Saúde LVT,Instituto Gama Pinto,"38.7218793, -9.144249",1222,1222,100.0
2014-05,Região de Saúde Norte,"Centro Hospitalar Universitário do Porto, EPE","41.1472498, -8.6172617",2973,3587,82.9
2014-05,Região de Saúde Norte,"Centro Hospitalar Trás-os-Montes e Alto Douro, EPE","41.3031784, -7.7515252",1921,2184,88.0
2014-05,Região de Saúde Norte,"Centro Hospitalar Vila Nova de Gaia/Espinho, EPE","41.1094138, -8.5972617",2398,2941,81.5
2014-05,Região de Saúde Norte,"Hospital de Braga, PPP","41.56785, -8.398982",2453,2870,85.5
2014-05,Região de Saúde Norte,"Instituto Português Oncologia do Porto, EPE","41.1785642, -8.6062881",427,495,86.3
2014-06,Região de Saúde do Algarve,"Centro Hospitalar Universitário do Algarve, EPE","37.0238973, -7.9281554",1034,1385,74.7
2014-06,Região de Saúde do Centro,"Centro Hospitalar do Baixo Vouga, EPE","40.6362453, -8.6543716",1373,1716,80.0
2014-06,Região de Saúde do Centro,"Centro Hospitalar Tondela-Viseu, EPE","40.516364, -8.0827433",2214,2444,90.6
2014-06,Região de Saúde do Centro,"Instituto Português Oncologia de Coimbra, EPE","40.2162514, -8.4103814",23,167,13.8
2014-06,Região de Saúde do Centro,"Unidade Local de Saúde de Castelo Branco, EPE","39.8212263, -7.4981271",389,556,70.0
2014-06,Região de Saúde LVT,"Centro Hospitalar de Lisboa Ocidental, EPE","38.708454, -9.216985",1073,1417,75.7
2014-06,Região de Saúde Norte,"Centro Hospitalar do Alto Ave, EPE","41.4387173, -8.3086907",1262,1650,76.5
2014-06,Região de Saúde Norte,"Hospital de Magalhães Lemos, EPE","41.1764649, -8.6649823",0,0,
2014-07,Região de Saúde do Centro,"Centro Hospitalar do Baixo Vouga, EPE","40.6362453, -8.6543716",1575,1954,80.6
2014-07,Região de Saúde do Centro,"Centro Hospitalar e Universitário de Coimbra, EPE","40.2191523, -8.4098211",3710,4846,76.6
2014-07,Região de Saúde do Centro,"Centro Hospitalar Tondela-Viseu, EPE","40.516364, -8.0827433",2641,2894,91.3
2014-07,Região de Saúde do Centro,Hospital Dr. Francisco Zagalo,"40.8571967, -8.6318023",295,352,83.8
2014-07,Região de Saúde do Centro,"Unidade Local de Saúde da Guarda, EPE","40.5309916, -7.2734793",786,1013,77.6
2014-07,Região de Saúde LVT,"Instituto Português Oncologia de Lisboa, EPE","38.7396768, -9.1634516",61,253,24.1
2014-07,Região de Saúde Norte,"Centro Hospitalar Entre Douro e Vouga, EPE","40.9293884, -8.5458794",2786,3434,81.1
2014-07,Região de Saúde Norte,"Centro Hospitalar Póvoa de Varzim/Vila do Conde, EPE","41.3828711, -8.7589945",363,672,54.0
2014-07,Região de Saúde Norte,"Instituto Português Oncologia do Porto, EPE","41.1785642, -8.6062881",608,698,87.1
2014-08,Região de Saúde do Alentejo,"Unidade Local de Saúde do Baixo Alentejo, EPE","38.014123, -7.8721227",605,749,80.8
2014-08,Região de Saúde do Alentejo,"Unidade Local de Saúde do Litoral Alentejano, EPE","38.0162314, -8.6956768",633,806,78.5
2014-08,Região de Saúde do Centro,"Instituto Português Oncologia de Coimbra, EPE","40.2162514, -8.4103814",27,205,13.2
2014-08,Região de Saúde do Centro,"Unidade Local de Saúde de Castelo Branco, EPE","39.8212263, -7.4981271",456,655,69.6
2014-08,Região de Saúde LVT,"Centro Hospitalar Universitário Lisboa Central, EPE","38.7166948, -9.1371248",3731,4568,81.7
2014-08,Região de Saúde LVT,Centro Hospitalar do Oeste,"39.4054629, -9.1258493",848,1231,68.9
2014-08,Região de Saúde Norte,"Centro Hospitalar do Médio Ave, EPE","41.3423984, -8.4802503",948,1298,73.0
2014-08,Região de Saúde Norte,"Centro Hospitalar Póvoa de Varzim/Vila do Conde, EPE","41.3828711, -8.7589945",365,701,52.1
2014-08,Região de Saúde Norte,"Centro Hospitalar Trás-os-Montes e Alto Douro, EPE","41.3031784, -7.7515252",2681,3036,88.3
2014-08,Região de Saúde Norte,"Hospital de Magalhães Lemos, EPE","41.1764649, -8.6649823",0,0,
2014-08,Região de Saúde Norte,"Unidade Local de Saúde do Alto Minho, EPE","41.7056054, -8.8252713",1887,2343,80.5
2014-08,Região de Saúde Norte,"Unidade Local de Saúde do Nordeste, EPE","41.8056532, -6.7888197",1398,1650,84.7
2014-09,Região de Saúde do Alentejo,"Unidade Local de Saúde do Norte Alentejano, EPE","39.3003425, -7.4263845",913,1209,75.5
2014-09,Região de Saúde do Centro,"Centro Hospitalar Universitário Cova da Beira, EPE","40.2804158, -7.4922407",317,694,45.7
2014-09,Região de Saúde LVT,"Centro Hospitalar Barreiro/Montijo, EPE","38.6554005, -9.0592392",1012,1352,74.9
2014-09,Região de Saúde LVT,"Centro Hospitalar de Lisboa Ocidental, EPE","38.708454, -9.216985",1733,2195,79.0
2014-09,Região de Saúde LVT,"Centro Hospitalar de Setúbal, EPE","38.5283754, -8.8818638",1363,1696,80.4
2014-09,Região de Saúde LVT,Centro Hospitalar do Oeste,"39.4054629, -9.1258493",955,1377,69.4
2014-09,Região de Saúde LVT,"Hospital Professor Doutor Fernando Fonseca, EPE","38.7422257, -9.2264834",2340,3735,62.7
2014-09,Região de Saúde LVT,Instituto Gama Pinto,"38.7218793, -9.144249",2064,2064,100.0
2014-09,Região de Saúde Norte,"Centro Hospitalar Universitário de São João, EPE","41.1831056, -8.6010558",4124,5605,73.6
2014-09,Região de Saúde Norte,"Centro Hospitalar do Médio Ave, EPE","41.3423984, -8.4802503",1073,1441,74.5
2014-09,Região de Saúde Norte,"Centro Hospitalar Entre Douro e Vouga, EPE","40.9293884, -8.5458794",3316,4143,80.0
2014-09,Região de Saúde Norte,"Centro Hospitalar Tâmega e Sousa, EPE","41.2494561, -8.264901",2330,3137,74.3
2014-10,Região de Saúde do Alentejo,"Unidade Local de Saúde do Litoral Alentejano, EPE","38.0162314, -8.6956768",815,1024,79.6
2014-10,Região de Saúde do Alentejo,"Unidade Local de Saúde do Norte Alentejano, EPE","39.3003425, -7.4263845",1009,1340,75.3
2014-10,Região de Saúde do Centro,"Hospital Distrital da Figueira da Foz, EPE","40.117897, -8.8586755",1145,1607,71.3
2014-10,Região de Saúde LVT,"Centro Hospitalar Universitário de Lisboa Norte, EPE","38.7500861, -9.1616116",2349,3026,77.6
2014-10,Região de Saúde LVT,Centro Hospitalar Psiquiátrico de Lisboa,"38.7569771, -9.1460705",0,0,
2014-10,Região de Saúde LVT,"Hospital de Loures, PPP","38.821455, -9.176296",2737,3192,85.7
2014-10,Região de Saúde Norte,"Centro Hospitalar Póvoa de Varzim/Vila do Conde, EPE","41.3828711, -8.7589945",457,877,52.1
2014-10,Região de Saúde Norte,"Centro Hospitalar Tâmega e Sousa, EPE","41.2494561, -8.264901",2589,3524,73.5
2014-10,Região de Saúde Norte,"Centro Hospitalar Trás-os-Montes e Alto Douro, EPE","41.3031784, -7.7515252",3293,3740,88.0
2014-10,Região de Saúde Norte,"Hospital Santa Maria Maior, EPE","41.5324234, -8.6171561",844,1025,82.3
2014-10,Região de Saúde Norte,"Unidade Local de Saúde do Alto Minho, EPE","41.7056054, -8.8252713",2483,3049,81.4
2014-11,Região de Saúde do Alentejo,"Hospital Espírito Santo de Évora, EPE","38.5684861, -7.9032848",2136,2804,76.2
2014-11,Região de Saúde do Centro,"Centro Hospitalar Universitário Cova da Beira, EPE","40.2804158, -7.4922407",411,875,47.0
2014-11,Região de Saúde do Centro,"Centro Hospitalar do Baixo Vouga, EPE","40.6362453, -8.6543716",2509,3100,80.9
2014-11,Região de Saúde do Centro,Hospital José Luciano de Castro,"40.4422767, -8.4438729",383,383,100.0
2014-11,Região de Saúde do Centro,"Unidade Local de Saúde de Castelo Branco, EPE","39.8212263, -7.4981271",596,862,69.1
2014-11,Região de Saúde LVT,"Hospital de Cascais, PPP","38.729006, -9.418267",1937,2206,87.8
2014-11,Região de Saúde LVT,"Hospital Distrital de Santarém, EPE","39.2410946, -8.6937515",1447,1892,76.5
2014-11,Região de Saúde LVT,"Hospital Garcia de Orta, EPE","38.6658713, -9.1822554",2294,2790,82.2
2014-11,Região de Saúde Norte,"Centro Hospitalar Póvoa de Varzim/Vila do Conde, EPE","41.3828711, -8.7589945",506,974,52.0
2014-11,Região de Saúde Norte,"Centro Hospitalar Trás-os-Montes e Alto Douro, EPE","41.3031784, -7.7515252",3606,4090,88.2
2014-11,Região de Saúde Norte,"Hospital Santa Maria Maior, EPE","41.5324234, -8.6171561",908,1128,80.5
2014-12,Região de Saúde do Algarve,"Centro Hospitalar Universitário do Algarve, EPE","37.0238973, -7.9281554",1835,2506,73.2
2014-12,Região de Saúde do Centro,"Centro Hospitalar de Leiria, EPE","39.7414812, -8.7982706",3871,5030,77.0
2014-12,Região de Saúde do Centro,"Centro Hospitalar e Universitário de Coimbra, EPE","40.2191523, -8.4098211",6003,7798,77.0
2014-12,Região de Saúde do Centro,"Unidade Local de Saúde da Guarda, EPE","40.5309916, -7.2734793",1306,1648,79.2
2014-12,Região de Saúde LVT,"Centro Hospitalar Barreiro/Montijo, EPE","38.6554005, -9.0592392",1427,1872,76.2
2014-12,Região de Saúde LVT,Centro Hospitalar do Oeste,"39.4054629, -9.1258493",1262,1782,70.8
2014-12,Região de Saúde LVT,"Hospital Distrital de Santarém, EPE","39.2410946, -8.6937515",1536,1986,77.3
2014-12,Região de Saúde Norte,"Centro Hospitalar Póvoa de Varzim/Vila do Conde, EPE","41.3828711, -8.7589945",537,1039,51.7
2014-12,Região de Saúde Norte,"Centro Hospitalar Tâmega e Sousa, EPE","41.2494561, -8.264901",3093,4253,72.7
2014-12,Região de Saúde Norte,"Centro Hospitalar Vila Nova de Gaia/Espinho, EPE","41.1094138, -8.5972617",5303,6469,82.0
2014-12,Região de Saúde Norte,"Hospital de Braga, PPP","41.56785, -8.398982",5707,6677,85.5
2014-12,Região de Saúde Norte,"Unidade Local de Saúde do Nordeste, EPE","41.8056532, -6.7888197",2201,2550,86.3
2015-01,Região de Saúde do Alentejo,"Hospital Espírito Santo de Évora, EPE","38.5684861, -7.9032848",270,336,80.4
2015-01,Região de Saúde do Centro,"Centro Hospitalar Tondela-Viseu, EPE","40.516364, -8.0827433",493,531,92.8
2015-01,Região de Saúde do Centro,Hospital Dr. Francisco Zagalo,"40.8571967, -8.6318023",51,63,81.0
2015-01,Região de Saúde LVT,"Centro Hospitalar de Lisboa Ocidental, EPE","38.708454, -9.216985",250,337,74.2
2015-01,Região de Saúde LVT,"Centro Hospitalar Universitário de Lisboa Norte, EPE","38.7500861, -9.1616116",339,478,70.9
2015-01,Região de Saúde LVT,"Hospital de Loures, PPP","38.821455, -9.176296",339,411,82.5
2015-01,Região de Saúde LVT,"Hospital Distrital de Santarém, EPE","39.2410946, -8.6937515",153,170,90.0
2015-01,Região de Saúde Norte,"Centro Hospitalar Trás-os-Montes e Alto Douro, EPE","41.3031784, -7.7515252",340,409,83.1
2015-01,Região de Saúde Norte,"Hospital de Braga, PPP","41.56785, -8.398982",641,755,84.9
2015-01,Região de Saúde Norte,"Instituto Português Oncologia do Porto, EPE","41.1785642, -8.6062881",102,114,89.5
2015-01,Região de Saúde Norte,"Unidade Local de Saúde do Alto Minho, EPE","41.7056054, -8.8252713",307,404,76.0
2015-02,Região de Saúde do Alentejo,"Unidade Local de Saúde do Baixo Alentejo, EPE","38.014123, -7.8721227",234,302,77.5
2015-02,Região de Saúde do Centro,"Centro Hospitalar do Baixo Vouga, EPE","40.6362453, -8.6543716",615,798,77.1
2015-02,Região de Saúde do Centro,"Centro Hospitalar Tondela-Viseu, EPE","40.516364, -8.0827433",1081,1166,92.7
2015-02,Região de Saúde do Centro,Hospital Dr. Francisco Zagalo,"40.8571967, -8.6318023",104,123,84.6
2015-02,Região de Saúde LVT,"Centro Hospitalar Universitário Lisboa Central, EPE","38.7166948, -9.1371248",1477,1770,83.4
2015-02,Região de Saúde LVT,Centro Hospitalar do Oeste,"39.4054629, -9.1258493",226,318,71.1
2015-02,Região de Saúde LVT,Centro Hospitalar Psiquiátrico de Lisboa,"38.7569771, -9.1460705",0,0,
2015-02,Região de Saúde LVT,Instituto Gama Pinto,"38.7218793, -9.144249",484,484,100.0
2015-02,Região de Saúde Norte,"Centro Hospitalar Universitário de São João, EPE","41.1831056, -8.6010558",1277,1668,76.6
2015-02,Região de Saúde Norte,"Centro Hospitalar Póvoa de Varzim/Vila do Conde, EPE","41.3828711, -8.7589945",112,209,53.6
2015-02,Região de Saúde Norte,"Unidade Local de Saúde de Matosinhos, EPE","41.1794456, -8.6745115",737,912,80.8
2015-03,Região de Saúde do Alentejo,"Unidade Local de Saúde do Norte Alentejano, EPE","39.3003425, -7.4263845",381,504,75.6
2015-03,Região de Saúde do Centro,"Centro Hospitalar Universitário Cova da Beira, EPE","40.2804158, -7.4922407",232,370,62.7
2015-03,Região de Saúde do Centro,"Centro Hospitalar Tondela-Viseu, EPE","40.516364, -8.0827433",1586,1713,92.6
2015-03,Região de Saúde LVT,"Centro Hospitalar Universitário de Lisboa Norte, EPE","38.7500861, -9.1616116",1135,1563,72.6
2015-03,Região de Saúde LVT,"Hospital de Loures, PPP","38.821455, -9.176296",1130,1310,86.3
2015-03,Região de Saúde LVT,"Hospital Distrital de Santarém, EPE","39.2410946, -8.6937515",461,502,91.8
2015-03,Região de Saúde LVT,"Hospital Professor Doutor Fernando Fonseca, EPE","38.7422257, -9.2264834",433,670,64.6
2015-03,Região de Saúde Norte,"Hospital de Braga, PPP","41.56785, -8.398982",1812,2206,82.1
2015-03,Região de Saúde Norte,"Hospital Santa Maria Maior, EPE","41.5324234, -8.6171561",344,405,84.9
2015-04,Região de Saúde do Alentejo,"Hospital Espírito Santo de Évora, EPE","38.5684861, -7.9032848",907,1235,73.4
2015-04,Região de Saúde do Algarve,"Centro Hospitalar Universitário do Algarve, EPE","37.0238973, -7.9281554",913,1117,81.7
2015-04,Região de Saúde do Centro,"Centro Hospitalar do Baixo Vouga, EPE","40.6362453, -8.6543716",1348,1702,79.2
2015-04,Região de Saúde do Centro,"Hospital Distrital da Figueira da Foz, EPE","40.117897, -8.8586755",594,787,75.5
2015-04,Região de Saúde LVT,"Hospital de Cascais, PPP","38.729006, -9.418267",741,864,85.8
2015-04,Região de Saúde LVT,"Hospital de Loures, PPP","38.821455, -9.176296",1485,1737,85.5
2015-04,Região de Saúde LVT,"Hospital de Vila Franca de Xira, PPP","38.977235, -8.984506",1276,1519,84.0
2015-04,Região de Saúde LVT,"Hospital Distrital de Santarém, EPE","39.2410946, -8.6937515",630,702,89.7
2015-05,Região de Saúde do Alentejo,"Hospital Espírito Santo de Évora, EPE","38.5684861, -7.9032848",1114,1518,73.4
2015-05,Região de Saúde do Alentejo,"Unidade Local de Saúde do Baixo Alentejo, EPE","38.014123, -7.8721227",666,843,79.0
2015-05,Região de Saúde do Algarve,"Centro Hospitalar Universitário do Algarve, EPE","37.0238973, -7.9281554",1135,1434,79.1
2015-05,Região de Saúde do Centro,"Centro Hospitalar Universitário Cova da Beira, EPE","40.2804158, -7.4922407",386,652,59.2
2015-05,Região de Saúde do Centro,"Centro Hospitalar e Universitário de Coimbra, EPE","40.2191523, -8.4098211",3784,4962,76.3
2015-05,Região de Saúde LVT,"Hospital Distrital de Santarém, EPE","39.2410946, -8.6937515",836,937,89.2
2015-05,Região de Saúde LVT,"Hospital Professor Doutor Fernando Fonseca, EPE","38.7422257, -9.2264834",884,1512,58.5
2015-05,Região de Saúde LVT,"Hospital Garcia de Orta, EPE","38.6658713, -9.1822554",1204,1466,82.1
2015-05,Região de Saúde Norte,"Centro Hospitalar Entre Douro e Vouga, EPE","40.9293884, -8.5458794",1977,2503,79.0
2015-05,Região de Saúde Norte,"Centro Hospitalar Vila Nova de Gaia/Espinho, EPE","41.1094138, -8.5972617",2945,3595,81.9
2015-05,Região de Saúde Norte,"Hospital de Braga, PPP","41.56785, -8.398982",2974,3609,82.4
2015-05,Região de Saúde Norte,"Hospital de Magalhães Lemos, EPE","41.1764649, -8.6649823",0,0,
2015-05,Região de Saúde Norte,"Instituto Português Oncologia do Porto, EPE","41.1785642, -8.6062881",515,625,82.4
2015-06,Região de Saúde do Algarve,"Centro Hospitalar Universitário do Algarve, EPE","37.0238973, -7.9281554",1318,1674,78.7
2015-06,Região de Saúde do Centro,"Centro Hospitalar Universitário Cova da Beira, EPE","40.2804158, -7.4922407",447,762,58.7
2015-06,Região de Saúde do Centro,"Centro Hospitalar de Leiria, EPE","39.7414812, -8.7982706",2014,2766,72.8
2015-06,Região de Saúde LVT,"Centro Hospitalar Universitário Lisboa Central, EPE","38.7166948, -9.1371248",4366,5129,85.1
2015-06,Região de Saúde LVT,"Centro Hospitalar de Setúbal, EPE","38.5283754, -8.8818638",1524,1802,84.6
2015-06,Região de Saúde LVT,"Hospital de Loures, PPP","38.821455, -9.176296",2198,2590,84.9
2015-06,Região de Saúde Norte,"Centro Hospitalar Universitário de São João, EPE","41.1831056, -8.6010558",3758,4931,76.2
2015-06,Região de Saúde Norte,"Centro Hospitalar Entre Douro e Vouga, EPE","40.9293884, -8.5458794",2326,3011,77.3
2015-06,Região de Saúde Norte,"Instituto Português Oncologia do Porto, EPE","41.1785642, -8.6062881",597,727,82.1
2015-06,Região de Saúde Norte,"Unidade Local de Saúde de Matosinhos, EPE","41.1794456, -8.6745115",2186,2729,80.1
2015-06,Região de Saúde Norte,"Unidade Local de Saúde do Nordeste, EPE","41.8056532, -6.7888197",1284,1555,82.6
2015-07,Região de Saúde do Alentejo,"Unidade Local de Saúde do Baixo Alentejo, EPE","38.014123, -7.8721227",942,1172,80.4
2015-07,Região de Saúde LVT,"Centro Hospitalar Médio Tejo, EPE","39.478072, -8.5404429",1328,1779,74.6
2015-07,Região de Saúde LVT,Centro Hospitalar Psiquiátrico de Lisboa,"38.7569771, -9.1460705",0,0,
2015-07,Região de Saúde LVT,Instituto Gama Pinto,"38.7218793, -9.144249",1589,1589,100.0
2015-07,Região de Saúde Norte,"Centro Hospitalar Universitário de São João, EPE","41.1831056, -8.6010558",4235,5628,75.2
2015-07,Região de Saúde Norte,"Centro Hospitalar Póvoa de Varzim/Vila do Conde, EPE","41.3828711, -8.7589945",515,908,56.7
2015-07,Região de Saúde Norte,"Centro Hospitalar Tâmega e Sousa, EPE","41.2494561, -8.264901",2750,3599,76.4
2015-07,Região de Saúde Norte,"Hospital de Magalhães Lemos, EPE","41.1764649, -8.6649823",0,0,
2015-08,Região de Saúde do Alentejo,"Unidade Local de Saúde do Baixo Alentejo, EPE","38.014123, -7.8721227",1103,1364,80.9
2015-08,Região de Saúde LVT,"Centro Hospitalar de Setúbal, EPE","38.5283754, -8.8818638",1888,2221,85.0
2015-08,Região de Saúde LVT,Centro Hospitalar Psiquiátrico de Lisboa,"38.7569771, -9.1460705",0,0,
2015-08,Região de Saúde Norte,"Centro Hospitalar Universitário de São João, EPE","41.1831056, -8.6010558",4321,5844,73.9
2015-08,Região de Saúde Norte,"Centro Hospitalar Entre Douro e Vouga, EPE","40.9293884, -8.5458794",2988,3928,76.1
2015-08,Região de Saúde Norte,"Centro Hospitalar Vila Nova de Gaia/Espinho, EPE","41.1094138, -8.5972617",4452,5377,82.8
2015-08,Região de Saúde Norte,"Hospital de Braga, PPP","41.56785, -8.398982",4582,5580,82.1
2015-08,Região de Saúde Norte,"Hospital de Magalhães Lemos, EPE","41.1764649, -8.6649823",0,0,
2015-08,Região de Saúde Norte,"Unidade Local de Saúde do Alto Minho, EPE","41.7056054, -8.8252713",2479,3088,80.3
2015-09,Região de Saúde do Alentejo,"Hospital Espírito Santo de Évora, EPE","38.5684861, -7.9032848",1789,2436,73.4
2015-09,Região de Saúde do Alentejo,"Unidade Local de Saúde do Baixo Alentejo, EPE","38.014123, -7.8721227",1228,1513,81.2
2015-09,Região de Saúde do Alentejo,"Unidade Local de Saúde do Litoral Alentejano, EPE","38.0162314, -8.6956768",275,465,59.1
2015-09,Região de Saúde do Algarve,"Centro Hospitalar Universitário do Algarve, EPE","37.0238973, -7.9281554",1897,2373,79.9
2015-09,Região de Saúde do Centro,"Instituto Português Oncologia de Coimbra, EPE","40.2162514, -8.4103814",54,253,21.3
2015-09,Região de Saúde LVT,"Hospital Distrital de Santarém, EPE","39.2410946, -8.6937515",1394,1537,90.7
2015-09,Região de Saúde LVT,"Hospital Professor Doutor Fernando Fonseca, EPE","38.7422257, -9.2264834",2011,3416,58.9
2015-09,Região de Saúde LVT,Instituto Gama Pinto,"38.7218793, -9.144249",1964,1964,100.0
2015-09,Região de Saúde Norte,"Centro Hospitalar Universitário de São João, EPE","41.1831056, -8.6010558",4917,6530,75.3
2015-10,Região de Saúde do Centro,"Centro Hospitalar do Baixo Vouga, EPE","40.6362453, -8.6543716",3495,4276,81.7
2015-10,Região de Saúde do Centro,Centro Medicina de Reabilitação da Região Centro Rovisco Pais,"40.297919, -8.7707806",0,0,
2015-10,Região de Saúde do Centro,Hospital Dr. Francisco Zagalo,"40.8571967, -8.6318023",632,729,86.7
2015-10,Região de Saúde LVT,"Centro Hospitalar de Setúbal, EPE","38.5283754, -8.8818638",2379,2816,84.5
2015-10,Região de Saúde LVT,Centro Hospitalar do Oeste,"39.4054629, -9.1258493",742,1000,74.2
2015-10,Região de Saúde LVT,Centro Hospitalar Psiquiátrico de Lisboa,"38.7569771, -9.1460705",0,0,
2015-10,Região de Saúde LVT,"Hospital de Vila Franca de Xira, PPP","38.977235, -8.984506",3251,3917,83.0
2015-10,Região de Saúde LVT,Instituto Gama Pinto,"38.7218793, -9.144249",2196,2196,100.0
2015-10,Região de Saúde Norte,"Centro Hospitalar Póvoa de Varzim/Vila do Conde, EPE","41.3828711, -8.7589945",788,1411,55.8
2015-10,Região de Saúde Norte,"Hospital de Magalhães Lemos, EPE","41.1764649, -8.6649823",0,0,
2015-10,Região de Saúde Norte,"Unidade Local de Saúde de Matosinhos, EPE","41.1794456, -8.6745115",3663,4573,80.1
2015-11,Região de Saúde do Alentejo,"Hospital Espírito Santo de Évora, EPE","38.5684861, -7.9032848",2166,2952,73.4
2015-11,Região de Saúde do Algarve,"Centro Hospitalar Universitário do Algarve, EPE","37.0238973, -7.9281554",2341,2943,79.5
2015-11,Região de Saúde do Centro,"Centro Hospitalar do Baixo Vouga, EPE","40.6362453, -8.6543716",3969,4824,82.3
2015-11,Região de Saúde do Centro,"Centro Hospitalar Tondela-Viseu, EPE","40.516364, -8.0827433",5249,5754,91.2
2015-11,Região de Saúde LVT,"Centro Hospitalar de Setúbal, EPE","38.5283754, -8.8818638",2649,3141,84.3
2015-11,Região de Saúde LVT,"Hospital Garcia de Orta, EPE","38.6658713, -9.1822554",2831,3404,83.2
2015-11,Região de Saúde LVT,Instituto Gama Pinto,"38.7218793, -9.144249",2460,2460,100.0
2015-11,Região de Saúde LVT,"Instituto Português Oncologia de Lisboa, EPE","38.7396768, -9.1634516",868,1204,72.1
2015-11,Região de Saúde Norte,"Centro Hospitalar do Médio Ave, EPE","41.3423984, -8.4802503",1897,2589,73.3
2015-11,Região de Saúde Norte,"Hospital de Braga, PPP","41.56785, -8.398982",6454,7825,82.5
2015-11,Região de Saúde Norte,"Unidade Local de Saúde do Nordeste, EPE","41.8056532, -6.7888197",2907,3366,86.4
2015-12,Região de Saúde do Centro,"Centro Hospitalar de Leiria, EPE","39.7414812, -8.7982706",3812,5325,71.6
2015-12,Região de Saúde do Centro,"Centro Hospitalar do Baixo Vouga, EPE","40.6362453, -8.6543716",4365,5299,82.4
2015-12,Região de Saúde do Centro,"Centro Hospitalar e Universitário de Coimbra, EPE","40.2191523, -8.4098211",8603,11164,77.1
2015-12,Região de Saúde LVT,"Centro Hospitalar Médio Tejo, EPE","39.478072, -8.5404429",2580,3316,77.8
2015-12,Região de Saúde Norte,"Centro Hospitalar Universitário do Porto, EPE","41.1472498, -8.6172617",7223,9318,77.5
2015-12,Região de Saúde Norte,"Centro Hospitalar Vila Nova de Gaia/Espinho, EPE","41.1094138, -8.5972617",6720,8274,81.2
2015-12,Região de Saúde Norte,"Hospital da Senhora da Oliveira, Guimarães, EPE","41.4387173, -8.3086907",3278,4513,72.6
2016-01,Região de Saúde do Alentejo,"Hospital Espírito Santo de Évora, EPE","38.5684861, -7.9032848",187,246,76.0
2016-01,Região de Saúde do Alentejo,"Unidade Local de Saúde do Baixo Alentejo, EPE","38.014123, -7.8721227",105,144,72.9
2016-01,Região de Saúde do Centro,"Unidade Local de Saúde de Castelo Branco, EPE","39.8212263, -7.4981271",45,84,53.6
2016-01,Região de Saúde LVT,"Centro Hospitalar Universitário de Lisboa Norte, EPE","38.7500861, -9.1616116",411,564,72.9
2016-01,Região de Saúde Norte,"Centro Hospitalar Tâmega e Sousa, EPE","41.2494561, -8.264901",459,547,83.9
2016-01,Região de Saúde Norte,"Unidade Local de Saúde de Matosinhos, EPE","41.1794456, -8.6745115",248,324,76.5
2016-01,Região de Saúde Norte,"Unidade Local de Saúde do Nordeste, EPE","41.8056532, -6.7888197",157,188,83.5
2016-02,Região de Saúde do Centro,"Hospital Distrital da Figueira da Foz, EPE","40.117897, -8.8586755",314,458,68.6
2016-02,Região de Saúde LVT,"Centro Hospitalar Universitário Lisboa Central, EPE","38.7166948, -9.1371248",1319,1533,86.0
2016-02,Região de Saúde LVT,"Centro Hospitalar Universitário de Lisboa Norte, EPE","38.7500861, -9.1616116",843,1141,73.9
2016-02,Região de Saúde LVT,"Hospital Professor Doutor Fernando Fonseca, EPE","38.7422257, -9.2264834",766,1004,76.3
2016-02,Região de Saúde LVT,"Hospital Garcia de Orta, EPE","38.6658713, -9.1822554",638,703,90.8
2016-02,Região de Saúde Norte,"Centro Hospitalar Tâmega e Sousa, EPE","41.2494561, -8.264901",915,1064,86.0
2016-02,Região de Saúde Norte,"Unidade Local de Saúde do Nordeste, EPE","41.8056532, -6.7888197",291,360,80.8
2016-03,Região de Saúde do Alentejo,"Unidade Local de Saúde do Litoral Alentejano, EPE","38.0162314, -8.6956768",318,399,79.7
2016-03,Região de Saúde do Centro,"Centro Hospitalar de Leiria, EPE","39.7414812, -8.7982706",926,1276,72.6
2016-03,Região de Saúde do Centro,"Centro Hospitalar do Baixo Vouga, EPE","40.6362453, -8.6543716",895,1107,80.8
2016-03,Região de Saúde do Centro,Hospital Arcebispo João Crisóstomo,"40.3470015, -8.5933462",203,203,100.0
2016-03,Região de Saúde do Centro,"Instituto Português Oncologia de Coimbra, EPE","40.2162514, -8.4103814",24,110,21.8
2016-03,Região de Saúde LVT,"Centro Hospitalar Universitário Lisboa Central, EPE","38.7166948, -9.1371248",1962,2297,85.4
2016-03,Região de Saúde LVT,"Centro Hospitalar Universitário de Lisboa Norte, EPE","38.7500861, -9.1616116",1300,1754,74.1
2016-03,Região de Saúde LVT,"Hospital de Vila Franca de Xira, PPP","38.977235, -8.984506",814,1028,79.2
2016-03,Região de Saúde LVT,"Hospital Distrital de Santarém, EPE","39.2410946, -8.6937515",445,482,92.3
2016-03,Região de Saúde LVT,"Hospital Garcia de Orta, EPE","38.6658713, -9.1822554",970,1088,89.2
2016-03,Região de Saúde Norte,"Centro Hospitalar Entre Douro e Vouga, EPE","40.9293884, -8.5458794",989,1278,77.4
2016-03,Região de Saúde Norte,"Centro Hospitalar Póvoa de Varzim/Vila do Conde, EPE","41.3828711, -8.7589945",288,424,67.9
2016-03,Região de Saúde Norte,"Centro Hospitalar Tâmega e Sousa, EPE","41.2494561, -8.264901",1422,1693,84.0
2016-03,Região de Saúde Norte,"Centro Hospitalar Vila Nova de Gaia/Espinho, EPE","41.1094138, -8.5972617",1745,2212,78.9
2016-03,Região de Saúde Norte,"Hospital de Magalhães Lemos, EPE","41.1764649, -8.6649823",0,0,
2016-03,Região de Saúde Norte,"Unidade Local de Saúde de Matosinhos, EPE","41.1794456, -8.6745115",824,1054,78.2
2016-04,Região de Saúde do Alentejo,"Hospital Espírito Santo de Évora, EPE","38.5684861, -7.9032848",784,1060,74.0
2016-04,Região de Saúde do Centro,"Centro Hospitalar de Leiria, EPE","39.7414812, -8.7982706",1265,1734,73.0
2016-04,Região de Saúde do Centro,"Instituto Português Oncologia de Coimbra, EPE","40.2162514, -8.4103814",30,140,21.4
2016-04,Região de Saúde do Centro,"Unidade Local de Saúde da Guarda, EPE","40.5309916, -7.2734793",611,746,81.9
2016-04,Região de Saúde do Centro,"Unidade Local de Saúde de Castelo Branco, EPE","39.8212263, -7.4981271",272,419,64.9
2016-04,Região de Saúde LVT,"Centro Hospitalar de Setúbal, EPE","38.5283754, -8.8818638",1020,1203,84.8
2016-04,Região de Saúde LVT,Instituto Gama Pinto,"38.7218793, -9.144249",956,956,100.0
2016-04,Região de Saúde Norte,"Hospital de Braga, PPP","41.56785, -8.398982",2079,2531,82.1
2016-04,Região de Saúde Norte,"Instituto Português Oncologia do Porto, EPE","41.1785642, -8.6062881",433,513,84.4
2016-05,Região de Saúde do Algarve,"Centro Hospitalar Universitário do Algarve, EPE","37.0238973, -7.9281554",973,1196,81.4
2016-05,Região de Saúde do Centro,"Centro Hospitalar Universitário Cova da Beira, EPE","40.2804158, -7.4922407",407,676,60.2
2016-05,Região de Saúde do Centro,"Centro Hospitalar de Leiria, EPE","39.7414812, -8.7982706",1653,2256,73.3
2016-05,Região de Saúde do Centro,"Centro Hospitalar e Universitário de Coimbra, EPE","40.2191523, -8.4098211",4058,5216,77.8
2016-05,Região de Saúde do Centro,Hospital Arcebispo João Crisóstomo,"40.3470015, -8.5933462",349,349,100.0
2016-05,Região de Saúde do Centro,"Hospital Distrital da Figueira da Foz, EPE","40.117897, -8.8586755",824,1168,70.5
2016-05,Região de Saúde LVT,"Centro Hospitalar de Setúbal, EPE","38.5283754, -8.8818638",1259,1500,83.9
2016-05,Região de Saúde LVT,Centro Hospitalar do Oeste,"39.4054629, -9.1258493",568,771,73.7
2016-05,Região de Saúde LVT,Centro Hospitalar Psiquiátrico de Lisboa,"38.7569771, -9.1460705",0,0,
2016-05,Região de Saúde LVT,Instituto Gama Pinto,"38.7218793, -9.144249",1225,1225,100.0
2016-05,Região de Saúde Norte,"Centro Hospitalar do Médio Ave, EPE","41.3423984, -8.4802503",889,1185,75.0
2016-05,Região de Saúde Norte,"Centro Hospitalar Trás-os-Montes e Alto Douro, EPE","41.3031784, -7.7515252",1975,2289,86.3
2016-05,Região de Saúde Norte,"Hospital de Magalhães Lemos, EPE","41.1764649, -8.6649823",0,0,
2016-05,Região de Saúde Norte,"Unidade Local de Saúde do Alto Minho, EPE","41.7056054, -8.8252713",1765,2146,82.2
2016-06,Região de Saúde do Algarve,"Centro Hospitalar Universitário do Algarve, EPE","37.0238973, -7.9281554",1172,1459,80.3
2016-06,Região de Saúde do Centro,"Instituto Português Oncologia de Coimbra, EPE","40.2162514, -8.4103814",41,203,20.2
2016-06,Região de Saúde LVT,"Centro Hospitalar Universitário Lisboa Central, EPE","38.7166948, -9.1371248",3942,4672,84.4
2016-06,Região de Saúde LVT,Centro Hospitalar do Oeste,"39.4054629, -9.1258493",670,918,73.0
2016-06,Região de Saúde LVT,"Hospital Garcia de Orta, EPE","38.6658713, -9.1822554",2034,2328,87.4
2016-06,Região de Saúde Norte,"Centro Hospitalar Trás-os-Montes e Alto Douro, EPE","41.3031784, -7.7515252",2301,2669,86.2
2016-06,Região de Saúde Norte,"Hospital de Braga, PPP","41.56785, -8.398982",3218,3927,81.9
2016-06,Região de Saúde Norte,"Unidade Local de Saúde de Matosinhos, EPE","41.1794456, -8.6745115",2064,2547,81.0
2016-07,Região de Saúde do Centro,Hospital Arcebispo João Crisóstomo,"40.3470015, -8.5933462",441,441,100.0
2016-07,Região de Saúde LVT,"Centro Hospitalar Universitário Lisboa Central, EPE","38.7166948, -9.1371248",4516,5354,84.3
2016-07,Região de Saúde LVT,Centro Hospitalar do Oeste,"39.4054629, -9.1258493",771,1058,72.9
2016-07,Região de Saúde LVT,Instituto Gama Pinto,"38.7218793, -9.144249",1612,1612,100.0
2016-07,Região de Saúde Norte,"Centro Hospitalar Universitário de São João, EPE","41.1831056, -8.6010558",4000,5497,72.8
2016-07,Região de Saúde Norte,"Centro Hospitalar Universitário do Porto, EPE","41.1472498, -8.6172617",4744,6013,78.9
2016-07,Região de Saúde Norte,"Centro Hospitalar Vila Nova de Gaia/Espinho, EPE","41.1094138, -8.5972617",4229,5400,78.3
2016-08,Região de Saúde do Alentejo,"Hospital Espírito Santo de Évora, EPE","38.5684861, -7.9032848",1551,2129,72.9
2016-08,Região de Saúde do Alentejo,"Unidade Local de Saúde do Baixo Alentejo, EPE","38.014123, -7.8721227",1137,1405,80.9
2016-08,Região de Saúde do Alentejo,"Unidade Local de Saúde do Litoral Alentejano, EPE","38.0162314, -8.6956768",842,1017,82.8
2016-08,Região de Saúde do Centro,"Centro Hospitalar Universitário Cova da Beira, EPE","40.2804158, -7.4922407",719,1142,63.0
2016-08,Região de Saúde LVT,Centro Hospitalar do Oeste,"39.4054629, -9.1258493",838,1165,71.9
2016-08,Região de Saúde Norte,"Hospital de Braga, PPP","41.56785, -8.398982",4327,5252,82.4
2016-08,Região de Saúde Norte,"Hospital de Magalhães Lemos, EPE","41.1764649, -8.6649823",0,0,
2016-08,Região de Saúde Norte,"Hospital Santa Maria Maior, EPE","41.5324234, -8.6171561",1001,1314,76.2
2016-09,Região de Saúde do Alentejo,"Unidade Local de Saúde do Baixo Alentejo, EPE","38.014123, -7.8721227",1279,1576,81.2
2016-09,Região de Saúde do Alentejo,"Unidade Local de Saúde do Litoral Alentejano, EPE","38.0162314, -8.6956768",959,1162,82.5
2016-09,Região de Saúde do Centro,"Centro Hospitalar e Universitário de Coimbra, EPE","40.2191523, -8.4098211",6691,8564,78.1
2016-09,Região de Saúde do Centro,Centro Medicina de Reabilitação da Região Centro Rovisco Pais,"40.297919, -8.7707806",0,0,
2016-09,Região de Saúde do Centro,"Instituto Português Oncologia de Coimbra, EPE","40.2162514, -8.4103814",45,269,16.7
2016-09,Região de Saúde do Centro,"Unidade Local de Saúde de Castelo Branco, EPE","39.8212263, -7.4981271",702,1049,66.9
2016-09,Região de Saúde LVT,"Centro Hospitalar de Lisboa Ocidental, EPE","38.708454, -9.216985",2042,2616,78.1
2016-09,Região de Saúde LVT,"Hospital Garcia de Orta, EPE","38.6658713, -9.1822554",3169,3607,87.9
2016-09,Região de Saúde Norte,"Hospital de Magalhães Lemos, EPE","41.1764649, -8.6649823",0,0,
2016-09,Região de Saúde Norte,"Instituto Português Oncologia do Porto, EPE","41.1785642, -8.6062881",901,1077,83.7
2016-10,Região de Saúde do Alentejo,"Hospital Espírito Santo de Évora, EPE","38.5684861, -7.9032848",2015,2743,73.5
2016-10,Região de Saúde do Alentejo,"Unidade Local de Saúde do Norte Alentejano, EPE","39.3003425, -7.4263845",1292,1575,82.0
2016-10,Região de Saúde do Centro,Hospital Dr. Francisco Zagalo,"40.8571967, -8.6318023",642,710,90.4
2016-10,Região de Saúde do Centro,"Unidade Local de Saúde de Castelo Branco, EPE","39.8212263, -7.4981271",759,1155,65.7
2016-10,Região de Saúde LVT,"Centro Hospitalar de Setúbal, EPE","38.5283754, -8.8818638",2513,2965,84.8
2016-10,Região de Saúde LVT,Centro Hospitalar do Oeste,"39.4054629, -9.1258493",1080,1486,72.7
2016-10,Região de Saúde LVT,"Hospital de Loures, PPP","38.821455, -9.176296",3119,3724,83.8
2016-10,Região de Saúde LVT,"Hospital Professor Doutor Fernando Fonseca, EPE","38.7422257, -9.2264834",3746,4942,75.8
2016-10,Região de Saúde LVT,"Hospital Garcia de Orta, EPE","38.6658713, -9.1822554",3566,4060,87.8
2016-10,Região de Saúde Norte,"Centro Hospitalar do Médio Ave, EPE","41.3423984, -8.4802503",1910,2394,79.8
2016-10,Região de Saúde Norte,"Centro Hospitalar Universitário do Porto, EPE","41.1472498, -8.6172617",6424,8112,79.2
2016-10,Região de Saúde Norte,"Centro Hospitalar Entre Douro e Vouga, EPE","40.9293884, -8.5458794",4086,5150,79.3
2016-10,Região de Saúde Norte,"Centro Hospitalar Tâmega e Sousa, EPE","41.2494561, -8.264901",4530,5465,82.9
2016-10,Região de Saúde Norte,"Centro Hospitalar Vila Nova de Gaia/Espinho, EPE","41.1094138, -8.5972617",6069,7679,79.0
2016-10,Região de Saúde Norte,"Hospital de Magalhães Lemos, EPE","41.1764649, -8.6649823",0,0,
2016-11,Região de Saúde do Alentejo,"Hospital Espírito Santo de Évora, EPE","38.5684861, -7.9032848",2073,2838,73.0
2016-11,Região de Saúde do Centro,"Centro Hospitalar do Baixo Vouga, EPE","40.6362453, -8.6543716",3488,4233,82.4
2016-11,Região de Saúde do Centro,Hospital Arcebispo João Crisóstomo,"40.3470015, -8.5933462",625,625,100.0
2016-11,Região de Saúde do Centro,"Hospital Distrital da Figueira da Foz, EPE","40.117897, -8.8586755",1916,2507,76.4
2016-11,Região de Saúde do Centro,"Instituto Português Oncologia de Coimbra, EPE","40.2162514, -8.4103814",47,336,14.0
2016-11,Região de Saúde LVT,"Centro Hospitalar Barreiro/Montijo, EPE","38.6554005, -9.0592392",1466,1992,73.6
2016-11,Região de Saúde LVT,"Centro Hospitalar de Setúbal, EPE","38.5283754, -8.8818638",2813,3318,84.8
2016-11,Região de Saúde LVT,"Hospital de Vila Franca de Xira, PPP","38.977235, -8.984506",3115,3857,80.8
2016-11,Região de Saúde LVT,"Hospital Garcia de Orta, EPE","38.6658713, -9.1822554",3949,4498,87.8
2016-11,Região de Saúde Norte,"Centro Hospitalar Universitário do Porto, EPE","41.1472498, -8.6172617",6425,8268,77.7
2016-11,Região de Saúde Norte,"Centro Hospitalar Póvoa de Varzim/Vila do Conde, EPE","41.3828711, -8.7589945",1099,1699,64.7
2016-12,Região de Saúde do Centro,"Centro Hospitalar do Baixo Vouga, EPE","40.6362453, -8.6543716",3756,4594,81.8
2016-12,Região de Saúde do Centro,"Hospital Distrital da Figueira da Foz, EPE","40.117897, -8.8586755",2034,2673,76.1
2016-12,Região de Saúde do Centro,"Instituto Português Oncologia de Coimbra, EPE","40.2162514, -8.4103814",47,371,12.7
2016-12,Região de Saúde LVT,"Centro Hospitalar de Lisboa Ocidental, EPE","38.708454, -9.216985",2897,3598,80.5
2016-12,Região de Saúde LVT,"Instituto Português Oncologia de Lisboa, EPE","38.7396768, -9.1634516",794,1143,69.5
2016-12,Região de Saúde Norte,"Centro Hospitalar Universitário de São João, EPE","41.1831056, -8.6010558",5110,7017,72.8
2016-12,Região de Saúde Norte,"Centro Hospitalar Universitário do Porto, EPE","41.1472498, -8.6172617",6426,8407,76.4
2016-12,Região de Saúde Norte,"Centro Hospitalar Póvoa de Varzim/Vila do Conde, EPE","41.3828711, -8.7589945",1232,1884,65.4
2016-12,Região de Saúde Norte,"Hospital Santa Maria Maior, EPE","41.5324234, -8.6171561",1427,1931,73.9
2017-01,Região de Saúde do Alentejo,"Hospital Espírito Santo de Évora, EPE","38.5684861, -7.9032848",279,376,74.2
2017-01,Região de Saúde do Centro,"Centro Hospitalar Universitário Cova da Beira, EPE","40.2804158, -7.4922407",86,123,69.9
2017-01,Região de Saúde do Centro,"Centro Hospitalar Tondela-Viseu, EPE","40.516364, -8.0827433",465,497,93.6
2017-01,Região de Saúde do Centro,Hospital Dr. Francisco Zagalo,"40.8571967, -8.6318023",65,70,92.9
2017-01,Região de Saúde LVT,"Centro Hospitalar de Setúbal, EPE","38.5283754, -8.8818638",259,315,82.2
2017-01,Região de Saúde LVT,"Centro Hospitalar Universitário de Lisboa Norte, EPE","38.7500861, -9.1616116",527,654,80.6
2017-01,Região de Saúde LVT,"Instituto Português Oncologia de Lisboa, EPE","38.7396768, -9.1634516",10,74,13.5
2017-01,Região de Saúde Norte,"Centro Hospitalar do Médio Ave, EPE","41.3423984, -8.4802503",223,262,85.1
2017-01,Região de Saúde Norte,"Hospital da Senhora da Oliveira, Guimarães, EPE","41.4387173, -8.3086907",265,308,86.0
2017-01,Região de Saúde Norte,"Instituto Português Oncologia do Porto, EPE","41.1785642, -8.6062881",114,183,62.3
2017-01,Região de Saúde Norte,"Unidade Local de Saúde do Nordeste, EPE","41.8056532, -6.7888197",163,195,83.6
2017-02,Região de Saúde do Alentejo,"Unidade Local de Saúde do Baixo Alentejo, EPE","38.014123, -7.8721227",308,361,85.3
2017-02,Região de Saúde do Alentejo,"Unidade Local de Saúde do Norte Alentejano, EPE","39.3003425, -7.4263845",232,303,76.6
2017-02,Região de Saúde do Centro,Centro Medicina de Reabilitação da Região Centro Rovisco Pais,"40.297919, -8.7707806",0,0,
2017-02,Região de Saúde do Centro,Hospital Dr. Francisco Zagalo,"40.8571967, -8.6318023",130,142,91.5
2017-02,Região de Saúde LVT,"Centro Hospitalar Barreiro/Montijo, EPE","38.6554005, -9.0592392",297,397,74.8
2017-02,Região de Saúde LVT,"Hospital de Loures, PPP","38.821455, -9.176296",705,822,85.8
2017-02,Região de Saúde LVT,"Hospital Garcia de Orta, EPE","38.6658713, -9.1822554",719,776,92.7
2017-02,Região de Saúde Norte,"Centro Hospitalar do Médio Ave, EPE","41.3423984, -8.4802503",404,489,82.6
2017-02,Região de Saúde Norte,"Centro Hospitalar Tâmega e Sousa, EPE","41.2494561, -8.264901",954,1141,83.6
2017-02,Região de Saúde Norte,"Hospital Santa Maria Maior, EPE","41.5324234, -8.6171561",308,402,76.6
2017-02,Região de Saúde Norte,"Unidade Local de Saúde de Matosinhos, EPE","41.1794456, -8.6745115",822,949,86.6
2017-03,Região de Saúde do Centro,"Centro Hospitalar do Baixo Vouga, EPE","40.6362453, -8.6543716",961,1107,86.8
2017-03,Região de Saúde do Centro,"Instituto Português Oncologia de Coimbra, EPE","40.2162514, -8.4103814",27,127,21.3
2017-03,Região de Saúde do Centro,"Unidade Local de Saúde da Guarda, EPE","40.5309916, -7.2734793",362,454,79.7
2017-03,Região de Saúde LVT,"Centro Hospitalar Barreiro/Montijo, EPE","38.6554005, -9.0592392",477,673,70.9
2017-03,Região de Saúde LVT,"Centro Hospitalar Universitário Lisboa Central, EPE","38.7166948, -9.1371248",2578,2906,88.7
2017-03,Região de Saúde Norte,"Centro Hospitalar Entre Douro e Vouga, EPE","40.9293884, -8.5458794",1620,1936,83.7
2017-03,Região de Saúde Norte,"Centro Hospitalar Tâmega e Sousa, EPE","41.2494561, -8.264901",1531,1807,84.7
2017-03,Região de Saúde Norte,"Centro Hospitalar Trás-os-Montes e Alto Douro, EPE","41.3031784, -7.7515252",1379,1605,85.9
2017-03,Região de Saúde Norte,"Hospital de Braga, PPP","41.56785, -8.398982",1654,1919,86.2
2017-03,Região de Saúde Norte,"Instituto Português Oncologia do Porto, EPE","41.1785642, -8.6062881",348,573,60.7
2017-03,Região de Saúde Norte,"Unidade Local de Saúde do Alto Minho, EPE","41.7056054, -8.8252713",1930,2161,89.3
2017-04,Região de Saúde do Centro,"Centro Hospitalar e Universitário de Coimbra, EPE","40.2191523, -8.4098211",3224,4194,76.9
2017-04,Região de Saúde do Centro,"Unidade Local de Saúde da Guarda, EPE","40.5309916, -7.2734793",453,576,78.6
2017-04,Região de Saúde LVT,Centro Hospitalar do Oeste,"39.4054629, -9.1258493",470,614,76.5
2017-04,Região de Saúde LVT,Centro Hospitalar Psiquiátrico de Lisboa,"38.7569771, -9.1460705",0,0,
2017-04,Região de Saúde LVT,"Hospital de Loures, PPP","38.821455, -9.176296",1359,1631,83.3
2017-04,Região de Saúde LVT,"Hospital de Vila Franca de Xira, PPP","38.977235, -8.984506",1026,1252,81.9
2017-04,Região de Saúde LVT,"Hospital Professor Doutor Fernando Fonseca, EPE","38.7422257, -9.2264834",1580,2132,74.1
2017-04,Região de Saúde Norte,"Centro Hospitalar Universitário de São João, EPE","41.1831056, -8.6010558",2262,2974,76.1
2017-04,Região de Saúde Norte,"Centro Hospitalar Entre Douro e Vouga, EPE","40.9293884, -8.5458794",2016,2470,81.6
2017-04,Região de Saúde Norte,"Instituto Português Oncologia do Porto, EPE","41.1785642, -8.6062881",434,744,58.3
2017-05,Região de Saúde do Alentejo,"Unidade Local de Saúde do Litoral Alentejano, EPE","38.0162314, -8.6956768",672,784,85.7
2017-05,Região de Saúde do Centro,"Centro Hospitalar e Universitário de Coimbra, EPE","40.2191523, -8.4098211",4032,5202,77.5
2017-05,Região de Saúde do Centro,"Centro Hospitalar Tondela-Viseu, EPE","40.516364, -8.0827433",2269,2427,93.5
2017-05,Região de Saúde do Centro,Centro Medicina de Reabilitação da Região Centro Rovisco Pais,"40.297919, -8.7707806",0,0,
2017-05,Região de Saúde do Centro,"Hospital Distrital da Figueira da Foz, EPE","40.117897, -8.8586755",1003,1188,84.4
2017-05,Região de Saúde do Centro,Hospital Dr. Francisco Zagalo,"40.8571967, -8.6318023",344,366,94.0
2017-05,Região de Saúde do Centro,"Unidade Local de Saúde da Guarda, EPE","40.5309916, -7.2734793",578,719,80.4
2017-05,Região de Saúde LVT,"Centro Hospitalar de Setúbal, EPE","38.5283754, -8.8818638",1333,1629,81.8
2017-05,Região de Saúde LVT,Centro Hospitalar Psiquiátrico de Lisboa,"38.7569771, -9.1460705",0,0,
2017-05,Região de Saúde LVT,"Hospital de Cascais, PPP","38.729006, -9.418267",1094,1319,82.9
2017-05,Região de Saúde LVT,"Hospital Garcia de Orta, EPE","38.6658713, -9.1822554",1800,2034,88.5
2017-05,Região de Saúde Norte,"Unidade Local de Saúde de Matosinhos, EPE","41.1794456, -8.6745115",2053,2388,86.0
2017-06,Região de Saúde do Alentejo,"Unidade Local de Saúde do Litoral Alentejano, EPE","38.0162314, -8.6956768",808,935,86.4
2017-06,Região de Saúde do Alentejo,"Unidade Local de Saúde do Norte Alentejano, EPE","39.3003425, -7.4263845",736,929,79.2
2017-06,Região de Saúde LVT,"Centro Hospitalar Universitário de Lisboa Norte, EPE","38.7500861, -9.1616116",2742,3412,80.4
2017-06,Região de Saúde Norte,"Hospital Santa Maria Maior, EPE","41.5324234, -8.6171561",881,1154,76.3
2017-06,Região de Saúde Norte,"Unidade Local de Saúde do Nordeste, EPE","41.8056532, -6.7888197",897,1097,81.8
2017-07,Região de Saúde do Alentejo,"Unidade Local de Saúde do Litoral Alentejano, EPE","38.0162314, -8.6956768",939,1087,86.4
2017-07,Região de Saúde do Centro,"Centro Hospitalar Universitário Cova da Beira, EPE","40.2804158, -7.4922407",665,935,71.1
2017-07,Região de Saúde do Centro,Centro Medicina de Reabilitação da Região Centro Rovisco Pais,"40.297919, -8.7707806",0,0,
2017-07,Região de Saúde do Centro,"Instituto Português Oncologia de Coimbra, EPE","40.2162514, -8.4103814",56,266,21.1
2017-07,Região de Saúde do Centro,"Unidade Local de Saúde da Guarda, EPE","40.5309916, -7.2734793",755,945,79.9
2017-07,Região de Saúde do Centro,"Unidade Local de Saúde de Castelo Branco, EPE","39.8212263, -7.4981271",692,936,73.9
2017-07,Região de Saúde LVT,"Centro Hospitalar Universitário Lisboa Central, EPE","38.7166948, -9.1371248",5379,6155,87.4
2017-07,Região de Saúde LVT,"Hospital de Loures, PPP","38.821455, -9.176296",2261,2735,82.7
2017-07,Região de Saúde LVT,"Hospital Professor Doutor Fernando Fonseca, EPE","38.7422257, -9.2264834",2612,3456,75.6
2017-07,Região de Saúde Norte,"Centro Hospitalar Universitário do Porto, EPE","41.1472498, -8.6172617",4352,5469,79.6
2017-07,Região de Saúde Norte,"Centro Hospitalar Póvoa de Varzim/Vila do Conde, EPE","41.3828711, -8.7589945",886,1256,70.5
2017-07,Região de Saúde Norte,"Hospital da Senhora da Oliveira, Guimarães, EPE","41.4387173, -8.3086907",2245,2725,82.4
2017-07,Região de Saúde Norte,"Hospital de Magalhães Lemos, EPE","41.1764649, -8.6649823",0,0,
2017-07,Região de Saúde Norte,"Instituto Português Oncologia do Porto, EPE","41.1785642, -8.6062881",742,1285,57.7
2017-07,Região de Saúde Norte,"Unidade Local de Saúde do Nordeste, EPE","41.8056532, -6.7888197",1051,1297,81.0
2017-08,Região de Saúde do Centro,"Centro Hospitalar Universitário Cova da Beira, EPE","40.2804158, -7.4922407",762,1044,73.0
2017-08,Região de Saúde do Centro,"Centro Hospitalar e Universitário de Coimbra, EPE","40.2191523, -8.4098211",5711,7392,77.3
2017-08,Região de Saúde LVT,"Centro Hospitalar Barreiro/Montijo, EPE","38.6554005, -9.0592392",1053,1493,70.5
2017-08,Região de Saúde LVT,"Hospital de Vila Franca de Xira, PPP","38.977235, -8.984506",2153,2567,83.9
2017-08,Região de Saúde Norte,"Centro Hospitalar Universitário do Porto, EPE","41.1472498, -8.6172617",4591,5759,79.7
2017-08,Região de Saúde Norte,"Unidade Local de Saúde de Matosinhos, EPE","41.1794456, -8.6745115",2978,3498,85.1
2017-09,Região de Saúde do Alentejo,"Hospital Espírito Santo de Évora, EPE","38.5684861, -7.9032848",1466,2049,71.5
2017-09,Região de Saúde do Alentejo,"Unidade Local de Saúde do Norte Alentejano, EPE","39.3003425, -7.4263845",1067,1334,80.0
2017-09,Região de Saúde do Algarve,"Centro Hospitalar Universitário do Algarve, EPE","37.0238973, -7.9281554",1765,2235,79.0
2017-09,Região de Saúde do Centro,"Centro Hospitalar Universitário Cova da Beira, EPE","40.2804158, -7.4922407",849,1149,73.9
2017-09,Região de Saúde do Centro,"Centro Hospitalar e Universitário de Coimbra, EPE","40.2191523, -8.4098211",6333,8174,77.5
2017-09,Região de Saúde do Centro,"Centro Hospitalar Tondela-Viseu, EPE","40.516364, -8.0827433",3652,3913,93.3
2017-09,Região de Saúde do Centro,Centro Medicina de Reabilitação da Região Centro Rovisco Pais,"40.297919, -8.7707806",0,0,
2017-09,Região de Saúde do Centro,"Hospital Distrital da Figueira da Foz, EPE","40.117897, -8.8586755",1608,1955,82.3
2017-09,Região de Saúde LVT,"Centro Hospitalar Barreiro/Montijo, EPE","38.6554005, -9.0592392",1164,1674,69.5
2017-09,Região de Saúde LVT,Centro Hospitalar do Oeste,"39.4054629, -9.1258493",1060,1385,76.5
2017-09,Região de Saúde LVT,"Centro Hospitalar Universitário de Lisboa Norte, EPE","38.7500861, -9.1616116",3681,4589,80.2
2017-09,Região de Saúde LVT,"Hospital Professor Doutor Fernando Fonseca, EPE","38.7422257, -9.2264834",3226,4298,75.1
2017-09,Região de Saúde Norte,"Centro Hospitalar do Médio Ave, EPE","41.3423984, -8.4802503",1810,2164,83.6
2017-09,Região de Saúde Norte,"Centro Hospitalar Vila Nova de Gaia/Espinho, EPE","41.1094138, -8.5972617",4833,6209,77.8
2017-09,Região de Saúde Norte,"Hospital Santa Maria Maior, EPE","41.5324234, -8.6171561",1350,1727,78.2
2017-09,Região de Saúde Norte,"Unidade Local de Saúde do Nordeste, EPE","41.8056532, -6.7888197",1284,1593,80.6
2017-10,Região de Saúde do Alentejo,"Unidade Local de Saúde do Baixo Alentejo, EPE","38.014123, -7.8721227",1319,1623,81.3
2017-10,Região de Saúde do Centro,"Unidade Local de Saúde da Guarda, EPE","40.5309916, -7.2734793",979,1232,79.5
2017-10,Região de Saúde do Centro,"Unidade Local de Saúde de Castelo Branco, EPE","39.8212263, -7.4981271",838,1178,71.1
2017-10,Região de Saúde LVT,"Centro Hospitalar de Setúbal, EPE","38.5283754, -8.8818638",2466,2992,82.4
2017-10,Região de Saúde LVT,"Hospital de Vila Franca de Xira, PPP","38.977235, -8.984506",2594,3111,83.4
2017-10,Região de Saúde Norte,"Centro Hospitalar Trás-os-Montes e Alto Douro, EPE","41.3031784, -7.7515252",4430,4967,89.2
2017-11,Região de Saúde do Centro,"Centro Hospitalar de Leiria, EPE","39.7414812, -8.7982706",3730,4633,80.5
2017-11,Região de Saúde do Centro,"Centro Hospitalar do Baixo Vouga, EPE","40.6362453, -8.6543716",2981,3597,82.9
2017-11,Região de Saúde do Centro,"Centro Hospitalar e Universitário de Coimbra, EPE","40.2191523, -8.4098211",8002,10267,77.9
2017-11,Região de Saúde LVT,"Centro Hospitalar Universitário Lisboa Central, EPE","38.7166948, -9.1371248",7629,8842,86.3
2017-11,Região de Saúde LVT,"Centro Hospitalar de Lisboa Ocidental, EPE","38.708454, -9.216985",2908,3765,77.2
2017-11,Região de Saúde LVT,"Hospital Distrital de Santarém, EPE","39.2410946, -8.6937515",2260,2601,86.9
2017-11,Região de Saúde Norte,"Centro Hospitalar do Médio Ave, EPE","41.3423984, -8.4802503",2320,2774,83.6
2017-11,Região de Saúde Norte,"Instituto Português Oncologia do Porto, EPE","41.1785642, -8.6062881",1127,1977,57.0
2017-11,Região de Saúde Norte,"Unidade Local de Saúde do Alto Minho, EPE","41.7056054, -8.8252713",5767,6603,87.3
2017-12,Região de Saúde do Alentejo,"Hospital Espírito Santo de Évora, EPE","38.5684861, -7.9032848",1974,2730,72.3
2017-12,Região de Saúde do Centro,"Hospital Distrital da Figueira da Foz, EPE","40.117897, -8.8586755",2072,2535,81.7
2017-12,Região de Saúde do Centro,Hospital Dr. Francisco Zagalo,"40.8571967, -8.6318023",787,830,94.8
2017-12,Região de Saúde do Centro,"Unidade Local de Saúde da Guarda, EPE","40.5309916, -7.2734793",1147,1459,78.6
2017-12,Região de Saúde do Centro,"Unidade Local de Saúde de Castelo Branco, EPE","39.8212263, -7.4981271",1047,1472,71.1
2017-12,Região de Saúde LVT,Centro Hospitalar do Oeste,"39.4054629, -9.1258493",1443,1872,77.1
2017-12,Região de Saúde LVT,"Centro Hospitalar Universitário de Lisboa Norte, EPE","38.7500861, -9.1616116",4737,5863,80.8
2017-12,Região de Saúde LVT,"Hospital de Loures, PPP","38.821455, -9.176296",3866,4624,83.6
2017-12,Região de Saúde Norte,"Centro Hospitalar Entre Douro e Vouga, EPE","40.9293884, -8.5458794",5376,6654,80.8
2017-12,Região de Saúde Norte,"Unidade Local de Saúde do Alto Minho, EPE","41.7056054, -8.8252713",6156,7060,87.2
2017-12,Região de Saúde Norte,"Unidade Local de Saúde do Nordeste, EPE","41.8056532, -6.7888197",2021,2449,82.5
2018-01,Região de Saúde do Alentejo,"Hospital Espírito Santo de Évora, EPE","38.5684861, -7.9032848",188,255,73.7
2018-01,Região de Saúde do Alentejo,"Unidade Local de Saúde do Baixo Alentejo, EPE","38.014123, -7.8721227",90,140,64.3
2018-01,Região de Saúde do Alentejo,"Unidade Local de Saúde do Litoral Alentejano, EPE","38.0162314, -8.6956768",111,136,81.6
2018-01,Região de Saúde do Alentejo,"Unidade Local de Saúde do Norte Alentejano, EPE","39.3003425, -7.4263845",144,162,88.9
2018-01,Região de Saúde do Algarve,"Centro Hospitalar Universitário do Algarve, EPE","37.0238973, -7.9281554",210,254,82.7
2018-01,Região de Saúde do Centro,"Hospital Distrital da Figueira da Foz, EPE","40.117897, -8.8586755",190,226,84.1
2018-01,Região de Saúde Norte,"Centro Hospitalar Entre Douro e Vouga, EPE","40.9293884, -8.5458794",492,541,90.9
2018-01,Região de Saúde Norte,"Centro Hospitalar Tâmega e Sousa, EPE","41.2494561, -8.264901",521,588,88.6
2018-01,Região de Saúde Norte,"Hospital Santa Maria Maior, EPE","41.5324234, -8.6171561",177,216,81.9
2018-01,Região de Saúde Norte,"Unidade Local de Saúde de Matosinhos, EPE","41.1794456, -8.6745115",374,420,89.0
2018-01,Região de Saúde Norte,"Unidade Local de Saúde do Alto Minho, EPE","41.7056054, -8.8252713",372,443,84.0
2018-02,Região de Saúde do Alentejo,"Unidade Local de Saúde do Norte Alentejano, EPE","39.3003425, -7.4263845",267,313,85.3
2018-02,Região de Saúde do Centro,"Centro Hospitalar do Baixo Vouga, EPE","40.6362453, -8.6543716",987,1142,86.4
2018-02,Região de Saúde do Centro,Centro Medicina de Reabilitação da Região Centro Rovisco Pais,"40.297919, -8.7707806",0,0,
2018-02,Região de Saúde do Centro,Hospital Dr. Francisco Zagalo,"40.8571967, -8.6318023",92,95,96.8
2018-02,Região de Saúde LVT,"Centro Hospitalar de Lisboa Ocidental, EPE","38.708454, -9.216985",617,789,78.2
2018-02,Região de Saúde LVT,"Hospital de Loures, PPP","38.821455, -9.176296",729,862,84.6
2018-02,Região de Saúde Norte,"Centro Hospitalar Universitário do Porto, EPE","41.1472498, -8.6172617",1400,1747,80.1
2018-02,Região de Saúde Norte,"Unidade Local de Saúde do Alto Minho, EPE","41.7056054, -8.8252713",826,983,84.0
2018-03,Região de Saúde do Alentejo,"Unidade Local de Saúde do Norte Alentejano, EPE","39.3003425, -7.4263845",402,479,83.9
2018-03,Região de Saúde do Algarve,"Centro Hospitalar Universitário do Algarve, EPE","37.0238973, -7.9281554",536,664,80.7
2018-03,Região de Saúde do Centro,"Centro Hospitalar de Leiria, EPE","39.7414812, -8.7982706",1161,1352,85.9
2018-03,Região de Saúde do Centro,"Centro Hospitalar Tondela-Viseu, EPE","40.516364, -8.0827433",1112,1209,92.0
2018-03,Região de Saúde do Centro,"Instituto Português Oncologia de Coimbra, EPE","40.2162514, -8.4103814",2,97,2.1
2018-03,Região de Saúde LVT,"Hospital Garcia de Orta, EPE","38.6658713, -9.1822554",966,1126,85.8
2018-03,Região de Saúde LVT,Instituto Gama Pinto,"38.7218793, -9.144249",718,718,100.0
2018-03,Região de Saúde Norte,"Centro Hospitalar Tâmega e Sousa, EPE","41.2494561, -8.264901",1498,1679,89.2
2018-04,Região de Saúde do Alentejo,"Unidade Local de Saúde do Baixo Alentejo, EPE","38.014123, -7.8721227",438,598,73.2
2018-04,Região de Saúde do Alentejo,"Unidade Local de Saúde do Norte Alentejano, EPE","39.3003425, -7.4263845",505,618,81.7
2018-04,Região de Saúde do Centro,"Centro Hospitalar Universitário Cova da Beira, EPE","40.2804158, -7.4922407",421,596,70.6
2018-04,Região de Saúde do Centro,"Centro Hospitalar do Baixo Vouga, EPE","40.6362453, -8.6543716",1864,2173,85.8
2018-04,Região de Saúde do Centro,Centro Medicina de Reabilitação da Região Centro Rovisco Pais,"40.297919, -8.7707806",0,0,
2018-04,Região de Saúde do Centro,"Instituto Português Oncologia de Coimbra, EPE","40.2162514, -8.4103814",4,131,3.1
2018-04,Região de Saúde LVT,"Centro Hospitalar de Setúbal, EPE","38.5283754, -8.8818638",995,1168,85.2
2018-04,Região de Saúde LVT,Centro Hospitalar Psiquiátrico de Lisboa,"38.7569771, -9.1460705",0,0,
2018-04,Região de Saúde LVT,"Hospital de Vila Franca de Xira, PPP","38.977235, -8.984506",1164,1363,85.4
2018-04,Região de Saúde Norte,"Centro Hospitalar do Médio Ave, EPE","41.3423984, -8.4802503",1030,1223,84.2
2018-04,Região de Saúde Norte,"Centro Hospitalar Póvoa de Varzim/Vila do Conde, EPE","41.3828711, -8.7589945",584,740,78.9
2018-04,Região de Saúde Norte,"Centro Hospitalar Trás-os-Montes e Alto Douro, EPE","41.3031784, -7.7515252",1241,1476,84.1
2018-04,Região de Saúde Norte,"Unidade Local de Saúde de Matosinhos, EPE","41.1794456, -8.6745115",1278,1504,85.0
2018-04,Região de Saúde Norte,"Unidade Local de Saúde do Alto Minho, EPE","41.7056054, -8.8252713",1797,2137,84.1
2018-04,Região de Saúde Norte,"Unidade Local de Saúde do Nordeste, EPE","41.8056532, -6.7888197",675,829,81.4
2018-05,Região de Saúde do Alentejo,"Unidade Local de Saúde do Norte Alentejano, EPE","39.3003425, -7.4263845",636,773,82.3
2018-05,Região de Saúde do Centro,"Centro Hospitalar Universitário Cova da Beira, EPE","40.2804158, -7.4922407",529,756,70.0
2018-05,Região de Saúde do Centro,Hospital Arcebispo João Crisóstomo,"40.3470015, -8.5933462",143,143,100.0
2018-05,Região de Saúde do Centro,"Unidade Local de Saúde da Guarda, EPE","40.5309916, -7.2734793",474,595,79.7
2018-05,Região de Saúde LVT,"Centro Hospitalar de Lisboa Ocidental, EPE","38.708454, -9.216985",1557,1968,79.1
2018-05,Região de Saúde LVT,"Centro Hospitalar de Setúbal, EPE","38.5283754, -8.8818638",1260,1474,85.5
2018-05,Região de Saúde LVT,"Centro Hospitalar Universitário de Lisboa Norte, EPE","38.7500861, -9.1616116",2029,2456,82.6
2018-05,Região de Saúde LVT,"Hospital Professor Doutor Fernando Fonseca, EPE","38.7422257, -9.2264834",2177,2761,78.8
2018-05,Região de Saúde LVT,"Hospital Garcia de Orta, EPE","38.6658713, -9.1822554",1640,1877,87.4
2018-05,Região de Saúde Norte,"Centro Hospitalar Universitário do Porto, EPE","41.1472498, -8.6172617",3420,4267,80.1
2018-05,Região de Saúde Norte,"Unidade Local de Saúde do Alto Minho, EPE","41.7056054, -8.8252713",2216,2632,84.2
2018-06,Região de Saúde do Alentejo,"Hospital Espírito Santo de Évora, EPE","38.5684861, -7.9032848",1141,1506,75.8
2018-06,Região de Saúde do Algarve,"Centro Hospitalar Universitário do Algarve, EPE","37.0238973, -7.9281554",1097,1362,80.5
2018-06,Região de Saúde do Centro,"Centro Hospitalar Universitário Cova da Beira, EPE","40.2804158, -7.4922407",632,894,70.7
2018-06,Região de Saúde do Centro,"Instituto Português Oncologia de Coimbra, EPE","40.2162514, -8.4103814",10,199,5.0
2018-06,Região de Saúde do Centro,"Unidade Local de Saúde de Castelo Branco, EPE","39.8212263, -7.4981271",428,645,66.4
2018-06,Região de Saúde LVT,"Centro Hospitalar Universitário Lisboa Central, EPE","38.7166948, -9.1371248",3474,4111,84.5
2018-06,Região de Saúde LVT,Centro Hospitalar do Oeste,"39.4054629, -9.1258493",1672,2220,75.3
2018-06,Região de Saúde LVT,Instituto Gama Pinto,"38.7218793, -9.144249",1821,1821,100.0
2018-07,Região de Saúde do Alentejo,"Hospital Espírito Santo de Évora, EPE","38.5684861, -7.9032848",1391,1824,76.3
2018-07,Região de Saúde do Centro,"Centro Hospitalar de Leiria, EPE","39.7414812, -8.7982706",2674,3045,87.8
2018-07,Região de Saúde do Centro,"Centro Hospitalar e Universitário de Coimbra, EPE","40.2191523, -8.4098211",5350,6682,80.1
2018-07,Região de Saúde LVT,"Centro Hospitalar Barreiro/Montijo, EPE","38.6554005, -9.0592392",940,1303,72.1
2018-07,Região de Saúde LVT,"Hospital de Vila Franca de Xira, PPP","38.977235, -8.984506",2123,2475,85.8
2018-07,Região de Saúde LVT,"Hospital Distrital de Santarém, EPE","39.2410946, -8.6937515",1265,1536,82.4
2018-07,Região de Saúde LVT,"Hospital Garcia de Orta, EPE","38.6658713, -9.1822554",2326,2628,88.5
2018-07,Região de Saúde Norte,"Hospital de Magalhães Lemos, EPE","41.1764649, -8.6649823",0,0,
2018-07,Região de Saúde Norte,"Unidade Local de Saúde do Nordeste, EPE","41.8056532, -6.7888197",1267,1555,81.5
2018-08,Região de Saúde do Centro,Hospital Dr. Francisco Zagalo,"40.8571967, -8.6318023",347,377,92.0
2018-08,Região de Saúde LVT,"Centro Hospitalar Universitário de Lisboa Norte, EPE","38.7500861, -9.1616116",3001,3621,82.9
2018-08,Região de Saúde LVT,"Centro Hospitalar Médio Tejo, EPE","39.478072, -8.5404429",2141,2536,84.4
2018-08,Região de Saúde LVT,"Hospital de Vila Franca de Xira, PPP","38.977235, -8.984506",2423,2824,85.8
2018-08,Região de Saúde Norte,"Centro Hospitalar Universitário de São João, EPE","41.1831056, -8.6010558",4719,5899,80.0
2018-08,Região de Saúde Norte,"Hospital de Magalhães Lemos, EPE","41.1764649, -8.6649823",0,0,
2018-08,Região de Saúde Norte,"Instituto Português Oncologia do Porto, EPE","41.1785642, -8.6062881",908,1439,63.1
2018-08,Região de Saúde Norte,"Unidade Local de Saúde de Matosinhos, EPE","41.1794456, -8.6745115",2673,3087,86.6
2018-09,Região de Saúde do Alentejo,"Hospital Espírito Santo de Évora, EPE","38.5684861, -7.9032848",1839,2416,76.1
2018-09,Região de Saúde do Alentejo,"Unidade Local de Saúde do Norte Alentejano, EPE","39.3003425, -7.4263845",1085,1319,82.3
2018-09,Região de Saúde do Algarve,"Centro Hospitalar Universitário do Algarve, EPE","37.0238973, -7.9281554",1601,1964,81.5
2018-09,Região de Saúde LVT,"Hospital de Vila Franca de Xira, PPP","38.977235, -8.984506",2695,3155,85.4
2018-09,Região de Saúde LVT,"Hospital Garcia de Orta, EPE","38.6658713, -9.1822554",2874,3230,89.0
2018-09,Região de Saúde Norte,"Hospital da Senhora da Oliveira, Guimarães, EPE","41.4387173, -8.3086907",2122,2667,79.6
2018-09,Região de Saúde Norte,"Hospital de Magalhães Lemos, EPE","41.1764649, -8.6649823",0,0,
2018-09,Região de Saúde Norte,"Instituto Português Oncologia do Porto, EPE","41.1785642, -8.6062881",1062,1646,64.5
2018-09,Região de Saúde Norte,"Unidade Local de Saúde do Nordeste, EPE","41.8056532, -6.7888197",1772,2115,83.8
2018-10,Região de Saúde do Alentejo,"Unidade Local de Saúde do Baixo Alentejo, EPE","38.014123, -7.8721227",1235,1596,77.4
2018-10,Região de Saúde do Alentejo,"Unidade Local de Saúde do Litoral Alentejano, EPE","38.0162314, -8.6956768",964,1102,87.5
2018-10,Região de Saúde do Algarve,"Centro Hospitalar Universitário do Algarve, EPE","37.0238973, -7.9281554",1765,2193,80.5
2018-10,Região de Saúde do Centro,"Centro Hospitalar e Universitário de Coimbra, EPE","40.2191523, -8.4098211",7037,8840,79.6
2018-10,Região de Saúde do Centro,Hospital Arcebispo João Crisóstomo,"40.3470015, -8.5933462",258,258,100.0
2018-10,Região de Saúde do Centro,"Hospital Distrital da Figueira da Foz, EPE","40.117897, -8.8586755",1753,2005,87.4
2018-10,Região de Saúde LVT,"Centro Hospitalar de Lisboa Ocidental, EPE","38.708454, -9.216985",2923,3688,79.3
2018-10,Região de Saúde Norte,"Centro Hospitalar Universitário do Porto, EPE","41.1472498, -8.6172617",6164,7624,80.8
2018-10,Região de Saúde Norte,"Centro Hospitalar Entre Douro e Vouga, EPE","40.9293884, -8.5458794",4839,5660,85.5
2018-10,Região de Saúde Norte,"Centro Hospitalar Póvoa de Varzim/Vila do Conde, EPE","41.3828711, -8.7589945",1198,1648,72.7
2018-10,Região de Saúde Norte,"Hospital de Magalhães Lemos, EPE","41.1764649, -8.6649823",0,0,
2018-10,Região de Saúde Norte,"Unidade Local de Saúde do Alto Minho, EPE","41.7056054, -8.8252713",3987,4735,84.2
2018-11,Região de Saúde do Alentejo,"Unidade Local de Saúde do Baixo Alentejo, EPE","38.014123, -7.8721227",1384,1774,78.0
2018-11,Região de Saúde do Centro,"Centro Hospitalar e Universitário de Coimbra, EPE","40.2191523, -8.4098211",7671,9654,79.5
2018-11,Região de Saúde do Centro,Hospital Dr. Francisco Zagalo,"40.8571967, -8.6318023",507,549,92.3
2018-11,Região de Saúde do Centro,"Unidade Local de Saúde de Castelo Branco, EPE","39.8212263, -7.4981271",893,1303,68.5
2018-11,Região de Saúde LVT,"Centro Hospitalar de Setúbal, EPE","38.5283754, -8.8818638",2948,3345,88.1
2018-11,Região de Saúde LVT,Centro Hospitalar Psiquiátrico de Lisboa,"38.7569771, -9.1460705",0,0,
2018-11,Região de Saúde LVT,"Hospital de Loures, PPP","38.821455, -9.176296",3960,4637,85.4
2018-11,Região de Saúde LVT,"Hospital de Vila Franca de Xira, PPP","38.977235, -8.984506",3173,3729,85.1
2018-11,Região de Saúde LVT,"Instituto Português Oncologia de Lisboa, EPE","38.7396768, -9.1634516",317,948,33.4
2018-11,Região de Saúde Norte,"Hospital de Braga, PPP","41.56785, -8.398982",6179,7310,84.5
2018-11,Região de Saúde Norte,"Instituto Português Oncologia do Porto, EPE","41.1785642, -8.6062881",1325,2061,64.3
2018-11,Região de Saúde Norte,"Unidade Local de Saúde do Alto Minho, EPE","41.7056054, -8.8252713",4424,5261,84.1
2018-12,Região de Saúde do Centro,"Centro Hospitalar Universitário Cova da Beira, EPE","40.2804158, -7.4922407",1167,1597,73.1
2018-12,Região de Saúde do Centro,"Centro Hospitalar do Baixo Vouga, EPE","40.6362453, -8.6543716",4842,5740,84.4
2018-12,Região de Saúde do Centro,Hospital Arcebispo João Crisóstomo,"40.3470015, -8.5933462",338,338,100.0
2018-12,Região de Saúde do Centro,Hospital Dr. Francisco Zagalo,"40.8571967, -8.6318023",561,611,91.8
2018-12,Região de Saúde do Centro,"Instituto Português Oncologia de Coimbra, EPE","40.2162514, -8.4103814",34,351,9.7
2018-12,Região de Saúde do Centro,"Unidade Local de Saúde de Castelo Branco, EPE","39.8212263, -7.4981271",973,1432,67.9
2018-12,Região de Saúde LVT,"Centro Hospitalar de Lisboa Ocidental, EPE","38.708454, -9.216985",3455,4395,78.6
2018-12,Região de Saúde LVT,"Centro Hospitalar de Setúbal, EPE","38.5283754, -8.8818638",3147,3551,88.6
2018-12,Região de Saúde Norte,"Centro Hospitalar Universitário de São João, EPE","41.1831056, -8.6010558",6321,7982,79.2
2018-12,Região de Saúde Norte,"Centro Hospitalar Universitário do Porto, EPE","41.1472498, -8.6172617",6723,8339,80.6
2018-12,Região de Saúde Norte,"Centro Hospitalar Trás-os-Montes e Alto Douro, EPE","41.3031784, -7.7515252",3815,4405,86.6
2018-12,Região de Saúde Norte,"Hospital da Senhora da Oliveira, Guimarães, EPE","41.4387173, -8.3086907",2847,3577,79.6
2018-12,Região de Saúde Norte,"Unidade Local de Saúde de Matosinhos, EPE","41.1794456, -8.6745115",4244,4882,86.9
2019-01,Região de Saúde do Alentejo,"Hospital Espírito Santo de Évora, EPE","38.5684861, -7.9032848",306,405,75.6
2019-01,Região de Saúde do Centro,"Centro Hospitalar Universitário Cova da Beira, EPE","40.2804158, -7.4922407",141,180,78.3
2019-01,Região de Saúde do Centro,"Centro Hospitalar Tondela-Viseu, EPE","40.516364, -8.0827433",436,461,94.6
2019-01,Região de Saúde do Centro,Hospital Arcebispo João Crisóstomo,"40.3470015, -8.5933462",33,33,100.0
2019-01,Região de Saúde do Centro,"Unidade Local de Saúde da Guarda, EPE","40.5309916, -7.2734793",88,98,89.8
2019-01,Região de Saúde LVT,"Centro Hospitalar de Lisboa Ocidental, EPE","38.708454, -9.216985",262,337,77.7
2019-01,Região de Saúde LVT,"Hospital de Cascais, PPP","38.729006, -9.418267",246,275,89.5
2019-01,Região de Saúde LVT,"Instituto Português Oncologia de Lisboa, EPE","38.7396768, -9.1634516",31,78,39.7
2019-01,Região de Saúde Norte,"Centro Hospitalar Universitário do Porto, EPE","41.1472498, -8.6172617",778,954,81.6
2019-01,Região de Saúde Norte,"Hospital da Senhora da Oliveira, Guimarães, EPE","41.4387173, -8.3086907",342,403,84.9
2019-01,Região de Saúde Norte,"Unidade Local de Saúde de Matosinhos, EPE","41.1794456, -8.6745115",412,464,88.8
2019-01,Região de Saúde Norte,"Unidade Local de Saúde do Alto Minho, EPE","41.7056054, -8.8252713",459,524,87.6
2019-02,Região de Saúde do Algarve,"Centro Hospitalar Universitário do Algarve, EPE","37.0238973, -7.9281554",556,648,85.8
2019-02,Região de Saúde do Centro,"Unidade Local de Saúde da Guarda, EPE","40.5309916, -7.2734793",205,224,91.5
2019-02,Região de Saúde LVT,"Centro Hospitalar Universitário Lisboa Central, EPE","38.7166948, -9.1371248",1024,1199,85.4
2019-02,Região de Saúde LVT,"Centro Hospitalar Universitário de Lisboa Norte, EPE","38.7500861, -9.1616116",535,669,80.0
2019-02,Região de Saúde Norte,"Centro Hospitalar Póvoa de Varzim/Vila do Conde, EPE","41.3828711, -8.7589945",217,297,73.1
2019-02,Região de Saúde Norte,"Hospital de Braga, PPP","41.56785, -8.398982",1524,1736,87.8
2019-02,Região de Saúde Norte,"Hospital Santa Maria Maior, EPE","41.5324234, -8.6171561",467,546,85.5
2019-03,Região de Saúde do Centro,"Centro Hospitalar do Baixo Vouga, EPE","40.6362453, -8.6543716",1077,1388,77.6
2019-03,Região de Saúde do Centro,Hospital Arcebispo João Crisóstomo,"40.3470015, -8.5933462",104,104,100.0
2019-03,Região de Saúde do Centro,"Hospital Distrital da Figueira da Foz, EPE","40.117897, -8.8586755",793,923,85.9
2019-03,Região de Saúde do Centro,"Unidade Local de Saúde de Castelo Branco, EPE","39.8212263, -7.4981271",215,373,57.6
2019-03,Região de Saúde LVT,"Centro Hospitalar de Setúbal, EPE","38.5283754, -8.8818638",804,918,87.6
2019-03,Região de Saúde LVT,"Instituto Português Oncologia de Lisboa, EPE","38.7396768, -9.1634516",90,222,40.5
2019-03,Região de Saúde Norte,"Centro Hospitalar Universitário de São João, EPE","41.1831056, -8.6010558",1463,1914,76.4
2019-03,Região de Saúde Norte,"Centro Hospitalar do Médio Ave, EPE","41.3423984, -8.4802503",706,806,87.6
2019-03,Região de Saúde Norte,"Centro Hospitalar Universitário do Porto, EPE","41.1472498, -8.6172617",1897,2328,81.5
2019-03,Região de Saúde Norte,"Centro Hospitalar Entre Douro e Vouga, EPE","40.9293884, -8.5458794",1150,1341,85.8
2019-03,Região de Saúde Norte,"Hospital da Senhora da Oliveira, Guimarães, EPE","41.4387173, -8.3086907",1005,1199,83.8
2019-03,Região de Saúde Norte,"Unidade Local de Saúde de Matosinhos, EPE","41.1794456, -8.6745115",1207,1358,88.9
2019-03,Região de Saúde Norte,"Unidade Local de Saúde do Alto Minho, EPE","41.7056054, -8.8252713",1346,1579,85.2
2019-04,Região de Saúde do Alentejo,"Unidade Local de Saúde do Norte Alentejano, EPE","39.3003425, -7.4263845",508,629,80.8
2019-04,Região de Saúde do Centro,"Centro Hospitalar de Leiria, EPE","39.7414812, -8.7982706",1720,1909,90.1
2019-04,Região de Saúde do Centro,"Centro Hospitalar do Baixo Vouga, EPE","40.6362453, -8.6543716",1457,1869,78.0
2019-04,Região de Saúde do Centro,"Centro Hospitalar Tondela-Viseu, EPE","40.516364, -8.0827433",1212,1345,90.1
2019-04,Região de Saúde do Centro,Centro Medicina de Reabilitação da Região Centro Rovisco Pais,"40.297919, -8.7707806",0,0,
2019-04,Região de Saúde LVT,"Centro Hospitalar Barreiro/Montijo, EPE","38.6554005, -9.0592392",733,959,76.4
2019-04,Região de Saúde LVT,Centro Hospitalar do Oeste,"39.4054629, -9.1258493",583,799,73.0
2019-04,Região de Saúde LVT,"Hospital de Cascais, PPP","38.729006, -9.418267",1044,1172,89.1
2019-04,Região de Saúde Norte,"Centro Hospitalar Póvoa de Varzim/Vila do Conde, EPE","41.3828711, -8.7589945",377,538,70.1
2019-04,Região de Saúde Norte,"Centro Hospitalar Trás-os-Montes e Alto Douro, EPE","41.3031784, -7.7515252",1581,1864,84.8
2019-04,Região de Saúde Norte,"Centro Hospitalar Vila Nova de Gaia/Espinho, EPE","41.1094138, -8.5972617",2119,2413,87.8
2019-04,Região de Saúde Norte,"Instituto Português Oncologia do Porto, EPE","41.1785642, -8.6062881",441,780,56.5
2019-05,Região de Saúde do Alentejo,"Unidade Local de Saúde do Baixo Alentejo, EPE","38.014123, -7.8721227",650,822,79.1
2019-05,Região de Saúde do Alentejo,"Unidade Local de Saúde do Norte Alentejano, EPE","39.3003425, -7.4263845",596,761,78.3
2019-05,Região de Saúde do Algarve,"Centro Hospitalar Universitário do Algarve, EPE","37.0238973, -7.9281554",1370,1595,85.9
2019-05,Região de Saúde do Centro,"Centro Hospitalar Tondela-Viseu, EPE","40.516364, -8.0827433",1747,1915,91.2
2019-05,Região de Saúde do Centro,"Hospital Distrital da Figueira da Foz, EPE","40.117897, -8.8586755",1424,1641,86.8
2019-05,Região de Saúde LVT,Centro Hospitalar do Oeste,"39.4054629, -9.1258493",678,940,72.1
2019-05,Região de Saúde LVT,"Hospital de Loures, PPP","38.821455, -9.176296",1622,1932,84.0
2019-05,Região de Saúde LVT,"Hospital Professor Doutor Fernando Fonseca, EPE","38.7422257, -9.2264834",1860,2187,85.0
2019-05,Região de Saúde Norte,"Centro Hospitalar Universitário de São João, EPE","41.1831056, -8.6010558",2783,3675,75.7
2019-05,Região de Saúde Norte,"Hospital de Magalhães Lemos, EPE","41.1764649, -8.6649823",0,0,
2019-06,Região de Saúde do Alentejo,"Unidade Local de Saúde do Baixo Alentejo, EPE","38.014123, -7.8721227",724,914,79.2
2019-06,Região de Saúde do Alentejo,"Unidade Local de Saúde do Norte Alentejano, EPE","39.3003425, -7.4263845",650,830,78.3
2019-06,Região de Saúde do Centro,"Centro Hospitalar e Universitário de Coimbra, EPE","40.2191523, -8.4098211",4540,5551,81.8
2019-06,Região de Saúde do Centro,Hospital Dr. Francisco Zagalo,"40.8571967, -8.6318023",405,425,95.3
2019-06,Região de Saúde LVT,"Centro Hospitalar de Setúbal, EPE","38.5283754, -8.8818638",1662,1904,87.3
2019-06,Região de Saúde LVT,"Hospital de Cascais, PPP","38.729006, -9.418267",1516,1686,89.9
2019-06,Região de Saúde LVT,"Hospital Distrital de Santarém, EPE","39.2410946, -8.6937515",1068,1248,85.6
2019-06,Região de Saúde LVT,"Hospital Professor Doutor Fernando Fonseca, EPE","38.7422257, -9.2264834",2215,2605,85.0
2019-06,Região de Saúde Norte,"Centro Hospitalar Vila Nova de Gaia/Espinho, EPE","41.1094138, -8.5972617",3251,3744,86.8
2019-06,Região de Saúde Norte,"Hospital de Magalhães Lemos, EPE","41.1764649, -8.6649823",0,0,
2019-06,Região de Saúde Norte,"Unidade Local de Saúde de Matosinhos, EPE","41.1794456, -8.6745115",2472,2775,89.1
2019-07,Região de Saúde do Centro,"Centro Hospitalar Tondela-Viseu, EPE","40.516364, -8.0827433",2591,2830,91.6
2019-07,Região de Saúde do Centro,"Hospital Distrital da Figueira da Foz, EPE","40.117897, -8.8586755",1813,2088,86.8
2019-07,Região de Saúde do Centro,"Instituto Português Oncologia de Coimbra, EPE","40.2162514, -8.4103814",30,284,10.6
2019-07,Região de Saúde LVT,"Centro Hospitalar Universitário Lisboa Central, EPE","38.7166948, -9.1371248",3372,4036,83.5
2019-07,Região de Saúde LVT,"Centro Hospitalar de Lisboa Ocidental, EPE","38.708454, -9.216985",1815,2291,79.2
2019-07,Região de Saúde LVT,Centro Hospitalar do Oeste,"39.4054629, -9.1258493",885,1202,73.6
2019-07,Região de Saúde LVT,"Centro Hospitalar Universitário de Lisboa Norte, EPE","38.7500861, -9.1616116",2332,2853,81.7
2019-07,Região de Saúde LVT,"Hospital Distrital de Santarém, EPE","39.2410946, -8.6937515",1238,1420,87.2
2019-07,Região de Saúde LVT,"Hospital Garcia de Orta, EPE","38.6658713, -9.1822554",2228,2431,91.6
2019-07,Região de Saúde LVT,"Instituto Português Oncologia de Lisboa, EPE","38.7396768, -9.1634516",174,480,36.2
2019-07,Região de Saúde Norte,"Centro Hospitalar Universitário de São João, EPE","41.1831056, -8.6010558",4080,5426,75.2
2019-07,Região de Saúde Norte,"Centro Hospitalar do Médio Ave, EPE","41.3423984, -8.4802503",1643,1872,87.8
2019-07,Região de Saúde Norte,"Centro Hospitalar Universitário do Porto, EPE","41.1472498, -8.6172617",4911,6058,81.1
2019-07,Região de Saúde Norte,"Centro Hospitalar Vila Nova de Gaia/Espinho, EPE","41.1094138, -8.5972617",3667,4279,85.7
2019-07,Região de Saúde Norte,"Hospital da Senhora da Oliveira, Guimarães, EPE","41.4387173, -8.3086907",2226,2690,82.8
2019-07,Região de Saúde Norte,"Unidade Local de Saúde de Matosinhos, EPE","41.1794456, -8.6745115",2832,3180,89.1
2019-07,Região de Saúde Norte,"Unidade Local de Saúde do Alto Minho, EPE","41.7056054, -8.8252713",3102,3614,85.8
2019-08,Região de Saúde do Algarve,"Centro Hospitalar Universitário do Algarve, EPE","37.0238973, -7.9281554",2082,2428,85.7
2019-08,Região de Saúde do Centro,"Unidade Local de Saúde da Guarda, EPE","40.5309916, -7.2734793",705,808,87.3
2019-08,Região de Saúde LVT,"Centro Hospitalar Universitário Lisboa Central, EPE","38.7166948, -9.1371248",3673,4420,83.1
2019-08,Região de Saúde LVT,Centro Hospitalar do Oeste,"39.4054629, -9.1258493",966,1305,74.0
2019-08,Região de Saúde LVT,"Hospital Distrital de Santarém, EPE","39.2410946, -8.6937515",1333,1517,87.9
2019-08,Região de Saúde Norte,"Centro Hospitalar Universitário de São João, EPE","41.1831056, -8.6010558",4242,5765,73.6
2019-08,Região de Saúde Norte,"Centro Hospitalar do Médio Ave, EPE","41.3423984, -8.4802503",1712,1951,87.7
2019-08,Região de Saúde Norte,"Instituto Português Oncologia do Porto, EPE","41.1785642, -8.6062881",803,1435,56.0
2019-09,Região de Saúde do Alentejo,"Hospital Espírito Santo de Évora, EPE","38.5684861, -7.9032848",2415,3223,74.9
2019-09,Região de Saúde do Centro,Hospital Dr. Francisco Zagalo,"40.8571967, -8.6318023",592,616,96.1
2019-09,Região de Saúde LVT,"Centro Hospitalar Universitário Lisboa Central, EPE","38.7166948, -9.1371248",4147,5003,82.9
2019-09,Região de Saúde LVT,"Centro Hospitalar de Lisboa Ocidental, EPE","38.708454, -9.216985",2212,2793,79.2
2019-09,Região de Saúde LVT,Centro Hospitalar Psiquiátrico de Lisboa,"38.7569771, -9.1460705",0,0,
2019-09,Região de Saúde LVT,"Hospital Garcia de Orta, EPE","38.6658713, -9.1822554",2924,3194,91.5
2019-09,Região de Saúde Norte,"Hospital da Senhora da Oliveira, Guimarães, EPE","41.4387173, -8.3086907",2809,3382,83.1
2019-09,Região de Saúde Norte,"Hospital de Braga, EPE","41.56785, -8.398982",9588,10946,87.6
2019-09,Região de Saúde Norte,"Hospital Santa Maria Maior, EPE","41.5324234, -8.6171561",1845,2166,85.2
2019-09,Região de Saúde Norte,"Unidade Local de Saúde de Matosinhos, EPE","41.1794456, -8.6745115",3347,3806,87.9
2019-10,Região de Saúde do Alentejo,"Unidade Local de Saúde do Baixo Alentejo, EPE","38.014123, -7.8721227",1217,1526,79.8
2019-10,Região de Saúde do Alentejo,"Unidade Local de Saúde do Litoral Alentejano, EPE","38.0162314, -8.6956768",906,1020,88.8
2019-10,Região de Saúde do Centro,"Unidade Local de Saúde de Castelo Branco, EPE","39.8212263, -7.4981271",727,1164,62.5
2019-10,Região de Saúde LVT,"Centro Hospitalar Médio Tejo, EPE","39.478072, -8.5404429",2747,3359,81.8
2019-10,Região de Saúde Norte,"Hospital Santa Maria Maior, EPE","41.5324234, -8.6171561",2042,2409,84.8
2019-10,Região de Saúde Norte,"Unidade Local de Saúde do Alto Minho, EPE","41.7056054, -8.8252713",4062,4792,84.8
2019-11,Região de Saúde do Alentejo,"Hospital Espírito Santo de Évora, EPE","38.5684861, -7.9032848",2933,3997,73.4
2019-11,Região de Saúde do Centro,"Centro Hospitalar do Baixo Vouga, EPE","40.6362453, -8.6543716",3989,4970,80.3
2019-11,Região de Saúde do Centro,"Centro Hospitalar Tondela-Viseu, EPE","40.516364, -8.0827433",4201,4558,92.2
2019-11,Região de Saúde do Centro,"Hospital Distrital da Figueira da Foz, EPE","40.117897, -8.8586755",2623,3035,86.4
2019-11,Região de Saúde do Centro,"Instituto Português Oncologia de Coimbra, EPE","40.2162514, -8.4103814",48,422,11.4
2019-11,Região de Saúde do Centro,"Unidade Local de Saúde de Castelo Branco, EPE","39.8212263, -7.4981271",813,1285,63.3
2019-11,Região de Saúde LVT,"Centro Hospitalar Barreiro/Montijo, EPE","38.6554005, -9.0592392",1864,2441,76.4
2019-11,Região de Saúde LVT,"Hospital de Loures, PPP","38.821455, -9.176296",3259,3879,84.0
2019-11,Região de Saúde LVT,"Hospital de Vila Franca de Xira, PPP","38.977235, -8.984506",2864,3465,82.7
2019-11,Região de Saúde Norte,"Centro Hospitalar do Médio Ave, EPE","41.3423984, -8.4802503",2562,2932,87.4
2019-11,Região de Saúde Norte,"Hospital de Braga, EPE","41.56785, -8.398982",11986,13706,87.5
2019-11,Região de Saúde Norte,"Hospital Santa Maria Maior, EPE","41.5324234, -8.6171561",2269,2661,85.3
2019-11,Região de Saúde Norte,"Unidade Local de Saúde do Alto Minho, EPE","41.7056054, -8.8252713",4486,5283,84.9
2019-12,Região de Saúde do Algarve,"Centro Hospitalar Universitário do Algarve, EPE","37.0238973, -7.9281554",3229,3767,85.7
2019-12,Região de Saúde do Centro,"Centro Hospitalar Tondela-Viseu, EPE","40.516364, -8.0827433",4524,4911,92.1
2019-12,Região de Saúde LVT,"Centro Hospitalar de Lisboa Ocidental, EPE","38.708454, -9.216985",2933,3765,77.9
2019-12,Região de Saúde LVT,"Centro Hospitalar Médio Tejo, EPE","39.478072, -8.5404429",3301,4022,82.1
2019-12,Região de Saúde LVT,"Hospital de Loures, PPP","38.821455, -9.176296",3604,4267,84.5
2019-12,Região de Saúde LVT,"Hospital de Vila Franca de Xira, PPP","38.977235, -8.984506",3062,3715,82.4
2019-12,Região de Saúde LVT,"Instituto Português Oncologia de Lisboa, EPE","38.7396768, -9.1634516",322,833,38.7
2019-12,Região de Saúde Norte,"Centro Hospitalar Universitário de São João, EPE","41.1831056, -8.6010558",7088,9592,73.9
2019-12,Região de Saúde Norte,"Hospital de Braga, EPE","41.56785, -8.398982",12622,14472,87.2
2019-12,Região de Saúde Norte,"Hospital de Magalhães Lemos, EPE","41.1764649, -8.6649823",0,0,
2019-12,Região de Saúde Norte,"Hospital Santa Maria Maior, EPE","41.5324234, -8.6171561",2405,2823,85.2
2019-12,Região de Saúde Norte,"Instituto Português Oncologia do Porto, EPE","41.1785642, -8.6062881",1299,2245,57.9
2019-12,Região de Saúde Norte,"Unidade Local de Saúde do Nordeste, EPE","41.8056532, -6.7888197",2326,2787,83.5
2020-01,Região de Saúde do Alentejo,"Unidade Local de Saúde do Litoral Alentejano, EPE","38.0162314, -8.6956768",142,154,92.2
2020-01,Região de Saúde LVT,Instituto Gama Pinto,"38.7218793, -9.144249",369,369,100.0
2020-01,Região de Saúde Norte,"Centro Hospitalar Póvoa de Varzim/Vila do Conde, EPE","41.3828711, -8.7589945",98,135,72.6
2020-01,Região de Saúde Norte,"Centro Hospitalar Trás-os-Montes e Alto Douro, EPE","41.3031784, -7.7515252",503,586,85.8
2020-01,Região de Saúde Norte,"Hospital de Magalhães Lemos, EPE","41.1764649, -8.6649823",0,0,
2020-02,Região de Saúde do Alentejo,"Hospital Espírito Santo de Évora, EPE","38.5684861, -7.9032848",512,648,79.0
2020-02,Região de Saúde do Centro,"Centro Hospitalar Tondela-Viseu, EPE","40.516364, -8.0827433",833,886,94.0
2020-02,Região de Saúde do Centro,Hospital Dr. Francisco Zagalo,"40.8571967, -8.6318023",135,139,97.1
2020-02,Região de Saúde do Centro,"Unidade Local de Saúde da Guarda, EPE","40.5309916, -7.2734793",126,150,84.0
2020-02,Região de Saúde LVT,"Centro Hospitalar de Lisboa Ocidental, EPE","38.708454, -9.216985",554,713,77.7
2020-02,Região de Saúde LVT,Centro Hospitalar Psiquiátrico de Lisboa,"38.7569771, -9.1460705",0,0,
2020-02,Região de Saúde LVT,"Hospital de Loures, PPP","38.821455, -9.176296",637,759,83.9
2020-02,Região de Saúde LVT,"Hospital Professor Doutor Fernando Fonseca, EPE","38.7422257, -9.2264834",860,1011,85.1
2020-02,Região de Saúde LVT,"Hospital Garcia de Orta, EPE","38.6658713, -9.1822554",710,806,88.1
2020-02,Região de Saúde Norte,"Centro Hospitalar Tâmega e Sousa, EPE","41.2494561, -8.264901",1043,1185,88.0
2020-02,Região de Saúde Norte,"Hospital de Magalhães Lemos, EPE","41.1764649, -8.6649823",0,0,
2020-02,Região de Saúde Norte,"Unidade Local de Saúde do Nordeste, EPE","41.8056532, -6.7888197",392,487,80.5
2020-03,Região de Saúde do Alentejo,"Hospital Espírito Santo de Évora, EPE","38.5684861, -7.9032848",583,747,78.0
2020-03,Região de Saúde do Centro,"Centro Hospitalar do Baixo Vouga, EPE","40.6362453, -8.6543716",965,1217,79.3
2020-03,Região de Saúde do Centro,Hospital Arcebispo João Crisóstomo,"40.3470015, -8.5933462",115,115,100.0
2020-03,Região de Saúde LVT,"Centro Hospitalar Universitário Lisboa Central, EPE","38.7166948, -9.1371248",1528,1806,84.6
2020-03,Região de Saúde LVT,"Hospital de Vila Franca de Xira, PPP","38.977235, -8.984506",701,853,82.2
2020-03,Região de Saúde LVT,"Instituto Português Oncologia de Lisboa, EPE","38.7396768, -9.1634516",67,214,31.3
2020-03,Região de Saúde Norte,"Centro Hospitalar Póvoa de Varzim/Vila do Conde, EPE","41.3828711, -8.7589945",258,380,67.9
2020-03,Região de Saúde Norte,"Centro Hospitalar Trás-os-Montes e Alto Douro, EPE","41.3031784, -7.7515252",1093,1297,84.3
2020-03,Região de Saúde Norte,"Hospital Santa Maria Maior, EPE","41.5324234, -8.6171561",491,558,88.0
2020-03,Região de Saúde Norte,"Instituto Português Oncologia do Porto, EPE","41.1785642, -8.6062881",270,492,54.9
2020-03,Região de Saúde Norte,"Unidade Local de Saúde do Nordeste, EPE","41.8056532, -6.7888197",521,647,80.5
2020-04,Região de Saúde do Alentejo,"Unidade Local de Saúde do Litoral Alentejano, EPE","38.0162314, -8.6956768",311,352,88.4
2020-04,Região de Saúde do Centro,"Centro Hospitalar do Baixo Vouga, EPE","40.6362453, -8.6543716",975,1229,79.3
2020-04,Região de Saúde do Centro,"Hospital Distrital da Figueira da Foz, EPE","40.117897, -8.8586755",587,657,89.3
2020-04,Região de Saúde do Centro,"Instituto Português Oncologia de Coimbra, EPE","40.2162514, -8.4103814",8,121,6.6
2020-04,Região de Saúde LVT,Centro Hospitalar do Oeste,"39.4054629, -9.1258493",302,435,69.4
2020-04,Região de Saúde LVT,"Centro Hospitalar Universitário de Lisboa Norte, EPE","38.7500861, -9.1616116",1308,1509,86.7
2020-04,Região de Saúde LVT,"Hospital de Vila Franca de Xira, PPP","38.977235, -8.984506",703,860,81.7
2020-04,Região de Saúde LVT,"Hospital Professor Doutor Fernando Fonseca, EPE","38.7422257, -9.2264834",1045,1221,85.6
2020-04,Região de Saúde LVT,"Hospital Garcia de Orta, EPE","38.6658713, -9.1822554",856,982,87.2
2020-04,Região de Saúde Norte,"Centro Hospitalar Vila Nova de Gaia/Espinho, EPE","41.1094138, -8.5972617",1458,1868,78.1
2020-04,Região de Saúde Norte,"Unidade Local de Saúde do Alto Minho, EPE","41.7056054, -8.8252713",857,1065,80.5
2020-05,Região de Saúde do Alentejo,"Hospital Espírito Santo de Évora, EPE","38.5684861, -7.9032848",613,795,77.1
2020-05,Região de Saúde do Centro,Centro Medicina de Reabilitação da Região Centro Rovisco Pais,"40.297919, -8.7707806",0,0,
2020-05,Região de Saúde LVT,"Centro Hospitalar Universitário Lisboa Central, EPE","38.7166948, -9.1371248",1824,2185,83.5
2020-05,Região de Saúde LVT,"Centro Hospitalar de Lisboa Ocidental, EPE","38.708454, -9.216985",765,1020,75.0
2020-05,Região de Saúde LVT,"Centro Hospitalar Universitário de Lisboa Norte, EPE","38.7500861, -9.1616116",1452,1692,85.8
2020-05,Região de Saúde LVT,"Instituto Português Oncologia de Lisboa, EPE","38.7396768, -9.1634516",81,290,27.9
2020-05,Região de Saúde Norte,"Centro Hospitalar do Médio Ave, EPE","41.3423984, -8.4802503",720,841,85.6
2020-05,Região de Saúde Norte,"Centro Hospitalar Tâmega e Sousa, EPE","41.2494561, -8.264901",1558,1864,83.6
2020-05,Região de Saúde Norte,"Hospital da Senhora da Oliveira, Guimarães, EPE","41.4387173, -8.3086907",900,1094,82.3
2020-05,Região de Saúde Norte,"Unidade Local de Saúde de Matosinhos, EPE","41.1794456, -8.6745115",1058,1164,90.9
2020-06,Região de Saúde do Centro,"Centro Hospitalar Tondela-Viseu, EPE","40.516364, -8.0827433",1094,1203,90.9
2020-06,Região de Saúde do Centro,Hospital Dr. Francisco Zagalo,"40.8571967, -8.6318023",258,266,97.0
2020-06,Região de Saúde do Centro,"Instituto Português Oncologia de Coimbra, EPE","40.2162514, -8.4103814",14,215,6.5
2020-06,Região de Saúde do Centro,"Unidade Local de Saúde de Castelo Branco, EPE","39.8212263, -7.4981271",195,337,57.9
2020-06,Região de Saúde LVT,"Centro Hospitalar Universitário Lisboa Central, EPE","38.7166948, -9.1371248",2243,2668,84.1
2020-06,Região de Saúde LVT,"Centro Hospitalar de Setúbal, EPE","38.5283754, -8.8818638",804,940,85.5
2020-06,Região de Saúde LVT,"Centro Hospitalar Universitário de Lisboa Norte, EPE","38.7500861, -9.1616116",1669,1960,85.2
2020-06,Região de Saúde LVT,"Hospital Distrital de Santarém, EPE","39.2410946, -8.6937515",527,593,88.9
2020-06,Região de Saúde Norte,"Centro Hospitalar do Médio Ave, EPE","41.3423984, -8.4802503",863,1013,85.2
2020-06,Região de Saúde Norte,"Hospital de Braga, EPE","41.56785, -8.398982",1870,2110,88.6
2020-06,Região de Saúde Norte,"Hospital de Magalhães Lemos, EPE","41.1764649, -8.6649823",0,0,
2020-06,Região de Saúde Norte,"Hospital Santa Maria Maior, EPE","41.5324234, -8.6171561",834,951,87.7
2020-06,Região de Saúde Norte,"Unidade Local de Saúde do Nordeste, EPE","41.8056532, -6.7888197",743,906,82.0
2020-07,Região de Saúde do Algarve,"Centro Hospitalar Universitário do Algarve, EPE","37.0238973, -7.9281554",932,1166,79.9
2020-07,Região de Saúde do Centro,"Centro Hospitalar e Universitário de Coimbra, EPE","40.2191523, -8.4098211",2815,3489,80.7
2020-07,Região de Saúde do Centro,"Instituto Português Oncologia de Coimbra, EPE","40.2162514, -8.4103814",15,268,5.6
2020-07,Região de Saúde LVT,"Centro Hospitalar Universitário de Lisboa Norte, EPE","38.7500861, -9.1616116",1946,2309,84.3
2020-07,Região de Saúde LVT,Centro Hospitalar Psiquiátrico de Lisboa,"38.7569771, -9.1460705",0,0,
2020-07,Região de Saúde LVT,"Hospital Professor Doutor Fernando Fonseca, EPE","38.7422257, -9.2264834",1266,1495,84.7
2020-07,Região de Saúde LVT,"Hospital Garcia de Orta, EPE","38.6658713, -9.1822554",1313,1502,87.4
2020-07,Região de Saúde Norte,"Centro Hospitalar Universitário de São João, EPE","41.1831056, -8.6010558",2880,3970,72.5
2020-07,Região de Saúde Norte,"Centro Hospitalar do Médio Ave, EPE","41.3423984, -8.4802503",1076,1281,84.0
2020-07,Região de Saúde Norte,"Centro Hospitalar Universitário do Porto, EPE","41.1472498, -8.6172617",3493,4225,82.7
2020-07,Região de Saúde Norte,"Centro Hospitalar Tâmega e Sousa, EPE","41.2494561, -8.264901",2600,3143,82.7
2020-07,Região de Saúde Norte,"Hospital da Senhora da Oliveira, Guimarães, EPE","41.4387173, -8.3086907",1490,1789,83.3
2020-07,Região de Saúde Norte,"Unidade Local de Saúde de Matosinhos, EPE","41.1794456, -8.6745115",1631,1814,89.9
2020-08,Região de Saúde do Alentejo,"Hospital Espírito Santo de Évora, EPE","38.5684861, -7.9032848",1334,1624,82.1
2020-08,Região de Saúde do Centro,"Centro Hospitalar do Baixo Vouga, EPE","40.6362453, -8.6543716",1976,2505,78.9
2020-08,Região de Saúde do Centro,Hospital Dr. Francisco Zagalo,"40.8571967, -8.6318023",366,375,97.6
2020-08,Região de Saúde do Centro,"Instituto Português Oncologia de Coimbra, EPE","40.2162514, -8.4103814",15,287,5.2
2020-08,Região de Saúde do Centro,"Unidade Local de Saúde de Castelo Branco, EPE","39.8212263, -7.4981271",286,481,59.5
2020-08,Região de Saúde LVT,"Centro Hospitalar Barreiro/Montijo, EPE","38.6554005, -9.0592392",609,852,71.5
2020-08,Região de Saúde Norte,"Centro Hospitalar Trás-os-Montes e Alto Douro, EPE","41.3031784, -7.7515252",2301,2748,83.7
2020-09,Região de Saúde do Alentejo,"Hospital Espírito Santo de Évora, EPE","38.5684861, -7.9032848",1547,1885,82.1
2020-09,Região de Saúde do Centro,"Centro Hospitalar Tondela-Viseu, EPE","40.516364, -8.0827433",1582,1748,90.5
2020-09,Região de Saúde do Centro,"Hospital Distrital da Figueira da Foz, EPE","40.117897, -8.8586755",1610,1774,90.8
2020-09,Região de Saúde do Centro,"Unidade Local de Saúde de Castelo Branco, EPE","39.8212263, -7.4981271",379,597,63.5
2020-09,Região de Saúde LVT,"Centro Hospitalar Universitário de Lisboa Norte, EPE","38.7500861, -9.1616116",2589,3084,83.9
2020-09,Região de Saúde LVT,"Hospital de Cascais, PPP","38.729006, -9.418267",2145,2327,92.2
2020-09,Região de Saúde LVT,"Hospital Garcia de Orta, EPE","38.6658713, -9.1822554",1930,2167,89.1
2020-09,Região de Saúde Norte,"Centro Hospitalar do Médio Ave, EPE","41.3423984, -8.4802503",1355,1606,84.4
2020-09,Região de Saúde Norte,"Centro Hospitalar Entre Douro e Vouga, EPE","40.9293884, -8.5458794",3876,4421,87.7
2020-09,Região de Saúde Norte,"Hospital da Senhora da Oliveira, Guimarães, EPE","41.4387173, -8.3086907",2116,2518,84.0
2020-09,Região de Saúde Norte,"Hospital de Magalhães Lemos, EPE","41.1764649, -8.6649823",0,0,
2020-09,Região de Saúde Norte,"Hospital Santa Maria Maior, EPE","41.5324234, -8.6171561",1320,1474,89.6
2020-10,Região de Saúde do Alentejo,"Unidade Local de Saúde do Norte Alentejano, EPE","39.3003425, -7.4263845",1049,1232,85.1
2020-10,Região de Saúde do Algarve,"Centro Hospitalar Universitário do Algarve, EPE","37.0238973, -7.9281554",1512,1874,80.7
2020-10,Região de Saúde do Centro,"Centro Hospitalar Universitário Cova da Beira, EPE","40.2804158, -7.4922407",1008,1166,86.4
2020-10,Região de Saúde do Centro,"Unidade Local de Saúde de Castelo Branco, EPE","39.8212263, -7.4981271",467,722,64.7
2020-10,Região de Saúde Norte,"Centro Hospitalar Universitário de São João, EPE","41.1831056, -8.6010558",4871,6945,70.1
2020-10,Região de Saúde Norte,"Centro Hospitalar Entre Douro e Vouga, EPE","40.9293884, -8.5458794",4602,5255,87.6
2020-11,Região de Saúde do Alentejo,"Unidade Local de Saúde do Baixo Alentejo, EPE","38.014123, -7.8721227",835,1072,77.9
2020-11,Região de Saúde do Centro,"Centro Hospitalar de Leiria, EPE","39.7414812, -8.7982706",4885,5327,91.7
2020-11,Região de Saúde do Centro,"Centro Hospitalar e Universitário de Coimbra, EPE","40.2191523, -8.4098211",4966,6132,81.0
2020-11,Região de Saúde do Centro,Hospital Dr. Francisco Zagalo,"40.8571967, -8.6318023",581,594,97.8
2020-11,Região de Saúde LVT,"Centro Hospitalar Universitário Lisboa Central, EPE","38.7166948, -9.1371248",4654,5448,85.4
2020-11,Região de Saúde LVT,Centro Hospitalar do Oeste,"39.4054629, -9.1258493",1092,1428,76.5
2020-11,Região de Saúde LVT,"Centro Hospitalar Universitário de Lisboa Norte, EPE","38.7500861, -9.1616116",3564,4205,84.8
2020-11,Região de Saúde LVT,"Centro Hospitalar Médio Tejo, EPE","39.478072, -8.5404429",2196,2625,83.7
2020-11,Região de Saúde LVT,"Hospital de Cascais, PPP","38.729006, -9.418267",2962,3198,92.6
2020-11,Região de Saúde Norte,"Centro Hospitalar do Médio Ave, EPE","41.3423984, -8.4802503",1883,2191,85.9
2020-11,Região de Saúde Norte,"Centro Hospitalar Póvoa de Varzim/Vila do Conde, EPE","41.3828711, -8.7589945",807,1127,71.6
2020-11,Região de Saúde Norte,"Centro Hospitalar Tâmega e Sousa, EPE","41.2494561, -8.264901",4303,5081,84.7
2020-11,Região de Saúde Norte,"Hospital de Magalhães Lemos, EPE","41.1764649, -8.6649823",0,0,
2020-12,Região de Saúde do Alentejo,"Hospital Espírito Santo de Évora, EPE","38.5684861, -7.9032848",2324,2778,83.7
2020-12,Região de Saúde do Alentejo,"Unidade Local de Saúde do Litoral Alentejano, EPE","38.0162314, -8.6956768",1170,1299,90.1
2020-12,Região de Saúde do Centro,"Centro Hospitalar de Leiria, EPE","39.7414812, -8.7982706",5253,5707,92.0
2020-12,Região de Saúde do Centro,"Hospital Distrital da Figueira da Foz, EPE","40.117897, -8.8586755",2312,2508,92.2
2020-12,Região de Saúde LVT,Instituto Gama Pinto,"38.7218793, -9.144249",2379,2379,100.0
2020-12,Região de Saúde LVT,"Instituto Português Oncologia de Lisboa, EPE","38.7396768, -9.1634516",146,721,20.2
2020-12,Região de Saúde Norte,"Centro Hospitalar Universitário do Porto, EPE","41.1472498, -8.6172617",7377,8751,84.3
2020-12,Região de Saúde Norte,"Centro Hospitalar Entre Douro e Vouga, EPE","40.9293884, -8.5458794",5338,6086,87.7
2020-12,Região de Saúde Norte,"Centro Hospitalar Póvoa de Varzim/Vila do Conde, EPE","41.3828711, -8.7589945",853,1188,71.8
2020-12,Região de Saúde Norte,"Centro Hospitalar Trás-os-Montes e Alto Douro, EPE","41.3031784, -7.7515252",3728,4384,85.0
2020-12,Região de Saúde Norte,"Hospital da Senhora da Oliveira, Guimarães, EPE","41.4387173, -8.3086907",2993,3493,85.7
2021-01,Região de Saúde do Centro,Centro Medicina de Reabilitação da Região Centro Rovisco Pais,"40.297919, -8.7707806",0,0,
2021-01,Região de Saúde do Centro,Hospital Arcebispo João Crisóstomo,"40.3470015, -8.5933462",31,31,100.0
2021-01,Região de Saúde do Centro,"Hospital Distrital da Figueira da Foz, EPE","40.117897, -8.8586755",163,165,98.8
2021-01,Região de Saúde LVT,"Centro Hospitalar Barreiro/Montijo, EPE","38.6554005, -9.0592392",132,141,93.6
2021-01,Região de Saúde LVT,"Centro Hospitalar Universitário Lisboa Central, EPE","38.7166948, -9.1371248",401,438,91.6
2021-01,Região de Saúde LVT,"Centro Hospitalar de Setúbal, EPE","38.5283754, -8.8818638",33,41,80.5
2021-01,Região de Saúde LVT,"Centro Hospitalar Médio Tejo, EPE","39.478072, -8.5404429",85,90,94.4
2021-01,Região de Saúde LVT,"Hospital Distrital de Santarém, EPE","39.2410946, -8.6937515",220,222,99.1
2021-01,Região de Saúde LVT,Instituto Gama Pinto,"38.7218793, -9.144249",233,233,100.0
2021-02,Região de Saúde do Alentejo,"Unidade Local de Saúde do Baixo Alentejo, EPE","38.014123, -7.8721227",28,48,58.3
2021-02,Região de Saúde do Alentejo,"Unidade Local de Saúde do Litoral Alentejano, EPE","38.0162314, -8.6956768",84,95,88.4
2021-02,Região de Saúde do Centro,"Centro Hospitalar do Baixo Vouga, EPE","40.6362453, -8.6543716",222,234,94.9
2021-02,Região de Saúde do Centro,"Centro Hospitalar e Universitário de Coimbra, EPE","40.2191523, -8.4098211",584,709,82.4
2021-02,Região de Saúde do Centro,"Instituto Português Oncologia de Coimbra, EPE","40.2162514, -8.4103814",7,99,7.1
2021-02,Região de Saúde LVT,"Centro Hospitalar Universitário de Lisboa Norte, EPE","38.7500861, -9.1616116",583,641,91.0
2021-02,Região de Saúde LVT,"Hospital de Vila Franca de Xira, PPP","38.977235, -8.984506",1276,1300,98.2
2021-02,Região de Saúde Norte,"Centro Hospitalar do Médio Ave, EPE","41.3423984, -8.4802503",404,430,94.0
2021-02,Região de Saúde Norte,"Centro Hospitalar Entre Douro e Vouga, EPE","40.9293884, -8.5458794",1050,1104,95.1
2021-02,Região de Saúde Norte,"Centro Hospitalar Vila Nova de Gaia/Espinho, EPE","41.1094138, -8.5972617",1291,1359,95.0
2021-02,Região de Saúde Norte,"Hospital Santa Maria Maior, EPE","41.5324234, -8.6171561",273,278,98.2
2021-02,Região de Saúde Norte,"Unidade Local de Saúde do Alto Minho, EPE","41.7056054, -8.8252713",173,191,90.6
2021-03,Região de Saúde do Alentejo,"Unidade Local de Saúde do Baixo Alentejo, EPE","38.014123, -7.8721227",142,182,78.0
2021-03,Região de Saúde do Centro,"Instituto Português Oncologia de Coimbra, EPE","40.2162514, -8.4103814",16,155,10.3
2021-03,Região de Saúde LVT,"Centro Hospitalar Barreiro/Montijo, EPE","38.6554005, -9.0592392",434,459,94.6
2021-03,Região de Saúde LVT,"Centro Hospitalar Universitário Lisboa Central, EPE","38.7166948, -9.1371248",1420,1610,88.2
2021-03,Região de Saúde LVT,"Centro Hospitalar de Lisboa Ocidental, EPE","38.708454, -9.216985",509,579,87.9
2021-03,Região de Saúde LVT,"Centro Hospitalar Médio Tejo, EPE","39.478072, -8.5404429",290,350,82.9
2021-03,Região de Saúde LVT,Centro Hospitalar Psiquiátrico de Lisboa,"38.7569771, -9.1460705",0,0,
2021-03,Região de Saúde LVT,"Hospital de Cascais, PPP","38.729006, -9.418267",833,908,91.7
2021-03,Região de Saúde LVT,"Hospital de Loures, PPP","38.821455, -9.176296",508,560,90.7
2021-03,Região de Saúde LVT,"Hospital Distrital de Santarém, EPE","39.2410946, -8.6937515",673,705,95.5
2021-03,Região de Saúde Norte,"Centro Hospitalar Póvoa de Varzim/Vila do Conde, EPE","41.3828711, -8.7589945",267,333,80.2
2021-03,Região de Saúde Norte,"Centro Hospitalar Vila Nova de Gaia/Espinho, EPE","41.1094138, -8.5972617",1993,2210,90.2
2021-04,Região de Saúde do Centro,"Centro Hospitalar Universitário Cova da Beira, EPE","40.2804158, -7.4922407",448,541,82.8
2021-04,Região de Saúde do Centro,"Centro Hospitalar e Universitário de Coimbra, EPE","40.2191523, -8.4098211",1905,2351,81.0
2021-04,Região de Saúde do Centro,"Instituto Português Oncologia de Coimbra, EPE","40.2162514, -8.4103814",27,212,12.7
2021-04,Região de Saúde LVT,"Centro Hospitalar Barreiro/Montijo, EPE","38.6554005, -9.0592392",595,667,89.2
2021-04,Região de Saúde LVT,"Centro Hospitalar de Setúbal, EPE","38.5283754, -8.8818638",594,652,91.1
2021-04,Região de Saúde LVT,"Hospital de Cascais, PPP","38.729006, -9.418267",1194,1310,91.1
2021-04,Região de Saúde LVT,"Hospital Distrital de Santarém, EPE","39.2410946, -8.6937515",917,1000,91.7
2021-04,Região de Saúde LVT,"Hospital Garcia de Orta, EPE","38.6658713, -9.1822554",1083,1171,92.5
2021-04,Região de Saúde Norte,"Hospital Santa Maria Maior, EPE","41.5324234, -8.6171561",726,756,96.0
2021-04,Região de Saúde Norte,"Unidade Local de Saúde do Nordeste, EPE","41.8056532, -6.7888197",731,830,88.1
2021-05,Região de Saúde do Alentejo,"Unidade Local de Saúde do Litoral Alentejano, EPE","38.0162314, -8.6956768",621,667,93.1
2021-05,Região de Saúde do Alentejo,"Unidade Local de Saúde do Norte Alentejano, EPE","39.3003425, -7.4263845",776,873,88.9
2021-05,Região de Saúde do Algarve,"Centro Hospitalar Universitário do Algarve, EPE","37.0238973, -7.9281554",945,1206,78.4
2021-05,Região de Saúde do Centro,"Centro Hospitalar Universitário Cova da Beira, EPE","40.2804158, -7.4922407",625,749,83.4
2021-05,Região de Saúde LVT,"Centro Hospitalar de Lisboa Ocidental, EPE","38.708454, -9.216985",1077,1268,84.9
2021-05,Região de Saúde LVT,"Centro Hospitalar Universitário de Lisboa Norte, EPE","38.7500861, -9.1616116",2135,2390,89.3
2021-05,Região de Saúde Norte,"Centro Hospitalar Universitário de São João, EPE","41.1831056, -8.6010558",3932,5094,77.2
2021-05,Região de Saúde Norte,"Centro Hospitalar do Médio Ave, EPE","41.3423984, -8.4802503",1323,1515,87.3
2021-05,Região de Saúde Norte,"Centro Hospitalar Entre Douro e Vouga, EPE","40.9293884, -8.5458794",2831,3138,90.2
2021-06,Região de Saúde do Alentejo,"Unidade Local de Saúde do Baixo Alentejo, EPE","38.014123, -7.8721227",487,642,75.9
2021-06,Região de Saúde do Centro,"Centro Hospitalar do Baixo Vouga, EPE","40.6362453, -8.6543716",1818,2182,83.3
2021-06,Região de Saúde do Centro,"Hospital Distrital da Figueira da Foz, EPE","40.117897, -8.8586755",1756,1878,93.5
2021-06,Região de Saúde do Centro,Hospital Dr. Francisco Zagalo,"40.8571967, -8.6318023",353,366,96.4
2021-06,Região de Saúde do Centro,"Instituto Português Oncologia de Coimbra, EPE","40.2162514, -8.4103814",38,312,12.2
2021-06,Região de Saúde do Centro,"Unidade Local de Saúde da Guarda, EPE","40.5309916, -7.2734793",119,130,91.5
2021-06,Região de Saúde do Centro,"Unidade Local de Saúde de Castelo Branco, EPE","39.8212263, -7.4981271",281,462,60.8
2021-06,Região de Saúde LVT,"Centro Hospitalar de Lisboa Ocidental, EPE","38.708454, -9.216985",1324,1581,83.7
2021-06,Região de Saúde LVT,"Hospital de Vila Franca de Xira, EPE","38.977235, -8.984506",3532,3904,90.5
2021-06,Região de Saúde Norte,"Centro Hospitalar Universitário de São João, EPE","41.1831056, -8.6010558",4624,5987,77.2
2021-06,Região de Saúde Norte,"Centro Hospitalar Tâmega e Sousa, EPE","41.2494561, -8.264901",3414,3830,89.1
2021-06,Região de Saúde Norte,"Hospital Santa Maria Maior, EPE","41.5324234, -8.6171561",1089,1138,95.7
2021-07,Região de Saúde do Centro,"Centro Hospitalar de Leiria, EPE","39.7414812, -8.7982706",4007,4346,92.2
2021-07,Região de Saúde do Centro,"Unidade Local de Saúde da Guarda, EPE","40.5309916, -7.2734793",145,156,92.9
2021-07,Região de Saúde LVT,"Centro Hospitalar Universitário Lisboa Central, EPE","38.7166948, -9.1371248",3636,4207,86.4
2021-07,Região de Saúde LVT,Centro Hospitalar do Oeste,"39.4054629, -9.1258493",886,1010,87.7
2021-07,Região de Saúde Norte,"Centro Hospitalar Vila Nova de Gaia/Espinho, EPE","41.1094138, -8.5972617",4405,5239,84.1
2021-08,Região de Saúde do Alentejo,"Unidade Local de Saúde do Baixo Alentejo, EPE","38.014123, -7.8721227",774,975,79.4
2021-08,Região de Saúde do Alentejo,"Unidade Local de Saúde do Litoral Alentejano, EPE","38.0162314, -8.6956768",1080,1172,92.2
2021-08,Região de Saúde do Centro,"Centro Hospitalar Tondela-Viseu, EPE","40.516364, -8.0827433",3206,3422,93.7
2021-08,Região de Saúde do Centro,"Unidade Local de Saúde da Guarda, EPE","40.5309916, -7.2734793",163,177,92.1
2021-08,Região de Saúde LVT,Instituto Gama Pinto,"38.7218793, -9.144249",2503,2503,100.0
2021-08,Região de Saúde Norte,"Centro Hospitalar Universitário do Porto, EPE","41.1472498, -8.6172617",5717,6677,85.6
2021-08,Região de Saúde Norte,"Centro Hospitalar Entre Douro e Vouga, EPE","40.9293884, -8.5458794",4126,4649,88.8
2021-08,Região de Saúde Norte,"Hospital de Braga, EPE","41.56785, -8.398982",8780,9437,93.0
2021-08,Região de Saúde Norte,"Unidade Local de Saúde do Nordeste, EPE","41.8056532, -6.7888197",1744,1983,87.9
2021-09,Região de Saúde do Alentejo,"Hospital Espírito Santo de Évora, EPE","38.5684861, -7.9032848",1865,2164,86.2
2021-09,Região de Saúde do Alentejo,"Unidade Local de Saúde do Litoral Alentejano, EPE","38.0162314, -8.6956768",1242,1347,92.2
2021-09,Região de Saúde do Centro,"Centro Hospitalar Universitário Cova da Beira, EPE","40.2804158, -7.4922407",1226,1468,83.5
2021-09,Região de Saúde do Centro,"Centro Hospitalar do Baixo Vouga, EPE","40.6362453, -8.6543716",2671,3187,83.8
2021-09,Região de Saúde do Centro,"Centro Hospitalar Tondela-Viseu, EPE","40.516364, -8.0827433",3688,3932,93.8
2021-09,Região de Saúde LVT,"Hospital de Loures, PPP","38.821455, -9.176296",2291,2623,87.3
2021-09,Região de Saúde LVT,Instituto Gama Pinto,"38.7218793, -9.144249",2864,2864,100.0
2021-09,Região de Saúde LVT,"Instituto Português Oncologia de Lisboa, EPE","38.7396768, -9.1634516",120,679,17.7
2021-09,Região de Saúde Norte,"Hospital de Braga, EPE","41.56785, -8.398982",9860,10606,93.0
2021-09,Região de Saúde Norte,"Hospital de Magalhães Lemos, EPE","41.1764649, -8.6649823",0,0,
2021-09,Região de Saúde Norte,"Unidade Local de Saúde do Nordeste, EPE","41.8056532, -6.7888197",2004,2268,88.4
2021-10,Região de Saúde do Alentejo,"Unidade Local de Saúde do Baixo Alentejo, EPE","38.014123, -7.8721227",958,1208,79.3
2021-10,Região de Saúde do Algarve,"Centro Hospitalar Universitário do Algarve, EPE","37.0238973, -7.9281554",2534,3201,79.2
2021-10,Região de Saúde do Centro,Centro Medicina de Reabilitação da Região Centro Rovisco Pais,"40.297919, -8.7707806",0,0,
2021-10,Região de Saúde do Centro,Hospital Arcebispo João Crisóstomo,"40.3470015, -8.5933462",409,409,100.0
2021-10,Região de Saúde do Centro,"Hospital Distrital da Figueira da Foz, EPE","40.117897, -8.8586755",2757,2952,93.4
2021-10,Região de Saúde do Centro,"Unidade Local de Saúde de Castelo Branco, EPE","39.8212263, -7.4981271",484,756,64.0
2021-10,Região de Saúde LVT,"Instituto Português Oncologia de Lisboa, EPE","38.7396768, -9.1634516",144,758,19.0
2021-10,Região de Saúde Norte,"Centro Hospitalar do Médio Ave, EPE","41.3423984, -8.4802503",2394,2798,85.6
2021-10,Região de Saúde Norte,"Centro Hospitalar Universitário do Porto, EPE","41.1472498, -8.6172617",7503,8690,86.3
2021-10,Região de Saúde Norte,"Instituto Português Oncologia do Porto, EPE","41.1785642, -8.6062881",416,1112,37.4
2021-11,Região de Saúde LVT,"Centro Hospitalar Universitário Lisboa Central, EPE","38.7166948, -9.1371248",5669,6532,86.8
2021-11,Região de Saúde LVT,"Centro Hospitalar Universitário de Lisboa Norte, EPE","38.7500861, -9.1616116",5259,5898,89.2
2021-11,Região de Saúde Norte,"Centro Hospitalar Póvoa de Varzim/Vila do Conde, EPE","41.3828711, -8.7589945",847,1177,72.0
2021-12,Região de Saúde do Centro,"Centro Hospitalar e Universitário de Coimbra, EPE","40.2191523, -8.4098211",7800,9393,83.0
2021-12,Região de Saúde do Centro,"Instituto Português Oncologia de Coimbra, EPE","40.2162514, -8.4103814",83,523,15.9
2021-12,Região de Saúde LVT,"Centro Hospitalar de Setúbal, EPE","38.5283754, -8.8818638",3023,3247,93.1
2021-12,Região de Saúde LVT,Instituto Gama Pinto,"38.7218793, -9.144249",3605,3605,100.0
2021-12,Região de Saúde Norte,"Centro Hospitalar Trás-os-Montes e Alto Douro, EPE","41.3031784, -7.7515252",5804,6644,87.4
2021-12,Região de Saúde Norte,"Hospital da Senhora da Oliveira, Guimarães, EPE","41.4387173, -8.3086907",3625,4178,86.8
2021-12,Região de Saúde Norte,"Hospital de Braga, EPE","41.56785, -8.398982",13197,14249,92.6
2021-12,Região de Saúde Norte,"Instituto Português Oncologia do Porto, EPE","41.1785642, -8.6062881",492,1335,36.9
2022-01,Região de Saúde do Alentejo,"Unidade Local de Saúde do Baixo Alentejo, EPE","38.014123, -7.8721227",62,84,73.8
2022-01,Região de Saúde do Centro,Centro Medicina de Reabilitação da Região Centro Rovisco Pais,"40.297919, -8.7707806",0,0,
2022-01,Região de Saúde do Centro,Hospital Arcebispo João Crisóstomo,"40.3470015, -8.5933462",33,33,100.0
2022-01,Região de Saúde do Centro,"Unidade Local de Saúde de Castelo Branco, EPE","39.8212263, -7.4981271",44,74,59.5
2022-01,Região de Saúde LVT,"Centro Hospitalar de Setúbal, EPE","38.5283754, -8.8818638",269,282,95.4
2022-01,Região de Saúde LVT,"Centro Hospitalar Médio Tejo, EPE","39.478072, -8.5404429",140,171,81.9
2022-01,Região de Saúde Norte,"Unidade Local de Saúde de Matosinhos, EPE","41.1794456, -8.6745115",339,373,90.9
2022-02,Região de Saúde do Alentejo,"Unidade Local de Saúde do Baixo Alentejo, EPE","38.014123, -7.8721227",130,169,76.9
2022-02,Região de Saúde do Alentejo,"Unidade Local de Saúde do Norte Alentejano, EPE","39.3003425, -7.4263845",224,244,91.8
2022-02,Região de Saúde do Centro,"Centro Hospitalar Universitário Cova da Beira, EPE","40.2804158, -7.4922407",257,291,88.3
2022-02,Região de Saúde do Centro,"Centro Hospitalar e Universitário de Coimbra, EPE","40.2191523, -8.4098211",1735,2051,84.6
2022-02,Região de Saúde LVT,"Centro Hospitalar de Lisboa Ocidental, EPE","38.708454, -9.216985",460,593,77.6
2022-02,Região de Saúde LVT,"Centro Hospitalar de Setúbal, EPE","38.5283754, -8.8818638",560,593,94.4
2022-02,Região de Saúde LVT,"Centro Hospitalar Universitário de Lisboa Norte, EPE","38.7500861, -9.1616116",1124,1243,90.4
2022-02,Região de Saúde LVT,"Centro Hospitalar Médio Tejo, EPE","39.478072, -8.5404429",414,494,83.8
2022-02,Região de Saúde LVT,"Hospital Professor Doutor Fernando Fonseca, EPE","38.7422257, -9.2264834",854,920,92.8
2022-02,Região de Saúde Norte,"Centro Hospitalar Entre Douro e Vouga, EPE","40.9293884, -8.5458794",1078,1199,89.9
2022-02,Região de Saúde Norte,"Centro Hospitalar Tâmega e Sousa, EPE","41.2494561, -8.264901",1140,1248,91.3
2022-02,Região de Saúde Norte,"Hospital de Braga, EPE","41.56785, -8.398982",1450,1598,90.7
2022-02,Região de Saúde Norte,"Unidade Local de Saúde de Matosinhos, EPE","41.1794456, -8.6745115",712,790,90.1
2022-03,Região de Saúde do Alentejo,"Unidade Local de Saúde do Norte Alentejano, EPE","39.3003425, -7.4263845",374,408,91.7
2022-03,Região de Saúde do Centro,"Centro Hospitalar de Leiria, EPE","39.7414812, -8.7982706",1707,1847,92.4
2022-03,Região de Saúde do Centro,"Centro Hospitalar e Universitário de Coimbra, EPE","40.2191523, -8.4098211",2674,3155,84.8
2022-03,Região de Saúde do Centro,Centro Medicina de Reabilitação da Região Centro Rovisco Pais,"40.297919, -8.7707806",0,0,
2022-03,Região de Saúde do Centro,"Hospital Distrital da Figueira da Foz, EPE","40.117897, -8.8586755",728,796,91.5
2022-03,Região de Saúde do Centro,"Instituto Português Oncologia de Coimbra, EPE","40.2162514, -8.4103814",54,173,31.2
2022-03,Região de Saúde do Centro,"Unidade Local de Saúde da Guarda, EPE","40.5309916, -7.2734793",214,232,92.2
2022-03,Região de Saúde LVT,"Centro Hospitalar de Lisboa Ocidental, EPE","38.708454, -9.216985",844,1050,80.4
2022-03,Região de Saúde LVT,Centro Hospitalar do Oeste,"39.4054629, -9.1258493",631,733,86.1
2022-03,Região de Saúde LVT,"Centro Hospitalar Universitário de Lisboa Norte, EPE","38.7500861, -9.1616116",1801,1989,90.5
2022-03,Região de Saúde LVT,"Hospital Distrital de Santarém, EPE","39.2410946, -8.6937515",594,695,85.5
2022-03,Região de Saúde LVT,"Hospital Professor Doutor Fernando Fonseca, EPE","38.7422257, -9.2264834",1334,1441,92.6
2022-03,Região de Saúde LVT,Instituto Gama Pinto,"38.7218793, -9.144249",795,795,100.0
2022-03,Região de Saúde Norte,"Hospital de Magalhães Lemos, EPE","41.1764649, -8.6649823",0,0,
2022-03,Região de Saúde Norte,"Hospital Santa Maria Maior, EPE","41.5324234, -8.6171561",698,720,96.9
2022-03,Região de Saúde Norte,"Unidade Local de Saúde de Matosinhos, EPE","41.1794456, -8.6745115",1109,1224,90.6
2022-03,Região de Saúde Norte,"Unidade Local de Saúde do Alto Minho, EPE","41.7056054, -8.8252713",1178,1347,87.5
2022-04,Região de Saúde do Alentejo,"Hospital Espírito Santo de Évora, EPE","38.5684861, -7.9032848",1023,1249,81.9
2022-04,Região de Saúde do Alentejo,"Unidade Local de Saúde do Norte Alentejano, EPE","39.3003425, -7.4263845",479,534,89.7
2022-04,Região de Saúde do Algarve,"Centro Hospitalar Universitário do Algarve, EPE","37.0238973, -7.9281554",1133,1461,77.5
2022-04,Região de Saúde do Centro,"Centro Hospitalar Universitário Cova da Beira, EPE","40.2804158, -7.4922407",500,582,85.9
2022-04,Região de Saúde do Centro,Centro Medicina de Reabilitação da Região Centro Rovisco Pais,"40.297919, -8.7707806",0,0,
2022-04,Região de Saúde do Centro,Hospital Dr. Francisco Zagalo,"40.8571967, -8.6318023",299,305,98.0
2022-04,Região de Saúde do Centro,"Unidade Local de Saúde de Castelo Branco, EPE","39.8212263, -7.4981271",307,441,69.6
2022-04,Região de Saúde LVT,"Centro Hospitalar Universitário Lisboa Central, EPE","38.7166948, -9.1371248",2190,2453,89.3
2022-04,Região de Saúde LVT,"Centro Hospitalar Universitário de Lisboa Norte, EPE","38.7500861, -9.1616116",2322,2565,90.5
2022-04,Região de Saúde LVT,"Hospital de Loures, EPE","38.821455, -9.176296",1774,1944,91.3
2022-04,Região de Saúde Norte,"Centro Hospitalar Universitário de São João, EPE","41.1831056, -8.6010558",3011,3856,78.1
2022-04,Região de Saúde Norte,"Hospital da Senhora da Oliveira, Guimarães, EPE","41.4387173, -8.3086907",1114,1295,86.0
2022-04,Região de Saúde Norte,"Instituto Português Oncologia do Porto, EPE","41.1785642, -8.6062881",234,615,38.0
2022-04,Região de Saúde Norte,"Unidade Local de Saúde de Matosinhos, EPE","41.1794456, -8.6745115",1433,1587,90.3
2022-05,Região de Saúde do Alentejo,"Hospital Espírito Santo de Évora, EPE","38.5684861, -7.9032848",1267,1549,81.8
2022-05,Região de Saúde do Alentejo,"Unidade Local de Saúde do Baixo Alentejo, EPE","38.014123, -7.8721227",396,489,81.0
2022-05,Região de Saúde do Alentejo,"Unidade Local de Saúde do Litoral Alentejano, EPE","38.0162314, -8.6956768",660,722,91.4
2022-05,Região de Saúde do Alentejo,"Unidade Local de Saúde do Norte Alentejano, EPE","39.3003425, -7.4263845",601,671,89.6
2022-05,Região de Saúde do Algarve,"Centro Hospitalar Universitário do Algarve, EPE","37.0238973, -7.9281554",1588,1973,80.5
2022-05,Região de Saúde do Centro,"Hospital Distrital da Figueira da Foz, EPE","40.117897, -8.8586755",1255,1368,91.7
2022-05,Região de Saúde do Centro,"Instituto Português Oncologia de Coimbra, EPE","40.2162514, -8.4103814",83,275,30.2
2022-05,Região de Saúde LVT,"Centro Hospitalar Médio Tejo, EPE","39.478072, -8.5404429",1232,1503,82.0
2022-05,Região de Saúde LVT,"Hospital de Loures, EPE","38.821455, -9.176296",2060,2256,91.3
2022-05,Região de Saúde Norte,"Centro Hospitalar Entre Douro e Vouga, EPE","40.9293884, -8.5458794",2818,3131,90.0
2022-05,Região de Saúde Norte,"Unidade Local de Saúde do Alto Minho, EPE","41.7056054, -8.8252713",2107,2404,87.6
2022-06,Região de Saúde do Alentejo,"Unidade Local de Saúde do Litoral Alentejano, EPE","38.0162314, -8.6956768",818,892,91.7
2022-06,Região de Saúde do Alentejo,"Unidade Local de Saúde do Norte Alentejano, EPE","39.3003425, -7.4263845",747,830,90.0
2022-06,Região de Saúde do Centro,"Hospital Distrital da Figueira da Foz, EPE","40.117897, -8.8586755",1503,1633,92.0
2022-06,Região de Saúde do Centro,"Unidade Local de Saúde da Guarda, EPE","40.5309916, -7.2734793",327,356,91.9
2022-06,Região de Saúde LVT,"Centro Hospitalar Barreiro/Montijo, EPE","38.6554005, -9.0592392",849,1065,79.7
2022-06,Região de Saúde LVT,"Centro Hospitalar Universitário Lisboa Central, EPE","38.7166948, -9.1371248",3219,3631,88.7
2022-06,Região de Saúde LVT,"Centro Hospitalar de Lisboa Ocidental, EPE","38.708454, -9.216985",1713,2117,80.9
2022-06,Região de Saúde Norte,"Centro Hospitalar Vila Nova de Gaia/Espinho, EPE","41.1094138, -8.5972617",3917,4661,84.0
2022-06,Região de Saúde Norte,"Hospital de Braga, EPE","41.56785, -8.398982",5851,6307,92.8
2022-06,Região de Saúde Norte,"Instituto Português Oncologia do Porto, EPE","41.1785642, -8.6062881",334,888,37.6
2022-06,Região de Saúde Norte,"Unidade Local de Saúde de Matosinhos, EPE","41.1794456, -8.6745115",2153,2384,90.3
2022-06,Região de Saúde Norte,"Unidade Local de Saúde do Nordeste, EPE","41.8056532, -6.7888197",1486,1707,87.1
2022-07,Região de Saúde do Centro,"Centro Hospitalar de Leiria, EPE","39.7414812, -8.7982706",3954,4265,92.7
2022-07,Região de Saúde do Centro,"Centro Hospitalar do Baixo Vouga, EPE","40.6362453, -8.6543716",3452,3907,88.4
2022-07,Região de Saúde do Centro,"Centro Hospitalar e Universitário de Coimbra, EPE","40.2191523, -8.4098211",5647,6706,84.2
2022-07,Região de Saúde do Centro,Centro Medicina de Reabilitação da Região Centro Rovisco Pais,"40.297919, -8.7707806",0,0,
2022-07,Região de Saúde do Centro,Hospital Arcebispo João Crisóstomo,"40.3470015, -8.5933462",157,157,100.0
2022-07,Região de Saúde do Centro,Hospital Dr. Francisco Zagalo,"40.8571967, -8.6318023",497,505,98.4
2022-07,Região de Saúde LVT,"Centro Hospitalar Universitário Lisboa Central, EPE","38.7166948, -9.1371248",3626,4115,88.1
2022-07,Região de Saúde LVT,"Hospital Distrital de Santarém, EPE","39.2410946, -8.6937515",1296,1532,84.6
2022-07,Região de Saúde LVT,"Hospital Garcia de Orta, EPE","38.6658713, -9.1822554",2344,2582,90.8
2022-07,Região de Saúde Norte,"Centro Hospitalar do Médio Ave, EPE","41.3423984, -8.4802503",1455,1755,82.9
2022-07,Região de Saúde Norte,"Hospital de Magalhães Lemos, EPE","41.1764649, -8.6649823",0,0,
2022-07,Região de Saúde Norte,"Hospital Santa Maria Maior, EPE","41.5324234, -8.6171561",1565,1621,96.5
2022-08,Região de Saúde do Alentejo,"Unidade Local de Saúde do Litoral Alentejano, EPE","38.0162314, -8.6956768",947,1041,91.0
2022-08,Região de Saúde do Alentejo,"Unidade Local de Saúde do Norte Alentejano, EPE","39.3003425, -7.4263845",949,1054,90.0
2022-08,Região de Saúde do Algarve,"Centro Hospitalar Universitário do Algarve, EPE","37.0238973, -7.9281554",2649,3199,82.8
2022-08,Região de Saúde do Centro,Hospital Arcebispo João Crisóstomo,"40.3470015, -8.5933462",191,191,100.0
2022-08,Região de Saúde do Centro,"Instituto Português Oncologia de Coimbra, EPE","40.2162514, -8.4103814",106,397,26.7
2022-08,Região de Saúde LVT,"Centro Hospitalar Universitário Lisboa Central, EPE","38.7166948, -9.1371248",3983,4530,87.9
2022-08,Região de Saúde LVT,"Centro Hospitalar de Setúbal, EPE","38.5283754, -8.8818638",2545,2702,94.2
2022-08,Região de Saúde LVT,"Centro Hospitalar Médio Tejo, EPE","39.478072, -8.5404429",2081,2480,83.9
2022-08,Região de Saúde Norte,"Unidade Local de Saúde do Nordeste, EPE","41.8056532, -6.7888197",2014,2293,87.8
2022-09,Região de Saúde do Centro,"Centro Hospitalar Tondela-Viseu, EPE","40.516364, -8.0827433",3623,3887,93.2
2022-09,Região de Saúde do Centro,"Hospital Distrital da Figueira da Foz, EPE","40.117897, -8.8586755",2325,2501,93.0
2022-09,Região de Saúde LVT,"Hospital de Cascais, PPP","38.729006, -9.418267",3216,3473,92.6
2022-09,Região de Saúde LVT,"Hospital de Loures, EPE","38.821455, -9.176296",3150,3512,89.7
2022-09,Região de Saúde LVT,"Hospital Distrital de Santarém, EPE","39.2410946, -8.6937515",1548,1839,84.2
2022-09,Região de Saúde LVT,"Instituto Português Oncologia de Lisboa, EPE","38.7396768, -9.1634516",160,755,21.2
2022-09,Região de Saúde Norte,"Centro Hospitalar Universitário do Porto, EPE","41.1472498, -8.6172617",7325,8296,88.3
2022-09,Região de Saúde Norte,"Centro Hospitalar Entre Douro e Vouga, EPE","40.9293884, -8.5458794",4972,5530,89.9
2022-09,Região de Saúde Norte,"Centro Hospitalar Tâmega e Sousa, EPE","41.2494561, -8.264901",4885,5484,89.1
2022-09,Região de Saúde Norte,"Centro Hospitalar Vila Nova de Gaia/Espinho, EPE","41.1094138, -8.5972617",5756,6847,84.1
2022-10,Região de Saúde do Alentejo,"Hospital Espírito Santo de Évora, EPE","38.5684861, -7.9032848",2349,2839,82.7
2022-10,Região de Saúde do Centro,"Centro Hospitalar do Baixo Vouga, EPE","40.6362453, -8.6543716",4589,5252,87.4
2022-10,Região de Saúde LVT,"Centro Hospitalar Universitário Lisboa Central, EPE","38.7166948, -9.1371248",4965,5657,87.8
2022-10,Região de Saúde LVT,"Centro Hospitalar Médio Tejo, EPE","39.478072, -8.5404429",2705,3213,84.2
2022-10,Região de Saúde LVT,"Hospital de Cascais, PPP","38.729006, -9.418267",3629,3931,92.3
2022-10,Região de Saúde LVT,"Hospital de Vila Franca de Xira, EPE","38.977235, -8.984506",2023,2326,87.0
2022-10,Região de Saúde LVT,"Hospital Garcia de Orta, EPE","38.6658713, -9.1822554",3114,3500,89.0
2022-10,Região de Saúde LVT,"Instituto Português Oncologia de Lisboa, EPE","38.7396768, -9.1634516",192,867,22.1
2022-10,Região de Saúde Norte,"Centro Hospitalar Póvoa de Varzim/Vila do Conde, EPE","41.3828711, -8.7589945",886,1247,71.1
2022-11,Região de Saúde do Algarve,"Centro Hospitalar Universitário do Algarve, EPE","37.0238973, -7.9281554",3744,4445,84.2
2022-11,Região de Saúde do Centro,"Centro Hospitalar Universitário Cova da Beira, EPE","40.2804158, -7.4922407",1584,1819,87.1
2022-11,Região de Saúde do Centro,"Centro Hospitalar do Baixo Vouga, EPE","40.6362453, -8.6543716",5022,5742,87.5
2022-11,Região de Saúde do Centro,Hospital Arcebispo João Crisóstomo,"40.3470015, -8.5933462",300,300,100.0
2022-11,Região de Saúde do Centro,Hospital Dr. Francisco Zagalo,"40.8571967, -8.6318023",686,696,98.6
2022-11,Região de Saúde do Centro,"Instituto Português Oncologia de Coimbra, EPE","40.2162514, -8.4103814",141,530,26.6
2022-11,Região de Saúde LVT,"Centro Hospitalar de Setúbal, EPE","38.5283754, -8.8818638",3517,3752,93.7
2022-11,Região de Saúde LVT,Centro Hospitalar do Oeste,"39.4054629, -9.1258493",2259,2616,86.4
2022-11,Região de Saúde LVT,"Hospital de Vila Franca de Xira, EPE","38.977235, -8.984506",2189,2525,86.7
2022-11,Região de Saúde LVT,"Hospital Distrital de Santarém, EPE","39.2410946, -8.6937515",1748,2084,83.9
2022-11,Região de Saúde LVT,"Hospital Professor Doutor Fernando Fonseca, EPE","38.7422257, -9.2264834",4361,4874,89.5
2022-11,Região de Saúde Norte,"Centro Hospitalar Tâmega e Sousa, EPE","41.2494561, -8.264901",6258,6977,89.7
2022-11,Região de Saúde Norte,"Centro Hospitalar Trás-os-Montes e Alto Douro, EPE","41.3031784, -7.7515252",4918,5540,88.8
2022-11,Região de Saúde Norte,"Hospital da Senhora da Oliveira, Guimarães, EPE","41.4387173, -8.3086907",3347,3824,87.5
2022-11,Região de Saúde Norte,"Hospital de Magalhães Lemos, EPE","41.1764649, -8.6649823",0,0,
2022-11,Região de Saúde Norte,"Hospital Santa Maria Maior, EPE","41.5324234, -8.6171561",2507,2586,96.9
2022-11,Região de Saúde Norte,"Unidade Local de Saúde do Alto Minho, EPE","41.7056054, -8.8252713",3961,4603,86.1
2022-12,Região de Saúde do Centro,Hospital Arcebispo João Crisóstomo,"40.3470015, -8.5933462",319,319,100.0
2022-12,Região de Saúde LVT,Centro Hospitalar do Oeste,"39.4054629, -9.1258493",2508,2905,86.3
2022-12,Região de Saúde LVT,"Centro Hospitalar Universitário de Lisboa Norte, EPE","38.7500861, -9.1616116",6278,7072,88.8
2022-12,Região de Saúde LVT,Centro Hospitalar Psiquiátrico de Lisboa,"38.7569771, -9.1460705",0,0,
2022-12,Região de Saúde Norte,"Centro Hospitalar Tâmega e Sousa, EPE","41.2494561, -8.264901",6778,7552,89.8
2022-12,Região de Saúde Norte,"Hospital de Braga, EPE","41.56785, -8.398982",11560,12463,92.8
2023-01,Região de Saúde do Alentejo,"Hospital Espírito Santo de Évora, EPE","38.5684861, -7.9032848",236,288,81.9
2023-01,Região de Saúde do Alentejo,"Unidade Local de Saúde do Norte Alentejano, EPE","39.3003425, -7.4263845",129,140,92.1
2023-01,Região de Saúde do Centro,"Centro Hospitalar Universitário Cova da Beira, EPE","40.2804158, -7.4922407",221,246,89.8
2023-01,Região de Saúde do Centro,"Centro Hospitalar de Leiria, EPE","39.7414812, -8.7982706",807,846,95.4
2023-01,Região de Saúde do Centro,"Centro Hospitalar e Universitário de Coimbra, EPE","40.2191523, -8.4098211",1035,1187,87.2
2023-01,Região de Saúde LVT,"Centro Hospitalar Universitário Lisboa Central, EPE","38.7166948, -9.1371248",461,528,87.3
2023-01,Região de Saúde LVT,"Centro Hospitalar de Lisboa Ocidental, EPE","38.708454, -9.216985",384,447,85.9
2023-01,Região de Saúde LVT,"Centro Hospitalar Universitário de Lisboa Norte, EPE","38.7500861, -9.1616116",575,661,87.0
2023-01,Região de Saúde LVT,"Hospital Garcia de Orta, EPE","38.6658713, -9.1822554",319,355,89.9
2023-01,Região de Saúde Norte,"Centro Hospitalar Trás-os-Montes e Alto Douro, EPE","41.3031784, -7.7515252",513,581,88.3
2023-01,Região de Saúde Norte,"Centro Hospitalar Vila Nova de Gaia/Espinho, EPE","41.1094138, -8.5972617",683,822,83.1
2023-01,Região de Saúde Norte,"Instituto Português Oncologia do Porto, EPE","41.1785642, -8.6062881",36,114,31.6
2023-02,Região de Saúde do Centro,"Centro Hospitalar Universitário Cova da Beira, EPE","40.2804158, -7.4922407",383,423,90.5
2023-02,Região de Saúde do Centro,"Instituto Português Oncologia de Coimbra, EPE","40.2162514, -8.4103814",23,77,29.9
2023-02,Região de Saúde do Centro,"Unidade Local de Saúde da Guarda, EPE","40.5309916, -7.2734793",92,116,79.3
2023-02,Região de Saúde do Centro,"Unidade Local de Saúde de Castelo Branco, EPE","39.8212263, -7.4981271",146,210,69.5
2023-02,Região de Saúde LVT,"Centro Hospitalar de Lisboa Ocidental, EPE","38.708454, -9.216985",724,851,85.1
2023-02,Região de Saúde LVT,"Centro Hospitalar Universitário de Lisboa Norte, EPE","38.7500861, -9.1616116",1089,1260,86.4
2023-02,Região de Saúde LVT,"Centro Hospitalar Médio Tejo, EPE","39.478072, -8.5404429",569,691,82.3
2023-02,Região de Saúde LVT,"Hospital de Vila Franca de Xira, EPE","38.977235, -8.984506",449,499,90.0
2023-02,Região de Saúde LVT,"Hospital Garcia de Orta, EPE","38.6658713, -9.1822554",713,786,90.7
2023-02,Região de Saúde LVT,Instituto Gama Pinto,"38.7218793, -9.144249",665,665,100.0
2023-02,Região de Saúde LVT,"Instituto Português Oncologia de Lisboa, EPE","38.7396768, -9.1634516",66,201,32.8
2023-02,Região de Saúde Norte,"Centro Hospitalar Póvoa de Varzim/Vila do Conde, EPE","41.3828711, -8.7589945",206,288,71.5
2023-02,Região de Saúde Norte,"Centro Hospitalar Trás-os-Montes e Alto Douro, EPE","41.3031784, -7.7515252",959,1070,89.6
2023-02,Região de Saúde Norte,"Unidade Local de Saúde do Alto Minho, EPE","41.7056054, -8.8252713",866,965,89.7
2023-03,Região de Saúde do Alentejo,"Unidade Local de Saúde do Litoral Alentejano, EPE","38.0162314, -8.6956768",577,615,93.8
2023-03,Região de Saúde do Algarve,"Centro Hospitalar Universitário do Algarve, EPE","37.0238973, -7.9281554",1026,1211,84.7
2023-03,Região de Saúde do Centro,"Centro Hospitalar Tondela-Viseu, EPE","40.516364, -8.0827433",1504,1610,93.4
2023-03,Região de Saúde LVT,"Centro Hospitalar de Setúbal, EPE","38.5283754, -8.8818638",1124,1201,93.6
2023-03,Região de Saúde Norte,"Centro Hospitalar Entre Douro e Vouga, EPE","40.9293884, -8.5458794",1566,1781,87.9
2023-03,Região de Saúde Norte,"Hospital da Senhora da Oliveira, Guimarães, EPE","41.4387173, -8.3086907",959,1154,83.1
2023-03,Região de Saúde Norte,"Hospital Santa Maria Maior, EPE","41.5324234, -8.6171561",775,805,96.3
2023-03,Região de Saúde Norte,"Unidade Local de Saúde do Alto Minho, EPE","41.7056054, -8.8252713",1326,1488,89.1
2023-04,Região de Saúde do Alentejo,"Unidade Local de Saúde do Norte Alentejano, EPE","39.3003425, -7.4263845",531,578,91.9
2023-04,Região de Saúde do Centro,"Centro Hospitalar Tondela-Viseu, EPE","40.516364, -8.0827433",1921,2079,92.4
2023-04,Região de Saúde do Centro,Centro Medicina de Reabilitação da Região Centro Rovisco Pais,"40.297919, -8.7707806",0,0,
2023-04,Região de Saúde do Centro,Hospital Arcebispo João Crisóstomo,"40.3470015, -8.5933462",140,140,100.0
2023-04,Região de Saúde do Centro,"Instituto Português Oncologia de Coimbra, EPE","40.2162514, -8.4103814",47,159,29.6
2023-04,Região de Saúde LVT,"Centro Hospitalar de Lisboa Ocidental, EPE","38.708454, -9.216985",1360,1613,84.3
2023-04,Região de Saúde LVT,"Hospital de Cascais, PPP","38.729006, -9.418267",1367,1485,92.1
2023-04,Região de Saúde LVT,"Hospital Garcia de Orta, EPE","38.6658713, -9.1822554",1602,1772,90.4
2023-04,Região de Saúde Norte,"Centro Hospitalar Universitário de Santo António, EPE","41.1472498, -8.6172617",3789,4247,89.2
2023-05,Região de Saúde do Alentejo,"Unidade Local de Saúde do Litoral Alentejano, EPE","38.0162314, -8.6956768",966,1046,92.4
2023-05,Região de Saúde do Algarve,"Centro Hospitalar Universitário do Algarve, EPE","37.0238973, -7.9281554",1736,2055,84.5
2023-05,Região de Saúde do Centro,"Centro Hospitalar de Leiria, EPE","39.7414812, -8.7982706",3406,3586,95.0
2023-05,Região de Saúde do Centro,"Centro Hospitalar do Baixo Vouga, EPE","40.6362453, -8.6543716",2275,2690,84.6
2023-05,Região de Saúde do Centro,"Hospital Distrital da Figueira da Foz, EPE","40.117897, -8.8586755",1447,1520,95.2
2023-05,Região de Saúde do Centro,Hospital Dr. Francisco Zagalo,"40.8571967, -8.6318023",299,305,98.0
2023-05,Região de Saúde do Centro,"Instituto Português Oncologia de Coimbra, EPE","40.2162514, -8.4103814",66,193,34.2
2023-05,Região de Saúde LVT,"Centro Hospitalar de Lisboa Ocidental, EPE","38.708454, -9.216985",1709,2040,83.8
2023-05,Região de Saúde LVT,"Hospital de Cascais, PPP","38.729006, -9.418267",1667,1803,92.5
2023-05,Região de Saúde LVT,"Hospital de Vila Franca de Xira, EPE","38.977235, -8.984506",1047,1189,88.1
2023-05,Região de Saúde LVT,"Hospital Professor Doutor Fernando Fonseca, EPE","38.7422257, -9.2264834",1967,2246,87.6
2023-06,Região de Saúde do Alentejo,"Unidade Local de Saúde do Norte Alentejano, EPE","39.3003425, -7.4263845",834,909,91.7
2023-06,Região de Saúde do Algarve,"Centro Hospitalar Universitário do Algarve, EPE","37.0238973, -7.9281554",2070,2464,84.0
2023-06,Região de Saúde LVT,"Centro Hospitalar de Lisboa Ocidental, EPE","38.708454, -9.216985",2041,2448,83.4
2023-06,Região de Saúde LVT,"Centro Hospitalar Universitário de Lisboa Norte, EPE","38.7500861, -9.1616116",3557,4086,87.1
2023-06,Região de Saúde LVT,"Hospital de Vila Franca de Xira, EPE","38.977235, -8.984506",1270,1443,88.0
2023-06,Região de Saúde LVT,"Hospital Professor Doutor Fernando Fonseca, EPE","38.7422257, -9.2264834",2322,2660,87.3
2023-06,Região de Saúde Norte,"Unidade Local de Saúde do Nordeste, EPE","41.8056532, -6.7888197",1558,1881,82.8
2023-07,Região de Saúde do Alentejo,"Unidade Local de Saúde do Baixo Alentejo, EPE","38.014123, -7.8721227",882,1143,77.2
2023-07,Região de Saúde do Alentejo,"Unidade Local de Saúde do Litoral Alentejano, EPE","38.0162314, -8.6956768",1396,1503,92.9
2023-07,Região de Saúde do Algarve,"Centro Hospitalar Universitário do Algarve, EPE","37.0238973, -7.9281554",2525,2976,84.8
2023-07,Região de Saúde LVT,"Centro Hospitalar Universitário de Lisboa Norte, EPE","38.7500861, -9.1616116",4131,4727,87.4
2023-07,Região de Saúde Norte,"Unidade Local de Saúde do Nordeste, EPE","41.8056532, -6.7888197",1783,2143,83.2
2023-08,Região de Saúde do Alentejo,"Hospital Espírito Santo de Évora, EPE","38.5684861, -7.9032848",1586,1897,83.6
2023-08,Região de Saúde do Centro,Hospital Dr. Francisco Zagalo,"40.8571967, -8.6318023",422,428,98.6
2023-08,Região de Saúde do Centro,"Unidade Local de Saúde de Castelo Branco, EPE","39.8212263, -7.4981271",616,895,68.8
2023-08,Região de Saúde LVT,"Centro Hospitalar Médio Tejo, EPE","39.478072, -8.5404429",2221,2693,82.5
2023-08,Região de Saúde LVT,Instituto Gama Pinto,"38.7218793, -9.144249",2702,2702,100.0
2023-08,Região de Saúde Norte,"Centro Hospitalar do Médio Ave, EPE","41.3423984, -8.4802503",1641,1950,84.2
2023-08,Região de Saúde Norte,"Centro Hospitalar Tâmega e Sousa, EPE","41.2494561, -8.264901",4866,5423,89.7
2023-08,Região de Saúde Norte,"Hospital de Braga, EPE","41.56785, -8.398982",8366,8938,93.6
2023-08,Região de Saúde Norte,"Unidade Local de Saúde do Nordeste, EPE","41.8056532, -6.7888197",2032,2433,83.5
2023-09,Região de Saúde do Alentejo,"Unidade Local de Saúde do Litoral Alentejano, EPE","38.0162314, -8.6956768",1662,1800,92.3
2023-09,Região de Saúde do Centro,"Centro Hospitalar Universitário Cova da Beira, EPE","40.2804158, -7.4922407",1654,1887,87.7
2023-09,Região de Saúde do Centro,"Centro Hospitalar de Leiria, EPE","39.7414812, -8.7982706",5898,6202,95.1
2023-09,Região de Saúde do Centro,"Instituto Português Oncologia de Coimbra, EPE","40.2162514, -8.4103814",110,334,32.9
2023-09,Região de Saúde LVT,"Centro Hospitalar de Setúbal, EPE","38.5283754, -8.8818638",2857,3044,93.9
2023-09,Região de Saúde LVT,"Centro Hospitalar Médio Tejo, EPE","39.478072, -8.5404429",2505,3034,82.6
2023-09,Região de Saúde LVT,"Hospital de Loures, EPE","38.821455, -9.176296",2086,2337,89.3
2023-09,Região de Saúde Norte,"Centro Hospitalar Póvoa de Varzim/Vila do Conde, EPE","41.3828711, -8.7589945",949,1275,74.4
2023-09,Região de Saúde Norte,"Centro Hospitalar Tâmega e Sousa, EPE","41.2494561, -8.264901",5460,6081,89.8
2023-09,Região de Saúde Norte,"Hospital da Senhora da Oliveira, Guimarães, EPE","41.4387173, -8.3086907",2953,3548,83.2
2023-10,Região de Saúde do Alentejo,"Unidade Local de Saúde do Baixo Alentejo, EPE","38.014123, -7.8721227",1320,1665,79.3
2023-10,Região de Saúde do Centro,Centro Medicina de Reabilitação da Região Centro Rovisco Pais,"40.297919, -8.7707806",0,0,
2023-10,Região de Saúde do Centro,"Unidade Local de Saúde da Guarda, EPE","40.5309916, -7.2734793",670,784,85.5
2023-10,Região de Saúde LVT,"Centro Hospitalar Universitário Lisboa Central, EPE","38.7166948, -9.1371248",4587,5141,89.2
2023-10,Região de Saúde LVT,"Centro Hospitalar de Setúbal, EPE","38.5283754, -8.8818638",3188,3398,93.8
2023-10,Região de Saúde Norte,"Centro Hospitalar Trás-os-Montes e Alto Douro, EPE","41.3031784, -7.7515252",4906,5453,90.0
2023-10,Região de Saúde Norte,"Centro Hospitalar Universitário de Santo António, EPE","41.1472498, -8.6172617",8118,9101,89.2
2023-11,Região de Saúde do Alentejo,"Hospital Espírito Santo de Évora, EPE","38.5684861, -7.9032848",2259,2689,84.0
2023-11,Região de Saúde do Centro,"Centro Hospitalar Universitário Cova da Beira, EPE","40.2804158, -7.4922407",2002,2277,87.9
2023-11,Região de Saúde do Centro,"Centro Hospitalar e Universitário de Coimbra, EPE","40.2191523, -8.4098211",9340,10807,86.4
2023-11,Região de Saúde do Centro,"Hospital Distrital da Figueira da Foz, EPE","40.117897, -8.8586755",2944,3072,95.8
2023-11,Região de Saúde LVT,"Centro Hospitalar Barreiro/Montijo, EPE","38.6554005, -9.0592392",1506,1917,78.6
2023-11,Região de Saúde LVT,"Hospital de Cascais, PPP","38.729006, -9.418267",3028,3298,91.8
2023-11,Região de Saúde LVT,"Instituto Português Oncologia de Lisboa, EPE","38.7396768, -9.1634516",360,1049,34.3
2023-11,Região de Saúde Norte,"Centro Hospitalar Trás-os-Montes e Alto Douro, EPE","41.3031784, -7.7515252",5475,6071,90.2
2023-11,Região de Saúde Norte,"Hospital da Senhora da Oliveira, Guimarães, EPE","41.4387173, -8.3086907",3752,4475,83.8
2023-12,Região de Saúde do Alentejo,"Unidade Local de Saúde do Baixo Alentejo, EPE","38.014123, -7.8721227",1482,1885,78.6
2023-12,Região de Saúde do Centro,"Centro Hospitalar Universitário Cova da Beira, EPE","40.2804158, -7.4922407",2080,2369,87.8
2023-12,Região de Saúde do Centro,Hospital Arcebispo João Crisóstomo,"40.3470015, -8.5933462",362,362,100.0
2023-12,Região de Saúde LVT,"Centro Hospitalar de Setúbal, EPE","38.5283754, -8.8818638",3817,4067,93.9
2023-12,Região de Saúde Norte,"Centro Hospitalar Tâmega e Sousa, EPE","41.2494561, -8.264901",7096,7870,90.2
2023-12,Região de Saúde Norte,"Unidade Local de Saúde do Nordeste, EPE","41.8056532, -6.7888197",3038,3607,84.2
2024-01,Região de Saúde LVT,"Hospital de Cascais, PPP","38.730076, -9.418207",351,371,94.6
2024-01,Região de Saúde Norte,"Instituto Português Oncologia  F. Gentil - Porto, E.P.E.","41.1811, -8.60469",40,125,32.0
2024-01,Região de Saúde LVT,"Unidade Local de Saúde da Lezíria, EPE","39.232503, -8.715083",238,269,88.5
2024-01,Região de Saúde do Centro,"Unidade Local de Saúde da Região de Aveiro, EPE","40.636332, -8.654388",419,459,91.3
2024-01,Região de Saúde do Centro,"Unidade Local de Saúde da Região de Leiria, EPE","39.7418, -8.79444",704,759,92.8
2024-01,Região de Saúde Norte,"Unidade Local de Saúde de Entre Douro e Vouga, EPE","40.9295, -8.54567",503,553,91.0
2024-01,Região de Saúde LVT,"Unidade Local de Saúde de Santa Maria, EPE","38.7500648498535, -9.0",612,693,88.3
2024-01,Região de Saúde Norte,"Unidade Local de Saúde de Santo António, EPE","41.147283, -8.619536",1057,1178,89.7
2024-01,Região de Saúde Norte,"Unidade Local de Saúde do Alto Minho, EPE","41.697519, -8.832517",605,641,94.4
2025-01,Região de Saúde LVT,"Unidade Local de Saúde da Lezíria, EPE","39.232503, -8.715083",242,248,97.6
2025-01,Região de Saúde do Centro,"Unidade Local de Saúde da Região de Leiria, EPE","39.7418, -8.79444",644,687,93.7
2025-01,Região de Saúde Norte,"Unidade Local de Saúde de Barcelos/Esposende, EPE","41.533438, -8.616604",269,271,99.3
2025-01,Região de Saúde do Centro,"Unidade Local de Saúde de Dão-Lafões, EPE","40.6509, -7.91039",462,485,95.3
2025-01,Região de Saúde Norte,"Unidade Local de Saúde de Trás-os-Montes e Alto Douro, EPE","41.310331, -7.760103",635,694,91.5
2025-01,Região de Saúde do Alentejo,"Unidade Local de Saúde do Alto Alentejo, EPE","39.2999, -7.4267",120,126,95.2
2025-01,Região de Saúde LVT,"Unidade Local de Saúde do Oeste, EPE","39.4055519104004, -9.0",349,373,93.6
2026-01,Região de Saúde Norte,"Instituto Português Oncologia  F. Gentil - Porto, E.P.E.","41.1811, -8.60469",11,67,16.4
2026-01,Região de Saúde LVT,"Unidade Local de Saúde de Amadora/Sintra, EPE","38.7436332060551, -9.0",548,614,89.3
2026-01,Região de Saúde Norte,"Unidade Local de Saúde de Entre Douro e Vouga, EPE","40.9295, -8.54567",681,708,96.2
2026-01,Região de Saúde Norte,"Unidade Local de Saúde de São João, EPE","41.1833, -8.60193",532,726,73.3
2026-01,Região de Saúde LVT,"Unidade Local de Saúde de São José, EPE","38.7169, -9.13654",481,506,95.1
2026-01,Região de Saúde do Alentejo,"Unidade Local de Saúde do Alentejo Central, EPE","38.568838, -7.903064",242,263,92.0
2026-01,Região de Saúde LVT,"Unidade Local de Saúde do Oeste, EPE","39.4055519104004, -9.0",229,243,94.2
2026-01,Região de Saúde Norte,"Unidade Local de Saúde do Tâmega e Sousa, EPE","41.1971153671548, -8.0",656,702,93.4
2024-02,Região de Saúde LVT,"Instituto Português Oncologia  F. Gentil - Lisboa, E.P.E.","38.739946, -9.161139",55,222,24.8
2024-02,Região de Saúde do Centro,"Unidade Local de Saúde da Região de Aveiro, EPE","40.636332, -8.654388",782,886,88.3
2024-02,Região de Saúde LVT,"Unidade Local de Saúde de Lisboa Ocidental, EPE","38.7084, -9.21711",847,1019,83.1
2024-02,Região de Saúde LVT,"Unidade Local de Saúde de Loures-Odivelas, EPE","38.821769, -9.176301",523,614,85.2
2024-02,Região de Saúde LVT,"Unidade Local de Saúde de São José, EPE","38.7169, -9.13654",1104,1216,90.8
2024-02,Região de Saúde Norte,"Unidade Local de Saúde de Trás-os-Montes e Alto Douro, EPE","41.310331, -7.760103",1224,1307,93.6
2024-02,Região de Saúde do Algarve,"Unidade Local de Saúde do Algarve, EPE","37.024668, -7.928949",794,938,84.6
2024-02,Região de Saúde Norte,"Unidade Local de Saúde do Alto Ave, EPE","41.488574, -8.338685",706,860,82.1
2024-02,Região de Saúde Norte,"Unidade Local de Saúde do Alto Minho, EPE","41.697519, -8.832517",1146,1229,93.2
2024-02,Região de Saúde do Centro,"Unidade Local de Saúde do Baixo Mondego, EPE","40.130297609, -8.8606",442,460,96.1
2024-02,Região de Saúde Norte,"Unidade Local de Saúde do Nordeste, EPE","41.802452, -6.768198",563,678,83.0
2025-02,Região de Saúde do Centro,"Instituto Português Oncologia  F. Gentil - Centro, E.P.E.","40.217, -8.40991",5,49,10.2
2025-02,Região de Saúde Norte,"Unidade Local de Saúde de Braga, EPE","41.562328338623, -8.3",1669,1812,92.1
2025-02,Região de Saúde do Centro,"Unidade Local de Saúde de Coimbra, EPE","40.217426, -8.410075",2232,2532,88.2
2025-02,Região de Saúde Norte,"Unidade Local de Saúde de Trás-os-Montes e Alto Douro, EPE","41.310331, -7.760103",1198,1332,89.9
2025-02,Região de Saúde Norte,"Unidade Local de Saúde do Alto Ave, EPE","41.488574, -8.338685",920,1105,83.3
2026-02,Região de Saúde Norte,"Unidade Local de Saúde de Barcelos/Esposende, EPE","41.533438, -8.616604",623,625,99.7
2026-02,Região de Saúde do Centro,"Unidade Local de Saúde de Coimbra, EPE","40.217426, -8.410075",1816,1950,93.1
2026-02,Região de Saúde do Centro,"Unidade Local de Saúde de Dão-Lafões, EPE","40.6509, -7.91039",727,727,100.0
2026-02,Região de Saúde LVT,"Unidade Local de Saúde de Lisboa Ocidental, EPE","38.7084, -9.21711",429,443,96.8
2026-02,Região de Saúde Norte,"Unidade Local de Saúde de Trás-os-Montes e Alto Douro, EPE","41.310331, -7.760103",683,779,87.7
2026-02,Região de Saúde do Algarve,"Unidade Local de Saúde do Algarve, EPE","37.024668, -7.928949",291,307,94.8
2026-02,Região de Saúde do Alentejo,"Unidade Local de Saúde do Alto Alentejo, EPE","39.2999, -7.4267",256,276,92.8
2026-02,Região de Saúde Norte,"Unidade Local de Saúde do Alto Ave, EPE","41.488574, -8.338685",645,721,89.5
2026-02,Região de Saúde do Centro,"Unidade Local de Saúde do Baixo Mondego, EPE","40.130297609, -8.8606",520,529,98.3
2026-02,Região de Saúde LVT,"Unidade Local de Saúde do Médio Tejo, EPE","39.605565, -8.404399",468,530,88.3
2026-02,Região de Saúde LVT,"Unidade Local de Saúde do Oeste, EPE","39.4055519104004, -9.0",507,534,94.9
2024-03,Região de Saúde LVT,"Instituto Português Oncologia  F. Gentil - Lisboa, E.P.E.","38.739946, -9.161139",93,346,26.9
2024-03,Região de Saúde do Centro,"Unidade Local de Saúde da Região de Aveiro, EPE","40.636332, -8.654388",1220,1390,87.8
2024-03,Região de Saúde LVT,"Unidade Local de Saúde de Loures-Odivelas, EPE","38.821769, -9.176301",796,934,85.2
2024-03,Região de Saúde Norte,"Unidade Local de Saúde de Santo António, EPE","41.147283, -8.619536",3107,3501,88.7
2024-03,Região de Saúde Norte,"Unidade Local de Saúde de Trás-os-Montes e Alto Douro, EPE","41.310331, -7.760103",1819,1975,92.1
2024-03,Região de Saúde LVT,"Unidade Local de Saúde do Arco Ribeirinho, EPE","38.6527214050293, -9.0",502,629,79.8
2024-03,Região de Saúde do Alentejo,"Unidade Local de Saúde do Litoral Alentejano, EPE","38.039936, -8.731693",855,906,94.4
2024-03,Região de Saúde Norte,"Unidade Local de Saúde do Médio Ave, EPE","41.3422317504883, -8.0",795,890,89.3
2025-03,Região de Saúde do Centro,"Instituto Português Oncologia  F. Gentil - Centro, E.P.E.","40.217, -8.40991",9,79,11.4
2025-03,Região de Saúde LVT,"Unidade Local de Saúde da Arrábida, EPE","38.529351, -8.881073",1351,1422,95.0
2025-03,Região de Saúde do Centro,"Unidade Local de Saúde da Guarda, EPE","40.5309943471486, -7.0",184,213,86.4
2025-03,Região de Saúde Norte,"Unidade Local de Saúde de Braga, EPE","41.562328338623, -8.3",2794,3033,92.1
2025-03,Região de Saúde Norte,"Unidade Local de Saúde de Matosinhos, EPE","41.181859, -8.663374",749,761,98.4
2025-03,Região de Saúde LVT,"Unidade Local de Saúde de Santa Maria, EPE","38.7500648498535, -9.0",2312,2563,90.2
2025-03,Região de Saúde Norte,"Unidade Local de Saúde de Vila Nova de Gaia/Espinho, EPE","41.1254463195801, -8.0",2115,2524,83.8
2025-03,Região de Saúde LVT,"Unidade Local de Saúde do Arco Ribeirinho, EPE","38.6527214050293, -9.0",614,660,93.0
2025-03,Região de Saúde LVT,"Unidade Local de Saúde do Oeste, EPE","39.4055519104004, -9.0",1001,1071,93.5
2024-04,Região de Saúde do Centro,"Instituto Português Oncologia  F. Gentil - Centro, E.P.E.","40.217, -8.40991",66,164,40.2
2024-04,Região de Saúde LVT,"Instituto Português Oncologia  F. Gentil - Lisboa, E.P.E.","38.739946, -9.161139",152,470,32.3
2024-04,Região de Saúde do Centro,"Unidade Local de Saúde da Cova da Beira, EPE","40.2776794433594, -7.0",713,822,86.7
2024-04,Região de Saúde Norte,"Unidade Local de Saúde de Barcelos/Esposende, EPE","41.533438, -8.616604",938,962,97.5
2024-04,Região de Saúde Norte,"Unidade Local de Saúde de Matosinhos, EPE","41.181859, -8.663374",2207,2379,92.8
2024-04,Região de Saúde LVT,"Unidade Local de Saúde de São José, EPE","38.7169, -9.13654",3095,3306,93.6
2024-04,Região de Saúde do Alentejo,"Unidade Local de Saúde do Alentejo Central, EPE","38.568838, -7.903064",1093,1254,87.2
2024-04,Região de Saúde LVT,"Unidade Local de Saúde do Estuário do Tejo, EPE","38.977344, -8.984882",1266,1353,93.6
2024-04,Região de Saúde do Alentejo,"Unidade Local de Saúde do Litoral Alentejano, EPE","38.039936, -8.731693",1114,1180,94.4
2024-04,Região de Saúde LVT,"Unidade Local de Saúde do Médio Tejo, EPE","39.605565, -8.404399",1257,1594,78.9
2024-04,Região de Saúde Norte,"Unidade Local de Saúde do Nordeste, EPE","41.802452, -6.768198",1077,1304,82.6
2025-04,Região de Saúde LVT,"Unidade Local de Saúde de Almada-Seixal, EPE","38.67381, -9.17597",1801,1917,93.9
2025-04,Região de Saúde do Centro,"Unidade Local de Saúde de Coimbra, EPE","40.217426, -8.410075",4216,4752,88.7
2025-04,Região de Saúde Norte,"Unidade Local de Saúde de Entre Douro e Vouga, EPE","40.9295, -8.54567",2358,2620,90.0
2025-04,Região de Saúde LVT,"Unidade Local de Saúde de Santa Maria, EPE","38.7500648498535, -9.0",2986,3312,90.2
2025-04,Região de Saúde LVT,"Unidade Local de Saúde de São José, EPE","38.7169, -9.13654",3753,3948,95.1
2025-04,Região de Saúde do Alentejo,"Unidade Local de Saúde do Alto Alentejo, EPE","39.2999, -7.4267",573,610,93.9
2025-04,Região de Saúde do Alentejo,"Unidade Local de Saúde do Litoral Alentejano, EPE","38.039936, -8.731693",1223,1285,95.2
2025-04,Região de Saúde Norte,"Unidade Local de Saúde do Nordeste, EPE","41.802452, -6.768198",961,1104,87.0
2024-05,Região de Saúde do Centro,"Unidade Local de Saúde do Baixo Mondego, EPE","40.130297609, -8.8606",1394,1446,96.4
2025-05,Região de Saúde do Centro,"Unidade Local de Saúde Castelo Branco, EPE","39.822737, -7.499876",488,634,77.0
2025-05,Região de Saúde LVT,"Unidade Local de Saúde da Arrábida, EPE","38.529351, -8.881073",2181,2289,95.3
2025-05,Região de Saúde LVT,"Unidade Local de Saúde da Lezíria, EPE","39.232503, -8.715083",1041,1117,93.2
2025-05,Região de Saúde LVT,"Unidade Local de Saúde de Almada-Seixal, EPE","38.67381, -9.17597",2319,2473,93.8
2025-05,Região de Saúde do Centro,"Unidade Local de Saúde de Coimbra, EPE","40.217426, -8.410075",5392,6067,88.9
2025-05,Região de Saúde Norte,"Unidade Local de Saúde de São João, EPE","41.1833, -8.60193",4398,5624,78.2
2025-05,Região de Saúde Norte,"Unidade Local de Saúde de Trás-os-Montes e Alto Douro, EPE","41.310331, -7.760103",2937,3340,87.9
2025-05,Região de Saúde Norte,"Unidade Local de Saúde de Vila Nova de Gaia/Espinho, EPE","41.1254463195801, -8.0",3381,4038,83.7
2025-05,Região de Saúde do Alentejo,"Unidade Local de Saúde do Alentejo Central, EPE","38.568838, -7.903064",1354,1617,83.7
2025-05,Região de Saúde Norte,"Unidade Local de Saúde do Alto Minho, EPE","41.697519, -8.832517",2450,2754,89.0
2025-05,Região de Saúde LVT,"Unidade Local de Saúde do Estuário do Tejo, EPE","38.977344, -8.984882",1526,1657,92.1
2024-06,Região de Saúde LVT,"Instituto Português Oncologia  F. Gentil - Lisboa, E.P.E.","38.739946, -9.161139",257,748,34.4
2024-06,Região de Saúde do Centro,"Unidade Local de Saúde de Dão-Lafões, EPE","40.6509, -7.91039",2925,3169,92.3
2024-06,Região de Saúde LVT,"Unidade Local de Saúde de São José, EPE","38.7169, -9.13654",4532,4832,93.8
2024-06,Região de Saúde Norte,"Unidade Local de Saúde de Trás-os-Montes e Alto Douro, EPE","41.310331, -7.760103",3464,3854,89.9
2024-06,Região de Saúde do Centro,"Unidade Local de Saúde do Baixo Mondego, EPE","40.130297609, -8.8606",1626,1689,96.3
2024-06,Região de Saúde LVT,"Unidade Local de Saúde do Médio Tejo, EPE","39.605565, -8.404399",1804,2345,76.9
2025-06,Região de Saúde LVT,"Hospital de Cascais, PPP","38.730076, -9.418207",3238,3369,96.1
2025-06,Região de Saúde do Centro,"Instituto Português Oncologia  F. Gentil - Centro, E.P.E.","40.217, -8.40991",17,180,9.4
2025-06,Região de Saúde LVT,"Unidade Local de Saúde da Arrábida, EPE","38.529351, -8.881073",2585,2704,95.6
2025-06,Região de Saúde LVT,"Unidade Local de Saúde de Almada-Seixal, EPE","38.67381, -9.17597",2708,2885,93.9
2025-06,Região de Saúde do Centro,"Unidade Local de Saúde de Dão-Lafões, EPE","40.6509, -7.91039",2822,2986,94.5
2025-06,Região de Saúde Norte,"Unidade Local de Saúde de Entre Douro e Vouga, EPE","40.9295, -8.54567",3767,4181,90.1
2025-06,Região de Saúde LVT,"Unidade Local de Saúde de Lisboa Ocidental, EPE","38.7084, -9.21711",1946,2226,87.4
2025-06,Região de Saúde LVT,"Unidade Local de Saúde de São José, EPE","38.7169, -9.13654",4606,4872,94.5
2025-06,Região de Saúde do Algarve,"Unidade Local de Saúde do Algarve, EPE","37.024668, -7.928949",1451,1807,80.3
2025-06,Região de Saúde do Alentejo,"Unidade Local de Saúde do Litoral Alentejano, EPE","38.039936, -8.731693",1712,1800,95.1
2025-06,Região de Saúde LVT,"Unidade Local de Saúde do Médio Tejo, EPE","39.605565, -8.404399",1776,2067,85.9
2025-06,Região de Saúde Norte,"Unidade Local de Saúde do Nordeste, EPE","41.802452, -6.768198",1405,1642,85.6
2024-07,Região de Saúde do Centro,"Unidade Local de Saúde da Região de Aveiro, EPE","40.636332, -8.654388",3153,3590,87.8
2024-07,Região de Saúde LVT,"Unidade Local de Saúde de Santa Maria, EPE","38.7500648498535, -9.0",4342,4951,87.7
2024-07,Região de Saúde LVT,"Unidade Local de Saúde de São José, EPE","38.7169, -9.13654",5580,5922,94.2
2024-07,Região de Saúde do Algarve,"Unidade Local de Saúde do Algarve, EPE","37.024668, -7.928949",3030,3500,86.6
2024-07,Região de Saúde Norte,"Unidade Local de Saúde do Alto Ave, EPE","41.488574, -8.338685",2331,2934,79.4
2024-07,Região de Saúde do Alentejo,"Unidade Local de Saúde do Litoral Alentejano, EPE","38.039936, -8.731693",1932,2050,94.2
2025-07,Região de Saúde do Centro,"Unidade Local de Saúde Castelo Branco, EPE","39.822737, -7.499876",789,964,81.8
2025-07,Região de Saúde Norte,"Unidade Local de Saúde da Póvoa de Varzim/Vila do Conde, EPE","41.383183, -8.758784",885,1212,73.0
2025-07,Região de Saúde Norte,"Unidade Local de Saúde de Braga, EPE","41.562328338623, -8.3",6782,7346,92.3
2025-07,Região de Saúde LVT,"Unidade Local de Saúde de Loures-Odivelas, EPE","38.821769, -9.176301",2062,2364,87.2
2025-07,Região de Saúde LVT,"Unidade Local de Saúde do Estuário do Tejo, EPE","38.977344, -8.984882",2119,2285,92.7
2025-07,Região de Saúde Norte,"Unidade Local de Saúde do Médio Ave, EPE","41.3422317504883, -8.0",1552,1831,84.8
2025-07,Região de Saúde Norte,"Unidade Local de Saúde do Nordeste, EPE","41.802452, -6.768198",1687,1990,84.8
2024-08,Região de Saúde do Centro,"Instituto Português Oncologia  F. Gentil - Centro, E.P.E.","40.217, -8.40991",120,324,37.0
2024-08,Região de Saúde Norte,"Instituto Português Oncologia  F. Gentil - Porto, E.P.E.","41.1811, -8.60469",246,900,27.3
2024-08,Região de Saúde do Centro,"Unidade Local de Saúde Castelo Branco, EPE","39.822737, -7.499876",916,1204,76.1
2024-08,Região de Saúde do Centro,"Unidade Local de Saúde da Região de Aveiro, EPE","40.636332, -8.654388",3306,3769,87.7
2024-08,Região de Saúde LVT,"Unidade Local de Saúde de Lisboa Ocidental, EPE","38.7084, -9.21711",3045,3630,83.9
2024-08,Região de Saúde LVT,"Unidade Local de Saúde de Santa Maria, EPE","38.7500648498535, -9.0",4822,5482,88.0
2024-08,Região de Saúde Norte,"Unidade Local de Saúde de São João, EPE","41.1833, -8.60193",6424,8404,76.4
2024-08,Região de Saúde Norte,"Unidade Local de Saúde de Vila Nova de Gaia/Espinho, EPE","41.1254463195801, -8.0",5884,6907,85.2
2024-08,Região de Saúde do Alentejo,"Unidade Local de Saúde do Alentejo Central, EPE","38.568838, -7.903064",2009,2296,87.5
2024-08,Região de Saúde LVT,"Unidade Local de Saúde do Estuário do Tejo, EPE","38.977344, -8.984882",2431,2623,92.7
2024-08,Região de Saúde LVT,"Unidade Local de Saúde do Médio Tejo, EPE","39.605565, -8.404399",2442,3143,77.7
2024-08,Região de Saúde Norte,"Unidade Local de Saúde do Nordeste, EPE","41.802452, -6.768198",2092,2517,83.1
2025-08,Região de Saúde do Centro,"Unidade Local de Saúde da Cova da Beira, EPE","40.2776794433594, -7.0",1483,1688,87.9
2025-08,Região de Saúde LVT,"Unidade Local de Saúde da Lezíria, EPE","39.232503, -8.715083",1493,1629,91.7
2025-08,Região de Saúde do Centro,"Unidade Local de Saúde da Região de Aveiro, EPE","40.636332, -8.654388",3451,3835,90.0
2025-08,Região de Saúde LVT,"Unidade Local de Saúde de Almada-Seixal, EPE","38.67381, -9.17597",3533,3770,93.7
2025-08,Região de Saúde do Centro,"Unidade Local de Saúde de Coimbra, EPE","40.217426, -8.410075",7719,8815,87.6
2025-08,Região de Saúde LVT,"Unidade Local de Saúde de Lisboa Ocidental, EPE","38.7084, -9.21711",2493,2823,88.3
2025-08,Região de Saúde Norte,"Unidade Local de Saúde de Matosinhos, EPE","41.181859, -8.663374",1713,1732,98.9
2025-08,Região de Saúde Norte,"Unidade Local de Saúde de Santo António, EPE","41.147283, -8.619536",6986,7744,90.2
2025-08,Região de Saúde Norte,"Unidade Local de Saúde de Vila Nova de Gaia/Espinho, EPE","41.1254463195801, -8.0",4997,5967,83.7
2025-08,Região de Saúde do Alentejo,"Unidade Local de Saúde do Alentejo Central, EPE","38.568838, -7.903064",2100,2526,83.1
2025-08,Região de Saúde do Alentejo,"Unidade Local de Saúde do Alto Alentejo, EPE","39.2999, -7.4267",1253,1331,94.1
2025-08,Região de Saúde do Alentejo,"Unidade Local de Saúde do Baixo Alentejo, EPE","38.0146, -7.86863",931,1162,80.1
2025-08,Região de Saúde Norte,"Unidade Local de Saúde do Tâmega e Sousa, EPE","41.1971153671548, -8.0",5399,5872,91.9
2024-09,Região de Saúde LVT,"Unidade Local de Saúde da Arrábida, EPE","38.529351, -8.881073",3406,3591,94.8
2024-09,Região de Saúde do Centro,"Unidade Local de Saúde da Cova da Beira, EPE","40.2776794433594, -7.0",1453,1684,86.3
2024-09,Região de Saúde do Alentejo,"Unidade Local de Saúde do Litoral Alentejano, EPE","38.039936, -8.731693",2291,2445,93.7
2024-09,Região de Saúde Norte,"Unidade Local de Saúde do Tâmega e Sousa, EPE","41.1971153671548, -8.0",5579,6177,90.3
2025-09,Região de Saúde Norte,"Instituto Português Oncologia  F. Gentil - Porto, E.P.E.","41.1811, -8.60469",425,1032,41.2
2025-09,Região de Saúde LVT,"Unidade Local de Saúde da Lezíria, EPE","39.232503, -8.715083",1577,1729,91.2
2025-09,Região de Saúde Norte,"Unidade Local de Saúde da Póvoa de Varzim/Vila do Conde, EPE","41.383183, -8.758784",1084,1494,72.6
2025-09,Região de Saúde do Centro,"Unidade Local de Saúde de Dão-Lafões, EPE","40.6509, -7.91039",4047,4307,94.0
2025-09,Região de Saúde LVT,"Unidade Local de Saúde de Lisboa Ocidental, EPE","38.7084, -9.21711",2807,3157,88.9
2025-09,Região de Saúde do Alentejo,"Unidade Local de Saúde do Alentejo Central, EPE","38.568838, -7.903064",2318,2784,83.3
2025-09,Região de Saúde do Centro,"Unidade Local de Saúde do Baixo Mondego, EPE","40.130297609, -8.8606",2615,2696,97.0
2025-09,Região de Saúde LVT,"Unidade Local de Saúde do Oeste, EPE","39.4055519104004, -9.0",2922,3095,94.4
2024-10,Região de Saúde do Centro,"Unidade Local de Saúde de Dão-Lafões, EPE","40.6509, -7.91039",4657,5043,92.3
2024-10,Região de Saúde LVT,"Unidade Local de Saúde de Lisboa Ocidental, EPE","38.7084, -9.21711",3794,4508,84.2
2024-10,Região de Saúde LVT,"Unidade Local de Saúde de Santa Maria, EPE","38.7500648498535, -9.0",6251,7054,88.6
2024-10,Região de Saúde do Algarve,"Unidade Local de Saúde do Algarve, EPE","37.024668, -7.928949",4124,4769,86.5
2024-10,Região de Saúde Norte,"Unidade Local de Saúde do Alto Ave, EPE","41.488574, -8.338685",3371,4275,78.9
2024-10,Região de Saúde LVT,"Unidade Local de Saúde do Arco Ribeirinho, EPE","38.6527214050293, -9.0",1521,1859,81.8
2025-10,Região de Saúde do Centro,"Unidade Local de Saúde Castelo Branco, EPE","39.822737, -7.499876",1133,1372,82.6
2025-10,Região de Saúde LVT,"Unidade Local de Saúde da Lezíria, EPE","39.232503, -8.715083",1747,1910,91.5
2025-10,Região de Saúde do Centro,"Unidade Local de Saúde da Região de Aveiro, EPE","40.636332, -8.654388",4432,4933,89.8
2025-10,Região de Saúde Norte,"Unidade Local de Saúde de Matosinhos, EPE","41.181859, -8.663374",2303,2326,99.0
2025-10,Região de Saúde do Alentejo,"Unidade Local de Saúde do Litoral Alentejano, EPE","38.039936, -8.731693",2661,2798,95.1
2024-11,Região de Saúde Norte,"Unidade Local de Saúde da Póvoa de Varzim/Vila do Conde, EPE","41.383183, -8.758784",1245,1803,69.1
2024-11,Região de Saúde do Centro,"Unidade Local de Saúde do Baixo Mondego, EPE","40.130297609, -8.8606",3245,3368,96.3
2024-11,Região de Saúde Norte,"Unidade Local de Saúde do Nordeste, EPE","41.802452, -6.768198",2854,3386,84.3
2025-11,Região de Saúde do Centro,"Unidade Local de Saúde da Região de Aveiro, EPE","40.636332, -8.654388",4936,5511,89.6
2025-11,Região de Saúde LVT,"Unidade Local de Saúde de Almada-Seixal, EPE","38.67381, -9.17597",4679,5008,93.4
2025-11,Região de Saúde Norte,"Unidade Local de Saúde de Barcelos/Esposende, EPE","41.533438, -8.616604",3274,3320,98.6
2025-11,Região de Saúde Norte,"Unidade Local de Saúde de Matosinhos, EPE","41.181859, -8.663374",2596,2621,99.0
2025-11,Região de Saúde Norte,"Unidade Local de Saúde de Santo António, EPE","41.147283, -8.619536",9763,10784,90.5
2025-11,Região de Saúde Norte,"Unidade Local de Saúde de São João, EPE","41.1833, -8.60193",9391,11834,79.4
2025-11,Região de Saúde do Alentejo,"Unidade Local de Saúde do Alentejo Central, EPE","38.568838, -7.903064",2893,3426,84.4
2025-11,Região de Saúde do Algarve,"Unidade Local de Saúde do Algarve, EPE","37.024668, -7.928949",2574,3126,82.3
2025-11,Região de Saúde Norte,"Unidade Local de Saúde do Alto Ave, EPE","41.488574, -8.338685",5243,6270,83.6
2025-11,Região de Saúde do Alentejo,"Unidade Local de Saúde do Litoral Alentejano, EPE","38.039936, -8.731693",2743,2895,94.7
2025-11,Região de Saúde Norte,"Unidade Local de Saúde do Nordeste, EPE","41.802452, -6.768198",2640,3074,85.9
2024-12,Região de Saúde do Centro,"Unidade Local de Saúde da Região de Aveiro, EPE","40.636332, -8.654388",5197,5927,87.7
2024-12,Região de Saúde do Centro,"Unidade Local de Saúde da Região de Leiria, EPE","39.7418, -8.79444",7258,7745,93.7
2024-12,Região de Saúde LVT,"Unidade Local de Saúde de Loures-Odivelas, EPE","38.821769, -9.176301",3335,3853,86.6
2024-12,Região de Saúde LVT,"Unidade Local de Saúde de São José, EPE","38.7169, -9.13654",9689,10336,93.7
2024-12,Região de Saúde Norte,"Unidade Local de Saúde de Vila Nova de Gaia/Espinho, EPE","41.1254463195801, -8.0",8677,10214,85.0
2024-12,Região de Saúde do Alentejo,"Unidade Local de Saúde do Alentejo Central, EPE","38.568838, -7.903064",3066,3518,87.2
2024-12,Região de Saúde do Centro,"Unidade Local de Saúde do Baixo Mondego, EPE","40.130297609, -8.8606",3495,3628,96.3
2025-12,Região de Saúde do Centro,"Instituto Português Oncologia  F. Gentil - Centro, E.P.E.","40.217, -8.40991",49,348,14.1
2025-12,Região de Saúde do Centro,"Unidade Local de Saúde da Guarda, EPE","40.5309943471486, -7.0",739,876,84.4
2025-12,Região de Saúde Norte,"Unidade Local de Saúde da Póvoa de Varzim/Vila do Conde, EPE","41.383183, -8.758784",1426,1949,73.2
2025-12,Região de Saúde LVT,"Unidade Local de Saúde de Amadora/Sintra, EPE","38.7436332060551, -9.0",5571,6235,89.4
2025-12,Região de Saúde LVT,"Unidade Local de Saúde de Loures-Odivelas, EPE","38.821769, -9.176301",3217,3664,87.8
2025-12,Região de Saúde Norte,"Unidade Local de Saúde de Matosinhos, EPE","41.181859, -8.663374",2838,2864,99.1
2025-12,Região de Saúde LVT,"Unidade Local de Saúde de São José, EPE","38.7169, -9.13654",7156,7616,94.0
2025-12,Região de Saúde Norte,"Unidade Local de Saúde de Vila Nova de Gaia/Espinho, EPE","41.1254463195801, -8.0",7551,8923,84.6
2025-12,Região de Saúde do Alentejo,"Unidade Local de Saúde do Baixo Alentejo, EPE","38.0146, -7.86863",1332,1659,80.3
2025-12,Região de Saúde LVT,"Unidade Local de Saúde do Estuário do Tejo, EPE","38.977344, -8.984882",3593,3851,93.3
2025-12,Região de Saúde Norte,"Unidade Local de Saúde do Médio Ave, EPE","41.3422317504883, -8.0",2425,2896,83.7
2013-01,Região de Saúde do Alentejo,"Unidade Local de Saúde do Litoral Alentejano, EPE","38.0162314, -8.6956768",97,118,82.2
2013-01,Região de Saúde do Centro,Hospital Arcebispo João Crisóstomo,"40.3470015, -8.5933462",54,54,100.0
2013-01,Região de Saúde do Centro,Hospital Dr. Francisco Zagalo,"40.8571967, -8.6318023",49,56,87.5
2013-01,Região de Saúde Norte,"Centro Hospitalar do Médio Ave, EPE","41.3423984, -8.4802503",159,239,66.5
2013-01,Região de Saúde Norte,"Centro Hospitalar Entre Douro e Vouga, EPE","40.9293884, -8.5458794",286,377,75.9
2013-01,Região de Saúde Norte,"Centro Hospitalar Trás-os-Montes e Alto Douro, EPE","41.3031784, -7.7515252",0,29,0.0
2013-01,Região de Saúde Norte,"Hospital de Braga, PPP","41.56785, -8.398982",504,640,78.8
2013-01,Região de Saúde Norte,"Instituto Português Oncologia do Porto, EPE","41.1785642, -8.6062881",100,127,78.7
2013-02,Região de Saúde do Centro,"Centro Hospitalar de Leiria, EPE","39.7414812, -8.7982706",537,776,69.2
2013-02,Região de Saúde do Centro,"Centro Hospitalar Tondela-Viseu, EPE","40.516364, -8.0827433",748,891,84.0
2013-02,Região de Saúde do Centro,"Unidade Local de Saúde da Guarda, EPE","40.5309916, -7.2734793",189,254,74.4
2013-02,Região de Saúde LVT,"Centro Hospitalar Médio Tejo, EPE","39.478072, -8.5404429",286,405,70.6
2013-02,Região de Saúde LVT,"Hospital de Cascais, PPP","38.729006, -9.418267",275,330,83.3
2013-02,Região de Saúde Norte,"Centro Hospitalar do Médio Ave, EPE","41.3423984, -8.4802503",291,432,67.4
2013-02,Região de Saúde Norte,"Unidade Local de Saúde de Matosinhos, EPE","41.1794456, -8.6745115",508,672,75.6
2013-03,Região de Saúde do Centro,Centro Medicina de Reabilitação da Região Centro Rovisco Pais,"40.297919, -8.7707806",0,0,
2013-03,Região de Saúde do Centro,Hospital Arcebispo João Crisóstomo,"40.3470015, -8.5933462",161,161,100.0
2013-03,Região de Saúde do Centro,Hospital Dr. Francisco Zagalo,"40.8571967, -8.6318023",197,228,86.4
2013-03,Região de Saúde do Centro,"Instituto Português Oncologia de Coimbra, EPE","40.2162514, -8.4103814",9,78,11.5
2013-03,Região de Saúde LVT,"Centro Hospitalar Barreiro/Montijo, EPE","38.6554005, -9.0592392",300,378,79.4
2013-03,Região de Saúde LVT,"Centro Hospitalar Universitário Lisboa Central, EPE","38.7166948, -9.1371248",1666,2083,80.0
2013-03,Região de Saúde LVT,"Centro Hospitalar Universitário de Lisboa Norte, EPE","38.7500861, -9.1616116",655,1077,60.8
2013-03,Região de Saúde LVT,"Hospital de Cascais, PPP","38.729006, -9.418267",403,480,84.0
2013-03,Região de Saúde LVT,"Hospital de Loures, PPP","38.821455, -9.176296",575,714,80.5
2013-03,Região de Saúde LVT,"Instituto Português Oncologia de Lisboa, EPE","38.7396768, -9.1634516",35,80,43.8
2013-03,Região de Saúde Norte,"Centro Hospitalar do Alto Ave, EPE","41.4387173, -8.3086907",746,946,78.9
2013-03,Região de Saúde Norte,"Centro Hospitalar Trás-os-Montes e Alto Douro, EPE","41.3031784, -7.7515252",2,74,2.7
2013-03,Região de Saúde Norte,"Unidade Local de Saúde do Alto Minho, EPE","41.7056054, -8.8252713",1071,1304,82.1
2013-04,Região de Saúde do Alentejo,"Unidade Local de Saúde do Baixo Alentejo, EPE","38.014123, -7.8721227",455,600,75.8
2013-04,Região de Saúde do Alentejo,"Unidade Local de Saúde do Norte Alentejano, EPE","39.3003425, -7.4263845",247,399,61.9
2013-04,Região de Saúde do Centro,"Centro Hospitalar Universitário Cova da Beira, EPE","40.2804158, -7.4922407",102,266,38.3
2013-04,Região de Saúde LVT,"Centro Hospitalar Universitário Lisboa Central, EPE","38.7166948, -9.1371248",2271,2814,80.7
2013-04,Região de Saúde LVT,"Hospital de Cascais, PPP","38.729006, -9.418267",519,624,83.2
2013-04,Região de Saúde LVT,"Hospital Professor Doutor Fernando Fonseca, EPE","38.7422257, -9.2264834",1103,1815,60.8
2013-04,Região de Saúde LVT,"Instituto Português Oncologia de Lisboa, EPE","38.7396768, -9.1634516",46,108,42.6
2013-04,Região de Saúde Norte,"Centro Hospitalar Universitário de São João, EPE","41.1831056, -8.6010558",2396,3145,76.2
2013-04,Região de Saúde Norte,"Centro Hospitalar do Médio Ave, EPE","41.3423984, -8.4802503",583,864,67.5
2013-04,Região de Saúde Norte,"Centro Hospitalar Póvoa de Varzim/Vila do Conde, EPE","41.3828711, -8.7589945",181,327,55.4
2013-05,Região de Saúde do Alentejo,"Unidade Local de Saúde do Norte Alentejano, EPE","39.3003425, -7.4263845",269,461,58.4
2013-05,Região de Saúde do Algarve,"Centro Hospitalar Universitário do Algarve, EPE","37.0238973, -7.9281554",1289,1601,80.5
2013-05,Região de Saúde do Centro,"Centro Hospitalar e Universitário de Coimbra, EPE","40.2191523, -8.4098211",2704,3593,75.3
2013-05,Região de Saúde do Centro,"Hospital Distrital da Figueira da Foz, EPE","40.117897, -8.8586755",402,610,65.9
2013-05,Região de Saúde LVT,Instituto Gama Pinto,"38.7218793, -9.144249",871,871,100.0
2013-05,Região de Saúde LVT,"Instituto Português Oncologia de Lisboa, EPE","38.7396768, -9.1634516",57,138,41.3
2013-05,Região de Saúde Norte,"Centro Hospitalar Universitário do Porto, EPE","41.1472498, -8.6172617",2556,3158,80.9
2013-05,Região de Saúde Norte,"Centro Hospitalar Entre Douro e Vouga, EPE","40.9293884, -8.5458794",1613,2220,72.7
2013-05,Região de Saúde Norte,"Centro Hospitalar Póvoa de Varzim/Vila do Conde, EPE","41.3828711, -8.7589945",239,428,55.8
2013-05,Região de Saúde Norte,"Unidade Local de Saúde do Nordeste, EPE","41.8056532, -6.7888197",787,1090,72.2
2013-06,Região de Saúde do Centro,"Centro Hospitalar Universitário Cova da Beira, EPE","40.2804158, -7.4922407",179,404,44.3
2013-06,Região de Saúde do Centro,"Centro Hospitalar de Leiria, EPE","39.7414812, -8.7982706",1880,2745,68.5
2013-06,Região de Saúde do Centro,Hospital Arcebispo João Crisóstomo,"40.3470015, -8.5933462",357,357,100.0
2013-06,Região de Saúde LVT,"Centro Hospitalar Médio Tejo, EPE","39.478072, -8.5404429",896,1327,67.5
2013-06,Região de Saúde LVT,Instituto Gama Pinto,"38.7218793, -9.144249",984,984,100.0
2013-06,Região de Saúde LVT,"Instituto Português Oncologia de Lisboa, EPE","38.7396768, -9.1634516",71,160,44.4
2013-06,Região de Saúde Norte,"Centro Hospitalar do Alto Ave, EPE","41.4387173, -8.3086907",1430,1844,77.5
2013-06,Região de Saúde Norte,"Centro Hospitalar Tâmega e Sousa, EPE","41.2494561, -8.264901",1345,1942,69.3
2013-07,Região de Saúde do Alentejo,"Unidade Local de Saúde do Litoral Alentejano, EPE","38.0162314, -8.6956768",520,678,76.7
2013-07,Região de Saúde do Centro,"Centro Hospitalar e Universitário de Coimbra, EPE","40.2191523, -8.4098211",3656,4822,75.8
2013-07,Região de Saúde do Centro,Hospital Dr. Francisco Zagalo,"40.8571967, -8.6318023",491,552,88.9
2013-07,Região de Saúde do Centro,"Instituto Português Oncologia de Coimbra, EPE","40.2162514, -8.4103814",17,171,9.9
2013-07,Região de Saúde LVT,"Centro Hospitalar de Setúbal, EPE","38.5283754, -8.8818638",704,1089,64.6
2013-07,Região de Saúde LVT,Centro Hospitalar Psiquiátrico de Lisboa,"38.7569771, -9.1460705",0,0,
2013-07,Região de Saúde LVT,"Hospital Distrital de Santarém, EPE","39.2410946, -8.6937515",846,1159,73.0
2013-07,Região de Saúde LVT,"Instituto Português Oncologia de Lisboa, EPE","38.7396768, -9.1634516",85,195,43.6
2013-07,Região de Saúde Norte,"Hospital Santa Maria Maior, EPE","41.5324234, -8.6171561",605,808,74.9
2013-07,Região de Saúde Norte,"Unidade Local de Saúde do Alto Minho, EPE","41.7056054, -8.8252713",2223,2746,81.0
2013-08,Região de Saúde do Centro,Hospital Dr. Francisco Zagalo,"40.8571967, -8.6318023",491,552,88.9
2013-08,Região de Saúde LVT,"Centro Hospitalar Barreiro/Montijo, EPE","38.6554005, -9.0592392",724,985,73.5
2013-08,Região de Saúde LVT,"Centro Hospitalar de Lisboa Ocidental, EPE","38.708454, -9.216985",1387,1886,73.5
2013-08,Região de Saúde LVT,"Hospital de Loures, PPP","38.821455, -9.176296",1736,2081,83.4
2013-08,Região de Saúde LVT,"Hospital Garcia de Orta, EPE","38.6658713, -9.1822554",1514,1897,79.8
2013-08,Região de Saúde Norte,"Centro Hospitalar do Alto Ave, EPE","41.4387173, -8.3086907",1715,2203,77.8
2013-08,Região de Saúde Norte,"Centro Hospitalar Universitário do Porto, EPE","41.1472498, -8.6172617",3727,4547,82.0
2013-08,Região de Saúde Norte,"Centro Hospitalar Entre Douro e Vouga, EPE","40.9293884, -8.5458794",2542,3480,73.0
2013-08,Região de Saúde Norte,"Instituto Português Oncologia do Porto, EPE","41.1785642, -8.6062881",709,1020,69.5
2013-09,Região de Saúde do Alentejo,"Unidade Local de Saúde do Litoral Alentejano, EPE","38.0162314, -8.6956768",714,903,79.1
2013-09,Região de Saúde do Centro,"Centro Hospitalar de Leiria, EPE","39.7414812, -8.7982706",2633,3828,68.8
2013-09,Região de Saúde do Centro,"Hospital Distrital da Figueira da Foz, EPE","40.117897, -8.8586755",609,936,65.1
2013-09,Região de Saúde do Centro,"Instituto Português Oncologia de Coimbra, EPE","40.2162514, -8.4103814",24,213,11.3
2013-09,Região de Saúde do Centro,"Unidade Local de Saúde de Castelo Branco, EPE","39.8212263, -7.4981271",451,713,63.3
2013-09,Região de Saúde LVT,"Centro Hospitalar Universitário de Lisboa Norte, EPE","38.7500861, -9.1616116",1742,2904,60.0
2013-09,Região de Saúde LVT,"Hospital de Cascais, PPP","38.729006, -9.418267",1070,1300,82.3
2013-09,Região de Saúde Norte,"Centro Hospitalar do Médio Ave, EPE","41.3423984, -8.4802503",1239,1840,67.3
2013-09,Região de Saúde Norte,"Unidade Local de Saúde do Nordeste, EPE","41.8056532, -6.7888197",1333,1817,73.4
2013-10,Região de Saúde do Centro,"Centro Hospitalar e Universitário de Coimbra, EPE","40.2191523, -8.4098211",4937,6521,75.7
2013-10,Região de Saúde do Centro,"Hospital Distrital da Figueira da Foz, EPE","40.117897, -8.8586755",713,1079,66.1
2013-10,Região de Saúde do Centro,Hospital José Luciano de Castro,"40.4422767, -8.4438729",193,193,100.0
2013-10,Região de Saúde do Centro,"Instituto Português Oncologia de Coimbra, EPE","40.2162514, -8.4103814",26,238,10.9
2013-10,Região de Saúde LVT,"Centro Hospitalar Universitário Lisboa Central, EPE","38.7166948, -9.1371248",5258,6482,81.1
2013-10,Região de Saúde LVT,Centro Hospitalar Psiquiátrico de Lisboa,"38.7569771, -9.1460705",0,0,
2013-10,Região de Saúde LVT,Instituto Gama Pinto,"38.7218793, -9.144249",1581,1581,100.0
2013-10,Região de Saúde Norte,"Centro Hospitalar Universitário de São João, EPE","41.1831056, -8.6010558",4810,6516,73.8
2013-10,Região de Saúde Norte,"Centro Hospitalar do Médio Ave, EPE","41.3423984, -8.4802503",1427,2101,67.9
2013-10,Região de Saúde Norte,"Centro Hospitalar Póvoa de Varzim/Vila do Conde, EPE","41.3828711, -8.7589945",512,951,53.8
2013-11,Região de Saúde do Alentejo,"Hospital Espírito Santo de Évora, EPE","38.5684861, -7.9032848",2022,2678,75.5
2013-11,Região de Saúde do Centro,"Centro Hospitalar Universitário Cova da Beira, EPE","40.2804158, -7.4922407",331,692,47.8
2013-11,Região de Saúde do Centro,"Centro Hospitalar de Leiria, EPE","39.7414812, -8.7982706",3383,4922,68.7
2013-11,Região de Saúde LVT,"Centro Hospitalar Universitário Lisboa Central, EPE","38.7166948, -9.1371248",5718,7065,80.9
2013-11,Região de Saúde LVT,Centro Hospitalar Psiquiátrico de Lisboa,"38.7569771, -9.1460705",0,0,
2013-11,Região de Saúde LVT,"Hospital de Loures, PPP","38.821455, -9.176296",2429,2906,83.6
2013-11,Região de Saúde LVT,"Instituto Português Oncologia de Lisboa, EPE","38.7396768, -9.1634516",117,302,38.7
2013-11,Região de Saúde Norte,"Centro Hospitalar do Alto Ave, EPE","41.4387173, -8.3086907",2460,3155,78.0
2013-11,Região de Saúde Norte,"Unidade Local de Saúde do Nordeste, EPE","41.8056532, -6.7888197",1697,2271,74.7
2013-12,Região de Saúde do Alentejo,"Hospital Espírito Santo de Évora, EPE","38.5684861, -7.9032848",2046,2738,74.7
2013-12,Região de Saúde do Alentejo,"Unidade Local de Saúde do Litoral Alentejano, EPE","38.0162314, -8.6956768",967,1233,78.4
2013-12,Região de Saúde do Alentejo,"Unidade Local de Saúde do Norte Alentejano, EPE","39.3003425, -7.4263845",804,1209,66.5
2013-12,Região de Saúde do Centro,"Centro Hospitalar Tondela-Viseu, EPE","40.516364, -8.0827433",4050,4691,86.3
2013-12,Região de Saúde do Centro,"Instituto Português Oncologia de Coimbra, EPE","40.2162514, -8.4103814",29,308,9.4
2013-12,Região de Saúde LVT,"Centro Hospitalar Universitário Lisboa Central, EPE","38.7166948, -9.1371248",6076,7524,80.8
2013-12,Região de Saúde LVT,Centro Hospitalar do Oeste,"39.4054629, -9.1258493",769,1424,54.0
2013-12,Região de Saúde LVT,Centro Hospitalar Psiquiátrico de Lisboa,"38.7569771, -9.1460705",0,0,
2013-12,Região de Saúde Norte,"Centro Hospitalar do Médio Ave, EPE","41.3423984, -8.4802503",1758,2589,67.9
2013-12,Região de Saúde Norte,"Centro Hospitalar Entre Douro e Vouga, EPE","40.9293884, -8.5458794",3873,5197,74.5
2013-12,Região de Saúde Norte,"Hospital de Braga, PPP","41.56785, -8.398982",5922,6940,85.3
2013-12,Região de Saúde Norte,"Unidade Local de Saúde de Matosinhos, EPE","41.1794456, -8.6745115",2309,3169,72.9
2014-01,Região de Saúde do Algarve,"Centro Hospitalar Universitário do Algarve, EPE","37.0238973, -7.9281554",207,268,77.2
2014-01,Região de Saúde do Centro,"Centro Hospitalar Universitário Cova da Beira, EPE","40.2804158, -7.4922407",38,83,45.8
2014-01,Região de Saúde do Centro,"Centro Hospitalar Tondela-Viseu, EPE","40.516364, -8.0827433",401,442,90.7
2014-01,Região de Saúde do Centro,Hospital Arcebispo João Crisóstomo,"40.3470015, -8.5933462",82,82,100.0
2014-01,Região de Saúde do Centro,"Hospital Distrital da Figueira da Foz, EPE","40.117897, -8.8586755",112,145,77.2
2014-01,Região de Saúde do Centro,"Instituto Português Oncologia de Coimbra, EPE","40.2162514, -8.4103814",6,27,22.2
2014-01,Região de Saúde LVT,Centro Hospitalar do Oeste,"39.4054629, -9.1258493",116,175,66.3
2014-01,Região de Saúde LVT,"Centro Hospitalar Médio Tejo, EPE","39.478072, -8.5404429",135,189,71.4
2014-01,Região de Saúde LVT,"Hospital de Vila Franca de Xira, PPP","38.977235, -8.984506",171,197,86.8
2014-01,Região de Saúde Norte,"Centro Hospitalar Vila Nova de Gaia/Espinho, EPE","41.1094138, -8.5972617",520,621,83.7
2014-01,Região de Saúde Norte,"Hospital de Braga, PPP","41.56785, -8.398982",499,574,86.9
2014-01,Região de Saúde Norte,"Unidade Local de Saúde do Nordeste, EPE","41.8056532, -6.7888197",190,220,86.4
2014-02,Região de Saúde do Alentejo,"Hospital Espírito Santo de Évora, EPE","38.5684861, -7.9032848",456,575,79.3
2014-02,Região de Saúde do Centro,Centro Medicina de Reabilitação da Região Centro Rovisco Pais,"40.297919, -8.7707806",0,0,
2014-02,Região de Saúde do Centro,Hospital Arcebispo João Crisóstomo,"40.3470015, -8.5933462",137,137,100.0
2014-02,Região de Saúde do Centro,"Instituto Português Oncologia de Coimbra, EPE","40.2162514, -8.4103814",9,47,19.1
2014-02,Região de Saúde do Centro,"Unidade Local de Saúde de Castelo Branco, EPE","39.8212263, -7.4981271",134,187,71.7
2014-02,Região de Saúde LVT,"Centro Hospitalar de Lisboa Ocidental, EPE","38.708454, -9.216985",457,592,77.2
2014-02,Região de Saúde LVT,"Centro Hospitalar Médio Tejo, EPE","39.478072, -8.5404429",297,383,77.5
2014-02,Região de Saúde Norte,"Instituto Português Oncologia do Porto, EPE","41.1785642, -8.6062881",184,207,88.9
2014-02,Região de Saúde Norte,"Unidade Local de Saúde do Alto Minho, EPE","41.7056054, -8.8252713",481,590,81.5
2014-03,Região de Saúde do Alentejo,"Hospital Espírito Santo de Évora, EPE","38.5684861, -7.9032848",703,898,78.3
2014-03,Região de Saúde do Centro,Hospital José Luciano de Castro,"40.4422767, -8.4438729",112,112,100.0
2014-03,Região de Saúde LVT,"Centro Hospitalar Universitário Lisboa Central, EPE","38.7166948, -9.1371248",1614,1978,81.6
2014-03,Região de Saúde LVT,Centro Hospitalar do Oeste,"39.4054629, -9.1258493",319,483,66.0
2014-03,Região de Saúde LVT,"Hospital de Loures, PPP","38.821455, -9.176296",835,961,86.9
2014-03,Região de Saúde LVT,"Hospital de Vila Franca de Xira, PPP","38.977235, -8.984506",656,732,89.6
2014-04,Região de Saúde do Alentejo,"Unidade Local de Saúde do Litoral Alentejano, EPE","38.0162314, -8.6956768",269,356,75.6
2014-04,Região de Saúde do Alentejo,"Unidade Local de Saúde do Norte Alentejano, EPE","39.3003425, -7.4263845",434,609,71.3
2014-04,Região de Saúde do Centro,"Centro Hospitalar Universitário Cova da Beira, EPE","40.2804158, -7.4922407",156,344,45.3
2014-04,Região de Saúde do Centro,"Centro Hospitalar do Baixo Vouga, EPE","40.6362453, -8.6543716",870,1099,79.2
2014-04,Região de Saúde do Centro,"Centro Hospitalar Tondela-Viseu, EPE","40.516364, -8.0827433",1500,1650,90.9
2014-04,Região de Saúde do Centro,Hospital José Luciano de Castro,"40.4422767, -8.4438729",134,134,100.0
2014-04,Região de Saúde do Centro,"Unidade Local de Saúde de Castelo Branco, EPE","39.8212263, -7.4981271",259,375,69.1
2014-04,Região de Saúde LVT,"Centro Hospitalar de Setúbal, EPE","38.5283754, -8.8818638",625,815,76.7
2014-04,Região de Saúde LVT,Centro Hospitalar do Oeste,"39.4054629, -9.1258493",393,605,65.0
2014-04,Região de Saúde LVT,"Hospital de Loures, PPP","38.821455, -9.176296",1103,1272,86.7
2014-04,Região de Saúde LVT,"Instituto Português Oncologia de Lisboa, EPE","38.7396768, -9.1634516",29,118,24.6
2014-04,Região de Saúde Norte,"Centro Hospitalar do Médio Ave, EPE","41.3423984, -8.4802503",622,849,73.3
2014-04,Região de Saúde Norte,"Centro Hospitalar Universitário do Porto, EPE","41.1472498, -8.6172617",2366,2835,83.5
2014-04,Região de Saúde Norte,"Centro Hospitalar Entre Douro e Vouga, EPE","40.9293884, -8.5458794",1570,1941,80.9
2014-04,Região de Saúde Norte,"Centro Hospitalar Póvoa de Varzim/Vila do Conde, EPE","41.3828711, -8.7589945",204,389,52.4
2014-04,Região de Saúde Norte,"Centro Hospitalar Tâmega e Sousa, EPE","41.2494561, -8.264901",1011,1349,74.9
2014-04,Região de Saúde Norte,"Centro Hospitalar Trás-os-Montes e Alto Douro, EPE","41.3031784, -7.7515252",1537,1749,87.9
2014-04,Região de Saúde Norte,"Hospital Santa Maria Maior, EPE","41.5324234, -8.6171561",409,473,86.5
2014-04,Região de Saúde Norte,"Unidade Local de Saúde de Matosinhos, EPE","41.1794456, -8.6745115",1007,1292,77.9
2014-05,Região de Saúde do Centro,"Centro Hospitalar e Universitário de Coimbra, EPE","40.2191523, -8.4098211",2672,3517,76.0
2014-05,Região de Saúde do Centro,Hospital Arcebispo João Crisóstomo,"40.3470015, -8.5933462",318,318,100.0
2014-05,Região de Saúde do Centro,Hospital José Luciano de Castro,"40.4422767, -8.4438729",165,165,100.0
2014-05,Região de Saúde LVT,"Centro Hospitalar Universitário Lisboa Central, EPE","38.7166948, -9.1371248",2537,3126,81.2
2014-05,Região de Saúde LVT,Centro Hospitalar Psiquiátrico de Lisboa,"38.7569771, -9.1460705",0,0,
2014-05,Região de Saúde Norte,"Centro Hospitalar Universitário de São João, EPE","41.1831056, -8.6010558",2711,3636,74.6
2014-05,Região de Saúde Norte,"Unidade Local de Saúde do Alto Minho, EPE","41.7056054, -8.8252713",1301,1585,82.1
2014-06,Região de Saúde do Centro,Centro Medicina de Reabilitação da Região Centro Rovisco Pais,"40.297919, -8.7707806",0,0,
2014-06,Região de Saúde do Centro,Hospital José Luciano de Castro,"40.4422767, -8.4438729",206,206,100.0
2014-06,Região de Saúde LVT,"Centro Hospitalar Barreiro/Montijo, EPE","38.6554005, -9.0592392",754,1001,75.3
2014-06,Região de Saúde LVT,"Centro Hospitalar Universitário Lisboa Central, EPE","38.7166948, -9.1371248",2979,3667,81.2
2014-06,Região de Saúde LVT,Centro Hospitalar do Oeste,"39.4054629, -9.1258493",609,915,66.6
2014-06,Região de Saúde LVT,Centro Hospitalar Psiquiátrico de Lisboa,"38.7569771, -9.1460705",0,0,
2014-06,Região de Saúde LVT,"Hospital de Vila Franca de Xira, PPP","38.977235, -8.984506",1379,1569,87.9
2014-06,Região de Saúde Norte,"Centro Hospitalar do Médio Ave, EPE","41.3423984, -8.4802503",815,1120,72.8
2014-06,Região de Saúde Norte,"Centro Hospitalar Póvoa de Varzim/Vila do Conde, EPE","41.3828711, -8.7589945",327,603,54.2
2014-06,Região de Saúde Norte,"Centro Hospitalar Trás-os-Montes e Alto Douro, EPE","41.3031784, -7.7515252",2180,2467,88.4
2014-06,Região de Saúde Norte,"Hospital de Braga, PPP","41.56785, -8.398982",2937,3419,85.9
2014-07,Região de Saúde do Alentejo,"Unidade Local de Saúde do Litoral Alentejano, EPE","38.0162314, -8.6956768",525,669,78.5
2014-07,Região de Saúde do Alentejo,"Unidade Local de Saúde do Norte Alentejano, EPE","39.3003425, -7.4263845",731,982,74.4
2014-07,Região de Saúde do Centro,"Centro Hospitalar Universitário Cova da Beira, EPE","40.2804158, -7.4922407",260,580,44.8
2014-07,Região de Saúde do Centro,Hospital José Luciano de Castro,"40.4422767, -8.4438729",238,238,100.0
2014-07,Região de Saúde LVT,"Centro Hospitalar de Setúbal, EPE","38.5283754, -8.8818638",1093,1396,78.3
2014-07,Região de Saúde LVT,"Hospital de Loures, PPP","38.821455, -9.176296",1902,2205,86.3
2014-07,Região de Saúde LVT,"Hospital Distrital de Santarém, EPE","39.2410946, -8.6937515",930,1323,70.3
2014-07,Região de Saúde LVT,"Hospital Garcia de Orta, EPE","38.6658713, -9.1822554",1426,1727,82.6
2014-07,Região de Saúde LVT,Instituto Gama Pinto,"38.7218793, -9.144249",1700,1700,100.0
2014-07,Região de Saúde Norte,"Centro Hospitalar Universitário do Porto, EPE","41.1472498, -8.6172617",4061,4898,82.9
2014-07,Região de Saúde Norte,"Centro Hospitalar Vila Nova de Gaia/Espinho, EPE","41.1094138, -8.5972617",3237,3973,81.5
2014-07,Região de Saúde Norte,"Hospital de Braga, PPP","41.56785, -8.398982",3406,3971,85.8
2014-07,Região de Saúde Norte,"Hospital de Magalhães Lemos, EPE","41.1764649, -8.6649823",0,0,
2014-07,Região de Saúde Norte,"Unidade Local de Saúde do Nordeste, EPE","41.8056532, -6.7888197",1224,1453,84.2
2014-08,Região de Saúde do Algarve,"Centro Hospitalar Universitário do Algarve, EPE","37.0238973, -7.9281554",1262,1725,73.2
2014-08,Região de Saúde LVT,"Centro Hospitalar Barreiro/Montijo, EPE","38.6554005, -9.0592392",893,1196,74.7
2014-08,Região de Saúde LVT,"Hospital de Vila Franca de Xira, PPP","38.977235, -8.984506",1915,2179,87.9
2014-08,Região de Saúde LVT,"Hospital Distrital de Santarém, EPE","39.2410946, -8.6937515",1007,1407,71.6
2014-08,Região de Saúde LVT,"Hospital Professor Doutor Fernando Fonseca, EPE","38.7422257, -9.2264834",2097,3316,63.2
2014-08,Região de Saúde LVT,"Instituto Português Oncologia de Lisboa, EPE","38.7396768, -9.1634516",74,292,25.3
2014-08,Região de Saúde Norte,"Centro Hospitalar Tâmega e Sousa, EPE","41.2494561, -8.264901",2031,2733,74.3
2014-08,Região de Saúde Norte,"Hospital Santa Maria Maior, EPE","41.5324234, -8.6171561",683,799,85.5
2014-08,Região de Saúde Norte,"Instituto Português Oncologia do Porto, EPE","41.1785642, -8.6062881",652,747,87.3
2014-09,Região de Saúde do Alentejo,"Unidade Local de Saúde do Baixo Alentejo, EPE","38.014123, -7.8721227",729,890,81.9
2014-09,Região de Saúde do Alentejo,"Unidade Local de Saúde do Litoral Alentejano, EPE","38.0162314, -8.6956768",707,892,79.3
2014-09,Região de Saúde do Centro,"Centro Hospitalar do Baixo Vouga, EPE","40.6362453, -8.6543716",1929,2399,80.4
2014-09,Região de Saúde do Centro,"Centro Hospitalar e Universitário de Coimbra, EPE","40.2191523, -8.4098211",4291,5676,75.6
2014-09,Região de Saúde do Centro,"Hospital Distrital da Figueira da Foz, EPE","40.117897, -8.8586755",998,1393,71.6
2014-09,Região de Saúde do Centro,"Unidade Local de Saúde da Guarda, EPE","40.5309916, -7.2734793",948,1201,78.9
2014-09,Região de Saúde LVT,"Hospital de Cascais, PPP","38.729006, -9.418267",1514,1722,87.9
2014-09,Região de Saúde LVT,"Hospital Garcia de Orta, EPE","38.6658713, -9.1822554",1810,2188,82.7
2014-09,Região de Saúde Norte,"Centro Hospitalar Universitário do Porto, EPE","41.1472498, -8.6172617",4756,5754,82.7
2014-09,Região de Saúde Norte,"Centro Hospitalar Póvoa de Varzim/Vila do Conde, EPE","41.3828711, -8.7589945",405,772,52.5
2014-09,Região de Saúde Norte,"Centro Hospitalar Trás-os-Montes e Alto Douro, EPE","41.3031784, -7.7515252",2965,3356,88.3
2014-09,Região de Saúde Norte,"Hospital de Magalhães Lemos, EPE","41.1764649, -8.6649823",0,0,
2014-09,Região de Saúde Norte,"Hospital Santa Maria Maior, EPE","41.5324234, -8.6171561",745,889,83.8
2014-09,Região de Saúde Norte,"Instituto Português Oncologia do Porto, EPE","41.1785642, -8.6062881",710,827,85.9
2014-10,Região de Saúde do Centro,Hospital Dr. Francisco Zagalo,"40.8571967, -8.6318023",397,470,84.5
2014-10,Região de Saúde do Centro,Hospital José Luciano de Castro,"40.4422767, -8.4438729",341,341,100.0
2014-10,Região de Saúde LVT,"Centro Hospitalar de Setúbal, EPE","38.5283754, -8.8818638",1551,1930,80.4
2014-10,Região de Saúde LVT,"Centro Hospitalar Médio Tejo, EPE","39.478072, -8.5404429",1539,2129,72.3
2014-10,Região de Saúde Norte,"Centro Hospitalar Vila Nova de Gaia/Espinho, EPE","41.1094138, -8.5972617",4356,5347,81.5
2014-10,Região de Saúde Norte,"Hospital de Braga, PPP","41.56785, -8.398982",4989,5801,86.0
2014-11,Região de Saúde do Alentejo,"Unidade Local de Saúde do Baixo Alentejo, EPE","38.014123, -7.8721227",1134,1340,84.6
2014-11,Região de Saúde do Alentejo,"Unidade Local de Saúde do Litoral Alentejano, EPE","38.0162314, -8.6956768",872,1101,79.2
2014-11,Região de Saúde do Centro,"Centro Hospitalar de Leiria, EPE","39.7414812, -8.7982706",3659,4766,76.8
2014-11,Região de Saúde do Centro,Centro Medicina de Reabilitação da Região Centro Rovisco Pais,"40.297919, -8.7707806",0,0,
2014-11,Região de Saúde do Centro,Hospital Arcebispo João Crisóstomo,"40.3470015, -8.5933462",546,546,100.0
2014-11,Região de Saúde do Centro,"Instituto Português Oncologia de Coimbra, EPE","40.2162514, -8.4103814",37,280,13.2
2014-11,Região de Saúde LVT,"Centro Hospitalar de Lisboa Ocidental, EPE","38.708454, -9.216985",2174,2737,79.4
2014-11,Região de Saúde LVT,"Centro Hospitalar Universitário de Lisboa Norte, EPE","38.7500861, -9.1616116",2619,3391,77.2
2014-11,Região de Saúde Norte,"Centro Hospitalar do Alto Ave, EPE","41.4387173, -8.3086907",2375,3113,76.3
2014-11,Região de Saúde Norte,"Hospital de Braga, PPP","41.56785, -8.398982",5413,6328,85.5
2014-11,Região de Saúde Norte,"Unidade Local de Saúde de Matosinhos, EPE","41.1794456, -8.6745115",2602,3386,76.8
2014-12,Região de Saúde do Centro,"Centro Hospitalar Universitário Cova da Beira, EPE","40.2804158, -7.4922407",432,927,46.6
2014-12,Região de Saúde do Centro,"Centro Hospitalar do Baixo Vouga, EPE","40.6362453, -8.6543716",2698,3352,80.5
2014-12,Região de Saúde do Centro,Centro Medicina de Reabilitação da Região Centro Rovisco Pais,"40.297919, -8.7707806",0,0,
2014-12,Região de Saúde LVT,"Centro Hospitalar Universitário de Lisboa Norte, EPE","38.7500861, -9.1616116",2799,3631,77.1
2014-12,Região de Saúde LVT,"Centro Hospitalar Médio Tejo, EPE","39.478072, -8.5404429",1988,2709,73.4
2014-12,Região de Saúde LVT,"Hospital de Loures, PPP","38.821455, -9.176296",3277,3811,86.0
2014-12,Região de Saúde LVT,"Hospital de Vila Franca de Xira, PPP","38.977235, -8.984506",3011,3455,87.1
2014-12,Região de Saúde LVT,"Hospital Professor Doutor Fernando Fonseca, EPE","38.7422257, -9.2264834",3097,5111,60.6
2014-12,Região de Saúde LVT,Instituto Gama Pinto,"38.7218793, -9.144249",2644,2644,100.0
2014-12,Região de Saúde Norte,"Centro Hospitalar do Alto Ave, EPE","41.4387173, -8.3086907",2673,3475,76.9
2014-12,Região de Saúde Norte,"Centro Hospitalar Trás-os-Montes e Alto Douro, EPE","41.3031784, -7.7515252",3865,4389,88.1
2014-12,Região de Saúde Norte,"Hospital de Magalhães Lemos, EPE","41.1764649, -8.6649823",0,0,
2015-01,Região de Saúde do Centro,"Centro Hospitalar Universitário Cova da Beira, EPE","40.2804158, -7.4922407",90,133,67.7
2015-01,Região de Saúde do Centro,"Centro Hospitalar e Universitário de Coimbra, EPE","40.2191523, -8.4098211",724,961,75.3
2015-01,Região de Saúde do Centro,"Hospital Distrital da Figueira da Foz, EPE","40.117897, -8.8586755",144,194,74.2
2015-01,Região de Saúde do Centro,"Instituto Português Oncologia de Coimbra, EPE","40.2162514, -8.4103814",11,41,26.8
2015-01,Região de Saúde LVT,"Centro Hospitalar de Setúbal, EPE","38.5283754, -8.8818638",221,266,83.1
2015-01,Região de Saúde Norte,"Centro Hospitalar Entre Douro e Vouga, EPE","40.9293884, -8.5458794",391,451,86.7
2015-01,Região de Saúde Norte,"Centro Hospitalar Vila Nova de Gaia/Espinho, EPE","41.1094138, -8.5972617",648,754,85.9
2015-01,Região de Saúde Norte,"Hospital da Senhora da Oliveira, Guimarães, EPE","41.4387173, -8.3086907",273,349,78.2
2015-01,Região de Saúde Norte,"Hospital Santa Maria Maior, EPE","41.5324234, -8.6171561",120,140,85.7
2015-02,Região de Saúde do Alentejo,"Hospital Espírito Santo de Évora, EPE","38.5684861, -7.9032848",486,629,77.3
2015-02,Região de Saúde do Alentejo,"Unidade Local de Saúde do Litoral Alentejano, EPE","38.0162314, -8.6956768",142,179,79.3
2015-02,Região de Saúde do Centro,"Centro Hospitalar e Universitário de Coimbra, EPE","40.2191523, -8.4098211",1508,1969,76.6
2015-02,Região de Saúde LVT,"Hospital de Loures, PPP","38.821455, -9.176296",740,864,85.6
2015-02,Região de Saúde LVT,"Hospital de Vila Franca de Xira, PPP","38.977235, -8.984506",611,727,84.0
2015-02,Região de Saúde LVT,"Hospital Garcia de Orta, EPE","38.6658713, -9.1822554",449,539,83.3
2015-02,Região de Saúde Norte,"Centro Hospitalar Entre Douro e Vouga, EPE","40.9293884, -8.5458794",795,948,83.9
2015-02,Região de Saúde Norte,"Centro Hospitalar Tâmega e Sousa, EPE","41.2494561, -8.264901",689,932,73.9
2015-02,Região de Saúde Norte,"Centro Hospitalar Trás-os-Montes e Alto Douro, EPE","41.3031784, -7.7515252",708,841,84.2
2015-02,Região de Saúde Norte,"Centro Hospitalar Vila Nova de Gaia/Espinho, EPE","41.1094138, -8.5972617",1236,1458,84.8
2015-02,Região de Saúde Norte,"Instituto Português Oncologia do Porto, EPE","41.1785642, -8.6062881",204,238,85.7
2015-03,Região de Saúde do Alentejo,"Hospital Espírito Santo de Évora, EPE","38.5684861, -7.9032848",711,959,74.1
2015-03,Região de Saúde do Alentejo,"Unidade Local de Saúde do Litoral Alentejano, EPE","38.0162314, -8.6956768",168,226,74.3
2015-03,Região de Saúde do Centro,"Centro Hospitalar e Universitário de Coimbra, EPE","40.2191523, -8.4098211",2350,3056,76.9
2015-03,Região de Saúde do Centro,Hospital Dr. Francisco Zagalo,"40.8571967, -8.6318023",190,217,87.6
2015-03,Região de Saúde LVT,"Centro Hospitalar Universitário Lisboa Central, EPE","38.7166948, -9.1371248",2352,2768,85.0
2015-03,Região de Saúde LVT,Centro Hospitalar Psiquiátrico de Lisboa,"38.7569771, -9.1460705",0,0,
2015-03,Região de Saúde Norte,"Centro Hospitalar Universitário do Porto, EPE","41.1472498, -8.6172617",1954,2566,76.1
2015-03,Região de Saúde Norte,"Centro Hospitalar Entre Douro e Vouga, EPE","40.9293884, -8.5458794",1245,1515,82.2
2015-03,Região de Saúde Norte,"Centro Hospitalar Trás-os-Montes e Alto Douro, EPE","41.3031784, -7.7515252",1113,1302,85.5
2015-04,Região de Saúde do Alentejo,"Unidade Local de Saúde do Baixo Alentejo, EPE","38.014123, -7.8721227",520,675,77.0
2015-04,Região de Saúde do Alentejo,"Unidade Local de Saúde do Litoral Alentejano, EPE","38.0162314, -8.6956768",194,286,67.8
2015-04,Região de Saúde do Alentejo,"Unidade Local de Saúde do Norte Alentejano, EPE","39.3003425, -7.4263845",510,673,75.8
2015-04,Região de Saúde do Centro,"Centro Hospitalar de Leiria, EPE","39.7414812, -8.7982706",1363,1878,72.6
2015-04,Região de Saúde do Centro,Hospital Arcebispo João Crisóstomo,"40.3470015, -8.5933462",209,209,100.0
2015-04,Região de Saúde do Centro,"Unidade Local de Saúde da Guarda, EPE","40.5309916, -7.2734793",434,544,79.8
2015-04,Região de Saúde LVT,"Centro Hospitalar de Setúbal, EPE","38.5283754, -8.8818638",1001,1189,84.2
2015-04,Região de Saúde LVT,"Centro Hospitalar Universitário de Lisboa Norte, EPE","38.7500861, -9.1616116",1537,2108,72.9
2015-04,Região de Saúde LVT,"Hospital Professor Doutor Fernando Fonseca, EPE","38.7422257, -9.2264834",633,1081,58.6
2015-04,Região de Saúde Norte,"Centro Hospitalar do Médio Ave, EPE","41.3423984, -8.4802503",658,932,70.6
2015-04,Região de Saúde Norte,"Centro Hospitalar Tâmega e Sousa, EPE","41.2494561, -8.264901",1439,1917,75.1
2015-04,Região de Saúde Norte,"Hospital da Senhora da Oliveira, Guimarães, EPE","41.4387173, -8.3086907",1119,1528,73.2
2015-05,Região de Saúde LVT,"Centro Hospitalar Barreiro/Montijo, EPE","38.6554005, -9.0592392",765,1014,75.4
2015-05,Região de Saúde LVT,"Centro Hospitalar de Lisboa Ocidental, EPE","38.708454, -9.216985",1266,1621,78.1
2015-05,Região de Saúde LVT,Centro Hospitalar do Oeste,"39.4054629, -9.1258493",530,697,76.0
2015-05,Região de Saúde Norte,"Centro Hospitalar Universitário de São João, EPE","41.1831056, -8.6010558",3203,4197,76.3
2015-05,Região de Saúde Norte,"Centro Hospitalar Trás-os-Montes e Alto Douro, EPE","41.3031784, -7.7515252",1816,2100,86.5
2015-05,Região de Saúde Norte,"Unidade Local de Saúde do Nordeste, EPE","41.8056532, -6.7888197",1083,1324,81.8
2015-06,Região de Saúde do Alentejo,"Hospital Espírito Santo de Évora, EPE","38.5684861, -7.9032848",1268,1738,73.0
2015-06,Região de Saúde do Alentejo,"Unidade Local de Saúde do Norte Alentejano, EPE","39.3003425, -7.4263845",787,1016,77.5
2015-06,Região de Saúde do Centro,"Centro Hospitalar do Baixo Vouga, EPE","40.6362453, -8.6543716",1990,2493,79.8
2015-06,Região de Saúde do Centro,"Centro Hospitalar e Universitário de Coimbra, EPE","40.2191523, -8.4098211",4480,5862,76.4
2015-06,Região de Saúde do Centro,Centro Medicina de Reabilitação da Região Centro Rovisco Pais,"40.297919, -8.7707806",0,0,
2015-06,Região de Saúde do Centro,Hospital Arcebispo João Crisóstomo,"40.3470015, -8.5933462",383,383,100.0
2015-06,Região de Saúde Norte,"Centro Hospitalar Vila Nova de Gaia/Espinho, EPE","41.1094138, -8.5972617",3490,4262,81.9
2015-07,Região de Saúde do Alentejo,"Unidade Local de Saúde do Litoral Alentejano, EPE","38.0162314, -8.6956768",240,390,61.5
2015-07,Região de Saúde do Algarve,"Centro Hospitalar Universitário do Algarve, EPE","37.0238973, -7.9281554",1524,1940,78.6
2015-07,Região de Saúde do Centro,"Centro Hospitalar Universitário Cova da Beira, EPE","40.2804158, -7.4922407",537,889,60.4
2015-07,Região de Saúde do Centro,"Centro Hospitalar Tondela-Viseu, EPE","40.516364, -8.0827433",3466,3775,91.8
2015-07,Região de Saúde do Centro,Centro Medicina de Reabilitação da Região Centro Rovisco Pais,"40.297919, -8.7707806",0,0,
2015-07,Região de Saúde do Centro,"Instituto Português Oncologia de Coimbra, EPE","40.2162514, -8.4103814",47,226,20.8
2015-07,Região de Saúde LVT,"Centro Hospitalar Barreiro/Montijo, EPE","38.6554005, -9.0592392",1099,1408,78.1
2015-07,Região de Saúde LVT,"Centro Hospitalar Universitário Lisboa Central, EPE","38.7166948, -9.1371248",5046,5913,85.3
2015-07,Região de Saúde LVT,"Centro Hospitalar de Lisboa Ocidental, EPE","38.708454, -9.216985",1700,2183,77.9
2015-07,Região de Saúde LVT,"Centro Hospitalar Universitário de Lisboa Norte, EPE","38.7500861, -9.1616116",2683,3653,73.4
2015-07,Região de Saúde LVT,"Hospital Distrital de Santarém, EPE","39.2410946, -8.6937515",1168,1296,90.1
2015-07,Região de Saúde Norte,"Instituto Português Oncologia do Porto, EPE","41.1785642, -8.6062881",694,850,81.6
2015-07,Região de Saúde Norte,"Unidade Local de Saúde de Matosinhos, EPE","41.1794456, -8.6745115",2552,3196,79.8
2015-07,Região de Saúde Norte,"Unidade Local de Saúde do Alto Minho, EPE","41.7056054, -8.8252713",2465,3034,81.2
2015-08,Região de Saúde do Centro,Hospital Dr. Francisco Zagalo,"40.8571967, -8.6318023",503,571,88.1
2015-08,Região de Saúde LVT,"Centro Hospitalar Universitário Lisboa Central, EPE","38.7166948, -9.1371248",5499,6454,85.2
2015-08,Região de Saúde LVT,"Centro Hospitalar de Lisboa Ocidental, EPE","38.708454, -9.216985",1842,2377,77.5
2015-08,Região de Saúde LVT,Centro Hospitalar do Oeste,"39.4054629, -9.1258493",695,925,75.1
2015-08,Região de Saúde LVT,"Hospital de Vila Franca de Xira, PPP","38.977235, -8.984506",2590,3115,83.1
2015-08,Região de Saúde LVT,"Hospital Distrital de Santarém, EPE","39.2410946, -8.6937515",1236,1375,89.9
2015-08,Região de Saúde LVT,"Instituto Português Oncologia de Lisboa, EPE","38.7396768, -9.1634516",599,804,74.5
2015-08,Região de Saúde Norte,"Centro Hospitalar do Médio Ave, EPE","41.3423984, -8.4802503",1304,1829,71.3
2015-09,Região de Saúde do Centro,"Centro Hospitalar do Baixo Vouga, EPE","40.6362453, -8.6543716",2972,3678,80.8
2015-09,Região de Saúde do Centro,Hospital Arcebispo João Crisóstomo,"40.3470015, -8.5933462",606,606,100.0
2015-09,Região de Saúde do Centro,Hospital Dr. Francisco Zagalo,"40.8571967, -8.6318023",563,642,87.7
2015-09,Região de Saúde do Centro,"Unidade Local de Saúde de Castelo Branco, EPE","39.8212263, -7.4981271",598,983,60.8
2015-09,Região de Saúde LVT,"Centro Hospitalar de Lisboa Ocidental, EPE","38.708454, -9.216985",2106,2699,78.0
2015-09,Região de Saúde LVT,Centro Hospitalar do Oeste,"39.4054629, -9.1258493",720,961,74.9
2015-09,Região de Saúde LVT,"Centro Hospitalar Universitário de Lisboa Norte, EPE","38.7500861, -9.1616116",3304,4494,73.5
2015-09,Região de Saúde Norte,"Centro Hospitalar Vila Nova de Gaia/Espinho, EPE","41.1094138, -8.5972617",5035,6089,82.7
2015-09,Região de Saúde Norte,"Hospital Santa Maria Maior, EPE","41.5324234, -8.6171561",1177,1416,83.1
2015-09,Região de Saúde Norte,"Instituto Português Oncologia do Porto, EPE","41.1785642, -8.6062881",887,1080,82.1
2015-09,Região de Saúde Norte,"Unidade Local de Saúde do Nordeste, EPE","41.8056532, -6.7888197",2211,2613,84.6
2015-10,Região de Saúde do Alentejo,"Unidade Local de Saúde do Baixo Alentejo, EPE","38.014123, -7.8721227",1393,1710,81.5
2015-10,Região de Saúde do Algarve,"Centro Hospitalar Universitário do Algarve, EPE","37.0238973, -7.9281554",2139,2683,79.7
2015-10,Região de Saúde do Centro,"Centro Hospitalar Universitário Cova da Beira, EPE","40.2804158, -7.4922407",703,1164,60.4
2015-10,Região de Saúde do Centro,"Centro Hospitalar e Universitário de Coimbra, EPE","40.2191523, -8.4098211",7293,9477,77.0
2015-10,Região de Saúde do Centro,"Hospital Distrital da Figueira da Foz, EPE","40.117897, -8.8586755",1526,2113,72.2
2015-10,Região de Saúde LVT,"Instituto Português Oncologia de Lisboa, EPE","38.7396768, -9.1634516",793,1092,72.6
2015-10,Região de Saúde Norte,"Centro Hospitalar do Médio Ave, EPE","41.3423984, -8.4802503",1686,2320,72.7
2015-10,Região de Saúde Norte,"Instituto Português Oncologia do Porto, EPE","41.1785642, -8.6062881",1002,1208,82.9
2015-11,Região de Saúde do Alentejo,"Unidade Local de Saúde do Baixo Alentejo, EPE","38.014123, -7.8721227",1551,1895,81.8
2015-11,Região de Saúde do Alentejo,"Unidade Local de Saúde do Litoral Alentejano, EPE","38.0162314, -8.6956768",539,775,69.5
2015-11,Região de Saúde do Alentejo,"Unidade Local de Saúde do Norte Alentejano, EPE","39.3003425, -7.4263845",1394,1825,76.4
2015-11,Região de Saúde do Centro,"Unidade Local de Saúde de Castelo Branco, EPE","39.8212263, -7.4981271",813,1282,63.4
2015-11,Região de Saúde LVT,"Centro Hospitalar Barreiro/Montijo, EPE","38.6554005, -9.0592392",1527,1988,76.8
2015-11,Região de Saúde LVT,"Hospital de Cascais, PPP","38.729006, -9.418267",2132,2488,85.7
2015-11,Região de Saúde LVT,"Hospital de Loures, PPP","38.821455, -9.176296",3957,4721,83.8
2015-11,Região de Saúde LVT,"Hospital Distrital de Santarém, EPE","39.2410946, -8.6937515",1778,1957,90.9
2015-11,Região de Saúde Norte,"Centro Hospitalar Universitário de São João, EPE","41.1831056, -8.6010558",6283,8095,77.6
2015-11,Região de Saúde Norte,"Centro Hospitalar Entre Douro e Vouga, EPE","40.9293884, -8.5458794",4595,6079,75.6
2015-11,Região de Saúde Norte,"Centro Hospitalar Trás-os-Montes e Alto Douro, EPE","41.3031784, -7.7515252",3557,4139,85.9
2015-11,Região de Saúde Norte,"Hospital de Magalhães Lemos, EPE","41.1764649, -8.6649823",0,0,
2015-11,Região de Saúde Norte,"Unidade Local de Saúde de Matosinhos, EPE","41.1794456, -8.6745115",4127,5114,80.7
2015-12,Região de Saúde do Alentejo,"Unidade Local de Saúde do Baixo Alentejo, EPE","38.014123, -7.8721227",1663,2047,81.2
2015-12,Região de Saúde do Centro,"Centro Hospitalar Tondela-Viseu, EPE","40.516364, -8.0827433",5588,6120,91.3
2015-12,Região de Saúde do Centro,"Hospital Distrital da Figueira da Foz, EPE","40.117897, -8.8586755",1850,2566,72.1
2015-12,Região de Saúde do Centro,Hospital Dr. Francisco Zagalo,"40.8571967, -8.6318023",746,857,87.0
2015-12,Região de Saúde LVT,"Centro Hospitalar de Setúbal, EPE","38.5283754, -8.8818638",2859,3388,84.4
2015-12,Região de Saúde LVT,Centro Hospitalar do Oeste,"39.4054629, -9.1258493",749,1021,73.4
2015-12,Região de Saúde LVT,"Hospital de Cascais, PPP","38.729006, -9.418267",2132,2488,85.7
2015-12,Região de Saúde LVT,Instituto Gama Pinto,"38.7218793, -9.144249",2623,2623,100.0
2015-12,Região de Saúde Norte,"Centro Hospitalar Entre Douro e Vouga, EPE","40.9293884, -8.5458794",4874,6474,75.3
2015-12,Região de Saúde Norte,"Centro Hospitalar Tâmega e Sousa, EPE","41.2494561, -8.264901",4824,6250,77.2
2015-12,Região de Saúde Norte,"Unidade Local de Saúde do Alto Minho, EPE","41.7056054, -8.8252713",3987,4947,80.6
2016-01,Região de Saúde do Alentejo,"Unidade Local de Saúde do Litoral Alentejano, EPE","38.0162314, -8.6956768",84,103,81.6
2016-01,Região de Saúde do Centro,"Centro Hospitalar de Leiria, EPE","39.7414812, -8.7982706",315,432,72.9
2016-01,Região de Saúde do Centro,"Unidade Local de Saúde da Guarda, EPE","40.5309916, -7.2734793",171,210,81.4
2016-01,Região de Saúde LVT,Centro Hospitalar do Oeste,"39.4054629, -9.1258493",95,128,74.2
2016-01,Região de Saúde LVT,"Hospital Distrital de Santarém, EPE","39.2410946, -8.6937515",149,164,90.9
2016-01,Região de Saúde LVT,"Hospital Professor Doutor Fernando Fonseca, EPE","38.7422257, -9.2264834",381,511,74.6
2016-01,Região de Saúde LVT,Instituto Gama Pinto,"38.7218793, -9.144249",257,257,100.0
2016-01,Região de Saúde Norte,"Hospital de Magalhães Lemos, EPE","41.1764649, -8.6649823",0,0,
2016-01,Região de Saúde Norte,"Instituto Português Oncologia do Porto, EPE","41.1785642, -8.6062881",107,128,83.6
2016-02,Região de Saúde do Alentejo,"Unidade Local de Saúde do Litoral Alentejano, EPE","38.0162314, -8.6956768",206,254,81.1
2016-02,Região de Saúde do Alentejo,"Unidade Local de Saúde do Norte Alentejano, EPE","39.3003425, -7.4263845",302,360,83.9
2016-02,Região de Saúde do Centro,"Instituto Português Oncologia de Coimbra, EPE","40.2162514, -8.4103814",10,66,15.2
2016-02,Região de Saúde do Centro,"Unidade Local de Saúde da Guarda, EPE","40.5309916, -7.2734793",288,363,79.3
2016-02,Região de Saúde LVT,"Centro Hospitalar de Setúbal, EPE","38.5283754, -8.8818638",467,561,83.2
2016-02,Região de Saúde LVT,Centro Hospitalar do Oeste,"39.4054629, -9.1258493",214,280,76.4
2016-02,Região de Saúde LVT,Instituto Gama Pinto,"38.7218793, -9.144249",520,520,100.0
2016-02,Região de Saúde Norte,"Centro Hospitalar do Médio Ave, EPE","41.3423984, -8.4802503",342,458,74.7
2016-02,Região de Saúde Norte,"Centro Hospitalar Entre Douro e Vouga, EPE","40.9293884, -8.5458794",621,812,76.5
2016-02,Região de Saúde Norte,"Centro Hospitalar Vila Nova de Gaia/Espinho, EPE","41.1094138, -8.5972617",1192,1495,79.7
2016-03,Região de Saúde do Algarve,"Centro Hospitalar Universitário do Algarve, EPE","37.0238973, -7.9281554",609,734,83.0
2016-03,Região de Saúde do Centro,"Centro Hospitalar Universitário Cova da Beira, EPE","40.2804158, -7.4922407",257,428,60.0
2016-03,Região de Saúde do Centro,Centro Medicina de Reabilitação da Região Centro Rovisco Pais,"40.297919, -8.7707806",0,0,
2016-03,Região de Saúde do Centro,Hospital Dr. Francisco Zagalo,"40.8571967, -8.6318023",178,203,87.7
2016-03,Região de Saúde LVT,"Centro Hospitalar de Lisboa Ocidental, EPE","38.708454, -9.216985",717,917,78.2
2016-03,Região de Saúde LVT,"Centro Hospitalar de Setúbal, EPE","38.5283754, -8.8818638",755,898,84.1
2016-03,Região de Saúde LVT,Centro Hospitalar do Oeste,"39.4054629, -9.1258493",326,436,74.8
2016-03,Região de Saúde LVT,"Centro Hospitalar Médio Tejo, EPE","39.478072, -8.5404429",590,754,78.2
2016-03,Região de Saúde LVT,"Hospital de Loures, PPP","38.821455, -9.176296",904,1095,82.6
2016-03,Região de Saúde LVT,"Hospital Professor Doutor Fernando Fonseca, EPE","38.7422257, -9.2264834",1171,1494,78.4
2016-03,Região de Saúde LVT,Instituto Gama Pinto,"38.7218793, -9.144249",719,719,100.0
2016-03,Região de Saúde Norte,"Hospital Santa Maria Maior, EPE","41.5324234, -8.6171561",389,480,81.0
2016-04,Região de Saúde do Alentejo,"Unidade Local de Saúde do Norte Alentejano, EPE","39.3003425, -7.4263845",622,745,83.5
2016-04,Região de Saúde do Centro,"Centro Hospitalar Tondela-Viseu, EPE","40.516364, -8.0827433",1843,2027,90.9
2016-04,Região de Saúde LVT,"Centro Hospitalar Universitário de Lisboa Norte, EPE","38.7500861, -9.1616116",1746,2341,74.6
2016-04,Região de Saúde LVT,Centro Hospitalar Psiquiátrico de Lisboa,"38.7569771, -9.1460705",0,0,
2016-04,Região de Saúde LVT,"Hospital Professor Doutor Fernando Fonseca, EPE","38.7422257, -9.2264834",1544,1950,79.2
2016-04,Região de Saúde LVT,"Hospital Garcia de Orta, EPE","38.6658713, -9.1822554",1324,1505,88.0
2016-04,Região de Saúde Norte,"Centro Hospitalar do Médio Ave, EPE","41.3423984, -8.4802503",661,904,73.1
2016-04,Região de Saúde Norte,"Unidade Local de Saúde de Matosinhos, EPE","41.1794456, -8.6745115",1176,1481,79.4
2016-04,Região de Saúde Norte,"Unidade Local de Saúde do Alto Minho, EPE","41.7056054, -8.8252713",1326,1628,81.4
2016-05,Região de Saúde do Alentejo,"Unidade Local de Saúde do Baixo Alentejo, EPE","38.014123, -7.8721227",702,875,80.2
2016-05,Região de Saúde do Alentejo,"Unidade Local de Saúde do Litoral Alentejano, EPE","38.0162314, -8.6956768",522,636,82.1
2016-05,Região de Saúde do Centro,Hospital Dr. Francisco Zagalo,"40.8571967, -8.6318023",321,355,90.4
2016-05,Região de Saúde LVT,"Centro Hospitalar Universitário Lisboa Central, EPE","38.7166948, -9.1371248",3323,3920,84.8
2016-05,Região de Saúde LVT,"Hospital de Vila Franca de Xira, PPP","38.977235, -8.984506",1383,1717,80.5
2016-05,Região de Saúde LVT,"Hospital Garcia de Orta, EPE","38.6658713, -9.1822554",1675,1909,87.7
2016-05,Região de Saúde Norte,"Centro Hospitalar Universitário de São João, EPE","41.1831056, -8.6010558",2952,4062,72.7
2016-05,Região de Saúde Norte,"Centro Hospitalar Póvoa de Varzim/Vila do Conde, EPE","41.3828711, -8.7589945",475,716,66.3
2016-05,Região de Saúde Norte,"Centro Hospitalar Vila Nova de Gaia/Espinho, EPE","41.1094138, -8.5972617",2937,3754,78.2
2016-05,Região de Saúde Norte,"Unidade Local de Saúde do Nordeste, EPE","41.8056532, -6.7888197",844,1048,80.5
2016-06,Região de Saúde do Centro,"Centro Hospitalar de Leiria, EPE","39.7414812, -8.7982706",2077,2812,73.9
2016-06,Região de Saúde do Centro,"Centro Hospitalar do Baixo Vouga, EPE","40.6362453, -8.6543716",1784,2210,80.7
2016-06,Região de Saúde LVT,"Centro Hospitalar Barreiro/Montijo, EPE","38.6554005, -9.0592392",905,1252,72.3
2016-06,Região de Saúde LVT,"Centro Hospitalar de Setúbal, EPE","38.5283754, -8.8818638",1531,1818,84.2
2016-06,Região de Saúde LVT,"Hospital de Vila Franca de Xira, PPP","38.977235, -8.984506",1646,2052,80.2
2016-06,Região de Saúde LVT,"Hospital Distrital de Santarém, EPE","39.2410946, -8.6937515",1063,1165,91.2
2016-06,Região de Saúde Norte,"Centro Hospitalar do Médio Ave, EPE","41.3423984, -8.4802503",1091,1432,76.2
2016-06,Região de Saúde Norte,"Centro Hospitalar Vila Nova de Gaia/Espinho, EPE","41.1094138, -8.5972617",3579,4610,77.6
2016-06,Região de Saúde Norte,"Hospital da Senhora da Oliveira, Guimarães, EPE","41.4387173, -8.3086907",1514,2082,72.7
2016-06,Região de Saúde Norte,"Hospital de Magalhães Lemos, EPE","41.1764649, -8.6649823",0,0,
2016-06,Região de Saúde Norte,"Unidade Local de Saúde do Alto Minho, EPE","41.7056054, -8.8252713",2195,2650,82.8
2016-07,Região de Saúde do Alentejo,"Unidade Local de Saúde do Norte Alentejano, EPE","39.3003425, -7.4263845",959,1169,82.0
2016-07,Região de Saúde do Algarve,"Centro Hospitalar Universitário do Algarve, EPE","37.0238973, -7.9281554",1375,1725,79.7
2016-07,Região de Saúde do Centro,"Centro Hospitalar e Universitário de Coimbra, EPE","40.2191523, -8.4098211",5580,7135,78.2
2016-07,Região de Saúde do Centro,"Centro Hospitalar Tondela-Viseu, EPE","40.516364, -8.0827433",3252,3600,90.3
2016-07,Região de Saúde do Centro,"Instituto Português Oncologia de Coimbra, EPE","40.2162514, -8.4103814",44,228,19.3
2016-07,Região de Saúde LVT,"Centro Hospitalar de Setúbal, EPE","38.5283754, -8.8818638",1768,2108,83.9
2016-07,Região de Saúde LVT,"Centro Hospitalar Universitário de Lisboa Norte, EPE","38.7500861, -9.1616116",2892,3875,74.6
2016-07,Região de Saúde LVT,"Hospital de Loures, PPP","38.821455, -9.176296",2211,2620,84.4
2016-07,Região de Saúde LVT,"Hospital Distrital de Santarém, EPE","39.2410946, -8.6937515",1242,1358,91.5
2016-07,Região de Saúde Norte,"Centro Hospitalar Póvoa de Varzim/Vila do Conde, EPE","41.3828711, -8.7589945",676,1046,64.6
2016-07,Região de Saúde Norte,"Hospital da Senhora da Oliveira, Guimarães, EPE","41.4387173, -8.3086907",1742,2417,72.1
2016-07,Região de Saúde Norte,"Hospital de Braga, PPP","41.56785, -8.398982",3739,4548,82.2
2016-07,Região de Saúde Norte,"Unidade Local de Saúde do Nordeste, EPE","41.8056532, -6.7888197",1166,1447,80.6
2016-08,Região de Saúde do Centro,"Centro Hospitalar Tondela-Viseu, EPE","40.516364, -8.0827433",3476,3857,90.1
2016-08,Região de Saúde do Centro,Hospital Dr. Francisco Zagalo,"40.8571967, -8.6318023",501,556,90.1
2016-08,Região de Saúde do Centro,"Unidade Local de Saúde de Castelo Branco, EPE","39.8212263, -7.4981271",664,965,68.8
2016-08,Região de Saúde LVT,"Centro Hospitalar de Setúbal, EPE","38.5283754, -8.8818638",1985,2358,84.2
2016-08,Região de Saúde LVT,"Centro Hospitalar Universitário de Lisboa Norte, EPE","38.7500861, -9.1616116",3173,4246,74.7
2016-08,Região de Saúde LVT,"Centro Hospitalar Médio Tejo, EPE","39.478072, -8.5404429",1650,2135,77.3
2016-08,Região de Saúde LVT,"Hospital de Loures, PPP","38.821455, -9.176296",2523,2997,84.2
2016-08,Região de Saúde LVT,"Hospital de Vila Franca de Xira, PPP","38.977235, -8.984506",2146,2692,79.7
2016-08,Região de Saúde LVT,"Hospital Distrital de Santarém, EPE","39.2410946, -8.6937515",1382,1508,91.6
2016-08,Região de Saúde Norte,"Centro Hospitalar Universitário do Porto, EPE","41.1472498, -8.6172617",5072,6423,79.0
2016-09,Região de Saúde do Centro,"Centro Hospitalar Universitário Cova da Beira, EPE","40.2804158, -7.4922407",821,1291,63.6
2016-09,Região de Saúde do Centro,"Centro Hospitalar de Leiria, EPE","39.7414812, -8.7982706",3043,4078,74.6
2016-09,Região de Saúde do Centro,"Centro Hospitalar do Baixo Vouga, EPE","40.6362453, -8.6543716",2565,3160,81.2
2016-09,Região de Saúde do Centro,Hospital Arcebispo João Crisóstomo,"40.3470015, -8.5933462",530,530,100.0
2016-09,Região de Saúde do Centro,"Hospital Distrital da Figueira da Foz, EPE","40.117897, -8.8586755",1514,2028,74.7
2016-09,Região de Saúde LVT,"Centro Hospitalar Universitário de Lisboa Norte, EPE","38.7500861, -9.1616116",3624,4815,75.3
2016-09,Região de Saúde LVT,"Centro Hospitalar Médio Tejo, EPE","39.478072, -8.5404429",1929,2467,78.2
2016-09,Região de Saúde LVT,"Hospital de Cascais, PPP","38.729006, -9.418267",2158,2444,88.3
2016-09,Região de Saúde LVT,"Hospital de Loures, PPP","38.821455, -9.176296",2806,3356,83.6
2016-09,Região de Saúde LVT,"Hospital de Vila Franca de Xira, PPP","38.977235, -8.984506",2463,3076,80.1
2016-09,Região de Saúde Norte,"Centro Hospitalar Entre Douro e Vouga, EPE","40.9293884, -8.5458794",3454,4388,78.7
2016-10,Região de Saúde do Algarve,"Centro Hospitalar Universitário do Algarve, EPE","37.0238973, -7.9281554",2008,2549,78.8
2016-10,Região de Saúde LVT,"Centro Hospitalar Universitário Lisboa Central, EPE","38.7166948, -9.1371248",6345,7488,84.7
2016-10,Região de Saúde Norte,"Hospital de Braga, PPP","41.56785, -8.398982",5537,6661,83.1
2016-10,Região de Saúde Norte,"Hospital Santa Maria Maior, EPE","41.5324234, -8.6171561",1262,1665,75.8
2016-10,Região de Saúde Norte,"Instituto Português Oncologia do Porto, EPE","41.1785642, -8.6062881",976,1167,83.6
2016-11,Região de Saúde do Alentejo,"Unidade Local de Saúde do Baixo Alentejo, EPE","38.014123, -7.8721227",1590,1948,81.6
2016-11,Região de Saúde do Alentejo,"Unidade Local de Saúde do Litoral Alentejano, EPE","38.0162314, -8.6956768",1171,1411,83.0
2016-11,Região de Saúde do Centro,"Centro Hospitalar de Leiria, EPE","39.7414812, -8.7982706",3840,5067,75.8
2016-11,Região de Saúde do Centro,"Centro Hospitalar Tondela-Viseu, EPE","40.516364, -8.0827433",5011,5509,91.0
2016-11,Região de Saúde do Centro,Centro Medicina de Reabilitação da Região Centro Rovisco Pais,"40.297919, -8.7707806",0,0,
2016-11,Região de Saúde do Centro,Hospital Dr. Francisco Zagalo,"40.8571967, -8.6318023",697,772,90.3
2016-11,Região de Saúde LVT,"Centro Hospitalar Universitário Lisboa Central, EPE","38.7166948, -9.1371248",7196,8453,85.1
2016-11,Região de Saúde LVT,"Hospital de Loures, PPP","38.821455, -9.176296",3429,4107,83.5
2016-11,Região de Saúde LVT,"Instituto Português Oncologia de Lisboa, EPE","38.7396768, -9.1634516",766,1093,70.1
2016-11,Região de Saúde Norte,"Centro Hospitalar Universitário de São João, EPE","41.1831056, -8.6010558",4887,6772,72.2
2016-11,Região de Saúde Norte,"Unidade Local de Saúde do Alto Minho, EPE","41.7056054, -8.8252713",4580,5382,85.1
2016-11,Região de Saúde Norte,"Unidade Local de Saúde do Nordeste, EPE","41.8056532, -6.7888197",1990,2402,82.8
2016-12,Região de Saúde do Alentejo,"Hospital Espírito Santo de Évora, EPE","38.5684861, -7.9032848",2097,2872,73.0
2016-12,Região de Saúde do Alentejo,"Unidade Local de Saúde do Litoral Alentejano, EPE","38.0162314, -8.6956768",1258,1512,83.2
2016-12,Região de Saúde do Alentejo,"Unidade Local de Saúde do Norte Alentejano, EPE","39.3003425, -7.4263845",1490,1850,80.5
2016-12,Região de Saúde do Centro,"Centro Hospitalar Universitário Cova da Beira, EPE","40.2804158, -7.4922407",1044,1671,62.5
2016-12,Região de Saúde do Centro,"Centro Hospitalar Tondela-Viseu, EPE","40.516364, -8.0827433",5389,5918,91.1
2016-12,Região de Saúde do Centro,Centro Medicina de Reabilitação da Região Centro Rovisco Pais,"40.297919, -8.7707806",0,0,
2016-12,Região de Saúde LVT,"Centro Hospitalar Universitário Lisboa Central, EPE","38.7166948, -9.1371248",7834,9205,85.1
2016-12,Região de Saúde LVT,Centro Hospitalar Psiquiátrico de Lisboa,"38.7569771, -9.1460705",0,0,
2016-12,Região de Saúde LVT,"Hospital Professor Doutor Fernando Fonseca, EPE","38.7422257, -9.2264834",4473,5955,75.1
2016-12,Região de Saúde Norte,"Centro Hospitalar Entre Douro e Vouga, EPE","40.9293884, -8.5458794",5163,6459,79.9
2016-12,Região de Saúde Norte,"Unidade Local de Saúde do Nordeste, EPE","41.8056532, -6.7888197",2133,2587,82.5
2017-01,Região de Saúde do Centro,"Centro Hospitalar e Universitário de Coimbra, EPE","40.2191523, -8.4098211",777,1027,75.7
2017-01,Região de Saúde do Centro,Centro Medicina de Reabilitação da Região Centro Rovisco Pais,"40.297919, -8.7707806",0,0,
2017-01,Região de Saúde do Centro,"Hospital Distrital da Figueira da Foz, EPE","40.117897, -8.8586755",182,203,89.7
2017-01,Região de Saúde LVT,"Centro Hospitalar Barreiro/Montijo, EPE","38.6554005, -9.0592392",154,196,78.6
2017-01,Região de Saúde LVT,"Centro Hospitalar Universitário Lisboa Central, EPE","38.7166948, -9.1371248",882,973,90.6
2017-01,Região de Saúde LVT,"Centro Hospitalar de Lisboa Ocidental, EPE","38.708454, -9.216985",259,357,72.5
2017-01,Região de Saúde LVT,"Hospital Distrital de Santarém, EPE","39.2410946, -8.6937515",168,188,89.4
2017-01,Região de Saúde LVT,"Hospital Professor Doutor Fernando Fonseca, EPE","38.7422257, -9.2264834",426,558,76.3
2017-01,Região de Saúde LVT,"Hospital Garcia de Orta, EPE","38.6658713, -9.1822554",420,436,96.3
2017-01,Região de Saúde Norte,"Hospital de Magalhães Lemos, EPE","41.1764649, -8.6649823",0,0,
2017-02,Região de Saúde do Centro,"Centro Hospitalar e Universitário de Coimbra, EPE","40.2191523, -8.4098211",1592,2081,76.5
2017-02,Região de Saúde do Centro,Hospital Arcebispo João Crisóstomo,"40.3470015, -8.5933462",116,116,100.0
2017-02,Região de Saúde LVT,"Centro Hospitalar Médio Tejo, EPE","39.478072, -8.5404429",469,617,76.0
2017-02,Região de Saúde LVT,"Hospital de Vila Franca de Xira, PPP","38.977235, -8.984506",567,694,81.7
2017-02,Região de Saúde LVT,"Hospital Distrital de Santarém, EPE","39.2410946, -8.6937515",400,447,89.5
2017-02,Região de Saúde LVT,"Hospital Professor Doutor Fernando Fonseca, EPE","38.7422257, -9.2264834",830,1121,74.0
2017-02,Região de Saúde LVT,"Instituto Português Oncologia de Lisboa, EPE","38.7396768, -9.1634516",22,120,18.3
2017-02,Região de Saúde Norte,"Centro Hospitalar Vila Nova de Gaia/Espinho, EPE","41.1094138, -8.5972617",1219,1532,79.6
2017-03,Região de Saúde do Alentejo,"Hospital Espírito Santo de Évora, EPE","38.5684861, -7.9032848",777,1061,73.2
2017-03,Região de Saúde do Alentejo,"Unidade Local de Saúde do Litoral Alentejano, EPE","38.0162314, -8.6956768",381,454,83.9
2017-03,Região de Saúde do Alentejo,"Unidade Local de Saúde do Norte Alentejano, EPE","39.3003425, -7.4263845",398,500,79.6
2017-03,Região de Saúde do Centro,Centro Medicina de Reabilitação da Região Centro Rovisco Pais,"40.297919, -8.7707806",0,0,
2017-03,Região de Saúde do Centro,"Hospital Distrital da Figueira da Foz, EPE","40.117897, -8.8586755",606,701,86.4
2017-03,Região de Saúde do Centro,Hospital Dr. Francisco Zagalo,"40.8571967, -8.6318023",210,225,93.3
2017-03,Região de Saúde Norte,"Centro Hospitalar Póvoa de Varzim/Vila do Conde, EPE","41.3828711, -8.7589945",390,580,67.2
2017-03,Região de Saúde Norte,"Centro Hospitalar Vila Nova de Gaia/Espinho, EPE","41.1094138, -8.5972617",1884,2396,78.6
2017-03,Região de Saúde Norte,"Hospital de Magalhães Lemos, EPE","41.1764649, -8.6649823",0,0,
2017-03,Região de Saúde Norte,"Hospital Santa Maria Maior, EPE","41.5324234, -8.6171561",460,615,74.8
2017-04,Região de Saúde do Alentejo,"Unidade Local de Saúde do Norte Alentejano, EPE","39.3003425, -7.4263845",487,620,78.5
2017-04,Região de Saúde do Algarve,"Centro Hospitalar Universitário do Algarve, EPE","37.0238973, -7.9281554",868,1097,79.1
2017-04,Região de Saúde do Centro,Centro Medicina de Reabilitação da Região Centro Rovisco Pais,"40.297919, -8.7707806",0,0,
2017-04,Região de Saúde do Centro,"Hospital Distrital da Figueira da Foz, EPE","40.117897, -8.8586755",791,935,84.6
2017-04,Região de Saúde do Centro,"Instituto Português Oncologia de Coimbra, EPE","40.2162514, -8.4103814",32,160,20.0
2017-04,Região de Saúde LVT,"Centro Hospitalar de Lisboa Ocidental, EPE","38.708454, -9.216985",1132,1496,75.7
2017-04,Região de Saúde LVT,"Centro Hospitalar de Setúbal, EPE","38.5283754, -8.8818638",1064,1304,81.6
2017-04,Região de Saúde LVT,"Hospital Distrital de Santarém, EPE","39.2410946, -8.6937515",756,845,89.5
2017-04,Região de Saúde Norte,"Centro Hospitalar do Médio Ave, EPE","41.3423984, -8.4802503",875,1063,82.3
2017-05,Região de Saúde do Alentejo,"Hospital Espírito Santo de Évora, EPE","38.5684861, -7.9032848",1133,1574,72.0
2017-05,Região de Saúde do Alentejo,"Unidade Local de Saúde do Baixo Alentejo, EPE","38.014123, -7.8721227",801,938,85.4
2017-05,Região de Saúde do Alentejo,"Unidade Local de Saúde do Norte Alentejano, EPE","39.3003425, -7.4263845",607,765,79.3
2017-05,Região de Saúde do Centro,Hospital Arcebispo João Crisóstomo,"40.3470015, -8.5933462",276,276,100.0
2017-05,Região de Saúde do Centro,"Instituto Português Oncologia de Coimbra, EPE","40.2162514, -8.4103814",44,201,21.9
2017-05,Região de Saúde LVT,"Centro Hospitalar Médio Tejo, EPE","39.478072, -8.5404429",1253,1563,80.2
2017-05,Região de Saúde LVT,"Hospital Professor Doutor Fernando Fonseca, EPE","38.7422257, -9.2264834",1921,2584,74.3
2017-05,Região de Saúde LVT,Instituto Gama Pinto,"38.7218793, -9.144249",1537,1537,100.0
2017-05,Região de Saúde Norte,"Hospital da Senhora da Oliveira, Guimarães, EPE","41.4387173, -8.3086907",1561,1902,82.1
2017-06,Região de Saúde do Centro,"Centro Hospitalar e Universitário de Coimbra, EPE","40.2191523, -8.4098211",4782,6161,77.6
2017-06,Região de Saúde LVT,"Centro Hospitalar de Lisboa Ocidental, EPE","38.708454, -9.216985",1683,2210,76.2
2017-06,Região de Saúde LVT,"Hospital de Cascais, PPP","38.729006, -9.418267",1324,1598,82.9
2017-06,Região de Saúde LVT,"Hospital de Vila Franca de Xira, PPP","38.977235, -8.984506",1584,1900,83.4
2017-06,Região de Saúde LVT,"Hospital Professor Doutor Fernando Fonseca, EPE","38.7422257, -9.2264834",2254,3000,75.1
2017-06,Região de Saúde Norte,"Centro Hospitalar Universitário do Porto, EPE","41.1472498, -8.6172617",3716,4678,79.4
2017-06,Região de Saúde Norte,"Instituto Português Oncologia do Porto, EPE","41.1785642, -8.6062881",646,1096,58.9
2017-06,Região de Saúde Norte,"Unidade Local de Saúde de Matosinhos, EPE","41.1794456, -8.6745115",2462,2860,86.1
2017-07,Região de Saúde do Alentejo,"Unidade Local de Saúde do Baixo Alentejo, EPE","38.014123, -7.8721227",1020,1228,83.1
2017-07,Região de Saúde LVT,"Centro Hospitalar Barreiro/Montijo, EPE","38.6554005, -9.0592392",1036,1428,72.5
2017-07,Região de Saúde LVT,"Centro Hospitalar de Setúbal, EPE","38.5283754, -8.8818638",1795,2183,82.2
2017-07,Região de Saúde LVT,Centro Hospitalar do Oeste,"39.4054629, -9.1258493",815,1078,75.6
2017-07,Região de Saúde LVT,"Centro Hospitalar Médio Tejo, EPE","39.478072, -8.5404429",1719,2122,81.0
2017-07,Região de Saúde LVT,Centro Hospitalar Psiquiátrico de Lisboa,"38.7569771, -9.1460705",0,0,
2017-07,Região de Saúde LVT,"Hospital de Vila Franca de Xira, PPP","38.977235, -8.984506",1889,2254,83.8
2017-07,Região de Saúde LVT,Instituto Gama Pinto,"38.7218793, -9.144249",2038,2038,100.0
2017-07,Região de Saúde LVT,"Instituto Português Oncologia de Lisboa, EPE","38.7396768, -9.1634516",88,428,20.6
2017-07,Região de Saúde Norte,"Centro Hospitalar Universitário de São João, EPE","41.1831056, -8.6010558",3763,4944,76.1
2017-07,Região de Saúde Norte,"Centro Hospitalar Tâmega e Sousa, EPE","41.2494561, -8.264901",3341,3982,83.9
2017-07,Região de Saúde Norte,"Centro Hospitalar Trás-os-Montes e Alto Douro, EPE","41.3031784, -7.7515252",3235,3678,88.0
2017-07,Região de Saúde Norte,"Centro Hospitalar Vila Nova de Gaia/Espinho, EPE","41.1094138, -8.5972617",4046,5199,77.8
2017-07,Região de Saúde Norte,"Unidade Local de Saúde de Matosinhos, EPE","41.1794456, -8.6745115",2739,3191,85.8
2017-08,Região de Saúde do Alentejo,"Unidade Local de Saúde do Baixo Alentejo, EPE","38.014123, -7.8721227",1142,1386,82.4
2017-08,Região de Saúde do Algarve,"Centro Hospitalar Universitário do Algarve, EPE","37.0238973, -7.9281554",1613,2053,78.6
2017-08,Região de Saúde do Centro,"Centro Hospitalar Tondela-Viseu, EPE","40.516364, -8.0827433",3453,3692,93.5
2017-08,Região de Saúde do Centro,Hospital Arcebispo João Crisóstomo,"40.3470015, -8.5933462",420,420,100.0
2017-08,Região de Saúde do Centro,"Hospital Distrital da Figueira da Foz, EPE","40.117897, -8.8586755",1461,1770,82.5
2017-08,Região de Saúde do Centro,"Instituto Português Oncologia de Coimbra, EPE","40.2162514, -8.4103814",58,285,20.4
2017-08,Região de Saúde LVT,Centro Hospitalar do Oeste,"39.4054629, -9.1258493",912,1207,75.6
2017-08,Região de Saúde LVT,"Centro Hospitalar Médio Tejo, EPE","39.478072, -8.5404429",1930,2377,81.2
2017-08,Região de Saúde Norte,"Centro Hospitalar Universitário de São João, EPE","41.1831056, -8.6010558",3931,5204,75.5
2017-08,Região de Saúde Norte,"Centro Hospitalar Póvoa de Varzim/Vila do Conde, EPE","41.3828711, -8.7589945",930,1334,69.7
2017-08,Região de Saúde Norte,"Centro Hospitalar Tâmega e Sousa, EPE","41.2494561, -8.264901",3662,4376,83.7
2017-09,Região de Saúde do Centro,"Instituto Português Oncologia de Coimbra, EPE","40.2162514, -8.4103814",67,315,21.3
2017-09,Região de Saúde do Centro,"Unidade Local de Saúde de Castelo Branco, EPE","39.8212263, -7.4981271",781,1066,73.3
2017-09,Região de Saúde LVT,"Centro Hospitalar de Lisboa Ocidental, EPE","38.708454, -9.216985",2347,3057,76.8
2017-09,Região de Saúde LVT,"Centro Hospitalar de Setúbal, EPE","38.5283754, -8.8818638",2223,2688,82.7
2017-09,Região de Saúde LVT,"Hospital de Cascais, PPP","38.729006, -9.418267",1972,2357,83.7
2017-09,Região de Saúde LVT,"Hospital Garcia de Orta, EPE","38.6658713, -9.1822554",3029,3501,86.5
2017-09,Região de Saúde LVT,Instituto Gama Pinto,"38.7218793, -9.144249",2483,2483,100.0
2017-09,Região de Saúde Norte,"Centro Hospitalar Universitário do Porto, EPE","41.1472498, -8.6172617",5141,6403,80.3
2017-09,Região de Saúde Norte,"Hospital de Braga, PPP","41.56785, -8.398982",4946,5767,85.8
2017-10,Região de Saúde do Alentejo,"Unidade Local de Saúde do Litoral Alentejano, EPE","38.0162314, -8.6956768",1137,1319,86.2
2017-10,Região de Saúde do Alentejo,"Unidade Local de Saúde do Norte Alentejano, EPE","39.3003425, -7.4263845",1212,1511,80.2
2017-10,Região de Saúde do Centro,"Centro Hospitalar Universitário Cova da Beira, EPE","40.2804158, -7.4922407",940,1266,74.2
2017-10,Região de Saúde LVT,"Centro Hospitalar Barreiro/Montijo, EPE","38.6554005, -9.0592392",1303,1859,70.1
2017-10,Região de Saúde LVT,"Centro Hospitalar Universitário Lisboa Central, EPE","38.7166948, -9.1371248",7081,8191,86.4
2017-10,Região de Saúde LVT,"Hospital de Cascais, PPP","38.729006, -9.418267",2214,2647,83.6
2017-10,Região de Saúde Norte,"Centro Hospitalar Universitário do Porto, EPE","41.1472498, -8.6172617",5792,7240,80.0
2017-10,Região de Saúde Norte,"Centro Hospitalar Póvoa de Varzim/Vila do Conde, EPE","41.3828711, -8.7589945",1195,1684,71.0
2017-10,Região de Saúde Norte,"Hospital da Senhora da Oliveira, Guimarães, EPE","41.4387173, -8.3086907",3016,3639,82.9
2017-10,Região de Saúde Norte,"Hospital Santa Maria Maior, EPE","41.5324234, -8.6171561",1545,1960,78.8
2017-10,Região de Saúde Norte,"Unidade Local de Saúde do Nordeste, EPE","41.8056532, -6.7888197",1456,1808,80.5
2017-11,Região de Saúde do Alentejo,"Hospital Espírito Santo de Évora, EPE","38.5684861, -7.9032848",1854,2563,72.3
2017-11,Região de Saúde do Alentejo,"Unidade Local de Saúde do Litoral Alentejano, EPE","38.0162314, -8.6956768",1238,1438,86.1
2017-11,Região de Saúde do Alentejo,"Unidade Local de Saúde do Norte Alentejano, EPE","39.3003425, -7.4263845",1349,1684,80.1
2017-11,Região de Saúde do Centro,Hospital Arcebispo João Crisóstomo,"40.3470015, -8.5933462",568,568,100.0
2017-11,Região de Saúde do Centro,Hospital Dr. Francisco Zagalo,"40.8571967, -8.6318023",716,752,95.2
2017-11,Região de Saúde LVT,"Centro Hospitalar de Setúbal, EPE","38.5283754, -8.8818638",2715,3293,82.4
2017-11,Região de Saúde LVT,"Centro Hospitalar Universitário de Lisboa Norte, EPE","38.7500861, -9.1616116",4466,5524,80.8
2017-11,Região de Saúde LVT,"Hospital Professor Doutor Fernando Fonseca, EPE","38.7422257, -9.2264834",3924,5278,74.3
2017-11,Região de Saúde Norte,"Centro Hospitalar Tâmega e Sousa, EPE","41.2494561, -8.264901",5043,6026,83.7
2017-12,Região de Saúde do Alentejo,"Unidade Local de Saúde do Litoral Alentejano, EPE","38.0162314, -8.6956768",1386,1601,86.6
2017-12,Região de Saúde do Alentejo,"Unidade Local de Saúde do Norte Alentejano, EPE","39.3003425, -7.4263845",1397,1760,79.4
2017-12,Região de Saúde do Algarve,"Centro Hospitalar Universitário do Algarve, EPE","37.0238973, -7.9281554",2193,2788,78.7
2017-12,Região de Saúde do Centro,"Centro Hospitalar de Leiria, EPE","39.7414812, -8.7982706",4044,4992,81.0
2017-12,Região de Saúde do Centro,"Centro Hospitalar do Baixo Vouga, EPE","40.6362453, -8.6543716",3327,4013,82.9
2017-12,Região de Saúde do Centro,"Centro Hospitalar e Universitário de Coimbra, EPE","40.2191523, -8.4098211",8712,11183,77.9
2017-12,Região de Saúde do Centro,"Instituto Português Oncologia de Coimbra, EPE","40.2162514, -8.4103814",88,447,19.7
2017-12,Região de Saúde Norte,"Centro Hospitalar Tâmega e Sousa, EPE","41.2494561, -8.264901",5465,6499,84.1
2017-12,Região de Saúde Norte,"Centro Hospitalar Trás-os-Montes e Alto Douro, EPE","41.3031784, -7.7515252",5259,5903,89.1
2017-12,Região de Saúde Norte,"Hospital de Braga, PPP","41.56785, -8.398982",6647,7819,85.0
2017-12,Região de Saúde Norte,"Hospital Santa Maria Maior, EPE","41.5324234, -8.6171561",1897,2369,80.1
2017-12,Região de Saúde Norte,"Instituto Português Oncologia do Porto, EPE","41.1785642, -8.6062881",1200,2116,56.7
2017-12,Região de Saúde Norte,"Unidade Local de Saúde de Matosinhos, EPE","41.1794456, -8.6745115",4494,5239,85.8
2018-01,Região de Saúde do Centro,"Centro Hospitalar Tondela-Viseu, EPE","40.516364, -8.0827433",395,417,94.7
2018-01,Região de Saúde LVT,Centro Hospitalar Psiquiátrico de Lisboa,"38.7569771, -9.1460705",0,0,
2018-01,Região de Saúde LVT,"Hospital de Vila Franca de Xira, PPP","38.977235, -8.984506",306,357,85.7
2018-01,Região de Saúde LVT,"Hospital Professor Doutor Fernando Fonseca, EPE","38.7422257, -9.2264834",453,561,80.7
2018-01,Região de Saúde LVT,"Hospital Garcia de Orta, EPE","38.6658713, -9.1822554",360,403,89.3
2018-01,Região de Saúde Norte,"Centro Hospitalar Trás-os-Montes e Alto Douro, EPE","41.3031784, -7.7515252",374,437,85.6
2018-01,Região de Saúde Norte,"Hospital de Braga, PPP","41.56785, -8.398982",629,724,86.9
2018-01,Região de Saúde Norte,"Hospital de Magalhães Lemos, EPE","41.1764649, -8.6649823",0,0,
2018-01,Região de Saúde Norte,"Unidade Local de Saúde do Nordeste, EPE","41.8056532, -6.7888197",172,216,79.6
2018-02,Região de Saúde do Alentejo,"Unidade Local de Saúde do Baixo Alentejo, EPE","38.014123, -7.8721227",197,284,69.4
2018-02,Região de Saúde do Centro,"Centro Hospitalar e Universitário de Coimbra, EPE","40.2191523, -8.4098211",1543,2015,76.6
2018-02,Região de Saúde do Centro,"Hospital Distrital da Figueira da Foz, EPE","40.117897, -8.8586755",345,417,82.7
2018-02,Região de Saúde do Centro,"Instituto Português Oncologia de Coimbra, EPE","40.2162514, -8.4103814",1,63,1.6
2018-02,Região de Saúde do Centro,"Unidade Local de Saúde da Guarda, EPE","40.5309916, -7.2734793",180,231,77.9
2018-02,Região de Saúde LVT,"Centro Hospitalar Médio Tejo, EPE","39.478072, -8.5404429",580,694,83.6
2018-02,Região de Saúde LVT,"Hospital Distrital de Santarém, EPE","39.2410946, -8.6937515",406,482,84.2
2018-02,Região de Saúde LVT,"Hospital Professor Doutor Fernando Fonseca, EPE","38.7422257, -9.2264834",884,1104,80.1
2018-02,Região de Saúde Norte,"Hospital de Magalhães Lemos, EPE","41.1764649, -8.6649823",0,0,
2018-02,Região de Saúde Norte,"Instituto Português Oncologia do Porto, EPE","41.1785642, -8.6062881",304,464,65.5
2018-02,Região de Saúde Norte,"Unidade Local de Saúde de Matosinhos, EPE","41.1794456, -8.6745115",639,743,86.0
2018-03,Região de Saúde do Alentejo,"Unidade Local de Saúde do Baixo Alentejo, EPE","38.014123, -7.8721227",310,425,72.9
2018-03,Região de Saúde do Centro,Centro Medicina de Reabilitação da Região Centro Rovisco Pais,"40.297919, -8.7707806",0,0,
2018-03,Região de Saúde do Centro,Hospital Arcebispo João Crisóstomo,"40.3470015, -8.5933462",81,81,100.0
2018-03,Região de Saúde do Centro,"Unidade Local de Saúde de Castelo Branco, EPE","39.8212263, -7.4981271",225,324,69.4
2018-03,Região de Saúde LVT,"Centro Hospitalar de Setúbal, EPE","38.5283754, -8.8818638",764,889,85.9
2018-03,Região de Saúde LVT,"Centro Hospitalar Médio Tejo, EPE","39.478072, -8.5404429",827,992,83.4
2018-03,Região de Saúde LVT,Centro Hospitalar Psiquiátrico de Lisboa,"38.7569771, -9.1460705",0,0,
2018-03,Região de Saúde LVT,"Hospital de Loures, PPP","38.821455, -9.176296",1135,1342,84.6
2018-03,Região de Saúde LVT,"Hospital Professor Doutor Fernando Fonseca, EPE","38.7422257, -9.2264834",1339,1716,78.0
2018-03,Região de Saúde Norte,"Hospital da Senhora da Oliveira, Guimarães, EPE","41.4387173, -8.3086907",817,1025,79.7
2018-04,Região de Saúde do Centro,"Centro Hospitalar e Universitário de Coimbra, EPE","40.2191523, -8.4098211",3179,4012,79.2
2018-04,Região de Saúde do Centro,"Centro Hospitalar Tondela-Viseu, EPE","40.516364, -8.0827433",1436,1562,91.9
2018-04,Região de Saúde do Centro,Hospital Arcebispo João Crisóstomo,"40.3470015, -8.5933462",116,116,100.0
2018-04,Região de Saúde do Centro,"Hospital Distrital da Figueira da Foz, EPE","40.117897, -8.8586755",764,888,86.0
2018-04,Região de Saúde LVT,"Centro Hospitalar de Lisboa Ocidental, EPE","38.708454, -9.216985",1241,1592,78.0
2018-04,Região de Saúde LVT,"Hospital de Cascais, PPP","38.729006, -9.418267",803,905,88.7
2018-04,Região de Saúde LVT,"Hospital de Loures, PPP","38.821455, -9.176296",1505,1764,85.3
2018-04,Região de Saúde LVT,Instituto Gama Pinto,"38.7218793, -9.144249",1025,1025,100.0
2018-04,Região de Saúde Norte,"Centro Hospitalar Universitário de São João, EPE","41.1831056, -8.6010558",2705,3343,80.9
2018-04,Região de Saúde Norte,"Centro Hospitalar Tâmega e Sousa, EPE","41.2494561, -8.264901",1948,2198,88.6
2018-04,Região de Saúde Norte,"Hospital de Magalhães Lemos, EPE","41.1764649, -8.6649823",0,0,
2018-04,Região de Saúde Norte,"Instituto Português Oncologia do Porto, EPE","41.1785642, -8.6062881",511,807,63.3
2018-05,Região de Saúde do Centro,"Centro Hospitalar do Baixo Vouga, EPE","40.6362453, -8.6543716",2270,2642,85.9
2018-05,Região de Saúde do Centro,"Centro Hospitalar e Universitário de Coimbra, EPE","40.2191523, -8.4098211",3945,4934,80.0
2018-05,Região de Saúde do Centro,"Hospital Distrital da Figueira da Foz, EPE","40.117897, -8.8586755",954,1102,86.6
2018-05,Região de Saúde do Centro,Hospital Dr. Francisco Zagalo,"40.8571967, -8.6318023",215,230,93.5
2018-05,Região de Saúde LVT,"Centro Hospitalar Universitário Lisboa Central, EPE","38.7166948, -9.1371248",2861,3388,84.4
2018-05,Região de Saúde LVT,Instituto Gama Pinto,"38.7218793, -9.144249",1444,1444,100.0
2018-05,Região de Saúde Norte,"Centro Hospitalar Universitário de São João, EPE","41.1831056, -8.6010558",3292,4078,80.7
2018-05,Região de Saúde Norte,"Centro Hospitalar Póvoa de Varzim/Vila do Conde, EPE","41.3828711, -8.7589945",692,886,78.1
2018-05,Região de Saúde Norte,"Hospital da Senhora da Oliveira, Guimarães, EPE","41.4387173, -8.3086907",1267,1584,80.0
2018-05,Região de Saúde Norte,"Unidade Local de Saúde do Nordeste, EPE","41.8056532, -6.7888197",843,1033,81.6
2018-06,Região de Saúde do Alentejo,"Unidade Local de Saúde do Litoral Alentejano, EPE","38.0162314, -8.6956768",606,688,88.1
2018-06,Região de Saúde do Centro,Hospital Dr. Francisco Zagalo,"40.8571967, -8.6318023",253,273,92.7
2018-06,Região de Saúde LVT,"Centro Hospitalar Barreiro/Montijo, EPE","38.6554005, -9.0592392",795,1113,71.4
2018-06,Região de Saúde LVT,"Centro Hospitalar de Lisboa Ocidental, EPE","38.708454, -9.216985",1874,2387,78.5
2018-06,Região de Saúde LVT,"Centro Hospitalar de Setúbal, EPE","38.5283754, -8.8818638",1518,1772,85.7
2018-06,Região de Saúde LVT,"Centro Hospitalar Universitário de Lisboa Norte, EPE","38.7500861, -9.1616116",2416,2913,82.9
2018-06,Região de Saúde Norte,"Centro Hospitalar do Médio Ave, EPE","41.3423984, -8.4802503",1455,1713,84.9
2018-06,Região de Saúde Norte,"Instituto Português Oncologia do Porto, EPE","41.1785642, -8.6062881",721,1150,62.7
2018-06,Região de Saúde Norte,"Unidade Local de Saúde do Nordeste, EPE","41.8056532, -6.7888197",1059,1298,81.6
2018-07,Região de Saúde do Alentejo,"Unidade Local de Saúde do Litoral Alentejano, EPE","38.0162314, -8.6956768",746,844,88.4
2018-07,Região de Saúde do Algarve,"Centro Hospitalar Universitário do Algarve, EPE","37.0238973, -7.9281554",1281,1585,80.8
2018-07,Região de Saúde do Centro,"Centro Hospitalar do Baixo Vouga, EPE","40.6362453, -8.6543716",3166,3664,86.4
2018-07,Região de Saúde do Centro,Hospital Dr. Francisco Zagalo,"40.8571967, -8.6318023",311,339,91.7
2018-07,Região de Saúde LVT,"Centro Hospitalar Universitário Lisboa Central, EPE","38.7166948, -9.1371248",3907,4643,84.1
2018-07,Região de Saúde LVT,"Centro Hospitalar de Lisboa Ocidental, EPE","38.708454, -9.216985",2147,2723,78.8
2018-07,Região de Saúde LVT,Centro Hospitalar do Oeste,"39.4054629, -9.1258493",1910,2548,75.0
2018-07,Região de Saúde LVT,Centro Hospitalar Psiquiátrico de Lisboa,"38.7569771, -9.1460705",0,0,
2018-07,Região de Saúde Norte,"Centro Hospitalar Vila Nova de Gaia/Espinho, EPE","41.1094138, -8.5972617",3818,4550,83.9
2018-08,Região de Saúde do Alentejo,"Unidade Local de Saúde do Litoral Alentejano, EPE","38.0162314, -8.6956768",788,901,87.5
2018-08,Região de Saúde do Centro,"Centro Hospitalar Tondela-Viseu, EPE","40.516364, -8.0827433",2481,2712,91.5
2018-08,Região de Saúde do Centro,Hospital Arcebispo João Crisóstomo,"40.3470015, -8.5933462",190,190,100.0
2018-08,Região de Saúde do Centro,"Hospital Distrital da Figueira da Foz, EPE","40.117897, -8.8586755",1439,1646,87.4
2018-08,Região de Saúde do Centro,"Unidade Local de Saúde da Guarda, EPE","40.5309916, -7.2734793",704,865,81.4
2018-08,Região de Saúde LVT,"Hospital de Cascais, PPP","38.729006, -9.418267",1874,2086,89.8
2018-08,Região de Saúde LVT,"Hospital de Loures, PPP","38.821455, -9.176296",2972,3453,86.1
2018-08,Região de Saúde LVT,"Instituto Português Oncologia de Lisboa, EPE","38.7396768, -9.1634516",203,678,29.9
2018-08,Região de Saúde Norte,"Centro Hospitalar Tâmega e Sousa, EPE","41.2494561, -8.264901",3580,4136,86.6
2018-08,Região de Saúde Norte,"Hospital de Braga, PPP","41.56785, -8.398982",4476,5314,84.2
2018-09,Região de Saúde do Centro,"Centro Hospitalar de Leiria, EPE","39.7414812, -8.7982706",3286,3722,88.3
2018-09,Região de Saúde LVT,"Centro Hospitalar Universitário Lisboa Central, EPE","38.7166948, -9.1371248",4632,5516,84.0
2018-09,Região de Saúde LVT,"Centro Hospitalar de Setúbal, EPE","38.5283754, -8.8818638",2317,2655,87.3
2018-09,Região de Saúde LVT,"Centro Hospitalar Universitário de Lisboa Norte, EPE","38.7500861, -9.1616116",3348,4034,83.0
2018-09,Região de Saúde LVT,"Instituto Português Oncologia de Lisboa, EPE","38.7396768, -9.1634516",240,766,31.3
2018-09,Região de Saúde Norte,"Centro Hospitalar do Médio Ave, EPE","41.3423984, -8.4802503",2002,2367,84.6
2018-09,Região de Saúde Norte,"Centro Hospitalar Entre Douro e Vouga, EPE","40.9293884, -8.5458794",4335,5061,85.7
2018-09,Região de Saúde Norte,"Centro Hospitalar Tâmega e Sousa, EPE","41.2494561, -8.264901",4046,4694,86.2
2018-09,Região de Saúde Norte,"Centro Hospitalar Vila Nova de Gaia/Espinho, EPE","41.1094138, -8.5972617",4751,5637,84.3
2018-10,Região de Saúde do Centro,"Centro Hospitalar Universitário Cova da Beira, EPE","40.2804158, -7.4922407",996,1354,73.6
2018-10,Região de Saúde do Centro,"Centro Hospitalar do Baixo Vouga, EPE","40.6362453, -8.6543716",4005,4691,85.4
2018-10,Região de Saúde do Centro,"Centro Hospitalar Tondela-Viseu, EPE","40.516364, -8.0827433",3289,3576,92.0
2018-10,Região de Saúde do Centro,"Instituto Português Oncologia de Coimbra, EPE","40.2162514, -8.4103814",24,290,8.3
2018-10,Região de Saúde do Centro,"Unidade Local de Saúde de Castelo Branco, EPE","39.8212263, -7.4981271",789,1149,68.7
2018-10,Região de Saúde LVT,"Centro Hospitalar Barreiro/Montijo, EPE","38.6554005, -9.0592392",1285,1753,73.3
2018-10,Região de Saúde LVT,"Centro Hospitalar Universitário Lisboa Central, EPE","38.7166948, -9.1371248",5125,6099,84.0
2018-10,Região de Saúde LVT,"Centro Hospitalar de Setúbal, EPE","38.5283754, -8.8818638",2725,3088,88.2
2018-10,Região de Saúde LVT,Centro Hospitalar do Oeste,"39.4054629, -9.1258493",2636,3506,75.2
2018-10,Região de Saúde LVT,"Hospital de Loures, PPP","38.821455, -9.176296",3631,4255,85.3
2018-10,Região de Saúde LVT,"Hospital de Vila Franca de Xira, PPP","38.977235, -8.984506",2951,3457,85.4
2018-10,Região de Saúde LVT,Instituto Gama Pinto,"38.7218793, -9.144249",3350,3350,100.0
2018-10,Região de Saúde Norte,"Centro Hospitalar Vila Nova de Gaia/Espinho, EPE","41.1094138, -8.5972617",5385,6366,84.6
2018-10,Região de Saúde Norte,"Hospital de Braga, PPP","41.56785, -8.398982",5499,6516,84.4
2018-11,Região de Saúde do Centro,"Centro Hospitalar do Baixo Vouga, EPE","40.6362453, -8.6543716",4608,5414,85.1
2018-11,Região de Saúde do Centro,"Unidade Local de Saúde da Guarda, EPE","40.5309916, -7.2734793",1032,1224,84.3
2018-11,Região de Saúde LVT,"Centro Hospitalar Barreiro/Montijo, EPE","38.6554005, -9.0592392",1495,2041,73.2
2018-11,Região de Saúde LVT,"Centro Hospitalar Médio Tejo, EPE","39.478072, -8.5404429",3035,3577,84.8
2018-11,Região de Saúde LVT,"Hospital Distrital de Santarém, EPE","39.2410946, -8.6937515",1874,2309,81.2
2018-11,Região de Saúde LVT,"Hospital Garcia de Orta, EPE","38.6658713, -9.1822554",3855,4277,90.1
2018-11,Região de Saúde Norte,"Centro Hospitalar Trás-os-Montes e Alto Douro, EPE","41.3031784, -7.7515252",3517,4024,87.4
2018-11,Região de Saúde Norte,"Centro Hospitalar Vila Nova de Gaia/Espinho, EPE","41.1094138, -8.5972617",5956,7067,84.3
2018-11,Região de Saúde Norte,"Hospital Santa Maria Maior, EPE","41.5324234, -8.6171561",2462,2825,87.2
2018-11,Região de Saúde Norte,"Unidade Local de Saúde de Matosinhos, EPE","41.1794456, -8.6745115",3944,4524,87.2
2018-12,Região de Saúde do Alentejo,"Unidade Local de Saúde do Litoral Alentejano, EPE","38.0162314, -8.6956768",1151,1328,86.7
2018-12,Região de Saúde do Centro,Centro Medicina de Reabilitação da Região Centro Rovisco Pais,"40.297919, -8.7707806",0,0,
2018-12,Região de Saúde do Centro,"Hospital Distrital da Figueira da Foz, EPE","40.117897, -8.8586755",2173,2492,87.2
2018-12,Região de Saúde do Centro,"Unidade Local de Saúde da Guarda, EPE","40.5309916, -7.2734793",1109,1324,83.8
2018-12,Região de Saúde LVT,"Centro Hospitalar Universitário Lisboa Central, EPE","38.7166948, -9.1371248",6067,7238,83.8
2018-12,Região de Saúde LVT,"Hospital Garcia de Orta, EPE","38.6658713, -9.1822554",4310,4765,90.5
2018-12,Região de Saúde LVT,"Instituto Português Oncologia de Lisboa, EPE","38.7396768, -9.1634516",349,1035,33.7
2019-01,Região de Saúde do Alentejo,"Unidade Local de Saúde do Baixo Alentejo, EPE","38.014123, -7.8721227",125,160,78.1
2019-01,Região de Saúde do Centro,"Centro Hospitalar do Baixo Vouga, EPE","40.6362453, -8.6543716",358,460,77.8
2019-01,Região de Saúde do Centro,"Instituto Português Oncologia de Coimbra, EPE","40.2162514, -8.4103814",4,34,11.8
2019-01,Região de Saúde LVT,"Centro Hospitalar Universitário de Lisboa Norte, EPE","38.7500861, -9.1616116",363,437,83.1
2019-01,Região de Saúde LVT,"Hospital de Loures, PPP","38.821455, -9.176296",353,414,85.3
2019-01,Região de Saúde Norte,"Centro Hospitalar Entre Douro e Vouga, EPE","40.9293884, -8.5458794",397,468,84.8
2019-01,Região de Saúde Norte,"Unidade Local de Saúde do Nordeste, EPE","41.8056532, -6.7888197",118,159,74.2
2019-02,Região de Saúde do Alentejo,"Unidade Local de Saúde do Baixo Alentejo, EPE","38.014123, -7.8721227",262,334,78.4
2019-02,Região de Saúde do Alentejo,"Unidade Local de Saúde do Norte Alentejano, EPE","39.3003425, -7.4263845",253,297,85.2
2019-02,Região de Saúde do Centro,"Centro Hospitalar Universitário Cova da Beira, EPE","40.2804158, -7.4922407",282,353,79.9
2019-02,Região de Saúde do Centro,Hospital Arcebispo João Crisóstomo,"40.3470015, -8.5933462",71,71,100.0
2019-02,Região de Saúde do Centro,Hospital Dr. Francisco Zagalo,"40.8571967, -8.6318023",120,130,92.3
2019-02,Região de Saúde do Centro,"Unidade Local de Saúde de Castelo Branco, EPE","39.8212263, -7.4981271",117,209,56.0
2019-02,Região de Saúde LVT,"Centro Hospitalar de Lisboa Ocidental, EPE","38.708454, -9.216985",511,659,77.5
2019-02,Região de Saúde LVT,"Centro Hospitalar de Setúbal, EPE","38.5283754, -8.8818638",424,491,86.4
2019-02,Região de Saúde LVT,"Centro Hospitalar Médio Tejo, EPE","39.478072, -8.5404429",529,633,83.6
2019-02,Região de Saúde LVT,"Hospital de Vila Franca de Xira, PPP","38.977235, -8.984506",559,667,83.8
2019-02,Região de Saúde Norte,"Centro Hospitalar Universitário de São João, EPE","41.1831056, -8.6010558",789,1040,75.9
2019-02,Região de Saúde Norte,"Centro Hospitalar Entre Douro e Vouga, EPE","40.9293884, -8.5458794",598,693,86.3
2019-02,Região de Saúde Norte,"Unidade Local de Saúde do Alto Minho, EPE","41.7056054, -8.8252713",931,1080,86.2
2019-03,Região de Saúde do Alentejo,"Hospital Espírito Santo de Évora, EPE","38.5684861, -7.9032848",808,1090,74.1
2019-03,Região de Saúde do Alentejo,"Unidade Local de Saúde do Norte Alentejano, EPE","39.3003425, -7.4263845",381,462,82.5
2019-03,Região de Saúde do Centro,"Centro Hospitalar Universitário Cova da Beira, EPE","40.2804158, -7.4922407",391,492,79.5
2019-03,Região de Saúde do Centro,Centro Medicina de Reabilitação da Região Centro Rovisco Pais,"40.297919, -8.7707806",0,0,
2019-03,Região de Saúde do Centro,Hospital Dr. Francisco Zagalo,"40.8571967, -8.6318023",177,191,92.7
2019-03,Região de Saúde do Centro,"Instituto Português Oncologia de Coimbra, EPE","40.2162514, -8.4103814",11,113,9.7
2019-03,Região de Saúde do Centro,"Unidade Local de Saúde da Guarda, EPE","40.5309916, -7.2734793",334,366,91.3
2019-03,Região de Saúde LVT,"Centro Hospitalar de Lisboa Ocidental, EPE","38.708454, -9.216985",720,924,77.9
2019-03,Região de Saúde LVT,"Hospital de Loures, PPP","38.821455, -9.176296",1004,1201,83.6
2019-03,Região de Saúde LVT,Instituto Gama Pinto,"38.7218793, -9.144249",1122,1122,100.0
2019-03,Região de Saúde Norte,"Hospital de Braga, PPP","41.56785, -8.398982",2674,3070,87.1
2019-03,Região de Saúde Norte,"Hospital Santa Maria Maior, EPE","41.5324234, -8.6171561",678,784,86.5
2019-04,Região de Saúde do Centro,"Centro Hospitalar Universitário Cova da Beira, EPE","40.2804158, -7.4922407",461,597,77.2
2019-04,Região de Saúde LVT,"Centro Hospitalar de Lisboa Ocidental, EPE","38.708454, -9.216985",1060,1331,79.6
2019-04,Região de Saúde LVT,"Centro Hospitalar Médio Tejo, EPE","39.478072, -8.5404429",1105,1318,83.8
2019-04,Região de Saúde Norte,"Hospital da Senhora da Oliveira, Guimarães, EPE","41.4387173, -8.3086907",1302,1561,83.4
2019-05,Região de Saúde do Centro,Centro Medicina de Reabilitação da Região Centro Rovisco Pais,"40.297919, -8.7707806",0,0,
2019-05,Região de Saúde do Centro,Hospital Dr. Francisco Zagalo,"40.8571967, -8.6318023",334,352,94.9
2019-05,Região de Saúde do Centro,"Unidade Local de Saúde da Guarda, EPE","40.5309916, -7.2734793",499,562,88.8
2019-05,Região de Saúde do Centro,"Unidade Local de Saúde de Castelo Branco, EPE","39.8212263, -7.4981271",334,594,56.2
2019-05,Região de Saúde LVT,"Centro Hospitalar de Setúbal, EPE","38.5283754, -8.8818638",1416,1612,87.8
2019-05,Região de Saúde LVT,Instituto Gama Pinto,"38.7218793, -9.144249",1967,1967,100.0
2019-05,Região de Saúde LVT,"Instituto Português Oncologia de Lisboa, EPE","38.7396768, -9.1634516",140,360,38.9
2019-05,Região de Saúde Norte,"Centro Hospitalar Entre Douro e Vouga, EPE","40.9293884, -8.5458794",2225,2636,84.4
2019-05,Região de Saúde Norte,"Centro Hospitalar Póvoa de Varzim/Vila do Conde, EPE","41.3828711, -8.7589945",494,728,67.9
2019-05,Região de Saúde Norte,"Hospital da Senhora da Oliveira, Guimarães, EPE","41.4387173, -8.3086907",1648,1991,82.8
2019-06,Região de Saúde do Centro,"Centro Hospitalar Universitário Cova da Beira, EPE","40.2804158, -7.4922407",660,868,76.0
2019-06,Região de Saúde do Centro,"Centro Hospitalar do Baixo Vouga, EPE","40.6362453, -8.6543716",2286,2891,79.1
2019-06,Região de Saúde do Centro,"Unidade Local de Saúde de Castelo Branco, EPE","39.8212263, -7.4981271",406,720,56.4
2019-06,Região de Saúde LVT,"Centro Hospitalar Universitário Lisboa Central, EPE","38.7166948, -9.1371248",2930,3518,83.3
2019-06,Região de Saúde LVT,Centro Hospitalar do Oeste,"39.4054629, -9.1258493",770,1061,72.6
2019-06,Região de Saúde LVT,Centro Hospitalar Psiquiátrico de Lisboa,"38.7569771, -9.1460705",0,0,
2019-06,Região de Saúde LVT,"Hospital de Loures, PPP","38.821455, -9.176296",1900,2256,84.2
2019-06,Região de Saúde LVT,Instituto Gama Pinto,"38.7218793, -9.144249",2198,2198,100.0
2019-06,Região de Saúde Norte,"Hospital Santa Maria Maior, EPE","41.5324234, -8.6171561",1242,1462,85.0
2019-06,Região de Saúde Norte,"Instituto Português Oncologia do Porto, EPE","41.1785642, -8.6062881",619,1112,55.7
2019-07,Região de Saúde do Centro,"Centro Hospitalar do Baixo Vouga, EPE","40.6362453, -8.6543716",2622,3291,79.7
2019-07,Região de Saúde do Centro,"Centro Hospitalar e Universitário de Coimbra, EPE","40.2191523, -8.4098211",5143,6295,81.7
2019-07,Região de Saúde do Centro,Hospital Dr. Francisco Zagalo,"40.8571967, -8.6318023",472,493,95.7
2019-07,Região de Saúde do Centro,"Unidade Local de Saúde da Guarda, EPE","40.5309916, -7.2734793",636,728,87.4
2019-07,Região de Saúde LVT,"Hospital de Loures, PPP","38.821455, -9.176296",2158,2562,84.2
2019-07,Região de Saúde LVT,"Hospital Professor Doutor Fernando Fonseca, EPE","38.7422257, -9.2264834",2539,3006,84.5
2019-07,Região de Saúde Norte,"Centro Hospitalar Trás-os-Montes e Alto Douro, EPE","41.3031784, -7.7515252",2897,3379,85.7
2019-07,Região de Saúde Norte,"Hospital de Braga, PPP","41.56785, -8.398982",7342,8402,87.4
2019-08,Região de Saúde do Alentejo,"Hospital Espírito Santo de Évora, EPE","38.5684861, -7.9032848",2111,2832,74.5
2019-08,Região de Saúde do Centro,"Centro Hospitalar Universitário Cova da Beira, EPE","40.2804158, -7.4922407",866,1132,76.5
2019-08,Região de Saúde LVT,"Hospital Professor Doutor Fernando Fonseca, EPE","38.7422257, -9.2264834",2819,3347,84.2
2019-08,Região de Saúde Norte,"Centro Hospitalar Vila Nova de Gaia/Espinho, EPE","41.1094138, -8.5972617",4017,4731,84.9
2019-08,Região de Saúde Norte,"Hospital de Magalhães Lemos, EPE","41.1764649, -8.6649823",0,0,
2019-08,Região de Saúde Norte,"Unidade Local de Saúde de Matosinhos, EPE","41.1794456, -8.6745115",3022,3414,88.5
2019-08,Região de Saúde Norte,"Unidade Local de Saúde do Alto Minho, EPE","41.7056054, -8.8252713",3135,3709,84.5
2019-08,Região de Saúde Norte,"Unidade Local de Saúde do Nordeste, EPE","41.8056532, -6.7888197",1461,1777,82.2
2019-09,Região de Saúde do Alentejo,"Unidade Local de Saúde do Baixo Alentejo, EPE","38.014123, -7.8721227",1091,1365,79.9
2019-09,Região de Saúde do Alentejo,"Unidade Local de Saúde do Litoral Alentejano, EPE","38.0162314, -8.6956768",762,857,88.9
2019-09,Região de Saúde do Alentejo,"Unidade Local de Saúde do Norte Alentejano, EPE","39.3003425, -7.4263845",905,1173,77.2
2019-09,Região de Saúde do Algarve,"Centro Hospitalar Universitário do Algarve, EPE","37.0238973, -7.9281554",2400,2784,86.2
2019-09,Região de Saúde do Centro,"Centro Hospitalar Universitário Cova da Beira, EPE","40.2804158, -7.4922407",991,1281,77.4
2019-09,Região de Saúde do Centro,"Unidade Local de Saúde da Guarda, EPE","40.5309916, -7.2734793",810,931,87.0
2019-09,Região de Saúde LVT,"Centro Hospitalar Médio Tejo, EPE","39.478072, -8.5404429",2396,2932,81.7
2019-09,Região de Saúde LVT,"Hospital de Loures, PPP","38.821455, -9.176296",2663,3169,84.0
2019-09,Região de Saúde Norte,"Centro Hospitalar Universitário de São João, EPE","41.1831056, -8.6010558",4933,6692,73.7
2019-09,Região de Saúde Norte,"Centro Hospitalar Tâmega e Sousa, EPE","41.2494561, -8.264901",4331,5103,84.9
2019-09,Região de Saúde Norte,"Centro Hospitalar Trás-os-Montes e Alto Douro, EPE","41.3031784, -7.7515252",3483,4068,85.6
2019-09,Região de Saúde Norte,"Unidade Local de Saúde do Alto Minho, EPE","41.7056054, -8.8252713",3564,4214,84.6
2019-10,Região de Saúde do Centro,"Centro Hospitalar Universitário Cova da Beira, EPE","40.2804158, -7.4922407",1183,1510,78.3
2019-10,Região de Saúde LVT,"Centro Hospitalar Barreiro/Montijo, EPE","38.6554005, -9.0592392",1672,2202,75.9
2019-10,Região de Saúde LVT,"Centro Hospitalar Universitário Lisboa Central, EPE","38.7166948, -9.1371248",4752,5751,82.6
2019-10,Região de Saúde LVT,"Centro Hospitalar de Setúbal, EPE","38.5283754, -8.8818638",2757,3121,88.3
2019-10,Região de Saúde LVT,Centro Hospitalar do Oeste,"39.4054629, -9.1258493",1262,1682,75.0
2019-10,Região de Saúde LVT,Centro Hospitalar Psiquiátrico de Lisboa,"38.7569771, -9.1460705",0,0,
2019-10,Região de Saúde LVT,"Hospital Garcia de Orta, EPE","38.6658713, -9.1822554",3286,3613,90.9
2019-10,Região de Saúde LVT,"Instituto Português Oncologia de Lisboa, EPE","38.7396768, -9.1634516",276,704,39.2
2019-10,Região de Saúde Norte,"Centro Hospitalar Universitário do Porto, EPE","41.1472498, -8.6172617",7102,8637,82.2
2019-10,Região de Saúde Norte,"Centro Hospitalar Póvoa de Varzim/Vila do Conde, EPE","41.3828711, -8.7589945",1005,1447,69.5
2019-11,Região de Saúde do Centro,Hospital Arcebispo João Crisóstomo,"40.3470015, -8.5933462",395,395,100.0
2019-11,Região de Saúde do Centro,"Unidade Local de Saúde da Guarda, EPE","40.5309916, -7.2734793",1021,1164,87.7
2019-11,Região de Saúde LVT,"Centro Hospitalar Médio Tejo, EPE","39.478072, -8.5404429",3075,3747,82.1
2019-11,Região de Saúde Norte,"Centro Hospitalar Tâmega e Sousa, EPE","41.2494561, -8.264901",5560,6522,85.2
2019-11,Região de Saúde Norte,"Instituto Português Oncologia do Porto, EPE","41.1785642, -8.6062881",1211,2070,58.5
2019-12,Região de Saúde do Alentejo,"Hospital Espírito Santo de Évora, EPE","38.5684861, -7.9032848",3115,4261,73.1
2019-12,Região de Saúde do Centro,"Centro Hospitalar e Universitário de Coimbra, EPE","40.2191523, -8.4098211",8323,10233,81.3
2019-12,Região de Saúde do Centro,Hospital Dr. Francisco Zagalo,"40.8571967, -8.6318023",799,830,96.3
2019-12,Região de Saúde do Centro,"Instituto Português Oncologia de Coimbra, EPE","40.2162514, -8.4103814",51,459,11.1
2019-12,Região de Saúde LVT,Instituto Gama Pinto,"38.7218793, -9.144249",4145,4145,100.0
2019-12,Região de Saúde Norte,"Centro Hospitalar do Médio Ave, EPE","41.3423984, -8.4802503",2794,3205,87.2
2019-12,Região de Saúde Norte,"Centro Hospitalar Universitário do Porto, EPE","41.1472498, -8.6172617",8508,10389,81.9
2019-12,Região de Saúde Norte,"Centro Hospitalar Trás-os-Montes e Alto Douro, EPE","41.3031784, -7.7515252",4723,5493,86.0
2019-12,Região de Saúde Norte,"Centro Hospitalar Vila Nova de Gaia/Espinho, EPE","41.1094138, -8.5972617",6395,7814,81.8
2020-01,Região de Saúde do Alentejo,"Hospital Espírito Santo de Évora, EPE","38.5684861, -7.9032848",257,340,75.6
2020-01,Região de Saúde do Centro,"Centro Hospitalar Tondela-Viseu, EPE","40.516364, -8.0827433",463,489,94.7
2020-01,Região de Saúde do Centro,"Unidade Local de Saúde da Guarda, EPE","40.5309916, -7.2734793",76,87,87.4
2020-01,Região de Saúde LVT,"Centro Hospitalar Barreiro/Montijo, EPE","38.6554005, -9.0592392",208,260,80.0
2020-01,Região de Saúde LVT,"Centro Hospitalar de Setúbal, EPE","38.5283754, -8.8818638",278,320,86.9
2020-01,Região de Saúde LVT,"Centro Hospitalar Médio Tejo, EPE","39.478072, -8.5404429",303,367,82.6
2020-01,Região de Saúde LVT,"Hospital de Loures, PPP","38.821455, -9.176296",336,394,85.3
2020-01,Região de Saúde LVT,"Hospital de Vila Franca de Xira, PPP","38.977235, -8.984506",276,344,80.2
2020-01,Região de Saúde LVT,"Hospital Distrital de Santarém, EPE","39.2410946, -8.6937515",150,159,94.3
2020-01,Região de Saúde LVT,"Hospital Garcia de Orta, EPE","38.6658713, -9.1822554",383,436,87.8
2020-01,Região de Saúde LVT,"Instituto Português Oncologia de Lisboa, EPE","38.7396768, -9.1634516",27,76,35.5
2020-01,Região de Saúde Norte,"Centro Hospitalar Universitário de São João, EPE","41.1831056, -8.6010558",771,1016,75.9
2020-01,Região de Saúde Norte,"Instituto Português Oncologia do Porto, EPE","41.1785642, -8.6062881",153,230,66.5
2020-02,Região de Saúde do Algarve,"Centro Hospitalar Universitário do Algarve, EPE","37.0238973, -7.9281554",523,618,84.6
2020-02,Região de Saúde do Centro,"Centro Hospitalar Universitário Cova da Beira, EPE","40.2804158, -7.4922407",267,323,82.7
2020-02,Região de Saúde do Centro,"Instituto Português Oncologia de Coimbra, EPE","40.2162514, -8.4103814",6,74,8.1
2020-02,Região de Saúde do Centro,"Unidade Local de Saúde de Castelo Branco, EPE","39.8212263, -7.4981271",99,177,55.9
2020-02,Região de Saúde Norte,"Centro Hospitalar Universitário do Porto, EPE","41.1472498, -8.6172617",1709,2057,83.1
2020-02,Região de Saúde Norte,"Centro Hospitalar Entre Douro e Vouga, EPE","40.9293884, -8.5458794",1177,1289,91.3
2020-02,Região de Saúde Norte,"Centro Hospitalar Póvoa de Varzim/Vila do Conde, EPE","41.3828711, -8.7589945",196,283,69.3
2020-02,Região de Saúde Norte,"Hospital Santa Maria Maior, EPE","41.5324234, -8.6171561",399,454,87.9
2020-03,Região de Saúde do Alentejo,"Unidade Local de Saúde do Litoral Alentejano, EPE","38.0162314, -8.6956768",311,352,88.4
2020-03,Região de Saúde do Alentejo,"Unidade Local de Saúde do Norte Alentejano, EPE","39.3003425, -7.4263845",284,379,74.9
2020-03,Região de Saúde do Centro,"Centro Hospitalar Universitário Cova da Beira, EPE","40.2804158, -7.4922407",332,403,82.4
2020-03,Região de Saúde do Centro,"Centro Hospitalar de Leiria, EPE","39.7414812, -8.7982706",1374,1516,90.6
2020-03,Região de Saúde LVT,"Centro Hospitalar Barreiro/Montijo, EPE","38.6554005, -9.0592392",463,612,75.7
2020-03,Região de Saúde LVT,"Centro Hospitalar Médio Tejo, EPE","39.478072, -8.5404429",719,876,82.1
2020-03,Região de Saúde LVT,"Hospital de Loures, PPP","38.821455, -9.176296",814,969,84.0
2020-03,Região de Saúde LVT,"Hospital Distrital de Santarém, EPE","39.2410946, -8.6937515",460,504,91.3
2020-03,Região de Saúde LVT,"Hospital Professor Doutor Fernando Fonseca, EPE","38.7422257, -9.2264834",1045,1219,85.7
2020-03,Região de Saúde Norte,"Centro Hospitalar Universitário de São João, EPE","41.1831056, -8.6010558",1804,2430,74.2
2020-03,Região de Saúde Norte,"Hospital da Senhora da Oliveira, Guimarães, EPE","41.4387173, -8.3086907",730,905,80.7
2020-04,Região de Saúde do Alentejo,"Hospital Espírito Santo de Évora, EPE","38.5684861, -7.9032848",585,750,78.0
2020-04,Região de Saúde do Centro,"Centro Hospitalar de Leiria, EPE","39.7414812, -8.7982706",1387,1530,90.7
2020-04,Região de Saúde do Centro,Hospital Arcebispo João Crisóstomo,"40.3470015, -8.5933462",115,115,100.0
2020-04,Região de Saúde do Centro,Hospital Dr. Francisco Zagalo,"40.8571967, -8.6318023",162,167,97.0
2020-04,Região de Saúde do Centro,"Unidade Local de Saúde de Castelo Branco, EPE","39.8212263, -7.4981271",138,237,58.2
2020-04,Região de Saúde LVT,"Centro Hospitalar Universitário Lisboa Central, EPE","38.7166948, -9.1371248",1540,1848,83.3
2020-04,Região de Saúde LVT,"Centro Hospitalar de Setúbal, EPE","38.5283754, -8.8818638",694,786,88.3
2020-04,Região de Saúde LVT,Instituto Gama Pinto,"38.7218793, -9.144249",855,855,100.0
2020-04,Região de Saúde Norte,"Centro Hospitalar Universitário de São João, EPE","41.1831056, -8.6010558",1807,2453,73.7
2020-04,Região de Saúde Norte,"Centro Hospitalar Entre Douro e Vouga, EPE","40.9293884, -8.5458794",1472,1620,90.9
2020-04,Região de Saúde Norte,"Centro Hospitalar Trás-os-Montes e Alto Douro, EPE","41.3031784, -7.7515252",1096,1308,83.8
2020-04,Região de Saúde Norte,"Hospital da Senhora da Oliveira, Guimarães, EPE","41.4387173, -8.3086907",730,910,80.2
2020-04,Região de Saúde Norte,"Hospital de Magalhães Lemos, EPE","41.1764649, -8.6649823",0,0,
2020-04,Região de Saúde Norte,"Hospital Santa Maria Maior, EPE","41.5324234, -8.6171561",491,567,86.6
2020-04,Região de Saúde Norte,"Unidade Local de Saúde de Matosinhos, EPE","41.1794456, -8.6745115",995,1090,91.3
2020-05,Região de Saúde do Alentejo,"Unidade Local de Saúde do Norte Alentejano, EPE","39.3003425, -7.4263845",287,401,71.6
2020-05,Região de Saúde do Centro,"Centro Hospitalar de Leiria, EPE","39.7414812, -8.7982706",1798,1978,90.9
2020-05,Região de Saúde do Centro,"Centro Hospitalar e Universitário de Coimbra, EPE","40.2191523, -8.4098211",1980,2508,78.9
2020-05,Região de Saúde do Centro,"Instituto Português Oncologia de Coimbra, EPE","40.2162514, -8.4103814",10,164,6.1
2020-05,Região de Saúde do Centro,"Unidade Local de Saúde da Guarda, EPE","40.5309916, -7.2734793",157,190,82.6
2020-05,Região de Saúde LVT,"Centro Hospitalar de Setúbal, EPE","38.5283754, -8.8818638",720,832,86.5
2020-05,Região de Saúde LVT,"Hospital de Cascais, PPP","38.729006, -9.418267",693,788,87.9
2020-05,Região de Saúde LVT,"Hospital Garcia de Orta, EPE","38.6658713, -9.1822554",910,1049,86.7
2020-05,Região de Saúde Norte,"Centro Hospitalar Trás-os-Montes e Alto Douro, EPE","41.3031784, -7.7515252",1133,1372,82.6
2020-05,Região de Saúde Norte,"Hospital de Braga, EPE","41.56785, -8.398982",1346,1556,86.5
2020-06,Região de Saúde do Alentejo,"Hospital Espírito Santo de Évora, EPE","38.5684861, -7.9032848",859,1081,79.5
2020-06,Região de Saúde do Centro,"Centro Hospitalar de Leiria, EPE","39.7414812, -8.7982706",2324,2550,91.1
2020-06,Região de Saúde do Centro,"Centro Hospitalar e Universitário de Coimbra, EPE","40.2191523, -8.4098211",2336,2919,80.0
2020-06,Região de Saúde do Centro,"Hospital Distrital da Figueira da Foz, EPE","40.117897, -8.8586755",937,1039,90.2
2020-06,Região de Saúde LVT,"Centro Hospitalar de Lisboa Ocidental, EPE","38.708454, -9.216985",923,1205,76.6
2020-06,Região de Saúde LVT,"Centro Hospitalar Médio Tejo, EPE","39.478072, -8.5404429",976,1161,84.1
2020-06,Região de Saúde LVT,"Hospital de Loures, PPP","38.821455, -9.176296",1119,1337,83.7
2020-06,Região de Saúde LVT,"Instituto Português Oncologia de Lisboa, EPE","38.7396768, -9.1634516",87,334,26.0
2020-06,Região de Saúde Norte,"Centro Hospitalar Trás-os-Montes e Alto Douro, EPE","41.3031784, -7.7515252",1305,1625,80.3
2020-06,Região de Saúde Norte,"Unidade Local de Saúde de Matosinhos, EPE","41.1794456, -8.6745115",1275,1405,90.7
2020-07,Região de Saúde do Alentejo,"Unidade Local de Saúde do Baixo Alentejo, EPE","38.014123, -7.8721227",379,502,75.5
2020-07,Região de Saúde do Alentejo,"Unidade Local de Saúde do Litoral Alentejano, EPE","38.0162314, -8.6956768",462,517,89.4
2020-07,Região de Saúde do Centro,"Centro Hospitalar Universitário Cova da Beira, EPE","40.2804158, -7.4922407",633,733,86.4
2020-07,Região de Saúde do Centro,"Centro Hospitalar de Leiria, EPE","39.7414812, -8.7982706",2850,3121,91.3
2020-07,Região de Saúde do Centro,Hospital Arcebispo João Crisóstomo,"40.3470015, -8.5933462",211,211,100.0
2020-07,Região de Saúde do Centro,"Hospital Distrital da Figueira da Foz, EPE","40.117897, -8.8586755",1204,1339,89.9
2020-07,Região de Saúde do Centro,Hospital Dr. Francisco Zagalo,"40.8571967, -8.6318023",318,327,97.2
2020-07,Região de Saúde LVT,"Centro Hospitalar Universitário Lisboa Central, EPE","38.7166948, -9.1371248",2767,3264,84.8
2020-07,Região de Saúde LVT,Instituto Gama Pinto,"38.7218793, -9.144249",1262,1262,100.0
2020-07,Região de Saúde Norte,"Centro Hospitalar Póvoa de Varzim/Vila do Conde, EPE","41.3828711, -8.7589945",493,707,69.7
2020-07,Região de Saúde Norte,"Centro Hospitalar Vila Nova de Gaia/Espinho, EPE","41.1094138, -8.5972617",2708,3384,80.0
2020-08,Região de Saúde do Centro,"Centro Hospitalar de Leiria, EPE","39.7414812, -8.7982706",3271,3585,91.2
2020-08,Região de Saúde do Centro,"Centro Hospitalar e Universitário de Coimbra, EPE","40.2191523, -8.4098211",3051,3795,80.4
2020-08,Região de Saúde do Centro,"Unidade Local de Saúde da Guarda, EPE","40.5309916, -7.2734793",178,236,75.4
2020-08,Região de Saúde LVT,"Centro Hospitalar Médio Tejo, EPE","39.478072, -8.5404429",1355,1611,84.1
2020-08,Região de Saúde LVT,"Hospital de Loures, PPP","38.821455, -9.176296",1719,2026,84.8
2020-08,Região de Saúde LVT,"Hospital de Vila Franca de Xira, PPP","38.977235, -8.984506",1784,2095,85.2
2020-08,Região de Saúde Norte,"Centro Hospitalar Entre Douro e Vouga, EPE","40.9293884, -8.5458794",3204,3651,87.8
2020-08,Região de Saúde Norte,"Centro Hospitalar Póvoa de Varzim/Vila do Conde, EPE","41.3828711, -8.7589945",523,758,69.0
2020-08,Região de Saúde Norte,"Centro Hospitalar Vila Nova de Gaia/Espinho, EPE","41.1094138, -8.5972617",3200,3982,80.4
2020-08,Região de Saúde Norte,"Hospital da Senhora da Oliveira, Guimarães, EPE","41.4387173, -8.3086907",1782,2114,84.3
2020-08,Região de Saúde Norte,"Unidade Local de Saúde de Matosinhos, EPE","41.1794456, -8.6745115",1815,2025,89.6
2020-08,Região de Saúde Norte,"Unidade Local de Saúde do Nordeste, EPE","41.8056532, -6.7888197",1191,1428,83.4
2020-09,Região de Saúde do Alentejo,"Unidade Local de Saúde do Baixo Alentejo, EPE","38.014123, -7.8721227",619,820,75.5
2020-09,Região de Saúde do Algarve,"Centro Hospitalar Universitário do Algarve, EPE","37.0238973, -7.9281554",1267,1577,80.3
2020-09,Região de Saúde do Centro,Centro Medicina de Reabilitação da Região Centro Rovisco Pais,"40.297919, -8.7707806",0,0,
2020-09,Região de Saúde do Centro,"Instituto Português Oncologia de Coimbra, EPE","40.2162514, -8.4103814",21,341,6.2
2020-09,Região de Saúde do Centro,"Unidade Local de Saúde da Guarda, EPE","40.5309916, -7.2734793",216,279,77.4
2020-09,Região de Saúde Norte,"Centro Hospitalar Universitário de São João, EPE","41.1831056, -8.6010558",3854,5610,68.7
2020-09,Região de Saúde Norte,"Centro Hospitalar Universitário do Porto, EPE","41.1472498, -8.6172617",4659,5595,83.3
2020-09,Região de Saúde Norte,"Centro Hospitalar Vila Nova de Gaia/Espinho, EPE","41.1094138, -8.5972617",3868,4791,80.7
2020-09,Região de Saúde Norte,"Unidade Local de Saúde do Alto Minho, EPE","41.7056054, -8.8252713",1985,2409,82.4
2020-10,Região de Saúde do Centro,"Centro Hospitalar e Universitário de Coimbra, EPE","40.2191523, -8.4098211",4389,5422,80.9
2020-10,Região de Saúde do Centro,"Instituto Português Oncologia de Coimbra, EPE","40.2162514, -8.4103814",27,392,6.9
2020-10,Região de Saúde LVT,"Centro Hospitalar de Lisboa Ocidental, EPE","38.708454, -9.216985",1483,2002,74.1
2020-10,Região de Saúde LVT,"Centro Hospitalar de Setúbal, EPE","38.5283754, -8.8818638",1480,1711,86.5
2020-10,Região de Saúde LVT,"Hospital de Vila Franca de Xira, PPP","38.977235, -8.984506",2424,2819,86.0
2020-10,Região de Saúde Norte,"Centro Hospitalar Vila Nova de Gaia/Espinho, EPE","41.1094138, -8.5972617",4538,5583,81.3
2020-10,Região de Saúde Norte,"Hospital Santa Maria Maior, EPE","41.5324234, -8.6171561",1491,1657,90.0
2020-10,Região de Saúde Norte,"Instituto Português Oncologia do Porto, EPE","41.1785642, -8.6062881",555,1227,45.2
2020-10,Região de Saúde Norte,"Unidade Local de Saúde do Alto Minho, EPE","41.7056054, -8.8252713",2338,2816,83.0
2020-11,Região de Saúde LVT,"Centro Hospitalar Barreiro/Montijo, EPE","38.6554005, -9.0592392",1024,1375,74.5
2020-11,Região de Saúde LVT,Centro Hospitalar Psiquiátrico de Lisboa,"38.7569771, -9.1460705",0,0,
2020-11,Região de Saúde LVT,Instituto Gama Pinto,"38.7218793, -9.144249",2186,2186,100.0
2020-11,Região de Saúde Norte,"Centro Hospitalar Universitário de São João, EPE","41.1831056, -8.6010558",5841,8166,71.5
2020-11,Região de Saúde Norte,"Hospital Santa Maria Maior, EPE","41.5324234, -8.6171561",1708,1892,90.3
2020-12,Região de Saúde do Alentejo,"Unidade Local de Saúde do Baixo Alentejo, EPE","38.014123, -7.8721227",977,1238,78.9
2020-12,Região de Saúde do Centro,"Centro Hospitalar Tondela-Viseu, EPE","40.516364, -8.0827433",2742,2993,91.6
2020-12,Região de Saúde do Centro,Centro Medicina de Reabilitação da Região Centro Rovisco Pais,"40.297919, -8.7707806",0,0,
2020-12,Região de Saúde do Centro,"Instituto Português Oncologia de Coimbra, EPE","40.2162514, -8.4103814",31,507,6.1
2020-12,Região de Saúde LVT,"Centro Hospitalar Barreiro/Montijo, EPE","38.6554005, -9.0592392",1150,1508,76.3
2020-12,Região de Saúde LVT,"Centro Hospitalar Universitário Lisboa Central, EPE","38.7166948, -9.1371248",5170,6013,86.0
2020-12,Região de Saúde LVT,"Hospital de Cascais, PPP","38.729006, -9.418267",3295,3552,92.8
2020-12,Região de Saúde LVT,"Hospital de Vila Franca de Xira, PPP","38.977235, -8.984506",3002,3472,86.5
2020-12,Região de Saúde LVT,"Hospital Distrital de Santarém, EPE","39.2410946, -8.6937515",1465,1631,89.8
2020-12,Região de Saúde Norte,"Hospital de Braga, EPE","41.56785, -8.398982",7507,8150,92.1
2021-01,Região de Saúde do Alentejo,"Unidade Local de Saúde do Litoral Alentejano, EPE","38.0162314, -8.6956768",84,92,91.3
2021-01,Região de Saúde do Centro,"Instituto Português Oncologia de Coimbra, EPE","40.2162514, -8.4103814",4,52,7.7
2021-01,Região de Saúde LVT,Centro Hospitalar do Oeste,"39.4054629, -9.1258493",27,30,90.0
2021-01,Região de Saúde Norte,"Unidade Local de Saúde de Matosinhos, EPE","41.1794456, -8.6745115",143,159,89.9
2021-02,Região de Saúde do Centro,"Centro Hospitalar Tondela-Viseu, EPE","40.516364, -8.0827433",203,222,91.4
2021-02,Região de Saúde do Centro,"Unidade Local de Saúde da Guarda, EPE","40.5309916, -7.2734793",31,33,93.9
2021-02,Região de Saúde do Centro,"Unidade Local de Saúde de Castelo Branco, EPE","39.8212263, -7.4981271",21,37,56.8
2021-02,Região de Saúde LVT,"Centro Hospitalar Barreiro/Montijo, EPE","38.6554005, -9.0592392",257,270,95.2
2021-02,Região de Saúde Norte,"Hospital de Braga, EPE","41.56785, -8.398982",1433,1546,92.7
2021-02,Região de Saúde Norte,"Unidade Local de Saúde de Matosinhos, EPE","41.1794456, -8.6745115",335,382,87.7
2021-03,Região de Saúde do Centro,Centro Medicina de Reabilitação da Região Centro Rovisco Pais,"40.297919, -8.7707806",0,0,
2021-03,Região de Saúde do Centro,Hospital Arcebispo João Crisóstomo,"40.3470015, -8.5933462",155,155,100.0
2021-03,Região de Saúde LVT,"Hospital Garcia de Orta, EPE","38.6658713, -9.1822554",703,753,93.4
2021-03,Região de Saúde LVT,Instituto Gama Pinto,"38.7218793, -9.144249",955,955,100.0
2021-03,Região de Saúde Norte,"Unidade Local de Saúde do Alto Minho, EPE","41.7056054, -8.8252713",594,646,92.0
2021-04,Região de Saúde do Alentejo,"Hospital Espírito Santo de Évora, EPE","38.5684861, -7.9032848",868,982,88.4
2021-04,Região de Saúde do Alentejo,"Unidade Local de Saúde do Norte Alentejano, EPE","39.3003425, -7.4263845",607,682,89.0
2021-04,Região de Saúde do Centro,"Centro Hospitalar Tondela-Viseu, EPE","40.516364, -8.0827433",1183,1283,92.2
2021-04,Região de Saúde do Centro,Hospital Arcebispo João Crisóstomo,"40.3470015, -8.5933462",195,195,100.0
2021-04,Região de Saúde do Centro,Hospital Dr. Francisco Zagalo,"40.8571967, -8.6318023",219,226,96.9
2021-04,Região de Saúde do Centro,"Unidade Local de Saúde de Castelo Branco, EPE","39.8212263, -7.4981271",120,219,54.8
2021-04,Região de Saúde LVT,"Centro Hospitalar de Lisboa Ocidental, EPE","38.708454, -9.216985",793,921,86.1
2021-04,Região de Saúde LVT,"Hospital de Loures, PPP","38.821455, -9.176296",814,916,88.9
2021-04,Região de Saúde LVT,"Hospital Professor Doutor Fernando Fonseca, EPE","38.7422257, -9.2264834",661,783,84.4
2021-04,Região de Saúde Norte,"Centro Hospitalar Universitário de São João, EPE","41.1831056, -8.6010558",3154,4092,77.1
2021-04,Região de Saúde Norte,"Centro Hospitalar Universitário do Porto, EPE","41.1472498, -8.6172617",3136,3624,86.5
2021-04,Região de Saúde Norte,"Hospital de Braga, EPE","41.56785, -8.398982",3912,4244,92.2
2021-05,Região de Saúde do Centro,Centro Medicina de Reabilitação da Região Centro Rovisco Pais,"40.297919, -8.7707806",0,0,
2021-05,Região de Saúde do Centro,"Unidade Local de Saúde da Guarda, EPE","40.5309916, -7.2734793",102,111,91.9
2021-05,Região de Saúde LVT,Centro Hospitalar do Oeste,"39.4054629, -9.1258493",570,652,87.4
2021-05,Região de Saúde LVT,"Centro Hospitalar Médio Tejo, EPE","39.478072, -8.5404429",876,1068,82.0
2021-05,Região de Saúde LVT,"Hospital de Cascais, PPP","38.729006, -9.418267",1555,1703,91.3
2021-05,Região de Saúde LVT,"Hospital de Loures, PPP","38.821455, -9.176296",1123,1284,87.5
2021-05,Região de Saúde LVT,"Hospital Professor Doutor Fernando Fonseca, EPE","38.7422257, -9.2264834",1029,1257,81.9
2021-05,Região de Saúde Norte,"Centro Hospitalar Universitário do Porto, EPE","41.1472498, -8.6172617",4000,4645,86.1
2021-05,Região de Saúde Norte,"Centro Hospitalar Póvoa de Varzim/Vila do Conde, EPE","41.3828711, -8.7589945",434,571,76.0
2021-05,Região de Saúde Norte,"Hospital de Magalhães Lemos, EPE","41.1764649, -8.6649823",0,0,
2021-05,Região de Saúde Norte,"Unidade Local de Saúde do Nordeste, EPE","41.8056532, -6.7888197",1005,1149,87.5
2021-06,Região de Saúde do Alentejo,"Unidade Local de Saúde do Norte Alentejano, EPE","39.3003425, -7.4263845",887,997,89.0
2021-06,Região de Saúde LVT,"Hospital Distrital de Santarém, EPE","39.2410946, -8.6937515",1318,1494,88.2
2021-06,Região de Saúde LVT,Instituto Gama Pinto,"38.7218793, -9.144249",1884,1884,100.0
2021-06,Região de Saúde Norte,"Centro Hospitalar do Médio Ave, EPE","41.3423984, -8.4802503",1553,1797,86.4
2021-06,Região de Saúde Norte,"Centro Hospitalar Vila Nova de Gaia/Espinho, EPE","41.1094138, -8.5972617",3797,4498,84.4
2021-07,Região de Saúde do Alentejo,"Hospital Espírito Santo de Évora, EPE","38.5684861, -7.9032848",1554,1802,86.2
2021-07,Região de Saúde do Algarve,"Centro Hospitalar Universitário do Algarve, EPE","37.0238973, -7.9281554",1643,2077,79.1
2021-07,Região de Saúde do Centro,"Centro Hospitalar Universitário Cova da Beira, EPE","40.2804158, -7.4922407",984,1164,84.5
2021-07,Região de Saúde do Centro,"Centro Hospitalar Tondela-Viseu, EPE","40.516364, -8.0827433",2922,3114,93.8
2021-07,Região de Saúde do Centro,Hospital Dr. Francisco Zagalo,"40.8571967, -8.6318023",461,475,97.1
2021-07,Região de Saúde LVT,"Centro Hospitalar de Lisboa Ocidental, EPE","38.708454, -9.216985",1546,1870,82.7
2021-07,Região de Saúde LVT,"Centro Hospitalar de Setúbal, EPE","38.5283754, -8.8818638",1807,1933,93.5
2021-07,Região de Saúde LVT,"Hospital Professor Doutor Fernando Fonseca, EPE","38.7422257, -9.2264834",1623,1980,82.0
2021-07,Região de Saúde LVT,"Instituto Português Oncologia de Lisboa, EPE","38.7396768, -9.1634516",101,541,18.7
2021-07,Região de Saúde Norte,"Centro Hospitalar Entre Douro e Vouga, EPE","40.9293884, -8.5458794",3925,4398,89.2
2021-07,Região de Saúde Norte,"Centro Hospitalar Tâmega e Sousa, EPE","41.2494561, -8.264901",3885,4381,88.7
2021-07,Região de Saúde Norte,"Centro Hospitalar Trás-os-Montes e Alto Douro, EPE","41.3031784, -7.7515252",3387,3881,87.3
2021-07,Região de Saúde Norte,"Hospital da Senhora da Oliveira, Guimarães, EPE","41.4387173, -8.3086907",2204,2503,88.1
2021-07,Região de Saúde Norte,"Hospital Santa Maria Maior, EPE","41.5324234, -8.6171561",1355,1413,95.9
2021-07,Região de Saúde Norte,"Instituto Português Oncologia do Porto, EPE","41.1785642, -8.6062881",279,808,34.5
2021-08,Região de Saúde do Centro,"Centro Hospitalar e Universitário de Coimbra, EPE","40.2191523, -8.4098211",4721,5786,81.6
2021-08,Região de Saúde LVT,"Centro Hospitalar Barreiro/Montijo, EPE","38.6554005, -9.0592392",1036,1276,81.2
2021-08,Região de Saúde LVT,"Centro Hospitalar Médio Tejo, EPE","39.478072, -8.5404429",1445,1776,81.4
2021-08,Região de Saúde Norte,"Centro Hospitalar Trás-os-Montes e Alto Douro, EPE","41.3031784, -7.7515252",3654,4215,86.7
2021-08,Região de Saúde Norte,"Unidade Local de Saúde do Alto Minho, EPE","41.7056054, -8.8252713",2217,2581,85.9
2021-09,Região de Saúde do Centro,"Unidade Local de Saúde da Guarda, EPE","40.5309916, -7.2734793",204,222,91.9
2021-09,Região de Saúde LVT,"Centro Hospitalar Universitário Lisboa Central, EPE","38.7166948, -9.1371248",4538,5243,86.6
2021-09,Região de Saúde LVT,"Centro Hospitalar de Setúbal, EPE","38.5283754, -8.8818638",2275,2440,93.2
2021-09,Região de Saúde LVT,"Hospital de Vila Franca de Xira, EPE","38.977235, -8.984506",5302,5890,90.0
2021-09,Região de Saúde Norte,"Centro Hospitalar Universitário de São João, EPE","41.1831056, -8.6010558",6134,7977,76.9
2021-09,Região de Saúde Norte,"Centro Hospitalar Universitário do Porto, EPE","41.1472498, -8.6172617",6561,7619,86.1
2021-09,Região de Saúde Norte,"Centro Hospitalar Entre Douro e Vouga, EPE","40.9293884, -8.5458794",4578,5194,88.1
2021-09,Região de Saúde Norte,"Centro Hospitalar Tâmega e Sousa, EPE","41.2494561, -8.264901",4731,5342,88.6
2021-09,Região de Saúde Norte,"Centro Hospitalar Vila Nova de Gaia/Espinho, EPE","41.1094138, -8.5972617",5408,6539,82.7
2021-09,Região de Saúde Norte,"Hospital da Senhora da Oliveira, Guimarães, EPE","41.4387173, -8.3086907",2772,3170,87.4
2021-10,Região de Saúde do Alentejo,"Hospital Espírito Santo de Évora, EPE","38.5684861, -7.9032848",2122,2472,85.8
2021-10,Região de Saúde do Centro,"Centro Hospitalar Tondela-Viseu, EPE","40.516364, -8.0827433",4126,4397,93.8
2021-10,Região de Saúde do Centro,"Unidade Local de Saúde da Guarda, EPE","40.5309916, -7.2734793",258,280,92.1
2021-10,Região de Saúde LVT,"Centro Hospitalar Universitário Lisboa Central, EPE","38.7166948, -9.1371248",5131,5916,86.7
2021-10,Região de Saúde LVT,"Centro Hospitalar de Setúbal, EPE","38.5283754, -8.8818638",2522,2709,93.1
2021-10,Região de Saúde LVT,"Centro Hospitalar Médio Tejo, EPE","39.478072, -8.5404429",2054,2461,83.5
2021-10,Região de Saúde LVT,"Hospital de Cascais, PPP","38.729006, -9.418267",3252,3534,92.0
2021-10,Região de Saúde LVT,Instituto Gama Pinto,"38.7218793, -9.144249",3189,3189,100.0
2021-10,Região de Saúde Norte,"Centro Hospitalar Póvoa de Varzim/Vila do Conde, EPE","41.3828711, -8.7589945",760,1053,72.2
2021-10,Região de Saúde Norte,"Centro Hospitalar Tâmega e Sousa, EPE","41.2494561, -8.264901",5334,6022,88.6
2021-10,Região de Saúde Norte,"Centro Hospitalar Vila Nova de Gaia/Espinho, EPE","41.1094138, -8.5972617",5988,7256,82.5
2021-10,Região de Saúde Norte,"Hospital de Braga, EPE","41.56785, -8.398982",10988,11835,92.8
2021-10,Região de Saúde Norte,"Unidade Local de Saúde de Matosinhos, EPE","41.1794456, -8.6745115",2957,3386,87.3
2021-11,Região de Saúde do Algarve,"Centro Hospitalar Universitário do Algarve, EPE","37.0238973, -7.9281554",2799,3514,79.7
2021-11,Região de Saúde do Centro,"Centro Hospitalar e Universitário de Coimbra, EPE","40.2191523, -8.4098211",7270,8751,83.1
2021-11,Região de Saúde do Centro,Hospital Dr. Francisco Zagalo,"40.8571967, -8.6318023",764,780,97.9
2021-11,Região de Saúde do Centro,"Unidade Local de Saúde de Castelo Branco, EPE","39.8212263, -7.4981271",525,833,63.0
2021-11,Região de Saúde LVT,"Centro Hospitalar de Lisboa Ocidental, EPE","38.708454, -9.216985",2596,3116,83.3
2021-11,Região de Saúde LVT,Centro Hospitalar Psiquiátrico de Lisboa,"38.7569771, -9.1460705",0,0,
2021-11,Região de Saúde LVT,"Hospital de Loures, PPP","38.821455, -9.176296",2904,3364,86.3
2021-11,Região de Saúde LVT,"Hospital Distrital de Santarém, EPE","39.2410946, -8.6937515",1911,2201,86.8
2021-11,Região de Saúde Norte,"Centro Hospitalar do Médio Ave, EPE","41.3423984, -8.4802503",2621,3066,85.5
2021-11,Região de Saúde Norte,"Centro Hospitalar Universitário do Porto, EPE","41.1472498, -8.6172617",8325,9630,86.4
2021-11,Região de Saúde Norte,"Centro Hospitalar Vila Nova de Gaia/Espinho, EPE","41.1094138, -8.5972617",6584,7983,82.5
2021-11,Região de Saúde Norte,"Unidade Local de Saúde de Matosinhos, EPE","41.1794456, -8.6745115",3340,3812,87.6
2021-12,Região de Saúde do Alentejo,"Unidade Local de Saúde do Baixo Alentejo, EPE","38.014123, -7.8721227",1050,1350,77.8
2021-12,Região de Saúde do Alentejo,"Unidade Local de Saúde do Litoral Alentejano, EPE","38.0162314, -8.6956768",1567,1709,91.7
2021-12,Região de Saúde do Centro,Centro Medicina de Reabilitação da Região Centro Rovisco Pais,"40.297919, -8.7707806",0,0,
2021-12,Região de Saúde LVT,"Centro Hospitalar Universitário Lisboa Central, EPE","38.7166948, -9.1371248",6221,7152,87.0
2021-12,Região de Saúde LVT,"Centro Hospitalar de Lisboa Ocidental, EPE","38.708454, -9.216985",2813,3371,83.4
2021-12,Região de Saúde LVT,"Hospital Professor Doutor Fernando Fonseca, EPE","38.7422257, -9.2264834",3325,3954,84.1
2021-12,Região de Saúde Norte,"Hospital de Magalhães Lemos, EPE","41.1764649, -8.6649823",0,0,
2021-12,Região de Saúde Norte,"Hospital Santa Maria Maior, EPE","41.5324234, -8.6171561",2281,2376,96.0
2022-01,Região de Saúde do Algarve,"Centro Hospitalar Universitário do Algarve, EPE","37.0238973, -7.9281554",246,309,79.6
2022-01,Região de Saúde do Centro,"Centro Hospitalar do Baixo Vouga, EPE","40.6362453, -8.6543716",502,538,93.3
2022-01,Região de Saúde do Centro,"Hospital Distrital da Figueira da Foz, EPE","40.117897, -8.8586755",251,267,94.0
2022-01,Região de Saúde LVT,Centro Hospitalar do Oeste,"39.4054629, -9.1258493",202,233,86.7
2022-01,Região de Saúde LVT,"Hospital de Vila Franca de Xira, EPE","38.977235, -8.984506",189,222,85.1
2022-01,Região de Saúde LVT,"Hospital Professor Doutor Fernando Fonseca, EPE","38.7422257, -9.2264834",436,464,94.0
2022-01,Região de Saúde LVT,Instituto Gama Pinto,"38.7218793, -9.144249",237,237,100.0
2022-01,Região de Saúde LVT,"Instituto Português Oncologia de Lisboa, EPE","38.7396768, -9.1634516",17,74,23.0
2022-01,Região de Saúde Norte,"Centro Hospitalar do Médio Ave, EPE","41.3423984, -8.4802503",170,213,79.8
2022-01,Região de Saúde Norte,"Centro Hospitalar Trás-os-Montes e Alto Douro, EPE","41.3031784, -7.7515252",516,558,92.5
2022-01,Região de Saúde Norte,"Instituto Português Oncologia do Porto, EPE","41.1785642, -8.6062881",44,129,34.1
2022-01,Região de Saúde Norte,"Unidade Local de Saúde do Alto Minho, EPE","41.7056054, -8.8252713",329,402,81.8
2022-02,Região de Saúde do Alentejo,"Unidade Local de Saúde do Litoral Alentejano, EPE","38.0162314, -8.6956768",247,272,90.8
2022-02,Região de Saúde do Centro,Hospital Arcebispo João Crisóstomo,"40.3470015, -8.5933462",47,47,100.0
2022-02,Região de Saúde do Centro,"Unidade Local de Saúde de Castelo Branco, EPE","39.8212263, -7.4981271",143,216,66.2
2022-02,Região de Saúde LVT,"Centro Hospitalar Barreiro/Montijo, EPE","38.6554005, -9.0592392",272,333,81.7
2022-02,Região de Saúde LVT,"Centro Hospitalar Universitário Lisboa Central, EPE","38.7166948, -9.1371248",1070,1175,91.1
2022-02,Região de Saúde LVT,Instituto Gama Pinto,"38.7218793, -9.144249",553,553,100.0
2022-02,Região de Saúde LVT,"Instituto Português Oncologia de Lisboa, EPE","38.7396768, -9.1634516",38,166,22.9
2022-02,Região de Saúde Norte,"Hospital da Senhora da Oliveira, Guimarães, EPE","41.4387173, -8.3086907",493,576,85.6
2022-03,Região de Saúde do Centro,"Centro Hospitalar Universitário Cova da Beira, EPE","40.2804158, -7.4922407",412,466,88.4
2022-03,Região de Saúde LVT,"Centro Hospitalar Barreiro/Montijo, EPE","38.6554005, -9.0592392",446,554,80.5
2022-03,Região de Saúde LVT,"Centro Hospitalar de Setúbal, EPE","38.5283754, -8.8818638",831,889,93.5
2022-03,Região de Saúde LVT,"Hospital de Cascais, PPP","38.729006, -9.418267",1129,1200,94.1
2022-03,Região de Saúde Norte,"Centro Hospitalar Entre Douro e Vouga, EPE","40.9293884, -8.5458794",1645,1836,89.6
2022-03,Região de Saúde Norte,"Centro Hospitalar Póvoa de Varzim/Vila do Conde, EPE","41.3828711, -8.7589945",285,407,70.0
2022-03,Região de Saúde Norte,"Hospital de Braga, EPE","41.56785, -8.398982",2707,2929,92.4
2022-04,Região de Saúde do Centro,"Centro Hospitalar e Universitário de Coimbra, EPE","40.2191523, -8.4098211",3378,4017,84.1
2022-04,Região de Saúde LVT,"Centro Hospitalar de Lisboa Ocidental, EPE","38.708454, -9.216985",1137,1418,80.2
2022-04,Região de Saúde LVT,"Centro Hospitalar Médio Tejo, EPE","39.478072, -8.5404429",927,1134,81.7
2022-04,Região de Saúde LVT,"Hospital Professor Doutor Fernando Fonseca, EPE","38.7422257, -9.2264834",1711,1877,91.2
2022-04,Região de Saúde LVT,"Hospital Garcia de Orta, EPE","38.6658713, -9.1822554",1290,1407,91.7
2022-04,Região de Saúde LVT,Instituto Gama Pinto,"38.7218793, -9.144249",1040,1040,100.0
2022-04,Região de Saúde Norte,"Centro Hospitalar Universitário do Porto, EPE","41.1472498, -8.6172617",3523,4025,87.5
2022-04,Região de Saúde Norte,"Centro Hospitalar Tâmega e Sousa, EPE","41.2494561, -8.264901",2365,2649,89.3
2022-04,Região de Saúde Norte,"Hospital de Braga, EPE","41.56785, -8.398982",3808,4109,92.7
2022-04,Região de Saúde Norte,"Hospital Santa Maria Maior, EPE","41.5324234, -8.6171561",867,900,96.3
2022-05,Região de Saúde do Centro,"Centro Hospitalar de Leiria, EPE","39.7414812, -8.7982706",2830,3067,92.3
2022-05,Região de Saúde LVT,"Centro Hospitalar de Lisboa Ocidental, EPE","38.708454, -9.216985",1465,1814,80.8
2022-05,Região de Saúde LVT,"Hospital de Cascais, PPP","38.729006, -9.418267",1882,2000,94.1
2022-05,Região de Saúde LVT,"Hospital Distrital de Santarém, EPE","39.2410946, -8.6937515",977,1169,83.6
2022-05,Região de Saúde LVT,"Hospital Professor Doutor Fernando Fonseca, EPE","38.7422257, -9.2264834",2090,2320,90.1
2022-05,Região de Saúde LVT,"Hospital Garcia de Orta, EPE","38.6658713, -9.1822554",1634,1797,90.9
2022-05,Região de Saúde LVT,Instituto Gama Pinto,"38.7218793, -9.144249",1273,1273,100.0
2022-05,Região de Saúde Norte,"Centro Hospitalar Universitário de São João, EPE","41.1831056, -8.6010558",3767,4801,78.5
2022-05,Região de Saúde Norte,"Centro Hospitalar Universitário do Porto, EPE","41.1472498, -8.6172617",4451,5074,87.7
2022-05,Região de Saúde Norte,"Centro Hospitalar Póvoa de Varzim/Vila do Conde, EPE","41.3828711, -8.7589945",442,644,68.6
2022-05,Região de Saúde Norte,"Centro Hospitalar Tâmega e Sousa, EPE","41.2494561, -8.264901",2850,3192,89.3
2022-05,Região de Saúde Norte,"Unidade Local de Saúde do Nordeste, EPE","41.8056532, -6.7888197",1247,1436,86.8
2022-06,Região de Saúde do Centro,Hospital Arcebispo João Crisóstomo,"40.3470015, -8.5933462",139,139,100.0
2022-06,Região de Saúde LVT,Centro Hospitalar Psiquiátrico de Lisboa,"38.7569771, -9.1460705",0,0,
2022-06,Região de Saúde LVT,"Hospital Professor Doutor Fernando Fonseca, EPE","38.7422257, -9.2264834",2475,2740,90.3
2022-06,Região de Saúde LVT,Instituto Gama Pinto,"38.7218793, -9.144249",1509,1509,100.0
2022-06,Região de Saúde Norte,"Hospital Santa Maria Maior, EPE","41.5324234, -8.6171561",1334,1384,96.4
2022-07,Região de Saúde do Alentejo,"Unidade Local de Saúde do Litoral Alentejano, EPE","38.0162314, -8.6956768",921,1005,91.6
2022-07,Região de Saúde do Centro,"Centro Hospitalar Universitário Cova da Beira, EPE","40.2804158, -7.4922407",1041,1185,87.8
2022-07,Região de Saúde do Centro,"Unidade Local de Saúde de Castelo Branco, EPE","39.8212263, -7.4981271",585,812,72.0
2022-07,Região de Saúde LVT,Centro Hospitalar do Oeste,"39.4054629, -9.1258493",1438,1670,86.1
2022-07,Região de Saúde LVT,"Hospital de Vila Franca de Xira, EPE","38.977235, -8.984506",1386,1613,85.9
2022-07,Região de Saúde Norte,"Centro Hospitalar Universitário de São João, EPE","41.1831056, -8.6010558",5136,6535,78.6
2022-07,Região de Saúde Norte,"Centro Hospitalar Universitário do Porto, EPE","41.1472498, -8.6172617",6055,6874,88.1
2022-07,Região de Saúde Norte,"Centro Hospitalar Entre Douro e Vouga, EPE","40.9293884, -8.5458794",4085,4529,90.2
2022-07,Região de Saúde Norte,"Centro Hospitalar Póvoa de Varzim/Vila do Conde, EPE","41.3828711, -8.7589945",626,877,71.4
2022-08,Região de Saúde do Centro,"Centro Hospitalar Universitário Cova da Beira, EPE","40.2804158, -7.4922407",1113,1292,86.1
2022-08,Região de Saúde do Centro,"Centro Hospitalar do Baixo Vouga, EPE","40.6362453, -8.6543716",3538,4024,87.9
2022-08,Região de Saúde do Centro,Centro Medicina de Reabilitação da Região Centro Rovisco Pais,"40.297919, -8.7707806",0,0,
2022-08,Região de Saúde do Centro,"Unidade Local de Saúde de Castelo Branco, EPE","39.8212263, -7.4981271",597,832,71.8
2022-08,Região de Saúde LVT,"Centro Hospitalar de Lisboa Ocidental, EPE","38.708454, -9.216985",2207,2742,80.5
2022-08,Região de Saúde LVT,Centro Hospitalar do Oeste,"39.4054629, -9.1258493",1587,1839,86.3
2022-08,Região de Saúde LVT,Centro Hospitalar Psiquiátrico de Lisboa,"38.7569771, -9.1460705",0,0,
2022-08,Região de Saúde Norte,"Hospital da Senhora da Oliveira, Guimarães, EPE","41.4387173, -8.3086907",2187,2535,86.3
2022-09,Região de Saúde do Centro,"Centro Hospitalar Universitário Cova da Beira, EPE","40.2804158, -7.4922407",1295,1495,86.6
2022-09,Região de Saúde do Centro,"Centro Hospitalar de Leiria, EPE","39.7414812, -8.7982706",5047,5428,93.0
2022-09,Região de Saúde do Centro,"Centro Hospitalar e Universitário de Coimbra, EPE","40.2191523, -8.4098211",6647,7946,83.7
2022-09,Região de Saúde do Centro,Centro Medicina de Reabilitação da Região Centro Rovisco Pais,"40.297919, -8.7707806",0,0,
2022-09,Região de Saúde do Centro,"Instituto Português Oncologia de Coimbra, EPE","40.2162514, -8.4103814",119,440,27.0
2022-09,Região de Saúde LVT,"Centro Hospitalar de Setúbal, EPE","38.5283754, -8.8818638",2877,3061,94.0
2022-09,Região de Saúde LVT,Centro Hospitalar do Oeste,"39.4054629, -9.1258493",1832,2109,86.9
2022-09,Região de Saúde LVT,"Centro Hospitalar Universitário de Lisboa Norte, EPE","38.7500861, -9.1616116",4884,5448,89.6
2022-09,Região de Saúde Norte,"Centro Hospitalar Póvoa de Varzim/Vila do Conde, EPE","41.3828711, -8.7589945",775,1101,70.4
2022-09,Região de Saúde Norte,"Centro Hospitalar Trás-os-Montes e Alto Douro, EPE","41.3031784, -7.7515252",3833,4340,88.3
2022-09,Região de Saúde Norte,"Hospital de Magalhães Lemos, EPE","41.1764649, -8.6649823",0,0,
2022-10,Região de Saúde do Centro,"Centro Hospitalar de Leiria, EPE","39.7414812, -8.7982706",5711,6140,93.0
2022-10,Região de Saúde do Centro,Centro Medicina de Reabilitação da Região Centro Rovisco Pais,"40.297919, -8.7707806",0,0,
2022-10,Região de Saúde do Centro,"Hospital Distrital da Figueira da Foz, EPE","40.117897, -8.8586755",2642,2835,93.2
2022-10,Região de Saúde do Centro,Hospital Dr. Francisco Zagalo,"40.8571967, -8.6318023",652,662,98.5
2022-10,Região de Saúde do Centro,"Unidade Local de Saúde de Castelo Branco, EPE","39.8212263, -7.4981271",820,1114,73.6
2022-10,Região de Saúde LVT,"Centro Hospitalar de Setúbal, EPE","38.5283754, -8.8818638",3190,3401,93.8
2022-10,Região de Saúde LVT,Centro Hospitalar do Oeste,"39.4054629, -9.1258493",2044,2366,86.4
2022-10,Região de Saúde LVT,"Centro Hospitalar Universitário de Lisboa Norte, EPE","38.7500861, -9.1616116",5381,6019,89.4
2022-10,Região de Saúde LVT,"Hospital Professor Doutor Fernando Fonseca, EPE","38.7422257, -9.2264834",4048,4516,89.6
2022-10,Região de Saúde Norte,"Centro Hospitalar Universitário de São João, EPE","41.1831056, -8.6010558",7016,8988,78.1
2022-10,Região de Saúde Norte,"Centro Hospitalar Tâmega e Sousa, EPE","41.2494561, -8.264901",5628,6304,89.3
2022-10,Região de Saúde Norte,"Hospital de Magalhães Lemos, EPE","41.1764649, -8.6649823",0,0,
2022-10,Região de Saúde Norte,"Unidade Local de Saúde de Matosinhos, EPE","41.1794456, -8.6745115",3627,4040,89.8
2022-10,Região de Saúde Norte,"Unidade Local de Saúde do Nordeste, EPE","41.8056532, -6.7888197",2523,2883,87.5
2022-11,Região de Saúde do Centro,Centro Medicina de Reabilitação da Região Centro Rovisco Pais,"40.297919, -8.7707806",0,0,
2022-11,Região de Saúde LVT,"Centro Hospitalar Universitário Lisboa Central, EPE","38.7166948, -9.1371248",5455,6194,88.1
2022-11,Região de Saúde LVT,"Centro Hospitalar Universitário de Lisboa Norte, EPE","38.7500861, -9.1616116",5838,6558,89.0
2022-11,Região de Saúde LVT,"Hospital de Cascais, PPP","38.729006, -9.418267",3933,4260,92.3
2022-11,Região de Saúde Norte,"Centro Hospitalar Universitário do Porto, EPE","41.1472498, -8.6172617",9219,10410,88.6
2022-12,Região de Saúde do Alentejo,"Unidade Local de Saúde do Baixo Alentejo, EPE","38.014123, -7.8721227",1185,1455,81.4
2022-12,Região de Saúde do Alentejo,"Unidade Local de Saúde do Norte Alentejano, EPE","39.3003425, -7.4263845",1514,1661,91.1
2022-12,Região de Saúde do Centro,"Centro Hospitalar e Universitário de Coimbra, EPE","40.2191523, -8.4098211",9276,10983,84.5
2022-12,Região de Saúde LVT,"Centro Hospitalar Universitário Lisboa Central, EPE","38.7166948, -9.1371248",5999,6805,88.2
2022-12,Região de Saúde LVT,"Hospital de Cascais, PPP","38.729006, -9.418267",4136,4491,92.1
2022-12,Região de Saúde LVT,"Hospital Professor Doutor Fernando Fonseca, EPE","38.7422257, -9.2264834",4667,5254,88.8
2022-12,Região de Saúde LVT,"Instituto Português Oncologia de Lisboa, EPE","38.7396768, -9.1634516",233,1056,22.1
2022-12,Região de Saúde Norte,"Centro Hospitalar do Médio Ave, EPE","41.3423984, -8.4802503",2499,3019,82.8
2022-12,Região de Saúde Norte,"Centro Hospitalar Trás-os-Montes e Alto Douro, EPE","41.3031784, -7.7515252",5276,5949,88.7
2022-12,Região de Saúde Norte,"Centro Hospitalar Vila Nova de Gaia/Espinho, EPE","41.1094138, -8.5972617",7493,8973,83.5
2022-12,Região de Saúde Norte,"Hospital de Magalhães Lemos, EPE","41.1764649, -8.6649823",0,0,
2022-12,Região de Saúde Norte,"Instituto Português Oncologia do Porto, EPE","41.1785642, -8.6062881",732,1727,42.4
2023-01,Região de Saúde do Centro,"Unidade Local de Saúde da Guarda, EPE","40.5309916, -7.2734793",43,54,79.6
2023-01,Região de Saúde LVT,"Centro Hospitalar Médio Tejo, EPE","39.478072, -8.5404429",334,405,82.5
2023-01,Região de Saúde Norte,"Centro Hospitalar Universitário de São João, EPE","41.1831056, -8.6010558",845,1087,77.7
2023-01,Região de Saúde Norte,"Centro Hospitalar Tâmega e Sousa, EPE","41.2494561, -8.264901",603,650,92.8
2023-01,Região de Saúde Norte,"Hospital de Braga, EPE","41.56785, -8.398982",723,825,87.6
2023-01,Região de Saúde Norte,"Unidade Local de Saúde do Alto Minho, EPE","41.7056054, -8.8252713",456,495,92.1
2023-01,Região de Saúde Norte,"Unidade Local de Saúde do Nordeste, EPE","41.8056532, -6.7888197",318,373,85.3
2023-02,Região de Saúde do Centro,"Centro Hospitalar de Leiria, EPE","39.7414812, -8.7982706",1380,1456,94.8
2023-02,Região de Saúde LVT,"Centro Hospitalar de Setúbal, EPE","38.5283754, -8.8818638",779,834,93.4
2023-02,Região de Saúde Norte,"Centro Hospitalar Vila Nova de Gaia/Espinho, EPE","41.1094138, -8.5972617",1263,1550,81.5
2023-02,Região de Saúde Norte,"Unidade Local de Saúde do Nordeste, EPE","41.8056532, -6.7888197",545,648,84.1
2023-03,Região de Saúde do Centro,"Centro Hospitalar do Baixo Vouga, EPE","40.6362453, -8.6543716",1304,1516,86.0
2023-03,Região de Saúde do Centro,"Centro Hospitalar e Universitário de Coimbra, EPE","40.2191523, -8.4098211",2995,3452,86.8
2023-03,Região de Saúde do Centro,"Hospital Distrital da Figueira da Foz, EPE","40.117897, -8.8586755",793,842,94.2
2023-03,Região de Saúde LVT,Centro Hospitalar do Oeste,"39.4054629, -9.1258493",917,1020,89.9
2023-03,Região de Saúde LVT,Instituto Gama Pinto,"38.7218793, -9.144249",1048,1048,100.0
2023-03,Região de Saúde Norte,"Unidade Local de Saúde do Nordeste, EPE","41.8056532, -6.7888197",838,1011,82.9
2023-04,Região de Saúde do Alentejo,"Unidade Local de Saúde do Baixo Alentejo, EPE","38.014123, -7.8721227",532,677,78.6
2023-04,Região de Saúde do Algarve,"Centro Hospitalar Universitário do Algarve, EPE","37.0238973, -7.9281554",1358,1590,85.4
2023-04,Região de Saúde do Centro,"Centro Hospitalar de Leiria, EPE","39.7414812, -8.7982706",2697,2850,94.6
2023-04,Região de Saúde do Centro,"Unidade Local de Saúde da Guarda, EPE","40.5309916, -7.2734793",233,287,81.2
2023-04,Região de Saúde LVT,"Centro Hospitalar Universitário de Lisboa Norte, EPE","38.7500861, -9.1616116",2271,2621,86.6
2023-04,Região de Saúde LVT,Centro Hospitalar Psiquiátrico de Lisboa,"38.7569771, -9.1460705",0,0,
2023-04,Região de Saúde LVT,"Hospital Distrital de Santarém, EPE","39.2410946, -8.6937515",319,481,66.3
2023-04,Região de Saúde LVT,Instituto Gama Pinto,"38.7218793, -9.144249",1386,1386,100.0
2023-04,Região de Saúde LVT,"Instituto Português Oncologia de Lisboa, EPE","38.7396768, -9.1634516",130,385,33.8
2023-04,Região de Saúde Norte,"Centro Hospitalar Universitário de São João, EPE","41.1831056, -8.6010558",3120,4112,75.9
2023-04,Região de Saúde Norte,"Centro Hospitalar Póvoa de Varzim/Vila do Conde, EPE","41.3828711, -8.7589945",447,614,72.8
2023-04,Região de Saúde Norte,"Instituto Português Oncologia do Porto, EPE","41.1785642, -8.6062881",172,460,37.4
2023-04,Região de Saúde Norte,"Unidade Local de Saúde do Alto Minho, EPE","41.7056054, -8.8252713",1797,2012,89.3
2023-05,Região de Saúde LVT,Centro Hospitalar Psiquiátrico de Lisboa,"38.7569771, -9.1460705",0,0,
2023-05,Região de Saúde LVT,"Instituto Português Oncologia de Lisboa, EPE","38.7396768, -9.1634516",160,476,33.6
2023-05,Região de Saúde Norte,"Centro Hospitalar do Médio Ave, EPE","41.3423984, -8.4802503",1204,1411,85.3
2023-05,Região de Saúde Norte,"Centro Hospitalar Entre Douro e Vouga, EPE","40.9293884, -8.5458794",2773,3118,88.9
2023-05,Região de Saúde Norte,"Centro Hospitalar Trás-os-Montes e Alto Douro, EPE","41.3031784, -7.7515252",2673,2959,90.3
2023-05,Região de Saúde Norte,"Unidade Local de Saúde do Alto Minho, EPE","41.7056054, -8.8252713",2386,2649,90.1
2023-06,Região de Saúde do Alentejo,"Unidade Local de Saúde do Baixo Alentejo, EPE","38.014123, -7.8721227",790,1017,77.7
2023-06,Região de Saúde do Centro,"Centro Hospitalar Universitário Cova da Beira, EPE","40.2804158, -7.4922407",1193,1352,88.2
2023-06,Região de Saúde do Centro,Centro Medicina de Reabilitação da Região Centro Rovisco Pais,"40.297919, -8.7707806",0,0,
2023-06,Região de Saúde do Centro,Hospital Arcebispo João Crisóstomo,"40.3470015, -8.5933462",200,200,100.0
2023-06,Região de Saúde LVT,"Centro Hospitalar Barreiro/Montijo, EPE","38.6554005, -9.0592392",933,1139,81.9
2023-06,Região de Saúde LVT,"Centro Hospitalar de Setúbal, EPE","38.5283754, -8.8818638",2053,2186,93.9
2023-06,Região de Saúde LVT,"Hospital de Cascais, PPP","38.729006, -9.418267",1873,2036,92.0
2023-06,Região de Saúde Norte,"Centro Hospitalar Universitário de Santo António, EPE","41.1472498, -8.6172617",5428,6097,89.0
2023-06,Região de Saúde Norte,"Centro Hospitalar Vila Nova de Gaia/Espinho, EPE","41.1094138, -8.5972617",3726,4506,82.7
2023-06,Região de Saúde Norte,"Instituto Português Oncologia do Porto, EPE","41.1785642, -8.6062881",272,697,39.0
2023-07,Região de Saúde do Centro,"Centro Hospitalar Universitário Cova da Beira, EPE","40.2804158, -7.4922407",1370,1554,88.2
2023-07,Região de Saúde do Centro,"Centro Hospitalar de Leiria, EPE","39.7414812, -8.7982706",4664,4888,95.4
2023-07,Região de Saúde LVT,"Centro Hospitalar Universitário Lisboa Central, EPE","38.7166948, -9.1371248",3278,3695,88.7
2023-07,Região de Saúde LVT,"Hospital de Cascais, PPP","38.729006, -9.418267",2047,2228,91.9
2023-07,Região de Saúde Norte,"Centro Hospitalar do Médio Ave, EPE","41.3423984, -8.4802503",1580,1849,85.5
2023-07,Região de Saúde Norte,"Centro Hospitalar Póvoa de Varzim/Vila do Conde, EPE","41.3828711, -8.7589945",763,1022,74.7
2023-07,Região de Saúde Norte,"Centro Hospitalar Vila Nova de Gaia/Espinho, EPE","41.1094138, -8.5972617",4337,5234,82.9
2023-07,Região de Saúde Norte,"Hospital da Senhora da Oliveira, Guimarães, EPE","41.4387173, -8.3086907",2215,2669,83.0
2023-07,Região de Saúde Norte,"Instituto Português Oncologia do Porto, EPE","41.1785642, -8.6062881",325,806,40.3
2023-08,Região de Saúde do Alentejo,"Unidade Local de Saúde do Baixo Alentejo, EPE","38.014123, -7.8721227",1028,1324,77.6
2023-08,Região de Saúde do Centro,Hospital Arcebispo João Crisóstomo,"40.3470015, -8.5933462",256,256,100.0
2023-08,Região de Saúde LVT,"Centro Hospitalar Barreiro/Montijo, EPE","38.6554005, -9.0592392",1078,1367,78.9
2023-08,Região de Saúde LVT,"Hospital Professor Doutor Fernando Fonseca, EPE","38.7422257, -9.2264834",3107,3542,87.7
2023-08,Região de Saúde Norte,"Instituto Português Oncologia do Porto, EPE","41.1785642, -8.6062881",344,879,39.1
2023-08,Região de Saúde Norte,"Unidade Local de Saúde de Matosinhos, EPE","41.1794456, -8.6745115",2922,3207,91.1
2023-09,Região de Saúde do Centro,"Centro Hospitalar do Baixo Vouga, EPE","40.6362453, -8.6543716",3729,4376,85.2
2023-09,Região de Saúde do Centro,Hospital Dr. Francisco Zagalo,"40.8571967, -8.6318023",494,502,98.4
2023-09,Região de Saúde do Centro,"Unidade Local de Saúde da Guarda, EPE","40.5309916, -7.2734793",619,723,85.6
2023-09,Região de Saúde Norte,"Centro Hospitalar do Médio Ave, EPE","41.3423984, -8.4802503",1835,2175,84.4
2023-09,Região de Saúde Norte,"Centro Hospitalar Vila Nova de Gaia/Espinho, EPE","41.1094138, -8.5972617",5555,6692,83.0
2023-09,Região de Saúde Norte,"Instituto Português Oncologia do Porto, EPE","41.1785642, -8.6062881",376,979,38.4
2023-09,Região de Saúde Norte,"Unidade Local de Saúde de Matosinhos, EPE","41.1794456, -8.6745115",3340,3659,91.3
2023-10,Região de Saúde do Alentejo,"Unidade Local de Saúde do Litoral Alentejano, EPE","38.0162314, -8.6956768",1892,2037,92.9
2023-10,Região de Saúde do Centro,"Centro Hospitalar Universitário Cova da Beira, EPE","40.2804158, -7.4922407",1823,2086,87.4
2023-10,Região de Saúde do Centro,Hospital Dr. Francisco Zagalo,"40.8571967, -8.6318023",581,589,98.6
2023-10,Região de Saúde LVT,"Hospital Garcia de Orta, EPE","38.6658713, -9.1822554",3816,4240,90.0
2023-10,Região de Saúde Norte,"Centro Hospitalar Tâmega e Sousa, EPE","41.2494561, -8.264901",6030,6696,90.1
2023-10,Região de Saúde Norte,"Hospital da Senhora da Oliveira, Guimarães, EPE","41.4387173, -8.3086907",3402,4048,84.0
2023-10,Região de Saúde Norte,"Unidade Local de Saúde de Matosinhos, EPE","41.1794456, -8.6745115",3757,4103,91.6
2023-10,Região de Saúde Norte,"Unidade Local de Saúde do Nordeste, EPE","41.8056532, -6.7888197",2550,3035,84.0
2023-11,Região de Saúde do Algarve,"Centro Hospitalar Universitário do Algarve, EPE","37.0238973, -7.9281554",4392,5053,86.9
2023-11,Região de Saúde do Centro,"Centro Hospitalar de Leiria, EPE","39.7414812, -8.7982706",7106,7487,94.9
2023-11,Região de Saúde do Centro,"Centro Hospitalar do Baixo Vouga, EPE","40.6362453, -8.6543716",4537,5309,85.5
2023-11,Região de Saúde do Centro,"Unidade Local de Saúde de Castelo Branco, EPE","39.8212263, -7.4981271",874,1240,70.5
2023-11,Região de Saúde LVT,"Centro Hospitalar de Lisboa Ocidental, EPE","38.708454, -9.216985",3673,4375,84.0
2023-11,Região de Saúde LVT,"Centro Hospitalar Universitário de Lisboa Norte, EPE","38.7500861, -9.1616116",6444,7300,88.3
2023-11,Região de Saúde LVT,Centro Hospitalar Psiquiátrico de Lisboa,"38.7569771, -9.1460705",0,0,
2023-11,Região de Saúde LVT,"Hospital de Loures, EPE","38.821455, -9.176296",2577,2890,89.2
2023-11,Região de Saúde LVT,"Hospital Garcia de Orta, EPE","38.6658713, -9.1822554",4242,4698,90.3
2023-11,Região de Saúde LVT,Instituto Gama Pinto,"38.7218793, -9.144249",3592,3592,100.0
2023-11,Região de Saúde Norte,"Centro Hospitalar Tâmega e Sousa, EPE","41.2494561, -8.264901",6620,7342,90.2
2023-11,Região de Saúde Norte,"Hospital de Braga, EPE","41.56785, -8.398982",12263,13104,93.6
2023-11,Região de Saúde Norte,"Instituto Português Oncologia do Porto, EPE","41.1785642, -8.6062881",463,1215,38.1
2023-11,Região de Saúde Norte,"Unidade Local de Saúde do Alto Minho, EPE","41.7056054, -8.8252713",5018,5517,91.0
2023-11,Região de Saúde Norte,"Unidade Local de Saúde do Nordeste, EPE","41.8056532, -6.7888197",2824,3348,84.3
2023-12,Região de Saúde do Algarve,"Centro Hospitalar Universitário do Algarve, EPE","37.0238973, -7.9281554",4610,5323,86.6
2023-12,Região de Saúde do Centro,"Centro Hospitalar e Universitário de Coimbra, EPE","40.2191523, -8.4098211",10034,11629,86.3
2023-12,Região de Saúde do Centro,Centro Medicina de Reabilitação da Região Centro Rovisco Pais,"40.297919, -8.7707806",0,0,
2023-12,Região de Saúde do Centro,"Hospital Distrital da Figueira da Foz, EPE","40.117897, -8.8586755",3130,3261,96.0
2023-12,Região de Saúde do Centro,"Instituto Português Oncologia de Coimbra, EPE","40.2162514, -8.4103814",129,422,30.6
2023-12,Região de Saúde LVT,Centro Hospitalar do Oeste,"39.4054629, -9.1258493",3541,3919,90.4
2023-12,Região de Saúde Norte,"Centro Hospitalar Póvoa de Varzim/Vila do Conde, EPE","41.3828711, -8.7589945",1217,1656,73.5
2023-12,Região de Saúde Norte,"Centro Hospitalar Universitário de Santo António, EPE","41.1472498, -8.6172617",9608,10829,88.7
2023-12,Região de Saúde Norte,"Hospital de Braga, EPE","41.56785, -8.398982",13100,14019,93.4
2024-01,Região de Saúde Norte,"Unidade Local de Saúde de Barcelos/Esposende, EPE","41.533438, -8.616604",260,261,99.6
2024-01,Região de Saúde Norte,"Unidade Local de Saúde de Braga, EPE","41.562328338623, -8.3",640,697,91.8
2024-01,Região de Saúde LVT,"Unidade Local de Saúde de Loures-Odivelas, EPE","38.821769, -9.176301",266,300,88.7
2024-01,Região de Saúde Norte,"Unidade Local de Saúde de São João, EPE","41.1833, -8.60193",743,973,76.4
2024-01,Região de Saúde Norte,"Unidade Local de Saúde de Trás-os-Montes e Alto Douro, EPE","41.310331, -7.760103",639,684,93.4
2024-01,Região de Saúde Norte,"Unidade Local de Saúde do Médio Ave, EPE","41.3422317504883, -8.0",267,291,91.8
2024-01,Região de Saúde LVT,"Unidade Local de Saúde do Oeste, EPE","39.4055519104004, -9.0",302,334,90.4
2025-01,Região de Saúde LVT,"Hospital de Cascais, PPP","38.730076, -9.418207",484,510,94.9
2025-01,Região de Saúde do Centro,"Unidade Local de Saúde Castelo Branco, EPE","39.822737, -7.499876",38,67,56.7
2025-01,Região de Saúde LVT,"Unidade Local de Saúde da Arrábida, EPE","38.529351, -8.881073",488,517,94.4
2025-01,Região de Saúde do Centro,"Unidade Local de Saúde da Cova da Beira, EPE","40.2776794433594, -7.0",173,207,83.6
2025-01,Região de Saúde Norte,"Unidade Local de Saúde da Póvoa de Varzim/Vila do Conde, EPE","41.383183, -8.758784",104,148,70.3
2025-01,Região de Saúde Norte,"Unidade Local de Saúde de Entre Douro e Vouga, EPE","40.9295, -8.54567",607,666,91.1
2025-01,Região de Saúde Norte,"Unidade Local de Saúde de Matosinhos, EPE","41.181859, -8.663374",305,315,96.8
2025-01,Região de Saúde LVT,"Unidade Local de Saúde de São José, EPE","38.7169, -9.13654",1092,1148,95.1
2025-01,Região de Saúde Norte,"Unidade Local de Saúde de Vila Nova de Gaia/Espinho, EPE","41.1254463195801, -8.0",783,918,85.3
2025-01,Região de Saúde LVT,"Unidade Local de Saúde do Arco Ribeirinho, EPE","38.6527214050293, -9.0",193,216,89.4
2025-01,Região de Saúde do Centro,"Unidade Local de Saúde do Baixo Mondego, EPE","40.130297609, -8.8606",273,284,96.1
2025-01,Região de Saúde Norte,"Unidade Local de Saúde do Nordeste, EPE","41.802452, -6.768198",253,291,86.9
2026-01,Região de Saúde LVT,"Unidade Local de Saúde da Lezíria, EPE","39.232503, -8.715083",90,96,93.8
2026-01,Região de Saúde Norte,"Unidade Local de Saúde da Póvoa de Varzim/Vila do Conde, EPE","41.383183, -8.758784",134,184,72.8
2026-01,Região de Saúde do Centro,"Unidade Local de Saúde da Região de Aveiro, EPE","40.636332, -8.654388",380,392,96.9
2026-01,Região de Saúde Norte,"Unidade Local de Saúde de Vila Nova de Gaia/Espinho, EPE","41.1254463195801, -8.0",718,758,94.7
2026-01,Região de Saúde do Alentejo,"Unidade Local de Saúde do Alto Alentejo, EPE","39.2999, -7.4267",92,98,93.9
2026-01,Região de Saúde Norte,"Unidade Local de Saúde do Alto Minho, EPE","41.697519, -8.832517",519,558,93.0
2026-01,Região de Saúde do Centro,"Unidade Local de Saúde do Baixo Mondego, EPE","40.130297609, -8.8606",244,245,99.6
2026-01,Região de Saúde LVT,"Unidade Local de Saúde do Estuário do Tejo, EPE","38.977344, -8.984882",170,173,98.3
2026-01,Região de Saúde do Alentejo,"Unidade Local de Saúde do Litoral Alentejano, EPE","38.039936, -8.731693",245,245,100.0
2026-01,Região de Saúde LVT,"Unidade Local de Saúde do Médio Tejo, EPE","39.605565, -8.404399",227,262,86.6
2024-02,Região de Saúde Norte,"Instituto Português Oncologia  F. Gentil - Porto, E.P.E.","41.1811, -8.60469",83,253,32.8
2024-02,Região de Saúde do Centro,"Unidade Local de Saúde Castelo Branco, EPE","39.822737, -7.499876",285,376,75.8
2024-02,Região de Saúde LVT,"Unidade Local de Saúde da Arrábida, EPE","38.529351, -8.881073",774,807,95.9
2024-02,Região de Saúde Norte,"Unidade Local de Saúde da Póvoa de Varzim/Vila do Conde, EPE","41.383183, -8.758784",237,342,69.3
2024-02,Região de Saúde do Centro,"Unidade Local de Saúde da Região de Leiria, EPE","39.7418, -8.79444",1336,1430,93.4
2024-02,Região de Saúde LVT,"Unidade Local de Saúde de Almada-Seixal, EPE","38.67381, -9.17597",736,805,91.4
2024-02,Região de Saúde do Centro,"Unidade Local de Saúde de Dão-Lafões, EPE","40.6509, -7.91039",1004,1064,94.4
2024-02,Região de Saúde Norte,"Unidade Local de Saúde de Entre Douro e Vouga, EPE","40.9295, -8.54567",1032,1152,89.6
2024-02,Região de Saúde do Alentejo,"Unidade Local de Saúde do Alto Alentejo, EPE","39.2999, -7.4267",453,481,94.2
2024-02,Região de Saúde LVT,"Unidade Local de Saúde do Médio Tejo, EPE","39.605565, -8.404399",685,865,79.2
2024-02,Região de Saúde Norte,"Unidade Local de Saúde do Tâmega e Sousa, EPE","41.1971153671548, -8.0",1388,1498,92.7
2025-02,Região de Saúde Norte,"Unidade Local de Saúde de Barcelos/Esposende, EPE","41.533438, -8.616604",523,526,99.4
2025-02,Região de Saúde Norte,"Unidade Local de Saúde de Entre Douro e Vouga, EPE","40.9295, -8.54567",1163,1284,90.6
2025-02,Região de Saúde LVT,"Unidade Local de Saúde de Lisboa Ocidental, EPE","38.7084, -9.21711",599,707,84.7
2025-02,Região de Saúde LVT,"Unidade Local de Saúde de Loures-Odivelas, EPE","38.821769, -9.176301",668,743,89.9
2025-02,Região de Saúde Norte,"Unidade Local de Saúde de Santo António, EPE","41.147283, -8.619536",2076,2280,91.1
2025-02,Região de Saúde LVT,"Unidade Local de Saúde do Arco Ribeirinho, EPE","38.6527214050293, -9.0",401,436,92.0
2025-02,Região de Saúde do Alentejo,"Unidade Local de Saúde do Baixo Alentejo, EPE","38.0146, -7.86863",256,305,83.9
2025-02,Região de Saúde LVT,"Unidade Local de Saúde do Médio Tejo, EPE","39.605565, -8.404399",665,778,85.5
2025-02,Região de Saúde LVT,"Unidade Local de Saúde do Oeste, EPE","39.4055519104004, -9.0",665,711,93.5
2026-02,Região de Saúde Norte,"Unidade Local de Saúde da Póvoa de Varzim/Vila do Conde, EPE","41.383183, -8.758784",261,361,72.3
2026-02,Região de Saúde do Centro,"Unidade Local de Saúde da Região de Leiria, EPE","39.7418, -8.79444",877,884,99.2
2026-02,Região de Saúde LVT,"Unidade Local de Saúde de Almada-Seixal, EPE","38.67381, -9.17597",768,797,96.4
2026-02,Região de Saúde LVT,"Unidade Local de Saúde de Amadora/Sintra, EPE","38.7436332060551, -9.0",1038,1161,89.4
2026-02,Região de Saúde Norte,"Unidade Local de Saúde de São João, EPE","41.1833, -8.60193",937,1234,75.9
2026-02,Região de Saúde do Alentejo,"Unidade Local de Saúde do Alentejo Central, EPE","38.568838, -7.903064",407,471,86.4
2026-02,Região de Saúde do Alentejo,"Unidade Local de Saúde do Baixo Alentejo, EPE","38.0146, -7.86863",240,260,92.3
2026-02,Região de Saúde do Alentejo,"Unidade Local de Saúde do Litoral Alentejano, EPE","38.039936, -8.731693",282,287,98.3
2024-03,Região de Saúde Norte,"Instituto Português Oncologia  F. Gentil - Porto, E.P.E.","41.1811, -8.60469",133,405,32.8
2024-03,Região de Saúde do Centro,"Unidade Local de Saúde da Guarda, EPE","40.5309943471486, -7.0",186,217,85.7
2024-03,Região de Saúde LVT,"Unidade Local de Saúde da Lezíria, EPE","39.232503, -8.715083",667,785,85.0
2024-03,Região de Saúde do Centro,"Unidade Local de Saúde de Dão-Lafões, EPE","40.6509, -7.91039",1493,1603,93.1
2024-03,Região de Saúde LVT,"Unidade Local de Saúde de Lisboa Ocidental, EPE","38.7084, -9.21711",1219,1463,83.3
2024-03,Região de Saúde Norte,"Unidade Local de Saúde de Matosinhos, EPE","41.181859, -8.663374",1665,1791,93.0
2024-03,Região de Saúde LVT,"Unidade Local de Saúde de São José, EPE","38.7169, -9.13654",2108,2265,93.1
2024-03,Região de Saúde Norte,"Unidade Local de Saúde do Alto Ave, EPE","41.488574, -8.338685",1012,1261,80.3
2024-03,Região de Saúde LVT,"Unidade Local de Saúde do Estuário do Tejo, EPE","38.977344, -8.984882",951,1016,93.6
2025-03,Região de Saúde Norte,"Instituto Português Oncologia  F. Gentil - Porto, E.P.E.","41.1811, -8.60469",133,356,37.4
2025-03,Região de Saúde do Centro,"Unidade Local de Saúde Castelo Branco, EPE","39.822737, -7.499876",286,368,77.7
2025-03,Região de Saúde do Centro,"Unidade Local de Saúde de Dão-Lafões, EPE","40.6509, -7.91039",1451,1532,94.7
2025-03,Região de Saúde LVT,"Unidade Local de Saúde de São José, EPE","38.7169, -9.13654",2959,3113,95.1
2025-03,Região de Saúde do Alentejo,"Unidade Local de Saúde do Alentejo Central, EPE","38.568838, -7.903064",981,1134,86.5
2025-03,Região de Saúde Norte,"Unidade Local de Saúde do Alto Ave, EPE","41.488574, -8.338685",1478,1780,83.0
2025-03,Região de Saúde LVT,"Unidade Local de Saúde do Médio Tejo, EPE","39.605565, -8.404399",971,1134,85.6
2024-04,Região de Saúde do Centro,"Unidade Local de Saúde da Região de Aveiro, EPE","40.636332, -8.654388",1644,1896,86.7
2024-04,Região de Saúde Norte,"Unidade Local de Saúde de Braga, EPE","41.562328338623, -8.3",3077,3345,92.0
2024-04,Região de Saúde Norte,"Unidade Local de Saúde de Entre Douro e Vouga, EPE","40.9295, -8.54567",2227,2522,88.3
2024-04,Região de Saúde LVT,"Unidade Local de Saúde de Lisboa Ocidental, EPE","38.7084, -9.21711",1607,1918,83.8
2024-04,Região de Saúde LVT,"Unidade Local de Saúde de Santa Maria, EPE","38.7500648498535, -9.0",2484,2856,87.0
2024-04,Região de Saúde Norte,"Unidade Local de Saúde de Santo António, EPE","41.147283, -8.619536",4144,4669,88.8
2024-04,Região de Saúde Norte,"Unidade Local de Saúde de São João, EPE","41.1833, -8.60193",3362,4420,76.1
2024-04,Região de Saúde Norte,"Unidade Local de Saúde de Trás-os-Montes e Alto Douro, EPE","41.310331, -7.760103",2320,2560,90.6
2024-04,Região de Saúde do Algarve,"Unidade Local de Saúde do Algarve, EPE","37.024668, -7.928949",1566,1873,83.6
2024-04,Região de Saúde Norte,"Unidade Local de Saúde do Tâmega e Sousa, EPE","41.1971153671548, -8.0",2596,2880,90.1
2025-04,Região de Saúde LVT,"Hospital de Cascais, PPP","38.730076, -9.418207",2021,2119,95.4
2025-04,Região de Saúde LVT,"Instituto Português Oncologia  F. Gentil - Lisboa, E.P.E.","38.739946, -9.161139",346,554,62.5
2025-04,Região de Saúde do Centro,"Unidade Local de Saúde Castelo Branco, EPE","39.822737, -7.499876",335,442,75.8
2025-04,Região de Saúde LVT,"Unidade Local de Saúde da Lezíria, EPE","39.232503, -8.715083",819,873,93.8
2025-04,Região de Saúde Norte,"Unidade Local de Saúde de Braga, EPE","41.562328338623, -8.3",3744,4072,91.9
2025-04,Região de Saúde do Centro,"Unidade Local de Saúde de Dão-Lafões, EPE","40.6509, -7.91039",1867,1976,94.5
2025-04,Região de Saúde Norte,"Unidade Local de Saúde de Santo António, EPE","41.147283, -8.619536",3945,4368,90.3
2025-04,Região de Saúde Norte,"Unidade Local de Saúde de São João, EPE","41.1833, -8.60193",3500,4496,77.8
2025-04,Região de Saúde do Alentejo,"Unidade Local de Saúde do Baixo Alentejo, EPE","38.0146, -7.86863",497,612,81.2
2025-04,Região de Saúde Norte,"Unidade Local de Saúde do Médio Ave, EPE","41.3422317504883, -8.0",945,1109,85.2
2025-04,Região de Saúde LVT,"Unidade Local de Saúde do Médio Tejo, EPE","39.605565, -8.404399",1236,1452,85.1
2025-04,Região de Saúde LVT,"Unidade Local de Saúde do Oeste, EPE","39.4055519104004, -9.0",1289,1369,94.2
2025-04,Região de Saúde Norte,"Unidade Local de Saúde do Tâmega e Sousa, EPE","41.1971153671548, -8.0",2830,3061,92.5
2024-05,Região de Saúde do Centro,"Instituto Português Oncologia  F. Gentil - Centro, E.P.E.","40.217, -8.40991",81,209,38.8
2024-05,Região de Saúde Norte,"Instituto Português Oncologia  F. Gentil - Porto, E.P.E.","41.1811, -8.60469",190,631,30.1
2024-05,Região de Saúde do Centro,"Unidade Local de Saúde Castelo Branco, EPE","39.822737, -7.499876",532,731,72.8
2024-05,Região de Saúde LVT,"Unidade Local de Saúde da Arrábida, EPE","38.529351, -8.881073",1902,2014,94.4
2024-05,Região de Saúde LVT,"Unidade Local de Saúde da Lezíria, EPE","39.232503, -8.715083",1027,1208,85.0
2024-05,Região de Saúde LVT,"Unidade Local de Saúde de Almada-Seixal, EPE","38.67381, -9.17597",2015,2230,90.4
2024-05,Região de Saúde LVT,"Unidade Local de Saúde de Amadora/Sintra, EPE","38.7436332060551, -9.0",2943,3218,91.5
2024-05,Região de Saúde LVT,"Unidade Local de Saúde de Lisboa Ocidental, EPE","38.7084, -9.21711",2020,2406,84.0
2024-05,Região de Saúde LVT,"Unidade Local de Saúde de Loures-Odivelas, EPE","38.821769, -9.176301",1380,1599,86.3
2024-05,Região de Saúde LVT,"Unidade Local de Saúde de Santa Maria, EPE","38.7500648498535, -9.0",3098,3564,86.9
2024-05,Região de Saúde Norte,"Unidade Local de Saúde de Santo António, EPE","41.147283, -8.619536",5037,5667,88.9
2024-05,Região de Saúde Norte,"Unidade Local de Saúde de Vila Nova de Gaia/Espinho, EPE","41.1254463195801, -8.0",3913,4572,85.6
2024-05,Região de Saúde do Alentejo,"Unidade Local de Saúde do Alentejo Central, EPE","38.568838, -7.903064",1391,1576,88.3
2024-05,Região de Saúde do Alentejo,"Unidade Local de Saúde do Litoral Alentejano, EPE","38.039936, -8.731693",1453,1541,94.3
2024-05,Região de Saúde Norte,"Unidade Local de Saúde do Nordeste, EPE","41.802452, -6.768198",1334,1614,82.7
2025-05,Região de Saúde LVT,"Hospital de Cascais, PPP","38.730076, -9.418207",2621,2736,95.8
2025-05,Região de Saúde Norte,"Unidade Local de Saúde de Entre Douro e Vouga, EPE","40.9295, -8.54567",3083,3431,89.9
2025-05,Região de Saúde LVT,"Unidade Local de Saúde de Loures-Odivelas, EPE","38.821769, -9.176301",1488,1704,87.3
2025-05,Região de Saúde do Algarve,"Unidade Local de Saúde do Algarve, EPE","37.024668, -7.928949",1096,1393,78.7
2025-05,Região de Saúde do Alentejo,"Unidade Local de Saúde do Alto Alentejo, EPE","39.2999, -7.4267",726,772,94.0
2025-05,Região de Saúde Norte,"Unidade Local de Saúde do Alto Ave, EPE","41.488574, -8.338685",2377,2840,83.7
2025-05,Região de Saúde LVT,"Unidade Local de Saúde do Arco Ribeirinho, EPE","38.6527214050293, -9.0",957,1044,91.7
2025-05,Região de Saúde Norte,"Unidade Local de Saúde do Nordeste, EPE","41.802452, -6.768198",1213,1407,86.2
2024-06,Região de Saúde do Centro,"Instituto Português Oncologia  F. Gentil - Centro, E.P.E.","40.217, -8.40991",96,253,37.9
2024-06,Região de Saúde LVT,"Unidade Local de Saúde da Arrábida, EPE","38.529351, -8.881073",2292,2429,94.4
2024-06,Região de Saúde Norte,"Unidade Local de Saúde da Póvoa de Varzim/Vila do Conde, EPE","41.383183, -8.758784",708,1024,69.1
2024-06,Região de Saúde Norte,"Unidade Local de Saúde de Barcelos/Esposende, EPE","41.533438, -8.616604",1377,1412,97.5
2024-06,Região de Saúde Norte,"Unidade Local de Saúde de Braga, EPE","41.562328338623, -8.3",5249,5672,92.5
2024-06,Região de Saúde Norte,"Unidade Local de Saúde de Entre Douro e Vouga, EPE","40.9295, -8.54567",3386,3808,88.9
2024-06,Região de Saúde Norte,"Unidade Local de Saúde de Vila Nova de Gaia/Espinho, EPE","41.1254463195801, -8.0",4587,5368,85.5
2024-06,Região de Saúde do Alentejo,"Unidade Local de Saúde do Alentejo Central, EPE","38.568838, -7.903064",1596,1817,87.8
2024-06,Região de Saúde Norte,"Unidade Local de Saúde do Alto Ave, EPE","41.488574, -8.338685",1911,2436,78.4
2024-06,Região de Saúde LVT,"Unidade Local de Saúde do Arco Ribeirinho, EPE","38.6527214050293, -9.0",1001,1233,81.2
2024-06,Região de Saúde LVT,"Unidade Local de Saúde do Oeste, EPE","39.4055519104004, -9.0",2107,2312,91.1
2025-06,Região de Saúde Norte,"Instituto Português Oncologia  F. Gentil - Porto, E.P.E.","41.1811, -8.60469",286,722,39.6
2025-06,Região de Saúde do Centro,"Unidade Local de Saúde da Guarda, EPE","40.5309943471486, -7.0",376,439,85.6
2025-06,Região de Saúde do Centro,"Unidade Local de Saúde de Coimbra, EPE","40.217426, -8.410075",6365,7177,88.7
2025-06,Região de Saúde Norte,"Unidade Local de Saúde de Matosinhos, EPE","41.181859, -8.663374",1228,1246,98.6
2025-06,Região de Saúde LVT,"Unidade Local de Saúde de Santa Maria, EPE","38.7500648498535, -9.0",4270,4732,90.2
2025-06,Região de Saúde Norte,"Unidade Local de Saúde de Trás-os-Montes e Alto Douro, EPE","41.310331, -7.760103",3411,3881,87.9
2025-06,Região de Saúde do Alentejo,"Unidade Local de Saúde do Alto Alentejo, EPE","39.2999, -7.4267",908,966,94.0
2025-06,Região de Saúde do Alentejo,"Unidade Local de Saúde do Baixo Alentejo, EPE","38.0146, -7.86863",734,904,81.2
2024-07,Região de Saúde Norte,"Instituto Português Oncologia  F. Gentil - Porto, E.P.E.","41.1811, -8.60469",229,825,27.8
2024-07,Região de Saúde do Centro,"Unidade Local de Saúde Castelo Branco, EPE","39.822737, -7.499876",821,1093,75.1
2024-07,Região de Saúde do Centro,"Unidade Local de Saúde da Cova da Beira, EPE","40.2776794433594, -7.0",1210,1397,86.6
2024-07,Região de Saúde do Centro,"Unidade Local de Saúde da Região de Leiria, EPE","39.7418, -8.79444",4553,4831,94.2
2024-07,Região de Saúde LVT,"Unidade Local de Saúde de Almada-Seixal, EPE","38.67381, -9.17597",2971,3272,90.8
2024-07,Região de Saúde Norte,"Unidade Local de Saúde de Barcelos/Esposende, EPE","41.533438, -8.616604",1625,1673,97.1
2024-07,Região de Saúde Norte,"Unidade Local de Saúde de Matosinhos, EPE","41.181859, -8.663374",3563,3857,92.4
2024-07,Região de Saúde LVT,"Unidade Local de Saúde do Estuário do Tejo, EPE","38.977344, -8.984882",2128,2299,92.6
2025-07,Região de Saúde Norte,"Instituto Português Oncologia  F. Gentil - Porto, E.P.E.","41.1811, -8.60469",348,855,40.7
2025-07,Região de Saúde do Centro,"Unidade Local de Saúde da Cova da Beira, EPE","40.2776794433594, -7.0",1334,1526,87.4
2025-07,Região de Saúde do Centro,"Unidade Local de Saúde da Guarda, EPE","40.5309943471486, -7.0",448,528,84.8
2025-07,Região de Saúde LVT,"Unidade Local de Saúde da Lezíria, EPE","39.232503, -8.715083",1363,1484,91.8
2025-07,Região de Saúde do Centro,"Unidade Local de Saúde da Região de Aveiro, EPE","40.636332, -8.654388",3237,3580,90.4
2025-07,Região de Saúde LVT,"Unidade Local de Saúde de Amadora/Sintra, EPE","38.7436332060551, -9.0",3416,3796,90.0
2025-07,Região de Saúde LVT,"Unidade Local de Saúde de Lisboa Ocidental, EPE","38.7084, -9.21711",2261,2576,87.8
2025-07,Região de Saúde LVT,"Unidade Local de Saúde de Santa Maria, EPE","38.7500648498535, -9.0",4911,5435,90.4
2025-07,Região de Saúde LVT,"Unidade Local de Saúde de São José, EPE","38.7169, -9.13654",4942,5245,94.2
2025-07,Região de Saúde Norte,"Unidade Local de Saúde de Vila Nova de Gaia/Espinho, EPE","41.1254463195801, -8.0",4559,5446,83.7
2025-07,Região de Saúde Norte,"Unidade Local de Saúde do Alto Ave, EPE","41.488574, -8.338685",3392,4035,84.1
2025-07,Região de Saúde do Centro,"Unidade Local de Saúde do Baixo Mondego, EPE","40.130297609, -8.8606",2038,2108,96.7
2025-07,Região de Saúde LVT,"Unidade Local de Saúde do Oeste, EPE","39.4055519104004, -9.0",2355,2503,94.1
2024-08,Região de Saúde LVT,"Unidade Local de Saúde de Amadora/Sintra, EPE","38.7436332060551, -9.0",4375,4821,90.7
2024-08,Região de Saúde Norte,"Unidade Local de Saúde de Braga, EPE","41.562328338623, -8.3",6991,7563,92.4
2024-08,Região de Saúde Norte,"Unidade Local de Saúde de Matosinhos, EPE","41.181859, -8.663374",3893,4215,92.4
2024-08,Região de Saúde do Algarve,"Unidade Local de Saúde do Algarve, EPE","37.024668, -7.928949",3398,3910,86.9
2024-08,Região de Saúde do Alentejo,"Unidade Local de Saúde do Litoral Alentejano, EPE","38.039936, -8.731693",2017,2160,93.4
2024-08,Região de Saúde LVT,"Unidade Local de Saúde do Oeste, EPE","39.4055519104004, -9.0",2740,3022,90.7
2024-08,Região de Saúde Norte,"Unidade Local de Saúde do Tâmega e Sousa, EPE","41.1971153671548, -8.0",4992,5533,90.2
2025-08,Região de Saúde do Centro,"Instituto Português Oncologia  F. Gentil - Centro, E.P.E.","40.217, -8.40991",24,227,10.6
2025-08,Região de Saúde LVT,"Instituto Português Oncologia  F. Gentil - Lisboa, E.P.E.","38.739946, -9.161139",653,992,65.8
2025-08,Região de Saúde Norte,"Instituto Português Oncologia  F. Gentil - Porto, E.P.E.","41.1811, -8.60469",380,920,41.3
2025-08,Região de Saúde do Centro,"Unidade Local de Saúde da Região de Leiria, EPE","39.7418, -8.79444",5135,5354,95.9
2025-08,Região de Saúde Norte,"Unidade Local de Saúde de São João, EPE","41.1833, -8.60193",6731,8542,78.8
2025-08,Região de Saúde Norte,"Unidade Local de Saúde do Alto Ave, EPE","41.488574, -8.338685",3841,4574,84.0
2025-08,Região de Saúde LVT,"Unidade Local de Saúde do Estuário do Tejo, EPE","38.977344, -8.984882",2391,2575,92.9
2024-09,Região de Saúde LVT,"Instituto Português Oncologia  F. Gentil - Lisboa, E.P.E.","38.739946, -9.161139",503,1167,43.1
2024-09,Região de Saúde LVT,"Unidade Local de Saúde de Amadora/Sintra, EPE","38.7436332060551, -9.0",4795,5291,90.6
2024-09,Região de Saúde Norte,"Unidade Local de Saúde de Barcelos/Esposende, EPE","41.533438, -8.616604",2035,2091,97.3
2024-09,Região de Saúde do Centro,"Unidade Local de Saúde de Coimbra, EPE","40.217426, -8.410075",8491,9807,86.6
2024-09,Região de Saúde LVT,"Unidade Local de Saúde de Lisboa Ocidental, EPE","38.7084, -9.21711",3407,4049,84.1
2024-09,Região de Saúde Norte,"Unidade Local de Saúde de São João, EPE","41.1833, -8.60193",7121,9370,76.0
2024-09,Região de Saúde Norte,"Unidade Local de Saúde de Vila Nova de Gaia/Espinho, EPE","41.1254463195801, -8.0",6586,7732,85.2
2024-09,Região de Saúde do Alentejo,"Unidade Local de Saúde do Alentejo Central, EPE","38.568838, -7.903064",2197,2528,86.9
2024-09,Região de Saúde LVT,"Unidade Local de Saúde do Arco Ribeirinho, EPE","38.6527214050293, -9.0",1321,1630,81.0
2024-09,Região de Saúde do Centro,"Unidade Local de Saúde do Baixo Mondego, EPE","40.130297609, -8.8606",2450,2550,96.1
2025-09,Região de Saúde LVT,"Unidade Local de Saúde da Arrábida, EPE","38.529351, -8.881073",3915,4050,96.7
2025-09,Região de Saúde do Centro,"Unidade Local de Saúde da Guarda, EPE","40.5309943471486, -7.0",523,625,83.7
2025-09,Região de Saúde LVT,"Unidade Local de Saúde de Amadora/Sintra, EPE","38.7436332060551, -9.0",4345,4826,90.0
2025-09,Região de Saúde Norte,"Unidade Local de Saúde de Matosinhos, EPE","41.181859, -8.663374",2009,2031,98.9
2025-09,Região de Saúde LVT,"Unidade Local de Saúde de Santa Maria, EPE","38.7500648498535, -9.0",5800,6412,90.5
2025-09,Região de Saúde Norte,"Unidade Local de Saúde de Trás-os-Montes e Alto Douro, EPE","41.310331, -7.760103",4762,5434,87.6
2025-09,Região de Saúde do Algarve,"Unidade Local de Saúde do Algarve, EPE","37.024668, -7.928949",2109,2594,81.3
2025-09,Região de Saúde Norte,"Unidade Local de Saúde do Alto Ave, EPE","41.488574, -8.338685",4284,5126,83.6
2025-09,Região de Saúde LVT,"Unidade Local de Saúde do Arco Ribeirinho, EPE","38.6527214050293, -9.0",1388,1569,88.5
2025-09,Região de Saúde do Alentejo,"Unidade Local de Saúde do Litoral Alentejano, EPE","38.039936, -8.731693",2346,2470,95.0
2025-09,Região de Saúde Norte,"Unidade Local de Saúde do Nordeste, EPE","41.802452, -6.768198",2180,2550,85.5
2024-10,Região de Saúde LVT,"Hospital de Cascais, PPP","38.730076, -9.418207",4030,4259,94.6
2024-10,Região de Saúde LVT,"Instituto Português Oncologia  F. Gentil - Lisboa, E.P.E.","38.739946, -9.161139",571,1300,43.9
2024-10,Região de Saúde LVT,"Unidade Local de Saúde de Amadora/Sintra, EPE","38.7436332060551, -9.0",5329,5903,90.3
2024-10,Região de Saúde Norte,"Unidade Local de Saúde de Barcelos/Esposende, EPE","41.533438, -8.616604",2261,2328,97.1
2024-10,Região de Saúde Norte,"Unidade Local de Saúde de Braga, EPE","41.562328338623, -8.3",9085,9912,91.7
2024-10,Região de Saúde Norte,"Unidade Local de Saúde de Entre Douro e Vouga, EPE","40.9295, -8.54567",5559,6225,89.3
2024-10,Região de Saúde LVT,"Unidade Local de Saúde de Loures-Odivelas, EPE","38.821769, -9.176301",2762,3208,86.1
2024-10,Região de Saúde Norte,"Unidade Local de Saúde de Matosinhos, EPE","41.181859, -8.663374",4841,5238,92.4
2024-10,Região de Saúde Norte,"Unidade Local de Saúde de São João, EPE","41.1833, -8.60193",7996,10588,75.5
2024-10,Região de Saúde Norte,"Unidade Local de Saúde de Trás-os-Montes e Alto Douro, EPE","41.310331, -7.760103",5621,6315,89.0
2024-10,Região de Saúde do Alentejo,"Unidade Local de Saúde do Alentejo Central, EPE","38.568838, -7.903064",2507,2887,86.8
2024-10,Região de Saúde Norte,"Unidade Local de Saúde do Alto Minho, EPE","41.697519, -8.832517",4642,5078,91.4
2024-10,Região de Saúde Norte,"Unidade Local de Saúde do Médio Ave, EPE","41.3422317504883, -8.0",2301,2620,87.8
2025-10,Região de Saúde LVT,"Instituto Português Oncologia  F. Gentil - Lisboa, E.P.E.","38.739946, -9.161139",813,1219,66.7
2025-10,Região de Saúde Norte,"Instituto Português Oncologia  F. Gentil - Porto, E.P.E.","41.1811, -8.60469",451,1147,39.3
2025-10,Região de Saúde Norte,"Unidade Local de Saúde de Barcelos/Esposende, EPE","41.533438, -8.616604",2923,2963,98.7
2025-10,Região de Saúde LVT,"Unidade Local de Saúde de Loures-Odivelas, EPE","38.821769, -9.176301",2769,3161,87.6
2025-10,Região de Saúde LVT,"Unidade Local de Saúde de Santa Maria, EPE","38.7500648498535, -9.0",6372,7015,90.8
2025-10,Região de Saúde Norte,"Unidade Local de Saúde de Santo António, EPE","41.147283, -8.619536",8924,9864,90.5
2025-10,Região de Saúde LVT,"Unidade Local de Saúde do Arco Ribeirinho, EPE","38.6527214050293, -9.0",1534,1735,88.4
2024-11,Região de Saúde LVT,"Instituto Português Oncologia  F. Gentil - Lisboa, E.P.E.","38.739946, -9.161139",658,1445,45.5
2024-11,Região de Saúde do Centro,"Unidade Local de Saúde Castelo Branco, EPE","39.822737, -7.499876",1261,1636,77.1
2024-11,Região de Saúde do Centro,"Unidade Local de Saúde da Cova da Beira, EPE","40.2776794433594, -7.0",1815,2066,87.9
2024-11,Região de Saúde do Centro,"Unidade Local de Saúde da Guarda, EPE","40.5309943471486, -7.0",514,612,84.0
2024-11,Região de Saúde LVT,"Unidade Local de Saúde da Lezíria, EPE","39.232503, -8.715083",2214,2550,86.8
2024-11,Região de Saúde do Centro,"Unidade Local de Saúde da Região de Aveiro, EPE","40.636332, -8.654388",4822,5499,87.7
2024-11,Região de Saúde do Centro,"Unidade Local de Saúde da Região de Leiria, EPE","39.7418, -8.79444",6721,7165,93.8
2024-11,Região de Saúde do Centro,"Unidade Local de Saúde de Coimbra, EPE","40.217426, -8.410075",10907,12527,87.1
2024-11,Região de Saúde do Algarve,"Unidade Local de Saúde do Algarve, EPE","37.024668, -7.928949",4367,5106,85.5
2024-11,Região de Saúde do Alentejo,"Unidade Local de Saúde do Baixo Alentejo, EPE","38.0146, -7.86863",1401,1734,80.8
2024-11,Região de Saúde LVT,"Unidade Local de Saúde do Oeste, EPE","39.4055519104004, -9.0",3792,4167,91.0
2025-11,Região de Saúde do Centro,"Unidade Local de Saúde da Região de Leiria, EPE","39.7418, -8.79444",6869,7117,96.5
2025-11,Região de Saúde LVT,"Unidade Local de Saúde de Lisboa Ocidental, EPE","38.7084, -9.21711",3429,3827,89.6
2025-11,Região de Saúde LVT,"Unidade Local de Saúde de Santa Maria, EPE","38.7500648498535, -9.0",6898,7577,91.0
2025-11,Região de Saúde Norte,"Unidade Local de Saúde de Trás-os-Montes e Alto Douro, EPE","41.310331, -7.760103",5218,6039,86.4
2025-11,Região de Saúde Norte,"Unidade Local de Saúde de Vila Nova de Gaia/Espinho, EPE","41.1254463195801, -8.0",7004,8328,84.1
2025-11,Região de Saúde do Alentejo,"Unidade Local de Saúde do Alto Alentejo, EPE","39.2999, -7.4267",1792,1904,94.1
2024-12,Região de Saúde Norte,"Instituto Português Oncologia  F. Gentil - Porto, E.P.E.","41.1811, -8.60469",380,1349,28.2
2024-12,Região de Saúde LVT,"Unidade Local de Saúde da Lezíria, EPE","39.232503, -8.715083",2303,2655,86.7
2024-12,Região de Saúde Norte,"Unidade Local de Saúde de Barcelos/Esposende, EPE","41.533438, -8.616604",2783,2861,97.3
2024-12,Região de Saúde Norte,"Unidade Local de Saúde de Braga, EPE","41.562328338623, -8.3",11016,12045,91.5
2024-12,Região de Saúde Norte,"Unidade Local de Saúde de Santo António, EPE","41.147283, -8.619536",10713,11944,89.7
2024-12,Região de Saúde Norte,"Unidade Local de Saúde de Trás-os-Montes e Alto Douro, EPE","41.310331, -7.760103",6655,7493,88.8
2024-12,Região de Saúde do Alentejo,"Unidade Local de Saúde do Litoral Alentejano, EPE","38.039936, -8.731693",3087,3275,94.3
2024-12,Região de Saúde LVT,"Unidade Local de Saúde do Médio Tejo, EPE","39.605565, -8.404399",3717,4665,79.7
2025-12,Região de Saúde LVT,"Unidade Local de Saúde da Arrábida, EPE","38.529351, -8.881073",5053,5197,97.2
2025-12,Região de Saúde do Centro,"Unidade Local de Saúde da Cova da Beira, EPE","40.2776794433594, -7.0",2156,2422,89.0
2025-12,Região de Saúde do Centro,"Unidade Local de Saúde da Região de Aveiro, EPE","40.636332, -8.654388",5242,5834,89.9
2025-12,Região de Saúde LVT,"Unidade Local de Saúde de Almada-Seixal, EPE","38.67381, -9.17597",4976,5318,93.6
2025-12,Região de Saúde do Centro,"Unidade Local de Saúde de Dão-Lafões, EPE","40.6509, -7.91039",5376,5715,94.1
2025-12,Região de Saúde Norte,"Unidade Local de Saúde de Entre Douro e Vouga, EPE","40.9295, -8.54567",7555,8365,90.3
2025-12,Região de Saúde do Alentejo,"Unidade Local de Saúde do Alentejo Central, EPE","38.568838, -7.903064",3028,3593,84.3
2025-12,Região de Saúde do Algarve,"Unidade Local de Saúde do Algarve, EPE","37.024668, -7.928949",2681,3247,82.6
2025-12,Região de Saúde Norte,"Unidade Local de Saúde do Tâmega e Sousa, EPE","41.1971153671548, -8.0",8106,8798,92.1
