periodo,ars,aces,localizacao_geografica,utentes_inscritos_csp,total_utentes_com_mdf_atribuido,total_utentes_com_mdf_atribuido0,total_utentes_sem_mdf_atribuido,total_utentes_sem_mdf_atribuido0,total_utentes_sem_mdf_atribuido_por_opcao,total_utentes_sem_mdf_atribuido_por_opcao0,taxa_de_utilizacao_consultas_medicas_1_ano_todos_os_utentes,taxa_de_utilizacao_consultas_medicas_1_ano_nos_utentes_sem_mdf
2016-01,Algarve,ACES Algarve Barlavento,"37.1387554, -8.5445093",159567,104459,65.46,54259,34.0,849,0.53,61.0193,48.4986
2016-01,Centro,ACES Baixo Mondego,"40.2150023, -8.4071805",383001,366903,95.8,14351,3.75,1747,0.46,60.1099,24.7643
2016-01,Centro,ACES Beira Interior Sul,"39.8211367, -7.5036651",73751,71872,97.45,1420,1.93,459,0.62,69.0399,26.9402
2016-01,Centro,ACES Guarda,"40.5353285, -7.2724426",152281,141859,93.16,9100,5.98,1322,0.87,71.9567,53.6963
2016-01,Lisboa e Vale do Tejo,ACES Almada / Seixal,"38.6678522, -9.1875777",340054,282078,82.95,57316,16.85,660,0.19,64.4227,36.8498
2016-01,Lisboa e Vale do Tejo,ACES Arco Ribeirinho,"38.6672076, -9.0543329",217675,158809,72.96,58718,26.98,148,0.07,59.5599,42.334
2016-01,Lisboa e Vale do Tejo,ACES Arrábida,"38.5324373, -8.8627453",222693,165150,74.16,57036,25.61,507,0.23,61.8151,41.3001
2016-01,Lisboa e Vale do Tejo,ACES Lisboa Central,"38.7306317, -9.1510414",275813,226451,82.1,48344,17.53,1018,0.37,54.3101,34.7847
2016-01,Norte,ACES Aveiro Norte,"40.8472225, -8.4656674",116386,114492,98.37,1825,1.57,69,0.06,74.1571,40.0868
2016-01,Norte,ACES Espinho / Gaia,"41.0022421, -8.642018",184704,183152,99.16,1517,0.82,35,0.02,75.4992,56.0822
2016-01,Norte,ACES Maia / Valongo,"41.2333945, -8.6187474",215070,214110,99.55,798,0.37,162,0.08,72.8153,19.3887
2016-01,Norte,ACES Nordeste,"41.8069684, -6.7587977",134067,129253,96.41,4128,3.08,686,0.51,75.375,54.1863
2016-01,Norte,ACES Póvoa do Varzim / Vila do Conde,"41.355519, -8.746653",148562,145076,97.65,3475,2.34,11,0.01,74.8427,70.2756
2016-01,Norte,ACES Vale do Sousa Norte,"41.2793583, -8.2787457",160199,158019,98.64,2109,1.32,71,0.04,75.5994,59.6609
2016-02,Centro,ACES Dão Lafões,"40.6565861, -7.9124712",271952,258134,94.92,13441,4.94,377,0.14,69.2817,38.5994
2016-02,Centro,ACES Guarda,"40.5353285, -7.2724426",152263,142087,93.32,8850,5.81,1326,0.87,72.3345,54.8238
2016-02,Centro,ACES Pinhal Interior Norte,"40.1151262, -8.2473136",130502,121604,93.18,8227,6.3,671,0.51,77.5488,29.3754
2016-02,Centro,ACES Pinhal Litoral,"39.7495331, -8.807683",264309,239217,90.51,24559,9.29,533,0.2,68.0785,49.9579
2016-02,Lisboa e Vale do Tejo,ACES Almada / Seixal,"38.6678522, -9.1875777",340770,284145,83.38,55918,16.41,707,0.21,64.7047,36.9741
2016-02,Lisboa e Vale do Tejo,ACES Amadora,"38.7573081, -9.23429",166842,127794,76.6,38840,23.28,208,0.12,58.1171,36.9327
2016-02,Lisboa e Vale do Tejo,ACES Arrábida,"38.5324373, -8.8627453",223069,165071,74.0,57484,25.77,514,0.23,62.1419,41.5948
2016-02,Lisboa e Vale do Tejo,ACES Médio Tejo,"39.478072, -8.5404429",225711,194350,86.11,30838,13.66,523,0.23,70.0475,52.3485
2016-02,Norte,ACES Ave / Famalicão,"41.3835805, -8.4157518",124135,119268,96.08,4824,3.89,43,0.03,73.6506,38.773
2016-02,Norte,ACES Douro Sul,"41.0953745, -7.8123805",74471,64841,87.07,9294,12.48,336,0.45,75.5623,64.4309
2016-02,Norte,ACES Matosinhos,"41.1918541, -8.6590693",172594,170293,98.67,1876,1.09,425,0.25,74.8402,26.9366
2016-02,Norte,ACES Vale do Sousa Norte,"41.2793583, -8.2787457",160528,157311,98.0,3171,1.98,46,0.03,75.8435,48.4375
2016-03,Algarve,ACES Algarve Central,"37.0274264, -7.9395984",238578,190165,79.71,47436,19.88,977,0.41,57.5846,36.1729
2016-03,Centro,ACES Baixo Vouga,"40.6405055, -8.6537539",382480,369028,96.48,11553,3.02,1899,0.5,72.018,37.8515
2016-03,Centro,ACES Pinhal Interior Sul,"39.7510898, -7.9203657",31349,30816,98.3,191,0.61,342,1.09,80.1189,27.5862
2016-03,Centro,ACES Pinhal Litoral,"39.7495331, -8.807683",264547,239490,90.53,24498,9.26,559,0.21,67.7365,53.2624
2016-03,Lisboa e Vale do Tejo,ACES Almada / Seixal,"38.6678522, -9.1875777",341266,284239,83.29,56301,16.5,726,0.21,64.2595,40.5033
2016-03,Lisboa e Vale do Tejo,ACES Estuário do Tejo,"38.9528113, -8.9911154",224996,155775,69.23,68103,30.27,1118,0.5,57.7126,42.0353
2016-03,Lisboa e Vale do Tejo,ACES Lezíria,"39.2371689, -8.6908895",194028,158066,81.47,35415,18.25,547,0.28,69.0776,50.5903
2016-03,Norte,ACES Alto Minho,"41.7056054, -8.8252713",246648,244910,99.3,1259,0.51,479,0.19,76.0719,22.8837
2016-03,Norte,ACES Ave / Famalicão,"41.3835805, -8.4157518",124157,119592,96.32,4521,3.64,44,0.04,73.5575,31.6978
2016-03,Norte,ACES Braga,"41.5518714, -8.4126362",183999,181147,98.45,2851,1.55,1,0.0,74.3615,69.5735
2016-03,Norte,ACES Espinho / Gaia,"41.0022421, -8.642018",185021,183616,99.24,1348,0.73,57,0.03,75.3599,55.6113
2016-03,Norte,ACES Gaia,"41.1278433, -8.580396",151875,151263,99.6,547,0.36,65,0.04,71.0825,23.9847
2016-03,Norte,ACES Nordeste,"41.8069684, -6.7587977",134064,130027,96.99,3330,2.48,707,0.53,75.3147,53.7482
2016-04,Alentejo,ACES Alentejo Central,"38.8442031, -7.5826619",167085,165673,99.15,1309,0.78,103,0.06,75.9221,58.7857
2016-04,Centro,ACES Baixo Vouga,"40.6405055, -8.6537539",382746,369294,96.49,11490,3.0,1962,0.51,72.018,37.8515
2016-04,Lisboa e Vale do Tejo,ACES Almada / Seixal,"38.6678522, -9.1875777",341844,276252,80.81,64856,18.97,736,0.22,64.2595,40.5033
2016-04,Lisboa e Vale do Tejo,ACES Arco Ribeirinho,"38.6672076, -9.0543329",218664,155686,71.2,62835,28.74,143,0.07,59.4543,43.9891
2016-04,Lisboa e Vale do Tejo,ACES Cascais,"38.69904, -9.3818008",196213,150667,76.79,45376,23.13,170,0.09,53.4067,28.8416
2016-04,Lisboa e Vale do Tejo,ACES Lisboa Central,"38.7306317, -9.1510414",277646,223787,80.6,52828,19.03,1031,0.37,54.0848,36.7575
2016-04,Lisboa e Vale do Tejo,ACES Lisboa Norte,"38.7396924, -9.168506",253723,213453,84.13,39929,15.74,341,0.13,56.3325,26.5566
2016-04,Norte,ACES Alto Minho,"41.7056054, -8.8252713",246695,244943,99.29,1264,0.51,488,0.2,76.0719,22.8837
2016-04,Norte,ACES Barcelos / Esposende,"41.5317419, -8.6178922",156242,152867,97.84,3078,1.97,297,0.19,76.8416,56.7026
2016-04,Norte,ACES Feira e Arouca,"40.9263169, -8.5478813",155389,151932,97.78,3283,2.11,174,0.11,73.9346,63.9016
2016-04,Norte,ACES Maia / Valongo,"41.2333945, -8.6187474",216150,210646,97.45,5375,2.49,129,0.06,72.5862,60.7307
2016-04,Norte,ACES Porto Oriental,"41.1694498, -8.6126428",116728,111573,95.58,5115,4.38,40,0.03,71.4604,55.5179
2016-05,Algarve,ACES Algarve Central,"37.0274264, -7.9395984",239450,190624,79.61,47830,19.97,996,0.42,57.5846,36.1729
2016-05,Centro,ACES Pinhal Litoral,"39.7495331, -8.807683",265160,235390,88.77,29186,11.01,584,0.22,67.7365,53.2624
2016-05,Lisboa e Vale do Tejo,ACES Almada / Seixal,"38.6678522, -9.1875777",342336,272179,79.51,69419,20.28,738,0.22,64.2595,40.5033
2016-05,Norte,ACES Braga,"41.5518714, -8.4126362",184434,180731,97.99,3703,2.01,0,0.0,74.3615,69.5735
2016-05,Norte,ACES Feira e Arouca,"40.9263169, -8.5478813",155169,151738,97.79,3251,2.1,180,0.12,73.9346,63.9016
2016-05,Norte,ACES Gerês / Cabreira,"41.6298661, -8.3596897",106210,102308,96.33,3869,3.64,33,0.03,75.3558,65.0613
2016-05,Norte,ACES Maia / Valongo,"41.2333945, -8.6187474",216356,210984,97.52,5246,2.42,126,0.06,72.5862,60.7307
2016-05,Norte,ACES Matosinhos,"41.1918541, -8.6590693",172531,165527,95.94,6699,3.88,305,0.18,74.5912,33.8755
2016-05,Norte,ACES Porto Ocidental,"41.1741353, -8.6691662",166332,165510,99.51,543,0.33,279,0.17,66.658,6.00429
2016-05,Norte,ACES Porto Oriental,"41.1694498, -8.6126428",116767,111697,95.66,5031,4.31,39,0.03,71.4604,55.5179
2016-06,Alentejo,ACES Alentejo Litoral,"38.3841359, -8.5132031",93361,71589,76.68,21726,23.27,46,0.05,67.5503,58.2045
2016-06,Centro,ACES Guarda,"40.5353285, -7.2724426",152513,140800,92.32,10339,6.78,1374,0.9,71.927,54.6158
2016-06,Lisboa e Vale do Tejo,ACES Almada / Seixal,"38.6678522, -9.1875777",342855,272722,79.54,69395,20.24,738,0.22,64.2026,41.7211
2016-06,Lisboa e Vale do Tejo,ACES Lezíria,"39.2371689, -8.6908895",194253,156634,80.63,37076,19.09,543,0.28,69.0811,48.9726
2016-06,Lisboa e Vale do Tejo,ACES Lisboa Norte,"38.7396924, -9.168506",255081,214861,84.23,39928,15.65,292,0.11,55.736,25.1657
2016-06,Lisboa e Vale do Tejo,ACES Lisboa Ocidental e Oeiras,"38.6914388, -9.3184304",240095,199934,83.27,39410,16.41,751,0.31,57.0833,36.5558
2016-06,Norte,ACES Aveiro Norte,"40.8472225, -8.4656674",116574,108175,92.8,8365,7.18,34,0.03,74.163,64.9119
2016-06,Norte,ACES Braga,"41.5518714, -8.4126362",184634,180886,97.97,3748,2.03,0,0.0,74.063,69.9973
2016-06,Norte,ACES Matosinhos,"41.1918541, -8.6590693",172661,165668,95.95,6686,3.87,307,0.18,74.4576,56.1541
2016-06,Norte,ACES Porto Ocidental,"41.1741353, -8.6691662",166519,165686,99.5,568,0.34,265,0.16,67.1318,5.60613
2016-06,Norte,ACES Porto Oriental,"41.1694498, -8.6126428",116829,111722,95.63,5073,4.34,34,0.03,71.2785,60.1372
2016-07,Alentejo,ACES Baixo Alentejo,"38.0153039, -7.8627308",125120,123178,98.45,1806,1.44,136,0.11,71.965,55.0195
2016-07,Algarve,ACES Algarve Sotavento,"37.383008, -7.7293275",55910,53245,95.23,2614,4.68,51,0.09,67.1598,46.8821
2016-07,Lisboa e Vale do Tejo,ACES Amadora,"38.7573081, -9.23429",169099,121787,72.02,47106,27.86,206,0.12,58.2802,38.7724
2016-07,Lisboa e Vale do Tejo,ACES Arco Ribeirinho,"38.6672076, -9.0543329",219573,155781,70.95,63646,28.99,146,0.07,59.0149,41.2214
2016-07,Lisboa e Vale do Tejo,ACES Lezíria,"39.2371689, -8.6908895",194241,173646,89.4,20056,10.33,539,0.28,69.0811,48.9726
2016-07,Norte,ACES Alto Minho,"41.7056054, -8.8252713",246906,245158,99.29,1259,0.51,489,0.2,76.2388,23.6449
2016-07,Norte,ACES Aveiro Norte,"40.8472225, -8.4656674",116595,108216,92.81,8340,7.15,39,0.03,74.163,64.9119
2016-07,Norte,ACES Barcelos / Esposende,"41.5317419, -8.6178922",156445,151462,96.81,4692,3.0,291,0.19,76.4618,40.1163
2016-07,Norte,ACES Porto Ocidental,"41.1741353, -8.6691662",166962,164803,98.71,1894,1.13,265,0.16,67.1318,5.60613
2016-08,Alentejo,ACES Alentejo Central,"38.8442031, -7.5826619",167523,166047,99.12,1366,0.82,110,0.07,75.6486,64.5553
2016-08,Centro,ACES Dão Lafões,"40.6565861, -7.9124712",272459,266450,97.79,5644,2.07,365,0.13,69.0049,45.3996
2016-08,Centro,ACES Guarda,"40.5353285, -7.2724426",152684,141734,92.83,9490,6.22,1460,0.96,71.927,54.6158
2016-08,Centro,ACES Pinhal Interior Sul,"39.7510898, -7.9203657",31245,30744,98.4,180,0.58,321,1.03,79.9699,24.0781
2016-08,Lisboa e Vale do Tejo,ACES Amadora,"38.7573081, -9.23429",169621,124577,73.44,44841,26.44,203,0.12,58.2802,38.7724
2016-08,Lisboa e Vale do Tejo,ACES Lezíria,"39.2371689, -8.6908895",194334,173588,89.32,20203,10.4,543,0.28,69.0811,48.9726
2016-08,Lisboa e Vale do Tejo,ACES Lisboa Central,"38.7306317, -9.1510414",280203,225737,80.56,53478,19.09,988,0.35,53.762,34.5837
2016-08,Lisboa e Vale do Tejo,ACES Lisboa Ocidental e Oeiras,"38.6914388, -9.3184304",240571,203299,84.51,36515,15.18,757,0.31,57.0833,36.5558
2016-08,Norte,ACES Alto Minho,"41.7056054, -8.8252713",247145,245380,99.29,1262,0.51,503,0.2,76.2388,23.6449
2016-08,Norte,ACES Ave / Famalicão,"41.3835805, -8.4157518",124229,117461,94.55,6724,5.41,44,0.04,73.8084,41.2995
2016-08,Norte,ACES Douro Sul,"41.0953745, -7.8123805",74700,63590,85.13,10756,14.4,354,0.47,73.9978,59.2072
2016-08,Norte,ACES Espinho / Gaia,"41.0022421, -8.642018",185465,184839,99.66,576,0.31,50,0.03,75.0342,54.8659
2016-08,Norte,ACES Maia / Valongo,"41.2333945, -8.6187474",216879,213177,98.29,3575,1.65,127,0.06,72.4442,62.219
2016-08,Norte,ACES Marão e Douro Norte,"41.2968711, -7.7483727",108270,103553,95.64,4293,3.97,424,0.39,77.5568,69.6254
2016-08,Norte,ACES Vale do Sousa Sul,"41.1548155, -8.2163769",177602,176605,99.44,958,0.54,39,0.02,75.6433,69.5859
2016-09,Alentejo,ACES Alentejo Central,"38.8442031, -7.5826619",167617,163510,97.55,4001,2.39,106,0.06,75.2244,68.2797
2016-09,Algarve,ACES Algarve Sotavento,"37.383008, -7.7293275",56240,54360,96.66,1833,3.26,47,0.08,66.9374,41.948
2016-09,Centro,ACES Baixo Mondego,"40.2150023, -8.4071805",386103,373913,96.84,10443,2.7,1747,0.45,65.6038,29.3803
2016-09,Lisboa e Vale do Tejo,ACES Cascais,"38.69904, -9.3818008",199188,165285,82.98,33884,17.01,19,0.01,52.6761,26.365
2016-09,Lisboa e Vale do Tejo,ACES Lisboa Norte,"38.7396924, -9.168506",257197,220986,85.92,35919,13.97,292,0.11,54.9353,24.9249
2016-09,Norte,ACES Feira e Arouca,"40.9263169, -8.5478813",154333,152198,98.62,1940,1.26,195,0.13,73.5103,64.1604
2016-09,Norte,ACES Maia / Valongo,"41.2333945, -8.6187474",217321,213575,98.28,3627,1.67,119,0.05,72.0555,52.308
2016-09,Norte,ACES Póvoa do Varzim / Vila do Conde,"41.355519, -8.746653",149509,147735,98.81,1770,1.18,4,0.0,73.6925,69.3231
2016-10,Alentejo,ACES Baixo Alentejo,"38.0153039, -7.8627308",125148,121926,97.43,3079,2.46,143,0.11,71.6134,59.0869
2016-10,Algarve,ACES Algarve Central,"37.0274264, -7.9395984",242643,207878,85.67,33939,13.99,826,0.34,58.2867,33.0101
2016-10,Centro,ACES Baixo Vouga,"40.6405055, -8.6537539",385135,376809,97.84,6036,1.57,2290,0.59,72.0225,36.7288
2016-10,Centro,ACES Dão Lafões,"40.6565861, -7.9124712",272289,266939,98.04,4985,1.83,365,0.13,68.8119,21.1522
2016-10,Centro,ACES Pinhal Interior Norte,"40.1151262, -8.2473136",130999,124314,94.9,5984,4.57,701,0.54,76.4816,39.1388
2016-10,Centro,ACES Pinhal Litoral,"39.7495331, -8.807683",266824,253237,94.91,12963,4.86,624,0.23,67.6966,43.7153
2016-10,Lisboa e Vale do Tejo,ACES Arco Ribeirinho,"38.6672076, -9.0543329",220497,158438,71.85,61910,28.08,149,0.07,58.1322,40.7248
2016-10,Lisboa e Vale do Tejo,ACES Arrábida,"38.5324373, -8.8627453",226379,167012,73.78,58715,25.94,652,0.29,61.4362,42.5932
2016-10,Lisboa e Vale do Tejo,ACES Cascais,"38.69904, -9.3818008",199666,164469,82.37,35169,17.61,28,0.01,52.6761,26.365
2016-10,Lisboa e Vale do Tejo,ACES Estuário do Tejo,"38.9528113, -8.9911154",228097,160239,70.25,66712,29.25,1146,0.5,57.8084,40.5298
2016-10,Lisboa e Vale do Tejo,ACES Sintra,"38.7519209, -9.2753636",361223,272002,75.3,88461,24.49,760,0.21,55.6872,39.3247
2016-10,Norte,ACES Douro Sul,"41.0953745, -7.8123805",75761,67283,88.81,8032,10.6,446,0.59,73.0107,54.9024
2016-10,Norte,ACES Póvoa do Varzim / Vila do Conde,"41.355519, -8.746653",149608,147837,98.82,1768,1.18,3,0.0,73.6925,69.3231
2016-11,Alentejo,ACES Alentejo Central,"38.8442031, -7.5826619",165082,159743,96.77,5239,3.17,100,0.06,75.2244,68.2797
2016-11,Algarve,ACES Algarve Barlavento,"37.1387554, -8.5445093",156374,107308,68.62,48218,30.84,848,0.54,58.5833,44.745
2016-11,Lisboa e Vale do Tejo,ACES Sintra,"38.7519209, -9.2753636",361690,271458,75.05,89472,24.74,760,0.21,55.6872,39.3247
2016-11,Norte,ACES Alto Minho,"41.7056054, -8.8252713",243344,240740,98.93,1969,0.81,635,0.26,76.1968,18.9873
2016-11,Norte,ACES Alto Tâmega e Barroso,"41.741781, -7.4731648",89838,86638,96.44,3097,3.45,103,0.11,73.3148,54.3577
2016-11,Norte,ACES Porto Oriental,"41.1694498, -8.6126428",115766,112900,97.52,2833,2.45,33,0.03,70.5494,56.8856
2016-11,Norte,ACES Póvoa do Varzim / Vila do Conde,"41.355519, -8.746653",147848,146123,98.83,1721,1.16,4,0.0,73.6925,69.3231
2016-12,Algarve,ACES Algarve Central,"37.0274264, -7.9395984",232249,212028,91.29,19790,8.52,431,0.19,61.3876,30.8821
2016-12,Centro,ACES Cova da Beira,"40.2677741, -7.4995083",84868,82083,96.72,2664,3.14,121,0.14,67.9389,31.87
2016-12,Lisboa e Vale do Tejo,ACES Arrábida,"38.5324373, -8.8627453",223166,166608,74.66,55903,25.05,655,0.29,62.1337,45.0187
2016-12,Lisboa e Vale do Tejo,ACES Lisboa Central,"38.7306317, -9.1510414",278650,236502,84.87,41161,14.77,987,0.35,53.6854,34.8724
2016-12,Norte,ACES Aveiro Norte,"40.8472225, -8.4656674",115874,115829,99.96,7,0.01,38,0.03,75.4805,17.3077
2016-12,Norte,ACES Espinho / Gaia,"41.0022421, -8.642018",183723,180049,98.0,3620,1.97,54,0.03,75.1157,67.7607
2016-12,Norte,ACES Santo Tirso / Trofa,"41.3469246, -8.4822648",115294,115042,99.78,247,0.21,5,0.0,76.5833,6.02782
2017-01,Centro,ACES Baixo Mondego,"40.2150023, -8.4071805",379260,367166,96.81,10601,2.8,1493,0.39,68.3787,37.8783
2017-01,Centro,ACES Pinhal Interior Norte,"40.1151262, -8.2473136",128421,124188,96.7,3514,2.74,719,0.56,78.0764,43.9219
2017-01,Lisboa e Vale do Tejo,ACES Lisboa Norte,"38.7396924, -9.168506",252810,223363,88.35,29159,11.53,288,0.11,56.0039,28.9008
2017-01,Lisboa e Vale do Tejo,ACES Oeste Norte,"39.410844, -9.1396215",178770,161471,90.32,16994,9.51,305,0.17,70.4064,51.5668
2017-01,Lisboa e Vale do Tejo,ACES Oeste Sul,"39.0917759, -9.2600341",197315,149245,75.64,47527,24.09,543,0.28,67.3639,49.8921
2017-01,Norte,ACES Baixo Tâmega,"41.2719719, -8.0791631",168897,156615,92.73,11781,6.98,501,0.3,74.9927,57.931
2017-01,Norte,ACES Espinho / Gaia,"41.0022421, -8.642018",183739,180061,98.0,3632,1.98,46,0.03,75.1645,69.283
2017-01,Norte,ACES Santo Tirso / Trofa,"41.3469246, -8.4822648",115346,115110,99.8,231,0.2,5,0.0,76.4982,6.23782
2017-02,Centro,ACES Beira Interior Sul,"39.8211367, -7.5036651",72454,67058,92.55,4908,6.77,488,0.67,70.2252,45.7932
2017-02,Lisboa e Vale do Tejo,ACES Almada / Seixal,"38.6678522, -9.1875777",342959,292732,85.35,49428,14.41,799,0.23,63.9409,35.6959
2017-02,Lisboa e Vale do Tejo,ACES Amadora,"38.7573081, -9.23429",169174,134236,79.35,34726,20.53,212,0.13,58.2134,40.9325
2017-02,Lisboa e Vale do Tejo,ACES Arrábida,"38.5324373, -8.8627453",223922,167107,74.63,56152,25.08,663,0.3,63.3399,47.5702
2017-02,Lisboa e Vale do Tejo,ACES Cascais,"38.69904, -9.3818008",196418,164333,83.66,32044,16.31,41,0.02,53.6443,31.2327
2017-02,Norte,ACES Alto Minho,"41.7056054, -8.8252713",243415,242997,99.83,102,0.04,316,0.13,77.6228,27.8177
2017-02,Norte,ACES Espinho / Gaia,"41.0022421, -8.642018",183660,180696,98.39,2921,1.59,43,0.02,74.9123,69.5007
2017-03,Centro,ACES Dão Lafões,"40.6565861, -7.9124712",267851,263946,98.54,3522,1.31,383,0.14,69.9666,35.8423
2017-03,Centro,ACES Pinhal Interior Sul,"39.7510898, -7.9203657",30512,30242,99.12,115,0.38,155,0.51,81.1582,22.2222
2017-03,Lisboa e Vale do Tejo,ACES Cascais,"38.69904, -9.3818008",197178,164427,83.39,32710,16.59,41,0.02,53.4639,31.141
2017-03,Lisboa e Vale do Tejo,ACES Estuário do Tejo,"38.9528113, -8.9911154",224369,167476,74.64,55725,24.84,1168,0.52,60.7762,46.947
2017-03,Lisboa e Vale do Tejo,ACES Sintra,"38.7519209, -9.2753636",355746,276382,77.69,78613,22.1,751,0.21,56.7831,43.5767
2017-03,Norte,ACES Alto Minho,"41.7056054, -8.8252713",243411,241344,99.15,1749,0.72,318,0.13,77.608,67.2798
2017-03,Norte,ACES Alto Tâmega e Barroso,"41.741781, -7.4731648",90091,86651,96.18,3292,3.65,148,0.16,75.0874,56.3548
2017-03,Norte,ACES Baixo Tâmega,"41.2719719, -8.0791631",168848,155587,92.15,12735,7.54,526,0.31,75.121,59.7844
2017-03,Norte,ACES Barcelos / Esposende,"41.5317419, -8.6178922",155958,152702,97.91,2989,1.92,267,0.17,76.872,55.5897
2017-03,Norte,ACES Braga,"41.5518714, -8.4126362",185503,185479,99.99,24,0.01,0,0.0,74.3726,30.0
2017-03,Norte,ACES Douro Sul,"41.0953745, -7.8123805",74732,71030,95.05,3344,4.47,358,0.48,73.2886,63.8304
2017-03,Norte,ACES Matosinhos,"41.1918541, -8.6590693",171973,169729,98.7,1963,1.14,281,0.16,74.1157,62.9911
2017-03,Norte,ACES Porto Ocidental,"41.1741353, -8.6691662",165582,162248,97.99,3072,1.86,262,0.16,68.9244,53.3433
2017-03,Norte,ACES Porto Oriental,"41.1694498, -8.6126428",116799,113335,97.03,3430,2.94,34,0.03,70.6719,57.5058
2017-03,Norte,ACES Vale do Sousa Sul,"41.1548155, -8.2163769",174950,172863,98.81,2045,1.17,42,0.02,76.379,74.8201
2017-04,Centro,ACES Beira Interior Sul,"39.8211367, -7.5036651",72545,67153,92.57,4885,6.73,507,0.7,70.1003,47.9785
2017-04,Centro,ACES Cova da Beira,"40.2677741, -7.4995083",85289,82306,96.5,2862,3.36,121,0.14,67.4115,31.6019
2017-04,Lisboa e Vale do Tejo,ACES Amadora,"38.7573081, -9.23429",170308,132424,77.76,37668,22.12,216,0.13,57.7953,40.9502
2017-04,Lisboa e Vale do Tejo,ACES Cascais,"38.69904, -9.3818008",197945,164458,83.08,33445,16.9,42,0.02,53.0521,30.8239
2017-04,Lisboa e Vale do Tejo,ACES Lezíria,"39.2371689, -8.6908895",193695,164879,85.12,28311,14.62,505,0.26,68.9163,55.6972
2017-04,Lisboa e Vale do Tejo,ACES Lisboa Central,"38.7306317, -9.1510414",281786,236094,83.78,44669,15.85,1023,0.36,53.0672,34.2328
2017-04,Lisboa e Vale do Tejo,ACES Médio Tejo,"39.478072, -8.5404429",225404,194461,86.27,30263,13.43,680,0.3,69.9315,61.1303
2017-04,Lisboa e Vale do Tejo,ACES Oeste Sul,"39.0917759, -9.2600341",198276,151886,76.6,45852,23.13,538,0.27,66.608,48.5417
2017-04,Norte,ACES Ave / Famalicão,"41.3835805, -8.4157518",123180,120563,97.88,2614,2.12,3,0.0,73.9137,53.8403
2017-05,Centro,ACES Beira Interior Sul,"39.8211367, -7.5036651",72602,67216,92.58,4870,6.71,516,0.71,69.9572,48.7828
2017-05,Centro,ACES Dão Lafões,"40.6565861, -7.9124712",268053,263628,98.35,4047,1.51,378,0.14,69.631,40.3842
2017-05,Lisboa e Vale do Tejo,ACES Oeste Norte,"39.410844, -9.1396215",179286,160868,89.73,18095,10.09,323,0.18,69.4185,49.4755
2017-05,Lisboa e Vale do Tejo,ACES Sintra,"38.7519209, -9.2753636",357278,269159,75.34,87364,24.45,755,0.21,56.1607,42.9174
2017-05,Norte,ACES Alto Minho,"41.7056054, -8.8252713",243499,241421,99.15,1763,0.72,315,0.13,77.1481,65.6551
2017-05,Norte,ACES Douro Sul,"41.0953745, -7.8123805",74717,70928,94.93,3363,4.5,426,0.57,73.1287,62.787
2017-05,Norte,ACES Matosinhos,"41.1918541, -8.6590693",172424,170101,98.65,2034,1.18,289,0.17,73.5887,60.6113
2017-06,Alentejo,ACES São Mamede,"39.2967086, -7.4284755",115355,110990,96.22,4242,3.68,123,0.11,73.9643,58.1118
2017-06,Algarve,ACES Algarve Barlavento,"37.1387554, -8.5445093",159533,104230,65.33,54472,34.14,831,0.52,58.8764,49.2461
2017-06,Algarve,ACES Algarve Central,"37.0274264, -7.9395984",237431,213301,89.84,23735,10.0,395,0.17,59.7734,21.8391
2017-06,Centro,ACES Baixo Mondego,"40.2150023, -8.4071805",381228,371556,97.46,8161,2.14,1511,0.4,68.2276,31.0939
2017-06,Centro,ACES Dão Lafões,"40.6565861, -7.9124712",268206,263844,98.37,3982,1.48,380,0.14,69.4221,39.6564
2017-06,Lisboa e Vale do Tejo,ACES Arrábida,"38.5324373, -8.8627453",225791,167558,74.21,57568,25.5,665,0.29,62.3784,46.4592
2017-06,Lisboa e Vale do Tejo,ACES Cascais,"38.69904, -9.3818008",199308,164449,82.51,34802,17.46,57,0.03,53.0977,30.961
2017-06,Lisboa e Vale do Tejo,ACES Estuário do Tejo,"38.9528113, -8.9911154",226045,165917,73.4,58949,26.08,1179,0.52,60.1598,46.168
2017-06,Lisboa e Vale do Tejo,ACES Lezíria,"39.2371689, -8.6908895",193819,161074,83.11,32229,16.63,516,0.27,68.5376,53.573
2017-06,Lisboa e Vale do Tejo,ACES Lisboa Central,"38.7306317, -9.1510414",283109,234124,82.7,47962,16.94,1023,0.36,52.7391,34.9685
2017-06,Lisboa e Vale do Tejo,ACES Lisboa Norte,"38.7396924, -9.168506",256392,226374,88.29,29733,11.6,285,0.11,54.5554,27.4106
2017-06,Lisboa e Vale do Tejo,ACES Oeste Sul,"39.0917759, -9.2600341",199465,150196,75.3,48691,24.41,578,0.29,65.9389,48.2958
2017-06,Norte,ACES Baixo Tâmega,"41.2719719, -8.0791631",168886,158777,94.01,9594,5.68,515,0.3,74.7723,58.8423
2017-06,Norte,ACES Marão e Douro Norte,"41.2968711, -7.7483727",106499,106111,99.64,10,0.01,378,0.35,77.2666,4.60358
2017-06,Norte,ACES Póvoa do Varzim / Vila do Conde,"41.355519, -8.746653",148518,143392,96.55,5121,3.45,5,0.0,73.9614,70.0156
2017-07,Alentejo,ACES Baixo Alentejo,"38.0153039, -7.8627308",123639,121672,98.41,1451,1.17,516,0.42,72.5862,49.517
2017-07,Algarve,ACES Algarve Sotavento,"37.383008, -7.7293275",55572,55420,99.73,117,0.21,35,0.06,67.3228,14.4737
2017-07,Centro,ACES Beira Interior Sul,"39.8211367, -7.5036651",72714,67260,92.5,4927,6.78,527,0.72,69.4421,48.6705
2017-07,Lisboa e Vale do Tejo,ACES Lezíria,"39.2371689, -8.6908895",193916,159595,82.3,33812,17.44,509,0.26,68.4873,52.9869
2017-07,Norte,ACES Alto Tâmega e Barroso,"41.741781, -7.4731648",90242,85219,94.43,4871,5.4,152,0.17,74.8415,57.3668
2017-07,Norte,ACES Barcelos / Esposende,"41.5317419, -8.6178922",156363,151902,97.15,4201,2.69,260,0.17,76.2204,69.6637
2017-07,Norte,ACES Espinho / Gaia,"41.0022421, -8.642018",182366,178971,98.14,3329,1.83,66,0.04,74.6614,64.3888
2017-07,Norte,ACES Póvoa do Varzim / Vila do Conde,"41.355519, -8.746653",148655,143509,96.54,5140,3.46,6,0.0,73.8228,69.9631
2017-07,Norte,ACES Santo Tirso / Trofa,"41.3469246, -8.4822648",115758,115695,99.95,54,0.05,9,0.01,75.1263,6.26866
2017-08,Algarve,ACES Algarve Sotavento,"37.383008, -7.7293275",55684,55486,99.64,165,0.3,33,0.06,67.1102,21.2121
2017-08,Lisboa e Vale do Tejo,ACES Almada / Seixal,"38.6678522, -9.1875777",346330,295372,85.29,50183,14.49,775,0.22,62.3807,33.3824
2017-08,Lisboa e Vale do Tejo,ACES Arrábida,"38.5324373, -8.8627453",226777,165486,72.97,60609,26.73,682,0.3,62.3012,46.3553
2017-08,Lisboa e Vale do Tejo,ACES Lisboa Ocidental e Oeiras,"38.6914388, -9.3184304",244713,223646,91.39,20394,8.33,673,0.28,56.1153,32.9061
2017-08,Lisboa e Vale do Tejo,ACES Médio Tejo,"39.478072, -8.5404429",225557,194884,86.4,30250,13.41,423,0.19,69.5228,59.7842
2017-08,Lisboa e Vale do Tejo,ACES Oeste Norte,"39.410844, -9.1396215",179617,157473,87.67,21822,12.15,322,0.18,69.231,51.5566
2017-08,Norte,ACES Alto Ave,"41.4417064, -8.1722408",269350,265957,98.74,3294,1.22,99,0.04,76.7612,67.0894
2017-08,Norte,ACES Espinho / Gaia,"41.0022421, -8.642018",182513,179019,98.09,3422,1.87,72,0.04,74.5286,63.2694
2017-08,Norte,ACES Matosinhos,"41.1918541, -8.6590693",173008,167021,96.54,5671,3.28,316,0.18,73.3749,61.7902
2017-09,Algarve,ACES Algarve Central,"37.0274264, -7.9395984",239445,213319,89.09,25725,10.74,401,0.17,59.099,23.6719
2017-09,Algarve,ACES Algarve Sotavento,"37.383008, -7.7293275",55810,55554,99.54,222,0.4,34,0.06,66.8458,26.9531
2017-09,Lisboa e Vale do Tejo,ACES Lezíria,"39.2371689, -8.6908895",194105,162957,83.95,30639,15.78,509,0.26,68.4417,53.5097
2017-09,Lisboa e Vale do Tejo,ACES Lisboa Ocidental e Oeiras,"38.6914388, -9.3184304",245169,223493,91.16,21010,8.57,666,0.27,55.9833,32.8843
2017-09,Lisboa e Vale do Tejo,ACES Loures / Odivelas,"38.8012718, -9.1137868",357530,307318,85.96,50169,14.03,43,0.01,59.3294,36.7614
2017-09,Lisboa e Vale do Tejo,ACES Médio Tejo,"39.478072, -8.5404429",225695,195189,86.48,30074,13.33,432,0.19,69.3425,59.2934
2017-09,Norte,ACES Ave / Famalicão,"41.3835805, -8.4157518",123366,118969,96.44,4352,3.53,45,0.04,73.0461,61.9058
2017-09,Norte,ACES Matosinhos,"41.1918541, -8.6590693",173185,167082,96.48,5786,3.34,317,0.18,73.2398,61.1239
2017-10,Alentejo,ACES São Mamede,"39.2967086, -7.4284755",115632,109812,94.97,5687,4.92,133,0.12,72.977,60.4467
2017-10,Algarve,ACES Algarve Central,"37.0274264, -7.9395984",240306,215376,89.63,24534,10.21,396,0.16,58.9027,23.644
2017-10,Algarve,ACES Algarve Sotavento,"37.383008, -7.7293275",55914,55581,99.4,296,0.53,37,0.07,66.712,30.9309
2017-10,Centro,ACES Pinhal Litoral,"39.7495331, -8.807683",264575,254950,96.36,8841,3.34,784,0.3,69.0947,47.63
2017-10,Lisboa e Vale do Tejo,ACES Lisboa Norte,"38.7396924, -9.168506",259419,226244,87.21,32862,12.67,313,0.12,53.7612,26.9718
2017-10,Lisboa e Vale do Tejo,ACES Loures / Odivelas,"38.8012718, -9.1137868",358179,313770,87.6,44360,12.38,49,0.01,59.4705,36.9541
2017-10,Norte,ACES Alto Tâmega e Barroso,"41.741781, -7.4731648",90528,85337,94.27,5015,5.54,176,0.19,74.2704,55.0541
2017-10,Norte,ACES Aveiro Norte,"40.8472225, -8.4656674",116505,114775,98.52,1671,1.43,59,0.05,74.0288,69.8266
2017-10,Norte,ACES Baixo Tâmega,"41.2719719, -8.0791631",169020,156137,92.38,12353,7.31,530,0.31,74.716,59.9876
2017-10,Norte,ACES Braga,"41.5518714, -8.4126362",187222,183249,97.88,3970,2.12,3,0.0,73.4453,49.6604
2017-10,Norte,ACES Douro Sul,"41.0953745, -7.8123805",74456,70602,94.82,3468,4.66,386,0.52,73.2287,63.1552
2017-10,Norte,ACES Maia / Valongo,"41.2333945, -8.6187474",218030,214421,98.34,3486,1.6,123,0.06,72.1135,56.8617
2017-10,Norte,ACES Porto Ocidental,"41.1741353, -8.6691662",167728,162204,96.71,5354,3.19,170,0.1,67.4051,55.3484
2017-11,Centro,ACES Dão Lafões,"40.6565861, -7.9124712",269223,257801,95.76,10998,4.09,424,0.16,71.2269,51.8985
2017-11,Centro,ACES Guarda,"40.5353285, -7.2724426",149242,145338,97.38,2356,1.58,1548,1.04,72.1476,38.4418
2017-11,Centro,ACES Pinhal Litoral,"39.7495331, -8.807683",264996,256855,96.93,7362,2.78,779,0.29,68.7283,40.7455
2017-11,Lisboa e Vale do Tejo,ACES Loures / Odivelas,"38.8012718, -9.1137868",358840,315619,87.96,43171,12.03,50,0.01,59.3014,35.9718
2017-11,Norte,ACES Aveiro Norte,"40.8472225, -8.4656674",116597,116530,99.94,7,0.01,60,0.05,73.9067,36.3636
2017-11,Norte,ACES Maia / Valongo,"41.2333945, -8.6187474",218183,214563,98.34,3500,1.6,120,0.05,71.9865,56.8232
2017-11,Norte,ACES Nordeste,"41.8069684, -6.7587977",131740,128865,97.82,2058,1.56,817,0.62,74.8524,54.887
2017-11,Norte,ACES Porto Ocidental,"41.1741353, -8.6691662",167932,162343,96.67,5413,3.22,176,0.1,67.1788,54.3828
2017-11,Norte,ACES Porto Oriental,"41.1694498, -8.6126428",117414,116727,99.41,650,0.55,37,0.03,69.5363,42.6492
2017-12,Alentejo,ACES Alentejo Central,"38.8442031, -7.5826619",166398,164531,98.88,1736,1.04,131,0.08,74.7586,51.098
2017-12,Algarve,ACES Algarve Central,"37.0274264, -7.9395984",240917,222465,92.34,18084,7.51,368,0.15,58.6818,25.3184
2017-12,Centro,ACES Baixo Vouga,"40.6405055, -8.6537539",381568,375223,98.34,4129,1.08,2216,0.58,72.415,31.8519
2017-12,Centro,ACES Beira Interior Sul,"39.8211367, -7.5036651",72792,69285,95.18,2902,3.99,605,0.83,68.8238,42.515
2017-12,Centro,ACES Dão Lafões,"40.6565861, -7.9124712",268539,260269,96.92,7865,2.93,405,0.15,71.3135,49.6433
2017-12,Lisboa e Vale do Tejo,ACES Amadora,"38.7573081, -9.23429",169656,128613,75.81,40800,24.05,243,0.14,56.6826,43.6618
2017-12,Lisboa e Vale do Tejo,ACES Lisboa Central,"38.7306317, -9.1510414",282249,240813,85.32,40412,14.32,1024,0.36,52.6705,34.4539
2017-12,Lisboa e Vale do Tejo,ACES Lisboa Norte,"38.7396924, -9.168506",252944,226076,89.38,26546,10.49,322,0.13,54.653,36.2388
2017-12,Lisboa e Vale do Tejo,ACES Loures / Odivelas,"38.8012718, -9.1137868",355220,315425,88.8,39740,11.19,55,0.02,59.732,37.7651
2017-12,Norte,ACES Alto Tâmega e Barroso,"41.741781, -7.4731648",90287,88075,97.55,2028,2.25,184,0.2,74.2649,52.9438
2017-12,Norte,ACES Gerês / Cabreira,"41.6298661, -8.3596897",106436,103887,97.61,2539,2.39,10,0.01,74.8088,73.3128
2017-12,Norte,ACES Vale do Sousa Norte,"41.2793583, -8.2787457",159867,153362,95.93,6498,4.06,7,0.0,75.8527,67.1945
2018-01,Alentejo,ACES Alentejo Central,"38.8442031, -7.5826619",166355,164458,98.86,1766,1.06,131,0.08,74.8877,40.1872
2018-01,Alentejo,ACES Alentejo Litoral,"38.3841359, -8.5132031",93091,82744,88.89,10282,11.05,65,0.07,64.0232,54.4495
2018-01,Centro,ACES Beira Interior Sul,"39.8211367, -7.5036651",72871,70651,96.95,1615,2.22,605,0.83,68.5965,56.2112
2018-01,Lisboa e Vale do Tejo,ACES Amadora,"38.7573081, -9.23429",170218,128461,75.47,41515,24.39,242,0.14,56.447,42.8099
2018-01,Lisboa e Vale do Tejo,ACES Cascais,"38.69904, -9.3818008",198523,174835,88.07,22868,11.52,820,0.41,55.1545,33.1814
2018-01,Lisboa e Vale do Tejo,ACES Estuário do Tejo,"38.9528113, -8.9911154",225614,178565,79.15,46168,20.46,881,0.39,59.073,48.4088
2018-01,Lisboa e Vale do Tejo,ACES Lisboa Norte,"38.7396924, -9.168506",253764,226340,89.19,27099,10.68,325,0.13,54.6864,35.8651
2018-01,Lisboa e Vale do Tejo,ACES Lisboa Ocidental e Oeiras,"38.6914388, -9.3184304",245479,237984,96.95,6944,2.83,551,0.22,55.7635,31.3901
2018-01,Norte,ACES Ave / Famalicão,"41.3835805, -8.4157518",123347,122227,99.09,1047,0.85,73,0.06,72.4007,42.7679
2018-01,Norte,ACES Aveiro Norte,"40.8472225, -8.4656674",116744,116673,99.94,11,0.01,60,0.05,73.4998,30.4348
2018-01,Norte,ACES Barcelos / Esposende,"41.5317419, -8.6178922",156588,151678,96.86,4696,3.0,214,0.14,75.2235,65.8313
2018-01,Norte,ACES Douro Sul,"41.0953745, -7.8123805",74037,72320,97.68,1411,1.91,306,0.41,73.2887,57.551
2018-01,Norte,ACES Gerês / Cabreira,"41.6298661, -8.3596897",106409,103876,97.62,2527,2.37,6,0.01,74.5769,73.4472
2018-02,Alentejo,ACES São Mamede,"39.2967086, -7.4284755",115325,109510,94.96,5677,4.92,138,0.12,73.1143,71.5047
2018-02,Algarve,ACES Algarve Central,"37.0274264, -7.9395984",242351,225206,92.93,16783,6.93,362,0.15,58.7621,29.0563
2018-02,Centro,ACES Baixo Vouga,"40.6405055, -8.6537539",382120,375688,98.32,4189,1.1,2243,0.59,72.3836,29.9922
2018-02,Lisboa e Vale do Tejo,ACES Almada / Seixal,"38.6678522, -9.1875777",343143,299369,87.24,43018,12.54,756,0.22,62.574,36.1278
2018-02,Lisboa e Vale do Tejo,ACES Amadora,"38.7573081, -9.23429",170500,124962,73.29,45295,26.57,243,0.14,56.3346,39.4611
2018-02,Norte,ACES Alto Minho,"41.7056054, -8.8252713",244536,243875,99.73,346,0.14,315,0.13,76.3276,37.1775
2018-02,Norte,ACES Alto Tâmega e Barroso,"41.741781, -7.4731648",90344,88168,97.59,2000,2.21,176,0.19,74.0619,55.2079
2018-02,Norte,ACES Ave / Famalicão,"41.3835805, -8.4157518",123312,122183,99.08,1056,0.86,73,0.06,72.538,42.1986
2018-02,Norte,ACES Baixo Tâmega,"41.2719719, -8.0791631",168552,164702,97.72,3276,1.94,574,0.34,74.8928,40.8831
2018-02,Norte,ACES Barcelos / Esposende,"41.5317419, -8.6178922",156559,151778,96.95,4693,3.0,88,0.06,75.2344,66.9805
2018-02,Norte,ACES Feira e Arouca,"40.9263169, -8.5478813",152347,151559,99.48,638,0.42,150,0.1,74.5333,57.0342
2018-02,Norte,ACES Gaia,"41.1278433, -8.580396",153165,147191,96.1,5924,3.87,50,0.03,70.0867,57.7808
2018-02,Norte,ACES Gerês / Cabreira,"41.6298661, -8.3596897",106423,103243,97.01,3176,2.98,4,0.0,74.405,73.3002
2018-02,Norte,ACES Maia / Valongo,"41.2333945, -8.6187474",218533,214964,98.37,3455,1.58,114,0.05,71.5702,57.7074
2018-02,Norte,ACES Matosinhos,"41.1918541, -8.6590693",173395,170186,98.15,2931,1.69,278,0.16,72.8139,52.976
2018-02,Norte,ACES Póvoa do Varzim / Vila do Conde,"41.355519, -8.746653",149333,147476,98.76,1849,1.24,8,0.01,71.7738,74.6365
2018-02,Norte,ACES Vale do Sousa Sul,"41.1548155, -8.2163769",174446,172961,99.15,1453,0.83,32,0.02,75.4559,77.7104
2018-03,Alentejo,ACES São Mamede,"39.2967086, -7.4284755",115252,109426,94.94,5689,4.94,137,0.12,72.9671,71.3991
2018-03,Centro,ACES Baixo Vouga,"39.7495331, -8.807683",382553,375938,98.27,4347,1.14,2268,0.59,72.1815,29.7686
2018-03,Centro,ACES Beira Interior Sul,"39.8211367, -7.5036651",72922,70690,96.94,1423,1.95,809,1.11,68.5923,56.138
2018-03,Centro,ACES Guarda,"40.5353285, -7.2724426",149141,145238,97.38,2338,1.57,1565,1.05,72.0393,23.0336
2018-03,Centro,ACES Pinhal Interior Sul,"39.7510898, -7.9203657",30499,30291,99.32,27,0.09,181,0.59,79.9456,22.1154
2018-03,Lisboa e Vale do Tejo,ACES Amadora,"38.7573081, -9.23429",170880,124870,73.07,45768,26.78,242,0.14,55.9457,39.3454
2018-03,Lisboa e Vale do Tejo,ACES Cascais,"38.69904, -9.3818008",199555,175341,87.87,23165,11.61,1049,0.53,54.9016,31.4942
2018-03,Lisboa e Vale do Tejo,ACES Loures / Odivelas,"38.8012718, -9.1137868",356752,317267,88.93,39407,11.05,78,0.02,59.6122,38.4465
2018-03,Lisboa e Vale do Tejo,ACES Oeste Norte,"39.410844, -9.1396215",178972,162426,90.75,16247,9.08,299,0.17,68.8954,48.0738
2018-03,Norte,ACES Alto Ave,"41.4417064, -8.1722408",269808,266587,98.81,3132,1.16,89,0.03,75.9578,65.84
2018-03,Norte,ACES Aveiro Norte,"40.8472225, -8.4656674",116753,116672,99.93,22,0.02,59,0.05,73.0357,32.5
2018-03,Norte,ACES Baixo Tâmega,"41.2719719, -8.0791631",168358,164489,97.7,3277,1.95,592,0.35,74.7826,40.848
2018-03,Norte,ACES Barcelos / Esposende,"41.5317419, -8.6178922",156546,151773,96.95,4693,3.0,80,0.05,75.1206,66.1358
2018-03,Norte,ACES Braga,"41.5518714, -8.4126362",188629,181635,96.29,6992,3.71,2,0.0,72.6802,54.0792
2018-03,Norte,ACES Porto Oriental,"41.1694498, -8.6126428",117329,113168,96.45,4128,3.52,33,0.03,68.977,64.6564
2018-03,Norte,ACES Santo Tirso / Trofa,"41.3469246, -8.4822648",115803,112437,97.09,3347,2.89,19,0.02,73.8282,65.9232
2018-04,Alentejo,ACES Alentejo Litoral,"38.3841359, -8.5132031",93842,86849,92.55,6816,7.26,177,0.19,63.3798,50.4404
2018-04,Alentejo,ACES São Mamede,"39.2967086, -7.4284755",115251,107550,93.32,6229,5.4,1472,1.28,73.078,70.822
2018-04,Algarve,ACES Algarve Barlavento,"37.1387554, -8.5445093",162766,110974,68.18,50970,31.31,822,0.51,58.224,50.5223
2018-04,Lisboa e Vale do Tejo,ACES Arrábida,"38.5324373, -8.8627453",226150,167539,74.08,57894,25.6,717,0.32,62.6375,48.6292
2018-04,Lisboa e Vale do Tejo,ACES Lisboa Ocidental e Oeiras,"38.6914388, -9.3184304",246880,236310,95.72,10008,4.05,562,0.23,55.7332,38.2439
2018-04,Lisboa e Vale do Tejo,ACES Oeste Norte,"39.410844, -9.1396215",179099,161491,90.17,17312,9.67,296,0.17,69.0329,48.6036
2018-04,Norte,ACES Douro Sul,"41.0953745, -7.8123805",73972,71342,96.44,2325,3.14,305,0.41,73.2264,52.3773
2018-04,Norte,ACES Feira e Arouca,"40.9263169, -8.5478813",152405,151527,99.42,732,0.48,146,0.1,74.3945,61.3975
2018-04,Norte,ACES Gaia,"41.1278433, -8.580396",153409,145836,95.06,6552,4.27,1021,0.67,69.7406,45.1903
2018-04,Norte,ACES Gondomar,"41.1738444, -8.5612238",166640,166554,99.95,26,0.02,60,0.04,73.8271,23.4568
2018-04,Norte,ACES Maia / Valongo,"41.2333945, -8.6187474",218387,216382,99.08,1912,0.88,93,0.04,71.414,66.4343
2018-04,Norte,ACES Nordeste,"41.8069684, -6.7587977",131525,129775,98.67,936,0.71,814,0.62,75.2256,49.0577
2018-04,Norte,ACES Vale do Sousa Norte,"41.2793583, -8.2787457",159927,158278,98.97,1640,1.03,9,0.01,75.7838,71.2553
2018-04,Norte,ACES Vale do Sousa Sul,"41.1548155, -8.2163769",173992,172534,99.16,1425,0.82,33,0.02,75.5463,75.8573
2018-05,Alentejo,ACES Baixo Alentejo,"38.0153039, -7.8627308",123553,121987,98.73,1122,0.91,444,0.36,72.2166,51.8519
2018-05,Algarve,ACES Algarve Central,"37.0274264, -7.9395984",244758,227530,92.96,17021,6.95,207,0.08,58.4767,28.593
2018-05,Lisboa e Vale do Tejo,ACES Almada / Seixal,"38.6678522, -9.1875777",344783,295985,85.85,48020,13.93,778,0.23,62.1379,34.1127
2018-05,Lisboa e Vale do Tejo,ACES Estuário do Tejo,"38.9528113, -8.9911154",227640,179459,78.83,47257,20.76,924,0.41,57.5308,47.3154
2018-05,Lisboa e Vale do Tejo,ACES Lezíria,"39.2371689, -8.6908895",193983,167439,86.32,25986,13.4,558,0.29,68.3461,56.3277
2018-05,Lisboa e Vale do Tejo,ACES Lisboa Central,"38.7306317, -9.1510414",285317,240702,84.36,43583,15.28,1032,0.36,52.4056,32.4338
2018-05,Lisboa e Vale do Tejo,ACES Lisboa Norte,"38.7396924, -9.168506",256406,224730,87.65,31372,12.24,304,0.12,54.3201,33.5438
2018-05,Lisboa e Vale do Tejo,ACES Loures / Odivelas,"38.8012718, -9.1137868",358188,313462,87.51,44673,12.47,53,0.01,59.4612,37.0363
2018-05,Lisboa e Vale do Tejo,ACES Sintra,"38.7519209, -9.2753636",357274,280084,78.39,76404,21.39,786,0.22,56.8853,42.4041
2018-05,Norte,ACES Ave / Famalicão,"41.3835805, -8.4157518",123422,120536,97.66,2837,2.3,49,0.04,72.2782,62.9373
2018-05,Norte,ACES Baixo Tâmega,"41.2719719, -8.0791631",168447,165998,98.55,2025,1.2,424,0.25,74.9307,41.2413
2018-05,Norte,ACES Feira e Arouca,"40.9263169, -8.5478813",152491,151586,99.41,754,0.49,151,0.1,74.1931,63.0243
2018-05,Norte,ACES Maia / Valongo,"41.2333945, -8.6187474",218523,216586,99.11,1844,0.84,93,0.04,71.3023,59.0088
2018-05,Norte,ACES Marão e Douro Norte,"41.2968711, -7.7483727",106217,105852,99.66,23,0.02,342,0.32,75.9087,4.33604
2018-05,Norte,ACES Nordeste,"41.8069684, -6.7587977",131552,128875,97.97,1869,1.42,808,0.61,75.1767,62.3086
2018-05,Norte,ACES Porto Oriental,"41.1694498, -8.6126428",117487,115291,98.13,2163,1.84,33,0.03,68.918,61.0833
2018-05,Norte,ACES Santo Tirso / Trofa,"41.3469246, -8.4822648",115714,115608,99.91,86,0.07,20,0.02,73.9377,19.2857
2018-05,Norte,ACES Vale do Sousa Norte,"41.2793583, -8.2787457",160005,158371,98.98,1625,1.02,9,0.01,75.8079,70.3182
2018-06,Alentejo,ACES Alentejo Central,"38.8442031, -7.5826619",166508,166294,99.87,49,0.03,165,0.1,74.8817,60.7663
2018-06,Centro,ACES Baixo Mondego,"40.2150023, -8.4071805",384870,371661,96.57,11057,2.87,2152,0.56,71.4474,39.788
2018-06,Centro,ACES Baixo Vouga,"40.6405055, -8.6537539",384066,371547,96.74,10192,2.65,2327,0.61,71.9806,45.6899
2018-06,Lisboa e Vale do Tejo,ACES Amadora,"38.7573081, -9.23429",172057,121101,70.38,50718,29.48,238,0.14,55.6819,39.3815
2018-06,Lisboa e Vale do Tejo,ACES Cascais,"38.69904, -9.3818008",201384,175303,87.05,24975,12.4,1106,0.55,54.6244,30.1867
2018-06,Norte,ACES Alto Minho,"41.7056054, -8.8252713",244741,244175,99.77,262,0.11,304,0.12,76.1793,32.2124
2018-06,Norte,ACES Ave / Famalicão,"41.3835805, -8.4157518",123448,120539,97.64,2839,2.3,70,0.06,72.1811,62.3024
2018-06,Norte,ACES Douro Sul,"41.0953745, -7.8123805",73872,70122,94.92,3446,4.66,304,0.41,73.0622,43.7867
2018-06,Norte,ACES Gerês / Cabreira,"41.6298661, -8.3596897",106432,104642,98.32,1786,1.68,4,0.0,74.0109,62.8962
2018-06,Norte,ACES Gondomar,"41.1738444, -8.5612238",167024,166930,99.94,28,0.02,66,0.04,73.8496,21.2766
2018-06,Norte,ACES Matosinhos,"41.1918541, -8.6590693",173822,170253,97.95,3288,1.89,281,0.16,72.5929,51.8768
2018-06,Norte,ACES Santo Tirso / Trofa,"41.3469246, -8.4822648",115729,115617,99.9,92,0.08,20,0.02,74.0552,20.6294
2018-07,Alentejo,ACES Baixo Alentejo,"38.0153039, -7.8627308",123685,120581,97.49,2663,2.15,441,0.36,72.2805,61.0717
2018-07,Lisboa e Vale do Tejo,ACES Lisboa Norte,"38.7396924, -9.168506",257969,224935,87.19,32726,12.69,308,0.12,54.2901,32.5805
2018-07,Lisboa e Vale do Tejo,ACES Sintra,"38.7519209, -9.2753636",358981,280048,78.01,78108,21.76,825,0.23,56.8123,41.9669
2018-07,Norte,ACES Ave / Famalicão,"41.3835805, -8.4157518",123525,120554,97.59,2847,2.3,124,0.1,72.1697,62.2476
2018-07,Norte,ACES Aveiro Norte,"40.8472225, -8.4656674",117166,116859,99.74,247,0.21,60,0.05,73.1968,39.0728
2018-07,Norte,ACES Gondomar,"41.1738444, -8.5612238",167150,167045,99.94,39,0.02,66,0.04,73.8929,23.8095
2018-07,Norte,ACES Porto Ocidental,"41.1741353, -8.6691662",169198,162891,96.27,5977,3.53,330,0.2,65.1273,50.1902
2018-08,Algarve,ACES Algarve Central,"37.0274264, -7.9395984",247223,227076,91.85,19938,8.06,209,0.08,58.3742,29.2518
2018-08,Centro,ACES Baixo Vouga,"40.6405055, -8.6537539",384967,366834,95.29,15796,4.1,2337,0.61,71.9271,51.5206
2018-08,Centro,ACES Beira Interior Sul,"39.8211367, -7.5036651",73217,70793,96.69,1546,2.11,878,1.2,68.9946,53.9926
2018-08,Centro,ACES Dão Lafões,"40.6565861, -7.9124712",269449,256967,95.37,12047,4.47,435,0.16,71.2903,60.1291
2018-08,Centro,ACES Guarda,"40.5353285, -7.2724426",149256,141799,95.0,5869,3.93,1588,1.06,71.9639,41.6311
2018-08,Centro,ACES Pinhal Interior Sul,"39.7510898, -7.9203657",30547,30327,99.28,40,0.13,180,0.59,79.738,20.9091
2018-08,Lisboa e Vale do Tejo,ACES Almada / Seixal,"38.6678522, -9.1875777",346744,293670,84.69,52255,15.07,819,0.24,62.3198,35.2826
2018-08,Lisboa e Vale do Tejo,ACES Cascais,"38.69904, -9.3818008",202758,172809,85.23,28879,14.24,1070,0.53,54.5494,32.7344
2018-08,Lisboa e Vale do Tejo,ACES Lisboa Ocidental e Oeiras,"38.6914388, -9.3184304",249123,232227,93.22,16345,6.56,551,0.22,55.5897,37.2399
2018-08,Norte,ACES Nordeste,"41.8069684, -6.7587977",131615,128531,97.66,2233,1.7,851,0.65,75.1092,59.4674
2018-08,Norte,ACES Porto Oriental,"41.1694498, -8.6126428",117497,113158,96.31,2657,2.26,1682,1.43,69.1679,61.2099
2018-08,Norte,ACES Santo Tirso / Trofa,"41.3469246, -8.4822648",115812,115631,99.84,161,0.14,20,0.02,74.1506,21.3483
2018-09,Algarve,ACES Algarve Central,"37.0274264, -7.9395984",247503,228133,92.17,19155,7.74,215,0.09,58.4735,30.8054
2018-09,Centro,ACES Baixo Vouga,"40.6405055, -8.6537539",385370,371607,96.43,11432,2.97,2331,0.6,71.8279,45.7274
2018-09,Centro,ACES Beira Interior Sul,"39.8211367, -7.5036651",73257,70788,96.63,1593,2.17,876,1.2,68.9248,53.4224
2018-09,Lisboa e Vale do Tejo,ACES Almada / Seixal,"38.6678522, -9.1875777",344074,298836,86.85,44354,12.89,884,0.26,62.7641,33.771
2018-09,Lisboa e Vale do Tejo,ACES Arrábida,"38.5324373, -8.8627453",227900,165704,72.71,61465,26.97,731,0.32,62.0716,48.4164
2018-09,Lisboa e Vale do Tejo,ACES Estuário do Tejo,"38.9528113, -8.9911154",228140,178263,78.14,48985,21.47,892,0.39,58.5261,46.0618
2018-09,Lisboa e Vale do Tejo,ACES Médio Tejo,"39.478072, -8.5404429",225156,205056,91.07,19603,8.71,497,0.22,69.4082,59.3961
2018-09,Norte,ACES Douro Sul,"41.0953745, -7.8123805",73293,70357,95.99,2639,3.6,297,0.41,73.6281,51.891
2018-09,Norte,ACES Gondomar,"41.1738444, -8.5612238",167434,167319,99.93,44,0.03,71,0.04,74.0827,26.087
2018-09,Norte,ACES Póvoa do Varzim / Vila do Conde,"41.355519, -8.746653",150527,150497,99.98,17,0.01,13,0.01,71.0456,36.6667
2018-09,Norte,ACES Vale do Sousa Norte,"41.2793583, -8.2787457",160176,158682,99.07,1485,0.93,9,0.01,76.3493,67.2691
2018-10,Alentejo,ACES Alentejo Central,"38.8442031, -7.5826619",166905,165245,99.01,1481,0.89,179,0.11,74.846,72.2909
2018-10,Centro,ACES Pinhal Interior Norte,"40.1151262, -8.2473136",129832,124988,96.27,4044,3.11,800,0.62,74.328,53.4596
2018-10,Lisboa e Vale do Tejo,ACES Amadora,"38.7573081, -9.23429",172356,125045,72.55,47073,27.31,238,0.14,56.217,41.1905
2018-10,Norte,ACES Douro Sul,"41.0953745, -7.8123805",73156,72964,99.74,81,0.11,111,0.15,73.5846,15.1042
2018-10,Norte,ACES Espinho / Gaia,"41.0022421, -8.642018",183730,181168,98.61,2458,1.34,104,0.06,73.4109,54.8362
2018-10,Norte,ACES Maia / Valongo,"41.2333945, -8.6187474",219247,216695,98.84,2458,1.12,94,0.04,71.435,52.8605
2018-10,Norte,ACES Santo Tirso / Trofa,"41.3469246, -8.4822648",115732,115503,99.8,210,0.18,19,0.02,74.2025,26.1845
2018-11,Alentejo,ACES Alentejo Central,"38.8442031, -7.5826619",166885,165240,99.01,1462,0.88,183,0.11,74.9282,72.9334
2018-11,Algarve,ACES Algarve Sotavento,"37.383008, -7.7293275",57544,56448,98.1,1041,1.81,55,0.1,66.2369,35.8318
2018-11,Centro,ACES Baixo Mondego,"40.2150023, -8.4071805",386659,378520,97.9,5401,1.4,2738,0.71,71.3677,23.4817
2018-11,Centro,ACES Cova da Beira,"40.2677741, -7.4995083",86114,84066,97.62,1129,1.31,919,1.07,67.817,34.7975
2018-11,Lisboa e Vale do Tejo,ACES Arrábida,"38.5324373, -8.8627453",228681,170301,74.47,57636,25.2,744,0.33,62.1371,48.1347
2018-11,Lisboa e Vale do Tejo,ACES Estuário do Tejo,"38.9528113, -8.9911154",228932,186368,81.41,41667,18.2,897,0.39,59.2995,45.2044
2018-11,Lisboa e Vale do Tejo,ACES Lisboa Central,"38.7306317, -9.1510414",286562,246699,86.09,38788,13.54,1075,0.38,52.5687,24.1037
2018-11,Lisboa e Vale do Tejo,ACES Oeste Norte,"39.410844, -9.1396215",178948,150414,84.05,28234,15.78,300,0.17,69.1172,55.0066
2018-11,Lisboa e Vale do Tejo,ACES Oeste Sul,"39.0917759, -9.2600341",202028,176186,87.21,25254,12.5,588,0.29,65.8803,37.839
2018-11,Norte,ACES Feira e Arouca,"40.9263169, -8.5478813",153026,151904,99.27,972,0.64,150,0.1,74.4655,66.6964
2018-11,Norte,ACES Marão e Douro Norte,"41.2968711, -7.7483727",106090,104149,98.17,1593,1.5,348,0.33,76.1815,55.1157
2018-11,Norte,ACES Matosinhos,"41.1918541, -8.6590693",173778,172983,99.54,557,0.32,238,0.14,72.7443,30.3526
2018-11,Norte,ACES Nordeste,"41.8069684, -6.7587977",131628,130085,98.83,664,0.5,879,0.67,74.7755,36.941
2018-11,Norte,ACES Porto Ocidental,"41.1741353, -8.6691662",170069,168752,99.23,818,0.48,499,0.29,61.3202,31.5869
2018-12,Algarve,ACES Algarve Sotavento,"37.383008, -7.7293275",57571,55830,96.98,1685,2.93,56,0.1,66.4745,45.2613
2018-12,Centro,ACES Baixo Vouga,"40.6405055, -8.6537539",387247,374734,96.77,10152,2.62,2361,0.61,71.8194,38.5359
2018-12,Centro,ACES Beira Interior Sul,"39.8211367, -7.5036651",73318,70537,96.21,1905,2.6,876,1.19,69.3274,52.9666
2018-12,Centro,ACES Dão Lafões,"40.6565861, -7.9124712",270073,265312,98.24,4330,1.6,431,0.16,71.5954,46.5638
2018-12,Centro,ACES Guarda,"40.5353285, -7.2724426",148800,140608,94.49,6620,4.45,1572,1.06,71.9058,43.8804
2018-12,Lisboa e Vale do Tejo,ACES Estuário do Tejo,"38.9528113, -8.9911154",229133,186966,81.6,41248,18.0,919,0.4,59.6175,45.8726
2018-12,Lisboa e Vale do Tejo,ACES Oeste Norte,"39.410844, -9.1396215",178925,150338,84.02,28290,15.81,297,0.17,69.001,54.903
2018-12,Norte,ACES Gaia,"41.1278433, -8.580396",154541,148838,96.31,5653,3.66,50,0.03,69.4449,53.2527
2019-01,Alentejo,ACES São Mamede,"39.2967086, -7.4284755",115065,108324,94.14,6607,5.74,134,0.12,72.6033,73.546
2019-01,Centro,ACES Baixo Mondego,"40.2150023, -8.4071805",387425,377727,97.5,6561,1.69,3137,0.81,71.2552,32.0298
2019-01,Centro,ACES Cova da Beira,"40.2677741, -7.4995083",86171,84009,97.49,1229,1.43,933,1.08,67.638,35.2778
2019-01,Centro,ACES Dão Lafões,"40.6565861, -7.9124712",270200,265425,98.23,4343,1.61,432,0.16,71.5588,47.3446
2019-01,Lisboa e Vale do Tejo,ACES Estuário do Tejo,"38.9528113, -8.9911154",229406,186913,81.48,41578,18.12,915,0.4,59.8923,45.7675
2019-01,Lisboa e Vale do Tejo,ACES Lisboa Central,"38.7306317, -9.1510414",287245,246633,85.86,39539,13.76,1073,0.37,52.5839,26.5765
2019-01,Lisboa e Vale do Tejo,ACES Médio Tejo,"39.478072, -8.5404429",225584,205370,91.04,19667,8.72,547,0.24,69.7389,60.1998
2019-01,Norte,ACES Alto Tâmega e Barroso,"41.741781, -7.4731648",90455,89484,98.93,783,0.87,188,0.21,73.9019,26.1048
2019-01,Norte,ACES Ave / Famalicão,"41.3835805, -8.4157518",123872,123163,99.43,701,0.57,8,0.01,72.272,48.0959
2019-01,Norte,ACES Braga,"41.5518714, -8.4126362",193562,187641,96.94,5917,3.06,4,0.0,72.2993,43.0694
2019-01,Norte,ACES Feira e Arouca,"40.9263169, -8.5478813",153088,151919,99.24,1025,0.67,144,0.09,74.4422,67.9213
2019-01,Norte,ACES Marão e Douro Norte,"41.2968711, -7.7483727",106018,104106,98.2,1574,1.48,338,0.32,76.1463,55.6136
2019-01,Norte,ACES Porto Ocidental,"41.1741353, -8.6691662",170376,169169,99.29,563,0.33,644,0.38,64.8041,30.9031
2019-02,Alentejo,ACES Baixo Alentejo,"38.0153039, -7.8627308",123955,120160,96.94,3378,2.73,417,0.34,71.8799,61.3295
2019-02,Alentejo,ACES São Mamede,"39.2967086, -7.4284755",114989,107736,93.69,7118,6.19,135,0.12,72.6965,73.5209
2019-02,Algarve,ACES Algarve Barlavento,"37.1387554, -8.5445093",166818,127501,76.43,38349,22.99,968,0.58,58.5368,48.5362
2019-02,Centro,ACES Baixo Vouga,"40.6405055, -8.6537539",388076,377738,97.34,7968,2.05,2370,0.61,71.6863,28.8091
2019-02,Lisboa e Vale do Tejo,ACES Estuário do Tejo,"38.9528113, -8.9911154",229726,194039,84.47,34774,15.14,913,0.4,60.1795,46.4959
2019-02,Lisboa e Vale do Tejo,ACES Oeste Norte,"39.410844, -9.1396215",179096,149810,83.65,28994,16.19,292,0.16,68.6577,54.6463
2019-02,Lisboa e Vale do Tejo,ACES Oeste Sul,"39.0917759, -9.2600341",198403,175856,88.64,21976,11.08,571,0.29,67.4252,46.4363
2019-02,Lisboa e Vale do Tejo,ACES Sintra,"38.7519209, -9.2753636",360407,281742,78.17,77818,21.59,847,0.24,57.6459,43.8461
2019-02,Norte,ACES Alto Minho,"41.7056054, -8.8252713",245955,243829,99.14,1827,0.74,299,0.12,76.2642,64.8
2019-02,Norte,ACES Braga,"41.5518714, -8.4126362",193814,187615,96.8,6196,3.2,3,0.0,72.2668,43.629
2019-03,Alentejo,ACES Baixo Alentejo,"38.0153039, -7.8627308",124039,120192,96.9,3437,2.77,410,0.33,71.7847,61.0346
2019-03,Centro,ACES Baixo Mondego,"40.2150023, -8.4071805",387664,380845,98.24,4266,1.1,2553,0.66,71.0636,21.2641
2019-03,Centro,ACES Baixo Vouga,"40.6405055, -8.6537539",388590,376736,96.95,9461,2.43,2393,0.62,71.4676,33.8789
2019-03,Centro,ACES Dão Lafões,"40.6565861, -7.9124712",270391,265048,98.02,4932,1.82,411,0.15,71.4517,58.5634
2019-03,Centro,ACES Pinhal Interior Sul,"39.7510898, -7.9203657",30781,30522,99.16,97,0.32,162,0.53,78.8961,14.2857
2019-03,Lisboa e Vale do Tejo,ACES Almada / Seixal,"38.6678522, -9.1875777",346894,299575,86.36,46261,13.34,1058,0.3,62.8963,36.144
2019-03,Norte,ACES Baixo Tâmega,"41.2719719, -8.0791631",167941,163216,97.19,4369,2.6,356,0.21,75.4289,65.1005
2019-03,Norte,ACES Porto Oriental,"41.1694498, -8.6126428",117954,116416,98.7,1497,1.27,41,0.03,69.4466,45.4486
2019-03,Norte,ACES Póvoa do Varzim / Vila do Conde,"41.355519, -8.746653",150815,150358,99.7,443,0.29,14,0.01,71.8748,41.5755
2019-03,Norte,ACES Santo Tirso / Trofa,"41.3469246, -8.4822648",115614,115298,99.73,294,0.25,22,0.02,74.1078,29.0061
2019-04,Alentejo,ACES Baixo Alentejo,"38.0153039, -7.8627308",124122,120211,96.85,3502,2.82,409,0.33,72.2926,60.1125
2019-04,Alentejo,ACES São Mamede,"39.2967086, -7.4284755",114955,107708,93.7,7111,6.19,136,0.12,72.4275,72.9506
2019-04,Algarve,ACES Algarve Central,"37.0274264, -7.9395984",253447,234986,92.72,18146,7.16,315,0.12,58.0867,39.402
2019-04,Algarve,ACES Algarve Sotavento,"37.383008, -7.7293275",58185,56655,97.37,1476,2.54,54,0.09,66.4054,22.7451
2019-04,Centro,ACES Baixo Mondego,"40.2150023, -8.4071805",388020,378118,97.45,7283,1.88,2619,0.67,71.0349,36.326
2019-04,Centro,ACES Cova da Beira,"40.2677741, -7.4995083",86171,83848,97.3,1375,1.6,948,1.1,67.3289,37.4785
2019-04,Centro,ACES Dão Lafões,"40.6565861, -7.9124712",270492,263488,97.41,6603,2.44,401,0.15,71.499,62.9073
2019-04,Lisboa e Vale do Tejo,ACES Oeste Sul,"39.0917759, -9.2600341",199601,176040,88.2,22986,11.52,575,0.29,67.0458,46.195
2019-04,Norte,ACES Gaia,"41.1278433, -8.580396",155576,150747,96.9,4784,3.08,45,0.03,69.4302,48.1773
2019-04,Norte,ACES Gondomar,"41.1738444, -8.5612238",167595,167410,99.89,114,0.07,71,0.04,74.1696,31.8919
2019-04,Norte,ACES Nordeste,"41.8069684, -6.7587977",131200,128886,98.24,1733,1.32,581,0.44,74.3096,59.3345
2019-04,Norte,ACES Vale do Sousa Norte,"41.2793583, -8.2787457",160474,160463,99.99,3,0.0,8,0.0,77.1719,9.09091
2019-05,Algarve,ACES Algarve Barlavento,"37.1387554, -8.5445093",168273,126096,74.94,41155,24.46,1022,0.61,58.978,49.3883
2019-05,Algarve,ACES Algarve Central,"37.0274264, -7.9395984",253799,235112,92.64,18366,7.24,321,0.13,58.2613,38.9948
2019-05,Centro,ACES Baixo Mondego,"40.2150023, -8.4071805",387889,378238,97.51,7072,1.82,2579,0.66,71.2474,37.598
2019-05,Lisboa e Vale do Tejo,ACES Lezíria,"39.2371689, -8.6908895",194655,167930,86.27,26056,13.39,669,0.34,69.3145,54.3392
2019-05,Lisboa e Vale do Tejo,ACES Lisboa Ocidental e Oeiras,"38.6914388, -9.3184304",249224,228614,91.73,20082,8.06,528,0.21,56.0227,36.361
2019-05,Lisboa e Vale do Tejo,ACES Oeste Norte,"39.410844, -9.1396215",179365,154475,86.12,24611,13.72,279,0.16,68.4233,54.2369
2019-05,Norte,ACES Alto Ave,"41.4417064, -8.1722408",271326,271029,99.89,220,0.08,77,0.03,76.4015,19.5946
2019-05,Norte,ACES Espinho / Gaia,"41.0022421, -8.642018",183838,176625,96.08,7121,3.87,92,0.05,73.0785,68.7604
2019-05,Norte,ACES Matosinhos,"41.1918541, -8.6590693",174781,171531,98.14,3008,1.72,242,0.14,72.7394,59.4952
2019-05,Norte,ACES Nordeste,"41.8069684, -6.7587977",131258,127430,97.08,3234,2.46,594,0.45,74.2364,65.1606
2019-05,Norte,ACES Porto Ocidental,"41.1741353, -8.6691662",171160,169652,99.12,956,0.56,552,0.32,65.4318,33.6207
2019-05,Norte,ACES Póvoa do Varzim / Vila do Conde,"41.355519, -8.746653",151108,150486,99.59,610,0.4,12,0.01,71.7545,46.8599
2019-06,Alentejo,ACES Alentejo Litoral,"38.3841359, -8.5132031",95767,84653,88.39,11009,11.5,105,0.11,63.2107,44.8713
2019-06,Lisboa e Vale do Tejo,ACES Almada / Seixal,"38.6678522, -9.1875777",347339,298748,86.01,47495,13.67,1096,0.32,62.9665,38.147
2019-06,Lisboa e Vale do Tejo,ACES Arco Ribeirinho,"38.6672076, -9.0543329",220197,169718,77.08,50296,22.84,183,0.08,58.7765,46.4312
2019-06,Lisboa e Vale do Tejo,ACES Oeste Sul,"39.0917759, -9.2600341",200662,176867,88.14,23243,11.58,552,0.28,66.5123,45.7617
2019-06,Norte,ACES Barcelos / Esposende,"41.5317419, -8.6178922",157755,149937,95.04,7759,4.92,59,0.04,76.1323,67.0248
2019-06,Norte,ACES Braga,"41.5518714, -8.4126362",195758,194724,99.47,1032,0.53,2,0.0,71.9378,4.64217
2019-06,Norte,ACES Douro Sul,"41.0953745, -7.8123805",72740,72076,99.09,467,0.64,197,0.27,73.3118,31.9277
2019-06,Norte,ACES Feira e Arouca,"40.9263169, -8.5478813",152932,151661,99.17,1125,0.74,146,0.1,74.1277,70.0236
2019-06,Norte,ACES Gaia,"41.1278433, -8.580396",155984,150848,96.71,5087,3.26,49,0.03,69.4821,49.3769
2019-06,Norte,ACES Vale do Sousa Norte,"41.2793583, -8.2787457",160631,156998,97.74,3625,2.26,8,0.0,77.1283,76.1079
2019-07,Algarve,ACES Algarve Central,"37.0274264, -7.9395984",255380,237020,92.81,18009,7.05,351,0.14,57.7026,37.6635
2019-07,Centro,ACES Baixo Mondego,"40.2150023, -8.4071805",388487,380179,97.86,5635,1.45,2673,0.69,70.9051,30.3978
2019-07,Centro,ACES Pinhal Interior Norte,"40.1151262, -8.2473136",130477,127372,97.62,2305,1.77,800,0.61,73.7846,26.052
2019-07,Lisboa e Vale do Tejo,ACES Lisboa Central,"38.7306317, -9.1510414",290194,251671,86.73,37270,12.84,1253,0.43,52.0846,24.3408
2019-07,Lisboa e Vale do Tejo,ACES Lisboa Norte,"38.7396924, -9.168506",265878,239108,89.93,26188,9.85,582,0.22,53.579,31.0364
2019-07,Norte,ACES Alto Tâmega e Barroso,"41.741781, -7.4731648",90505,89682,99.09,657,0.73,166,0.18,73.75,23.3596
2019-07,Norte,ACES Braga,"41.5518714, -8.4126362",196281,195232,99.47,1048,0.53,1,0.0,71.9601,2.0592
2019-07,Norte,ACES Nordeste,"41.8069684, -6.7587977",131358,127633,97.16,3146,2.39,579,0.44,73.835,65.7626
2019-07,Norte,ACES Vale do Sousa Norte,"41.2793583, -8.2787457",160741,160729,99.99,4,0.0,8,0.0,77.0581,0.0
2019-07,Norte,ACES Vale do Sousa Sul,"41.1548155, -8.2163769",173335,171665,99.04,1649,0.95,21,0.01,76.5833,80.4673
2019-08,Algarve,ACES Algarve Barlavento,"37.1387554, -8.5445093",170223,133548,78.45,35674,20.96,1001,0.59,58.7841,47.6277
2019-08,Algarve,ACES Algarve Central,"37.0274264, -7.9395984",256086,234954,91.75,20788,8.12,344,0.13,57.4619,39.2391
2019-08,Algarve,ACES Algarve Sotavento,"37.383008, -7.7293275",58514,56555,96.65,1899,3.25,60,0.1,66.5413,22.0521
2019-08,Centro,ACES Baixo Mondego,"40.2150023, -8.4071805",388691,381698,98.2,4337,1.12,2656,0.68,70.8197,21.4071
2019-08,Centro,ACES Baixo Vouga,"40.6405055, -8.6537539",391411,374754,95.74,14285,3.65,2372,0.61,71.1232,45.6745
2019-08,Centro,ACES Beira Interior Sul,"39.8211367, -7.5036651",73506,71572,97.37,1373,1.87,561,0.76,69.48,44.0538
2019-08,Centro,ACES Cova da Beira,"40.2677741, -7.4995083",86279,85026,98.55,322,0.37,931,1.08,67.7187,21.1492
2019-08,Lisboa e Vale do Tejo,ACES Lisboa Ocidental e Oeiras,"38.6914388, -9.3184304",250417,239763,95.75,10135,4.05,519,0.21,55.5434,24.1975
2019-08,Norte,ACES Baixo Tâmega,"41.2719719, -8.0791631",167730,166242,99.11,1135,0.68,353,0.21,74.9598,48.7231
2019-08,Norte,ACES Espinho / Gaia,"41.0022421, -8.642018",184044,181335,98.53,2617,1.42,92,0.05,72.4734,50.646
2019-08,Norte,ACES Gaia,"41.1278433, -8.580396",156452,148984,95.23,7388,4.72,80,0.05,69.4447,53.3146
2019-08,Norte,ACES Gondomar,"41.1738444, -8.5612238",168663,166914,98.96,1686,1.0,63,0.04,73.7647,69.8685
2019-08,Norte,ACES Nordeste,"41.8069684, -6.7587977",131443,130685,99.42,167,0.13,591,0.45,73.8301,15.6992
2019-08,Norte,ACES Porto Oriental,"41.1694498, -8.6126428",118323,117187,99.04,1095,0.93,41,0.03,69.2393,48.9437
2019-09,Centro,ACES Dão Lafões,"40.6565861, -7.9124712",271226,268774,99.1,2042,0.75,410,0.15,71.6723,16.8842
2019-09,Lisboa e Vale do Tejo,ACES Estuário do Tejo,"38.9528113, -8.9911154",232414,199021,85.63,32552,14.01,841,0.36,60.8951,46.5199
2019-09,Lisboa e Vale do Tejo,ACES Lisboa Ocidental e Oeiras,"38.6914388, -9.3184304",250264,236417,94.47,13325,5.32,522,0.21,55.7815,27.6706
2019-09,Lisboa e Vale do Tejo,ACES Médio Tejo,"39.478072, -8.5404429",225280,209402,92.95,15439,6.85,439,0.19,70.1489,58.9506
2019-09,Lisboa e Vale do Tejo,ACES Oeste Norte,"39.410844, -9.1396215",180028,169171,93.97,10593,5.88,264,0.15,68.0916,24.4002
2019-09,Lisboa e Vale do Tejo,ACES Sintra,"38.7519209, -9.2753636",363084,280921,77.37,81374,22.41,789,0.22,57.8083,46.5098
2019-09,Norte,ACES Alto Minho,"41.7056054, -8.8252713",246917,246330,99.76,309,0.13,278,0.11,75.9573,20.4778
2019-09,Norte,ACES Espinho / Gaia,"41.0022421, -8.642018",184121,181490,98.57,2525,1.37,106,0.06,72.4537,31.1309
2019-09,Norte,ACES Matosinhos,"41.1918541, -8.6590693",175519,173118,98.63,2179,1.24,222,0.13,72.4147,47.8297
2019-09,Norte,ACES Porto Ocidental,"41.1741353, -8.6691662",172283,170764,99.12,962,0.56,557,0.32,64.5421,39.5916
2019-09,Norte,ACES Porto Oriental,"41.1694498, -8.6126428",118429,115701,97.7,2689,2.27,39,0.03,69.3176,57.6047
2019-10,Lisboa e Vale do Tejo,ACES Arco Ribeirinho,"38.6672076, -9.0543329",221483,180342,81.42,40957,18.49,184,0.08,59.2627,45.5104
2019-10,Lisboa e Vale do Tejo,ACES Estuário do Tejo,"38.9528113, -8.9911154",232816,199036,85.49,32944,14.15,836,0.36,61.3533,47.5937
2019-10,Norte,ACES Ave / Famalicão,"41.3835805, -8.4157518",124644,124131,99.59,371,0.3,142,0.11,73.7989,50.7782
2019-10,Norte,ACES Douro Sul,"41.0953745, -7.8123805",72521,72038,99.33,246,0.34,237,0.33,73.199,42.8571
2019-10,Norte,ACES Matosinhos,"41.1918541, -8.6590693",175640,173174,98.6,2277,1.3,189,0.11,72.5427,50.5368
2019-10,Norte,ACES Nordeste,"41.8069684, -6.7587977",131616,130811,99.39,177,0.13,628,0.48,73.9723,16.9576
2019-10,Norte,ACES Porto Ocidental,"41.1741353, -8.6691662",172467,170912,99.1,1068,0.62,487,0.28,64.378,36.3958
2019-11,Algarve,ACES Algarve Barlavento,"37.1387554, -8.5445093",171657,135202,78.76,35437,20.64,1018,0.59,59.0464,49.0334
2019-11,Centro,ACES Beira Interior Sul,"39.8211367, -7.5036651",73807,71671,97.11,1576,2.14,560,0.76,69.211,36.7902
2019-11,Lisboa e Vale do Tejo,ACES Arrábida,"38.5324373, -8.8627453",232225,174715,75.24,57127,24.6,383,0.16,62.5128,50.3731
2019-11,Lisboa e Vale do Tejo,ACES Cascais,"38.69904, -9.3818008",209110,184740,88.35,23029,11.01,1341,0.64,55.597,32.2138
2019-11,Lisboa e Vale do Tejo,ACES Estuário do Tejo,"38.9528113, -8.9911154",232929,198741,85.32,33343,14.31,845,0.36,61.4267,47.7144
2019-11,Lisboa e Vale do Tejo,ACES Oeste Sul,"39.0917759, -9.2600341",202511,175061,86.45,26910,13.29,540,0.27,66.6512,48.8152
2019-11,Lisboa e Vale do Tejo,ACES Sintra,"38.7519209, -9.2753636",363062,279072,76.87,83229,22.92,761,0.21,58.1883,46.7029
2019-11,Norte,ACES Alto Ave,"41.4417064, -8.1722408",272216,272042,99.94,103,0.04,71,0.03,76.1755,11.4943
2019-11,Norte,ACES Alto Tâmega e Barroso,"41.741781, -7.4731648",90461,88271,97.58,2012,2.22,178,0.2,73.7839,58.9286
2019-11,Norte,ACES Gaia,"41.1278433, -8.580396",156985,150430,95.82,6466,4.12,89,0.06,69.7885,48.3506
2019-11,Norte,ACES Gondomar,"41.1738444, -8.5612238",168833,168626,99.88,143,0.08,64,0.04,74.1362,24.6377
2019-11,Norte,ACES Santo Tirso / Trofa,"41.3469246, -8.4822648",115282,114687,99.48,570,0.49,25,0.02,74.0981,29.1287
2019-11,Norte,ACES Vale do Sousa Sul,"41.1548155, -8.2163769",173578,173562,99.99,1,0.0,15,0.01,77.0461,0.0
2019-12,Alentejo,ACES Alentejo Central,"38.8442031, -7.5826619",167503,164349,98.12,2911,1.74,243,0.15,75.1019,74.2357
2019-12,Alentejo,ACES Baixo Alentejo,"38.0153039, -7.8627308",124304,118278,95.15,5628,4.53,398,0.32,72.7555,65.0349
2019-12,Centro,ACES Beira Interior Sul,"39.8211367, -7.5036651",73822,71717,97.15,1579,2.14,526,0.71,69.1948,36.3895
2019-12,Centro,ACES Guarda,"40.5353285, -7.2724426",148766,142485,95.78,4630,3.11,1651,1.11,71.5668,41.6203
2019-12,Centro,ACES Pinhal Interior Norte,"40.1151262, -8.2473136",130536,124124,95.09,5647,4.33,765,0.59,74.5549,54.6943
2019-12,Lisboa e Vale do Tejo,ACES Arrábida,"38.5324373, -8.8627453",232622,174802,75.14,57437,24.69,383,0.16,62.4593,49.6161
2019-12,Lisboa e Vale do Tejo,ACES Sintra,"38.7519209, -9.2753636",363890,277263,76.19,85872,23.6,755,0.21,58.2074,46.5237
2019-12,Norte,ACES Alto Tâmega e Barroso,"41.741781, -7.4731648",90463,88428,97.75,1858,2.05,177,0.2,73.9374,59.7842
2019-12,Norte,ACES Barcelos / Esposende,"41.5317419, -8.6178922",157979,152200,96.34,5721,3.62,58,0.04,76.3658,66.1475
2019-12,Norte,ACES Matosinhos,"41.1918541, -8.6590693",176054,173215,98.39,2655,1.51,184,0.1,72.6215,53.0821
2019-12,Norte,ACES Nordeste,"41.8069684, -6.7587977",131756,130007,98.67,1084,0.82,665,0.5,74.2366,51.5152
2019-12,Norte,ACES Vale do Sousa Sul,"41.1548155, -8.2163769",173692,173674,99.99,3,0.0,15,0.01,77.121,11.1111
2020-01,Alentejo,ACES Alentejo Litoral,"38.3841359, -8.5132031",96840,82531,85.22,14214,14.68,95,0.1,61.4033,51.0801
2020-01,Algarve,ACES Algarve Central,"37.0274264, -7.9395984",258491,232009,89.76,26136,10.11,346,0.13,57.1781,35.4505
2020-01,Algarve,ACES Algarve Sotavento,"37.383008, -7.7293275",59366,57181,96.32,2130,3.59,55,0.09,66.6633,17.9405
2020-01,Centro,ACES Baixo Vouga,"40.6405055, -8.6537539",393588,381735,96.99,9485,2.41,2368,0.6,71.6036,36.7418
2020-01,Centro,ACES Pinhal Interior Norte,"40.1151262, -8.2473136",130451,124093,95.13,5599,4.29,759,0.58,74.2033,53.4917
2020-01,Centro,ACES Pinhal Interior Sul,"39.7510898, -7.9203657",30924,30337,98.1,451,1.46,136,0.44,79.6178,60.3066
2020-01,Lisboa e Vale do Tejo,ACES Almada / Seixal,"38.6678522, -9.1875777",351361,316380,90.04,33912,9.65,1069,0.3,63.1854,35.3737
2020-01,Lisboa e Vale do Tejo,ACES Amadora,"38.7573081, -9.23429",174528,124107,71.11,50009,28.65,412,0.24,55.8008,40.8302
2020-01,Lisboa e Vale do Tejo,ACES Cascais,"38.69904, -9.3818008",210006,180911,86.15,27553,13.12,1542,0.73,55.5139,34.7613
2020-01,Lisboa e Vale do Tejo,ACES Médio Tejo,"39.478072, -8.5404429",225211,203988,90.58,20771,9.22,452,0.2,70.5565,60.6631
2020-01,Norte,ACES Braga,"41.5518714, -8.4126362",198826,195062,98.11,3760,1.89,4,0.0,72.043,69.1715
2020-01,Norte,ACES Marão e Douro Norte,"41.2968711, -7.7483727",106015,103198,97.34,2492,2.35,325,0.31,75.2648,58.9714
2020-01,Norte,ACES Póvoa do Varzim / Vila do Conde,"41.355519, -8.746653",151709,151693,99.99,3,0.0,13,0.01,70.9641,31.25
2020-01,Norte,ACES Santo Tirso / Trofa,"41.3469246, -8.4822648",115310,114659,99.44,627,0.54,24,0.02,74.2199,28.6578
2020-02,Algarve,ACES Algarve Central,"37.0274264, -7.9395984",259268,228532,88.15,30389,11.72,347,0.13,57.1281,35.3755
2020-02,Centro,ACES Beira Interior Sul,"39.8211367, -7.5036651",73848,71003,96.15,2307,3.12,538,0.73,68.8902,37.3989
2020-02,Lisboa e Vale do Tejo,ACES Amadora,"38.7573081, -9.23429",174935,124830,71.36,49699,28.41,406,0.23,55.6664,40.7524
2020-02,Lisboa e Vale do Tejo,ACES Cascais,"38.69904, -9.3818008",210651,180972,85.91,28083,13.33,1596,0.76,55.2803,32.4691
2020-02,Lisboa e Vale do Tejo,ACES Lezíria,"39.2371689, -8.6908895",195503,178749,91.43,15590,7.97,1164,0.6,69.8465,51.0652
2020-02,Lisboa e Vale do Tejo,ACES Lisboa Central,"38.7306317, -9.1510414",291861,250430,85.8,40277,13.8,1154,0.4,51.867,29.2245
2020-02,Lisboa e Vale do Tejo,ACES Lisboa Ocidental e Oeiras,"38.6914388, -9.3184304",249483,225212,90.27,23733,9.51,538,0.22,56.0635,37.4907
2020-02,Norte,ACES Alto Minho,"41.7056054, -8.8252713",247759,247386,99.85,108,0.04,265,0.11,76.1974,18.2306
2020-02,Norte,ACES Gondomar,"41.1738444, -8.5612238",169109,168948,99.9,94,0.06,67,0.04,74.5105,19.2547
2020-02,Norte,ACES Marão e Douro Norte,"41.2968711, -7.7483727",105890,104143,98.35,1507,1.42,240,0.23,75.3499,60.6754
2020-02,Norte,ACES Vale do Sousa Sul,"41.1548155, -8.2163769",173259,173247,99.99,0,0.0,12,0.01,77.0361,8.33333
2020-03,Alentejo,ACES São Mamede,"39.2967086, -7.4284755",114791,105746,92.12,8857,7.72,188,0.16,71.5683,68.8523
2020-03,Algarve,ACES Algarve Central,"37.0274264, -7.9395984",259518,228461,88.03,30714,11.84,343,0.13,56.8072,34.6138
2020-03,Lisboa e Vale do Tejo,ACES Almada / Seixal,"38.6678522, -9.1875777",352053,314694,89.39,36292,10.31,1067,0.3,62.8775,37.0443
2020-03,Lisboa e Vale do Tejo,ACES Lisboa Ocidental e Oeiras,"38.6914388, -9.3184304",249193,225409,90.46,23243,9.33,541,0.22,55.8088,36.999
2020-03,Norte,ACES Aveiro Norte,"40.8472225, -8.4656674",118653,118575,99.93,24,0.02,54,0.05,74.5331,20.7792
2020-03,Norte,ACES Espinho / Gaia,"41.0022421, -8.642018",184300,178439,96.82,5795,3.14,66,0.04,72.1908,63.8567
2020-03,Norte,ACES Feira e Arouca,"40.9263169, -8.5478813",153446,148801,96.97,4504,2.94,141,0.09,73.7953,72.056
2020-04,Centro,ACES Cova da Beira,"40.2677741, -7.4995083",86266,82853,96.04,3272,3.79,141,0.16,68.0195,58.2772
2020-04,Centro,ACES Guarda,"40.5353285, -7.2724426",148370,143535,96.74,3201,2.16,1634,1.1,70.3543,34.8123
2020-04,Centro,ACES Pinhal Interior Sul,"39.7510898, -7.9203657",30895,30304,98.09,452,1.46,139,0.45,78.7506,61.3559
2020-04,Centro,ACES Pinhal Litoral,"39.7495331, -8.807683",271955,263149,96.76,8062,2.96,744,0.27,67.7237,51.1217
2020-04,Lisboa e Vale do Tejo,ACES Arco Ribeirinho,"38.6672076, -9.0543329",221760,169926,76.63,51644,23.29,190,0.09,58.6134,46.8611
2020-04,Lisboa e Vale do Tejo,ACES Estuário do Tejo,"38.9528113, -8.9911154",233486,192993,82.66,39653,16.98,840,0.36,60.9034,49.0454
2020-04,Norte,ACES Braga,"41.5518714, -8.4126362",199285,191403,96.04,7877,3.95,5,0.0,71.2666,67.174
2020-04,Norte,ACES Maia / Valongo,"41.2333945, -8.6187474",220428,219710,99.67,643,0.29,75,0.03,70.4969,39.9721
2020-04,Norte,ACES Marão e Douro Norte,"41.2968711, -7.7483727",105762,105499,99.75,22,0.02,241,0.23,74.2582,4.58015
2020-04,Norte,ACES Nordeste,"41.8069684, -6.7587977",131596,130642,99.28,240,0.18,714,0.54,74.0319,16.9811
2020-05,Alentejo,ACES São Mamede,"39.2967086, -7.4284755",114568,103896,90.69,10482,9.15,190,0.17,70.4046,68.1754
2020-05,Lisboa e Vale do Tejo,ACES Amadora,"38.7573081, -9.23429",170136,123521,72.6,46213,27.16,402,0.24,55.2198,43.1262
2020-05,Lisboa e Vale do Tejo,ACES Arrábida,"38.5324373, -8.8627453",230422,181976,78.98,48027,20.84,419,0.18,61.2283,49.7348
2020-05,Lisboa e Vale do Tejo,ACES Lisboa Norte,"38.7396924, -9.168506",267490,234988,87.85,29935,11.19,2567,0.96,52.7668,37.4565
2020-05,Lisboa e Vale do Tejo,ACES Loures / Odivelas,"38.8012718, -9.1137868",363918,324124,89.07,39713,10.91,81,0.02,57.5835,39.911
2020-05,Lisboa e Vale do Tejo,ACES Oeste Sul,"39.0917759, -9.2600341",201837,176417,87.41,24866,12.32,554,0.27,64.9318,49.2308
2020-05,Norte,ACES Baixo Tâmega,"41.2719719, -8.0791631",166920,157928,94.61,8658,5.19,334,0.2,73.9108,64.3238
2020-05,Norte,ACES Barcelos / Esposende,"41.5317419, -8.6178922",157957,154804,98.0,3092,1.96,61,0.04,74.0723,63.4634
2020-05,Norte,ACES Matosinhos,"41.1918541, -8.6590693",176167,175314,99.52,704,0.4,149,0.08,70.7607,32.0047
2020-05,Norte,ACES Vale do Sousa Norte,"41.2793583, -8.2787457",161020,157511,97.82,3501,2.17,8,0.0,75.2379,73.4967
2020-06,Algarve,ACES Algarve Barlavento,"37.1387554, -8.5445093",173232,132281,76.36,39929,23.05,1022,0.59,56.9891,23.066
2020-06,Centro,ACES Dão Lafões,"40.6565861, -7.9124712",271594,262330,96.59,8885,3.27,379,0.14,70.1016,49.1417
2020-06,Norte,ACES Alto Ave,"41.4417064, -8.1722408",271871,256081,94.19,15722,5.78,68,0.03,73.5775,71.187
2020-06,Norte,ACES Douro Sul,"41.0953745, -7.8123805",69631,67796,97.36,1700,2.44,135,0.19,74.4238,66.4305
2020-06,Norte,ACES Póvoa do Varzim / Vila do Conde,"41.355519, -8.746653",151700,148252,97.73,3434,2.26,14,0.01,68.7643,66.8697
2020-06,Norte,ACES Santo Tirso / Trofa,"41.3469246, -8.4822648",115143,114372,99.33,746,0.65,25,0.02,71.9896,29.0562
2020-07,Centro,ACES Baixo Mondego,"40.2150023, -8.4071805",389617,362821,93.12,24224,6.22,2572,0.66,68.6934,53.5028
2020-07,Lisboa e Vale do Tejo,ACES Almada / Seixal,"38.6678522, -9.1875777",349402,314396,89.98,33941,9.71,1065,0.3,60.7329,40.408
2020-07,Lisboa e Vale do Tejo,ACES Amadora,"38.7573081, -9.23429",170015,121394,71.4,48225,28.37,396,0.23,54.0688,42.8992
2020-07,Lisboa e Vale do Tejo,ACES Cascais,"38.69904, -9.3818008",209131,177027,84.65,30344,14.51,1760,0.84,54.2055,37.7906
2020-07,Lisboa e Vale do Tejo,ACES Lisboa Central,"38.7306317, -9.1510414",287655,247057,85.89,39465,13.72,1133,0.39,50.3207,31.8144
2020-07,Norte,ACES Aveiro Norte,"40.8472225, -8.4656674",118629,118563,99.94,13,0.01,53,0.04,71.5684,25.0
2020-07,Norte,ACES Porto Ocidental,"41.1741353, -8.6691662",173553,159885,92.12,13476,7.76,192,0.11,63.758,48.5294
2020-07,Norte,ACES Santo Tirso / Trofa,"41.3469246, -8.4822648",115115,114312,99.3,778,0.68,25,0.02,71.5042,29.7741
2020-08,Alentejo,ACES Alentejo Litoral,"38.3841359, -8.5132031",97121,82037,84.47,14977,15.42,107,0.11,58.3485,43.5025
2020-08,Alentejo,ACES Baixo Alentejo,"38.0153039, -7.8627308",123910,114994,92.8,8531,6.88,385,0.31,69.2464,63.6088
2020-08,Algarve,ACES Algarve Central,"37.0274264, -7.9395984",260757,228170,87.5,32244,12.37,343,0.13,54.4479,30.4066
2020-08,Centro,ACES Pinhal Litoral,"39.7495331, -8.807683",272651,262843,96.4,9025,3.31,783,0.29,66.185,45.8644
2020-08,Lisboa e Vale do Tejo,ACES Lezíria,"39.2371689, -8.6908895",195282,170732,87.43,22830,11.69,1720,0.88,68.2919,56.5964
2020-08,Lisboa e Vale do Tejo,ACES Lisboa Norte,"38.7396924, -9.168506",267291,225289,84.29,40959,15.32,1043,0.39,51.9971,35.509
2020-08,Lisboa e Vale do Tejo,ACES Sintra,"38.7519209, -9.2753636",357587,261286,73.07,95563,26.72,738,0.21,55.311,46.2956
2020-08,Norte,ACES Alto Tâmega e Barroso,"41.741781, -7.4731648",90210,86614,96.01,3427,3.8,169,0.19,70.6515,59.8333
2020-08,Norte,ACES Barcelos / Esposende,"41.5317419, -8.6178922",158101,154924,97.99,3116,1.97,61,0.04,71.7298,61.5675
2020-08,Norte,ACES Gaia,"41.1278433, -8.580396",157582,141210,89.61,16265,10.32,107,0.07,66.8602,52.5383
2020-08,Norte,ACES Marão e Douro Norte,"41.2968711, -7.7483727",105836,104061,98.32,1532,1.45,243,0.23,72.1778,65.8206
2020-08,Norte,ACES Póvoa do Varzim / Vila do Conde,"41.355519, -8.746653",151817,148399,97.75,3398,2.24,20,0.01,67.8783,67.1161
2020-08,Norte,ACES Santo Tirso / Trofa,"41.3469246, -8.4822648",115146,114309,99.27,811,0.7,26,0.02,71.073,29.4351
2020-08,Norte,ACES Vale do Sousa Sul,"41.1548155, -8.2163769",172922,172901,99.99,7,0.0,14,0.01,73.9113,19.0476
2020-09,Alentejo,ACES Alentejo Litoral,"38.3841359, -8.5132031",97349,82044,84.28,15193,15.61,112,0.12,58.4762,43.8382
2020-09,Lisboa e Vale do Tejo,ACES Amadora,"38.7573081, -9.23429",169610,119782,70.62,49428,29.14,400,0.24,53.3651,43.4053
2020-09,Lisboa e Vale do Tejo,ACES Estuário do Tejo,"38.9528113, -8.9911154",231804,171832,74.13,59144,25.51,828,0.36,59.3148,51.1573
2020-09,Lisboa e Vale do Tejo,ACES Lezíria,"39.2371689, -8.6908895",195535,168781,86.32,24984,12.78,1770,0.91,68.2382,56.7056
2020-09,Lisboa e Vale do Tejo,ACES Lisboa Norte,"38.7396924, -9.168506",267207,221938,83.06,44193,16.54,1076,0.4,51.9637,35.7155
2020-09,Lisboa e Vale do Tejo,ACES Loures / Odivelas,"38.8012718, -9.1137868",365990,321754,87.91,44108,12.05,128,0.03,55.9188,36.3024
2020-09,Lisboa e Vale do Tejo,ACES Médio Tejo,"39.478072, -8.5404429",224023,195710,87.36,27948,12.48,365,0.16,68.8652,62.911
2020-09,Lisboa e Vale do Tejo,ACES Oeste Sul,"39.0917759, -9.2600341",203447,171666,84.38,31241,15.36,540,0.27,63.1661,48.7697
2020-09,Norte,ACES Alto Tâmega e Barroso,"41.741781, -7.4731648",90246,86619,95.98,3458,3.83,169,0.19,70.4064,59.7081
2020-09,Norte,ACES Feira e Arouca,"40.9263169, -8.5478813",153554,144331,93.99,9084,5.92,139,0.09,71.0317,66.9522
2020-09,Norte,ACES Santo Tirso / Trofa,"41.3469246, -8.4822648",115199,114305,99.22,868,0.75,26,0.02,70.9584,29.5497
2020-10,Alentejo,ACES Alentejo Litoral,"38.3841359, -8.5132031",97699,82791,84.74,14799,15.15,109,0.11,58.369,42.1519
2020-10,Algarve,ACES Algarve Barlavento,"37.1387554, -8.5445093",174863,129583,74.11,44253,25.31,1027,0.59,55.7595,32.129
2020-10,Centro,ACES Baixo Vouga,"40.6405055, -8.6537539",394481,375678,95.23,16472,4.18,2331,0.59,67.8061,43.038
2020-10,Centro,ACES Beira Interior Sul,"39.8211367, -7.5036651",73271,67184,91.69,5960,8.13,127,0.17,66.194,49.8193
2020-10,Centro,ACES Pinhal Litoral,"39.7495331, -8.807683",273228,261672,95.77,10786,3.95,770,0.28,66.1023,46.1405
2020-10,Lisboa e Vale do Tejo,ACES Almada / Seixal,"38.6678522, -9.1875777",350878,308435,87.9,41317,11.78,1126,0.32,59.3208,41.8632
2020-10,Lisboa e Vale do Tejo,ACES Arco Ribeirinho,"38.6672076, -9.0543329",219924,161840,73.59,57887,26.32,197,0.09,56.7509,46.7951
2020-10,Lisboa e Vale do Tejo,ACES Lisboa Central,"38.7306317, -9.1510414",289353,252384,87.22,35850,12.39,1119,0.39,49.3522,26.3789
2020-10,Lisboa e Vale do Tejo,ACES Oeste Sul,"39.0917759, -9.2600341",204291,186174,91.13,17585,8.61,532,0.26,62.5813,38.7095
2020-10,Norte,ACES Ave / Famalicão,"41.3835805, -8.4157518",124733,120999,97.01,3596,2.88,138,0.11,69.7242,45.4862
2020-10,Norte,ACES Feira e Arouca,"40.9263169, -8.5478813",153666,147568,96.03,5960,3.88,138,0.09,70.8554,67.1696
2020-11,Alentejo,ACES Alentejo Litoral,"38.3841359, -8.5132031",98118,82936,84.53,15076,15.37,106,0.11,58.7669,41.3425
2020-11,Lisboa e Vale do Tejo,ACES Cascais,"38.69904, -9.3818008",211121,183625,86.98,25749,12.2,1747,0.83,54.6365,29.8863
2020-11,Lisboa e Vale do Tejo,ACES Lisboa Central,"38.7306317, -9.1510414",290247,250047,86.15,39083,13.47,1117,0.38,49.1087,27.1611
2020-11,Lisboa e Vale do Tejo,ACES Loures / Odivelas,"38.8012718, -9.1137868",367767,321941,87.54,45705,12.43,121,0.03,55.6753,34.359
2020-11,Lisboa e Vale do Tejo,ACES Oeste Norte,"39.410844, -9.1396215",179829,168889,93.92,10682,5.94,258,0.14,66.368,54.2007
2020-11,Lisboa e Vale do Tejo,ACES Oeste Sul,"39.0917759, -9.2600341",204555,186838,91.34,17179,8.4,538,0.26,62.4157,38.1759
2020-11,Lisboa e Vale do Tejo,ACES Sintra,"38.7519209, -9.2753636",358766,266638,74.32,91370,25.47,758,0.21,53.7266,43.491
2020-11,Norte,ACES Ave / Famalicão,"41.3835805, -8.4157518",124735,120983,96.99,3612,2.9,140,0.11,70.7046,45.4279
2020-11,Norte,ACES Barcelos / Esposende,"41.5317419, -8.6178922",158328,148556,93.83,9712,6.13,60,0.04,71.2944,62.4028
2020-11,Norte,ACES Braga,"41.5518714, -8.4126362",201105,196760,97.84,4345,2.16,0,0.0,70.919,60.1886
2020-11,Norte,ACES Matosinhos,"41.1918541, -8.6590693",176169,173430,98.45,2603,1.48,136,0.08,70.1214,56.1154
2020-11,Norte,ACES Porto Ocidental,"41.1741353, -8.6691662",174320,162531,93.24,11583,6.64,206,0.12,64.0878,47.2545
2020-11,Norte,ACES Santo Tirso / Trofa,"41.3469246, -8.4822648",115147,114182,99.16,938,0.81,27,0.02,71.9918,30.1754
2020-12,Centro,ACES Baixo Vouga,"40.6405055, -8.6537539",394294,366269,92.89,25742,6.53,2283,0.58,67.9996,47.5797
2020-12,Centro,ACES Beira Interior Sul,"39.8211367, -7.5036651",73509,68784,93.57,4533,6.17,192,0.26,66.2531,46.8533
2020-12,Centro,ACES Pinhal Interior Norte,"40.1151262, -8.2473136",130791,126350,96.6,3677,2.81,764,0.58,69.7702,42.5934
2020-12,Lisboa e Vale do Tejo,ACES Cascais,"38.69904, -9.3818008",211734,187371,88.49,22584,10.67,1779,0.84,54.6365,29.8863
2020-12,Lisboa e Vale do Tejo,ACES Loures / Odivelas,"38.8012718, -9.1137868",368362,324229,88.02,43982,11.94,151,0.04,55.6753,34.359
2020-12,Lisboa e Vale do Tejo,ACES Sintra,"38.7519209, -9.2753636",359038,264938,73.79,93340,26.0,760,0.21,53.7266,43.491
2020-12,Norte,ACES Alto Minho,"41.7056054, -8.8252713",247686,244699,98.79,2778,1.12,209,0.08,72.9514,64.1723
2020-12,Norte,ACES Braga,"41.5518714, -8.4126362",201317,196680,97.7,4637,2.3,0,0.0,70.919,60.1886
2020-12,Norte,ACES Maia / Valongo,"41.2333945, -8.6187474",220789,214193,97.01,6525,2.96,71,0.03,68.2489,56.432
2020-12,Norte,ACES Vale do Sousa Sul,"41.1548155, -8.2163769",173159,167653,96.82,5493,3.17,13,0.01,73.6822,66.3992
2021-01,Alentejo,ACES São Mamede,"39.2967086, -7.4284755",114604,105859,92.37,8565,7.47,180,0.16,69.4321,64.3641
2021-01,Algarve,ACES Algarve Barlavento,"37.1387554, -8.5445093",176822,137147,77.56,38641,21.85,1034,0.58,55.4057,33.5745
2021-01,Centro,ACES Baixo Mondego,"40.2150023, -8.4071805",389910,366234,93.93,21243,5.45,2433,0.62,67.9982,48.2281
2021-01,Centro,ACES Baixo Vouga,"40.6405055, -8.6537539",394107,364296,92.44,27463,6.97,2348,0.6,67.7278,49.7199
2021-01,Centro,ACES Cova da Beira,"40.2677741, -7.4995083",86235,85944,99.66,125,0.14,166,0.19,69.3532,42.268
2021-01,Centro,ACES Dão Lafões,"40.6565861, -7.9124712",272212,265221,97.43,6621,2.43,370,0.14,70.1523,38.2349
2021-01,Centro,ACES Pinhal Interior Sul,"39.7510898, -7.9203657",31104,27818,89.44,3149,10.12,137,0.44,75.9066,72.7937
2021-01,Centro,ACES Pinhal Litoral,"39.7495331, -8.807683",273704,262108,95.76,10806,3.95,790,0.29,66.6359,43.86
2021-01,Lisboa e Vale do Tejo,ACES Almada / Seixal,"38.6678522, -9.1875777",351673,313255,89.08,37488,10.66,930,0.26,58.4109,39.7132
2021-01,Lisboa e Vale do Tejo,ACES Amadora,"38.7573081, -9.23429",170027,122823,72.24,46803,27.53,401,0.24,51.2089,38.3866
2021-01,Lisboa e Vale do Tejo,ACES Arco Ribeirinho,"38.6672076, -9.0543329",220411,166039,75.33,54144,24.57,228,0.1,57.5856,45.7736
2021-01,Lisboa e Vale do Tejo,ACES Lezíria,"39.2371689, -8.6908895",196153,175426,89.43,18892,9.63,1835,0.94,70.5626,53.8262
2021-01,Norte,ACES Alto Minho,"41.7056054, -8.8252713",247727,244736,98.79,2803,1.13,188,0.08,73.0324,65.764
2021-01,Norte,ACES Ave / Famalicão,"41.3835805, -8.4157518",124675,120888,96.96,3649,2.93,138,0.11,71.0625,42.4683
2021-01,Norte,ACES Barcelos / Esposende,"41.5317419, -8.6178922",157926,148598,94.09,9269,5.87,59,0.04,72.2433,63.804
2021-01,Norte,ACES Gondomar,"41.1738444, -8.5612238",168757,154806,91.73,13880,8.22,71,0.04,71.4519,66.153
2021-01,Norte,ACES Marão e Douro Norte,"41.2968711, -7.7483727",105781,103983,98.3,1563,1.48,235,0.22,70.3716,61.1359
2021-01,Norte,ACES Matosinhos,"41.1918541, -8.6590693",176335,175017,99.25,1178,0.67,140,0.08,70.0751,28.1487
2021-01,Norte,ACES Vale do Sousa Norte,"41.2793583, -8.2787457",160707,158878,98.86,1820,1.13,9,0.01,75.4398,69.6009
2021-01,Norte,ACES Vale do Sousa Sul,"41.1548155, -8.2163769",173167,166176,95.96,6978,4.03,13,0.01,72.4058,70.5335
2021-02,Alentejo,ACES Alentejo Central,"38.8442031, -7.5826619",166706,157676,94.58,8767,5.26,263,0.16,71.9224,73.3112
2021-02,Alentejo,ACES Alentejo Litoral,"38.3841359, -8.5132031",98711,86597,87.73,12003,12.16,111,0.11,59.7238,47.7959
2021-02,Algarve,ACES Algarve Central,"37.0274264, -7.9395984",265830,239503,90.1,25982,9.77,345,0.13,52.9259,27.7244
2021-02,Centro,ACES Beira Interior Sul,"39.8211367, -7.5036651",73520,68597,93.3,4680,6.37,243,0.33,66.0664,46.557
2021-02,Centro,ACES Cova da Beira,"40.2677741, -7.4995083",86214,85878,99.61,146,0.17,190,0.22,69.1056,44.9405
2021-02,Centro,ACES Pinhal Interior Norte,"40.1151262, -8.2473136",130296,125885,96.61,3678,2.82,733,0.56,70.2002,42.3487
2021-02,Lisboa e Vale do Tejo,ACES Almada / Seixal,"38.6678522, -9.1875777",352063,309731,87.98,41411,11.76,921,0.26,57.8551,40.395
2021-02,Lisboa e Vale do Tejo,ACES Estuário do Tejo,"38.9528113, -8.9911154",232550,183281,78.81,48550,20.88,719,0.31,59.2999,43.0047
2021-02,Lisboa e Vale do Tejo,ACES Lisboa Ocidental e Oeiras,"38.6914388, -9.3184304",246718,223356,90.53,22931,9.29,431,0.17,55.7442,35.3394
2021-02,Lisboa e Vale do Tejo,ACES Loures / Odivelas,"38.8012718, -9.1137868",369251,324066,87.76,45023,12.19,162,0.04,55.0135,31.4928
2021-02,Lisboa e Vale do Tejo,ACES Oeste Norte,"39.410844, -9.1396215",180046,161177,89.52,18622,10.34,247,0.14,66.3514,50.8451
2021-02,Norte,ACES Alto Minho,"41.7056054, -8.8252713",247557,244529,98.78,2838,1.15,190,0.08,72.4706,65.124
2021-02,Norte,ACES Douro Sul,"41.0953745, -7.8123805",69432,69262,99.76,134,0.19,36,0.05,74.9294,38.8235
2021-02,Norte,ACES Porto Ocidental,"41.1741353, -8.6691662",176846,171374,96.91,5250,2.97,222,0.13,63.0566,39.6985
2021-02,Norte,ACES Santo Tirso / Trofa,"41.3469246, -8.4822648",115087,113881,98.95,1180,1.03,26,0.02,71.9204,25.9071
2021-02,Norte,ACES Vale do Sousa Sul,"41.1548155, -8.2163769",173291,171109,98.74,2169,1.25,13,0.01,71.6627,64.8488
2021-03,Centro,ACES Baixo Mondego,"40.2150023, -8.4071805",389340,365579,93.9,21359,5.49,2402,0.62,67.7256,47.883
2021-03,Centro,ACES Cova da Beira,"40.2677741, -7.4995083",86376,86014,99.58,144,0.17,218,0.25,69.209,46.2604
2021-03,Centro,ACES Guarda,"40.5353285, -7.2724426",150551,141586,94.05,6093,4.05,2872,1.91,67.5335,46.483
2021-03,Centro,ACES Pinhal Litoral,"39.7495331, -8.807683",274184,264108,96.33,9292,3.39,784,0.29,66.5451,40.1231
2021-03,Lisboa e Vale do Tejo,ACES Almada / Seixal,"38.6678522, -9.1875777",352906,303831,86.09,48058,13.62,1017,0.29,57.9059,42.849
2021-03,Lisboa e Vale do Tejo,ACES Lisboa Central,"38.7306317, -9.1510414",294028,249671,84.91,43225,14.7,1132,0.38,48.0915,26.7567
2021-03,Lisboa e Vale do Tejo,ACES Lisboa Ocidental e Oeiras,"38.6914388, -9.3184304",247616,222947,90.04,24238,9.79,431,0.17,55.8786,35.6428
2021-03,Lisboa e Vale do Tejo,ACES Médio Tejo,"39.478072, -8.5404429",224796,202253,89.97,22208,9.88,335,0.15,68.7254,58.5174
2021-03,Norte,ACES Marão e Douro Norte,"41.2968711, -7.7483727",105641,100928,95.54,4479,4.24,234,0.22,69.3822,61.3622
2021-04,Alentejo,ACES Alentejo Central,"38.8442031, -7.5826619",166712,159603,95.74,6849,4.11,260,0.16,73.0133,74.0996
2021-04,Algarve,ACES Algarve Sotavento,"37.383008, -7.7293275",61741,58567,94.86,3118,5.05,56,0.09,61.0884,24.3226
2021-04,Centro,ACES Pinhal Litoral,"39.7495331, -8.807683",274816,264610,96.29,9394,3.42,812,0.3,67.438,44.0706
2021-04,Lisboa e Vale do Tejo,ACES Almada / Seixal,"38.6678522, -9.1875777",354338,305291,86.16,47738,13.47,1309,0.37,58.7865,41.9131
2021-04,Lisboa e Vale do Tejo,ACES Arco Ribeirinho,"38.6672076, -9.0543329",223046,165994,74.42,56827,25.48,225,0.1,57.8033,46.0178
2021-04,Lisboa e Vale do Tejo,ACES Lisboa Central,"38.7306317, -9.1510414",295561,247660,83.79,46781,15.83,1120,0.38,48.753,28.0975
2021-04,Norte,ACES Alto Minho,"41.7056054, -8.8252713",248024,241912,97.54,5934,2.39,178,0.07,73.6803,68.4615
2021-04,Norte,ACES Alto Tâmega e Barroso,"41.741781, -7.4731648",90270,88064,97.56,2019,2.24,187,0.21,70.3019,56.7103
2021-04,Norte,ACES Ave / Famalicão,"41.3835805, -8.4157518",124809,120858,96.83,3709,2.97,242,0.19,72.4587,33.7047
2021-04,Norte,ACES Marão e Douro Norte,"41.2968711, -7.7483727",105647,99143,93.84,6271,5.94,233,0.22,69.9802,63.3303
2021-04,Norte,ACES Porto Ocidental,"41.1741353, -8.6691662",177880,172232,96.82,5400,3.04,248,0.14,64.0237,38.8626
2021-04,Norte,ACES Porto Oriental,"41.1694498, -8.6126428",118568,113964,96.12,4553,3.84,51,0.04,67.11,55.7174
2021-04,Norte,ACES Santo Tirso / Trofa,"41.3469246, -8.4822648",115127,112137,97.4,2963,2.57,27,0.02,72.8402,46.2243
2021-04,Norte,ACES Vale do Sousa Sul,"41.1548155, -8.2163769",173479,167724,96.68,5743,3.31,12,0.01,73.3301,65.543
2021-05,Alentejo,ACES Alentejo Central,"38.8442031, -7.5826619",166717,158659,95.17,7795,4.68,263,0.16,73.9947,74.1996
2021-05,Algarve,ACES Algarve Central,"37.0274264, -7.9395984",269131,240035,89.19,28757,10.69,339,0.13,54.4738,26.5647
2021-05,Centro,ACES Pinhal Interior Norte,"40.1151262, -8.2473136",130628,125227,95.87,4675,3.58,726,0.56,72.0864,46.4544
2021-05,Centro,ACES Pinhal Interior Sul,"39.7510898, -7.9203657",31123,27821,89.39,3151,10.12,151,0.49,76.9656,74.1672
2021-05,Centro,ACES Pinhal Litoral,"39.7495331, -8.807683",275291,255489,92.81,18971,6.89,831,0.3,68.1766,52.6995
2021-05,Lisboa e Vale do Tejo,ACES Almada / Seixal,"38.6678522, -9.1875777",354109,309321,87.35,43274,12.22,1514,0.43,59.9266,41.4526
2021-05,Lisboa e Vale do Tejo,ACES Amadora,"38.7573081, -9.23429",171764,126972,73.92,44393,25.85,399,0.23,51.6726,37.7233
2021-05,Lisboa e Vale do Tejo,ACES Arco Ribeirinho,"38.6672076, -9.0543329",223489,164743,73.71,58523,26.19,223,0.1,58.5756,46.4742
2021-05,Lisboa e Vale do Tejo,ACES Lezíria,"39.2371689, -8.6908895",197206,170729,86.57,24530,12.44,1947,0.99,71.7635,49.0533
2021-05,Lisboa e Vale do Tejo,ACES Lisboa Ocidental e Oeiras,"38.6914388, -9.3184304",248850,219366,88.15,29055,11.68,429,0.17,57.3568,38.258
2021-05,Norte,ACES Feira e Arouca,"40.9263169, -8.5478813",154117,148275,96.21,5792,3.76,50,0.03,73.6846,70.8319
2021-06,Alentejo,ACES Baixo Alentejo,"38.0153039, -7.8627308",124131,115486,93.04,8209,6.61,436,0.35,70.2677,60.6548
2021-06,Centro,ACES Pinhal Litoral,"39.7495331, -8.807683",275183,249523,90.68,24713,8.98,947,0.34,68.7266,56.5123
2021-06,Lisboa e Vale do Tejo,ACES Cascais,"38.69904, -9.3818008",219064,185297,84.59,31517,14.39,2250,1.03,54.8545,28.0588
2021-06,Norte,ACES Baixo Tâmega,"41.2719719, -8.0791631",165142,164373,99.53,471,0.29,298,0.18,74.0422,20.2086
2021-06,Norte,ACES Porto Oriental,"41.1694498, -8.6126428",118641,113855,95.97,4729,3.99,57,0.05,68.3223,53.8478
2021-06,Norte,ACES Santo Tirso / Trofa,"41.3469246, -8.4822648",115151,112081,97.33,3038,2.64,32,0.03,74.6548,47.6102
2021-06,Norte,ACES Vale do Sousa Sul,"41.1548155, -8.2163769",173560,166212,95.77,7336,4.23,12,0.01,74.7129,67.0387
2021-07,Centro,ACES Dão Lafões,"40.6565861, -7.9124712",273201,265941,97.34,6884,2.52,376,0.14,72.3391,30.5785
2021-07,Centro,ACES Pinhal Interior Norte,"40.1151262, -8.2473136",130940,122619,93.65,7558,5.77,763,0.58,72.9899,52.9023
2021-07,Centro,ACES Pinhal Litoral,"39.7495331, -8.807683",275351,246531,89.53,27836,10.11,984,0.36,69.3715,58.0465
2021-07,Lisboa e Vale do Tejo,ACES Médio Tejo,"39.478072, -8.5404429",224829,187599,83.44,36839,16.39,391,0.17,70.4878,63.1749
2021-07,Lisboa e Vale do Tejo,ACES Sintra,"38.7519209, -9.2753636",365196,262014,71.75,102066,27.95,1116,0.31,54.7895,42.6567
2021-07,Norte,ACES Alto Tâmega e Barroso,"41.741781, -7.4731648",90432,83143,91.94,7087,7.84,202,0.22,71.9767,72.726
2021-07,Norte,ACES Baixo Tâmega,"41.2719719, -8.0791631",165208,164408,99.52,515,0.31,285,0.17,74.5037,19.625
2021-07,Norte,ACES Douro Sul,"41.0953745, -7.8123805",68910,65736,95.39,3133,4.55,41,0.06,78.8797,63.6106
2021-07,Norte,ACES Gerês / Cabreira,"41.6298661, -8.3596897",108184,106403,98.35,1751,1.62,30,0.03,76.8531,71.3326
2021-07,Norte,ACES Maia / Valongo,"41.2333945, -8.6187474",221420,215479,97.32,5879,2.66,62,0.03,70.8811,52.7352
2021-07,Norte,ACES Nordeste,"41.8069684, -6.7587977",131870,125583,95.23,5367,4.07,920,0.7,74.261,51.7417
2021-07,Norte,ACES Santo Tirso / Trofa,"41.3469246, -8.4822648",115257,112050,97.22,3175,2.75,32,0.03,75.4271,47.1927
2021-08,Alentejo,ACES São Mamede,"39.2967086, -7.4284755",114754,100671,87.73,13904,12.12,179,0.16,70.3546,65.0664
2021-08,Centro,ACES Guarda,"40.5353285, -7.2724426",150703,134167,89.03,15326,10.17,1210,0.8,70.8179,51.0497
2021-08,Lisboa e Vale do Tejo,ACES Lezíria,"39.2371689, -8.6908895",198986,178405,89.66,18656,9.38,1925,0.97,73.0021,51.9243
2021-08,Lisboa e Vale do Tejo,ACES Lisboa Ocidental e Oeiras,"38.6914388, -9.3184304",251602,209787,83.38,41381,16.45,434,0.17,59.2326,41.3366
2021-08,Norte,ACES Aveiro Norte,"40.8472225, -8.4656674",118952,118871,99.93,37,0.03,44,0.04,75.6634,31.0811
2021-08,Norte,ACES Barcelos / Esposende,"41.5317419, -8.6178922",160157,154989,96.77,5072,3.17,96,0.06,74.592,71.2212
2021-08,Norte,ACES Gondomar,"41.1738444, -8.5612238",168049,157060,93.46,10916,6.5,73,0.04,74.2871,68.6596
2021-08,Norte,ACES Porto Ocidental,"41.1741353, -8.6691662",178903,166251,92.93,12380,6.92,272,0.15,66.3167,50.9649
2021-08,Norte,ACES Porto Oriental,"41.1694498, -8.6126428",118908,110638,93.05,8211,6.91,59,0.05,69.7106,57.0927
2021-08,Norte,ACES Vale do Sousa Norte,"41.2793583, -8.2787457",160453,153398,95.6,7046,4.39,9,0.01,78.6577,72.3911
2021-08,Norte,ACES Vale do Sousa Sul,"41.1548155, -8.2163769",173860,169585,97.54,4262,2.45,13,0.01,75.824,71.3099
2021-09,Centro,ACES Baixo Mondego,"40.2150023, -8.4071805",390855,371255,94.99,17358,4.44,2242,0.57,70.2672,41.8644
2021-09,Centro,ACES Cova da Beira,"40.2677741, -7.4995083",87087,83417,95.79,3557,4.08,113,0.13,72.0139,61.1172
2021-09,Centro,ACES Pinhal Interior Norte,"40.1151262, -8.2473136",131260,123098,93.78,7384,5.63,778,0.59,73.49,55.3786
2021-09,Lisboa e Vale do Tejo,ACES Amadora,"38.7573081, -9.23429",174037,127513,73.27,46136,26.51,388,0.22,53.8466,37.7469
2021-09,Lisboa e Vale do Tejo,ACES Estuário do Tejo,"38.9528113, -8.9911154",236328,174016,73.63,61657,26.09,655,0.28,61.8709,41.5051
2021-09,Lisboa e Vale do Tejo,ACES Lisboa Ocidental e Oeiras,"38.6914388, -9.3184304",251931,215787,85.65,35707,14.17,437,0.17,59.1934,40.9287
2021-09,Norte,ACES Alto Minho,"41.7056054, -8.8252713",248277,247628,99.74,486,0.2,163,0.07,76.3037,35.1852
2021-09,Norte,ACES Alto Tâmega e Barroso,"41.741781, -7.4731648",90495,85618,94.61,4665,5.15,212,0.23,72.8361,67.1171
2021-09,Norte,ACES Aveiro Norte,"40.8472225, -8.4656674",118972,118907,99.95,22,0.02,43,0.04,75.9532,23.0769
2021-09,Norte,ACES Baixo Tâmega,"41.2719719, -8.0791631",164752,163911,99.49,572,0.35,269,0.16,75.5759,19.2857
2021-09,Norte,ACES Espinho / Gaia,"41.0022421, -8.642018",184498,175793,95.28,8638,4.68,67,0.04,72.9414,61.1443
2021-09,Norte,ACES Feira e Arouca,"40.9263169, -8.5478813",154668,152071,98.32,2543,1.64,54,0.03,75.7558,73.074
2021-09,Norte,ACES Nordeste,"41.8069684, -6.7587977",132170,126863,95.98,4396,3.33,911,0.69,74.7719,46.7684
2021-09,Norte,ACES Santo Tirso / Trofa,"41.3469246, -8.4822648",115396,113504,98.36,1852,1.6,40,0.03,76.2418,27.8879
2021-09,Norte,ACES Vale do Sousa Sul,"41.1548155, -8.2163769",174113,172227,98.92,1873,1.08,13,0.01,76.1318,70.6631
2021-10,Alentejo,ACES Baixo Alentejo,"38.0153039, -7.8627308",124488,117833,94.65,6219,5.0,436,0.35,71.773,54.876
2021-10,Centro,ACES Baixo Vouga,"40.6405055, -8.6537539",397416,375704,94.54,19381,4.88,2331,0.59,70.349,43.0591
2021-10,Centro,ACES Beira Interior Sul,"39.8211367, -7.5036651",74277,64615,86.99,9296,12.52,366,0.49,69.9247,47.1227
2021-10,Centro,ACES Pinhal Interior Norte,"40.1151262, -8.2473136",131349,123105,93.72,7470,5.69,774,0.59,73.693,55.2402
2021-10,Lisboa e Vale do Tejo,ACES Cascais,"38.69904, -9.3818008",223616,186294,83.31,33978,15.19,3344,1.5,53.993,20.5016
2021-10,Lisboa e Vale do Tejo,ACES Estuário do Tejo,"38.9528113, -8.9911154",236550,174310,73.69,61598,26.04,642,0.27,61.7358,42.1867
2021-10,Lisboa e Vale do Tejo,ACES Oeste Norte,"39.410844, -9.1396215",180330,144992,80.4,35117,19.47,221,0.12,70.6527,54.127
2021-10,Lisboa e Vale do Tejo,ACES Sintra,"38.7519209, -9.2753636",367915,261675,71.12,105242,28.6,998,0.27,55.3188,43.2238
2021-10,Norte,ACES Alto Ave,"41.4417064, -8.1722408",273185,263177,96.34,9934,3.64,74,0.03,76.957,67.5959
2021-10,Norte,ACES Aveiro Norte,"40.8472225, -8.4656674",119000,118943,99.95,16,0.01,41,0.03,75.9202,21.0526
2021-10,Norte,ACES Baixo Tâmega,"41.2719719, -8.0791631",164281,163497,99.52,533,0.32,251,0.15,75.7306,19.0051
2021-10,Norte,ACES Barcelos / Esposende,"41.5317419, -8.6178922",160172,156735,97.85,3378,2.11,59,0.04,75.0156,68.0826
2021-10,Norte,ACES Gondomar,"41.1738444, -8.5612238",167869,162942,97.06,4855,2.89,72,0.04,74.1823,62.2691
2021-10,Norte,ACES Nordeste,"41.8069684, -6.7587977",132224,126850,95.94,4470,3.38,904,0.68,74.6597,47.0785
2021-11,Centro,ACES Baixo Mondego,"40.2150023, -8.4071805",391103,368001,94.09,21037,5.38,2065,0.53,70.6458,46.6837
2021-11,Centro,ACES Dão Lafões,"40.6565861, -7.9124712",274332,264557,96.44,9393,3.42,382,0.14,73.469,35.4476
2021-11,Lisboa e Vale do Tejo,ACES Amadora,"38.7573081, -9.23429",175127,125795,71.83,48945,27.95,387,0.22,54.5279,39.7377
2021-11,Lisboa e Vale do Tejo,ACES Arco Ribeirinho,"38.6672076, -9.0543329",226697,167095,73.71,59379,26.19,223,0.1,61.2064,44.9998
2021-11,Lisboa e Vale do Tejo,ACES Cascais,"38.69904, -9.3818008",224353,184700,82.33,36300,16.18,3353,1.49,53.9169,21.687
2021-11,Lisboa e Vale do Tejo,ACES Lisboa Ocidental e Oeiras,"38.6914388, -9.3184304",251987,215542,85.54,36020,14.29,425,0.17,58.941,39.8139
2021-11,Norte,ACES Ave / Famalicão,"41.3835805, -8.4157518",124815,124456,99.71,292,0.23,67,0.05,76.744,3.62117
2021-11,Norte,ACES Braga,"41.5518714, -8.4126362",204038,198379,97.23,5659,2.77,0,0.0,74.369,51.1587
2021-11,Norte,ACES Feira e Arouca,"40.9263169, -8.5478813",154755,151285,97.76,1911,1.23,1559,1.01,75.3475,72.219
2021-12,Algarve,ACES Algarve Central,"37.0274264, -7.9395984",275231,244652,88.89,30212,10.98,367,0.13,56.9929,24.9616
2021-12,Centro,ACES Pinhal Interior Norte,"40.1151262, -8.2473136",131490,123259,93.74,7448,5.66,783,0.6,74.1524,54.4405
2021-12,Lisboa e Vale do Tejo,ACES Amadora,"38.7573081, -9.23429",175906,127837,72.67,47686,27.11,383,0.22,55.1522,40.0466
2021-12,Lisboa e Vale do Tejo,ACES Cascais,"38.69904, -9.3818008",225270,183305,81.37,38603,17.14,3362,1.49,54.2984,23.2057
2021-12,Lisboa e Vale do Tejo,ACES Lisboa Central,"38.7306317, -9.1510414",304682,247231,81.14,56391,18.51,1060,0.35,51.9396,23.8812
2021-12,Norte,ACES Ave / Famalicão,"41.3835805, -8.4157518",124826,124485,99.73,276,0.22,65,0.05,77.2499,1.46628
2021-12,Norte,ACES Gaia,"41.1278433, -8.580396",161025,158915,98.69,1935,1.2,175,0.11,69.3718,57.0142
2021-12,Norte,ACES Santo Tirso / Trofa,"41.3469246, -8.4822648",115555,111883,96.82,3640,3.15,32,0.03,75.3382,62.4545
2021-12,Norte,ACES Vale do Sousa Sul,"41.1548155, -8.2163769",174720,171128,97.94,3581,2.05,11,0.01,76.3788,73.8102
2022-01,Centro,ACES Baixo Vouga,"40.6405055, -8.6537539",398974,373020,93.49,23556,5.9,2398,0.6,71.0569,44.3875
2022-01,Lisboa e Vale do Tejo,ACES Amadora,"38.7573081, -9.23429",176554,126596,71.7,49576,28.08,382,0.22,55.9308,41.0725
2022-01,Lisboa e Vale do Tejo,ACES Arrábida,"38.5324373, -8.8627453",239757,183964,76.73,55182,23.02,611,0.25,65.1205,45.7359
2022-01,Lisboa e Vale do Tejo,ACES Lezíria,"39.2371689, -8.6908895",200643,167992,83.73,30701,15.3,1950,0.97,73.1159,60.62
2022-01,Lisboa e Vale do Tejo,ACES Oeste Norte,"39.410844, -9.1396215",181097,140844,77.77,40045,22.11,208,0.11,71.2602,49.4297
2022-01,Norte,ACES Alto Minho,"41.7056054, -8.8252713",249401,248608,99.68,670,0.27,123,0.05,77.11,36.9949
2022-01,Norte,ACES Alto Tâmega e Barroso,"41.741781, -7.4731648",90617,86997,96.01,3403,3.76,217,0.24,74.1417,60.2811
2022-01,Norte,ACES Baixo Tâmega,"41.2719719, -8.0791631",164321,163476,99.49,611,0.37,234,0.14,76.1271,18.1495
2022-01,Norte,ACES Braga,"41.5518714, -8.4126362",204593,198979,97.26,3918,1.92,1696,0.83,74.2481,58.2529
2022-01,Norte,ACES Vale do Sousa Norte,"41.2793583, -8.2787457",160834,146431,91.04,14395,8.95,8,0.0,78.2689,69.0759
2022-02,Alentejo,ACES Alentejo Litoral,"38.3841359, -8.5132031",103077,88920,86.27,13622,13.22,535,0.52,62.8326,41.5737
2022-02,Algarve,ACES Algarve Central,"37.0274264, -7.9395984",276858,242763,87.69,33732,12.18,363,0.13,57.6868,25.6578
2022-02,Centro,ACES Baixo Vouga,"40.6405055, -8.6537539",399662,379192,94.88,18022,4.51,2448,0.61,71.1108,36.9654
2022-02,Centro,ACES Cova da Beira,"40.2677741, -7.4995083",87564,84260,96.23,3185,3.64,119,0.14,73.8246,62.8935
2022-02,Centro,ACES Pinhal Interior Norte,"40.1151262, -8.2473136",131565,124673,94.76,6144,4.67,748,0.57,74.4149,53.1123
2022-02,Lisboa e Vale do Tejo,ACES Lezíria,"39.2371689, -8.6908895",201022,167841,83.49,31239,15.54,1942,0.97,73.0436,60.3571
2022-02,Lisboa e Vale do Tejo,ACES Lisboa Central,"38.7306317, -9.1510414",306672,243451,79.38,62167,20.27,1054,0.34,52.2516,26.124
2022-02,Norte,ACES Braga,"41.5518714, -8.4126362",204844,200665,97.96,4179,2.04,0,0.0,74.3307,60.4112
2022-02,Norte,ACES Gondomar,"41.1738444, -8.5612238",167751,163976,97.75,3700,2.21,75,0.04,75.541,65.2174
2022-03,Alentejo,ACES Baixo Alentejo,"38.0153039, -7.8627308",124514,112885,90.66,11193,8.99,436,0.35,74.1997,60.4383
2022-03,Centro,ACES Guarda,"40.5353285, -7.2724426",150377,132554,88.15,16626,11.06,1197,0.8,72.3289,53.5837
2022-03,Lisboa e Vale do Tejo,ACES Amadora,"38.7573081, -9.23429",177082,120418,68.0,56086,31.67,578,0.33,56.5772,42.5349
2022-03,Lisboa e Vale do Tejo,ACES Oeste Norte,"39.410844, -9.1396215",181673,139937,77.03,41530,22.86,206,0.11,71.6239,52.8497
2022-03,Norte,ACES Alto Minho,"41.7056054, -8.8252713",249518,248764,99.7,704,0.28,50,0.02,77.5636,46.6045
2022-03,Norte,ACES Ave / Famalicão,"41.3835805, -8.4157518",124902,124572,99.74,270,0.22,60,0.05,78.4663,2.42424
2022-03,Norte,ACES Baixo Tâmega,"41.2719719, -8.0791631",163293,163116,99.89,51,0.03,126,0.08,76.9363,23.4286
2022-03,Norte,ACES Douro Sul,"41.0953745, -7.8123805",68931,68603,99.52,312,0.45,16,0.02,79.0599,32.622
2022-03,Norte,ACES Espinho / Gaia,"41.0022421, -8.642018",184483,182784,99.08,1635,0.89,64,0.03,73.8328,28.3274
2022-03,Norte,ACES Feira e Arouca,"40.9263169, -8.5478813",155233,153408,98.82,1812,1.17,13,0.01,76.3878,78.8493
2022-03,Norte,ACES Matosinhos,"41.1918541, -8.6590693",176775,164494,93.05,12133,6.86,148,0.08,75.053,53.5979
2022-03,Norte,ACES Nordeste,"41.8069684, -6.7587977",132299,121627,91.93,9713,7.34,959,0.72,75.9356,57.6811
2022-03,Norte,ACES Póvoa do Varzim / Vila do Conde,"41.355519, -8.746653",154261,152900,99.12,1328,0.86,33,0.02,71.5002,32.1297
2022-03,Norte,ACES Santo Tirso / Trofa,"41.3469246, -8.4822648",115609,114902,99.39,675,0.58,32,0.03,75.753,13.7656
2022-04,Centro,ACES Baixo Vouga,"40.6405055, -8.6537539",400931,368167,91.83,30372,7.58,2392,0.6,71.4622,50.3754
2022-04,Centro,ACES Cova da Beira,"40.2677741, -7.4995083",87616,82716,94.41,4775,5.45,125,0.14,74.1677,64.2653
2022-04,Centro,ACES Pinhal Interior Norte,"40.1151262, -8.2473136",131565,123631,93.97,7183,5.46,751,0.57,74.4826,53.756
2022-04,Lisboa e Vale do Tejo,ACES Amadora,"38.7573081, -9.23429",177291,120395,67.91,56333,31.77,563,0.32,56.6571,42.9661
2022-04,Lisboa e Vale do Tejo,ACES Lisboa Norte,"38.7396924, -9.168506",273444,225358,82.41,43317,15.84,4769,1.74,57.5376,33.5877
2022-04,Lisboa e Vale do Tejo,ACES Médio Tejo,"39.478072, -8.5404429",225441,167753,74.41,57275,25.41,413,0.18,70.8749,63.658
2022-04,Norte,ACES Ave / Famalicão,"41.3835805, -8.4157518",124901,124572,99.74,270,0.22,59,0.05,78.3989,2.43161
2022-04,Norte,ACES Aveiro Norte,"40.8472225, -8.4656674",119403,118391,99.15,975,0.82,37,0.03,75.6874,62.9447
2022-04,Norte,ACES Braga,"41.5518714, -8.4126362",205300,200487,97.66,4813,2.34,0,0.0,74.7716,56.5172
2022-04,Norte,ACES Espinho / Gaia,"41.0022421, -8.642018",184541,181055,98.11,3422,1.85,64,0.03,74.0616,50.2008
2022-04,Norte,ACES Gaia,"41.1278433, -8.580396",161652,158671,98.16,2874,1.78,107,0.07,71.396,48.4066
2022-04,Norte,ACES Gerês / Cabreira,"41.6298661, -8.3596897",107022,106966,99.95,49,0.05,7,0.01,80.0471,29.0323
2022-04,Norte,ACES Matosinhos,"41.1918541, -8.6590693",176787,169924,96.12,6717,3.8,146,0.08,74.9122,36.7996
2022-05,Centro,ACES Baixo Mondego,"40.2150023, -8.4071805",392599,364878,92.94,25855,6.59,1866,0.48,71.8147,52.9532
2022-05,Centro,ACES Beira Interior Sul,"39.8211367, -7.5036651",75098,61640,82.08,13091,17.43,367,0.49,70.6834,53.0989
2022-05,Centro,ACES Cova da Beira,"40.2677741, -7.4995083",87673,83049,94.73,4499,5.13,125,0.14,74.1677,64.2653
2022-05,Centro,ACES Pinhal Interior Sul,"39.7510898, -7.9203657",31468,26902,85.49,4363,13.86,203,0.65,80.1756,78.0867
2022-05,Lisboa e Vale do Tejo,ACES Lisboa Norte,"38.7396924, -9.168506",273107,220476,80.73,48934,17.92,3697,1.35,57.5376,33.5877
2022-05,Lisboa e Vale do Tejo,ACES Lisboa Ocidental e Oeiras,"38.6914388, -9.3184304",249251,195509,78.44,53445,21.44,297,0.12,59.7374,38.7655
2022-05,Norte,ACES Aveiro Norte,"40.8472225, -8.4656674",119461,116645,97.64,2779,2.33,37,0.03,75.6874,62.9447
2022-05,Norte,ACES Espinho / Gaia,"41.0022421, -8.642018",184511,181022,98.11,3421,1.85,68,0.04,74.0616,50.2008
2022-05,Norte,ACES Gondomar,"41.1738444, -8.5612238",167573,165567,98.8,1932,1.15,74,0.04,76.1681,65.1279
2022-05,Norte,ACES Porto Ocidental,"41.1741353, -8.6691662",179031,173462,96.89,5345,2.99,224,0.13,69.1055,34.8963
2022-06,Alentejo,ACES Alentejo Litoral,"38.3841359, -8.5132031",103659,89138,85.99,13969,13.48,552,0.53,62.3593,40.1448
2022-06,Algarve,ACES Algarve Central,"37.0274264, -7.9395984",278500,240805,86.46,37322,13.4,373,0.13,58.6852,27.1688
2022-06,Lisboa e Vale do Tejo,ACES Amadora,"38.7573081, -9.23429",178320,120965,67.84,56816,31.86,539,0.3,56.6235,41.9204
2022-06,Lisboa e Vale do Tejo,ACES Loures / Odivelas,"38.8012718, -9.1137868",377354,283333,75.08,93869,24.88,152,0.04,57.0694,32.9149
2022-06,Lisboa e Vale do Tejo,ACES Médio Tejo,"39.478072, -8.5404429",225361,168305,74.68,56618,25.12,438,0.19,70.8832,63.0942
2022-06,Lisboa e Vale do Tejo,ACES Oeste Sul,"39.0917759, -9.2600341",214696,148848,69.33,65353,30.44,495,0.23,63.7641,46.5064
2022-06,Norte,ACES Ave / Famalicão,"41.3835805, -8.4157518",124897,121080,96.94,3759,3.01,58,0.05,78.5671,67.0684
2022-06,Norte,ACES Gondomar,"41.1738444, -8.5612238",167573,163912,97.82,3588,2.14,73,0.04,76.8124,70.8972
2022-06,Norte,ACES Maia / Valongo,"41.2333945, -8.6187474",221896,213590,96.26,8238,3.71,68,0.03,73.8197,56.0987
2022-06,Norte,ACES Marão e Douro Norte,"41.2968711, -7.7483727",105549,102084,96.72,3241,3.07,224,0.21,75.6194,64.3373
2022-06,Norte,ACES Vale do Sousa Norte,"41.2793583, -8.2787457",162150,162143,100.0,2,0.0,5,0.0,79.3833,0.0
2022-06,Norte,ACES Vale do Sousa Sul,"41.1548155, -8.2163769",175214,168539,96.19,6664,3.8,11,0.01,78.4764,75.723
2022-07,Alentejo,ACES Alentejo Litoral,"38.3841359, -8.5132031",103856,89184,85.87,14120,13.6,552,0.53,62.3593,40.1448
2022-07,Alentejo,ACES Baixo Alentejo,"38.0153039, -7.8627308",124303,105973,85.25,17878,14.38,452,0.36,74.2538,62.6364
2022-07,Centro,ACES Beira Interior Sul,"39.8211367, -7.5036651",75206,57238,76.11,17588,23.39,380,0.51,70.7211,54.4261
2022-07,Lisboa e Vale do Tejo,ACES Amadora,"38.7573081, -9.23429",178585,120947,67.73,57102,31.97,536,0.3,56.6235,41.9204
2022-07,Lisboa e Vale do Tejo,ACES Lisboa Central,"38.7306317, -9.1510414",308458,234569,76.05,72845,23.62,1044,0.34,51.5527,29.769
2022-07,Lisboa e Vale do Tejo,ACES Lisboa Norte,"38.7396924, -9.168506",273739,212941,77.79,57151,20.88,3647,1.33,57.3649,31.5005
2022-07,Norte,ACES Aveiro Norte,"40.8472225, -8.4656674",119529,114088,95.45,5398,4.52,43,0.04,76.0073,69.6934
2022-07,Norte,ACES Gerês / Cabreira,"41.6298661, -8.3596897",107164,105683,98.62,1469,1.37,12,0.01,80.309,70.9402
2022-07,Norte,ACES Maia / Valongo,"41.2333945, -8.6187474",222103,213847,96.28,8188,3.69,68,0.03,73.8197,56.0987
2022-07,Norte,ACES Marão e Douro Norte,"41.2968711, -7.7483727",105570,102126,96.74,3204,3.03,240,0.23,75.6194,64.3373
2022-07,Norte,ACES Porto Oriental,"41.1694498, -8.6126428",119828,110789,92.46,8974,7.49,65,0.05,72.1039,49.9887
2022-07,Norte,ACES Vale do Sousa Norte,"41.2793583, -8.2787457",162186,162180,100.0,1,0.0,5,0.0,79.3833,0.0
2022-08,Alentejo,ACES Baixo Alentejo,"38.0153039, -7.8627308",124114,106567,85.86,17100,13.78,447,0.36,73.9274,64.0862
2022-08,Algarve,ACES Algarve Central,"37.0274264, -7.9395984",278983,253464,90.85,25145,9.01,374,0.13,58.3665,26.6521
2022-08,Centro,ACES Dão Lafões,"40.6565861, -7.9124712",275554,264471,95.98,10699,3.88,384,0.14,73.4249,44.5188
2022-08,Centro,ACES Pinhal Interior Norte,"40.1151262, -8.2473136",131736,123119,93.46,7867,5.97,750,0.57,74.2728,59.1464
2022-08,Centro,ACES Pinhal Litoral,"39.7495331, -8.807683",278875,243257,87.23,34837,12.49,781,0.28,72.7011,60.5977
2022-08,Lisboa e Vale do Tejo,ACES Almada / Seixal,"38.6678522, -9.1875777",364630,314034,86.12,49075,13.46,1521,0.42,63.0383,28.0086
2022-08,Lisboa e Vale do Tejo,ACES Arco Ribeirinho,"38.6672076, -9.0543329",231613,154697,66.79,76687,33.11,229,0.1,60.3809,45.9373
2022-08,Lisboa e Vale do Tejo,ACES Estuário do Tejo,"38.9528113, -8.9911154",239082,155563,65.07,82924,34.68,595,0.25,61.701,43.5459
2022-08,Lisboa e Vale do Tejo,ACES Oeste Norte,"39.410844, -9.1396215",182449,145365,79.67,36890,20.22,194,0.11,71.2903,55.2063
2022-08,Norte,ACES Douro Sul,"41.0953745, -7.8123805",68794,68389,99.41,392,0.57,13,0.02,78.5717,46.1153
2022-09,Alentejo,ACES Alentejo Litoral,"38.3841359, -8.5132031",104679,90268,86.23,13855,13.24,556,0.53,61.3198,37.02
2022-09,Algarve,ACES Algarve Central,"37.0274264, -7.9395984",279547,248135,88.76,30991,11.09,421,0.15,58.4798,34.4901
2022-09,Centro,ACES Dão Lafões,"40.6565861, -7.9124712",275910,261244,94.68,14284,5.18,382,0.14,72.8477,40.3409
2022-09,Centro,ACES Pinhal Litoral,"39.7495331, -8.807683",279256,247200,88.52,31279,11.2,777,0.28,72.3392,56.4298
2022-09,Lisboa e Vale do Tejo,ACES Estuário do Tejo,"38.9528113, -8.9911154",239228,155712,65.09,82924,34.66,592,0.25,61.537,42.9139
2022-09,Norte,ACES Aveiro Norte,"40.8472225, -8.4656674",119298,119222,99.94,37,0.03,39,0.03,76.6145,17.1053
2022-09,Norte,ACES Braga,"41.5518714, -8.4126362",206464,198712,96.25,7751,3.75,1,0.0,75.2402,59.693
2022-09,Norte,ACES Espinho / Gaia,"41.0022421, -8.642018",184771,181027,97.97,3678,1.99,66,0.04,74.8895,48.6111
2022-09,Norte,ACES Maia / Valongo,"41.2333945, -8.6187474",222400,217413,97.76,4936,2.22,51,0.02,73.7701,42.2984
2022-09,Norte,ACES Marão e Douro Norte,"41.2968711, -7.7483727",105710,103586,97.99,1919,1.82,205,0.19,75.5796,60.9699
2022-09,Norte,ACES Nordeste,"41.8069684, -6.7587977",131968,124724,94.51,6271,4.75,973,0.74,75.1548,49.6616
2022-09,Norte,ACES Porto Ocidental,"41.1741353, -8.6691662",179669,174282,97.0,5162,2.87,225,0.13,69.7472,42.9261
2022-09,Norte,ACES Póvoa do Varzim / Vila do Conde,"41.355519, -8.746653",155378,155269,99.93,30,0.02,79,0.05,72.958,32.4074
2022-09,Norte,ACES Santo Tirso / Trofa,"41.3469246, -8.4822648",115865,115019,99.27,806,0.7,40,0.03,75.8598,11.122
2022-10,Alentejo,ACES Alentejo Central,"38.8442031, -7.5826619",167981,154710,92.1,12885,7.67,386,0.23,76.3853,65.5939
2022-10,Algarve,ACES Algarve Barlavento,"37.1387554, -8.5445093",188079,136982,72.83,49985,26.58,1112,0.59,55.8541,27.6156
2022-10,Centro,ACES Baixo Vouga,"40.6405055, -8.6537539",403616,372026,92.17,29223,7.24,2367,0.59,71.6872,47.9816
2022-10,Centro,ACES Cova da Beira,"40.2677741, -7.4995083",88020,82087,93.26,5778,6.56,155,0.18,73.8522,64.5629
2022-10,Lisboa e Vale do Tejo,ACES Arco Ribeirinho,"38.6672076, -9.0543329",232310,149651,64.42,82417,35.48,242,0.1,59.8315,36.8735
2022-10,Lisboa e Vale do Tejo,ACES Cascais,"38.69904, -9.3818008",228973,186932,81.64,38024,16.61,4017,1.75,54.7748,22.6476
2022-10,Norte,ACES Barcelos / Esposende,"41.5317419, -8.6178922",161465,157834,97.75,3568,2.21,63,0.04,77.2028,66.6208
2022-10,Norte,ACES Maia / Valongo,"41.2333945, -8.6187474",222484,217415,97.72,5019,2.26,50,0.02,73.9139,42.7106
2022-10,Norte,ACES Vale do Sousa Norte,"41.2793583, -8.2787457",161226,161219,100.0,5,0.0,2,0.0,79.9815,28.5714
2022-11,Alentejo,ACES São Mamede,"39.2967086, -7.4284755",115815,95820,82.74,19786,17.08,209,0.18,71.7342,69.4843
2022-11,Centro,ACES Baixo Vouga,"40.6405055, -8.6537539",404025,370033,91.59,31662,7.84,2330,0.58,71.6222,46.7534
2022-11,Centro,ACES Dão Lafões,"40.6565861, -7.9124712",276444,262252,94.87,13804,4.99,388,0.14,72.1223,49.8802
2022-11,Centro,ACES Guarda,"40.5353285, -7.2724426",150645,133143,88.38,16249,10.79,1253,0.83,71.9095,50.9427
2022-11,Lisboa e Vale do Tejo,ACES Cascais,"38.69904, -9.3818008",229363,186689,81.39,38692,16.87,3982,1.74,54.8483,17.9533
2022-11,Lisboa e Vale do Tejo,ACES Estuário do Tejo,"38.9528113, -8.9911154",239398,149733,62.55,89069,37.21,596,0.25,60.8628,41.3921
2022-11,Lisboa e Vale do Tejo,ACES Médio Tejo,"39.478072, -8.5404429",225568,173481,76.91,51640,22.89,447,0.2,70.8051,61.1558
2022-11,Lisboa e Vale do Tejo,ACES Oeste Norte,"39.410844, -9.1396215",183151,138710,75.74,44249,24.16,192,0.1,70.2118,54.4191
2022-11,Norte,ACES Alto Tâmega e Barroso,"41.741781, -7.4731648",90828,90090,99.19,518,0.57,220,0.24,75.8492,53.6716
2022-11,Norte,ACES Barcelos / Esposende,"41.5317419, -8.6178922",161263,156252,96.89,4950,3.07,61,0.04,77.4555,63.5602
2022-11,Norte,ACES Douro Sul,"41.0953745, -7.8123805",68872,68574,99.57,285,0.41,13,0.02,78.4133,42.953
2022-11,Norte,ACES Gerês / Cabreira,"41.6298661, -8.3596897",107699,106117,98.53,1570,1.46,12,0.01,79.484,75.4574
2022-11,Norte,ACES Matosinhos,"41.1918541, -8.6590693",176006,171001,97.16,4858,2.76,147,0.08,74.2443,28.343
2022-11,Norte,ACES Póvoa do Varzim / Vila do Conde,"41.355519, -8.746653",155771,152076,97.63,3614,2.32,81,0.05,74.04,69.464
2022-11,Norte,ACES Santo Tirso / Trofa,"41.3469246, -8.4822648",115543,114734,99.3,754,0.65,55,0.05,76.5748,9.3047
2022-11,Norte,ACES Vale do Sousa Norte,"41.2793583, -8.2787457",161246,161242,100.0,2,0.0,2,0.0,80.0408,25.0
2022-12,Norte,ACES Aveiro Norte,"40.8472225, -8.4656674",119319,119285,99.97,12,0.01,22,0.02,76.909,76.9322
2022-12,Norte,ACES Vale do Sousa Norte,"41.2793583, -8.2787457",161266,161263,100.0,1,0.0,2,0.0,79.868,76.9238
2022-12,Norte,ACES Porto Oriental,"41.1694498, -8.6126428",120803,114169,94.51,6581,5.45,53,0.04,71.7134,56.4549
2022-12,Norte,ACES Santo Tirso / Trofa,"41.3469246, -8.4822648",115787,114920,99.25,815,0.7,52,0.04,76.5639,59.4903
2022-12,Norte,ACES Marão e Douro Norte,"41.2968711, -7.7483727",106291,102809,96.72,3303,3.11,179,0.17,75.0122,70.2935
2022-12,Norte,ACES Alto Tâmega e Barroso,"41.741781, -7.4731648",90836,90067,99.15,550,0.61,219,0.24,75.7882,72.9925
2022-12,Norte,ACES Douro Sul,"41.0953745, -7.8123805",68788,67307,97.85,1468,2.13,13,0.02,78.1561,73.0865
2022-12,Norte,ACES Alto Ave,"41.4417064, -8.1722408",273372,267182,97.74,6104,2.23,86,0.03,78.2447,70.0235
2022-12,Norte,ACES Maia / Valongo,"41.2333945, -8.6187474",222627,217450,97.67,5127,2.3,50,0.02,73.9461,53.3983
2022-12,Centro,ACES Pinhal Litoral,"39.7495331, -8.807683",279762,240723,86.05,38317,13.7,722,0.26,71.1427,62.6258
2022-12,Alentejo,ACES Baixo Alentejo,"38.0153039, -7.8627308",123876,102368,82.64,21052,16.99,456,0.37,72.9593,65.3389
2023-01,Norte,ACES Porto Ocidental,"41.1741353, -8.6691662",180165,173138,96.1,6807,3.78,220,0.12,68.8745,46.8972
2023-01,Norte,ACES Porto Oriental,"41.1694498, -8.6126428",120874,113973,94.29,6847,5.66,54,0.04,71.1021,55.7021
2023-01,Norte,ACES Gaia,"41.1278433, -8.580396",163458,160027,97.9,3290,2.01,141,0.09,72.3324,66.5889
2023-01,Centro,ACES Beira Interior Sul,"39.8211367, -7.5036651",75454,62158,82.38,12898,17.09,398,0.53,69.9406,54.1159
2023-01,Centro,ACES Pinhal Interior Norte,"40.1151262, -8.2473136",132067,117839,89.23,13492,10.22,736,0.56,73.0463,59.0666
2023-01,Lisboa e Vale do Tejo,ACES Oeste Norte,"39.410844, -9.1396215",183735,135337,73.66,48213,26.24,185,0.1,69.0961,53.6765
2023-01,Lisboa e Vale do Tejo,ACES Arco Ribeirinho,"38.6672076, -9.0543329",232216,144260,62.12,87718,37.77,238,0.1,57.7604,35.9881
2023-01,Lisboa e Vale do Tejo,ACES Estuário do Tejo,"38.9528113, -8.9911154",238916,140486,58.8,97846,40.95,584,0.24,57.7345,39.8303
2023-01,Lisboa e Vale do Tejo,ACES Lezíria,"39.2371689, -8.6908895",203174,156342,76.95,44871,22.09,1961,0.97,70.2885,59.4194
2023-02,Norte,ACES Póvoa do Varzim / Vila do Conde,"41.355519, -8.746653",155385,149118,95.97,6192,3.98,75,0.05,74.6143,60.7343
2023-02,Norte,ACES Gaia,"41.1278433, -8.580396",163575,160095,97.87,3409,2.08,71,0.04,72.3161,65.5648
2023-02,Norte,ACES Alto Tâmega e Barroso,"41.741781, -7.4731648",90912,90040,99.04,660,0.73,212,0.23,75.0143,50.6215
2023-02,Norte,ACES Nordeste,"41.8069684, -6.7587977",131541,124389,94.56,6217,4.73,935,0.71,73.3556,46.3486
2023-02,Centro,ACES Beira Interior Sul,"39.8211367, -7.5036651",75961,64979,85.54,10583,13.93,399,0.53,69.4527,51.2166
2023-02,Centro,ACES Baixo Mondego,"40.2150023, -8.4071805",394854,356786,90.36,36131,9.15,1937,0.49,71.205,51.8612
2023-02,Lisboa e Vale do Tejo,ACES Almada / Seixal,"38.6678522, -9.1875777",367867,306129,83.22,60254,16.38,1484,0.4,62.2826,33.1935
2023-02,Lisboa e Vale do Tejo,ACES Arrábida,"38.5324373, -8.8627453",244943,180696,73.77,63471,25.91,776,0.32,62.208,44.5583
2023-02,Alentejo,ACES Baixo Alentejo,"38.0153039, -7.8627308",123841,100516,81.17,22870,18.47,455,0.37,70.8852,62.5445
2023-03,Norte,ACES Vale do Sousa Sul,"41.1548155, -8.2163769",176261,174991,99.28,1264,0.72,6,0.0,78.1323,82.6739
2023-03,Norte,ACES Vale do Sousa Norte,"41.2793583, -8.2787457",161288,159487,98.88,1797,1.11,4,0.0,79.6126,75.4026
2023-03,Norte,ACES Matosinhos,"41.1918541, -8.6590693",176335,172419,97.78,3765,2.14,151,0.09,72.791,25.4341
2023-03,Norte,ACES Póvoa do Varzim / Vila do Conde,"41.355519, -8.746653",154879,149758,96.69,5046,3.26,75,0.05,74.8897,58.9226
2023-03,Norte,ACES Marão e Douro Norte,"41.2968711, -7.7483727",105902,101417,95.76,4307,4.07,178,0.17,75.0076,67.3806
2023-03,Centro,ACES Baixo Vouga,"40.6405055, -8.6537539",404590,352186,87.05,50032,12.37,2372,0.59,70.6384,55.1803
2023-03,Centro,ACES Dão Lafões,"40.6565861, -7.9124712",276817,251323,90.79,25113,9.07,381,0.14,71.3084,62.3117
2023-03,Lisboa e Vale do Tejo,ACES Arco Ribeirinho,"38.6672076, -9.0543329",232459,136270,58.62,95945,41.27,244,0.1,57.4812,39.6231
2023-03,Lisboa e Vale do Tejo,ACES Estuário do Tejo,"38.9528113, -8.9911154",238516,132781,55.67,105156,44.09,579,0.24,57.0347,39.7417
2023-03,Lisboa e Vale do Tejo,ACES Arrábida,"38.5324373, -8.8627453",245555,180673,73.58,64106,26.11,776,0.32,62.125,44.3843
2023-03,Alentejo,ACES Baixo Alentejo,"38.0153039, -7.8627308",123731,100128,80.92,23159,18.72,444,0.36,70.8553,63.3062
2023-03,Alentejo,ACES Alentejo Litoral,"38.3841359, -8.5132031",105844,87132,82.32,18137,17.14,575,0.54,59.5839,39.6124
2023-03,Algarve,ACES Algarve Barlavento,"37.1387554, -8.5445093",189506,133950,70.68,54480,28.75,1076,0.57,54.9485,28.2886
2023-04,Norte,ACES Alto Minho,"41.7056054, -8.8252713",250961,243764,97.13,7159,2.85,38,0.02,76.9235,69.0427
2023-04,Norte,ACES Ave / Famalicão,"41.3835805, -8.4157518",124795,121216,97.13,3527,2.83,52,0.04,75.9646,66.3034
2023-04,Norte,ACES Porto Ocidental,"41.1741353, -8.6691662",180942,173135,95.69,7611,4.21,196,0.11,68.5944,41.4116
2023-04,Norte,ACES Póvoa do Varzim / Vila do Conde,"41.355519, -8.746653",155055,149999,96.74,4982,3.21,74,0.05,74.8792,60.0079
2023-04,Norte,ACES Alto Tâmega e Barroso,"41.741781, -7.4731648",91049,88013,96.67,2834,3.11,202,0.22,74.9871,65.2017
2023-04,Norte,ACES Maia / Valongo,"41.2333945, -8.6187474",222877,213844,95.95,8988,4.03,45,0.02,73.1475,55.5629
2023-04,Centro,ACES Beira Interior Sul,"39.8211367, -7.5036651",76039,66816,87.87,8842,11.63,381,0.5,68.9988,46.7202
2023-04,Centro,ACES Pinhal Interior Norte,"40.1151262, -8.2473136",132079,119517,90.49,11812,8.94,750,0.57,73.0858,56.7664
2023-04,Centro,ACES Dão Lafões,"40.6565861, -7.9124712",277027,251760,90.88,24885,8.98,382,0.14,71.2949,63.1377
2023-04,Lisboa e Vale do Tejo,ACES Cascais,"38.69904, -9.3818008",229801,182511,79.42,43134,18.77,4156,1.81,53.881,18.8981
2023-04,Lisboa e Vale do Tejo,ACES Loures / Odivelas,"38.8012718, -9.1137868",378021,265686,70.28,112001,29.63,334,0.09,54.2226,33.0129
2023-04,Lisboa e Vale do Tejo,ACES Sintra,"38.7519209, -9.2753636",378744,251992,66.53,125688,33.19,1064,0.28,56.0027,44.4316
2023-04,Alentejo,ACES Baixo Alentejo,"38.0153039, -7.8627308",123764,102874,83.12,20446,16.52,444,0.36,70.7403,62.585
2023-05,Norte,ACES Marão e Douro Norte,"41.2968711, -7.7483727",105753,99931,94.49,5645,5.34,177,0.17,74.87,72.2213
2023-05,Norte,ACES Espinho / Gaia,"41.0022421, -8.642018",184625,165586,89.69,18971,10.28,68,0.04,73.5392,63.8651
2023-05,Norte,ACES Maia / Valongo,"41.2333945, -8.6187474",223160,214033,95.91,9085,4.07,42,0.02,73.1944,55.2888
2023-05,Centro,ACES Cova da Beira,"40.2677741, -7.4995083",88256,75295,85.31,12813,14.52,148,0.17,71.622,69.0645
2023-05,Lisboa e Vale do Tejo,ACES Arco Ribeirinho,"38.6672076, -9.0543329",233648,136300,58.34,97105,41.56,243,0.1,57.1039,40.3111
2023-05,Lisboa e Vale do Tejo,ACES Lisboa Central,"38.7306317, -9.1510414",309472,218058,70.46,90421,29.22,993,0.32,48.7854,31.4535
2023-05,Alentejo,ACES São Mamede,"39.2967086, -7.4284755",116018,100460,86.59,15340,13.22,218,0.19,71.5907,67.0288
2023-05,Algarve,ACES Algarve Central,"37.0274264, -7.9395984",282003,230108,81.6,51506,18.26,389,0.14,57.9255,31.4916
2023-06,Norte,ACES Alto Minho,"41.7056054, -8.8252713",251572,244398,97.15,7134,2.84,40,0.02,76.8582,68.5535
2023-06,Norte,ACES Braga,"41.5518714, -8.4126362",209756,207197,98.78,2555,1.22,4,0.0,73.5428,45.9438
2023-06,Norte,ACES Baixo Tâmega,"41.2719719, -8.0791631",162463,161792,99.59,586,0.36,85,0.05,76.7426,51.0479
2023-06,Norte,ACES Porto Oriental,"41.1694498, -8.6126428",122278,120685,98.7,1543,1.26,50,0.04,71.0828,16.7516
2023-06,Norte,ACES Marão e Douro Norte,"41.2968711, -7.7483727",105691,102809,97.27,2698,2.55,184,0.17,74.7968,66.2613
2023-06,Norte,ACES Espinho / Gaia,"41.0022421, -8.642018",184652,176151,95.4,8434,4.57,67,0.04,73.5386,56.4275
2023-06,Centro,ACES Cova da Beira,"40.2677741, -7.4995083",88332,77860,88.14,10323,11.69,149,0.17,71.6282,67.9931
2023-06,Centro,ACES Baixo Vouga,"40.6405055, -8.6537539",405507,372861,91.95,30276,7.47,2370,0.58,70.3901,42.1159
2023-06,Centro,ACES Pinhal Interior Norte,"40.1151262, -8.2473136",132116,116896,88.48,14509,10.98,711,0.54,73.2452,62.3037
2023-06,Centro,ACES Pinhal Litoral,"39.7495331, -8.807683",282307,216808,76.8,64850,22.97,649,0.23,69.5296,59.5948
2023-06,Lisboa e Vale do Tejo,ACES Arrábida,"38.5324373, -8.8627453",248003,182174,73.46,65015,26.22,814,0.33,61.5439,44.6453
2023-06,Alentejo,ACES São Mamede,"39.2967086, -7.4284755",116042,101539,87.5,14281,12.31,222,0.19,71.6299,66.9379
2023-06,Algarve,ACES Algarve Central,"37.0274264, -7.9395984",282742,232038,82.07,50310,17.79,394,0.14,57.9817,31.6896
2023-06,Algarve,ACES Algarve Sotavento,"37.383008, -7.7293275",64386,51572,80.1,12555,19.5,259,0.4,64.9554,49.6565
2023-07,Norte,ACES Barcelos / Esposende,"41.5317419, -8.6178922",161664,160182,99.08,1436,0.89,46,0.03,76.773,56.3428
2023-07,Norte,ACES Porto Ocidental,"41.1741353, -8.6691662",181735,177683,97.77,3906,2.15,146,0.08,68.6109,28.3354
2023-07,Norte,ACES Porto Oriental,"41.1694498, -8.6126428",122158,120384,98.55,1723,1.41,51,0.04,71.2708,18.9402
2023-07,Norte,ACES Póvoa do Varzim / Vila do Conde,"41.355519, -8.746653",155526,153480,98.68,1974,1.27,72,0.05,74.6301,61.6325
2023-07,Norte,ACES Marão e Douro Norte,"41.2968711, -7.7483727",105435,101261,96.04,4080,3.87,94,0.09,74.7015,69.2142
2023-07,Norte,ACES Alto Tâmega e Barroso,"41.741781, -7.4731648",91399,90689,99.22,559,0.61,151,0.17,74.9352,34.7165
2023-07,Norte,ACES Douro Sul,"41.0953745, -7.8123805",68803,68511,99.58,292,0.42,0,0.0,78.0576,53.4247
2023-07,Norte,ACES Alto Ave,"41.4417064, -8.1722408",271717,255790,94.14,15877,5.84,50,0.02,78.406,75.8466
2023-07,Centro,ACES Pinhal Litoral,"39.7495331, -8.807683",279765,202322,72.32,76900,27.49,543,0.19,69.9505,60.6774
2023-07,Centro,ACES Guarda,"40.5353285, -7.2724426",146902,125794,85.63,20586,14.01,522,0.36,73.6321,55.1781
2023-07,Lisboa e Vale do Tejo,ACES Lisboa Norte,"38.7396924, -9.168506",270899,195870,72.3,73034,26.96,1995,0.74,52.8721,31.6104
2023-07,Lisboa e Vale do Tejo,ACES Loures / Odivelas,"38.8012718, -9.1137868",377315,265946,70.48,111069,29.44,300,0.08,54.1567,29.5675
2023-07,Lisboa e Vale do Tejo,ACES Médio Tejo,"39.478072, -8.5404429",225223,152716,67.81,72093,32.01,414,0.18,69.024,59.0179
2023-07,Lisboa e Vale do Tejo,ACES Lezíria,"39.2371689, -8.6908895",203864,154140,75.61,48252,23.67,1472,0.72,69.6338,58.2983
2023-07,Alentejo,ACES Baixo Alentejo,"38.0153039, -7.8627308",123624,101598,82.18,21816,17.65,210,0.17,71.2074,63.2934
2023-08,Norte,ACES Vale do Sousa Sul,"41.1548155, -8.2163769",176930,175615,99.26,1311,0.74,4,0.0,78.1936,77.1863
2023-08,Norte,ACES Póvoa do Varzim / Vila do Conde,"41.355519, -8.746653",155815,153566,98.56,2177,1.4,72,0.05,74.6257,57.8924
2023-08,Norte,ACES Marão e Douro Norte,"41.2968711, -7.7483727",106319,102298,96.22,3916,3.68,105,0.1,74.2871,70.9525
2023-08,Norte,ACES Espinho / Gaia,"41.0022421, -8.642018",184593,178858,96.89,5684,3.08,51,0.03,72.7319,50.9852
2023-08,Centro,ACES Guarda,"40.5353285, -7.2724426",146645,125401,85.51,20718,14.13,526,0.36,73.6002,54.7402
2023-08,Lisboa e Vale do Tejo,ACES Oeste Norte,"39.410844, -9.1396215",185519,134314,72.4,51077,27.53,128,0.07,68.8312,54.1334
2023-08,Lisboa e Vale do Tejo,ACES Estuário do Tejo,"38.9528113, -8.9911154",239401,131050,54.74,107857,45.05,494,0.21,55.7997,35.7643
2023-08,Lisboa e Vale do Tejo,ACES Lisboa Central,"38.7306317, -9.1510414",307027,218846,71.28,87514,28.5,667,0.22,49.0411,26.8663
2023-08,Lisboa e Vale do Tejo,ACES Almada / Seixal,"38.6678522, -9.1875777",367559,295937,80.51,70476,19.17,1146,0.31,62.4166,39.1011
2023-08,Algarve,ACES Algarve Sotavento,"37.383008, -7.7293275",63672,52442,82.36,10979,17.24,251,0.39,65.8783,45.0579
2023-08,Algarve,ACES Algarve Barlavento,"37.1387554, -8.5445093",191027,136104,71.25,53955,28.24,968,0.51,55.2377,31.8404
2023-09,Norte,ACES Porto Ocidental,"41.1741353, -8.6691662",182478,176731,96.85,5596,3.07,151,0.08,68.2258,36.4458
2023-09,Norte,ACES Gaia,"41.1278433, -8.580396",165549,161165,97.35,4381,2.65,3,0.0,71.751,54.2199
2023-09,Norte,ACES Marão e Douro Norte,"41.2968711, -7.7483727",106424,104851,98.52,1469,1.38,104,0.1,74.0785,63.0642
2023-09,Norte,ACES Gondomar,"41.1738444, -8.5612238",168634,168441,99.89,158,0.09,35,0.02,76.7929,17.6166
2023-09,Lisboa e Vale do Tejo,ACES Oeste Sul,"39.0917759, -9.2600341",220155,133689,60.72,86044,39.08,422,0.19,58.134,44.3064
2023-09,Lisboa e Vale do Tejo,ACES Loures / Odivelas,"38.8012718, -9.1137868",376895,262260,69.58,114357,30.34,278,0.07,53.9219,28.5053
2023-09,Lisboa e Vale do Tejo,ACES Sintra,"38.7519209, -9.2753636",378105,243577,64.42,133706,35.36,822,0.22,56.0984,40.7506
2023-09,Alentejo,ACES São Mamede,"39.2967086, -7.4284755",116110,95726,82.44,20197,17.39,187,0.16,71.4598,67.5171
2023-09,Algarve,ACES Algarve Barlavento,"37.1387554, -8.5445093",190616,132204,69.36,57450,30.14,962,0.5,55.3751,31.5529
2023-10,Norte,ACES Alto Minho,"41.7056054, -8.8252713",251016,243454,96.99,7517,2.99,45,0.02,77.1971,68.6591
2023-10,Norte,ACES Vale do Sousa Sul,"41.1548155, -8.2163769",176983,175586,99.21,1393,0.79,4,0.0,77.9148,74.5168
2023-10,Norte,ACES Barcelos / Esposende,"41.5317419, -8.6178922",162073,160698,99.15,1327,0.82,48,0.03,76.5038,52.8
2023-10,Norte,ACES Alto Tâmega e Barroso,"41.741781, -7.4731648",91434,90916,99.43,367,0.4,151,0.17,74.8102,32.8947
2023-10,Norte,ACES Espinho / Gaia,"41.0022421, -8.642018",184669,177210,95.96,7407,4.01,52,0.03,72.6538,48.9342
2023-10,Centro,ACES Pinhal Interior Sul,"39.7510898, -7.9203657",31414,23102,73.54,8310,26.45,2,0.01,78.9266,66.3619
2023-10,Centro,ACES Dão-Lafões,"40.6565861, -7.9124712",277040,258421,93.28,18374,6.63,245,0.09,72.06,58.7035
2023-10,Lisboa e Vale do Tejo,ACES Lisboa Central,"38.7306317, -9.1510414",307424,213078,69.31,93689,30.48,657,0.21,48.8187,26.4272
2023-10,Lisboa e Vale do Tejo,ACES Sintra,"38.7519209, -9.2753636",378687,242272,63.98,135672,35.83,743,0.2,55.9885,40.802
2023-10,Alentejo,ACES Alentejo Central,"38.8442031, -7.5826619",166722,145876,87.5,20298,12.17,548,0.33,75.6565,66.4252
2023-10,Algarve,ACES Algarve Central,"37.0274264, -7.9395984",275881,228355,82.77,47142,17.09,384,0.14,59.3647,32.7926
2023-11,Norte,ACES Vale do Sousa Sul,"41.1548155, -8.2163769",176162,173027,98.22,3131,1.78,4,0.0,77.9339,72.3445
2023-11,Norte,ACES Aveiro Norte,"40.8472225, -8.4656674",120193,120181,99.99,1,0.0,11,0.01,77.4538,33.3333
2023-11,Norte,ACES Braga,"41.5518714, -8.4126362",210586,206126,97.88,4454,2.12,6,0.0,73.3961,39.9015
2023-11,Norte,ACES Baixo Tâmega,"41.2719719, -8.0791631",160764,160658,99.93,56,0.03,50,0.03,77.0527,30.1887
2023-11,Norte,ACES Ave / Famalicão,"41.3835805, -8.4157518",125623,123259,98.12,2318,1.85,46,0.04,76.8092,62.6058
2023-11,Norte,ACES Matosinhos,"41.1918541, -8.6590693",176273,171220,97.13,4955,2.81,98,0.06,72.7054,25.7075
2023-11,Norte,ACES Gaia,"41.1278433, -8.580396",164506,160495,97.56,4007,2.44,4,0.0,72.1092,56.8686
2023-11,Norte,ACES Espinho / Gaia,"41.0022421, -8.642018",183575,177754,96.83,5772,3.14,49,0.03,72.8645,59.6461
2023-11,Norte,ACES Alto Ave,"41.4417064, -8.1722408",270832,258753,95.54,12051,4.45,28,0.01,78.6635,74.3273
2023-11,Centro,ACES Cova da Beira,"40.2677741, -7.4995083",86562,69667,80.48,16756,19.36,139,0.16,72.0163,66.9192
2023-11,Centro,ACES Pinhal Interior Norte,"40.1151262, -8.2473136",129991,106610,82.01,22995,17.69,386,0.3,73.9913,64.1461
2023-11,Lisboa e Vale do Tejo,ACES Oeste Norte,"39.410844, -9.1396215",187057,136388,72.91,50549,27.02,120,0.06,67.967,51.2779
2023-11,Lisboa e Vale do Tejo,ACES Cascais,"38.69904, -9.3818008",229672,176730,76.95,49471,21.54,3471,1.51,54.2439,17.0507
2023-11,Lisboa e Vale do Tejo,ACES Arco Ribeirinho,"38.6672076, -9.0543329",235359,145997,62.03,89149,37.88,213,0.09,56.5035,37.1064
2023-11,Lisboa e Vale do Tejo,ACES Oeste Sul,"39.0917759, -9.2600341",220450,130363,59.13,89677,40.68,410,0.19,57.824,45.3828
2023-11,Lisboa e Vale do Tejo,ACES Loures / Odivelas,"38.8012718, -9.1137868",376882,261301,69.33,115172,30.56,409,0.11,53.8731,26.7665
2023-11,Lisboa e Vale do Tejo,ACES Sintra,"38.7519209, -9.2753636",378331,241004,63.7,136597,36.11,730,0.19,55.9159,40.5638
2023-11,Alentejo,ACES Alentejo Litoral,"38.3841359, -8.5132031",105235,79580,75.62,24986,23.74,669,0.64,59.8793,44.0226
2023-12,Norte,ACES Alto Tâmega e Barroso,"41.741781, -7.4731648",89526,86469,96.59,2911,3.25,146,0.16,76.2448,65.8138
2023-12,Norte,ACES Maia / Valongo,"41.2333945, -8.6187474",220393,206517,93.7,13847,6.28,29,0.01,74.2526,60.7702
2023-12,Centro,ACES Beira Interior Sul,"39.8211367, -7.5036651",75970,65978,86.85,9723,12.8,269,0.35,67.7154,46.1364
2023-12,Centro,ACES Baixo Mondego,"40.2150023, -8.4071805",390647,355004,90.88,34052,8.72,1591,0.41,71.5665,43.4452
2023-12,Centro,ACES Dão-Lafões,"40.6565861, -7.9124712",275065,253822,92.28,21010,7.64,233,0.08,72.6652,59.4228
2023-12,Lisboa e Vale do Tejo,ACES Amadora,"38.7573081, -9.23429",181238,121615,67.1,59085,32.6,538,0.3,53.62,37.4589
2023-12,Lisboa e Vale do Tejo,ACES Médio Tejo,"39.478072, -8.5404429",226438,153652,67.86,72392,31.97,394,0.17,68.449,54.1104
2023-12,Alentejo,ACES Alentejo Litoral,"38.3841359, -8.5132031",105274,79644,75.65,24965,23.71,665,0.63,59.8793,44.0226
2023-12,Algarve,ACES Algarve Central,"37.0274264, -7.9395984",276646,228390,82.56,47896,17.31,360,0.13,59.5317,32.8756
2024-01,Norte,CSP da ULS Nordeste,"41.806816, -6.759102",127233,115768,90.99,11166,8.78,299,0.24,73.8521,56.4667
2024-01,Norte,CSP da ULS Entre Douro e Vouga,"40.926349, -8.548039",274699,272705,99.27,471,0.17,1523,0.55,76.5316,74.0855
2024-01,Centro,CSP da ULS Castelo Branco,"39.831269, -7.486884",101232,84178,83.15,16954,16.75,100,0.1,60.202,56.0991
2024-01,Centro,CSP da ULS Coimbra,"40.21578, -8.41058",407091,362095,88.95,44409,10.91,587,0.14,69.869,54.1959
2024-01,Lisboa e Vale do Tejo,CSP da ULS Oeste,"39.411452329, -9.1394549604",248450,144008,57.96,104206,41.94,236,0.09,59.5167,46.5714
2024-01,Lisboa e Vale do Tejo,CSP da ULS Loures / Odivelas,"38.821769, -9.176301",239523,160325,66.94,79075,33.01,123,0.05,50.5733,28.2481
2024-02,Norte,CSP da ULS Braga,"41.629758698, -8.3591461276",319716,315549,98.7,4044,1.26,123,0.04,74.5363,35.9263
2024-02,Norte,CSP da ULS São João,"41.169696, -8.612651",344408,339648,98.62,4703,1.37,57,0.02,72.3529,36.8487
2024-02,Centro,CSP da ULS Guarda,"40.5314, -7.27322",141152,123234,87.31,17682,12.53,236,0.17,71.0008,58.9854
2024-02,Centro,CSP da ULS Castelo Branco,"39.831269, -7.486884",100399,84433,84.1,15864,15.8,102,0.1,64.4339,61.4932
2024-02,Centro,CSP da ULS Coimbra,"40.21578, -8.41058",404455,365712,90.42,38156,9.43,587,0.15,71.356,58.9371
2024-02,Centro,CSP da ULS Região de Leiria,"39.7464482, -8.8044873",397862,290827,73.1,106698,26.82,337,0.08,55.2802,45.9523
2024-02,Lisboa e Vale do Tejo,CSP da ULS Médio Tejo,"39.446082196, -8.5086017608",178389,130506,73.16,47638,26.7,245,0.14,68.7683,59.949
2024-02,Alentejo,CSP da ULS Alto Alentejo,"39.2991, -7.4278",109746,92344,84.14,17329,15.79,73,0.07,72.3152,69.7449
2024-03,Norte,CSP da ULS Póvoa Varzim / Vila Conde,"41.355472362, -8.7448970377",156399,152314,97.39,4066,2.6,19,0.01,72.8445,69.3023
2024-03,Norte,CSP da ULS Braga,"41.629758698, -8.3591461276",319016,312876,98.08,6027,1.89,113,0.04,74.6046,44.3505
2024-03,Norte,CSP da ULS Santo António,"41.160263, -8.681729",347473,342362,98.53,5019,1.44,92,0.03,71.3891,40.0822
2024-03,Lisboa e Vale do Tejo,CSP da ULS Lezíria,"39.237167, -8.688705",196458,145486,74.05,50271,25.59,701,0.36,69.1563,60.4469
2024-03,Lisboa e Vale do Tejo,CSP da ULS Médio Tejo,"39.446082196, -8.5086017608",177249,129606,73.12,47395,26.74,248,0.14,69.0492,60.2049
2016-01,Centro,ACES Baixo Vouga,"40.6405055, -8.6537539",381845,366557,96.0,13412,3.51,1876,0.49,72.1598,39.6597
2024-03,Algarve,CSP da ULS Algarve,"37.02745056, -7.937649",515508,406113,78.78,108339,21.02,1056,0.2,57.2808,35.3048
2016-01,Centro,ACES Dão Lafões,"40.6565861, -7.9124712",271907,254567,93.62,16959,6.24,381,0.14,68.9971,39.0865
2024-04,Norte,CSP da ULS Alto Minho,"41.696866, -8.832522",247107,240223,97.21,6857,2.77,27,0.01,78.1058,65.3201
2016-01,Lisboa e Vale do Tejo,ACES Amadora,"38.7573081, -9.23429",166369,127828,76.83,38331,23.04,210,0.13,58.1026,37.1195
2024-04,Norte,CSP da ULS Barcelos / Esposende,"41.533628173, -8.6240622256",161183,159661,99.06,1494,0.93,28,0.02,77.564,64.0562
2016-01,Lisboa e Vale do Tejo,ACES Lezíria,"39.2371689, -8.6908895",193850,152400,78.62,40897,21.1,553,0.29,69.0919,50.2375
2024-04,Norte,CSP da ULS Matosinhos,"41.1807, -8.66314",176359,171874,97.46,4428,2.51,57,0.03,73.0788,29.336
2016-01,Lisboa e Vale do Tejo,ACES Médio Tejo,"39.478072, -8.5404429",225695,194231,86.06,30973,13.72,491,0.22,69.8297,52.0296
2024-04,Norte,CSP da ULS Nordeste,"41.806816, -6.759102",125171,114088,91.15,10796,8.63,287,0.23,77.0027,67.8399
2016-01,Lisboa e Vale do Tejo,ACES Oeste Norte,"39.410844, -9.1396215",178527,158543,88.81,19726,11.05,258,0.14,71.134,51.2724
2024-04,Lisboa e Vale do Tejo,CSP da ULS Arco Ribeirinho,"38.669538907, -9.0530283486",228912,145151,63.41,83585,36.51,176,0.08,58.1289,38.9835
2016-01,Lisboa e Vale do Tejo,ACES Oeste Sul,"39.0917759, -9.2600341",197948,148982,75.26,48461,24.48,505,0.26,66.6273,48.708
2024-04,Lisboa e Vale do Tejo,CSP da ULS Estuário do Tejo,"38.891077, -9.039536",233950,126041,53.88,107528,45.96,381,0.16,56.7617,31.3598
2016-01,Norte,ACES Barcelos / Esposende,"41.5317419, -8.6178922",156178,155115,99.32,781,0.5,282,0.18,76.9846,22.9149
2024-04,Lisboa e Vale do Tejo,CSP da ULS Almada / Seixal,"38.6276044797217, -9.11368350111247",363461,300077,82.56,62650,17.24,734,0.2,62.6939,28.2406
2016-01,Norte,ACES Matosinhos,"41.1918541, -8.6590693",172552,170031,98.54,2060,1.19,461,0.27,74.5899,29.6899
2024-04,Lisboa e Vale do Tejo,CSP da ULS Arrábida,"38.531, -8.8874",238945,171851,71.92,66366,27.77,728,0.3,62.1616,41.1602
2016-02,Alentejo,ACES Baixo Alentejo,"38.0153039, -7.8627308",125193,123401,98.57,1656,1.32,136,0.11,72.8491,65.2128
2024-05,Centro,CSP da ULS Viseu Dão-Lafões,"40.659169, -7.915314",273186,252284,92.35,20822,7.62,80,0.03,74.1923,66.9362
2016-02,Centro,ACES Cova da Beira,"40.2677741, -7.4995083",86215,83100,96.39,2974,3.45,141,0.16,66.2634,20.3834
2024-05,Centro,CSP da ULS Castelo Branco,"39.831269, -7.486884",99636,83737,84.04,15798,15.86,101,0.1,73.2105,59.3182
2016-02,Centro,ACES Pinhal Interior Sul,"39.7510898, -7.9203657",31377,30836,98.28,188,0.6,353,1.13,80.3569,31.4711
2024-05,Alentejo,CSP da ULS Alentejo Central,"38.574093, -7.911785",161431,142003,87.97,17726,10.98,1702,1.05,75.3114,71.9014
2016-02,Lisboa e Vale do Tejo,ACES Oeste Sul,"39.0917759, -9.2600341",198303,149011,75.14,48783,24.6,509,0.26,66.9098,48.1588
2024-05,Algarve,CSP da ULS Algarve,"37.02745056, -7.937649",519382,408920,78.73,109409,21.07,1053,0.2,60.596,34.8117
2016-02,Norte,ACES Alto Minho,"41.7056054, -8.8252713",246884,245005,99.24,1399,0.57,480,0.19,76.0029,20.9168
2024-06,Norte,CSP da ULS Alto Minho,"41.696866, -8.832522",248290,241463,97.25,6798,2.74,29,0.01,78.0611,63.6883
2016-02,Norte,ACES Aveiro Norte,"40.8472225, -8.4656674",116519,114644,98.39,1813,1.56,62,0.05,74.3927,36.4233
2024-06,Norte,CSP da ULS Nordeste,"41.806816, -6.759102",125297,111033,88.62,14050,11.21,214,0.17,77.1319,68.0875
2016-02,Norte,ACES Baixo Tâmega,"41.2719719, -8.0791631",171505,140449,81.89,29026,16.92,2030,1.18,74.5094,53.665
2024-06,Norte,CSP da ULS São João,"41.169696, -8.612651",345359,336224,97.35,9127,2.64,8,0.0,73.6946,56.1795
2016-02,Norte,ACES Gondomar,"41.1738444, -8.5612238",165432,165321,99.93,59,0.04,52,0.03,75.4846,15.2695
2024-06,Centro,CSP da ULS Guarda,"40.5314, -7.27322",140060,121984,87.09,17882,12.77,194,0.14,74.7494,61.0478
2016-02,Norte,ACES Maia / Valongo,"41.2333945, -8.6187474",215466,214584,99.59,730,0.34,152,0.07,73.1312,20.0176
2024-06,Centro,CSP da ULS Baixo Mondego,"40.130297609, -8.860696177",108138,97302,89.98,10733,9.93,103,0.1,72.4889,61.1111
2016-03,Alentejo,ACES Alentejo Central,"38.8442031, -7.5826619",167034,165666,99.18,1276,0.76,92,0.06,75.9221,58.7857
2024-06,Centro,CSP da ULS Coimbra,"40.21578, -8.41058",403159,353750,87.74,48843,12.12,566,0.14,73.7357,58.374
2016-03,Alentejo,ACES Alentejo Litoral,"38.3841359, -8.5132031",92972,72298,77.76,20631,22.19,43,0.05,68.0189,58.586
2024-06,Lisboa e Vale do Tejo,CSP da ULS Arco Ribeirinho,"38.669538907, -9.0530283486",230482,145792,63.26,84518,36.67,172,0.07,57.887,38.9408
2016-03,Alentejo,ACES Baixo Alentejo,"38.0153039, -7.8627308",125191,123379,98.55,1674,1.34,138,0.11,71.7755,66.0841
2024-06,Lisboa e Vale do Tejo,CSP da ULS Oeste,"39.411452329, -9.1394549604",246285,138956,56.42,107092,43.48,237,0.1,61.7325,47.3181
2016-03,Algarve,ACES Algarve Barlavento,"37.1387554, -8.5445093",160380,105299,65.66,54213,33.8,868,0.54,60.2392,47.7451
2024-06,Lisboa e Vale do Tejo,CSP da ULS Loures / Odivelas,"38.821769, -9.176301",230490,157571,68.36,72776,31.57,143,0.06,55.5096,30.1321
2016-03,Centro,ACES Beira Interior Sul,"39.8211367, -7.5036651",73768,71934,97.51,1369,1.86,465,0.63,67.9686,24.6657
2024-06,Alentejo,CSP da ULS Baixo Alentejo,"38.014, -7.8675",120280,102120,84.9,18098,15.05,62,0.05,72.0843,62.1971
2016-03,Lisboa e Vale do Tejo,ACES Lisboa Central,"38.7306317, -9.1510414",277061,221807,80.06,54219,19.57,1035,0.37,54.0848,36.7575
2024-07,Norte,CSP da ULS Entre Douro e Vouga,"40.926349, -8.548039",274589,264125,96.19,10457,3.81,7,0.0,78.6474,76.3761
2016-03,Lisboa e Vale do Tejo,ACES Oeste Norte,"39.410844, -9.1396215",178656,158104,88.5,20295,11.36,257,0.14,71.0287,50.7928
2024-07,Norte,CSP da ULS Trás-os-Montes Alto Douro,"41.2969, -7.74841",260690,248459,95.31,12133,4.65,98,0.04,76.7801,71.2921
2016-03,Norte,ACES Feira e Arouca,"40.9263169, -8.5478813",155466,152048,97.8,3290,2.12,128,0.08,73.9346,63.9016
2024-07,Centro,CSP da ULS Castelo Branco,"39.831269, -7.486884",99980,83915,83.93,15950,15.95,115,0.12,73.4627,56.9125
2016-03,Norte,ACES Gondomar,"41.1738444, -8.5612238",165638,165523,99.93,63,0.04,52,0.03,75.0861,14.6269
2024-07,Lisboa e Vale do Tejo,CSP da ULS Oeste,"39.411452329, -9.1394549604",246474,135603,55.02,110634,44.89,237,0.1,61.9368,48.0126
2016-03,Norte,ACES Maia / Valongo,"41.2333945, -8.6187474",215638,209825,97.3,5668,2.63,145,0.07,72.5862,60.7307
2024-07,Lisboa e Vale do Tejo,CSP da ULS Amadora / Sintra,"38.75717, -9.23401",541536,359161,66.32,181199,33.46,1176,0.22,57.2126,41.0824
2016-03,Norte,ACES Marão e Douro Norte,"41.2968711, -7.7483727",108151,99992,92.46,7758,7.17,401,0.37,77.446,70.5175
2024-08,Norte,CSP da ULS Matosinhos,"41.1807, -8.66314",176845,170530,96.43,6258,3.54,57,0.03,73.2234,41.5732
2016-03,Norte,ACES Porto Oriental,"41.1694498, -8.6126428",116721,114272,97.9,2275,1.95,174,0.15,71.4604,55.5179
2024-08,Norte,CSP da ULS Nordeste,"41.806816, -6.759102",125334,110591,88.24,14530,11.59,213,0.17,77.4315,67.6514
2016-03,Norte,ACES Póvoa do Varzim / Vila do Conde,"41.355519, -8.746653",148766,147025,98.83,1730,1.16,11,0.01,74.6829,73.5933
2024-08,Norte,CSP da ULS Tâmega e Sousa,"41.206266147, -8.2725028602",482397,477204,98.92,5155,1.07,38,0.01,77.9872,71.6322
2016-04,Alentejo,ACES Alentejo Litoral,"38.3841359, -8.5132031",93114,71128,76.39,21939,23.56,47,0.05,68.0189,58.586
2024-08,Centro,CSP da ULS Coimbra,"40.21578, -8.41058",404467,345497,85.42,58399,14.44,571,0.14,73.9958,59.3764
2016-04,Algarve,ACES Algarve Barlavento,"37.1387554, -8.5445093",160823,103968,64.65,55982,34.81,873,0.54,60.2392,47.7451
2024-08,Centro,CSP da ULS Região de Leiria,"39.7464482, -8.8044873",398831,293054,73.48,105444,26.44,333,0.08,65.8213,49.7408
2016-04,Centro,ACES Baixo Mondego,"40.2150023, -8.4071805",383959,368365,95.94,13857,3.61,1737,0.45,60.2772,27.1946
2024-08,Lisboa e Vale do Tejo,CSP da ULS Estuário do Tejo,"38.891077, -9.039536",236241,124126,52.54,111765,47.31,350,0.15,57.6606,30.5677
2016-04,Centro,ACES Cova da Beira,"40.2677741, -7.4995083",86345,82675,95.75,3536,4.1,134,0.16,66.7057,30.9949
2024-08,Lisboa e Vale do Tejo,CSP da ULS Lezíria,"39.237167, -8.688705",198573,154007,77.56,43890,22.1,676,0.34,71.0571,60.1816
2016-04,Lisboa e Vale do Tejo,ACES Arrábida,"38.5324373, -8.8627453",223849,158179,70.66,65039,29.05,631,0.28,61.5949,43.3213
2024-08,Lisboa e Vale do Tejo,CSP da ULS Oeste,"39.411452329, -9.1394549604",246969,132055,53.47,114679,46.43,235,0.1,61.9368,48.0126
2016-04,Lisboa e Vale do Tejo,ACES Lezíria,"39.2371689, -8.6908895",194159,159631,82.22,33981,17.5,547,0.28,69.0776,50.5903
2024-08,Lisboa e Vale do Tejo,CSP da ULS Loures / Odivelas,"38.821769, -9.176301",231525,163541,70.64,67785,29.28,199,0.09,55.9721,30.7125
2016-04,Lisboa e Vale do Tejo,ACES Oeste Sul,"39.0917759, -9.2600341",198796,141640,71.25,56661,28.5,495,0.25,66.467,48.45
2024-08,Alentejo,CSP da ULS Alentejo Central,"38.574093, -7.911785",163117,146424,89.77,14971,9.18,1722,1.06,75.1917,69.4646
2016-04,Norte,ACES Espinho / Gaia,"41.0022421, -8.642018",185079,183964,99.4,1056,0.57,59,0.03,75.3599,55.6113
2024-09,Norte,CSP da ULS Matosinhos,"41.1807, -8.66314",176926,170443,96.34,6424,3.63,59,0.03,73.0967,41.2155
2016-04,Norte,ACES Póvoa do Varzim / Vila do Conde,"41.355519, -8.746653",148845,147117,98.84,1727,1.16,1,0.0,74.6829,73.5933
2024-09,Norte,CSP da ULS Póvoa Varzim / Vila Conde,"41.355472362, -8.7448970377",157431,149352,94.87,8064,5.12,15,0.01,74.2857,70.479
2016-05,Alentejo,ACES Alentejo Litoral,"38.3841359, -8.5132031",93219,71785,77.01,21387,22.94,47,0.05,68.0189,58.586
2024-09,Norte,CSP da ULS Santo António,"41.160263, -8.681729",349481,334480,95.71,14909,4.27,92,0.03,73.3219,58.1456
2016-05,Centro,ACES Baixo Mondego,"40.2150023, -8.4071805",384148,369982,96.31,12443,3.24,1723,0.45,60.2772,27.1946
2024-09,Lisboa e Vale do Tejo,CSP da ULS Lezíria,"39.237167, -8.688705",198968,164685,82.77,33612,16.89,671,0.34,71.2612,57.6321
2016-05,Centro,ACES Beira Interior Sul,"39.8211367, -7.5036651",73867,70211,95.05,3179,4.3,477,0.65,67.9686,24.6657
2024-09,Lisboa e Vale do Tejo,CSP da ULS Santa Maria,"38.739567, -9.168651",346717,238841,68.89,106454,30.7,1422,0.41,54.0781,34.268
2016-05,Lisboa e Vale do Tejo,ACES Arco Ribeirinho,"38.6672076, -9.0543329",218847,155775,71.18,62930,28.76,142,0.06,59.4543,43.9891
2024-09,Alentejo,CSP da ULS Litoral Alentejano,"38.039936, -8.731693",101739,78344,77.0,23057,22.66,338,0.33,60.8675,44.5181
2016-05,Lisboa e Vale do Tejo,ACES Lisboa Central,"38.7306317, -9.1510414",278172,222438,79.96,54744,19.68,990,0.36,54.0848,36.7575
2024-10,Norte,CSP da ULS Trás-os-Montes Alto Douro,"41.2969, -7.74841",261401,250715,95.91,10595,4.05,91,0.03,77.2442,70.0477
2016-05,Lisboa e Vale do Tejo,ACES Lisboa Norte,"38.7396924, -9.168506",254437,213543,83.93,40624,15.97,270,0.11,56.3325,26.5566
2024-10,Norte,CSP da ULS Santo António,"41.160263, -8.681729",349840,332880,95.15,16864,4.82,96,0.03,73.4587,58.7701
2016-05,Lisboa e Vale do Tejo,ACES Loures / Odivelas,"38.8012718, -9.1137868",349305,286821,82.11,62254,17.82,230,0.07,58.027,30.1097
2024-10,Centro,CSP da ULS Cova da Beira,"40.279552, -7.501801",84128,70937,84.32,13098,15.57,93,0.11,71.6916,57.1996
2016-05,Norte,ACES Alto Ave,"41.4417064, -8.1722408",269628,267550,99.23,2012,0.75,66,0.02,77.0948,60.9964
2024-10,Centro,CSP da ULS Região de Aveiro,"40.6418, -8.65166",336925,311338,92.41,25141,7.46,446,0.13,73.0813,51.0521
2016-05,Norte,ACES Barcelos / Esposende,"41.5317419, -8.6178922",156283,154643,98.95,1350,0.86,290,0.19,76.8416,56.7026
2024-10,Centro,CSP da ULS Viseu Dão-Lafões,"40.659169, -7.915314",275123,269382,97.91,5719,2.08,22,0.01,75.2434,64.9239
2016-05,Norte,ACES Vale do Sousa Norte,"41.2793583, -8.2787457",160732,157391,97.92,3297,2.05,44,0.03,75.7914,52.997
2024-10,Centro,CSP da ULS Castelo Branco,"39.831269, -7.486884",100553,81851,81.4,18579,18.48,123,0.12,74.3936,55.3421
2016-05,Norte,ACES Vale do Sousa Sul,"41.1548155, -8.2163769",177367,164986,93.02,12353,6.96,28,0.02,75.6485,69.067
2024-10,Lisboa e Vale do Tejo,CSP da ULS Almada / Seixal,"38.6276044797217, -9.11368350111247",368332,311823,84.66,56123,15.24,386,0.1,62.7545,22.968
2016-06,Alentejo,ACES Alentejo Central,"38.8442031, -7.5826619",167349,165921,99.15,1330,0.79,98,0.06,75.6486,64.5553
2024-10,Lisboa e Vale do Tejo,CSP da ULS Oeste,"39.411452329, -9.1394549604",248090,139020,56.04,108836,43.87,234,0.09,61.8489,47.0404
2016-06,Alentejo,ACES São Mamede,"39.2967086, -7.4284755",117684,111193,94.48,6389,5.43,102,0.09,71.8514,59.6464
2024-10,Lisboa e Vale do Tejo,CSP da ULS São José,"38.7365023, -9.1313583",428543,334823,78.13,92992,21.7,728,0.17,54.8249,23.598
2016-06,Centro,ACES Beira Interior Sul,"39.8211367, -7.5036651",73915,70271,95.07,3170,4.29,474,0.64,67.4878,19.076
2024-10,Lisboa e Vale do Tejo,CSP da ULS Loures / Odivelas,"38.821769, -9.176301",232799,166609,71.57,66000,28.35,190,0.08,56.7232,29.2491
2016-06,Lisboa e Vale do Tejo,ACES Oeste Norte,"39.410844, -9.1396215",178971,156076,87.21,22638,12.65,257,0.14,70.9074,52.6448
2024-10,Alentejo,CSP da ULS Litoral Alentejano,"38.039936, -8.731693",101936,78361,76.87,23240,22.8,335,0.33,61.2963,44.5938
2016-06,Lisboa e Vale do Tejo,ACES Sintra,"38.7519209, -9.2753636",357759,264238,73.86,92761,25.93,760,0.21,56.4981,39.5032
2024-11,Norte,CSP da ULS Barcelos / Esposende,"41.533628173, -8.6240622256",161708,156914,97.04,4773,2.95,21,0.01,78.0524,67.3759
2016-06,Norte,ACES Barcelos / Esposende,"41.5317419, -8.6178922",156323,154685,98.95,1348,0.86,290,0.19,76.4618,40.1163
2024-11,Norte,CSP da ULS Alto Ave,"41.426805082, -8.2945278754",287907,274723,95.42,13154,4.57,30,0.01,79.7778,76.699
2016-06,Norte,ACES Vale do Sousa Norte,"41.2793583, -8.2787457",160786,157749,98.11,3002,1.87,35,0.02,75.8895,50.9766
2024-11,Centro,CSP da ULS Guarda,"40.5314, -7.27322",140374,125598,89.47,14546,10.36,230,0.16,75.5952,56.0842
2016-07,Centro,ACES Baixo Mondego,"40.2150023, -8.4071805",384974,370774,96.31,12509,3.25,1691,0.44,64.0254,28.4875
2024-11,Centro,CSP da ULS Baixo Mondego,"40.130297609, -8.860696177",108591,103487,95.3,5029,4.63,75,0.07,74.3809,60.5995
2016-07,Centro,ACES Cova da Beira,"40.2677741, -7.4995083",86405,83291,96.4,2983,3.45,131,0.15,66.9467,28.6974
2024-11,Centro,CSP da ULS Coimbra,"40.21578, -8.41058",406889,367291,90.27,39060,9.6,538,0.13,74.4151,55.9195
2016-07,Centro,ACES Pinhal Interior Norte,"40.1151262, -8.2473136",130741,121400,92.86,8662,6.63,679,0.52,76.7562,44.4292
2024-11,Lisboa e Vale do Tejo,CSP da ULS Oeste,"39.411452329, -9.1394549604",248541,138985,55.92,109322,43.99,234,0.09,61.7431,46.4174
2016-07,Lisboa e Vale do Tejo,ACES Lisboa Ocidental e Oeiras,"38.6914388, -9.3184304",240695,200008,83.1,39939,16.59,748,0.31,57.0833,36.5558
2024-11,Lisboa e Vale do Tejo,CSP da ULS Lisboa Ocidental,"38.698818794, -9.3815130504",480005,415825,86.63,62621,13.05,1559,0.32,59.8396,16.728
2016-07,Lisboa e Vale do Tejo,ACES Loures / Odivelas,"38.8012718, -9.1137868",351239,289940,82.55,61074,17.39,225,0.06,58.0741,27.7097
2024-11,Lisboa e Vale do Tejo,CSP da ULS São José,"38.7365023, -9.1313583",429542,338638,78.84,90177,20.99,727,0.17,54.863,22.0452
2016-07,Norte,ACES Baixo Tâmega,"41.2719719, -8.0791631",170568,137463,80.59,32529,19.07,576,0.34,74.3493,56.3489
2024-11,Algarve,CSP da ULS Algarve,"37.02745056, -7.937649",528497,427922,80.97,99553,18.84,1022,0.19,61.4236,33.0735
2016-07,Norte,ACES Braga,"41.5518714, -8.4126362",184970,181150,97.93,3819,2.06,1,0.0,74.063,69.9973
2024-12,Centro,CSP da ULS Cova da Beira,"40.279552, -7.501801",84324,72450,85.92,11784,13.97,90,0.11,72.2199,57.5796
2016-07,Norte,ACES Espinho / Gaia,"41.0022421, -8.642018",185419,185258,99.91,114,0.06,47,0.03,75.0342,54.8659
2024-12,Lisboa e Vale do Tejo,CSP da ULS São José,"38.7365023, -9.1313583",430623,339635,78.87,90264,20.96,724,0.17,54.9275,21.4611
2016-07,Norte,ACES Maia / Valongo,"41.2333945, -8.6187474",216737,213011,98.28,3597,1.66,129,0.06,72.4442,62.219
2024-12,Lisboa e Vale do Tejo,CSP da ULS Loures / Odivelas,"38.821769, -9.176301",233626,170591,73.02,62842,26.9,193,0.08,57.1478,29.2948
2016-07,Norte,ACES Nordeste,"41.8069684, -6.7587977",134022,131399,98.04,1881,1.4,742,0.55,74.9489,51.9414
2024-12,Lisboa e Vale do Tejo,CSP da ULS Médio Tejo,"39.446082196, -8.5086017608",180931,128633,71.1,52076,28.78,222,0.12,70.9596,61.135
2016-07,Norte,ACES Póvoa do Varzim / Vila do Conde,"41.355519, -8.746653",149203,147468,98.84,1733,1.16,2,0.0,73.9355,72.1138
2025-01,Centro,CSP da ULS Região de Aveiro,"40.6418, -8.65166",338299,327735,96.88,10128,2.99,436,0.13,73.89026,44.81257
2016-07,Norte,ACES Vale do Sousa Norte,"41.2793583, -8.2787457",161054,158057,98.14,2974,1.85,23,0.01,75.8895,50.9766
2025-01,Lisboa e Vale do Tejo,CSP da ULS Arco Ribeirinho,"38.6527214050293, -9.05825614929199",235908,147371,62.47,88369,37.46,168,0.07,59.26336,41.04499
2016-08,Centro,ACES Beira Interior Sul,"39.8211367, -7.5036651",74034,69201,93.47,4315,5.83,518,0.7,67.4878,19.076
2025-01,Lisboa e Vale do Tejo,CSP da ULS Arrábida,"38.531, -8.8874",244417,162438,66.46,81261,33.25,718,0.29,62.89252,48.03547
2016-08,Centro,ACES Cova da Beira,"40.2677741, -7.4995083",86436,81117,93.85,5188,6.0,131,0.15,66.9467,28.6974
2025-01,Lisboa e Vale do Tejo,CSP da ULS Lisboa Ocidental,"38.698818794, -9.3815130504",482091,413402,85.75,67146,13.93,1543,0.32,60.17432,29.41228
2016-08,Lisboa e Vale do Tejo,ACES Almada / Seixal,"38.6678522, -9.1875777",344278,279519,81.19,63881,18.56,878,0.26,64.2026,41.7211
2025-02,Centro,CSP da ULS Castelo Branco,"39.831269, -7.486884",101122,84462,83.52,16501,16.32,159,0.16,75.18938,63.91957
2016-08,Lisboa e Vale do Tejo,ACES Estuário do Tejo,"38.9528113, -8.9911154",227141,156186,68.76,69799,30.73,1156,0.51,57.9061,39.3295
2025-02,Lisboa e Vale do Tejo,CSP da ULS Lisboa Ocidental,"38.698818794, -9.3815130504",482192,415684,86.21,64981,13.48,1527,0.32,60.27952,29.00553
2016-08,Lisboa e Vale do Tejo,ACES Loures / Odivelas,"38.8012718, -9.1137868",352161,297032,84.35,54910,15.59,219,0.06,58.0741,27.7097
2025-02,Lisboa e Vale do Tejo,CSP da ULS Médio Tejo,"39.605565, -8.404399",181622,125229,68.95,56165,30.92,228,0.13,70.62746,62.74781
2016-08,Norte,ACES Alto Tâmega e Barroso,"41.741781, -7.4731648",91877,86616,94.27,5158,5.61,103,0.11,73.6081,57.569
2025-02,Norte,CSP da ULS Alto Ave,"41.426805082, -8.2945278754",288349,277385,96.2,10939,3.79,25,0.01,79.95519,77.11602
2016-08,Norte,ACES Feira e Arouca,"40.9263169, -8.5478813",154281,152131,98.61,1958,1.27,192,0.12,73.603,63.0858
2025-02,Norte,CSP da ULS Alto Minho,"41.696866, -8.832522",251333,244699,97.36,6605,2.63,29,0.01,79.30634,76.10793
2016-08,Norte,ACES Gaia,"41.1278433, -8.580396",152641,151655,99.35,898,0.59,88,0.06,71.0389,25.5759
2025-02,Norte,CSP da ULS Póvoa Varzim / Vila Conde,"41.355472362, -8.7448970377",157668,154139,97.76,3516,2.23,13,0.01,75.53657,67.95126
2016-08,Norte,ACES Gerês / Cabreira,"41.6298661, -8.3596897",106393,104363,98.09,2023,1.9,7,0.01,75.2324,67.1956
2025-02,Norte,CSP da ULS São João,"41.169696, -8.612651",348832,333514,95.61,15314,4.39,4,0.0,74.78786,61.41794
2016-08,Norte,ACES Nordeste,"41.8069684, -6.7587977",134182,131448,97.96,1964,1.46,770,0.57,74.9489,51.9414
2025-02,Norte,CSP da ULS Tâmega e Sousa,"41.206266147, -8.2725028602",483954,481199,99.43,2748,0.57,7,0.0,79.14058,74.73684
2016-09,Alentejo,ACES Baixo Alentejo,"38.0153039, -7.8627308",125161,121867,97.37,3140,2.51,154,0.12,71.6134,59.0869
2025-02,Norte,CSP da ULS Trás-os-Montes Alto Douro,"41.2969, -7.74841",261352,253882,97.14,7387,2.83,83,0.03,78.24084,70.09371
2016-09,Alentejo,ACES São Mamede,"39.2967086, -7.4284755",117674,111793,95.0,5772,4.91,109,0.09,72.0198,57.4241
2025-03,Alentejo,CSP da ULS Alto Alentejo,"39.3004940975133, -7.42635033349663",109981,85351,77.61,24566,22.34,64,0.06,74.34284,68.77106
2016-09,Algarve,ACES Algarve Barlavento,"37.1387554, -8.5445093",163210,110417,67.65,51928,31.82,865,0.53,58.5833,44.745
2025-03,Algarve,CSP da ULS Algarve,"37.02745056, -7.937649",533608,428705,80.34,103964,19.48,939,0.18,61.63363,38.88735
2016-09,Algarve,ACES Algarve Central,"37.0274264, -7.9395984",242040,203085,83.91,38117,15.75,838,0.35,58.2867,33.0101
2025-03,Centro,CSP da ULS Castelo Branco,"39.831269, -7.486884",101219,85308,84.28,15729,15.54,182,0.18,75.18648,63.45296
2016-09,Centro,ACES Baixo Vouga,"40.6405055, -8.6537539",384870,377625,98.12,4983,1.29,2262,0.59,72.0225,36.7288
2025-03,Centro,CSP da ULS Região de Aveiro,"40.6418, -8.65166",339037,330264,97.41,8342,2.46,431,0.13,74.14589,41.63912
2016-09,Lisboa e Vale do Tejo,ACES Amadora,"38.7573081, -9.23429",170185,137480,80.78,32505,19.1,200,0.12,57.2613,33.5128
2025-03,Lisboa e Vale do Tejo,CSP da ULS Almada / Seixal,"38.6276044797217, -9.11368350111247",371973,312310,83.96,59266,15.93,397,0.11,62.64917,33.48977
2016-09,Lisboa e Vale do Tejo,ACES Lisboa Central,"38.7306317, -9.1510414",281120,229502,81.64,50632,18.01,986,0.35,53.3592,33.8725
2025-03,Lisboa e Vale do Tejo,CSP da ULS Amadora / Sintra,"38.75717, -9.23401",554621,368076,66.37,185079,33.37,1466,0.26,58.1132,40.95044
2016-09,Norte,ACES Alto Ave,"41.4417064, -8.1722408",270157,268505,99.39,1528,0.57,124,0.05,76.6899,54.0073
2025-03,Lisboa e Vale do Tejo,CSP da ULS Estuário do Tejo,"38.891077, -9.039536",240472,118633,49.33,121495,50.52,344,0.14,58.78938,48.6872
2016-09,Norte,ACES Alto Minho,"41.7056054, -8.8252713",246945,245806,99.54,562,0.23,577,0.23,76.1968,18.9873
2025-03,Lisboa e Vale do Tejo,CSP da ULS Oeste,"39.411452329, -9.1394549604",250060,136566,54.61,113257,45.29,237,0.09,61.87235,48.63429
2016-09,Norte,ACES Barcelos / Esposende,"41.5317419, -8.6178922",156713,155045,98.94,1385,0.88,283,0.18,76.0826,39.9571
2025-03,Norte,CSP da ULS Alto Ave,"41.426805082, -8.2945278754",288476,275823,95.61,12627,4.38,26,0.01,79.89573,76.47198
2016-09,Norte,ACES Gerês / Cabreira,"41.6298661, -8.3596897",106466,103353,97.08,3105,2.92,8,0.01,75.0454,64.8286
2025-03,Norte,CSP da ULS Entre Douro e Vouga,"40.926349, -8.548039",332462,325216,97.82,7227,2.17,19,0.01,79.2638,70.45266
2016-09,Norte,ACES Gondomar,"41.1738444, -8.5612238",167084,166929,99.91,103,0.06,52,0.03,74.6625,12.9129
2025-03,Norte,CSP da ULS Médio Ave,"41.346844614, -8.482973945",243108,239689,98.59,3409,1.4,10,0.0,77.43925,73.70576
2016-09,Norte,ACES Marão e Douro Norte,"41.2968711, -7.7483727",108264,105531,97.48,2262,2.09,471,0.44,77.4239,60.4698
2025-04,Alentejo,CSP da ULS Baixo Alentejo,"38.014, -7.8675",121006,100258,82.85,20517,16.96,231,0.19,72.9468,64.48332
2016-09,Norte,ACES Nordeste,"41.8069684, -6.7587977",134328,131804,98.12,1741,1.3,783,0.58,74.4394,29.7693
2025-04,Alentejo,CSP da ULS Litoral Alentejano,"38.039936, -8.731693",102686,78247,76.2,24123,23.49,316,0.31,61.87991,43.86432
2016-10,Alentejo,ACES Alentejo Litoral,"38.3841359, -8.5132031",93809,73683,78.55,20064,21.39,62,0.07,66.6474,60.0354
2025-04,Centro,CSP da ULS Castelo Branco,"39.831269, -7.486884",101361,85365,84.22,15836,15.62,160,0.16,75.09002,63.0095
2016-10,Lisboa e Vale do Tejo,ACES Amadora,"38.7573081, -9.23429",170667,137418,80.52,33046,19.36,203,0.12,57.2613,33.5128
2025-04,Centro,CSP da ULS Guarda,"40.5314, -7.27322",140090,124989,89.22,14815,10.58,286,0.2,76.06539,63.92292
2016-10,Lisboa e Vale do Tejo,ACES Lisboa Central,"38.7306317, -9.1510414",281759,230116,81.67,50665,17.98,978,0.35,53.3592,33.8725
2025-04,Lisboa e Vale do Tejo,CSP da ULS Oeste,"39.411452329, -9.1394549604",250572,134923,53.85,115414,46.06,235,0.09,61.70562,48.73453
2016-10,Lisboa e Vale do Tejo,ACES Loures / Odivelas,"38.8012718, -9.1137868",353910,303112,85.65,50779,14.35,19,0.01,57.988,29.2873
2025-04,Norte,CSP da ULS Alto Minho,"41.696866, -8.832522",252055,234662,93.1,17361,6.89,32,0.01,79.13709,77.45645
2016-10,Norte,ACES Ave / Famalicão,"41.3835805, -8.4157518",124233,119850,96.47,4342,3.5,41,0.03,73.6271,46.6864
2025-04,Norte,CSP da ULS Póvoa Varzim / Vila Conde,"41.355472362, -8.7448970377",157861,155890,98.75,1958,1.24,13,0.01,75.40938,65.90563
2016-10,Norte,ACES Gaia,"41.1278433, -8.580396",153028,151843,99.23,1108,0.72,77,0.05,70.7159,30.9032
2025-04,Norte,CSP da ULS Tâmega e Sousa,"41.206266147, -8.2725028602",484438,481719,99.44,2715,0.56,4,0.0,79.08958,74.21846
2016-10,Norte,ACES Gondomar,"41.1738444, -8.5612238",167063,166903,99.9,108,0.06,52,0.03,74.6625,12.9129
2025-05,Lisboa e Vale do Tejo,CSP da ULS Amadora / Sintra,"38.75717, -9.23401",558464,365909,65.52,191030,34.21,1525,0.27,58.00428,41.30924
2016-10,Norte,ACES Matosinhos,"41.1918541, -8.6590693",172772,168472,97.51,3989,2.31,311,0.18,74.695,54.8338
2025-05,Lisboa e Vale do Tejo,CSP da ULS Loures / Odivelas,"38.821769, -9.176301",236156,170117,72.04,65678,27.81,361,0.15,56.46098,31.35117
2016-11,Alentejo,ACES São Mamede,"39.2967086, -7.4284755",114954,108667,94.53,6190,5.38,97,0.08,72.0198,57.4241
2025-05,Norte,CSP da ULS Entre Douro e Vouga,"40.926349, -8.548039",332918,323795,97.26,9109,2.74,14,0.0,79.04589,69.59334
2016-11,Centro,ACES Baixo Mondego,"40.2150023, -8.4071805",377986,365490,96.69,10997,2.91,1499,0.4,65.6038,29.3803
2025-05,Norte,CSP da ULS Médio Ave,"41.346844614, -8.482973945",243370,241657,99.3,1703,0.7,10,0.0,77.03908,75.13135
2016-11,Centro,ACES Baixo Vouga,"40.6405055, -8.6537539",376268,368583,97.96,5639,1.5,2046,0.54,72.0225,36.7288
2025-05,Norte,CSP da ULS Nordeste,"41.806816, -6.759102",126211,112465,89.11,13408,10.62,338,0.27,78.8917,76.98967
2016-11,Centro,ACES Pinhal Interior Norte,"40.1151262, -8.2473136",128289,121187,94.46,6489,5.06,613,0.48,76.4816,39.1388
2025-05,Norte,CSP da ULS Santo António,"41.160263, -8.681729",352057,329225,93.51,22727,6.46,105,0.03,73.2887,59.41661
2016-11,Lisboa e Vale do Tejo,ACES Amadora,"38.7573081, -9.23429",171121,136097,79.53,34820,20.35,204,0.12,57.2613,33.5128
2025-06,Centro,CSP da ULS Região de Leiria,"39.7418, -8.79444",407182,295943,72.68,110940,27.25,299,0.07,69.22826,57.70728
2016-11,Lisboa e Vale do Tejo,ACES Cascais,"38.69904, -9.3818008",200185,164586,82.22,35569,17.77,30,0.01,52.6761,26.365
2025-06,Lisboa e Vale do Tejo,CSP da ULS Almada / Seixal,"38.6276044797217, -9.11368350111247",375290,312363,83.23,62521,16.66,406,0.11,62.47675,36.0799
2016-11,Lisboa e Vale do Tejo,ACES Oeste Norte,"39.410844, -9.1396215",179562,161929,90.18,17389,9.68,244,0.14,70.0752,48.1195
2025-06,Lisboa e Vale do Tejo,CSP da ULS Loures / Odivelas,"38.821769, -9.176301",236655,170075,71.87,66230,27.99,350,0.15,56.18854,31.17152
2016-11,Norte,ACES Barcelos / Esposende,"41.5317419, -8.6178922",155536,153992,99.01,1271,0.82,273,0.18,76.0826,39.9571
2025-06,Lisboa e Vale do Tejo,CSP da ULS São José,"38.7365023, -9.1313583",437499,328458,75.08,108316,24.76,725,0.17,53.98389,27.78863
2016-11,Norte,ACES Gondomar,"41.1738444, -8.5612238",164571,164422,99.91,102,0.06,47,0.03,74.6625,12.9129
2025-06,Norte,CSP da ULS Entre Douro e Vouga,"40.926349, -8.548039",333183,325728,97.76,7441,2.23,14,0.0,78.97882,68.03488
2016-11,Norte,ACES Porto Ocidental,"41.1741353, -8.6691662",163621,162040,99.03,1341,0.82,240,0.15,67.1124,21.4924
2025-06,Norte,CSP da ULS Médio Ave,"41.346844614, -8.482973945",243495,241787,99.3,1698,0.7,10,0.0,76.88289,74.94145
2016-12,Algarve,ACES Algarve Barlavento,"37.1387554, -8.5445093",156866,106554,67.93,49454,31.53,858,0.55,61.1349,50.0884
2025-06,Norte,CSP da ULS Póvoa Varzim / Vila Conde,"41.355472362, -8.7448970377",158178,154277,97.53,3889,2.46,12,0.01,75.11222,68.82851
2016-12,Algarve,ACES Algarve Sotavento,"37.383008, -7.7293275",54785,54742,99.92,7,0.01,36,0.07,69.3061,26.7968
2025-06,Norte,CSP da ULS Santo António,"41.160263, -8.681729",352517,329253,93.4,23160,6.57,104,0.03,73.11194,58.35196
2016-12,Centro,ACES Baixo Mondego,"40.2150023, -8.4071805",378609,366291,96.75,10822,2.86,1496,0.4,68.3637,38.9383
2025-07,Alentejo,CSP da ULS Alto Alentejo,"39.3004940975133, -7.42635033349663",110452,82914,75.07,27473,24.87,65,0.06,73.6003,68.1252
2016-12,Centro,ACES Dão Lafões,"40.6565861, -7.9124712",267558,264468,98.85,2736,1.02,354,0.13,70.4913,28.608
2025-07,Algarve,CSP da ULS Algarve,"37.02745056, -7.937649",543714,444870,81.82,97903,18.01,941,0.17,60.87208,34.63235
2016-12,Centro,ACES Pinhal Litoral,"39.7495331, -8.807683",259807,252497,97.19,6731,2.59,579,0.22,70.0435,40.2698
2025-07,Centro,CSP da ULS Região de Aveiro,"40.6418, -8.65166",342571,326016,95.17,16124,4.71,431,0.13,73.51118,51.86678
2016-12,Lisboa e Vale do Tejo,ACES Lisboa Norte,"38.7396924, -9.168506",252140,222500,88.24,29350,11.64,290,0.12,56.3155,27.9662
2025-07,Centro,CSP da ULS Região de Leiria,"39.7418, -8.79444",408991,331163,80.97,77528,18.96,300,0.07,69.27463,57.13496
2016-12,Lisboa e Vale do Tejo,ACES Oeste Norte,"39.410844, -9.1396215",178639,161837,90.59,16555,9.27,247,0.14,70.6414,50.137
2025-07,Centro,CSP da ULS Viseu Dão-Lafões,"40.659169, -7.915314",277512,271951,98.0,5551,2.0,10,0.0,76.44606,55.65546
2016-12,Norte,ACES Alto Ave,"41.4417064, -8.1722408",268370,266380,99.26,1879,0.7,111,0.04,77.6224,60.7453
2025-07,Lisboa e Vale do Tejo,CSP da ULS Santa Maria,"38.739567, -9.168651",354559,242970,68.53,110184,31.08,1405,0.4,55.73149,33.877
2016-12,Norte,ACES Baixo Tâmega,"41.2719719, -8.0791631",169046,157679,93.28,10860,6.42,507,0.3,74.8687,53.8992
2025-07,Norte,CSP da ULS Barcelos / Esposende,"41.533628173, -8.6240622256",161983,160411,99.03,1553,0.96,19,0.01,78.44218,54.45293
2016-12,Norte,ACES Braga,"41.5518714, -8.4126362",184815,184802,99.99,9,0.0,4,0.0,74.8474,11.7647
2025-08,Alentejo,CSP da ULS Alto Alentejo,"39.3004940975133, -7.42635033349663",110580,82936,75.0,27579,24.94,65,0.06,73.53771,68.15699
2016-12,Norte,ACES Feira e Arouca,"40.9263169, -8.5478813",152897,150814,98.64,1917,1.25,166,0.11,74.3588,64.9547
2025-08,Centro,CSP da ULS Região de Aveiro,"40.6418, -8.65166",343412,326421,95.05,16566,4.82,425,0.12,73.44705,50.52177
2016-12,Norte,ACES Marão e Douro Norte,"41.2968711, -7.7483727",106633,106063,99.47,186,0.17,384,0.36,77.9235,50.9956
2025-08,Lisboa e Vale do Tejo,CSP da ULS Amadora / Sintra,"38.75717, -9.23401",566330,385425,68.06,179451,31.69,1454,0.26,57.84313,39.95523
2017-01,Algarve,ACES Algarve Barlavento,"37.1387554, -8.5445093",157339,107445,68.29,49030,31.16,864,0.55,60.6158,51.0896
2025-08,Lisboa e Vale do Tejo,CSP da ULS São José,"38.7365023, -9.1313583",441583,341346,77.3,99529,22.54,708,0.16,53.77177,23.68487
2017-01,Algarve,ACES Algarve Central,"37.0274264, -7.9395984",233327,211085,90.47,21835,9.36,407,0.17,60.947,31.6065
2025-08,Norte,CSP da ULS Barcelos / Esposende,"41.533628173, -8.6240622256",161999,161979,99.99,1,0.0,19,0.01,78.43814,25.0
2017-01,Centro,ACES Cova da Beira,"40.2677741, -7.4995083",84916,82098,96.68,2694,3.17,124,0.15,67.6869,31.7229
2025-09,Alentejo,CSP da ULS Litoral Alentejano,"38.039936, -8.731693",105058,78998,75.19,25793,24.55,267,0.25,61.21476,41.1013
2017-01,Centro,ACES Dão Lafões,"40.6565861, -7.9124712",267631,263485,98.45,3769,1.41,377,0.14,70.2713,36.9586
2025-09,Centro,CSP da ULS Castelo Branco,"39.831269, -7.486884",101958,80814,79.26,21132,20.73,12,0.01,74.90928,63.50738
2017-01,Lisboa e Vale do Tejo,ACES Almada / Seixal,"38.6678522, -9.1875777",342453,292636,85.45,49011,14.31,806,0.24,64.2519,36.8533
2025-09,Centro,CSP da ULS Cova da Beira,"40.279552, -7.501801",85668,76462,89.25,9118,10.64,88,0.1,74.29262,69.99783
2017-01,Lisboa e Vale do Tejo,ACES Amadora,"38.7573081, -9.23429",168626,133054,78.9,35364,20.97,208,0.12,58.4667,41.8717
2025-09,Centro,CSP da ULS Viseu Dão-Lafões,"40.659169, -7.915314",278457,274421,98.55,4026,1.45,10,0.0,76.43119,48.11695
2017-01,Lisboa e Vale do Tejo,ACES Cascais,"38.69904, -9.3818008",195853,164325,83.9,31489,16.08,39,0.02,53.8037,31.1928
2025-09,Lisboa e Vale do Tejo,CSP da ULS Arrábida,"38.531, -8.8874",252229,160693,63.71,91024,36.09,512,0.2,62.61056,48.91409
2017-01,Lisboa e Vale do Tejo,ACES Estuário do Tejo,"38.9528113, -8.9911154",223131,167297,74.98,54663,24.5,1171,0.52,60.6404,46.1485
2025-09,Lisboa e Vale do Tejo,CSP da ULS Loures / Odivelas,"38.821769, -9.176301",239873,164503,68.58,75183,31.34,187,0.08,55.7074,32.81279
2017-01,Lisboa e Vale do Tejo,ACES Médio Tejo,"39.478072, -8.5404429",225417,197955,87.82,26789,11.88,673,0.3,70.4211,61.7341
2025-09,Lisboa e Vale do Tejo,CSP da ULS Santa Maria,"38.739567, -9.168651",356308,242736,68.13,112049,31.45,1523,0.43,55.54464,33.77945
2017-01,Norte,ACES Douro Sul,"41.0953745, -7.8123805",74694,70607,94.53,3696,4.95,391,0.52,73.2063,62.6957
2025-09,Lisboa e Vale do Tejo,CSP da ULS São José,"38.7365023, -9.1313583",443130,344762,77.8,97660,22.04,708,0.16,53.91488,22.20438
2017-01,Norte,ACES Gerês / Cabreira,"41.6298661, -8.3596897",105873,104200,98.42,1672,1.58,1,0.0,77.1663,69.5178
2025-09,Norte,CSP da ULS Gaia / Espinho,"41.127363348, -8.5796956622",353726,346889,98.07,6757,1.91,80,0.02,75.13867,63.37575
2017-01,Norte,ACES Maia / Valongo,"41.2333945, -8.6187474",216496,213777,98.74,2574,1.19,145,0.07,72.7677,49.1022
2025-09,Norte,CSP da ULS Santo António,"41.160263, -8.681729",354400,334530,94.39,19770,5.58,100,0.03,72.78442,53.83493
2017-01,Norte,ACES Vale do Sousa Norte,"41.2793583, -8.2787457",158915,158878,99.98,6,0.0,31,0.02,77.3131,14.7059
2025-10,Centro,CSP da ULS Baixo Mondego,"40.130297609, -8.860696177",110712,109870,99.24,766,0.69,76,0.07,76.12544,26.0095
2017-02,Algarve,ACES Algarve Sotavento,"37.383008, -7.7293275",55023,54977,99.92,10,0.02,36,0.07,67.9797,4.54545
2025-10,Centro,CSP da ULS Castelo Branco,"39.831269, -7.486884",102116,81857,80.16,20226,19.81,33,0.03,74.58479,62.44632
2017-02,Centro,ACES Guarda,"40.5353285, -7.2724426",148694,141040,94.85,6277,4.22,1377,0.93,73.1267,50.935
2025-10,Centro,CSP da ULS Cova da Beira,"40.279552, -7.501801",85857,76499,89.1,9274,10.8,84,0.1,74.25487,69.7585
2017-02,Centro,ACES Pinhal Interior Sul,"39.7510898, -7.9203657",30541,30268,99.11,118,0.39,155,0.51,81.3562,22.3443
2025-10,Lisboa e Vale do Tejo,CSP da ULS Amadora / Sintra,"38.75717, -9.23401",570336,381049,66.81,187877,32.94,1410,0.25,57.88781,40.19135
2017-02,Lisboa e Vale do Tejo,ACES Estuário do Tejo,"38.9528113, -8.9911154",223718,167439,74.84,55116,24.64,1163,0.52,60.6648,46.488
2025-10,Lisboa e Vale do Tejo,CSP da ULS Médio Tejo,"39.605565, -8.404399",183914,124450,67.67,59273,32.23,191,0.1,69.71628,61.53872
2017-02,Lisboa e Vale do Tejo,ACES Lisboa Central,"38.7306317, -9.1510414",280175,236473,84.4,42679,15.23,1023,0.37,53.3499,34.2021
2025-10,Lisboa e Vale do Tejo,CSP da ULS Oeste,"39.411452329, -9.1394549604",255902,137907,53.89,117762,46.02,233,0.09,61.42,47.99525
2017-02,Lisboa e Vale do Tejo,ACES Lisboa Norte,"38.7396924, -9.168506",253560,223371,88.09,29899,11.79,290,0.11,55.7229,28.7687
2025-10,Lisboa e Vale do Tejo,CSP da ULS Santa Maria,"38.739567, -9.168651",357200,242690,67.94,113032,31.64,1478,0.41,55.45157,33.37001
2017-02,Lisboa e Vale do Tejo,ACES Oeste Sul,"39.0917759, -9.2600341",197571,151684,76.77,45361,22.96,526,0.27,67.0741,49.8137
2025-10,Norte,CSP da ULS Alto Ave,"41.426805082, -8.2945278754",290260,280646,96.69,9586,3.3,28,0.01,79.51113,82.54629
2017-02,Norte,ACES Ave / Famalicão,"41.3835805, -8.4157518",123204,118979,96.57,4221,3.43,4,0.0,74.418,53.2071
2025-10,Norte,CSP da ULS Matosinhos,"41.1807, -8.66314",178118,173880,97.62,4169,2.34,69,0.04,72.11511,29.51864
2017-02,Norte,ACES Douro Sul,"41.0953745, -7.8123805",74685,71012,95.08,3319,4.44,354,0.47,73.2584,63.7354
2025-10,Norte,CSP da ULS Póvoa Varzim / Vila Conde,"41.355472362, -8.7448970377",159574,154585,96.87,4974,3.12,15,0.01,75.11813,62.37723
2017-02,Norte,ACES Feira e Arouca,"40.9263169, -8.5478813",153115,149896,97.9,3048,1.99,171,0.11,74.446,71.4508
2025-11,Alentejo,CSP da ULS Alentejo Central,"38.568838, -7.903064",167021,156863,93.92,10142,6.07,16,0.01,77.2795,72.83914
2017-03,Alentejo,ACES Alentejo Central,"38.8442031, -7.5826619",166064,165931,99.92,29,0.02,104,0.06,75.6841,32.5758
2025-11,Algarve,CSP da ULS Algarve,"37.02745056, -7.937649",552266,447861,81.1,103469,18.74,936,0.17,60.65827,34.99162
2017-03,Algarve,ACES Algarve Barlavento,"37.1387554, -8.5445093",158189,108964,68.88,48360,30.57,865,0.55,59.7918,49.0359
2025-11,Lisboa e Vale do Tejo,CSP da ULS Loures / Odivelas,"38.821769, -9.176301",241777,163722,67.72,77869,32.21,186,0.08,55.43621,32.54244
2017-03,Lisboa e Vale do Tejo,ACES Amadora,"38.7573081, -9.23429",169749,134196,79.06,35334,20.82,219,0.13,58.1235,40.607
2025-11,Lisboa e Vale do Tejo,CSP da ULS Médio Tejo,"39.605565, -8.404399",184255,122810,66.65,61266,33.25,179,0.1,69.66758,61.58253
2017-03,Lisboa e Vale do Tejo,ACES Arco Ribeirinho,"38.6672076, -9.0543329",217047,161106,74.23,55775,25.7,166,0.08,58.9504,43.4054
2025-11,Norte,CSP da ULS Entre Douro e Vouga,"40.926349, -8.548039",335104,331288,98.86,3802,1.13,14,0.0,79.11484,63.60063
2017-03,Lisboa e Vale do Tejo,ACES Arrábida,"38.5324373, -8.8627453",224416,167112,74.47,56642,25.24,662,0.29,63.2379,47.3248
2025-11,Norte,CSP da ULS Matosinhos,"41.1807, -8.66314",178188,173918,97.6,4205,2.36,65,0.04,72.28826,30.91335
2017-03,Lisboa e Vale do Tejo,ACES Lisboa Central,"38.7306317, -9.1510414",281115,236290,84.05,43809,15.58,1016,0.36,53.3049,34.2085
2025-12,Centro,CSP da ULS Castelo Branco,"39.831269, -7.486884",102238,81887,80.09,20312,19.87,39,0.04,74.01064,61.72178
2017-03,Lisboa e Vale do Tejo,ACES Médio Tejo,"39.478072, -8.5404429",225445,195868,86.88,28917,12.83,660,0.29,70.1486,61.4811
2025-12,Centro,CSP da ULS Guarda,"40.5314, -7.27322",140479,125886,89.61,14324,10.2,269,0.19,76.23488,65.87405
2017-03,Norte,ACES Ave / Famalicão,"41.3835805, -8.4157518",123124,118910,96.58,4211,3.42,3,0.0,74.3015,52.8127
2025-12,Centro,CSP da ULS Região de Aveiro,"40.6418, -8.65166",345592,334107,96.68,11073,3.2,412,0.12,73.34516,35.61167
2017-03,Norte,ACES Gaia,"41.1278433, -8.580396",151615,149278,98.46,2290,1.51,47,0.03,71.8992,65.5099
2025-12,Lisboa e Vale do Tejo,CSP da ULS São José,"38.7365023, -9.1313583",446799,343555,76.89,102553,22.95,691,0.15,53.52161,22.54659
2017-03,Norte,ACES Póvoa do Varzim / Vila do Conde,"41.355519, -8.746653",148264,143152,96.55,5107,3.44,5,0.0,74.6425,70.5733
2025-12,Norte,CSP da ULS Alto Ave,"41.426805082, -8.2945278754",290601,286103,98.45,4470,1.54,28,0.01,79.54412,82.65896
2017-04,Alentejo,ACES São Mamede,"39.2967086, -7.4284755",115296,110860,96.15,4314,3.74,122,0.11,74.345,58.2732
2025-12,Norte,CSP da ULS Alto Minho,"41.696866, -8.832522",256073,254257,99.29,1786,0.7,30,0.01,78.99388,44.65859
2017-04,Algarve,ACES Algarve Central,"37.0274264, -7.9395984",236049,212791,90.15,22858,9.68,400,0.17,60.2711,26.1737
2025-12,Norte,CSP da ULS Gaia / Espinho,"41.127363348, -8.5796956622",354133,340575,96.17,13453,3.8,105,0.03,74.69454,71.05768
2017-04,Algarve,ACES Algarve Sotavento,"37.383008, -7.7293275",55257,55184,99.87,43,0.08,30,0.05,67.616,4.10959
2025-12,Norte,CSP da ULS Médio Ave,"41.346844614, -8.482973945",244845,243171,99.32,1664,0.68,10,0.0,76.7314,63.91876
2017-04,Centro,ACES Pinhal Interior Norte,"40.1151262, -8.2473136",128733,125822,97.74,2199,1.71,712,0.55,77.579,41.7639
2025-12,Norte,CSP da ULS São João,"41.169696, -8.612651",354890,335376,94.5,19508,5.5,6,0.0,72.9705,45.72615
2017-04,Lisboa e Vale do Tejo,ACES Arco Ribeirinho,"38.6672076, -9.0543329",217318,159737,73.5,57391,26.41,190,0.09,58.5155,42.7046
2026-01,Alentejo,CSP da ULS Alentejo Central,"38.568838, -7.903064",167037,153169,91.7,13851,8.29,17,0.01,77.04341,74.58177
2017-04,Norte,ACES Aveiro Norte,"40.8472225, -8.4656674",116110,114342,98.48,1722,1.48,46,0.04,75.2564,71.8326
2026-01,Alentejo,CSP da ULS Baixo Alentejo,"38.009362882, -7.8559468083",121543,104313,85.82,16787,13.81,443,0.36,72.3316,61.13755
2017-04,Norte,ACES Gaia,"41.1278433, -8.580396",151759,149352,98.41,2360,1.56,47,0.03,71.6782,64.1047
2026-01,Centro,CSP da ULS Baixo Mondego,"40.130297609, -8.860696177",111315,110563,99.32,682,0.61,70,0.06,76.19279,21.80851
2017-04,Norte,ACES Maia / Valongo,"41.2333945, -8.6187474",216914,214894,99.07,1882,0.87,138,0.06,72.4076,53.7624
2026-01,Centro,CSP da ULS Cova da Beira,"40.279552, -7.501801",85994,75197,87.44,10713,12.46,84,0.1,74.15517,70.34361
2017-04,Norte,ACES Marão e Douro Norte,"41.2968711, -7.7483727",106466,106063,99.62,16,0.02,387,0.36,77.4271,4.6683
2026-01,Centro,CSP da ULS Viseu Dão-Lafões,"40.659169, -7.915314",279193,272584,97.63,6599,2.36,10,0.0,76.07247,56.34741
2017-04,Norte,ACES Matosinhos,"41.1918541, -8.6590693",172169,169874,98.67,2004,1.16,291,0.17,73.7866,61.2636
2026-01,Lisboa e Vale do Tejo,CSP da ULS Arrábida,"38.531, -8.8874",254940,154607,60.64,99855,39.17,478,0.19,62.79242,49.12442
2017-04,Norte,ACES Póvoa do Varzim / Vila do Conde,"41.355519, -8.746653",148316,143191,96.54,5120,3.45,5,0.0,74.3942,69.6195
2026-01,Lisboa e Vale do Tejo,CSP da ULS Médio Tejo,"39.605565, -8.404399",184559,124288,67.34,60092,32.56,179,0.1,69.21526,60.26679
2017-05,Centro,ACES Baixo Mondego,"40.2150023, -8.4071805",380855,371160,97.45,8169,2.14,1526,0.4,68.2963,30.3734
2026-01,Norte,CSP da ULS Póvoa Varzim / Vila Conde,"41.355472362, -8.7448970377",159751,156302,97.84,3434,2.15,15,0.01,75.43803,63.69366
2017-05,Lisboa e Vale do Tejo,ACES Almada / Seixal,"38.6678522, -9.1875777",344727,292780,84.93,51167,14.84,780,0.23,62.9483,35.6941
2017-05,Lisboa e Vale do Tejo,ACES Cascais,"38.69904, -9.3818008",198733,164480,82.76,34204,17.21,49,0.02,53.1105,31.0104
2017-05,Lisboa e Vale do Tejo,ACES Lisboa Central,"38.7306317, -9.1510414",282425,234907,83.18,46490,16.46,1028,0.36,52.8925,35.0287
2017-05,Lisboa e Vale do Tejo,ACES Lisboa Norte,"38.7396924, -9.168506",255635,226036,88.42,29314,11.47,285,0.11,54.8593,27.5104
2017-05,Norte,ACES Gaia,"41.1278433, -8.580396",151972,149459,98.35,2468,1.62,45,0.03,71.4784,63.4952
2017-05,Norte,ACES Gerês / Cabreira,"41.6298661, -8.3596897",106038,104348,98.41,1682,1.59,8,0.01,76.2828,72.6394
2017-05,Norte,ACES Porto Oriental,"41.1694498, -8.6126428",116942,113866,97.37,3036,2.6,40,0.03,70.2584,59.0776
2017-06,Alentejo,ACES Alentejo Litoral,"38.3841359, -8.5132031",92426,82652,89.43,9706,10.5,68,0.07,64.7164,51.0054
2017-06,Alentejo,ACES Baixo Alentejo,"38.0153039, -7.8627308",123555,122966,99.52,65,0.05,524,0.42,72.6182,8.17717
2017-06,Centro,ACES Baixo Vouga,"40.6405055, -8.6537539",379104,373588,98.54,3377,0.89,2139,0.56,73.1722,30.5294
2017-06,Centro,ACES Pinhal Interior Sul,"39.7510898, -7.9203657",30566,30345,99.28,12,0.04,209,0.68,80.4149,25.9091
2017-06,Centro,ACES Pinhal Litoral,"39.7495331, -8.807683",262489,253301,96.5,8404,3.2,784,0.3,69.5509,49.0966
2017-06,Lisboa e Vale do Tejo,ACES Almada / Seixal,"38.6678522, -9.1875777",345222,292063,84.6,52385,15.17,774,0.22,62.8107,34.4908
2017-06,Lisboa e Vale do Tejo,ACES Arco Ribeirinho,"38.6672076, -9.0543329",218003,158148,72.54,59658,27.37,197,0.09,58.0643,42.4615
2017-06,Norte,ACES Douro Sul,"41.0953745, -7.8123805",74722,70922,94.91,3370,4.51,430,0.58,73.0665,62.6579
2017-06,Norte,ACES Espinho / Gaia,"41.0022421, -8.642018",182228,178811,98.12,3355,1.84,62,0.03,74.7344,64.2669
2017-06,Norte,ACES Nordeste,"41.8069684, -6.7587977",131215,130417,99.39,55,0.04,743,0.57,75.0101,25.8145
2017-07,Centro,ACES Baixo Mondego,"40.2150023, -8.4071805",381558,371880,97.46,8141,2.13,1537,0.4,69.2323,30.7803
2017-07,Lisboa e Vale do Tejo,ACES Lisboa Central,"38.7306317, -9.1510414",283838,232971,82.08,49836,17.56,1031,0.36,52.6684,35.0476
2017-07,Lisboa e Vale do Tejo,ACES Sintra,"38.7519209, -9.2753636",358871,264875,73.81,93233,25.98,763,0.21,56.0758,40.0721
2017-07,Norte,ACES Alto Minho,"41.7056054, -8.8252713",243881,241715,99.11,1849,0.76,317,0.13,76.9429,63.876
2017-07,Norte,ACES Aveiro Norte,"40.8472225, -8.4656674",116257,114510,98.5,1690,1.45,57,0.05,74.7359,72.2063
2017-07,Norte,ACES Baixo Tâmega,"41.2719719, -8.0791631",168956,158844,94.02,9586,5.67,526,0.31,74.872,58.9701
2017-07,Norte,ACES Vale do Sousa Sul,"41.1548155, -8.2163769",174622,169366,96.99,5223,2.99,33,0.02,76.2417,75.3758
2017-08,Alentejo,ACES São Mamede,"39.2967086, -7.4284755",115379,111047,96.25,4198,3.64,134,0.12,73.3685,58.0332
2017-08,Algarve,ACES Algarve Central,"37.0274264, -7.9395984",238720,212620,89.07,25699,10.77,401,0.17,59.4861,24.0602
2017-08,Centro,ACES Beira Interior Sul,"39.8211367, -7.5036651",72793,67286,92.43,4954,6.81,553,0.76,69.4038,48.1576
2017-08,Centro,ACES Pinhal Litoral,"39.7495331, -8.807683",263605,254180,96.42,8632,3.27,793,0.3,69.4669,48.4938
2017-08,Lisboa e Vale do Tejo,ACES Lisboa Norte,"38.7396924, -9.168506",257918,226721,87.9,30910,11.98,287,0.11,54.1562,26.9971
2017-08,Norte,ACES Alto Minho,"41.7056054, -8.8252713",244099,241862,99.08,1923,0.79,314,0.13,76.869,63.5063
2017-08,Norte,ACES Alto Tâmega e Barroso,"41.741781, -7.4731648",90364,85242,94.33,4954,5.48,168,0.19,74.7538,56.5827
2017-08,Norte,ACES Aveiro Norte,"40.8472225, -8.4656674",116320,114590,98.51,1671,1.44,59,0.05,74.6454,71.3295
2017-08,Norte,ACES Baixo Tâmega,"41.2719719, -8.0791631",169033,158818,93.96,9693,5.73,522,0.31,74.9201,59.0446
2017-08,Norte,ACES Gerês / Cabreira,"41.6298661, -8.3596897",106277,103704,97.58,2566,2.41,7,0.01,76.0569,72.1001
2017-08,Norte,ACES Vale do Sousa Norte,"41.2793583, -8.2787457",159560,149893,93.94,9661,6.05,6,0.0,76.7113,71.4906
2017-09,Alentejo,ACES Baixo Alentejo,"38.0153039, -7.8627308",123742,121823,98.45,1413,1.14,506,0.41,72.4357,48.4106
2017-09,Alentejo,ACES São Mamede,"39.2967086, -7.4284755",115428,109641,94.99,5652,4.9,135,0.12,73.0237,59.9447
2017-09,Algarve,ACES Algarve Barlavento,"37.1387554, -8.5445093",160876,96306,59.86,63695,39.59,875,0.54,58.3157,50.244
2017-09,Centro,ACES Baixo Vouga,"40.6405055, -8.6537539",380613,374458,98.38,3959,1.04,2196,0.58,72.8967,30.338
2017-09,Centro,ACES Beira Interior Sul,"39.8211367, -7.5036651",72874,67324,92.38,4982,6.84,568,0.78,69.1003,48.2883
2017-09,Centro,ACES Pinhal Litoral,"39.7495331, -8.807683",264110,254544,96.38,8779,3.32,787,0.3,69.2735,47.9839
2017-09,Lisboa e Vale do Tejo,ACES Lisboa Central,"38.7306317, -9.1510414",285224,234239,82.12,49957,17.52,1028,0.36,52.2979,34.1754
2017-09,Lisboa e Vale do Tejo,ACES Oeste Norte,"39.410844, -9.1396215",179752,158426,88.14,21008,11.69,318,0.18,69.0121,50.3727
2017-09,Norte,ACES Alto Ave,"41.4417064, -8.1722408",269562,266179,98.75,3282,1.22,101,0.04,76.4977,66.6568
2017-09,Norte,ACES Gaia,"41.1278433, -8.580396",152664,149478,97.91,3136,2.05,50,0.03,71.0057,58.4118
2017-09,Norte,ACES Maia / Valongo,"41.2333945, -8.6187474",217806,214204,98.35,3476,1.6,126,0.06,72.141,56.1355
2017-09,Norte,ACES Porto Oriental,"41.1694498, -8.6126428",117267,111920,95.44,5313,4.53,34,0.03,69.9347,61.8291
2017-09,Norte,ACES Vale do Sousa Norte,"41.2793583, -8.2787457",159714,150072,93.96,9636,6.03,6,0.0,76.4237,70.5663
2017-09,Norte,ACES Vale do Sousa Sul,"41.1548155, -8.2163769",173925,167632,96.38,6260,3.6,33,0.02,76.1656,72.8746
2017-10,Centro,ACES Baixo Vouga,"40.6405055, -8.6537539",381143,374786,98.33,4144,1.09,2213,0.58,72.8108,30.376
2017-10,Centro,ACES Dão Lafões,"40.6565861, -7.9124712",268995,258591,96.13,9995,3.72,409,0.15,71.0917,53.821
2017-10,Lisboa e Vale do Tejo,ACES Lisboa Ocidental e Oeiras,"38.6914388, -9.3184304",245563,226788,92.35,18110,7.37,665,0.27,55.9682,30.9254
2017-10,Norte,ACES Alto Ave,"41.4417064, -8.1722408",269809,266418,98.74,3288,1.22,103,0.04,76.4277,65.8702
2017-10,Norte,ACES Gaia,"41.1278433, -8.580396",152900,149556,97.81,3293,2.15,51,0.03,70.9894,57.7924
2017-10,Norte,ACES Matosinhos,"41.1918541, -8.6590693",173293,167073,96.41,5911,3.41,309,0.18,73.2836,61.4322
2017-10,Norte,ACES Póvoa do Varzim / Vila do Conde,"41.355519, -8.746653",148991,143800,96.52,5185,3.48,6,0.0,73.0217,69.6608
2017-11,Alentejo,ACES Alentejo Central,"38.8442031, -7.5826619",166489,164602,98.87,1766,1.06,121,0.07,74.967,49.8145
2017-11,Lisboa e Vale do Tejo,ACES Arco Ribeirinho,"38.6672076, -9.0543329",220148,166931,75.83,53032,24.09,185,0.08,57.6603,39.7574
2017-11,Lisboa e Vale do Tejo,ACES Lisboa Central,"38.7306317, -9.1510414",286521,242928,84.79,42567,14.86,1026,0.36,52.0598,30.6143
2017-11,Lisboa e Vale do Tejo,ACES Lisboa Norte,"38.7396924, -9.168506",260104,226207,86.97,33579,12.91,318,0.12,53.3978,28.6473
2017-11,Lisboa e Vale do Tejo,ACES Médio Tejo,"39.478072, -8.5404429",225835,204826,90.7,20566,9.11,443,0.2,69.1256,60.2624
2017-11,Norte,ACES Alto Ave,"41.4417064, -8.1722408",269876,266510,98.75,3267,1.21,99,0.04,76.3212,65.4486
2017-11,Norte,ACES Braga,"41.5518714, -8.4126362",187535,181790,96.94,5742,3.06,3,0.0,73.3147,54.7574
2017-11,Norte,ACES Espinho / Gaia,"41.0022421, -8.642018",182987,177149,96.81,5759,3.15,79,0.04,74.191,63.8404
2017-11,Norte,ACES Gaia,"41.1278433, -8.580396",153102,151219,98.77,1833,1.2,50,0.03,70.766,41.1577
2017-12,Alentejo,ACES Baixo Alentejo,"38.0153039, -7.8627308",123705,121871,98.52,1340,1.08,494,0.4,72.3612,48.3097
2017-12,Alentejo,ACES São Mamede,"39.2967086, -7.4284755",115492,111393,96.45,3965,3.43,134,0.12,72.617,68.5533
2017-12,Algarve,ACES Algarve Sotavento,"37.383008, -7.7293275",56098,54180,96.58,1878,3.35,40,0.07,65.9947,66.8577
2017-12,Centro,ACES Baixo Mondego,"40.2150023, -8.4071805",383320,372248,97.11,9536,2.49,1536,0.4,70.6112,36.7215
2017-12,Centro,ACES Guarda,"40.5353285, -7.2724426",149114,145363,97.48,2212,1.48,1539,1.03,71.9742,39.7439
2017-12,Lisboa e Vale do Tejo,ACES Arrábida,"38.5324373, -8.8627453",224381,167848,74.8,55820,24.88,713,0.32,62.7298,47.8199
2017-12,Lisboa e Vale do Tejo,ACES Oeste Norte,"39.410844, -9.1396215",178848,163092,91.19,15448,8.64,308,0.17,68.8013,49.7743
2017-12,Lisboa e Vale do Tejo,ACES Sintra,"38.7519209, -9.2753636",353456,275370,77.91,77297,21.87,789,0.22,56.8267,44.3241
2017-12,Norte,ACES Baixo Tâmega,"41.2719719, -8.0791631",168657,164817,97.72,3292,1.95,548,0.32,74.6786,41.849
2017-12,Norte,ACES Barcelos / Esposende,"41.5317419, -8.6178922",156565,151080,96.5,5231,3.34,254,0.16,75.1961,68.4412
2017-12,Norte,ACES Nordeste,"41.8069684, -6.7587977",131647,128868,97.89,1975,1.5,804,0.61,74.786,55.2357
2017-12,Norte,ACES Porto Oriental,"41.1694498, -8.6126428",117328,114989,98.01,2301,1.96,38,0.03,69.335,62.3771
2017-12,Norte,ACES Santo Tirso / Trofa,"41.3469246, -8.4822648",115902,115823,99.93,64,0.06,15,0.01,74.0965,16.7331
2017-12,Norte,ACES Vale do Sousa Sul,"41.1548155, -8.2163769",174361,168435,96.6,5894,3.38,32,0.02,75.6454,74.6709
2018-01,Lisboa e Vale do Tejo,ACES Loures / Odivelas,"38.8012718, -9.1137868",355800,317499,89.24,38242,10.75,59,0.02,59.8109,39.2606
2018-01,Lisboa e Vale do Tejo,ACES Oeste Norte,"39.410844, -9.1396215",178896,161841,90.47,16751,9.36,304,0.17,68.9516,49.7913
2018-01,Norte,ACES Alto Ave,"41.4417064, -8.1722408",269627,266383,98.8,3152,1.17,92,0.03,76.1395,66.5535
2018-02,Alentejo,ACES Alentejo Central,"38.8442031, -7.5826619",166300,166148,99.91,19,0.01,133,0.08,75.054,38.3562
2018-02,Alentejo,ACES Baixo Alentejo,"38.0153039, -7.8627308",123633,121760,98.49,1399,1.13,474,0.38,72.5537,47.5094
2018-02,Centro,ACES Beira Interior Sul,"39.8211367, -7.5036651",72901,70584,96.82,1588,2.18,729,1.0,68.7533,55.7137
2018-02,Centro,ACES Cova da Beira,"40.2677741, -7.4995083",85607,83243,97.24,1398,1.63,966,1.13,68.0921,39.408
2018-02,Lisboa e Vale do Tejo,ACES Cascais,"38.69904, -9.3818008",198873,175496,88.25,22545,11.34,832,0.42,55.1409,32.7886
2018-02,Lisboa e Vale do Tejo,ACES Lisboa Central,"38.7306317, -9.1510414",283227,238358,84.16,43842,15.48,1027,0.36,52.8163,34.7975
2018-02,Norte,ACES Espinho / Gaia,"41.0022421, -8.642018",183040,179436,98.03,3510,1.92,94,0.05,73.898,55.2938
2018-02,Norte,ACES Nordeste,"41.8069684, -6.7587977",131547,128889,97.98,1867,1.42,791,0.6,75.0481,55.0414
2018-02,Norte,ACES Porto Oriental,"41.1694498, -8.6126428",117376,113264,96.5,4078,3.47,34,0.03,69.2291,65.4996
2018-02,Norte,ACES Vale do Sousa Norte,"41.2793583, -8.2787457",159857,155163,97.06,4684,2.93,10,0.01,75.8525,68.3863
2018-03,Algarve,ACES Algarve Barlavento,"37.1387554, -8.5445093",162242,110830,68.31,50596,31.19,816,0.5,58.1118,50.4484
2018-03,Algarve,ACES Algarve Central,"37.0274264, -7.9395984",243101,225293,92.67,17447,7.18,361,0.15,58.4263,28.504
2018-03,Lisboa e Vale do Tejo,ACES Estuário do Tejo,"38.9528113, -8.9911154",226355,178144,78.7,47316,20.9,895,0.4,58.1836,47.7401
2018-03,Lisboa e Vale do Tejo,ACES Médio Tejo,"39.478072, -8.5404429",224884,202076,89.86,22365,9.95,443,0.2,69.1519,62.0008
2018-03,Norte,ACES Alto Minho,"41.7056054, -8.8252713",244660,244029,99.74,333,0.14,298,0.12,76.1672,37.401
2018-03,Norte,ACES Gondomar,"41.1738444, -8.5612238",166708,166634,99.96,14,0.01,60,0.04,73.6934,22.973
2018-03,Norte,ACES Matosinhos,"41.1918541, -8.6590693",173502,170165,98.08,3055,1.76,282,0.16,72.6341,52.2325
2018-03,Norte,ACES Nordeste,"41.8069684, -6.7587977",131581,128931,97.99,1852,1.41,798,0.61,75.0399,55.1321
2018-03,Norte,ACES Vale do Sousa Sul,"41.1548155, -8.2163769",174399,174363,99.98,2,0.0,34,0.02,75.3686,30.5556
2018-04,Alentejo,ACES Baixo Alentejo,"38.0153039, -7.8627308",123558,123080,99.61,25,0.02,453,0.37,72.4055,6.05428
2018-04,Algarve,ACES Algarve Central,"37.0274264, -7.9395984",243864,227006,93.09,16490,6.76,368,0.15,58.5416,28.8181
2018-04,Algarve,ACES Algarve Sotavento,"37.383008, -7.7293275",56646,55363,97.74,1233,2.18,50,0.09,65.7482,51.8721
2018-04,Centro,ACES Cova da Beira,"40.2677741, -7.4995083",85655,83227,97.17,1471,1.72,957,1.12,68.1734,38.7562
2018-04,Centro,ACES Dão Lafões,"40.6565861, -7.9124712",268596,257121,95.73,11065,4.12,410,0.15,71.2131,58.3268
2018-04,Centro,ACES Pinhal Interior Sul,"39.7510898, -7.9203657",30521,30307,99.3,29,0.1,185,0.61,79.981,21.9626
2018-04,Lisboa e Vale do Tejo,ACES Almada / Seixal,"38.6678522, -9.1875777",344231,296534,86.14,46941,13.64,756,0.22,62.2639,34.9315
2018-04,Lisboa e Vale do Tejo,ACES Médio Tejo,"39.478072, -8.5404429",225046,201711,89.63,22890,10.17,445,0.2,69.1809,59.9506
2018-04,Norte,ACES Alto Tâmega e Barroso,"41.741781, -7.4731648",90399,88117,97.48,2104,2.33,178,0.2,74.2237,54.6502
2018-04,Norte,ACES Baixo Tâmega,"41.2719719, -8.0791631",168339,165857,98.53,2018,1.2,464,0.28,74.9379,41.3473
2018-04,Norte,ACES Porto Oriental,"41.1694498, -8.6126428",117420,115389,98.27,1998,1.7,33,0.03,69.0885,64.0887
2018-04,Norte,ACES Póvoa do Varzim / Vila do Conde,"41.355519, -8.746653",149655,145682,97.35,3966,2.65,7,0.0,71.4561,64.1832
2018-05,Alentejo,ACES São Mamede,"39.2967086, -7.4284755",115244,106667,92.56,7107,6.17,1470,1.28,73.111,71.1088
2018-05,Algarve,ACES Algarve Sotavento,"37.383008, -7.7293275",56769,55377,97.55,1338,2.36,54,0.1,65.7414,51.0057
2018-05,Centro,ACES Pinhal Interior Sul,"39.7510898, -7.9203657",30502,30290,99.3,30,0.1,182,0.6,79.9882,20.7547
2018-05,Lisboa e Vale do Tejo,ACES Arrábida,"38.5324373, -8.8627453",226666,167453,73.88,58495,25.81,718,0.32,62.393,48.2665
2018-05,Lisboa e Vale do Tejo,ACES Cascais,"38.69904, -9.3818008",200743,175254,87.3,24419,12.16,1070,0.53,54.8098,30.5151
2018-05,Lisboa e Vale do Tejo,ACES Lisboa Ocidental e Oeiras,"38.6914388, -9.3184304",247485,234741,94.85,12181,4.92,563,0.23,55.6151,38.9565
2018-05,Norte,ACES Barcelos / Esposende,"41.5317419, -8.6178922",156982,154508,98.42,2405,1.53,69,0.04,74.9826,65.7905
2018-05,Norte,ACES Porto Ocidental,"41.1741353, -8.6691662",168869,162890,96.46,5726,3.39,253,0.15,65.7415,52.5585
2018-05,Norte,ACES Vale do Sousa Sul,"41.1548155, -8.2163769",173912,172481,99.18,1399,0.8,32,0.02,75.4393,76.45
2018-06,Alentejo,ACES Baixo Alentejo,"38.0153039, -7.8627308",123622,122059,98.74,1120,0.91,443,0.36,72.1847,50.9917
2018-06,Centro,ACES Beira Interior Sul,"39.8211367, -7.5036651",73071,70754,96.83,1477,2.02,840,1.15,68.5789,54.2943
2018-06,Centro,ACES Pinhal Interior Sul,"39.7510898, -7.9203657",30499,30285,99.3,30,0.1,184,0.6,79.9108,21.4953
2018-06,Lisboa e Vale do Tejo,ACES Loures / Odivelas,"38.8012718, -9.1137868",358841,313630,87.4,45157,12.58,54,0.02,59.4379,36.7535
2018-06,Norte,ACES Alto Ave,"41.4417064, -8.1722408",270221,268151,99.23,1990,0.74,80,0.03,75.9935,72.5604
2018-06,Norte,ACES Aveiro Norte,"40.8472225, -8.4656674",116978,116851,99.89,67,0.06,60,0.05,73.1014,35.4331
2018-06,Norte,ACES Baixo Tâmega,"41.2719719, -8.0791631",168468,166061,98.57,2006,1.19,401,0.24,75.0341,41.2547
2018-06,Norte,ACES Feira e Arouca,"40.9263169, -8.5478813",152582,151621,99.37,810,0.53,151,0.1,74.1908,62.9938
2018-06,Norte,ACES Marão e Douro Norte,"41.2968711, -7.7483727",106138,104188,98.16,1608,1.52,342,0.32,75.802,62.3144
2018-06,Norte,ACES Vale do Sousa Sul,"41.1548155, -8.2163769",173951,171145,98.39,2773,1.59,33,0.02,75.5161,76.7997
2018-07,Algarve,ACES Algarve Barlavento,"37.1387554, -8.5445093",164519,112653,68.47,51048,31.03,818,0.5,58.091,47.7909
2018-07,Algarve,ACES Algarve Sotavento,"37.383008, -7.7293275",57059,55476,97.23,1530,2.68,53,0.09,65.7344,50.6001
2018-07,Centro,ACES Baixo Vouga,"40.6405055, -8.6537539",384514,371067,96.5,11111,2.89,2336,0.61,71.9827,46.1098
2018-07,Lisboa e Vale do Tejo,ACES Estuário do Tejo,"38.9528113, -8.9911154",228830,175646,76.76,52257,22.84,927,0.41,57.4282,45.5837
2018-07,Lisboa e Vale do Tejo,ACES Lisboa Ocidental e Oeiras,"38.6914388, -9.3184304",248673,232928,93.67,15188,6.11,557,0.22,55.5857,38.8148
2018-07,Lisboa e Vale do Tejo,ACES Oeste Norte,"39.410844, -9.1396215",179703,165397,92.04,14005,7.79,301,0.17,68.7556,44.4483
2018-07,Lisboa e Vale do Tejo,ACES Oeste Sul,"39.0917759, -9.2600341",202378,167187,82.61,34587,17.09,604,0.3,65.3298,46.1169
2018-07,Norte,ACES Alto Minho,"41.7056054, -8.8252713",244936,244341,99.76,294,0.12,301,0.12,76.173,33.3895
2018-07,Norte,ACES Barcelos / Esposende,"41.5317419, -8.6178922",157163,148615,94.56,8477,5.39,71,0.05,75.2572,70.496
2018-07,Norte,ACES Espinho / Gaia,"41.0022421, -8.642018",183452,178316,97.2,5028,2.74,108,0.06,73.5004,58.9289
2018-07,Norte,ACES Feira e Arouca,"40.9263169, -8.5478813",152636,151644,99.35,846,0.55,146,0.1,74.2538,64.5519
2018-07,Norte,ACES Gerês / Cabreira,"41.6298661, -8.3596897",106439,104657,98.33,1778,1.67,4,0.0,73.9177,62.8367
2018-07,Norte,ACES Matosinhos,"41.1918541, -8.6590693",173954,171925,98.83,1743,1.0,286,0.16,72.6722,43.6884
2018-07,Norte,ACES Póvoa do Varzim / Vila do Conde,"41.355519, -8.746653",150156,144766,96.41,5378,3.58,12,0.01,71.3352,70.1002
2018-07,Norte,ACES Vale do Sousa Norte,"41.2793583, -8.2787457",160177,158637,99.04,1531,0.96,9,0.01,76.1772,67.3602
2018-08,Alentejo,ACES Alentejo Litoral,"38.3841359, -8.5132031",94737,85313,90.05,9235,9.75,189,0.2,63.3828,50.7917
2018-08,Centro,ACES Baixo Mondego,"40.2150023, -8.4071805",385719,372257,96.51,11216,2.91,2246,0.58,71.4474,39.3367
2018-08,Centro,ACES Cova da Beira,"40.2677741, -7.4995083",85908,83232,96.89,1732,2.02,944,1.1,67.7142,38.2661
2018-08,Lisboa e Vale do Tejo,ACES Amadora,"38.7573081, -9.23429",173097,121523,70.21,51339,29.66,235,0.14,55.7892,40.0012
2018-08,Lisboa e Vale do Tejo,ACES Arco Ribeirinho,"38.6672076, -9.0543329",219291,166089,75.74,53034,24.18,168,0.08,58.3768,44.132
2018-08,Lisboa e Vale do Tejo,ACES Oeste Norte,"39.410844, -9.1396215",179877,159035,88.41,20538,11.42,304,0.17,68.8295,51.3792
2018-08,Norte,ACES Alto Minho,"41.7056054, -8.8252713",245151,244501,99.73,337,0.14,313,0.13,76.1992,31.2789
2018-08,Norte,ACES Alto Tâmega e Barroso,"41.741781, -7.4731648",90539,88049,97.25,2302,2.54,188,0.21,73.9344,50.9619
2018-08,Norte,ACES Aveiro Norte,"40.8472225, -8.4656674",117270,116867,99.66,343,0.29,60,0.05,73.3134,40.1496
2018-08,Norte,ACES Baixo Tâmega,"41.2719719, -8.0791631",168288,164077,97.5,3825,2.27,386,0.23,75.3809,55.2519
2018-08,Norte,ACES Gondomar,"41.1738444, -8.5612238",167293,167185,99.94,42,0.03,66,0.04,74.0078,22.2222
2018-08,Norte,ACES Maia / Valongo,"41.2333945, -8.6187474",218913,216682,98.98,2137,0.98,94,0.04,71.5073,55.4157
2018-09,Alentejo,ACES Alentejo Central,"38.8442031, -7.5826619",166833,166636,99.88,26,0.02,171,0.1,74.8472,65.2174
2018-09,Alentejo,ACES Baixo Alentejo,"38.0153039, -7.8627308",123783,119736,96.73,3621,2.93,426,0.34,72.0811,63.7509
2018-09,Algarve,ACES Algarve Barlavento,"37.1387554, -8.5445093",164242,113991,69.4,49452,30.11,799,0.49,58.413,49.9603
2018-09,Algarve,ACES Algarve Sotavento,"37.383008, -7.7293275",57268,55552,97.0,1662,2.9,54,0.09,65.6744,50.8455
2018-09,Centro,ACES Pinhal Interior Sul,"39.7510898, -7.9203657",30547,30330,99.29,40,0.13,177,0.58,79.6183,21.1982
2018-09,Lisboa e Vale do Tejo,ACES Lisboa Norte,"38.7396924, -9.168506",257286,225101,87.49,31845,12.38,340,0.13,54.5405,33.5622
2018-09,Norte,ACES Alto Ave,"41.4417064, -8.1722408",270403,270098,99.89,220,0.08,85,0.03,76.2382,20.0
2018-09,Norte,ACES Baixo Tâmega,"41.2719719, -8.0791631",168315,166730,99.06,1207,0.72,378,0.22,75.3446,48.548
2018-09,Norte,ACES Espinho / Gaia,"41.0022421, -8.642018",183675,181180,98.64,2392,1.3,103,0.06,73.4283,55.8717
2018-09,Norte,ACES Matosinhos,"41.1918541, -8.6590693",173951,171416,98.54,2296,1.32,239,0.14,72.6539,46.3905
2018-09,Norte,ACES Santo Tirso / Trofa,"41.3469246, -8.4822648",115800,115585,99.81,195,0.17,20,0.02,74.0665,25.1295
2018-10,Alentejo,ACES São Mamede,"39.2967086, -7.4284755",115286,107537,93.28,7619,6.61,130,0.11,72.858,69.334
2018-10,Centro,ACES Beira Interior Sul,"39.8211367, -7.5036651",73281,70741,96.53,1682,2.3,858,1.17,69.1409,52.7767
2018-10,Centro,ACES Cova da Beira,"40.2677741, -7.4995083",86012,84190,97.88,889,1.03,933,1.08,67.8796,29.4731
2018-10,Centro,ACES Guarda,"40.5353285, -7.2724426",148905,144157,96.81,3157,2.12,1591,1.07,71.9625,32.0181
2018-10,Centro,ACES Pinhal Interior Sul,"39.7510898, -7.9203657",30625,30422,99.34,31,0.1,172,0.56,79.249,20.6897
2018-10,Lisboa e Vale do Tejo,ACES Almada / Seixal,"38.6678522, -9.1875777",344903,306710,88.93,37320,10.82,873,0.25,62.7369,28.1499
2018-10,Lisboa e Vale do Tejo,ACES Arrábida,"38.5324373, -8.8627453",228472,169829,74.33,57911,25.35,732,0.32,62.0092,47.8669
2018-10,Lisboa e Vale do Tejo,ACES Lisboa Ocidental e Oeiras,"38.6914388, -9.3184304",248934,233743,93.9,14650,5.89,541,0.22,55.6637,34.0993
2018-10,Lisboa e Vale do Tejo,ACES Sintra,"38.7519209, -9.2753636",359161,284074,79.09,74263,20.68,824,0.23,57.1595,41.7146
2018-10,Norte,ACES Alto Ave,"41.4417064, -8.1722408",270594,270289,99.89,218,0.08,87,0.03,76.3382,20.3279
2018-10,Norte,ACES Alto Tâmega e Barroso,"41.741781, -7.4731648",90687,89827,99.05,676,0.75,184,0.2,73.7857,22.1187
2018-10,Norte,ACES Baixo Tâmega,"41.2719719, -8.0791631",168338,166816,99.1,1155,0.69,367,0.22,75.3321,49.4087
2018-10,Norte,ACES Feira e Arouca,"40.9263169, -8.5478813",152987,151883,99.28,953,0.62,151,0.1,74.3779,66.787
2018-10,Norte,ACES Gerês / Cabreira,"41.6298661, -8.3596897",106583,106520,99.94,60,0.06,3,0.0,73.6171,33.3333
2018-11,Alentejo,ACES Baixo Alentejo,"38.0153039, -7.8627308",124037,119308,96.19,4297,3.46,432,0.35,71.8488,61.4718
2018-11,Centro,ACES Beira Interior Sul,"39.8211367, -7.5036651",73325,70686,96.4,1756,2.39,883,1.2,69.2485,52.1953
2018-11,Lisboa e Vale do Tejo,ACES Amadora,"38.7573081, -9.23429",172349,124993,72.52,47106,27.33,250,0.15,56.3258,41.1832
2018-11,Norte,ACES Gondomar,"41.1738444, -8.5612238",167605,167479,99.92,60,0.04,66,0.04,74.2855,25.6
2018-11,Norte,ACES Maia / Valongo,"41.2333945, -8.6187474",219339,216743,98.82,2501,1.14,95,0.04,71.417,51.6949
2018-12,Alentejo,ACES Alentejo Central,"38.8442031, -7.5826619",166926,165270,99.01,1470,0.88,186,0.11,74.9931,72.9789
2018-12,Centro,ACES Cova da Beira,"40.2677741, -7.4995083",86123,84061,97.61,1135,1.32,927,1.08,67.8668,35.143
2018-12,Lisboa e Vale do Tejo,ACES Lisboa Central,"38.7306317, -9.1510414",286675,248745,86.77,36856,12.86,1074,0.37,52.6478,24.3554
2018-12,Lisboa e Vale do Tejo,ACES Médio Tejo,"39.478072, -8.5404429",225658,210337,93.21,14778,6.55,543,0.24,69.7581,57.7515
2018-12,Norte,ACES Alto Tâmega e Barroso,"41.741781, -7.4731648",90541,89603,98.96,753,0.83,185,0.2,73.7998,25.7173
2018-12,Norte,ACES Ave / Famalicão,"41.3835805, -8.4157518",123740,123012,99.41,717,0.58,11,0.01,72.2407,45.467
2018-12,Norte,ACES Douro Sul,"41.0953745, -7.8123805",73062,72860,99.72,81,0.11,121,0.17,73.6313,18.3168
2018-12,Norte,ACES Matosinhos,"41.1918541, -8.6590693",173964,171411,98.53,2314,1.33,239,0.14,72.7253,57.1093
2018-12,Norte,ACES Santo Tirso / Trofa,"41.3469246, -8.4822648",115699,115432,99.77,246,0.21,21,0.02,74.1925,27.3349
2019-01,Alentejo,ACES Alentejo Central,"38.8442031, -7.5826619",166981,165294,98.99,1498,0.9,189,0.11,74.8873,72.7862
2019-01,Algarve,ACES Algarve Barlavento,"37.1387554, -8.5445093",166103,124612,75.02,40520,24.39,971,0.58,58.3228,48.7591
2019-01,Algarve,ACES Algarve Sotavento,"37.383008, -7.7293275",57677,54450,94.41,3171,5.5,56,0.1,66.4037,55.1286
2019-01,Centro,ACES Baixo Vouga,"40.6405055, -8.6537539",387592,376729,97.2,8507,2.19,2356,0.61,71.7481,34.1894
2019-01,Centro,ACES Pinhal Interior Norte,"40.1151262, -8.2473136",130246,123899,95.13,5537,4.25,810,0.62,74.0929,58.2992
2019-01,Centro,ACES Pinhal Litoral,"39.7495331, -8.807683",268830,263018,97.84,5177,1.93,635,0.24,67.6985,47.2346
2019-01,Lisboa e Vale do Tejo,ACES Cascais,"38.69904, -9.3818008",204874,181805,88.74,22016,10.75,1053,0.51,54.7844,27.6562
2019-01,Lisboa e Vale do Tejo,ACES Loures / Odivelas,"38.8012718, -9.1137868",360026,315604,87.66,44362,12.32,60,0.02,59.0461,32.7855
2019-01,Lisboa e Vale do Tejo,ACES Sintra,"38.7519209, -9.2753636",359901,280156,77.84,78900,21.92,845,0.23,57.5328,43.1818
2019-01,Norte,ACES Alto Minho,"41.7056054, -8.8252713",246010,245362,99.74,346,0.14,302,0.12,76.2575,27.1605
2019-01,Norte,ACES Aveiro Norte,"40.8472225, -8.4656674",117813,117709,99.91,45,0.04,59,0.05,73.8406,29.5238
2019-01,Norte,ACES Barcelos / Esposende,"41.5317419, -8.6178922",157513,157088,99.73,363,0.23,62,0.04,76.0972,50.5882
2019-01,Norte,ACES Gaia,"41.1278433, -8.580396",154717,149583,96.68,5087,3.29,47,0.03,69.5013,55.2893
2019-01,Norte,ACES Matosinhos,"41.1918541, -8.6590693",174067,171310,98.42,2521,1.45,236,0.14,72.6541,57.8165
2019-01,Norte,ACES Santo Tirso / Trofa,"41.3469246, -8.4822648",115715,115431,99.75,263,0.23,21,0.02,74.1563,27.7056
2019-02,Centro,ACES Pinhal Interior Norte,"40.1151262, -8.2473136",130309,128506,98.62,999,0.77,804,0.62,74.0148,20.3652
2019-02,Lisboa e Vale do Tejo,ACES Arco Ribeirinho,"38.6672076, -9.0543329",218971,170930,78.06,47886,21.87,155,0.07,58.9216,45.3497
2019-02,Lisboa e Vale do Tejo,ACES Cascais,"38.69904, -9.3818008",205068,182574,89.03,21443,10.46,1051,0.51,55.0493,28.9246
2019-02,Lisboa e Vale do Tejo,ACES Loures / Odivelas,"38.8012718, -9.1137868",360243,315909,87.69,44240,12.28,94,0.03,58.932,33.0844
2019-02,Norte,ACES Baixo Tâmega,"41.2719719, -8.0791631",167954,164844,98.15,2745,1.63,365,0.22,75.571,64.9518
2019-02,Norte,ACES Douro Sul,"41.0953745, -7.8123805",72990,72758,99.68,98,0.13,134,0.18,73.6289,22.2222
2019-02,Norte,ACES Feira e Arouca,"40.9263169, -8.5478813",153096,151901,99.22,1048,0.68,147,0.1,74.3806,68.4519
2019-02,Norte,ACES Maia / Valongo,"41.2333945, -8.6187474",219671,217093,98.83,2493,1.13,85,0.04,71.4585,48.7388
2019-02,Norte,ACES Matosinhos,"41.1918541, -8.6590693",174207,171382,98.38,2589,1.49,236,0.14,72.6754,57.9022
2019-03,Centro,ACES Pinhal Litoral,"39.7495331, -8.807683",269489,265918,98.67,2929,1.09,642,0.24,67.8666,31.8678
2019-03,Lisboa e Vale do Tejo,ACES Amadora,"38.7573081, -9.23429",172979,123839,71.59,48857,28.24,283,0.16,56.0646,42.6577
2019-03,Lisboa e Vale do Tejo,ACES Lisboa Central,"38.7306317, -9.1510414",288313,246824,85.61,40366,14.0,1123,0.39,52.3664,26.0141
2019-03,Lisboa e Vale do Tejo,ACES Sintra,"38.7519209, -9.2753636",361514,280012,77.46,80654,22.31,848,0.23,57.5034,44.2028
2019-03,Norte,ACES Alto Minho,"41.7056054, -8.8252713",245935,245379,99.77,278,0.11,278,0.11,76.1473,23.2014
2019-03,Norte,ACES Aveiro Norte,"40.8472225, -8.4656674",117940,117864,99.94,20,0.02,56,0.05,73.8977,27.6316
2019-03,Norte,ACES Braga,"41.5518714, -8.4126362",194269,188153,96.85,6114,3.15,2,0.0,71.9919,42.4158
2019-03,Norte,ACES Espinho / Gaia,"41.0022421, -8.642018",183961,179956,97.82,3926,2.13,79,0.04,72.9579,65.8427
2019-03,Norte,ACES Gaia,"41.1278433, -8.580396",155285,150654,97.02,4586,2.95,45,0.03,69.462,49.1039
2019-03,Norte,ACES Nordeste,"41.8069684, -6.7587977",131285,128967,98.23,1750,1.33,568,0.43,74.3563,59.4384
2019-04,Centro,ACES Pinhal Interior Sul,"39.7510898, -7.9203657",30793,30123,97.82,506,1.64,164,0.53,78.7517,51.4925
2019-04,Lisboa e Vale do Tejo,ACES Almada / Seixal,"38.6678522, -9.1875777",347496,299009,86.05,47410,13.64,1077,0.31,62.8681,36.2013
2019-04,Lisboa e Vale do Tejo,ACES Arrábida,"38.5324373, -8.8627453",230599,170446,73.91,59403,25.76,750,0.33,62.0571,47.3251
2019-04,Lisboa e Vale do Tejo,ACES Lisboa Central,"38.7306317, -9.1510414",289021,246415,85.26,41466,14.35,1140,0.39,52.3076,27.0579
2019-04,Lisboa e Vale do Tejo,ACES Lisboa Ocidental e Oeiras,"38.6914388, -9.3184304",249471,229118,91.84,19824,7.95,529,0.21,55.8063,36.0958
2019-04,Lisboa e Vale do Tejo,ACES Sintra,"38.7519209, -9.2753636",362415,276905,76.41,84668,23.36,842,0.23,57.44,44.6686
2019-04,Norte,ACES Alto Ave,"41.4417064, -8.1722408",271149,270855,99.89,217,0.08,77,0.03,76.2966,19.7279
2019-04,Norte,ACES Marão e Douro Norte,"41.2968711, -7.7483727",105904,102563,96.85,3008,2.84,333,0.31,75.7519,67.3054
2019-05,Alentejo,ACES Alentejo Central,"38.8442031, -7.5826619",166947,163836,98.14,2889,1.73,222,0.13,76.2364,76.574
2019-05,Alentejo,ACES São Mamede,"39.2967086, -7.4284755",114948,107759,93.75,7051,6.13,138,0.12,72.5143,73.0625
2019-05,Centro,ACES Beira Interior Sul,"39.8211367, -7.5036651",73310,70655,96.38,2094,2.86,561,0.77,69.5496,55.6938
2019-05,Centro,ACES Dão Lafões,"40.6565861, -7.9124712",270450,263654,97.49,6393,2.36,403,0.15,71.6827,64.8473
2019-05,Centro,ACES Pinhal Interior Norte,"40.1151262, -8.2473136",130322,126813,97.31,2708,2.08,801,0.61,74.0666,46.9966
2019-05,Centro,ACES Pinhal Litoral,"39.7495331, -8.807683",269680,264159,97.95,4894,1.81,627,0.23,68.4267,51.4899
2019-05,Lisboa e Vale do Tejo,ACES Almada / Seixal,"38.6678522, -9.1875777",346767,300296,86.6,45380,13.09,1091,0.31,63.1887,37.0278
2019-05,Lisboa e Vale do Tejo,ACES Arco Ribeirinho,"38.6672076, -9.0543329",219637,169864,77.34,49593,22.58,180,0.08,59.0091,46.7162
2019-05,Lisboa e Vale do Tejo,ACES Lisboa Norte,"38.7396924, -9.168506",264300,238022,90.06,25763,9.75,515,0.19,53.9917,33.0808
2019-05,Lisboa e Vale do Tejo,ACES Oeste Sul,"39.0917759, -9.2600341",199272,176177,88.41,22547,11.31,548,0.28,67.5103,47.1964
2019-05,Lisboa e Vale do Tejo,ACES Sintra,"38.7519209, -9.2753636",361564,275145,76.1,85573,23.67,846,0.23,57.7092,46.0522
2019-05,Norte,ACES Alto Tâmega e Barroso,"41.741781, -7.4731648",90401,89404,98.9,835,0.92,162,0.18,74.0976,28.0
2019-05,Norte,ACES Ave / Famalicão,"41.3835805, -8.4157518",124113,123421,99.44,684,0.55,8,0.01,73.5346,50.4335
2019-05,Norte,ACES Baixo Tâmega,"41.2719719, -8.0791631",167736,161698,96.4,5688,3.39,350,0.21,75.4415,66.2938
2019-05,Norte,ACES Santo Tirso / Trofa,"41.3469246, -8.4822648",115501,115140,99.69,337,0.29,24,0.02,74.2907,29.4991
2019-05,Norte,ACES Vale do Sousa Sul,"41.1548155, -8.2163769",173375,170200,98.17,3152,1.82,23,0.01,76.7314,79.2126
2019-06,Algarve,ACES Algarve Sotavento,"37.383008, -7.7293275",58448,56702,97.01,1692,2.89,54,0.09,66.2076,19.9313
2019-06,Centro,ACES Beira Interior Sul,"39.8211367, -7.5036651",73352,70684,96.36,2117,2.89,551,0.75,69.6191,54.5727
2019-06,Centro,ACES Cova da Beira,"40.2677741, -7.4995083",86129,83797,97.29,1373,1.59,959,1.11,67.4465,39.7513
2019-06,Lisboa e Vale do Tejo,ACES Arrábida,"38.5324373, -8.8627453",230883,164942,71.44,65179,28.23,762,0.33,62.1159,49.4472
2019-06,Lisboa e Vale do Tejo,ACES Lisboa Ocidental e Oeiras,"38.6914388, -9.3184304",249673,228316,91.45,20838,8.35,519,0.21,55.8058,35.3233
2019-06,Norte,ACES Ave / Famalicão,"41.3835805, -8.4157518",124204,123544,99.47,652,0.52,8,0.01,72.6474,48.3333
2019-06,Norte,ACES Marão e Douro Norte,"41.2968711, -7.7483727",105870,102538,96.85,2994,2.83,338,0.32,74.9571,65.6062
2019-07,Algarve,ACES Algarve Barlavento,"37.1387554, -8.5445093",169607,131974,77.81,36633,21.6,1000,0.59,58.7819,47.8349
2019-07,Algarve,ACES Algarve Sotavento,"37.383008, -7.7293275",58502,56648,96.83,1795,3.07,59,0.1,66.3658,22.1382
2019-07,Centro,ACES Beira Interior Sul,"39.8211367, -7.5036651",73421,71608,97.53,1262,1.72,551,0.75,69.6031,44.8505
2019-07,Centro,ACES Dão Lafões,"40.6565861, -7.9124712",270841,265370,97.98,5064,1.87,407,0.15,71.5777,52.8841
2019-07,Centro,ACES Pinhal Litoral,"39.7495331, -8.807683",270341,264435,97.82,5256,1.94,650,0.24,68.0424,46.1213
2019-07,Lisboa e Vale do Tejo,ACES Arrábida,"38.5324373, -8.8627453",231538,174228,75.25,56828,24.54,482,0.21,62.1532,48.6491
2019-07,Lisboa e Vale do Tejo,ACES Cascais,"38.69904, -9.3818008",208291,183243,87.97,23786,11.42,1262,0.61,55.089,29.9121
2019-07,Lisboa e Vale do Tejo,ACES Médio Tejo,"39.478072, -8.5404429",225661,208670,92.47,16539,7.33,452,0.2,69.8291,59.6956
2019-07,Lisboa e Vale do Tejo,ACES Sintra,"38.7519209, -9.2753636",363686,281956,77.53,80912,22.25,818,0.22,57.5731,44.6298
2019-07,Norte,ACES Aveiro Norte,"40.8472225, -8.4656674",118276,118196,99.93,25,0.02,55,0.05,74.0925,26.9231
2019-07,Norte,ACES Gerês / Cabreira,"41.6298661, -8.3596897",106746,104965,98.33,1778,1.67,3,0.0,74.9087,64.8876
2019-07,Norte,ACES Gondomar,"41.1738444, -8.5612238",168498,166747,98.96,1684,1.0,67,0.04,73.9155,69.2792
2019-07,Norte,ACES Maia / Valongo,"41.2333945, -8.6187474",219926,218291,99.26,1553,0.71,82,0.04,71.3569,35.7012
2019-07,Norte,ACES Porto Ocidental,"41.1741353, -8.6691662",171655,170327,99.23,735,0.43,593,0.35,65.1289,34.4453
2019-08,Alentejo,ACES Baixo Alentejo,"38.0153039, -7.8627308",124280,116888,94.05,6986,5.62,406,0.33,72.4091,65.9497
2019-08,Centro,ACES Guarda,"40.5353285, -7.2724426",148723,145402,97.77,1703,1.15,1618,1.09,71.459,29.7171
2019-08,Lisboa e Vale do Tejo,ACES Lezíria,"39.2371689, -8.6908895",195162,179462,91.96,14821,7.59,879,0.45,69.1677,48.6419
2019-08,Lisboa e Vale do Tejo,ACES Oeste Norte,"39.410844, -9.1396215",180013,169019,93.89,10731,5.96,263,0.15,67.929,21.6789
2019-08,Lisboa e Vale do Tejo,ACES Oeste Sul,"39.0917759, -9.2600341",201904,178567,88.44,22798,11.29,539,0.27,66.3726,46.9812
2019-08,Norte,ACES Alto Ave,"41.4417064, -8.1722408",271684,271394,99.89,214,0.08,76,0.03,75.5981,17.2414
2019-08,Norte,ACES Douro Sul,"41.0953745, -7.8123805",72663,72041,99.14,403,0.55,219,0.3,73.0262,31.1897
2019-08,Norte,ACES Porto Ocidental,"41.1741353, -8.6691662",171916,170516,99.19,844,0.49,556,0.32,65.0149,42.6429
2019-09,Alentejo,ACES Alentejo Central,"38.8442031, -7.5826619",167301,165700,99.04,1345,0.8,256,0.15,75.572,72.5129
2019-09,Alentejo,ACES Alentejo Litoral,"38.3841359, -8.5132031",96256,83566,86.82,12602,13.09,88,0.09,62.4813,51.4628
2019-09,Algarve,ACES Algarve Barlavento,"37.1387554, -8.5445093",170492,137053,80.39,32436,19.02,1003,0.59,59.0952,49.3574
2019-09,Algarve,ACES Algarve Central,"37.0274264, -7.9395984",256200,235072,91.75,20785,8.11,343,0.13,57.4477,39.2852
2019-09,Algarve,ACES Algarve Sotavento,"37.383008, -7.7293275",58668,56998,97.15,1610,2.74,60,0.1,66.5525,22.6483
2019-09,Centro,ACES Baixo Mondego,"40.2150023, -8.4071805",388999,379175,97.47,7197,1.85,2627,0.68,70.8234,34.1682
2019-09,Lisboa e Vale do Tejo,ACES Almada / Seixal,"38.6678522, -9.1875777",349282,318473,91.18,29725,8.51,1084,0.31,62.9551,30.0613
2019-09,Lisboa e Vale do Tejo,ACES Lisboa Norte,"38.7396924, -9.168506",266701,241939,90.72,24169,9.06,593,0.22,53.6886,30.5796
2019-09,Norte,ACES Douro Sul,"41.0953745, -7.8123805",72525,71947,99.2,342,0.47,236,0.33,73.2209,35.8752
2019-09,Norte,ACES Feira e Arouca,"40.9263169, -8.5478813",153246,151868,99.1,1231,0.8,147,0.1,73.9561,69.9565
2019-10,Centro,ACES Beira Interior Sul,"39.8211367, -7.5036651",73611,71529,97.17,1542,2.09,540,0.73,69.3571,39.7518
2019-10,Lisboa e Vale do Tejo,ACES Almada / Seixal,"38.6678522, -9.1875777",349932,318424,91.0,30425,8.69,1083,0.31,63.1531,30.87
2019-10,Lisboa e Vale do Tejo,ACES Lisboa Central,"38.7306317, -9.1510414",290421,257053,88.51,32184,11.08,1184,0.41,52.0279,22.8933
2019-10,Lisboa e Vale do Tejo,ACES Lisboa Norte,"38.7396924, -9.168506",267265,243182,90.99,23475,8.78,608,0.23,53.9585,29.7869
2019-10,Lisboa e Vale do Tejo,ACES Oeste Norte,"39.410844, -9.1396215",180250,167642,93.01,12346,6.85,262,0.15,68.2821,29.678
2019-10,Norte,ACES Alto Tâmega e Barroso,"41.741781, -7.4731648",90425,89720,99.22,527,0.58,178,0.2,73.7869,25.608
2019-10,Norte,ACES Aveiro Norte,"40.8472225, -8.4656674",118443,118363,99.93,26,0.02,54,0.05,74.4174,68.8122
2019-10,Norte,ACES Gerês / Cabreira,"41.6298661, -8.3596897",107161,103572,96.65,3588,3.35,1,0.0,75.6324,70.9238
2019-10,Norte,ACES Gondomar,"41.1738444, -8.5612238",168822,167118,98.99,1637,0.97,67,0.04,74.021,69.3577
2019-10,Norte,ACES Maia / Valongo,"41.2333945, -8.6187474",220067,218997,99.51,987,0.45,83,0.04,71.5334,32.7739
2019-10,Norte,ACES Marão e Douro Norte,"41.2968711, -7.7483727",105987,102604,96.81,3047,2.87,336,0.32,75.3282,61.2989
2019-10,Norte,ACES Santo Tirso / Trofa,"41.3469246, -8.4822648",115437,114900,99.53,511,0.44,26,0.02,74.184,28.75
2019-10,Norte,ACES Vale do Sousa Norte,"41.2793583, -8.2787457",160963,158992,98.78,1961,1.22,10,0.01,77.3887,79.2788
2019-10,Norte,ACES Vale do Sousa Sul,"41.1548155, -8.2163769",173539,173521,99.99,0,0.0,18,0.01,76.8419,0.0
2019-11,Alentejo,ACES Alentejo Central,"38.8442031, -7.5826619",167402,164292,98.14,2870,1.71,240,0.14,75.2598,75.0118
2019-11,Centro,ACES Baixo Mondego,"40.2150023, -8.4071805",389389,375300,96.38,11496,2.95,2593,0.67,70.9348,44.86
2019-11,Centro,ACES Pinhal Litoral,"39.7495331, -8.807683",270985,265603,98.01,4709,1.74,673,0.25,68.6244,48.7531
2019-11,Lisboa e Vale do Tejo,ACES Lisboa Ocidental e Oeiras,"38.6914388, -9.3184304",250066,226164,90.44,23368,9.34,534,0.21,56.0286,38.0073
2019-11,Lisboa e Vale do Tejo,ACES Médio Tejo,"39.478072, -8.5404429",225324,209346,92.91,15545,6.9,433,0.19,70.3975,58.3464
2019-11,Norte,ACES Baixo Tâmega,"41.2719719, -8.0791631",167486,164613,98.28,2531,1.51,342,0.2,75.3669,63.07
2019-11,Norte,ACES Douro Sul,"41.0953745, -7.8123805",72476,71948,99.27,289,0.4,239,0.33,73.2547,42.1252
2019-12,Centro,ACES Dão Lafões,"40.6565861, -7.9124712",271767,264939,97.49,6431,2.37,397,0.15,72.0034,47.679
2019-12,Lisboa e Vale do Tejo,ACES Amadora,"38.7573081, -9.23429",174563,124192,71.14,49953,28.62,418,0.24,55.5971,40.4121
2019-12,Lisboa e Vale do Tejo,ACES Arco Ribeirinho,"38.6672076, -9.0543329",222145,178635,80.41,43330,19.51,180,0.08,59.3729,45.6654
2019-12,Lisboa e Vale do Tejo,ACES Estuário do Tejo,"38.9528113, -8.9911154",233498,199416,85.4,33239,14.24,843,0.36,61.5264,49.9912
2019-12,Lisboa e Vale do Tejo,ACES Lezíria,"39.2371689, -8.6908895",195627,176165,90.05,18397,9.4,1065,0.54,69.6729,54.1826
2019-12,Lisboa e Vale do Tejo,ACES Lisboa Ocidental e Oeiras,"38.6914388, -9.3184304",250486,225335,89.96,24617,9.83,534,0.21,55.9987,38.3046
2019-12,Lisboa e Vale do Tejo,ACES Loures / Odivelas,"38.8012718, -9.1137868",366037,323203,88.3,42758,11.68,76,0.02,58.5404,37.9334
2019-12,Lisboa e Vale do Tejo,ACES Oeste Norte,"39.410844, -9.1396215",180496,166073,92.01,14165,7.85,258,0.14,69.1755,40.9719
2019-12,Norte,ACES Feira e Arouca,"40.9263169, -8.5478813",153536,152127,99.08,1268,0.83,141,0.09,74.1142,71.753
2019-12,Norte,ACES Porto Oriental,"41.1694498, -8.6126428",118596,114588,96.62,3968,3.35,40,0.03,69.6853,47.7794
2019-12,Norte,ACES Vale do Sousa Norte,"41.2793583, -8.2787457",161111,159156,98.79,1947,1.21,8,0.0,77.6247,79.4885
2020-01,Alentejo,ACES Baixo Alentejo,"38.0153039, -7.8627308",124249,119483,96.16,4371,3.52,395,0.32,72.7628,62.7912
2020-01,Alentejo,ACES São Mamede,"39.2967086, -7.4284755",114922,104723,91.13,10007,8.71,192,0.17,72.0054,71.3081
2020-01,Centro,ACES Dão Lafões,"40.6565861, -7.9124712",271791,264910,97.47,6490,2.39,391,0.14,72.3658,47.0203
2020-01,Lisboa e Vale do Tejo,ACES Lisboa Central,"38.7306317, -9.1510414",291297,252341,86.63,37803,12.98,1153,0.4,52.0673,27.5798
2020-01,Lisboa e Vale do Tejo,ACES Lisboa Norte,"38.7396924, -9.168506",268938,245187,91.17,23019,8.56,732,0.27,53.9716,29.9634
2020-01,Norte,ACES Alto Tâmega e Barroso,"41.741781, -7.4731648",90423,86830,96.03,3417,3.78,176,0.19,73.9599,59.077
2020-01,Norte,ACES Ave / Famalicão,"41.3835805, -8.4157518",124764,122812,98.44,1807,1.45,145,0.12,74.0238,27.6781
2020-01,Norte,ACES Aveiro Norte,"40.8472225, -8.4656674",118594,118517,99.94,25,0.02,52,0.04,74.7017,18.1818
2020-01,Norte,ACES Espinho / Gaia,"41.0022421, -8.642018",184181,176870,96.03,7244,3.93,67,0.04,72.596,56.8732
2020-01,Norte,ACES Gaia,"41.1278433, -8.580396",157012,148520,94.59,8392,5.34,100,0.06,69.9959,53.0617
2020-01,Norte,ACES Nordeste,"41.8069684, -6.7587977",131723,130835,99.33,194,0.15,694,0.53,74.063,15.5581
2020-02,Alentejo,ACES Alentejo Central,"38.8442031, -7.5826619",167375,161956,96.76,5157,3.08,262,0.16,74.5637,70.0
2020-02,Alentejo,ACES Alentejo Litoral,"38.3841359, -8.5132031",96997,79379,81.84,17520,18.06,98,0.1,61.1576,51.6269
2020-02,Alentejo,ACES Baixo Alentejo,"38.0153039, -7.8627308",124251,120819,97.24,3042,2.45,390,0.31,72.7044,61.194
2020-02,Centro,ACES Dão Lafões,"40.6565861, -7.9124712",271870,264796,97.4,6691,2.46,383,0.14,72.2811,45.8863
2020-02,Lisboa e Vale do Tejo,ACES Almada / Seixal,"38.6678522, -9.1875777",352008,316584,89.94,34355,9.76,1069,0.3,63.0651,35.1513
2020-02,Lisboa e Vale do Tejo,ACES Loures / Odivelas,"38.8012718, -9.1137868",366530,324544,88.55,41910,11.43,76,0.02,58.5121,38.3661
2020-02,Lisboa e Vale do Tejo,ACES Médio Tejo,"39.478072, -8.5404429",225335,205486,91.19,19397,8.61,452,0.2,70.5314,59.9829
2020-02,Norte,ACES Feira e Arouca,"40.9263169, -8.5478813",153584,148806,96.89,4637,3.02,141,0.09,73.9491,71.0758
2020-02,Norte,ACES Maia / Valongo,"41.2333945, -8.6187474",220501,219907,99.73,518,0.23,76,0.03,71.382,38.2155
2020-03,Algarve,ACES Algarve Barlavento,"37.1387554, -8.5445093",173081,136872,79.08,35167,20.32,1042,0.6,58.8384,47.0739
2020-03,Centro,ACES Guarda,"40.5353285, -7.2724426",148522,143664,96.73,3194,2.15,1664,1.12,71.1208,34.764
2020-03,Centro,ACES Pinhal Interior Norte,"40.1151262, -8.2473136",130418,124062,95.13,5596,4.29,760,0.58,73.5658,50.7552
2020-03,Centro,ACES Pinhal Litoral,"39.7495331, -8.807683",271950,263101,96.75,8115,2.98,734,0.27,68.4335,51.2573
2020-03,Lisboa e Vale do Tejo,ACES Arco Ribeirinho,"38.6672076, -9.0543329",222242,173161,77.92,48891,22.0,190,0.09,59.0775,45.8915
2020-03,Lisboa e Vale do Tejo,ACES Arrábida,"38.5324373, -8.8627453",233239,181834,77.96,51016,21.87,389,0.17,61.9757,48.5526
2020-03,Lisboa e Vale do Tejo,ACES Cascais,"38.69904, -9.3818008",210566,179536,85.26,29438,13.98,1592,0.76,55.2082,34.0467
2020-03,Lisboa e Vale do Tejo,ACES Lezíria,"39.2371689, -8.6908895",195277,178339,91.33,15690,8.03,1248,0.64,69.7224,51.8339
2020-03,Norte,ACES Alto Minho,"41.7056054, -8.8252713",247713,247331,99.85,119,0.05,263,0.11,75.9048,17.942
2020-03,Norte,ACES Matosinhos,"41.1918541, -8.6590693",176211,175586,99.65,484,0.27,141,0.08,72.231,25.12
2020-04,Algarve,ACES Algarve Sotavento,"37.383008, -7.7293275",59578,57161,95.94,2359,3.96,58,0.1,65.358,20.3558
2020-04,Centro,ACES Baixo Mondego,"40.2150023, -8.4071805",389753,374984,96.21,12231,3.14,2538,0.65,69.956,41.6904
2020-04,Lisboa e Vale do Tejo,ACES Lisboa Central,"38.7306317, -9.1510414",291292,251090,86.2,39059,13.41,1143,0.39,51.0328,28.2537
2020-04,Lisboa e Vale do Tejo,ACES Oeste Sul,"39.0917759, -9.2600341",203190,174706,85.98,27930,13.75,554,0.27,65.2145,47.3071
2020-04,Norte,ACES Alto Tâmega e Barroso,"41.741781, -7.4731648",90266,86724,96.08,3368,3.73,174,0.19,72.8624,61.7315
2020-04,Norte,ACES Espinho / Gaia,"41.0022421, -8.642018",184133,178384,96.88,5683,3.09,66,0.04,71.5455,63.9242
2020-05,Centro,ACES Baixo Mondego,"40.2150023, -8.4071805",389581,370206,95.03,16824,4.32,2551,0.65,69.2817,48.0126
2020-05,Centro,ACES Dão Lafões,"40.6565861, -7.9124712",271650,262401,96.6,8867,3.26,382,0.14,70.5128,49.8811
2020-05,Centro,ACES Pinhal Interior Norte,"40.1151262, -8.2473136",130348,123976,95.11,5608,4.3,764,0.59,72.032,48.6033
2020-05,Centro,ACES Pinhal Litoral,"39.7495331, -8.807683",272094,261425,96.08,9915,3.64,754,0.28,66.954,52.6766
2020-05,Lisboa e Vale do Tejo,ACES Almada / Seixal,"38.6678522, -9.1875777",348617,314525,90.22,33026,9.47,1066,0.31,61.878,40.7251
2020-05,Lisboa e Vale do Tejo,ACES Arco Ribeirinho,"38.6672076, -9.0543329",218118,169832,77.86,48095,22.05,191,0.09,58.8379,49.6707
2020-05,Lisboa e Vale do Tejo,ACES Lezíria,"39.2371689, -8.6908895",194805,172700,88.65,20441,10.49,1664,0.85,68.8458,53.5179
2020-05,Lisboa e Vale do Tejo,ACES Lisboa Central,"38.7306317, -9.1510414",287907,249047,86.5,37720,13.1,1140,0.4,50.7903,31.1602
2020-05,Lisboa e Vale do Tejo,ACES Médio Tejo,"39.478072, -8.5404429",224120,200299,89.37,23439,10.46,382,0.17,69.3671,60.4324
2020-05,Norte,ACES Alto Ave,"41.4417064, -8.1722408",272050,256034,94.11,15950,5.86,66,0.02,73.9964,70.723
2020-05,Norte,ACES Feira e Arouca,"40.9263169, -8.5478813",153510,148879,96.98,4485,2.92,146,0.1,72.475,69.6976
2020-05,Norte,ACES Gaia,"41.1278433, -8.580396",157170,149610,95.19,7459,4.75,101,0.06,68.1965,45.5339
2020-05,Norte,ACES Gondomar,"41.1738444, -8.5612238",169027,168838,99.89,122,0.07,67,0.04,73.0227,21.164
2020-05,Norte,ACES Maia / Valongo,"41.2333945, -8.6187474",220487,219669,99.63,743,0.34,75,0.03,69.6613,38.1418
2020-05,Norte,ACES Marão e Douro Norte,"41.2968711, -7.7483727",105782,105515,99.75,23,0.02,244,0.23,73.5947,4.49438
2020-05,Norte,ACES Nordeste,"41.8069684, -6.7587977",131528,130572,99.27,242,0.18,714,0.54,73.2474,16.4226
2020-05,Norte,ACES Porto Ocidental,"41.1741353, -8.6691662",173334,159882,92.24,13258,7.65,194,0.11,64.4143,46.9521
2020-05,Norte,ACES Santo Tirso / Trofa,"41.3469246, -8.4822648",115138,114386,99.35,727,0.63,25,0.02,72.471,28.5097
2020-06,Alentejo,ACES Alentejo Litoral,"38.3841359, -8.5132031",96977,81081,83.61,15792,16.28,104,0.11,58.9214,48.1369
2020-06,Centro,ACES Guarda,"40.5353285, -7.2724426",148188,142633,96.25,3908,2.64,1647,1.11,69.4759,38.8207
2020-06,Centro,ACES Pinhal Litoral,"39.7495331, -8.807683",272233,261408,96.02,10064,3.7,761,0.28,66.7706,52.2716
2020-06,Lisboa e Vale do Tejo,ACES Arrábida,"38.5324373, -8.8627453",230672,180215,78.13,50037,21.69,420,0.18,60.8917,49.561
2020-06,Lisboa e Vale do Tejo,ACES Estuário do Tejo,"38.9528113, -8.9911154",231352,187902,81.22,42606,18.42,844,0.36,60.3868,52.3199
2020-06,Lisboa e Vale do Tejo,ACES Lezíria,"39.2371689, -8.6908895",194812,172630,88.61,20501,10.52,1681,0.86,68.6765,54.8357
2020-06,Lisboa e Vale do Tejo,ACES Lisboa Norte,"38.7396924, -9.168506",267656,232215,86.76,34451,12.87,990,0.37,52.6534,31.2932
2020-06,Lisboa e Vale do Tejo,ACES Médio Tejo,"39.478072, -8.5404429",223886,200292,89.46,23222,10.37,372,0.17,69.2653,61.9151
2020-06,Lisboa e Vale do Tejo,ACES Oeste Sul,"39.0917759, -9.2600341",202169,176344,87.23,25278,12.5,547,0.27,64.5806,48.7725
2020-06,Norte,ACES Alto Minho,"41.7056054, -8.8252713",247436,244047,98.63,3127,1.26,262,0.11,74.1429,64.5618
2020-06,Norte,ACES Barcelos / Esposende,"41.5317419, -8.6178922",157981,154826,98.0,3094,1.96,61,0.04,73.3802,63.8386
2020-06,Norte,ACES Nordeste,"41.8069684, -6.7587977",131541,127779,97.14,3039,2.31,723,0.55,72.9071,57.5911
2020-06,Norte,ACES Vale do Sousa Norte,"41.2793583, -8.2787457",161032,157537,97.83,3487,2.17,8,0.0,74.7609,72.7064
2020-07,Algarve,ACES Algarve Sotavento,"37.383008, -7.7293275",59900,57260,95.59,2581,4.31,59,0.1,63.5597,20.5381
2020-07,Centro,ACES Baixo Vouga,"40.6405055, -8.6537539",393792,373310,94.8,18139,4.61,2343,0.59,68.8066,47.1685
2020-07,Centro,ACES Beira Interior Sul,"39.8211367, -7.5036651",73457,67248,91.55,6051,8.24,158,0.22,66.6472,50.4751
2020-07,Centro,ACES Pinhal Interior Norte,"40.1151262, -8.2473136",130335,123921,95.08,5645,4.33,769,0.59,71.017,47.4193
2020-07,Lisboa e Vale do Tejo,ACES Lisboa Ocidental e Oeiras,"38.6914388, -9.3184304",246347,224105,90.97,21728,8.82,514,0.21,54.894,40.7806
2020-07,Norte,ACES Alto Ave,"41.4417064, -8.1722408",271941,256123,94.18,15748,5.79,70,0.03,73.1108,70.2036
2020-07,Norte,ACES Braga,"41.5518714, -8.4126362",199708,188186,94.23,11517,5.77,5,0.0,69.5034,65.6977
2020-07,Norte,ACES Porto Oriental,"41.1694498, -8.6126428",118683,112883,95.11,5752,4.85,48,0.04,67.0442,69.8637
2020-07,Norte,ACES Póvoa do Varzim / Vila do Conde,"41.355519, -8.746653",151760,148360,97.76,3384,2.23,16,0.01,68.162,67.4316
2020-07,Norte,ACES Vale do Sousa Norte,"41.2793583, -8.2787457",160537,157076,97.84,3453,2.15,8,0.0,74.5602,72.0231
2020-08,Centro,ACES Guarda,"40.5353285, -7.2724426",148135,142536,96.22,3958,2.67,1641,1.11,68.5541,31.8442
2020-08,Lisboa e Vale do Tejo,ACES Almada / Seixal,"38.6678522, -9.1875777",349824,309689,88.53,39068,11.17,1067,0.31,60.2162,42.5244
2020-08,Lisboa e Vale do Tejo,ACES Oeste Sul,"39.0917759, -9.2600341",202862,171670,84.62,30653,15.11,539,0.27,63.5776,49.527
2020-08,Norte,ACES Alto Ave,"41.4417064, -8.1722408",272049,254619,93.59,17354,6.38,76,0.03,72.9882,69.9811
2020-08,Norte,ACES Alto Minho,"41.7056054, -8.8252713",247516,242671,98.04,4575,1.85,270,0.11,73.1384,65.1177
2020-08,Norte,ACES Ave / Famalicão,"41.3835805, -8.4157518",124643,119355,95.76,5148,4.13,140,0.11,70.0443,54.0223
2020-08,Norte,ACES Baixo Tâmega,"41.2719719, -8.0791631",166815,155705,93.34,10774,6.46,336,0.2,72.499,66.0981
2020-08,Norte,ACES Feira e Arouca,"40.9263169, -8.5478813",153688,144318,93.9,9230,6.01,140,0.09,71.1524,66.4141
2020-08,Norte,ACES Gerês / Cabreira,"41.6298661, -8.3596897",107397,101165,94.2,6226,5.8,6,0.01,72.5862,72.8003
2020-08,Norte,ACES Maia / Valongo,"41.2333945, -8.6187474",220814,219558,99.43,1182,0.54,74,0.03,68.2752,38.6943
2020-09,Algarve,ACES Algarve Sotavento,"37.383008, -7.7293275",60128,57301,95.3,2767,4.6,60,0.1,62.5948,19.809
2020-09,Lisboa e Vale do Tejo,ACES Oeste Norte,"39.410844, -9.1396215",179717,162916,90.65,16541,9.2,260,0.14,66.5335,51.6482
2020-09,Norte,ACES Ave / Famalicão,"41.3835805, -8.4157518",124581,119351,95.8,5090,4.09,140,0.11,69.7015,54.2966
2020-09,Norte,ACES Aveiro Norte,"40.8472225, -8.4656674",118663,118596,99.94,17,0.01,50,0.04,70.8654,28.3582
2020-09,Norte,ACES Braga,"41.5518714, -8.4126362",200348,188236,93.95,12107,6.04,5,0.0,69.0148,63.6424
2020-09,Norte,ACES Marão e Douro Norte,"41.2968711, -7.7483727",105891,104118,98.33,1530,1.44,243,0.23,71.7958,65.6514
2020-09,Norte,ACES Porto Oriental,"41.1694498, -8.6126428",118637,109697,92.46,8898,7.5,42,0.04,66.5518,66.3869
2020-09,Norte,ACES Vale do Sousa Norte,"41.2793583, -8.2787457",160596,157163,97.86,3425,2.13,8,0.0,74.1634,70.9292
2020-10,Alentejo,ACES Baixo Alentejo,"38.0153039, -7.8627308",123962,119203,96.16,4375,3.53,384,0.31,69.0131,58.4997
2020-10,Alentejo,ACES São Mamede,"39.2967086, -7.4284755",114587,105861,92.38,8544,7.46,182,0.16,69.2392,66.5406
2020-10,Lisboa e Vale do Tejo,ACES Arrábida,"38.5324373, -8.8627453",232285,181149,77.99,50707,21.83,429,0.18,60.0158,46.8652
2020-10,Lisboa e Vale do Tejo,ACES Estuário do Tejo,"38.9528113, -8.9911154",232549,176188,75.76,55578,23.9,783,0.34,59.1035,46.3707
2020-10,Lisboa e Vale do Tejo,ACES Médio Tejo,"39.478072, -8.5404429",224234,199020,88.76,24851,11.08,363,0.16,68.7736,62.0989
2020-10,Norte,ACES Aveiro Norte,"40.8472225, -8.4656674",118783,118703,99.93,28,0.02,52,0.04,70.8017,26.25
2020-10,Norte,ACES Baixo Tâmega,"41.2719719, -8.0791631",164873,159576,96.79,4982,3.02,315,0.19,72.6897,63.1867
2020-10,Norte,ACES Douro Sul,"41.0953745, -7.8123805",69621,67819,97.41,1672,2.4,130,0.19,73.4465,66.2042
2020-10,Norte,ACES Gaia,"41.1278433, -8.580396",157886,148683,94.17,9096,5.76,107,0.07,66.7059,48.4407
2020-10,Norte,ACES Gerês / Cabreira,"41.6298661, -8.3596897",107623,106243,98.72,1366,1.27,14,0.01,71.8406,69.2252
2020-10,Norte,ACES Maia / Valongo,"41.2333945, -8.6187474",221016,215871,97.67,5071,2.29,74,0.03,68.0066,56.5403
2020-10,Norte,ACES Porto Ocidental,"41.1741353, -8.6691662",174260,162346,93.16,11712,6.72,202,0.12,63.8059,49.2655
2020-11,Alentejo,ACES Baixo Alentejo,"38.0153039, -7.8627308",124022,119230,96.14,4408,3.55,384,0.31,68.987,57.596
2020-11,Alentejo,ACES São Mamede,"39.2967086, -7.4284755",114810,107106,93.29,7523,6.55,181,0.16,69.0803,65.7317
2020-11,Algarve,ACES Algarve Sotavento,"37.383008, -7.7293275",60611,58330,96.24,2224,3.67,57,0.09,61.7858,23.5423
2020-11,Centro,ACES Beira Interior Sul,"39.8211367, -7.5036651",73421,68813,93.72,4459,6.07,149,0.2,66.2476,46.8316
2020-11,Centro,ACES Guarda,"40.5353285, -7.2724426",150331,142657,94.9,4491,2.99,3183,2.12,67.8204,37.9072
2020-11,Lisboa e Vale do Tejo,ACES Lisboa Ocidental e Oeiras,"38.6914388, -9.3184304",246439,223134,90.54,22824,9.26,481,0.2,55.2031,37.073
2020-11,Norte,ACES Baixo Tâmega,"41.2719719, -8.0791631",164884,159367,96.65,5210,3.16,307,0.19,73.046,66.2557
2020-11,Norte,ACES Douro Sul,"41.0953745, -7.8123805",69571,67780,97.43,1661,2.39,130,0.19,73.7947,67.4484
2020-11,Norte,ACES Feira e Arouca,"40.9263169, -8.5478813",153713,146217,95.12,7359,4.79,137,0.09,71.788,65.635
2020-11,Norte,ACES Gaia,"41.1278433, -8.580396",158129,148766,94.08,9261,5.86,102,0.06,66.5895,47.2178
2020-11,Norte,ACES Gondomar,"41.1738444, -8.5612238",169082,164428,97.25,4589,2.71,65,0.04,72.1569,64.9903
2020-11,Norte,ACES Nordeste,"41.8069684, -6.7587977",131396,127249,96.84,3347,2.55,800,0.61,72.073,55.9072
2020-11,Norte,ACES Vale do Sousa Sul,"41.1548155, -8.2163769",173155,167423,96.69,5719,3.3,13,0.01,73.6822,66.3992
2020-12,Alentejo,ACES Alentejo Litoral,"38.3841359, -8.5132031",98301,81977,83.39,16215,16.5,109,0.11,58.7751,41.3425
2020-12,Alentejo,ACES Baixo Alentejo,"38.0153039, -7.8627308",124107,119244,96.08,4466,3.6,397,0.32,69.016,57.596
2020-12,Alentejo,ACES São Mamede,"39.2967086, -7.4284755",114762,107050,93.28,7530,6.56,182,0.16,69.1317,65.7837
2020-12,Algarve,ACES Algarve Barlavento,"37.1387554, -8.5445093",176471,136499,77.35,38929,22.06,1043,0.59,55.7875,33.1919
2020-12,Algarve,ACES Algarve Sotavento,"37.383008, -7.7293275",60944,58450,95.91,2438,4.0,56,0.09,61.7858,23.5423
2020-12,Lisboa e Vale do Tejo,ACES Estuário do Tejo,"38.9528113, -8.9911154",231960,185063,79.78,46160,19.9,737,0.32,59.8889,45.3645
2020-12,Lisboa e Vale do Tejo,ACES Lisboa Central,"38.7306317, -9.1510414",290820,250543,86.15,39166,13.47,1111,0.38,49.108,27.1611
2020-12,Norte,ACES Alto Tâmega e Barroso,"41.741781, -7.4731648",90128,86395,95.86,3562,3.95,171,0.19,70.0909,52.7144
2020-12,Norte,ACES Douro Sul,"41.0953745, -7.8123805",69547,67743,97.41,1672,2.4,132,0.19,73.7947,67.4484
2020-12,Norte,ACES Gondomar,"41.1738444, -8.5612238",169017,160983,95.25,7963,4.71,71,0.04,72.1569,64.9903
2020-12,Norte,ACES Porto Oriental,"41.1694498, -8.6126428",118500,106172,89.6,12284,10.37,44,0.04,66.7184,66.1659
2021-01,Centro,ACES Pinhal Interior Norte,"40.1151262, -8.2473136",130588,126133,96.59,3692,2.83,763,0.58,70.5049,42.1549
2021-01,Lisboa e Vale do Tejo,ACES Arrábida,"38.5324373, -8.8627453",232804,180597,77.57,51773,22.24,434,0.19,61.5101,45.2526
2021-01,Lisboa e Vale do Tejo,ACES Cascais,"38.69904, -9.3818008",212510,187153,88.07,23525,11.07,1832,0.86,54.277,26.2289
2021-01,Lisboa e Vale do Tejo,ACES Lisboa Ocidental e Oeiras,"38.6914388, -9.3184304",246256,223507,90.76,22281,9.05,468,0.19,55.902,36.6302
2021-01,Norte,ACES Alto Ave,"41.4417064, -8.1722408",272354,267860,98.35,4416,1.62,78,0.03,73.6945,65.4206
2021-01,Norte,ACES Aveiro Norte,"40.8472225, -8.4656674",118612,114969,96.93,1821,1.54,1822,1.54,72.9032,63.7387
2021-01,Norte,ACES Braga,"41.5518714, -8.4126362",201538,196590,97.54,4948,2.46,0,0.0,72.3174,55.2302
2021-01,Norte,ACES Maia / Valongo,"41.2333945, -8.6187474",220874,212530,96.22,8277,3.75,67,0.03,67.4602,60.3068
2021-01,Norte,ACES Nordeste,"41.8069684, -6.7587977",131280,124524,94.85,5931,4.52,825,0.63,72.4604,59.029
2021-01,Norte,ACES Porto Oriental,"41.1694498, -8.6126428",118401,104486,88.25,13872,11.72,43,0.04,66.1199,62.8216
2021-02,Alentejo,ACES São Mamede,"39.2967086, -7.4284755",114424,105734,92.41,8513,7.44,177,0.15,68.8702,64.1271
2021-02,Centro,ACES Baixo Vouga,"40.6405055, -8.6537539",393758,365334,92.78,26123,6.63,2301,0.58,67.2283,48.7898
2021-02,Lisboa e Vale do Tejo,ACES Lisboa Norte,"38.7396924, -9.168506",268728,239232,89.02,23533,8.76,5963,2.22,51.9864,27.2003
2021-02,Lisboa e Vale do Tejo,ACES Médio Tejo,"39.478072, -8.5404429",223975,200877,89.69,22759,10.16,339,0.15,68.9238,60.949
2021-02,Norte,ACES Alto Ave,"41.4417064, -8.1722408",272395,269537,98.95,2781,1.02,77,0.03,73.1691,57.9076
2021-02,Norte,ACES Baixo Tâmega,"41.2719719, -8.0791631",164753,162749,98.78,1707,1.04,297,0.18,71.6667,53.8922
2021-02,Norte,ACES Espinho / Gaia,"41.0022421, -8.642018",184457,178151,96.58,6242,3.38,64,0.03,68.9662,56.4066
2021-02,Norte,ACES Feira e Arouca,"40.9263169, -8.5478813",153623,146520,95.38,7053,4.59,50,0.03,71.6878,68.45
2021-02,Norte,ACES Marão e Douro Norte,"41.2968711, -7.7483727",105666,102462,96.97,2969,2.81,235,0.22,69.4443,61.985
2021-03,Alentejo,ACES Baixo Alentejo,"38.0153039, -7.8627308",123867,119239,96.26,4209,3.4,419,0.34,68.4143,50.335
2021-03,Alentejo,ACES São Mamede,"39.2967086, -7.4284755",114428,105715,92.39,8538,7.46,175,0.15,68.6796,63.9922
2021-03,Algarve,ACES Algarve Barlavento,"37.1387554, -8.5445093",178412,137152,76.87,40262,22.57,998,0.56,54.718,33.1774
2021-03,Centro,ACES Pinhal Interior Sul,"39.7510898, -7.9203657",31055,27792,89.49,3119,10.04,144,0.46,75.8084,73.2761
2021-03,Lisboa e Vale do Tejo,ACES Amadora,"38.7573081, -9.23429",170828,126444,74.02,43992,25.75,392,0.23,49.9257,36.4185
2021-03,Lisboa e Vale do Tejo,ACES Cascais,"38.69904, -9.3818008",214324,187122,87.31,25332,11.82,1870,0.87,53.7462,27.4639
2021-03,Lisboa e Vale do Tejo,ACES Lisboa Norte,"38.7396924, -9.168506",269275,238273,88.49,26604,9.88,4398,1.63,52.2756,28.3055
2021-03,Lisboa e Vale do Tejo,ACES Oeste Norte,"39.410844, -9.1396215",180052,161061,89.45,18748,10.41,243,0.13,66.5628,48.3678
2021-03,Lisboa e Vale do Tejo,ACES Oeste Sul,"39.0917759, -9.2600341",206667,183449,88.77,22704,10.99,514,0.25,60.9389,39.9285
2021-03,Norte,ACES Alto Tâmega e Barroso,"41.741781, -7.4731648",90161,88055,97.66,1920,2.13,186,0.21,69.3803,57.7032
2021-03,Norte,ACES Aveiro Norte,"40.8472225, -8.4656674",118595,111543,94.05,5230,4.41,1822,1.54,72.4702,67.7113
2021-03,Norte,ACES Douro Sul,"41.0953745, -7.8123805",69425,69249,99.75,139,0.2,37,0.05,75.2308,38.0682
2021-03,Norte,ACES Feira e Arouca,"40.9263169, -8.5478813",153717,148315,96.49,5352,3.48,50,0.03,71.8928,67.9563
2021-03,Norte,ACES Matosinhos,"41.1918541, -8.6590693",176500,174807,99.04,1546,0.88,147,0.08,69.652,26.1975
2021-03,Norte,ACES Porto Oriental,"41.1694498, -8.6126428",118447,114017,96.26,4379,3.7,51,0.04,66.2074,56.2161
2021-03,Norte,ACES Póvoa do Varzim / Vila do Conde,"41.355519, -8.746653",152071,149679,98.43,2369,1.56,23,0.02,67.6389,51.779
2021-04,Alentejo,ACES Baixo Alentejo,"38.0153039, -7.8627308",123984,116608,94.05,6951,5.61,425,0.34,69.1275,56.7864
2021-04,Alentejo,ACES São Mamede,"39.2967086, -7.4284755",114529,104983,91.66,9372,8.18,174,0.15,69.1849,64.8501
2021-04,Centro,ACES Beira Interior Sul,"39.8211367, -7.5036651",73817,63890,86.55,9659,13.09,268,0.36,67.2334,52.2826
2021-04,Centro,ACES Cova da Beira,"40.2677741, -7.4995083",86501,84677,97.89,1656,1.91,168,0.19,69.8832,64.3445
2021-04,Centro,ACES Pinhal Interior Norte,"40.1151262, -8.2473136",130588,126035,96.51,3823,2.93,730,0.56,71.3603,42.1793
2021-04,Lisboa e Vale do Tejo,ACES Arrábida,"38.5324373, -8.8627453",234946,183473,78.09,51031,21.72,442,0.19,61.8853,43.9054
2021-04,Lisboa e Vale do Tejo,ACES Médio Tejo,"39.478072, -8.5404429",225110,197137,87.57,27618,12.27,355,0.16,69.2876,61.1604
2021-04,Norte,ACES Braga,"41.5518714, -8.4126362",202082,201722,99.82,339,0.17,21,0.01,72.9775,11.1111
2021-04,Norte,ACES Feira e Arouca,"40.9263169, -8.5478813",153740,148307,96.47,5383,3.5,50,0.03,72.8982,69.0906
2021-04,Norte,ACES Gaia,"41.1278433, -8.580396",159050,151040,94.96,7816,4.91,194,0.12,66.2999,42.033
2021-04,Norte,ACES Gerês / Cabreira,"41.6298661, -8.3596897",108067,106821,98.85,1225,1.13,21,0.02,73.9995,67.3878
2021-04,Norte,ACES Gondomar,"41.1738444, -8.5612238",168404,160247,95.16,8089,4.8,68,0.04,71.7685,65.5342
2021-04,Norte,ACES Maia / Valongo,"41.2333945, -8.6187474",221288,215537,97.4,5685,2.57,66,0.03,68.6585,51.1389
2021-04,Norte,ACES Matosinhos,"41.1918541, -8.6590693",176615,173925,98.48,2542,1.44,148,0.08,70.4837,34.325
2021-05,Alentejo,ACES Alentejo Litoral,"38.3841359, -8.5132031",99946,91290,91.34,8512,8.52,144,0.14,61.8294,42.0998
2021-05,Alentejo,ACES Baixo Alentejo,"38.0153039, -7.8627308",123934,115370,93.09,8134,6.56,430,0.35,69.8757,60.6492
2021-05,Alentejo,ACES São Mamede,"39.2967086, -7.4284755",114637,104857,91.47,9605,8.38,175,0.15,69.535,62.8004
2021-05,Centro,ACES Cova da Beira,"40.2677741, -7.4995083",86566,84695,97.84,1817,2.1,54,0.06,70.6879,65.3476
2021-05,Lisboa e Vale do Tejo,ACES Lisboa Norte,"38.7396924, -9.168506",270289,240883,89.12,25010,9.25,4396,1.63,53.9338,26.3187
2021-05,Lisboa e Vale do Tejo,ACES Oeste Sul,"39.0917759, -9.2600341",208076,177508,85.31,30064,14.45,504,0.24,62.3275,42.5524
2021-05,Norte,ACES Alto Tâmega e Barroso,"41.741781, -7.4731648",90361,87445,96.77,2730,3.02,186,0.21,70.8721,59.501
2021-05,Norte,ACES Aveiro Norte,"40.8472225, -8.4656674",118643,116799,98.45,1805,1.52,39,0.03,74.4686,74.8373
2021-05,Norte,ACES Barcelos / Esposende,"41.5317419, -8.6178922",159697,152798,95.68,6810,4.26,89,0.06,72.7551,68.8361
2021-05,Norte,ACES Espinho / Gaia,"41.0022421, -8.642018",183523,177323,96.62,6138,3.34,62,0.03,71.305,58.8387
2021-05,Norte,ACES Gaia,"41.1278433, -8.580396",159226,153121,96.17,5884,3.7,221,0.14,66.9612,36.9697
2021-05,Norte,ACES Gerês / Cabreira,"41.6298661, -8.3596897",108118,108055,99.94,42,0.04,21,0.02,75.1054,31.8182
2021-05,Norte,ACES Porto Ocidental,"41.1741353, -8.6691662",178229,169619,95.17,8336,4.68,274,0.15,64.7399,46.6667
2021-05,Norte,ACES Vale do Sousa Norte,"41.2793583, -8.2787457",160627,153957,95.85,6662,4.15,8,0.0,76.847,72.4138
2021-06,Centro,ACES Baixo Mondego,"40.2150023, -8.4071805",390036,364480,93.45,23308,5.98,2248,0.58,69.4153,49.0159
2021-06,Centro,ACES Baixo Vouga,"40.6405055, -8.6537539",395059,358761,90.81,34013,8.61,2285,0.58,69.471,53.638
2021-06,Centro,ACES Pinhal Interior Norte,"40.1151262, -8.2473136",130760,125290,95.82,4751,3.63,719,0.55,72.6071,46.8556
2021-06,Lisboa e Vale do Tejo,ACES Arco Ribeirinho,"38.6672076, -9.0543329",223884,162784,72.71,60876,27.19,224,0.1,59.6059,46.8682
2021-06,Lisboa e Vale do Tejo,ACES Lezíria,"39.2371689, -8.6908895",197829,172152,87.02,23730,12.0,1947,0.98,72.3296,48.9065
2021-06,Lisboa e Vale do Tejo,ACES Oeste Norte,"39.410844, -9.1396215",179921,151526,84.22,28164,15.65,231,0.13,69.1292,53.8276
2021-06,Lisboa e Vale do Tejo,ACES Sintra,"38.7519209, -9.2753636",364297,261238,71.71,101959,27.99,1100,0.3,54.0747,42.4854
2021-06,Norte,ACES Alto Ave,"41.4417064, -8.1722408",272816,269496,98.78,3247,1.19,73,0.03,76.1949,60.181
2021-06,Norte,ACES Ave / Famalicão,"41.3835805, -8.4157518",124683,122723,98.43,1881,1.51,79,0.06,74.5928,56.1224
2021-06,Norte,ACES Douro Sul,"41.0953745, -7.8123805",68886,67341,97.76,1504,2.18,41,0.06,78.5517,65.5016
2021-06,Norte,ACES Marão e Douro Norte,"41.2968711, -7.7483727",105509,97138,92.07,8139,7.71,232,0.22,70.7883,65.8464
2021-06,Norte,ACES Vale do Sousa Norte,"41.2793583, -8.2787457",160468,153987,95.96,6470,4.03,11,0.01,77.4516,74.6296
2021-07,Alentejo,ACES Alentejo Central,"38.8442031, -7.5826619",167162,157144,94.01,9739,5.83,279,0.17,75.029,75.2121
2021-07,Alentejo,ACES Alentejo Litoral,"38.3841359, -8.5132031",101026,90638,89.72,10221,10.12,167,0.17,62.5245,41.625
2021-07,Algarve,ACES Algarve Barlavento,"37.1387554, -8.5445093",181901,132930,73.08,47969,26.37,1002,0.55,56.8169,35.4243
2021-07,Centro,ACES Guarda,"40.5353285, -7.2724426",150728,137399,91.16,12119,8.04,1210,0.8,70.3366,47.4904
2021-07,Lisboa e Vale do Tejo,ACES Amadora,"38.7573081, -9.23429",172815,125803,72.8,46619,26.98,393,0.23,53.1985,38.0286
2021-07,Norte,ACES Aveiro Norte,"40.8472225, -8.4656674",118832,116991,98.45,1801,1.52,40,0.03,75.3114,74.6877
2021-07,Norte,ACES Barcelos / Esposende,"41.5317419, -8.6178922",159893,154874,96.86,4929,3.08,90,0.06,74.0683,71.2236
2021-07,Norte,ACES Espinho / Gaia,"41.0022421, -8.642018",183861,175798,95.61,7994,4.35,69,0.04,72.6084,59.0351
2021-07,Norte,ACES Gaia,"41.1278433, -8.580396",159698,151235,94.7,8198,5.13,265,0.17,67.9933,43.5543
2021-08,Centro,ACES Beira Interior Sul,"39.8211367, -7.5036651",74236,63619,85.7,10273,13.84,344,0.46,69.7793,52.7694
2021-08,Centro,ACES Pinhal Litoral,"39.7495331, -8.807683",275647,246597,89.46,28229,10.24,821,0.3,69.9706,54.4065
2021-08,Lisboa e Vale do Tejo,ACES Estuário do Tejo,"38.9528113, -8.9911154",236187,173317,73.38,62207,26.34,663,0.28,61.823,42.2597
2021-08,Lisboa e Vale do Tejo,ACES Lisboa Central,"38.7306317, -9.1510414",299982,243245,81.09,55656,18.55,1081,0.36,51.9095,28.5961
2021-08,Lisboa e Vale do Tejo,ACES Médio Tejo,"39.478072, -8.5404429",225092,189319,84.11,35379,15.72,394,0.18,70.652,62.0346
2021-08,Norte,ACES Ave / Famalicão,"41.3835805, -8.4157518",124631,123129,98.79,1430,1.15,72,0.06,76.5454,4.59184
2021-08,Norte,ACES Espinho / Gaia,"41.0022421, -8.642018",184163,174322,94.66,9774,5.31,67,0.04,72.9667,60.2484
2021-08,Norte,ACES Póvoa do Varzim / Vila do Conde,"41.355519, -8.746653",152921,151040,98.77,1843,1.21,38,0.02,70.3364,41.8455
2021-09,Algarve,ACES Algarve Central,"37.0274264, -7.9395984",272874,240621,88.18,31901,11.69,352,0.13,56.0154,24.9535
2021-09,Centro,ACES Baixo Vouga,"40.6405055, -8.6537539",396822,370193,93.29,24299,6.12,2330,0.59,70.4175,45.2109
2021-09,Centro,ACES Pinhal Interior Sul,"39.7510898, -7.9203657",31257,26752,85.59,4330,13.85,175,0.56,77.877,77.0921
2021-09,Lisboa e Vale do Tejo,ACES Cascais,"38.69904, -9.3818008",222381,186064,83.67,33058,14.87,3259,1.47,54.7649,25.0903
2021-09,Norte,ACES Braga,"41.5518714, -8.4126362",203356,198317,97.52,5037,2.48,2,0.0,75.2333,53.5396
2021-09,Norte,ACES Douro Sul,"41.0953745, -7.8123805",69040,68900,99.8,125,0.18,15,0.02,79.241,18.5714
2021-09,Norte,ACES Matosinhos,"41.1918541, -8.6590693",177039,171711,96.99,5177,2.92,151,0.09,74.0412,43.2319
2021-09,Norte,ACES Porto Oriental,"41.1694498, -8.6126428",119017,110624,92.95,8330,7.0,63,0.05,69.883,56.2604
2021-09,Norte,ACES Póvoa do Varzim / Vila do Conde,"41.355519, -8.746653",153066,152733,99.78,295,0.19,38,0.02,70.3959,18.1269
2021-10,Alentejo,ACES Alentejo Central,"38.8442031, -7.5826619",167618,160189,95.57,7128,4.25,301,0.18,75.5689,68.3672
2021-10,Centro,ACES Pinhal Interior Sul,"39.7510898, -7.9203657",31249,26758,85.63,4308,13.79,183,0.59,78.1081,77.4215
2021-10,Centro,ACES Pinhal Litoral,"39.7495331, -8.807683",277201,253883,91.59,22527,8.13,791,0.29,70.1159,50.3388
2021-10,Lisboa e Vale do Tejo,ACES Almada / Seixal,"38.6678522, -9.1875777",357493,302902,84.73,52755,14.76,1836,0.51,62.1734,40.9811
2021-10,Lisboa e Vale do Tejo,ACES Arco Ribeirinho,"38.6672076, -9.0543329",226304,164185,72.55,61898,27.35,221,0.1,61.1324,42.8693
2021-10,Lisboa e Vale do Tejo,ACES Loures / Odivelas,"38.8012718, -9.1137868",374787,304092,81.14,70490,18.81,205,0.05,56.1065,31.7533
2021-10,Norte,ACES Espinho / Gaia,"41.0022421, -8.642018",184402,172481,93.54,11855,6.43,66,0.04,72.8105,62.4948
2021-10,Norte,ACES Gerês / Cabreira,"41.6298661, -8.3596897",106719,106640,99.93,71,0.07,8,0.01,79.3907,9.41177
2021-10,Norte,ACES Póvoa do Varzim / Vila do Conde,"41.355519, -8.746653",153036,152793,99.84,204,0.13,39,0.03,70.0776,20.1646
2021-10,Norte,ACES Vale do Sousa Sul,"41.1548155, -8.2163769",174291,172471,98.96,1809,1.04,11,0.01,75.95,72.3626
2021-11,Algarve,ACES Algarve Barlavento,"37.1387554, -8.5445093",183856,132838,72.25,50088,27.24,930,0.51,56.665,34.9125
2021-11,Centro,ACES Pinhal Interior Norte,"40.1151262, -8.2473136",131392,123187,93.76,7427,5.65,778,0.59,73.984,54.7959
2021-11,Centro,ACES Pinhal Interior Sul,"39.7510898, -7.9203657",31261,26740,85.54,4326,13.84,195,0.62,78.334,77.4607
2021-11,Lisboa e Vale do Tejo,ACES Estuário do Tejo,"38.9528113, -8.9911154",236970,174998,73.85,61336,25.88,636,0.27,61.7825,42.882
2021-11,Lisboa e Vale do Tejo,ACES Loures / Odivelas,"38.8012718, -9.1137868",375360,300384,80.03,74773,19.92,203,0.05,55.8299,32.057
2021-11,Lisboa e Vale do Tejo,ACES Médio Tejo,"39.478072, -8.5404429",225323,182929,81.19,41992,18.64,402,0.18,70.2314,63.3899
2021-11,Norte,ACES Gondomar,"41.1738444, -8.5612238",167844,163917,97.66,3857,2.3,70,0.04,74.2392,62.2166
2021-11,Norte,ACES Marão e Douro Norte,"41.2968711, -7.7483727",105781,99907,94.45,5642,5.33,232,0.22,71.8166,64.8791
2021-11,Norte,ACES Porto Ocidental,"41.1741353, -8.6691662",178479,172715,96.77,5508,3.09,256,0.14,66.5398,18.0777
2021-11,Norte,ACES Póvoa do Varzim / Vila do Conde,"41.355519, -8.746653",153229,152827,99.74,364,0.24,38,0.02,69.9264,31.5657
2021-11,Norte,ACES Santo Tirso / Trofa,"41.3469246, -8.4822648",115516,111887,96.86,3599,3.12,30,0.03,75.4067,63.5075
2021-12,Centro,ACES Guarda,"40.5353285, -7.2724426",151279,136784,90.42,13232,8.75,1263,0.83,71.0356,50.7347
2021-12,Centro,ACES Pinhal Litoral,"39.7495331, -8.807683",277199,251974,90.9,24440,8.82,785,0.28,71.6502,51.0506
2021-12,Lisboa e Vale do Tejo,ACES Arrábida,"38.5324373, -8.8627453",239381,184131,76.92,54647,22.83,603,0.25,65.4831,45.4407
2021-12,Lisboa e Vale do Tejo,ACES Lezíria,"39.2371689, -8.6908895",200277,171590,85.68,26734,13.35,1953,0.98,73.7588,59.2028
2021-12,Lisboa e Vale do Tejo,ACES Lisboa Norte,"38.7396924, -9.168506",272430,234507,86.08,32601,11.97,5322,1.95,57.3902,30.5461
2021-12,Lisboa e Vale do Tejo,ACES Oeste Norte,"39.410844, -9.1396215",180743,142632,78.91,37900,20.97,211,0.12,71.4484,46.8023
2021-12,Norte,ACES Barcelos / Esposende,"41.5317419, -8.6178922",160292,156575,97.68,3657,2.28,60,0.04,74.5465,68.792
2021-12,Norte,ACES Braga,"41.5518714, -8.4126362",204305,200003,97.89,4302,2.11,0,0.0,74.2914,59.3126
2021-12,Norte,ACES Douro Sul,"41.0953745, -7.8123805",69134,68901,99.66,213,0.31,20,0.03,79.7365,24.4635
2021-12,Norte,ACES Feira e Arouca,"40.9263169, -8.5478813",154871,149785,96.72,5070,3.27,16,0.01,75.4993,75.6193
2021-12,Norte,ACES Matosinhos,"41.1918541, -8.6590693",177175,170960,96.49,6064,3.42,151,0.09,74.0387,45.7603
2021-12,Norte,ACES Nordeste,"41.8069684, -6.7587977",132389,126763,95.75,4670,3.53,956,0.72,75.291,44.1877
2021-12,Norte,ACES Porto Ocidental,"41.1741353, -8.6691662",177945,170821,96.0,6885,3.87,239,0.13,67.5439,23.8069
2021-12,Norte,ACES Porto Oriental,"41.1694498, -8.6126428",119127,108986,91.49,10074,8.46,67,0.06,70.33,58.1698
2021-12,Norte,ACES Póvoa do Varzim / Vila do Conde,"41.355519, -8.746653",153553,152998,99.64,517,0.34,38,0.02,70.2322,33.213
2021-12,Norte,ACES Vale do Sousa Norte,"41.2793583, -8.2787457",160921,150351,93.43,10563,6.56,7,0.0,77.6607,65.6635
2022-01,Alentejo,ACES Alentejo Central,"38.8442031, -7.5826619",168093,156098,92.86,10151,6.04,1844,1.1,76.3387,65.8941
2022-01,Alentejo,ACES Alentejo Litoral,"38.3841359, -8.5132031",102857,88257,85.81,14328,13.93,272,0.26,63.0429,43.7123
2022-01,Algarve,ACES Algarve Barlavento,"37.1387554, -8.5445093",184998,133361,72.09,50718,27.42,919,0.5,57.056,33.241
2022-01,Algarve,ACES Algarve Central,"37.0274264, -7.9395984",275998,244691,88.66,30938,11.21,369,0.13,57.4641,24.7173
2022-01,Centro,ACES Pinhal Interior Norte,"40.1151262, -8.2473136",131583,123726,94.03,7075,5.38,782,0.59,74.3044,54.9217
2022-01,Lisboa e Vale do Tejo,ACES Estuário do Tejo,"38.9528113, -8.9911154",237866,169147,71.11,68103,28.63,616,0.26,63.0641,44.6904
2022-01,Lisboa e Vale do Tejo,ACES Loures / Odivelas,"38.8012718, -9.1137868",375636,296030,78.81,79445,21.15,161,0.04,56.5547,33.407
2022-01,Lisboa e Vale do Tejo,ACES Médio Tejo,"39.478072, -8.5404429",225798,181473,80.37,43950,19.46,375,0.17,70.6423,63.1292
2022-01,Norte,ACES Ave / Famalicão,"41.3835805, -8.4157518",124881,122757,98.3,2060,1.65,64,0.05,77.926,62.6472
2022-01,Norte,ACES Maia / Valongo,"41.2333945, -8.6187474",221793,210335,94.83,10985,4.95,473,0.21,72.9724,62.5578
2022-01,Norte,ACES Matosinhos,"41.1918541, -8.6590693",177082,167893,94.81,9040,5.1,149,0.08,74.8184,48.3344
2022-01,Norte,ACES Porto Ocidental,"41.1741353, -8.6691662",178006,169466,95.2,8305,4.67,235,0.13,68.7047,29.2589
2022-01,Norte,ACES Vale do Sousa Sul,"41.1548155, -8.2163769",174777,167966,96.1,6800,3.89,11,0.01,77.3757,73.3666
2022-02,Alentejo,ACES Alentejo Central,"38.8442031, -7.5826619",168226,157943,93.89,8429,5.01,1854,1.1,76.1856,60.8811
2022-02,Algarve,ACES Algarve Sotavento,"37.383008, -7.7293275",63456,55537,87.52,7829,12.34,90,0.14,65.0412,43.3876
2022-02,Centro,ACES Beira Interior Sul,"39.8211367, -7.5036651",74699,64363,86.16,9707,12.99,629,0.84,70.4842,48.5148
2022-02,Centro,ACES Pinhal Interior Sul,"39.7510898, -7.9203657",31364,26792,85.42,4363,13.91,209,0.67,79.8284,77.3593
2022-02,Lisboa e Vale do Tejo,ACES Almada / Seixal,"38.6678522, -9.1875777",360515,303481,84.18,55443,15.38,1591,0.44,63.2563,20.6705
2022-02,Lisboa e Vale do Tejo,ACES Lisboa Ocidental e Oeiras,"38.6914388, -9.3184304",252354,204515,81.04,47530,18.83,309,0.12,59.4853,39.1257
2022-02,Lisboa e Vale do Tejo,ACES Loures / Odivelas,"38.8012718, -9.1137868",376009,290503,77.26,85352,22.7,154,0.04,56.3681,35.5211
2022-02,Lisboa e Vale do Tejo,ACES Médio Tejo,"39.478072, -8.5404429",225817,181358,80.31,44097,19.53,362,0.16,70.6277,62.9659
2022-02,Norte,ACES Alto Minho,"41.7056054, -8.8252713",249501,248777,99.71,612,0.25,112,0.04,77.1723,39.1123
2022-02,Norte,ACES Ave / Famalicão,"41.3835805, -8.4157518",124957,124620,99.73,275,0.22,62,0.05,78.1275,2.37389
2022-02,Norte,ACES Baixo Tâmega,"41.2719719, -8.0791631",163367,163156,99.87,80,0.05,131,0.08,76.6862,17.6768
2022-02,Norte,ACES Douro Sul,"41.0953745, -7.8123805",68900,68600,99.56,283,0.41,17,0.02,78.7453,28.3333
2022-02,Norte,ACES Gaia,"41.1278433, -8.580396",161357,158991,98.53,2207,1.37,159,0.1,70.665,53.2347
2022-02,Norte,ACES Maia / Valongo,"41.2333945, -8.6187474",221296,218407,98.69,2824,1.28,65,0.03,73.3208,32.8369
2022-02,Norte,ACES Matosinhos,"41.1918541, -8.6590693",177038,167463,94.59,9427,5.32,148,0.08,74.7646,48.4437
2022-02,Norte,ACES Santo Tirso / Trofa,"41.3469246, -8.4822648",115609,114948,99.43,630,0.54,31,0.03,75.5482,11.2575
2022-03,Algarve,ACES Algarve Sotavento,"37.383008, -7.7293275",63354,55485,87.58,7778,12.28,91,0.14,65.5823,43.2965
2022-03,Centro,ACES Baixo Mondego,"40.2150023, -8.4071805",392166,368751,94.03,21529,5.49,1886,0.48,71.7646,45.2153
2022-03,Centro,ACES Baixo Vouga,"40.6405055, -8.6537539",400280,378054,94.45,19775,4.94,2451,0.61,71.4024,40.8755
2022-03,Centro,ACES Beira Interior Sul,"39.8211367, -7.5036651",74887,61406,82.0,13147,17.56,334,0.45,70.6937,53.4076
2022-03,Lisboa e Vale do Tejo,ACES Arco Ribeirinho,"38.6672076, -9.0543329",229751,159101,69.25,70431,30.66,219,0.1,61.6411,45.8152
2022-03,Lisboa e Vale do Tejo,ACES Arrábida,"38.5324373, -8.8627453",240682,181778,75.53,58268,24.21,636,0.26,64.8856,45.5334
2022-03,Lisboa e Vale do Tejo,ACES Loures / Odivelas,"38.8012718, -9.1137868",376134,287699,76.49,88292,23.47,143,0.04,56.7312,36.0223
2022-03,Lisboa e Vale do Tejo,ACES Médio Tejo,"39.478072, -8.5404429",225724,174608,77.35,50723,22.47,393,0.17,70.8267,63.8825
2022-03,Norte,ACES Gerês / Cabreira,"41.6298661, -8.3596897",106993,106936,99.95,49,0.05,8,0.01,80.1251,29.0323
2022-03,Norte,ACES Vale do Sousa Sul,"41.1548155, -8.2163769",174968,170099,97.22,4858,2.78,11,0.01,78.2107,75.2105
2022-04,Alentejo,ACES Alentejo Central,"38.8442031, -7.5826619",168142,153341,91.2,12929,7.69,1872,1.11,76.7601,65.5294
2022-04,Centro,ACES Pinhal Litoral,"39.7495331, -8.807683",277852,243933,87.79,33165,11.94,754,0.27,72.476,57.2953
2022-04,Lisboa e Vale do Tejo,ACES Almada / Seixal,"38.6678522, -9.1875777",361658,303972,84.05,56150,15.53,1536,0.42,63.5781,24.7369
2022-04,Lisboa e Vale do Tejo,ACES Arco Ribeirinho,"38.6672076, -9.0543329",230043,159010,69.12,70812,30.78,221,0.1,61.4837,45.721
2022-04,Lisboa e Vale do Tejo,ACES Oeste Norte,"39.410844, -9.1396215",181835,139976,76.98,41654,22.91,205,0.11,71.6347,53.2268
2022-04,Lisboa e Vale do Tejo,ACES Oeste Sul,"39.0917759, -9.2600341",214134,154375,72.09,59250,27.67,509,0.24,63.718,46.0167
2022-04,Norte,ACES Alto Ave,"41.4417064, -8.1722408",272742,267670,98.14,4989,1.83,83,0.03,77.8412,61.2973
2022-04,Norte,ACES Marão e Douro Norte,"41.2968711, -7.7483727",105486,103678,98.29,1577,1.49,231,0.22,74.94,54.4248
2022-05,Algarve,ACES Algarve Barlavento,"37.1387554, -8.5445093",186661,132807,71.15,52886,28.33,968,0.52,57.1377,30.9014
2022-05,Algarve,ACES Algarve Central,"37.0274264, -7.9395984",277959,240640,86.57,36943,13.29,376,0.14,58.2739,26.3334
2022-05,Algarve,ACES Algarve Sotavento,"37.383008, -7.7293275",63505,55483,87.37,7922,12.47,100,0.16,65.3129,33.8655
2022-05,Centro,ACES Pinhal Interior Norte,"40.1151262, -8.2473136",131640,122308,92.91,8581,6.52,751,0.57,74.4826,53.756
2022-05,Lisboa e Vale do Tejo,ACES Arco Ribeirinho,"38.6672076, -9.0543329",230618,158681,68.81,71715,31.1,222,0.1,61.4837,45.721
2022-05,Lisboa e Vale do Tejo,ACES Médio Tejo,"39.478072, -8.5404429",225279,167376,74.3,57468,25.51,435,0.19,70.8749,63.658
2022-05,Norte,ACES Barcelos / Esposende,"41.5317419, -8.6178922",161047,160849,99.88,136,0.08,62,0.04,75.5169,62.0245
2022-05,Norte,ACES Gaia,"41.1278433, -8.580396",161872,157031,97.01,4675,2.89,166,0.1,71.396,48.4066
2022-05,Norte,ACES Matosinhos,"41.1918541, -8.6590693",176732,170246,96.33,6342,3.59,144,0.08,74.9122,36.7996
2022-05,Norte,ACES Nordeste,"41.8069684, -6.7587977",132115,118894,89.99,12268,9.29,953,0.72,75.9308,55.1983
2022-05,Norte,ACES Vale do Sousa Sul,"41.1548155, -8.2163769",175145,167798,95.81,7336,4.19,11,0.01,78.1924,75.3893
2022-06,Alentejo,ACES São Mamede,"39.2967086, -7.4284755",115357,92837,80.48,22315,19.34,205,0.18,71.6428,68.924
2022-06,Centro,ACES Cova da Beira,"40.2677741, -7.4995083",87728,82968,94.57,4634,5.28,126,0.14,74.4913,64.0816
2022-06,Centro,ACES Pinhal Interior Sul,"39.7510898, -7.9203657",31483,25530,81.09,5744,18.24,209,0.66,80.5959,78.5654
2022-06,Lisboa e Vale do Tejo,ACES Lisboa Central,"38.7306317, -9.1510414",308581,234435,75.97,73099,23.69,1047,0.34,51.5527,29.769
2022-06,Norte,ACES Alto Ave,"41.4417064, -8.1722408",272654,270923,99.37,1643,0.6,88,0.03,78.1372,36.6686
2022-06,Norte,ACES Alto Tâmega e Barroso,"41.741781, -7.4731648",90518,87534,96.7,2762,3.05,222,0.25,75.6778,58.8707
2022-06,Norte,ACES Baixo Tâmega,"41.2719719, -8.0791631",163393,161521,98.85,1753,1.07,119,0.07,77.4813,60.9509
2022-06,Norte,ACES Barcelos / Esposende,"41.5317419, -8.6178922",161109,160906,99.87,142,0.09,61,0.04,76.5456,45.8763
2022-06,Norte,ACES Braga,"41.5518714, -8.4126362",205758,198787,96.61,6970,3.39,1,0.0,75.373,60.3011
2022-06,Norte,ACES Feira e Arouca,"40.9263169, -8.5478813",155485,152087,97.81,3386,2.18,12,0.01,76.7251,78.1342
2022-06,Norte,ACES Matosinhos,"41.1918541, -8.6590693",176682,168361,95.29,8176,4.63,145,0.08,74.8499,45.6595
2022-06,Norte,ACES Nordeste,"41.8069684, -6.7587977",132070,118848,89.99,12269,9.29,953,0.72,75.8234,57.185
2022-06,Norte,ACES Porto Oriental,"41.1694498, -8.6126428",119651,110799,92.6,8787,7.34,65,0.05,72.1039,49.9887
2022-07,Centro,ACES Baixo Vouga,"40.6405055, -8.6537539",402062,360124,89.57,39537,9.83,2401,0.6,71.7189,53.7759
2022-07,Lisboa e Vale do Tejo,ACES Loures / Odivelas,"38.8012718, -9.1137868",377054,282828,75.01,94035,24.94,191,0.05,57.0694,32.9149
2022-07,Norte,ACES Alto Tâmega e Barroso,"41.741781, -7.4731648",90627,87812,96.89,2593,2.86,222,0.24,75.6778,58.8707
2022-07,Norte,ACES Braga,"41.5518714, -8.4126362",205918,200236,97.24,5681,2.76,1,0.0,75.373,60.3011
2022-07,Norte,ACES Douro Sul,"41.0953745, -7.8123805",68783,68384,99.42,386,0.56,13,0.02,78.752,44.9735
2022-07,Norte,ACES Matosinhos,"41.1918541, -8.6590693",176549,166872,94.52,9531,5.4,146,0.08,74.8499,45.6595
2022-07,Norte,ACES Porto Ocidental,"41.1741353, -8.6691662",179335,173948,97.0,5163,2.88,224,0.12,69.8411,42.1204
2022-07,Norte,ACES Santo Tirso / Trofa,"41.3469246, -8.4822648",115764,114733,99.11,990,0.86,41,0.04,76.1248,50.5036
2022-07,Norte,ACES Vale do Sousa Sul,"41.1548155, -8.2163769",175133,168006,95.93,7116,4.06,11,0.01,78.4764,75.723
2022-08,Alentejo,ACES Alentejo Litoral,"38.3841359, -8.5132031",103974,89743,86.31,13678,13.16,553,0.53,61.956,39.5856
2022-08,Alentejo,ACES São Mamede,"39.2967086, -7.4284755",115339,95343,82.66,19790,17.16,206,0.18,71.49,69.5953
2022-08,Centro,ACES Baixo Vouga,"40.6405055, -8.6537539",402526,371559,92.31,28574,7.1,2393,0.59,71.5581,53.3597
2022-08,Centro,ACES Cova da Beira,"40.2677741, -7.4995083",87795,84851,96.65,2789,3.18,155,0.18,74.4465,63.7043
2022-08,Lisboa e Vale do Tejo,ACES Lezíria,"39.2371689, -8.6908895",202171,164455,81.34,35761,17.69,1955,0.97,72.6741,60.6737
2022-08,Lisboa e Vale do Tejo,ACES Loures / Odivelas,"38.8012718, -9.1137868",377363,283630,75.16,93536,24.79,197,0.05,56.8582,33.2583
2022-08,Lisboa e Vale do Tejo,ACES Médio Tejo,"39.478072, -8.5404429",225391,174779,77.54,50165,22.26,447,0.2,70.7831,62.6464
2022-08,Lisboa e Vale do Tejo,ACES Sintra,"38.7519209, -9.2753636",374677,251937,67.24,121708,32.48,1032,0.28,57.4043,47.0167
2022-08,Norte,ACES Baixo Tâmega,"41.2719719, -8.0791631",163243,160849,98.53,2280,1.4,114,0.07,77.5061,64.7427
2022-08,Norte,ACES Espinho / Gaia,"41.0022421, -8.642018",184468,182435,98.9,1966,1.07,67,0.04,74.5446,26.2222
2022-08,Norte,ACES Gondomar,"41.1738444, -8.5612238",167485,166949,99.68,463,0.28,73,0.04,76.6974,73.3359
2022-08,Norte,ACES Marão e Douro Norte,"41.2968711, -7.7483727",105590,102159,96.75,3225,3.05,206,0.2,75.6391,64.3438
2022-08,Norte,ACES Matosinhos,"41.1918541, -8.6590693",176243,169902,96.4,6194,3.51,147,0.08,74.3091,46.223
2022-08,Norte,ACES Porto Oriental,"41.1694498, -8.6126428",120014,115741,96.44,4208,3.51,65,0.05,71.7345,49.9945
2022-08,Norte,ACES Vale do Sousa Sul,"41.1548155, -8.2163769",175305,172006,98.12,3288,1.88,11,0.01,78.401,75.5858
2022-09,Alentejo,ACES Alentejo Central,"38.8442031, -7.5826619",167667,151347,90.27,14464,8.63,1856,1.11,76.3674,65.5024
2022-09,Algarve,ACES Algarve Sotavento,"37.383008, -7.7293275",63773,57090,89.52,6580,10.32,103,0.16,64.7582,33.9668
2022-09,Centro,ACES Baixo Mondego,"40.2150023, -8.4071805",393867,363060,92.18,28934,7.35,1873,0.48,72.0228,49.3962
2022-09,Centro,ACES Beira Interior Sul,"39.8211367, -7.5036651",75342,63277,83.99,11947,15.86,118,0.16,70.5163,53.793
2022-09,Centro,ACES Guarda,"40.5353285, -7.2724426",150534,134425,89.3,14839,9.86,1270,0.84,71.7816,50.5855
2022-09,Lisboa e Vale do Tejo,ACES Lezíria,"39.2371689, -8.6908895",202526,162817,80.39,37756,18.64,1953,0.96,72.2465,59.9325
2022-09,Lisboa e Vale do Tejo,ACES Lisboa Central,"38.7306317, -9.1510414",308867,241147,78.07,66693,21.59,1027,0.33,50.6521,27.5554
2022-09,Lisboa e Vale do Tejo,ACES Lisboa Norte,"38.7396924, -9.168506",273636,227655,83.2,42571,15.56,3410,1.25,56.5246,31.1733
2022-09,Norte,ACES Baixo Tâmega,"41.2719719, -8.0791631",163367,161489,98.85,1764,1.08,114,0.07,77.5907,63.5783
2022-09,Norte,ACES Vale do Sousa Sul,"41.1548155, -8.2163769",175464,172227,98.16,3226,1.84,11,0.01,78.5194,73.8647
2022-10,Centro,ACES Baixo Mondego,"40.2150023, -8.4071805",394192,361320,91.66,30974,7.86,1898,0.48,72.1049,50.429
2022-10,Centro,ACES Dão Lafões,"40.6565861, -7.9124712",276193,261297,94.61,14511,5.25,385,0.14,72.7176,39.5207
2022-10,Centro,ACES Pinhal Interior Sul,"39.7510898, -7.9203657",31371,26958,85.93,4315,13.75,98,0.31,80.9475,78.9939
2022-10,Lisboa e Vale do Tejo,ACES Almada / Seixal,"38.6678522, -9.1875777",366165,310316,84.75,54370,14.85,1479,0.4,63.1947,35.8428
2022-10,Lisboa e Vale do Tejo,ACES Amadora,"38.7573081, -9.23429",180187,122257,67.85,57409,31.86,521,0.29,56.0357,43.052
2022-10,Lisboa e Vale do Tejo,ACES Lisboa Central,"38.7306317, -9.1510414",309515,239523,77.39,68969,22.28,1023,0.33,50.6699,31.5928
2022-10,Lisboa e Vale do Tejo,ACES Lisboa Norte,"38.7396924, -9.168506",273999,225964,82.47,44777,16.34,3258,1.19,56.3068,36.1426
2022-10,Lisboa e Vale do Tejo,ACES Loures / Odivelas,"38.8012718, -9.1137868",377997,279479,73.94,95051,25.15,3467,0.92,56.7846,34.4192
2022-10,Lisboa e Vale do Tejo,ACES Sintra,"38.7519209, -9.2753636",376196,253828,67.47,121312,32.25,1056,0.28,57.6226,47.6752
2022-10,Norte,ACES Aveiro Norte,"40.8472225, -8.4656674",119322,119292,99.97,7,0.01,23,0.02,76.6873,40.0
2022-10,Norte,ACES Espinho / Gaia,"41.0022421, -8.642018",184808,180993,97.94,3747,2.03,68,0.04,74.9343,46.775
2022-10,Norte,ACES Gaia,"41.1278433, -8.580396",162690,160682,98.77,1922,1.18,86,0.05,72.8342,61.6343
2022-10,Norte,ACES Matosinhos,"41.1918541, -8.6590693",176100,170836,97.01,5117,2.91,147,0.08,74.3798,27.7461
2022-10,Norte,ACES Porto Ocidental,"41.1741353, -8.6691662",179885,174569,97.04,5095,2.83,221,0.12,69.8311,42.8518
2022-10,Norte,ACES Porto Oriental,"41.1694498, -8.6126428",120479,117264,97.33,3155,2.62,60,0.05,71.9752,49.4868
2022-10,Norte,ACES Póvoa do Varzim / Vila do Conde,"41.355519, -8.746653",155610,155494,99.93,36,0.02,80,0.05,73.5753,36.5217
2022-11,Alentejo,ACES Alentejo Central,"38.8442031, -7.5826619",168384,151142,89.76,16826,9.99,416,0.25,76.2673,68.6081
2022-11,Alentejo,ACES Alentejo Litoral,"38.3841359, -8.5132031",105340,88865,84.36,15916,15.11,559,0.53,60.7376,39.1975
2022-11,Algarve,ACES Algarve Central,"37.0274264, -7.9395984",279763,239245,85.52,40073,14.32,445,0.16,58.9119,32.7262
2022-11,Centro,ACES Beira Interior Sul,"39.8211367, -7.5036651",75542,63601,84.19,11558,15.3,383,0.51,70.7547,53.2284
2022-11,Centro,ACES Pinhal Interior Norte,"40.1151262, -8.2473136",131967,120001,90.93,11228,8.51,738,0.56,73.9274,58.2992
2022-11,Centro,ACES Pinhal Litoral,"39.7495331, -8.807683",279985,245965,87.85,33283,11.89,737,0.26,71.6379,56.0935
2022-11,Lisboa e Vale do Tejo,ACES Lezíria,"39.2371689, -8.6908895",203081,156194,76.91,44932,22.13,1955,0.96,71.7316,60.9667
2022-11,Lisboa e Vale do Tejo,ACES Lisboa Central,"38.7306317, -9.1510414",309857,231440,74.69,77402,24.98,1015,0.33,50.5138,30.3919
2022-11,Lisboa e Vale do Tejo,ACES Lisboa Norte,"38.7396924, -9.168506",274045,216211,78.9,55578,20.28,2256,0.82,56.0036,36.6929
2022-11,Lisboa e Vale do Tejo,ACES Loures / Odivelas,"38.8012718, -9.1137868",378259,281566,74.44,96025,25.39,668,0.18,56.7043,32.549
2022-11,Norte,ACES Maia / Valongo,"41.2333945, -8.6187474",222520,217376,97.69,5094,2.29,50,0.02,74.1747,43.5848
2022-11,Norte,ACES Porto Ocidental,"41.1741353, -8.6691662",180232,174945,97.07,5060,2.81,227,0.13,69.9148,42.4626
2022-12,Norte,ACES Vale do Sousa Sul,"41.1548155, -8.2163769",175653,165086,93.98,10557,6.01,10,0.01,78.6602,77.7189
2022-12,Norte,ACES Barcelos / Esposende,"41.5317419, -8.6178922",161293,156356,96.94,4875,3.02,62,0.04,77.3865,70.8532
2022-12,Norte,ACES Baixo Tâmega,"41.2719719, -8.0791631",162703,159328,97.93,3249,2.0,126,0.08,77.3182,74.7206
2022-12,Norte,ACES Porto Ocidental,"41.1741353, -8.6691662",179985,174799,97.12,4963,2.76,223,0.12,69.7558,56.7874
2022-12,Norte,ACES Póvoa do Varzim / Vila do Conde,"41.355519, -8.746653",155736,150537,96.66,5123,3.29,76,0.05,74.738,68.7564
2022-12,Norte,ACES Espinho / Gaia,"41.0022421, -8.642018",184830,181018,97.94,3744,2.03,68,0.04,74.8179,67.0342
2022-12,Norte,ACES Gondomar,"41.1738444, -8.5612238",167799,165869,98.85,1864,1.11,66,0.04,76.7448,75.6432
2022-12,Norte,ACES Nordeste,"41.8069684, -6.7587977",132048,124936,94.61,6152,4.66,960,0.73,74.0912,64.4658
2022-12,Lisboa e Vale do Tejo,ACES Oeste Sul,"39.0917759, -9.2600341",216244,140616,65.03,75148,34.75,480,0.22,62.0609,46.3691
2022-12,Alentejo,ACES Alentejo Litoral,"38.3841359, -8.5132031",105412,87602,83.1,17247,16.36,563,0.53,60.1876,46.3203
2022-12,Alentejo,ACES Alentejo Central,"38.8442031, -7.5826619",168434,144947,86.06,23052,13.69,435,0.26,75.3797,69.5872
2023-01,Norte,ACES Feira e Arouca,"40.9263169, -8.5478813",155688,147673,94.85,8002,5.14,13,0.01,75.1882,72.6762
2023-01,Norte,ACES Marão e Douro Norte,"41.2968711, -7.7483727",106259,102774,96.72,3307,3.11,178,0.17,74.5579,65.7192
2023-01,Norte,ACES Alto Ave,"41.4417064, -8.1722408",273327,267586,97.9,5660,2.07,81,0.03,77.7264,68.0488
2023-01,Centro,ACES Baixo Mondego,"40.2150023, -8.4071805",394634,353789,89.65,38912,9.86,1933,0.49,71.2397,52.807
2023-01,Lisboa e Vale do Tejo,ACES Cascais,"38.69904, -9.3818008",229583,181393,79.01,44145,19.23,4045,1.76,53.9272,17.5453
2023-01,Lisboa e Vale do Tejo,ACES Amadora,"38.7573081, -9.23429",180892,117306,64.85,63067,34.86,519,0.29,54.0516,41.1899
2023-01,Lisboa e Vale do Tejo,ACES Lisboa Central,"38.7306317, -9.1510414",308809,222140,71.93,85671,27.74,998,0.32,49.0097,31.5895
2023-01,Lisboa e Vale do Tejo,ACES Médio Tejo,"39.478072, -8.5404429",225378,169094,75.03,55788,24.75,496,0.22,69.4942,60.5647
2023-01,Lisboa e Vale do Tejo,ACES Almada / Seixal,"38.6678522, -9.1875777",367460,310913,84.61,55079,14.99,1468,0.4,62.3407,30.7956
2023-01,Alentejo,ACES Alentejo Central,"38.8442031, -7.5826619",168270,143643,85.36,24181,14.37,446,0.27,75.0413,67.8268
2023-01,Algarve,ACES Algarve Barlavento,"37.1387554, -8.5445093",188814,135315,71.67,52408,27.76,1091,0.58,55.0322,27.7196
2023-02,Norte,ACES Maia / Valongo,"41.2333945, -8.6187474",222842,217333,97.53,5461,2.45,48,0.02,73.2392,45.6889
2023-02,Centro,ACES Pinhal Litoral,"39.7495331, -8.807683",280098,237279,84.71,42111,15.03,708,0.25,70.3652,57.0494
2023-02,Centro,ACES Guarda,"40.5353285, -7.2724426",149935,131305,87.57,16391,10.93,2239,1.49,71.3754,50.6172
2023-02,Lisboa e Vale do Tejo,ACES Oeste Norte,"39.410844, -9.1396215",184031,136920,74.4,46928,25.5,183,0.1,69.146,54.2952
2023-02,Lisboa e Vale do Tejo,ACES Estuário do Tejo,"38.9528113, -8.9911154",238388,135879,57.0,101926,42.76,583,0.24,57.3611,39.9188
2023-02,Lisboa e Vale do Tejo,ACES Sintra,"38.7519209, -9.2753636",377388,254811,67.52,121529,32.2,1048,0.28,56.4228,44.8806
2023-02,Algarve,ACES Algarve Central,"37.0274264, -7.9395984",279723,229068,81.89,50278,17.97,377,0.13,58.0982,33.6545
2023-02,Algarve,ACES Algarve Barlavento,"37.1387554, -8.5445093",189090,134060,70.9,53947,28.53,1083,0.57,55.0857,28.236
2023-03,Norte,ACES Feira e Arouca,"40.9263169, -8.5478813",155326,151993,97.85,3321,2.14,12,0.01,75.4193,70.606
2023-03,Norte,ACES Gaia,"41.1278433, -8.580396",163791,160164,97.79,3557,2.17,70,0.04,72.2653,64.075
2023-03,Norte,ACES Douro Sul,"41.0953745, -7.8123805",68672,64938,94.56,3731,5.43,3,0.0,78.1313,75.6532
2023-03,Norte,ACES Alto Ave,"41.4417064, -8.1722408",273292,264090,96.63,9112,3.33,90,0.03,77.8131,69.8706
2023-03,Norte,ACES Nordeste,"41.8069684, -6.7587977",131488,124477,94.67,6073,4.62,938,0.71,73.6885,51.012
2023-03,Lisboa e Vale do Tejo,ACES Cascais,"38.69904, -9.3818008",230115,184139,80.02,41899,18.21,4077,1.77,53.8646,17.2394
2023-03,Lisboa e Vale do Tejo,ACES Oeste Sul,"39.0917759, -9.2600341",217635,141548,65.04,75620,34.75,467,0.21,60.1828,44.7712
2023-03,Lisboa e Vale do Tejo,ACES Lisboa Norte,"38.7396924, -9.168506",272986,205274,75.2,65554,24.01,2158,0.79,53.2191,32.2537
2023-03,Lisboa e Vale do Tejo,ACES Loures / Odivelas,"38.8012718, -9.1137868",377626,264796,70.12,112495,29.79,335,0.09,54.4736,33.6955
2023-03,Lisboa e Vale do Tejo,ACES Lezíria,"39.2371689, -8.6908895",203367,153638,75.55,47733,23.47,1996,0.98,70.0659,59.491
2023-03,Lisboa e Vale do Tejo,ACES Almada / Seixal,"38.6678522, -9.1875777",368486,304964,82.76,62014,16.83,1508,0.41,62.1258,34.3566
2023-03,Algarve,ACES Algarve Central,"37.0274264, -7.9395984",280187,230845,82.39,48956,17.47,386,0.14,57.9849,32.6674
2023-04,Norte,ACES Vale do Sousa Sul,"41.1548155, -8.2163769",176506,175051,99.18,1448,0.82,7,0.0,78.101,83.4364
2023-04,Norte,ACES Barcelos / Esposende,"41.5317419, -8.6178922",161039,159505,99.05,1482,0.92,52,0.03,76.8311,57.3664
2023-04,Norte,ACES Braga,"41.5518714, -8.4126362",208449,201969,96.89,4739,2.27,1741,0.84,73.7288,57.5239
2023-04,Norte,ACES Vale do Sousa Norte,"41.2793583, -8.2787457",161510,159567,98.8,1823,1.13,120,0.07,79.4031,73.2373
2023-04,Norte,ACES Santo Tirso / Trofa,"41.3469246, -8.4822648",116011,113114,97.5,2833,2.44,64,0.06,76.204,48.3366
2023-04,Norte,ACES Gaia,"41.1278433, -8.580396",164144,156769,95.51,7306,4.45,69,0.04,72.1007,60.5424
2023-04,Norte,ACES Marão e Douro Norte,"41.2968711, -7.7483727",105738,99896,94.48,5665,5.36,177,0.17,74.9553,72.1671
2023-04,Centro,ACES Pinhal Interior Sul,"39.7510898, -7.9203657",31425,26573,84.56,4852,15.44,0,0.0,79.0135,61.0882
2023-04,Lisboa e Vale do Tejo,ACES Médio Tejo,"39.478072, -8.5404429",225948,164177,72.66,61274,27.12,497,0.22,69.1982,59.6461
2023-04,Algarve,ACES Algarve Sotavento,"37.383008, -7.7293275",64332,51148,79.51,12934,20.11,250,0.39,64.3568,49.598
2023-04,Algarve,ACES Algarve Barlavento,"37.1387554, -8.5445093",189979,133918,70.49,55003,28.95,1058,0.56,54.7834,28.6861
2023-05,Norte,ACES Feira e Arouca,"40.9263169, -8.5478813",155193,148465,95.66,6716,4.33,12,0.01,75.4944,71.3585
2023-05,Norte,ACES Vale do Sousa Sul,"41.1548155, -8.2163769",176680,175222,99.17,1451,0.82,7,0.0,78.2865,84.0192
2023-05,Norte,ACES Gerês / Cabreira,"41.6298661, -8.3596897",108090,107825,99.75,212,0.2,53,0.05,78.628,6.61765
2023-05,Norte,ACES Matosinhos,"41.1918541, -8.6590693",176665,170689,96.62,5825,3.3,151,0.09,72.7856,23.2116
2023-05,Norte,ACES Póvoa do Varzim / Vila do Conde,"41.355519, -8.746653",155201,150055,96.68,5071,3.27,75,0.05,74.8041,62.0261
2023-05,Norte,ACES Santo Tirso / Trofa,"41.3469246, -8.4822648",116006,113041,97.44,2902,2.5,63,0.05,76.0709,49.6649
2023-05,Centro,ACES Pinhal Interior Norte,"40.1151262, -8.2473136",132208,119580,90.45,11882,8.99,746,0.56,73.1514,56.644
2023-05,Lisboa e Vale do Tejo,ACES Amadora,"38.7573081, -9.23429",182145,117047,64.26,64600,35.47,498,0.27,53.5244,40.4888
2023-05,Lisboa e Vale do Tejo,ACES Lezíria,"39.2371689, -8.6908895",203973,152724,74.87,49233,24.14,2016,0.99,69.6963,58.5196
2023-05,Lisboa e Vale do Tejo,ACES Almada / Seixal,"38.6678522, -9.1875777",370729,303341,81.82,65888,17.77,1500,0.4,61.7788,33.2631
2023-05,Lisboa e Vale do Tejo,ACES Arrábida,"38.5324373, -8.8627453",247662,178745,72.17,68117,27.5,800,0.32,61.6231,45.6682
2023-05,Alentejo,ACES Alentejo Litoral,"38.3841359, -8.5132031",106175,85875,80.88,19576,18.44,724,0.68,59.6116,41.2226
2023-05,Algarve,ACES Algarve Sotavento,"37.383008, -7.7293275",64308,49806,77.45,14245,22.15,257,0.4,64.2662,51.017
2023-06,Norte,ACES Aveiro Norte,"40.8472225, -8.4656674",119903,119878,99.98,7,0.01,18,0.02,76.9707,40.0
2023-06,Norte,ACES Nordeste,"41.8069684, -6.7587977",130880,123442,94.32,6605,5.05,833,0.64,74.559,52.2868
2023-06,Centro,ACES Pinhal Interior Sul,"39.7510898, -7.9203657",31445,26454,84.13,4991,15.87,0,0.0,78.8547,63.8677
2023-06,Centro,ACES Baixo Mondego,"40.2150023, -8.4071805",396978,358524,90.31,36350,9.16,2104,0.53,70.6976,50.0208
2023-06,Lisboa e Vale do Tejo,ACES Oeste Norte,"39.410844, -9.1396215",185669,134060,72.2,51432,27.7,177,0.1,68.7774,53.4529
2023-06,Lisboa e Vale do Tejo,ACES Cascais,"38.69904, -9.3818008",230651,180782,78.38,45765,19.84,4104,1.78,53.974,18.0566
2023-06,Lisboa e Vale do Tejo,ACES Estuário do Tejo,"38.9528113, -8.9911154",240110,134434,55.99,105104,43.77,572,0.24,56.2392,36.6392
2023-06,Lisboa e Vale do Tejo,ACES Oeste Sul,"39.0917759, -9.2600341",219402,142290,64.85,76647,34.93,465,0.21,58.9322,44.3246
2023-06,Lisboa e Vale do Tejo,ACES Lisboa Norte,"38.7396924, -9.168506",273521,202556,74.06,68864,25.18,2101,0.77,51.8686,32.0967
2023-06,Lisboa e Vale do Tejo,ACES Médio Tejo,"39.478072, -8.5404429",226634,153619,67.78,72516,32.0,499,0.22,68.744,59.0321
2023-06,Algarve,ACES Algarve Barlavento,"37.1387554, -8.5445093",191137,130477,68.26,59611,31.19,1049,0.55,55.1495,31.5293
2023-07,Norte,ACES Alto Minho,"41.7056054, -8.8252713",251796,250268,99.39,1489,0.59,39,0.02,76.7862,41.2304
2023-07,Norte,ACES Gerês / Cabreira,"41.6298661, -8.3596897",108150,107760,99.64,298,0.28,92,0.09,78.6587,12.1212
2023-07,Norte,ACES Baixo Tâmega,"41.2719719, -8.0791631",162127,160488,98.99,1561,0.96,78,0.05,76.7907,63.8194
2023-07,Norte,ACES Espinho / Gaia,"41.0022421, -8.642018",184532,176106,95.43,8374,4.54,52,0.03,73.3431,54.7235
2023-07,Norte,ACES Gondomar,"41.1738444, -8.5612238",168218,168020,99.88,163,0.1,35,0.02,76.608,20.7071
2023-07,Centro,ACES Baixo Vouga,"40.6405055, -8.6537539",404105,364553,90.21,38335,9.49,1217,0.3,70.4908,48.0684
2023-07,Lisboa e Vale do Tejo,ACES Cascais,"38.69904, -9.3818008",230692,179404,77.77,47559,20.62,3729,1.62,54.035,17.6943
2023-07,Lisboa e Vale do Tejo,ACES Amadora,"38.7573081, -9.23429",179498,115204,64.18,63841,35.57,453,0.25,54.2936,39.1685
2023-07,Lisboa e Vale do Tejo,ACES Lisboa Ocidental e Oeiras,"38.6914388, -9.3184304",253505,220081,86.82,33297,13.13,127,0.05,55.5315,30.7375
2023-07,Alentejo,ACES Alentejo Central,"38.8442031, -7.5826619",168555,148210,87.93,19796,11.74,549,0.33,75.0616,65.1462
2023-07,Algarve,ACES Algarve Central,"37.0274264, -7.9395984",283320,239482,84.53,43473,15.34,365,0.13,58.0017,31.2667
2023-07,Algarve,ACES Algarve Sotavento,"37.383008, -7.7293275",64581,53379,82.65,10952,16.96,250,0.39,64.7481,45.5722
2023-07,Algarve,ACES Algarve Barlavento,"37.1387554, -8.5445093",190685,132764,69.62,57035,29.91,886,0.46,55.3107,31.3111
2023-08,Norte,ACES Alto Minho,"41.7056054, -8.8252713",251969,251109,99.66,817,0.32,43,0.02,76.8027,25.3488
2023-08,Norte,ACES Baixo Tâmega,"41.2719719, -8.0791631",161567,161500,99.96,18,0.01,49,0.03,77.0213,26.8657
2023-08,Norte,ACES Gaia,"41.1278433, -8.580396",165322,160828,97.28,4436,2.68,58,0.04,71.8761,53.1375
2023-08,Norte,ACES Alto Tâmega e Barroso,"41.741781, -7.4731648",91410,90931,99.48,323,0.35,156,0.17,74.9065,29.6748
2023-08,Norte,ACES Maia / Valongo,"41.2333945, -8.6187474",223212,215959,96.75,6971,3.12,282,0.13,73.4055,49.3175
2023-08,Centro,ACES Pinhal Interior Sul,"39.7510898, -7.9203657",31409,23196,73.85,8211,26.14,2,0.01,79.0028,64.7875
2023-08,Centro,ACES Baixo Mondego,"40.2150023, -8.4071805",390538,357959,91.66,30898,7.91,1681,0.43,71.8995,41.4162
2023-08,Centro,ACES Pinhal Litoral,"39.7495331, -8.807683",280409,199042,70.98,80832,28.83,535,0.19,69.5659,58.976
2023-08,Lisboa e Vale do Tejo,ACES Oeste Sul,"39.0917759, -9.2600341",219592,133669,60.87,85495,38.93,428,0.19,58.5067,39.9148
2023-08,Lisboa e Vale do Tejo,ACES Lisboa Ocidental e Oeiras,"38.6914388, -9.3184304",252107,219285,86.98,32706,12.97,116,0.05,55.9977,31.3052
2023-08,Lisboa e Vale do Tejo,ACES Arrábida,"38.5324373, -8.8627453",245707,190064,77.35,54927,22.35,716,0.29,62.0866,42.5462
2023-08,Alentejo,ACES Baixo Alentejo,"38.0153039, -7.8627308",122693,101300,82.56,21142,17.23,251,0.2,71.5249,62.8196
2023-08,Alentejo,ACES Alentejo Central,"38.8442031, -7.5826619",166215,143146,86.12,22517,13.55,552,0.33,76.1153,66.3184
2023-09,Norte,ACES Vale do Sousa Sul,"41.1548155, -8.2163769",177006,175662,99.24,1340,0.76,4,0.0,78.0041,75.6696
2023-09,Norte,ACES Póvoa do Varzim / Vila do Conde,"41.355519, -8.746653",156208,153679,98.38,2457,1.57,72,0.05,74.1678,54.4879
2023-09,Norte,ACES Santo Tirso / Trofa,"41.3469246, -8.4822648",116620,115925,99.4,632,0.54,63,0.05,75.5342,16.8213
2023-09,Norte,ACES Espinho / Gaia,"41.0022421, -8.642018",184638,177256,96.0,7332,3.97,50,0.03,72.6443,49.6072
2023-09,Centro,ACES Pinhal Interior Norte,"40.1151262, -8.2473136",131836,109431,83.01,22016,16.7,389,0.3,73.3146,65.5746
2023-09,Centro,ACES Dão-Lafões,"40.6565861, -7.9124712",276758,261053,94.33,15461,5.59,244,0.09,72.008,54.887
2023-09,Lisboa e Vale do Tejo,ACES Arco Ribeirinho,"38.6672076, -9.0543329",234304,144459,61.65,89625,38.25,220,0.09,56.8441,38.6343
2023-09,Lisboa e Vale do Tejo,ACES Médio Tejo,"39.478072, -8.5404429",226030,150709,66.68,74917,33.14,404,0.18,68.778,57.1819
2023-09,Lisboa e Vale do Tejo,ACES Lezíria,"39.2371689, -8.6908895",203621,152418,74.85,49721,24.42,1482,0.73,69.5336,56.6187
2023-09,Algarve,ACES Algarve Central,"37.0274264, -7.9395984",275249,231440,84.08,43438,15.78,371,0.13,59.5548,30.722
2023-10,Norte,ACES Aveiro Norte,"40.8472225, -8.4656674",120258,120244,99.99,3,0.0,11,0.01,77.4144,42.8571
2023-10,Norte,ACES Gaia,"41.1278433, -8.580396",165837,161129,97.16,4705,2.84,3,0.0,71.6221,51.7842
2023-10,Centro,ACES Baixo Vouga,"40.6405055, -8.6537539",399302,359781,90.1,38391,9.61,1130,0.28,71.075,46.5221
2023-10,Centro,ACES Baixo Mondego,"40.2150023, -8.4071805",390690,358236,91.69,30801,7.88,1653,0.42,71.7413,44.466
2023-10,Centro,ACES Guarda,"40.5353285, -7.2724426",146639,125561,85.63,20545,14.01,533,0.36,73.2888,51.8408
2023-10,Lisboa e Vale do Tejo,ACES Estuário do Tejo,"38.9528113, -8.9911154",240371,128402,53.42,111475,46.38,494,0.21,54.9575,34.4988
2023-10,Lisboa e Vale do Tejo,ACES Lisboa Norte,"38.7396924, -9.168506",272189,196134,72.06,74125,27.23,1930,0.71,52.1432,31.0591
2023-10,Lisboa e Vale do Tejo,ACES Arrábida,"38.5324373, -8.8627453",246814,183461,74.33,62600,25.36,753,0.31,61.5545,42.4195
2023-10,Alentejo,ACES São Mamede,"39.2967086, -7.4284755",115912,94153,81.23,21574,18.61,185,0.16,71.393,67.8003
2023-11,Norte,ACES Barcelos / Esposende,"41.5317419, -8.6178922",161521,158219,97.96,3255,2.02,47,0.03,76.7399,70.9267
2023-11,Norte,ACES Vale do Sousa Norte,"41.2793583, -8.2787457",161845,161812,99.98,20,0.01,13,0.01,78.8909,18.1818
2023-11,Norte,ACES Santo Tirso / Trofa,"41.3469246, -8.4822648",116052,115447,99.48,547,0.47,58,0.05,75.7186,15.8648
2023-11,Centro,ACES Baixo Vouga,"40.6405055, -8.6537539",398413,358065,89.87,39267,9.86,1081,0.27,71.1018,49.9901
2023-11,Lisboa e Vale do Tejo,ACES Lezíria,"39.2371689, -8.6908895",204256,152570,74.7,50240,24.6,1446,0.71,68.9551,56.6382
2023-11,Lisboa e Vale do Tejo,ACES Arrábida,"38.5324373, -8.8627453",247110,181569,73.48,64748,26.2,793,0.32,61.1647,42.4254
2023-11,Alentejo,ACES Baixo Alentejo,"38.0153039, -7.8627308",122589,100298,81.82,22142,18.06,149,0.12,71.7055,62.7024
2023-11,Alentejo,ACES Alentejo Central,"38.8442031, -7.5826619",166822,146116,87.59,20166,12.09,540,0.32,75.3809,66.1499
2023-12,Norte,ACES Alto Minho,"41.7056054, -8.8252713",250238,242758,97.01,7441,2.97,39,0.02,77.342,67.8344
2023-12,Norte,ACES Barcelos / Esposende,"41.5317419, -8.6178922",161675,160065,99.0,1563,0.97,47,0.03,76.7399,70.9267
2023-12,Norte,ACES Braga,"41.5518714, -8.4126362",210836,204272,96.89,6559,3.11,5,0.0,73.3961,39.9015
2023-12,Norte,ACES Baixo Tâmega,"41.2719719, -8.0791631",160782,160698,99.95,30,0.02,54,0.03,77.0527,30.1887
2023-12,Norte,ACES Ave / Famalicão,"41.3835805, -8.4157518",125781,123382,98.09,2365,1.88,34,0.03,76.8092,62.6058
2023-12,Norte,ACES Porto Ocidental,"41.1741353, -8.6691662",182538,177193,97.07,5220,2.86,125,0.07,68.8979,36.8828
2023-12,Norte,ACES Santo Tirso / Trofa,"41.3469246, -8.4822648",116082,115658,99.63,367,0.32,57,0.05,75.7186,15.8648
2023-12,Norte,ACES Marão e Douro Norte,"41.2968711, -7.7483727",104204,104036,99.84,79,0.08,89,0.09,75.055,8.33333
2023-12,Norte,ACES Gondomar,"41.1738444, -8.5612238",166851,166709,99.91,112,0.07,30,0.02,77.2605,14.1935
2023-12,Norte,ACES Nordeste,"41.8069684, -6.7587977",128760,118956,92.39,9174,7.12,630,0.49,75.6992,48.2018
2023-12,Centro,ACES Pinhal Interior Sul,"39.7510898, -7.9203657",31005,20878,67.34,10125,32.66,2,0.01,79.3039,67.1136
2023-12,Centro,ACES Pinhal Interior Norte,"40.1151262, -8.2473136",129983,106026,81.57,23571,18.13,386,0.3,73.9913,64.1461
2023-12,Centro,ACES Guarda,"40.5353285, -7.2724426",145238,124599,85.79,20078,13.82,561,0.39,73.2344,53.1638
2023-12,Lisboa e Vale do Tejo,ACES Oeste Norte,"39.410844, -9.1396215",187200,133536,71.33,53547,28.6,117,0.06,67.967,51.2779
2023-12,Lisboa e Vale do Tejo,ACES Estuário do Tejo,"38.9528113, -8.9911154",240700,128723,53.48,111493,46.32,484,0.2,54.4361,32.881
2023-12,Lisboa e Vale do Tejo,ACES Lisboa Central,"38.7306317, -9.1510414",307545,215683,70.13,91206,29.66,656,0.21,48.8834,25.0319
2023-12,Algarve,ACES Algarve Sotavento,"37.383008, -7.7293275",64031,54039,84.4,9723,15.18,269,0.42,65.3132,41.1672
2023-12,Algarve,ACES Algarve Barlavento,"37.1387554, -8.5445093",187840,127960,68.12,59124,31.48,756,0.4,56.0827,32.636
2024-01,Norte,CSP da ULS Matosinhos,"41.1807, -8.66314",176735,171479,97.03,5202,2.94,54,0.03,71.2344,23.2258
2024-01,Norte,CSP da ULS Póvoa Varzim / Vila Conde,"41.355472362, -8.7448970377",156939,153515,97.82,3406,2.17,18,0.01,72.5601,64.2066
2024-01,Norte,CSP da ULS Tâmega e Sousa,"41.206266147, -8.2725028602",481579,481501,99.98,36,0.01,42,0.01,76.7543,69.7897
2024-01,Centro,CSP da ULS Viseu Dão-Lafões,"40.659169, -7.915314",274239,253852,92.57,20300,7.4,87,0.03,72.0975,61.625
2024-01,Centro,CSP da ULS Região de Leiria,"39.7464482, -8.8044873",402953,287844,71.43,114774,28.48,335,0.08,65.4538,54.9777
2024-01,Lisboa e Vale do Tejo,CSP da ULS Lezíria,"39.237167, -8.688705",201170,152536,75.82,47909,23.82,725,0.36,67.43,57.0265
2024-01,Lisboa e Vale do Tejo,CSP da ULS Amadora / Sintra,"38.75717, -9.23401",552619,367608,66.52,183970,33.29,1041,0.19,52.8439,39.0184
2024-01,Lisboa e Vale do Tejo,CSP da ULS Santa Maria,"38.739567, -9.168651",351765,241491,68.65,108825,30.94,1449,0.41,51.6311,36.1433
2024-01,Alentejo,CSP da ULS Litoral Alentejano,"38.039936, -8.731693",103708,79047,76.22,24253,23.39,408,0.39,59.1571,43.691
2024-01,Alentejo,CSP da ULS Alto Alentejo,"39.2991, -7.4278",112673,91392,81.11,21208,18.82,73,0.06,71.4988,68.0142
2024-01,Algarve,CSP da ULS Algarve,"37.02745056, -7.937649",524522,413385,78.81,110016,20.97,1121,0.21,55.0866,33.3584
2024-02,Norte,CSP da ULS Alto Minho,"41.696866, -8.832522",248933,242202,97.3,6696,2.69,35,0.01,76.2936,66.2012
2024-02,Norte,CSP da ULS Entre Douro e Vouga,"40.926349, -8.548039",274529,271489,98.89,3025,1.1,15,0.01,77.0807,69.1118
2024-02,Norte,CSP da ULS Médio Ave,"41.383524892, -8.4155289584",241628,238115,98.55,3484,1.44,29,0.01,76.111,62.2982
2024-02,Lisboa e Vale do Tejo,CSP da ULS Arrábida,"38.531, -8.8874",240500,178310,74.14,61484,25.57,706,0.29,59.4765,42.6097
2024-02,Lisboa e Vale do Tejo,CSP da ULS Amadora / Sintra,"38.75717, -9.23401",539748,370574,68.66,168096,31.14,1078,0.2,54.5393,41.0146
2024-02,Alentejo,CSP da ULS Alentejo Central,"38.574093, -7.911785",162380,143918,88.63,18442,11.36,20,0.01,73.0145,69.0229
2024-03,Norte,CSP da ULS Médio Ave,"41.383524892, -8.4155289584",240834,237318,98.54,3484,1.45,32,0.01,76.1049,62.6469
2024-03,Centro,CSP da ULS Guarda,"40.5314, -7.27322",140199,122998,87.73,16975,12.11,226,0.16,71.2252,58.2001
2024-03,Lisboa e Vale do Tejo,CSP da ULS Arco Ribeirinho,"38.669538907, -9.0530283486",227884,144995,63.63,82708,36.29,181,0.08,54.3496,38.6396
2024-03,Lisboa e Vale do Tejo,CSP da ULS Estuário do Tejo,"38.891077, -9.039536",233268,124436,53.34,108455,46.49,377,0.16,49.8388,32.5787
2024-03,Lisboa e Vale do Tejo,CSP da ULS Oeste,"39.411452329, -9.1394549604",244850,142351,58.14,102261,41.76,238,0.1,60.1707,47.5361
2024-03,Alentejo,CSP da ULS Alto Alentejo,"39.2991, -7.4278",107337,90885,84.67,16379,15.26,73,0.07,72.9832,69.8213
2024-04,Norte,CSP da ULS Gaia / Espinho,"41.127363348, -8.5796956622",347737,345197,99.27,2514,0.72,26,0.01,73.2243,15.0358
2024-04,Norte,CSP da ULS Santo António,"41.160263, -8.681729",347733,339276,97.57,8364,2.41,93,0.03,73.4483,54.1901
2024-04,Centro,CSP da ULS Viseu Dão-Lafões,"40.659169, -7.915314",272804,253167,92.8,19552,7.17,85,0.03,74.1928,66.8992
2024-04,Centro,CSP da ULS Coimbra,"40.21578, -8.41058",401625,357833,89.1,43207,10.76,585,0.15,73.8383,59.7141
2024-04,Lisboa e Vale do Tejo,CSP da ULS Oeste,"39.411452329, -9.1394549604",245430,139350,56.78,105844,43.13,236,0.1,61.9668,48.0628
2024-04,Lisboa e Vale do Tejo,CSP da ULS Lisboa Ocidental,"38.698818794, -9.3815130504",470595,393606,83.64,74830,15.9,2159,0.46,58.02,30.1485
2024-04,Alentejo,CSP da ULS Baixo Alentejo,"38.014, -7.8675",120269,101190,84.14,19020,15.81,59,0.05,72.4301,63.6878
2024-04,Alentejo,CSP da ULS Alentejo Central,"38.574093, -7.911785",160528,141510,88.15,18999,11.84,19,0.01,75.5065,69.4815
2024-05,Norte,CSP da ULS Alto Minho,"41.696866, -8.832522",247645,240672,97.18,6945,2.8,28,0.01,78.0997,64.6207
2024-05,Norte,CSP da ULS Médio Ave,"41.383524892, -8.4155289584",241443,237955,98.56,3457,1.43,31,0.01,76.8972,63.9813
2024-05,Norte,CSP da ULS Gaia / Espinho,"41.127363348, -8.5796956622",348335,341384,98.0,6925,1.99,26,0.01,73.2103,60.8977
2024-05,Norte,CSP da ULS Trás-os-Montes Alto Douro,"41.2969, -7.74841",260459,251631,96.61,8725,3.35,103,0.04,76.5734,70.897
2024-05,Norte,CSP da ULS Santo António,"41.160263, -8.681729",348241,336730,96.69,11419,3.28,92,0.03,73.2628,58.6258
2024-05,Norte,CSP da ULS Alto Ave,"41.426805082, -8.2945278754",286710,272051,94.89,14629,5.1,30,0.01,79.1413,74.9915
2024-05,Lisboa e Vale do Tejo,CSP da ULS Almada / Seixal,"38.6276044797217, -9.11368350111247",364072,299544,82.28,63863,17.54,665,0.18,62.6277,25.8601
2024-05,Lisboa e Vale do Tejo,CSP da ULS Arrábida,"38.531, -8.8874",239700,166757,69.57,72213,30.13,730,0.3,61.9074,42.0712
2024-05,Lisboa e Vale do Tejo,CSP da ULS São José,"38.7365023, -9.1313583",422740,317896,75.2,104122,24.63,722,0.17,54.219,27.3788
2024-05,Lisboa e Vale do Tejo,CSP da ULS Loures / Odivelas,"38.821769, -9.176301",230133,158890,69.04,71110,30.9,133,0.06,55.3471,29.3545
2024-06,Norte,CSP da ULS Barcelos / Esposende,"41.533628173, -8.6240622256",161483,154724,95.81,6735,4.17,24,0.01,77.2026,70.6761
2024-06,Norte,CSP da ULS Matosinhos,"41.1807, -8.66314",176497,170551,96.63,5887,3.34,59,0.03,73.0075,41.6078
2024-06,Norte,CSP da ULS Tâmega e Sousa,"41.206266147, -8.2725028602",481922,480039,99.61,1848,0.38,35,0.01,77.7288,66.171
2024-06,Centro,CSP da ULS Viseu Dão-Lafões,"40.659169, -7.915314",273546,253350,92.62,20153,7.37,43,0.02,74.3535,67.5134
2024-06,Centro,CSP da ULS Castelo Branco,"39.831269, -7.486884",99814,83869,84.03,15835,15.86,110,0.11,73.2512,57.7422
2024-06,Centro,CSP da ULS Região de Leiria,"39.7464482, -8.8044873",397449,291805,73.42,105299,26.49,345,0.09,64.6999,47.5275
2024-06,Lisboa e Vale do Tejo,CSP da ULS Estuário do Tejo,"38.891077, -9.039536",235204,126219,53.66,108618,46.18,367,0.16,57.0603,29.6215
2024-06,Lisboa e Vale do Tejo,CSP da ULS Arrábida,"38.531, -8.8874",240191,165556,68.93,73902,30.77,733,0.31,61.8649,41.6815
2024-06,Lisboa e Vale do Tejo,CSP da ULS São José,"38.7365023, -9.1313583",423719,318325,75.13,104694,24.71,700,0.17,54.2299,27.513
2024-07,Norte,CSP da ULS Braga,"41.629758698, -8.3591461276",321773,313472,97.42,8194,2.55,107,0.03,75.8323,44.6102
2024-07,Norte,CSP da ULS Médio Ave,"41.383524892, -8.4155289584",241930,240054,99.22,1862,0.77,14,0.01,77.0574,67.443
2024-07,Norte,CSP da ULS Santo António,"41.160263, -8.681729",349000,335515,96.14,13395,3.84,90,0.03,73.4917,58.2011
2024-07,Centro,CSP da ULS Cova da Beira,"40.279552, -7.501801",83973,69605,82.89,14273,17.0,95,0.11,71.5,60.1197
2024-07,Centro,CSP da ULS Viseu Dão-Lafões,"40.659169, -7.915314",273899,253629,92.6,20230,7.39,40,0.01,74.714,67.4988
2024-07,Centro,CSP da ULS Região de Leiria,"39.7464482, -8.8044873",398178,287056,72.09,110784,27.82,338,0.08,65.8213,49.7408
2024-07,Lisboa e Vale do Tejo,CSP da ULS Almada / Seixal,"38.6276044797217, -9.11368350111247",365732,298879,81.72,66272,18.12,581,0.16,62.7131,30.1408
2024-07,Lisboa e Vale do Tejo,CSP da ULS Arrábida,"38.531, -8.8874",240862,165504,68.71,74629,30.98,729,0.3,62.1514,41.6373
2024-07,Lisboa e Vale do Tejo,CSP da ULS Loures / Odivelas,"38.821769, -9.176301",230942,157542,68.22,73213,31.7,187,0.08,55.9721,30.7125
2024-07,Lisboa e Vale do Tejo,CSP da ULS Médio Tejo,"39.446082196, -8.5086017608",178765,131114,73.34,47410,26.52,241,0.13,71.2645,59.9765
2024-07,Alentejo,CSP da ULS Litoral Alentejano,"38.039936, -8.731693",101321,77241,76.23,23731,23.42,349,0.34,60.7317,43.7832
2024-07,Alentejo,CSP da ULS Alentejo Central,"38.574093, -7.911785",162724,144663,88.9,16339,10.04,1722,1.06,75.1917,69.4646
2024-07,Alentejo,CSP da ULS Alto Alentejo,"39.2991, -7.4278",108411,96224,88.76,12122,11.18,65,0.06,73.5746,67.9002
2024-08,Norte,CSP da ULS Alto Minho,"41.696866, -8.832522",248981,241026,96.8,7922,3.18,33,0.01,78.2502,62.3328
2024-08,Norte,CSP da ULS Entre Douro e Vouga,"40.926349, -8.548039",274760,264337,96.21,10417,3.79,6,0.0,78.6474,76.3761
2024-08,Norte,CSP da ULS Gaia / Espinho,"41.127363348, -8.5796956622",350135,344790,98.47,5316,1.52,29,0.01,73.4007,58.8534
2024-08,Centro,CSP da ULS Cova da Beira,"40.279552, -7.501801",83984,70012,83.36,13877,16.52,95,0.11,71.5,60.1197
2024-08,Centro,CSP da ULS Viseu Dão-Lafões,"40.659169, -7.915314",274093,253834,92.61,20230,7.38,29,0.01,74.714,67.4988
2024-08,Lisboa e Vale do Tejo,CSP da ULS Santa Maria,"38.739567, -9.168651",345981,237230,68.57,107331,31.02,1420,0.41,53.7997,35.2826
2024-08,Algarve,CSP da ULS Algarve,"37.02745056, -7.937649",523630,410229,78.34,112350,21.46,1051,0.2,61.0024,35.004
2024-09,Norte,CSP da ULS Tâmega e Sousa,"41.206266147, -8.2725028602",482737,477557,98.93,5148,1.07,32,0.01,78.0181,69.1313
2024-09,Norte,CSP da ULS Trás-os-Montes Alto Douro,"41.2969, -7.74841",261049,254019,97.31,6939,2.66,91,0.03,76.8791,69.8282
2024-09,Centro,CSP da ULS Viseu Dão-Lafões,"40.659169, -7.915314",274577,257428,93.75,17118,6.23,31,0.01,74.9994,69.5084
2024-09,Lisboa e Vale do Tejo,CSP da ULS Médio Tejo,"39.446082196, -8.5086017608",179618,128291,71.42,51086,28.44,241,0.13,71.2083,60.6258
2024-09,Alentejo,CSP da ULS Baixo Alentejo,"38.014, -7.8675",120490,104946,87.1,15481,12.85,63,0.05,72.5737,62.2877
2024-10,Norte,CSP da ULS Barcelos / Esposende,"41.533628173, -8.6240622256",161743,156944,97.03,4778,2.95,21,0.01,77.9397,67.5349
2024-10,Norte,CSP da ULS Entre Douro e Vouga,"40.926349, -8.548039",332015,316245,95.25,15758,4.75,12,0.0,78.8347,73.5764
2024-10,Norte,CSP da ULS Tâmega e Sousa,"41.206266147, -8.2725028602",483114,479566,99.27,3524,0.73,24,0.0,78.3306,73.0834
2024-10,Norte,CSP da ULS Gaia / Espinho,"41.127363348, -8.5796956622",351052,343756,97.92,7273,2.07,23,0.01,74.2109,61.8832
2024-10,Norte,CSP da ULS Alto Ave,"41.426805082, -8.2945278754",287650,273503,95.08,14116,4.91,31,0.01,79.8018,76.002
2024-10,Lisboa e Vale do Tejo,CSP da ULS Lezíria,"39.237167, -8.688705",199441,164185,82.32,34578,17.34,678,0.34,71.5851,57.2356
2024-10,Lisboa e Vale do Tejo,CSP da ULS Lisboa Ocidental,"38.698818794, -9.3815130504",478686,415007,86.7,62117,12.98,1562,0.33,59.5906,16.8172
2024-10,Lisboa e Vale do Tejo,CSP da ULS Amadora / Sintra,"38.75717, -9.23401",545788,366360,67.12,178051,32.62,1377,0.25,57.7314,40.1559
2024-10,Lisboa e Vale do Tejo,CSP da ULS Santa Maria,"38.739567, -9.168651",347589,237814,68.42,108353,31.17,1422,0.41,54.4698,33.8948
2024-10,Lisboa e Vale do Tejo,CSP da ULS Médio Tejo,"39.446082196, -8.5086017608",180119,126910,70.46,52938,29.39,271,0.15,71.2212,60.6427
2024-11,Norte,CSP da ULS Alto Minho,"41.696866, -8.832522",250186,245000,97.93,5153,2.06,33,0.01,78.7918,58.7736
2024-11,Norte,CSP da ULS Nordeste,"41.806816, -6.759102",125830,116589,92.66,9015,7.16,226,0.18,77.5817,64.3437
2024-11,Norte,CSP da ULS Entre Douro e Vouga,"40.926349, -8.548039",332143,319770,96.27,12359,3.72,14,0.0,78.9678,72.2864
2024-11,Norte,CSP da ULS Tâmega e Sousa,"41.206266147, -8.2725028602",483271,479675,99.26,3576,0.74,20,0.0,78.5185,74.3902
2024-11,Centro,CSP da ULS Cova da Beira,"40.279552, -7.501801",84239,72385,85.93,11763,13.96,91,0.11,71.8263,57.4658
2024-11,Lisboa e Vale do Tejo,CSP da ULS Estuário do Tejo,"38.891077, -9.039536",238191,119830,50.31,118014,49.55,347,0.15,58.5841,35.5818
2024-11,Lisboa e Vale do Tejo,CSP da ULS Santa Maria,"38.739567, -9.168651",348254,237143,68.09,109697,31.5,1414,0.41,54.8812,33.2649
2024-11,Alentejo,CSP da ULS Baixo Alentejo,"38.014, -7.8675",120656,107669,89.24,12812,10.62,175,0.15,72.8907,62.1622
2024-12,Norte,CSP da ULS Alto Minho,"41.696866, -8.832522",250335,246953,98.65,3351,1.34,31,0.01,79.1715,64.3998
2024-12,Norte,CSP da ULS Alto Ave,"41.426805082, -8.2945278754",288137,275001,95.44,13110,4.55,26,0.01,79.9425,76.3094
2024-12,Centro,CSP da ULS Região de Aveiro,"40.6418, -8.65166",338013,327266,96.82,10309,3.05,438,0.13,73.6901,40.6904
2024-12,Centro,CSP da ULS Guarda,"40.5314, -7.27322",140319,124554,88.76,15522,11.06,243,0.17,75.932,57.3486
2024-12,Centro,CSP da ULS Região de Leiria,"39.7464482, -8.8044873",401625,295607,73.6,105696,26.32,322,0.08,69.2539,54.4936
2024-12,Lisboa e Vale do Tejo,CSP da ULS Arco Ribeirinho,"38.669538907, -9.0530283486",235156,147730,62.82,87259,37.11,167,0.07,59.2177,39.3155
2024-12,Lisboa e Vale do Tejo,CSP da ULS Lezíria,"39.237167, -8.688705",200084,164320,82.13,35122,17.55,642,0.32,72.1342,57.1217
2024-12,Lisboa e Vale do Tejo,CSP da ULS Almada / Seixal,"38.6276044797217, -9.11368350111247",369886,312196,84.4,57321,15.5,369,0.1,62.8023,25.4047
2024-12,Lisboa e Vale do Tejo,CSP da ULS Lisboa Ocidental,"38.698818794, -9.3815130504",481026,415020,86.28,64469,13.4,1537,0.32,60.0955,25.2492
2024-12,Lisboa e Vale do Tejo,CSP da ULS Santa Maria,"38.739567, -9.168651",348712,237494,68.11,109811,31.49,1407,0.4,55.8997,33.0387
2025-01,Alentejo,CSP da ULS Alentejo Central,"38.568838, -7.903064",164946,149849,90.85,13385,8.11,1712,1.04,77.34107,72.69656
2025-01,Alentejo,CSP da ULS Litoral Alentejano,"38.039936, -8.731693",102322,75944,74.22,26060,25.47,318,0.31,61.81955,46.6601
2025-01,Centro,CSP da ULS Região de Leiria,"39.7418, -8.79444",402238,289606,72.0,112314,27.92,318,0.08,69.39349,59.20875
2025-01,Lisboa e Vale do Tejo,CSP da ULS Amadora / Sintra,"38.75717, -9.23401",550690,372090,67.57,177249,32.19,1351,0.25,58.30685,40.70941
2025-01,Lisboa e Vale do Tejo,CSP da ULS Loures / Odivelas,"38.821769, -9.176301",234226,170640,72.85,63398,27.07,188,0.08,57.20501,31.43774
2025-01,Norte,CSP da ULS Alto Ave,"41.426805082, -8.2945278754",288169,277179,96.19,10965,3.81,25,0.01,79.97911,77.55232
2025-01,Norte,CSP da ULS Barcelos / Esposende,"41.533628173, -8.6240622256",161698,159843,98.85,1834,1.13,21,0.01,78.48891,66.36119
2025-01,Norte,CSP da ULS Entre Douro e Vouga,"40.926349, -8.548039",332392,320125,96.31,12252,3.69,15,0.0,79.4264,72.69096
2025-01,Norte,CSP da ULS Nordeste,"41.806816, -6.759102",126022,112051,88.91,13687,10.86,284,0.23,78.34902,76.63016
2025-01,Norte,CSP da ULS Tâmega e Sousa,"41.206266147, -8.2725028602",483781,482827,99.8,948,0.2,6,0.0,79.14656,77.04403
2025-02,Alentejo,CSP da ULS Baixo Alentejo,"38.014, -7.8675",120897,106043,87.71,14650,12.12,204,0.17,73.10272,65.7264
2025-02,Centro,CSP da ULS Coimbra,"40.21578, -8.41058",408412,374961,91.81,32936,8.06,515,0.13,75.03918,58.90407
2025-02,Centro,CSP da ULS Região de Leiria,"39.7418, -8.79444",402794,297939,73.97,104539,25.95,316,0.08,69.48515,58.85938
2025-02,Lisboa e Vale do Tejo,CSP da ULS Arrábida,"38.531, -8.8874",244717,154985,63.33,89019,36.38,713,0.29,63.01728,48.63594
2025-02,Lisboa e Vale do Tejo,CSP da ULS Estuário do Tejo,"38.891077, -9.039536",239865,118656,49.47,120866,50.39,343,0.14,58.88771,48.91221
2025-02,Lisboa e Vale do Tejo,CSP da ULS São José,"38.7365023, -9.1313583",432805,329700,76.18,102359,23.65,746,0.17,54.92751,27.8163
2025-02,Norte,CSP da ULS Entre Douro e Vouga,"40.926349, -8.548039",332383,326864,98.34,5501,1.66,18,0.01,79.39034,68.6175
2025-02,Norte,CSP da ULS Nordeste,"41.806816, -6.759102",126148,112077,88.85,13716,10.87,355,0.28,78.62273,76.79625
2025-02,Norte,CSP da ULS Santo António,"41.160263, -8.681729",350819,332971,94.91,17738,5.06,110,0.03,73.7862,60.12999
2025-03,Centro,CSP da ULS Coimbra,"40.21578, -8.41058",408834,376108,92.0,32222,7.88,504,0.12,75.11044,59.08452
2025-03,Centro,CSP da ULS Guarda,"40.5314, -7.27322",140432,123513,87.95,14997,10.68,1922,1.37,76.05104,65.14569
2025-03,Centro,CSP da ULS Região de Leiria,"39.7418, -8.79444",403588,298709,74.01,104569,25.91,310,0.08,69.49587,58.87928
2025-03,Lisboa e Vale do Tejo,CSP da ULS Lisboa Ocidental,"38.698818794, -9.3815130504",479856,415062,86.5,63303,13.19,1491,0.31,60.51336,28.03037
2025-03,Norte,CSP da ULS Alto Minho,"41.696866, -8.832522",251615,237720,94.48,13865,5.51,30,0.01,79.30608,77.0565
2025-03,Norte,CSP da ULS Braga,"41.629758698, -8.3591461276",326001,320064,98.18,5791,1.78,146,0.04,76.51142,56.76267
2025-03,Norte,CSP da ULS Gaia / Espinho,"41.127363348, -8.5796956622",352012,348216,98.92,3760,1.07,36,0.01,75.53379,62.35511
2025-03,Norte,CSP da ULS Santo António,"41.160263, -8.681729",351107,331064,94.29,19934,5.68,109,0.03,73.65447,60.44504
2025-03,Norte,CSP da ULS Tâmega e Sousa,"41.206266147, -8.2725028602",484164,481450,99.44,2707,0.56,7,0.0,79.16945,74.68681
2025-03,Norte,CSP da ULS Trás-os-Montes Alto Douro,"41.2969, -7.74841",261475,253315,96.88,8079,3.09,81,0.03,78.33254,71.67892
2025-04,Centro,CSP da ULS Coimbra,"40.21578, -8.41058",409445,376722,92.01,32237,7.87,486,0.12,74.96147,58.74156
2025-04,Centro,CSP da ULS Viseu Dão-Lafões,"40.659169, -7.915314",276269,267792,96.93,8466,3.06,11,0.0,76.45873,65.96673
2025-04,Lisboa e Vale do Tejo,CSP da ULS Arco Ribeirinho,"38.6527214050293, -9.05825614929199",238292,145844,61.2,92281,38.73,167,0.07,58.8081,40.86081
2025-04,Lisboa e Vale do Tejo,CSP da ULS Loures / Odivelas,"38.821769, -9.176301",235679,170362,72.29,65147,27.64,170,0.07,56.77213,31.30272
2025-04,Norte,CSP da ULS Alto Ave,"41.426805082, -8.2945278754",288649,276022,95.63,12601,4.37,26,0.01,79.70753,75.69494
2025-04,Norte,CSP da ULS Gaia / Espinho,"41.127363348, -8.5796956622",352191,348286,98.89,3865,1.1,40,0.01,75.30459,61.45967
2025-04,Norte,CSP da ULS Santo António,"41.160263, -8.681729",351405,329381,93.73,21918,6.24,106,0.03,73.44289,60.79731
2025-04,Norte,CSP da ULS Trás-os-Montes Alto Douro,"41.2969, -7.74841",261491,245923,94.05,15485,5.92,83,0.03,78.25279,74.82657
2025-05,Alentejo,CSP da ULS Alentejo Central,"38.568838, -7.903064",165715,148749,89.76,15345,9.26,1621,0.98,77.8626,75.05599
2025-05,Centro,CSP da ULS Cova da Beira,"40.279552, -7.501801",84975,73014,85.92,11867,13.97,94,0.11,73.63342,64.74375
2025-05,Centro,CSP da ULS Guarda,"40.5314, -7.27322",140103,127655,91.12,12170,8.69,278,0.2,76.09616,63.66485
2025-05,Lisboa e Vale do Tejo,CSP da ULS Lezíria,"39.232503, -8.715083",202245,164328,81.25,37285,18.44,632,0.31,72.34295,61.73484
2025-05,Lisboa e Vale do Tejo,CSP da ULS Lisboa Ocidental,"38.698818794, -9.3815130504",482583,414138,85.82,66968,13.88,1477,0.31,60.194,28.71064
2025-05,Lisboa e Vale do Tejo,CSP da ULS São José,"38.7365023, -9.1313583",436072,325722,74.69,109611,25.14,739,0.17,54.2282,28.98958
2025-05,Norte,CSP da ULS Alto Ave,"41.426805082, -8.2945278754",288906,278210,96.3,10669,3.69,27,0.01,79.66986,75.79469
2025-05,Norte,CSP da ULS Alto Minho,"41.696866, -8.832522",252613,246395,97.54,6191,2.45,27,0.01,79.07669,71.69508
2025-05,Norte,CSP da ULS Gaia / Espinho,"41.127363348, -8.5796956622",352602,350156,99.31,2406,0.68,40,0.01,75.21143,46.6067
2025-06,Centro,CSP da ULS Coimbra,"40.21578, -8.41058",411004,370784,90.21,39752,9.67,468,0.11,74.77616,60.57434
2025-06,Centro,CSP da ULS Viseu Dão-Lafões,"40.659169, -7.915314",276959,268163,96.82,8786,3.17,10,0.0,76.44372,64.94998
2025-06,Lisboa e Vale do Tejo,CSP da ULS Arrábida,"38.531, -8.8874",248356,153416,61.77,94184,37.92,756,0.3,62.72407,49.06994
2025-06,Lisboa e Vale do Tejo,CSP da ULS Lezíria,"39.232503, -8.715083",202704,164558,81.18,37518,18.51,628,0.31,72.2339,61.21218
2025-06,Lisboa e Vale do Tejo,CSP da ULS Médio Tejo,"39.605565, -8.404399",181031,122012,67.4,58803,32.48,216,0.12,70.0554,62.46527
2025-06,Lisboa e Vale do Tejo,CSP da ULS Santa Maria,"38.739567, -9.168651",353305,233689,66.14,118208,33.46,1408,0.4,55.73796,35.34143
2025-06,Norte,CSP da ULS Alto Ave,"41.426805082, -8.2945278754",289089,276696,95.71,12366,4.28,27,0.01,79.58898,75.97837
2025-06,Norte,CSP da ULS Alto Minho,"41.696866, -8.832522",253337,246803,97.42,6503,2.57,31,0.01,78.9403,69.55923
2025-06,Norte,CSP da ULS Gaia / Espinho,"41.127363348, -8.5796956622",352920,350364,99.28,2518,0.71,38,0.01,75.06744,46.16588
2025-06,Norte,CSP da ULS Nordeste,"41.806816, -6.759102",126328,112579,89.12,13369,10.58,380,0.3,78.95953,76.44192
2025-07,Lisboa e Vale do Tejo,CSP da ULS Estuário do Tejo,"38.891077, -9.039536",244093,128511,52.65,115245,47.21,337,0.14,58.62643,47.94172
2025-07,Lisboa e Vale do Tejo,CSP da ULS Oeste,"39.411452329, -9.1394549604",253146,139780,55.22,113132,44.69,234,0.09,61.2923,47.37223
2025-07,Norte,CSP da ULS Entre Douro e Vouga,"40.926349, -8.548039",333567,326622,97.92,6932,2.08,13,0.0,79.01981,66.86825
2025-07,Norte,CSP da ULS Gaia / Espinho,"41.127363348, -8.5796956622",353224,348738,98.73,4430,1.25,56,0.02,75.02803,53.4329
2025-07,Norte,CSP da ULS Tâmega e Sousa,"41.206266147, -8.2725028602",484351,482535,99.63,1812,0.37,4,0.0,79.08314,72.13656
2025-08,Alentejo,CSP da ULS Litoral Alentejano,"38.039936, -8.731693",104488,78951,75.56,25270,24.18,267,0.26,61.39557,41.61021
2025-08,Centro,CSP da ULS Castelo Branco,"39.831269, -7.486884",101880,81069,79.57,20647,20.27,164,0.16,74.94503,64.30734
2025-08,Lisboa e Vale do Tejo,CSP da ULS Loures / Odivelas,"38.821769, -9.176301",238780,165407,69.27,73188,30.65,185,0.08,55.76011,31.92728
2025-08,Lisboa e Vale do Tejo,CSP da ULS Oeste,"39.411452329, -9.1394549604",254120,139009,54.7,114878,45.21,233,0.09,61.2801,47.76781
2025-08,Lisboa e Vale do Tejo,CSP da ULS Santa Maria,"38.739567, -9.168651",355493,244117,68.67,109941,30.93,1435,0.4,55.56537,33.5988
2025-08,Norte,CSP da ULS Entre Douro e Vouga,"40.926349, -8.548039",333960,326886,97.88,7061,2.11,13,0.0,79.01096,66.11535
2025-08,Norte,CSP da ULS Matosinhos,"41.1807, -8.66314",177751,172476,97.03,5206,2.93,69,0.04,71.89777,36.62559
2025-08,Norte,CSP da ULS Nordeste,"41.806816, -6.759102",126380,121840,96.41,4298,3.4,242,0.19,79.22852,79.40529
2025-08,Norte,CSP da ULS Póvoa Varzim / Vila Conde,"41.355472362, -8.7448970377",158858,154440,97.22,4404,2.77,14,0.01,75.0576,65.45948
2025-08,Norte,CSP da ULS Tâmega e Sousa,"41.206266147, -8.2725028602",484683,482870,99.63,1809,0.37,4,0.0,79.02835,71.37341
2025-09,Centro,CSP da ULS Coimbra,"40.21578, -8.41058",412957,386945,93.7,25560,6.19,452,0.11,74.95696,53.56758
2025-09,Norte,CSP da ULS Trás-os-Montes Alto Douro,"41.2969, -7.74841",262334,248988,94.91,13266,5.06,80,0.03,78.53347,73.54263
2025-10,Algarve,CSP da ULS Algarve,"37.02745056, -7.937649",550324,447913,81.39,101471,18.44,940,0.17,60.61411,34.25511
2025-10,Centro,CSP da ULS Coimbra,"40.21578, -8.41058",413963,387606,93.63,25941,6.27,416,0.1,74.86514,54.17157
2025-10,Centro,CSP da ULS Região de Aveiro,"40.6418, -8.65166",344817,333428,96.7,10966,3.18,423,0.12,73.47289,38.93262
2025-10,Lisboa e Vale do Tejo,CSP da ULS Loures / Odivelas,"38.821769, -9.176301",241015,165355,68.61,75475,31.32,185,0.08,55.60276,32.58525
2025-10,Norte,CSP da ULS Barcelos / Esposende,"41.533628173, -8.6240622256",162615,162598,99.99,0,0.0,17,0.01,78.40298,17.64706
2025-10,Norte,CSP da ULS Entre Douro e Vouga,"40.926349, -8.548039",334983,332788,99.34,2181,0.65,14,0.0,79.15805,52.71071
2025-10,Norte,CSP da ULS Santo António,"41.160263, -8.681729",354883,334537,94.27,20243,5.7,103,0.03,72.7265,53.26354
2025-11,Alentejo,CSP da ULS Litoral Alentejano,"38.039936, -8.731693",105924,76760,72.47,28904,27.29,260,0.25,61.00884,42.61761
2025-11,Centro,CSP da ULS Baixo Mondego,"40.130297609, -8.860696177",111024,110351,99.39,599,0.54,74,0.07,76.31143,21.54532
2025-11,Centro,CSP da ULS Castelo Branco,"39.831269, -7.486884",102254,81892,80.09,20326,19.88,36,0.04,74.28854,62.00275
2025-11,Centro,CSP da ULS Guarda,"40.5314, -7.27322",140526,126035,89.69,14223,10.12,268,0.19,76.07418,66.24802
2025-11,Lisboa e Vale do Tejo,CSP da ULS Oeste,"39.411452329, -9.1394549604",256630,137891,53.73,118505,46.18,234,0.09,61.44995,48.19141
2025-11,Lisboa e Vale do Tejo,CSP da ULS Santa Maria,"38.739567, -9.168651",357798,243053,67.93,113268,31.66,1477,0.41,55.3192,33.12911
2025-11,Norte,CSP da ULS Barcelos / Esposende,"41.533628173, -8.6240622256",162625,162608,99.99,0,0.0,17,0.01,78.44243,11.76471
2025-11,Norte,CSP da ULS Gaia / Espinho,"41.127363348, -8.5796956622",354082,340175,96.07,13807,3.9,100,0.03,74.93801,66.34788
2025-11,Norte,CSP da ULS Póvoa Varzim / Vila Conde,"41.355472362, -8.7448970377",159717,154575,96.78,5127,3.21,15,0.01,75.04524,62.11591
2025-11,Norte,CSP da ULS Trás-os-Montes Alto Douro,"41.2969, -7.74841",262549,245656,93.57,16816,6.4,77,0.03,78.53962,71.89368
2025-12,Alentejo,CSP da ULS Alentejo Central,"38.568838, -7.903064",167024,154551,92.53,12457,7.46,16,0.01,77.27213,73.67915
2025-12,Centro,CSP da ULS Baixo Mondego,"40.130297609, -8.860696177",111154,110443,99.36,640,0.58,71,0.06,76.19339,20.39381
2025-12,Centro,CSP da ULS Coimbra,"40.21578, -8.41058",414567,387681,93.51,26472,6.39,414,0.1,74.72592,55.56795
2025-12,Centro,CSP da ULS Cova da Beira,"40.279552, -7.501801",85936,76649,89.19,9204,10.71,83,0.1,74.37279,69.79649
2025-12,Centro,CSP da ULS Viseu Dão-Lafões,"40.659169, -7.915314",279252,276012,98.84,3230,1.16,10,0.0,76.17707,38.17901
2025-12,Lisboa e Vale do Tejo,CSP da ULS Almada / Seixal,"38.6276044797217, -9.11368350111247",380009,319591,84.1,59997,15.79,421,0.11,62.25879,33.82436
2025-12,Norte,CSP da ULS Entre Douro e Vouga,"40.926349, -8.548039",335311,331460,98.85,3834,1.14,17,0.01,78.83845,63.3342
2025-12,Norte,CSP da ULS Nordeste,"41.806816, -6.759102",126715,124097,97.93,2361,1.86,257,0.2,79.85164,76.69977
2025-12,Norte,CSP da ULS Póvoa Varzim / Vila Conde,"41.355472362, -8.7448970377",159816,156374,97.85,3427,2.14,15,0.01,75.58943,62.40918
2025-12,Norte,CSP da ULS Tâmega e Sousa,"41.206266147, -8.2725028602",485804,485790,100.0,12,0.0,2,0.0,79.04011,50.0
2026-01,Centro,CSP da ULS Coimbra,"40.21578, -8.41058",414970,389291,93.81,25262,6.09,417,0.1,74.52732,54.09868
2026-01,Lisboa e Vale do Tejo,CSP da ULS Lezíria,"39.232503, -8.715083",205619,165752,80.61,39304,19.11,563,0.27,72.07311,60.82474
2026-01,Norte,CSP da ULS Entre Douro e Vouga,"40.926349, -8.548039",335431,329614,98.27,5801,1.73,16,0.0,78.74675,65.56644
2026-01,Norte,CSP da ULS Santo António,"41.160263, -8.681729",355937,336997,94.68,18834,5.29,106,0.03,72.27936,53.1415
2026-01,Norte,CSP da ULS Trás-os-Montes Alto Douro,"41.2969, -7.74841",262155,243079,92.72,19001,7.25,75,0.03,78.39561,71.38289
2016-01,Alentejo,ACES Alentejo Central,"38.8442031, -7.5826619",166863,165494,99.18,1287,0.77,82,0.05,76.6074,60.6169
2016-01,Centro,ACES Pinhal Interior Norte,"40.1151262, -8.2473136",130422,119610,91.71,10144,7.78,668,0.51,77.0268,32.6902
2016-01,Lisboa e Vale do Tejo,ACES Sintra,"38.7519209, -9.2753636",353925,267423,75.56,85785,24.24,717,0.2,56.3629,39.582
2016-01,Norte,ACES Ave / Famalicão,"41.3835805, -8.4157518",124125,118946,95.83,5134,4.14,45,0.04,73.393,36.7702
2016-01,Norte,ACES Gerês / Cabreira,"41.6298661, -8.3596897",105938,101884,96.17,3961,3.74,93,0.09,75.6387,64.811
2016-01,Norte,ACES Vale do Sousa Sul,"41.1548155, -8.2163769",177196,171311,96.68,5853,3.3,32,0.02,75.5844,68.5999
2016-02,Algarve,ACES Algarve Barlavento,"37.1387554, -8.5445093",159991,105073,65.67,54054,33.79,864,0.54,61.4919,48.7144
2016-02,Lisboa e Vale do Tejo,ACES Loures / Odivelas,"38.8012718, -9.1137868",346730,286722,82.69,59466,17.15,542,0.16,58.1497,29.1332
2016-02,Norte,ACES Alto Ave,"41.4417064, -8.1722408",269187,267157,99.25,1957,0.73,73,0.03,77.8394,44.533
2016-02,Norte,ACES Alto Tâmega e Barroso,"41.741781, -7.4731648",91624,87125,95.09,4425,4.83,74,0.08,74.0887,38.961
2016-02,Norte,ACES Feira e Arouca,"40.9263169, -8.5478813",155567,152061,97.75,3336,2.14,170,0.11,74.4993,63.1441
2016-02,Norte,ACES Gerês / Cabreira,"41.6298661, -8.3596897",105983,101931,96.18,3927,3.71,125,0.12,75.9319,67.3057
2016-02,Norte,ACES Marão e Douro Norte,"41.2968711, -7.7483727",108070,101319,93.75,6349,5.87,402,0.37,77.6603,49.294
2016-02,Norte,ACES Póvoa do Varzim / Vila do Conde,"41.355519, -8.746653",148720,146974,98.83,1735,1.17,11,0.01,75.2465,12.0536
2016-03,Centro,ACES Dão Lafões,"40.6565861, -7.9124712",272024,257012,94.48,14641,5.38,371,0.14,68.9096,46.5561
2016-03,Centro,ACES Pinhal Interior Norte,"40.1151262, -8.2473136",130546,122508,93.84,7372,5.65,666,0.51,76.8059,38.3046
2016-03,Lisboa e Vale do Tejo,ACES Oeste Sul,"39.0917759, -9.2600341",198590,149453,75.26,48635,24.49,502,0.25,66.467,48.45
2016-03,Norte,ACES Alto Tâmega e Barroso,"41.741781, -7.4731648",91654,87391,95.35,4183,4.56,80,0.09,73.9001,55.4405
2016-03,Norte,ACES Gerês / Cabreira,"41.6298661, -8.3596897",106311,102225,96.16,3949,3.71,137,0.13,75.3558,65.0613
2016-03,Norte,ACES Porto Ocidental,"41.1741353, -8.6691662",165819,164675,99.31,859,0.52,285,0.17,66.658,6.00429
2016-04,Alentejo,ACES São Mamede,"39.2967086, -7.4284755",117773,109695,93.14,7976,6.77,102,0.09,71.7894,62.2014
2016-04,Algarve,ACES Algarve Central,"37.0274264, -7.9395984",239118,190622,79.72,47510,19.87,986,0.41,57.5846,36.1729
2016-04,Centro,ACES Guarda,"40.5353285, -7.2724426",152260,140795,92.47,10116,6.64,1349,0.89,71.8385,55.3625
2016-04,Centro,ACES Pinhal Litoral,"39.7495331, -8.807683",264929,234864,88.65,29492,11.13,573,0.22,67.7365,53.2624
2016-04,Lisboa e Vale do Tejo,ACES Loures / Odivelas,"38.8012718, -9.1137868",348412,286754,82.3,61437,17.63,221,0.06,58.027,30.1097
2016-04,Lisboa e Vale do Tejo,ACES Sintra,"38.7519209, -9.2753636",356336,265599,74.54,89993,25.26,744,0.21,56.6151,40.5855
2016-04,Norte,ACES Alto Tâmega e Barroso,"41.741781, -7.4731648",91660,84044,91.69,7536,8.22,80,0.09,73.9001,55.4405
2016-04,Norte,ACES Ave / Famalicão,"41.3835805, -8.4157518",124157,117583,94.71,6534,5.26,40,0.03,73.5575,31.6978
2016-04,Norte,ACES Aveiro Norte,"40.8472225, -8.4656674",116552,109594,94.03,6917,5.93,41,0.04,74.1894,60.2968
2016-04,Norte,ACES Baixo Tâmega,"41.2719719, -8.0791631",170430,137609,80.74,30826,18.09,1995,1.17,74.7844,56.6295
2016-04,Norte,ACES Braga,"41.5518714, -8.4126362",184231,180549,98.0,3682,2.0,0,0.0,74.3615,69.5735
2016-04,Norte,ACES Douro Sul,"41.0953745, -7.8123805",74592,62484,83.77,11771,15.78,337,0.45,74.5418,65.2676
2016-04,Norte,ACES Matosinhos,"41.1918541, -8.6590693",172486,168686,97.8,3500,2.03,300,0.17,74.5912,33.8755
2016-04,Norte,ACES Santo Tirso / Trofa,"41.3469246, -8.4822648",115855,113838,98.26,1938,1.67,79,0.07,75.7054,7.24832
2016-04,Norte,ACES Vale do Sousa Norte,"41.2793583, -8.2787457",160759,157367,97.89,3345,2.08,47,0.03,75.7914,52.997
2016-05,Norte,ACES Alto Tâmega e Barroso,"41.741781, -7.4731648",91680,82902,90.43,8697,9.49,81,0.09,73.9001,55.4405
2016-05,Norte,ACES Gondomar,"41.1738444, -8.5612238",166091,165943,99.91,94,0.06,54,0.03,75.0861,14.6269
2016-05,Norte,ACES Marão e Douro Norte,"41.2968711, -7.7483727",108064,101759,94.17,5944,5.5,361,0.33,77.446,70.5175
2016-06,Alentejo,ACES Baixo Alentejo,"38.0153039, -7.8627308",125114,123200,98.47,1777,1.42,137,0.11,71.965,55.0195
2016-06,Centro,ACES Baixo Vouga,"40.6405055, -8.6537539",383433,374051,97.55,7367,1.92,2015,0.53,72.1404,43.9971
2016-06,Centro,ACES Cova da Beira,"40.2677741, -7.4995083",86357,83232,96.38,2996,3.47,129,0.15,66.9467,28.6974
2016-06,Centro,ACES Dão Lafões,"40.6565861, -7.9124712",272263,257914,94.73,13989,5.14,360,0.13,69.0049,45.3996
2016-06,Lisboa e Vale do Tejo,ACES Cascais,"38.69904, -9.3818008",197190,150824,76.49,46195,23.43,171,0.09,52.762,28.2159
2016-06,Lisboa e Vale do Tejo,ACES Loures / Odivelas,"38.8012718, -9.1137868",350365,287686,82.11,62455,17.83,224,0.06,58.0741,27.7097
2016-06,Norte,ACES Ave / Famalicão,"41.3835805, -8.4157518",124152,118098,95.12,6015,4.84,39,0.03,73.8084,41.2995
2016-06,Norte,ACES Baixo Tâmega,"41.2719719, -8.0791631",170621,137582,80.64,32467,19.03,572,0.34,74.3493,56.3489
2016-06,Norte,ACES Gaia,"41.1278433, -8.580396",152328,151565,99.5,673,0.44,90,0.06,71.0389,25.5759
2016-06,Norte,ACES Gerês / Cabreira,"41.6298661, -8.3596897",106233,102360,96.35,3852,3.63,21,0.02,75.2324,67.1956
2016-06,Norte,ACES Nordeste,"41.8069684, -6.7587977",133991,130023,97.04,3235,2.41,733,0.55,74.9489,51.9414
2016-06,Norte,ACES Póvoa do Varzim / Vila do Conde,"41.355519, -8.746653",149027,147300,98.84,1727,1.16,0,0.0,73.9355,72.1138
2016-06,Norte,ACES Vale do Sousa Sul,"41.1548155, -8.2163769",177463,164817,92.87,12617,7.11,29,0.02,75.6433,69.5859
2016-07,Alentejo,ACES Alentejo Central,"38.8442031, -7.5826619",167459,165994,99.13,1367,0.82,98,0.06,75.6486,64.5553
2016-07,Algarve,ACES Algarve Barlavento,"37.1387554, -8.5445093",162364,101618,62.59,59931,36.91,815,0.5,59.3417,41.9399
2016-07,Centro,ACES Beira Interior Sul,"39.8211367, -7.5036651",73998,68490,92.56,5015,6.78,493,0.67,67.4878,19.076
2016-07,Centro,ACES Guarda,"40.5353285, -7.2724426",152584,140832,92.3,10351,6.78,1401,0.92,71.927,54.6158
2016-07,Lisboa e Vale do Tejo,ACES Almada / Seixal,"38.6678522, -9.1875777",343517,272748,79.4,70029,20.39,740,0.22,64.2026,41.7211
2016-07,Lisboa e Vale do Tejo,ACES Oeste Norte,"39.410844, -9.1396215",179160,156114,87.14,22789,12.72,257,0.14,70.9074,52.6448
2016-07,Norte,ACES Alto Tâmega e Barroso,"41.741781, -7.4731648",91749,82943,90.4,8724,9.51,82,0.09,73.6081,57.569
2016-07,Norte,ACES Douro Sul,"41.0953745, -7.8123805",74576,62539,83.86,11708,15.7,329,0.44,73.9978,59.2072
2016-07,Norte,ACES Marão e Douro Norte,"41.2968711, -7.7483727",108009,101728,94.18,5942,5.5,339,0.31,77.5568,69.6254
2016-07,Norte,ACES Matosinhos,"41.1918541, -8.6590693",172705,165946,96.09,6450,3.73,309,0.18,74.4576,56.1541
2016-08,Algarve,ACES Algarve Central,"37.0274264, -7.9395984",240965,193404,80.26,46739,19.4,822,0.34,58.1468,36.1515
2016-08,Centro,ACES Baixo Vouga,"40.6405055, -8.6537539",384303,375959,97.83,6114,1.59,2230,0.58,72.1404,43.9971
2016-08,Centro,ACES Pinhal Litoral,"39.7495331, -8.807683",266226,252006,94.66,13602,5.11,618,0.23,67.6668,53.142
2016-08,Norte,ACES Alto Ave,"41.4417064, -8.1722408",269972,269813,99.94,56,0.02,103,0.04,76.9358,61.7946
2016-08,Norte,ACES Aveiro Norte,"40.8472225, -8.4656674",116680,114566,98.19,2075,1.78,39,0.03,74.163,64.9119
2016-08,Norte,ACES Baixo Tâmega,"41.2719719, -8.0791631",170769,155168,90.86,15035,8.8,566,0.33,74.3493,56.3489
2016-08,Norte,ACES Porto Oriental,"41.1694498, -8.6126428",117165,111877,95.49,5250,4.48,38,0.03,71.2785,60.1372
2016-09,Centro,ACES Dão Lafões,"40.6565861, -7.9124712",272516,266829,97.91,5319,1.95,368,0.14,68.8119,21.1522
2016-09,Centro,ACES Guarda,"40.5353285, -7.2724426",152754,141042,92.33,10242,6.7,1470,0.96,71.0538,55.1585
2016-09,Lisboa e Vale do Tejo,ACES Lezíria,"39.2371689, -8.6908895",194449,173194,89.07,20723,10.66,532,0.27,68.5397,48.4467
2016-09,Lisboa e Vale do Tejo,ACES Oeste Sul,"39.0917759, -9.2600341",200084,148200,74.07,51386,25.68,498,0.25,65.6074,46.5471
2016-09,Norte,ACES Ave / Famalicão,"41.3835805, -8.4157518",124235,119022,95.8,5172,4.16,41,0.03,73.6271,46.6864
2016-09,Norte,ACES Baixo Tâmega,"41.2719719, -8.0791631",171133,156303,91.33,14285,8.35,545,0.32,73.8669,53.7268
2016-09,Norte,ACES Braga,"41.5518714, -8.4126362",185921,185872,99.97,48,0.03,1,0.0,73.7038,40.3448
2016-09,Norte,ACES Espinho / Gaia,"41.0022421, -8.642018",185600,182950,98.57,2594,1.4,56,0.03,74.5753,57.6045
2016-09,Norte,ACES Matosinhos,"41.1918541, -8.6590693",172806,168259,97.37,4239,2.45,308,0.18,74.695,54.8338
2016-09,Norte,ACES Porto Ocidental,"41.1741353, -8.6691662",167626,165387,98.66,1974,1.18,265,0.16,67.1124,21.4924
2016-09,Norte,ACES Vale do Sousa Sul,"41.1548155, -8.2163769",177942,177021,99.48,885,0.5,36,0.02,75.4197,44.7127
2016-10,Alentejo,ACES Alentejo Central,"38.8442031, -7.5826619",167637,162177,96.74,5354,3.19,106,0.06,75.2244,68.2797
2016-10,Alentejo,ACES São Mamede,"39.2967086, -7.4284755",117614,111784,95.04,5720,4.86,110,0.09,72.0198,57.4241
2016-10,Algarve,ACES Algarve Barlavento,"37.1387554, -8.5445093",163594,110485,67.54,52223,31.92,886,0.54,58.5833,44.745
2016-10,Algarve,ACES Algarve Sotavento,"37.383008, -7.7293275",56229,55256,98.27,925,1.65,48,0.09,66.9374,41.948
2016-10,Centro,ACES Beira Interior Sul,"39.8211367, -7.5036651",74120,70004,94.45,3583,4.83,533,0.72,67.5658,35.1976
2016-10,Centro,ACES Guarda,"40.5353285, -7.2724426",152731,141892,92.9,9364,6.13,1475,0.97,71.0538,55.1585
2016-10,Lisboa e Vale do Tejo,ACES Almada / Seixal,"38.6678522, -9.1875777",345479,288263,83.44,56432,16.33,784,0.23,63.5825,34.3655
2016-10,Lisboa e Vale do Tejo,ACES Lezíria,"39.2371689, -8.6908895",194523,173187,89.03,20783,10.68,553,0.28,68.5397,48.4467
2016-10,Lisboa e Vale do Tejo,ACES Médio Tejo,"39.478072, -8.5404429",227020,197922,87.18,28488,12.55,610,0.27,69.3326,57.702
2016-10,Lisboa e Vale do Tejo,ACES Oeste Norte,"39.410844, -9.1396215",179527,161728,90.09,17544,9.77,255,0.14,70.0752,48.1195
2016-10,Lisboa e Vale do Tejo,ACES Oeste Sul,"39.0917759, -9.2600341",200281,149165,74.48,50604,25.27,512,0.26,65.6074,46.5471
2016-10,Norte,ACES Alto Ave,"41.4417064, -8.1722408",270196,268206,99.26,1864,0.69,126,0.05,76.6899,54.0073
2016-10,Norte,ACES Baixo Tâmega,"41.2719719, -8.0791631",171137,154881,90.5,15710,9.18,546,0.32,73.8669,53.7268
2016-10,Norte,ACES Feira e Arouca,"40.9263169, -8.5478813",154319,152220,98.64,1933,1.25,166,0.11,73.5103,64.1604
2016-10,Norte,ACES Gerês / Cabreira,"41.6298661, -8.3596897",106524,103426,97.09,3094,2.9,4,0.0,75.0454,64.8286
2016-10,Norte,ACES Maia / Valongo,"41.2333945, -8.6187474",217561,214424,98.56,3021,1.39,116,0.05,72.0555,52.308
2016-11,Alentejo,ACES Alentejo Litoral,"38.3841359, -8.5132031",91017,79850,87.73,11109,12.21,58,0.06,66.6474,60.0354
2016-11,Lisboa e Vale do Tejo,ACES Almada / Seixal,"38.6678522, -9.1875777",345902,286207,82.74,58902,17.03,793,0.23,63.5825,34.3655
2016-11,Lisboa e Vale do Tejo,ACES Arco Ribeirinho,"38.6672076, -9.0543329",220724,162553,73.65,58022,26.29,149,0.07,58.1322,40.7248
2016-11,Lisboa e Vale do Tejo,ACES Arrábida,"38.5324373, -8.8627453",226692,165230,72.89,60804,26.82,658,0.29,61.4362,42.5932
2016-11,Lisboa e Vale do Tejo,ACES Oeste Sul,"39.0917759, -9.2600341",200390,149350,74.53,50521,25.21,519,0.26,65.6074,46.5471
2016-11,Norte,ACES Ave / Famalicão,"41.3835805, -8.4157518",123003,119094,96.82,3870,3.15,39,0.03,73.6271,46.6864
2016-11,Norte,ACES Braga,"41.5518714, -8.4126362",184151,184139,99.99,11,0.01,1,0.0,73.7038,40.3448
2016-11,Norte,ACES Douro Sul,"41.0953745, -7.8123805",74699,66685,89.27,7536,10.09,478,0.64,73.0107,54.9024
2016-11,Norte,ACES Gerês / Cabreira,"41.6298661, -8.3596897",105553,102549,97.15,3003,2.85,1,0.0,75.0454,64.8286
2016-11,Norte,ACES Maia / Valongo,"41.2333945, -8.6187474",215446,212639,98.7,2698,1.25,109,0.05,72.0555,52.308
2016-11,Norte,ACES Marão e Douro Norte,"41.2968711, -7.7483727",106725,104369,97.79,1960,1.84,396,0.37,77.4239,60.4698
2016-11,Norte,ACES Nordeste,"41.8069684, -6.7587977",130861,130107,99.42,35,0.03,719,0.55,74.4394,29.7693
2016-11,Norte,ACES Vale do Sousa Norte,"41.2793583, -8.2787457",158594,158494,99.94,67,0.04,33,0.02,76.1412,27.3973
2016-12,Alentejo,ACES Alentejo Central,"38.8442031, -7.5826619",165910,165801,99.93,11,0.01,98,0.06,76.2595,55.2463
2016-12,Alentejo,ACES Alentejo Litoral,"38.3841359, -8.5132031",91268,79729,87.36,11477,12.58,62,0.07,67.945,59.1546
2016-12,Alentejo,ACES São Mamede,"39.2967086, -7.4284755",115172,110280,95.75,4773,4.14,119,0.1,74.6863,60.2704
2016-12,Centro,ACES Beira Interior Sul,"39.8211367, -7.5036651",72353,68075,94.09,3800,5.25,478,0.66,69.9059,43.3379
2016-12,Lisboa e Vale do Tejo,ACES Estuário do Tejo,"38.9528113, -8.9911154",222521,165347,74.31,56013,25.17,1161,0.52,59.7194,43.3176
2016-12,Lisboa e Vale do Tejo,ACES Lisboa Ocidental e Oeiras,"38.6914388, -9.3184304",240706,220620,91.66,19365,8.05,721,0.3,56.6261,31.1064
2016-12,Lisboa e Vale do Tejo,ACES Loures / Odivelas,"38.8012718, -9.1137868",350463,309883,88.42,40559,11.57,21,0.01,58.9944,31.3249
2016-12,Lisboa e Vale do Tejo,ACES Sintra,"38.7519209, -9.2753636",353567,280465,79.32,72350,20.46,752,0.21,56.4031,42.4807
2016-12,Norte,ACES Alto Tâmega e Barroso,"41.741781, -7.4731648",89883,87131,96.94,2642,2.94,110,0.12,74.7773,51.6523
2016-12,Norte,ACES Douro Sul,"41.0953745, -7.8123805",74644,69713,93.39,4456,5.97,475,0.64,74.0661,56.5569
2016-12,Norte,ACES Gerês / Cabreira,"41.6298661, -8.3596897",105822,104142,98.41,1678,1.59,2,0.0,76.9448,62.1403
2016-12,Norte,ACES Maia / Valongo,"41.2333945, -8.6187474",216216,213523,98.75,2570,1.19,123,0.06,73.0685,48.7136
2016-12,Norte,ACES Matosinhos,"41.1918541, -8.6590693",171363,170824,99.69,228,0.13,311,0.18,74.8739,40.02
2016-12,Norte,ACES Porto Oriental,"41.1694498, -8.6126428",116369,115347,99.12,987,0.85,35,0.03,71.821,45.036
2017-01,Alentejo,ACES Baixo Alentejo,"38.0153039, -7.8627308",123157,122774,99.69,109,0.09,274,0.22,73.0642,13.1926
2017-01,Alentejo,ACES São Mamede,"39.2967086, -7.4284755",115158,110649,96.08,4391,3.81,118,0.1,74.528,58.6329
2017-01,Centro,ACES Pinhal Litoral,"39.7495331, -8.807683",260608,254389,97.61,5608,2.15,611,0.23,69.8056,36.0817
2017-01,Lisboa e Vale do Tejo,ACES Lisboa Central,"38.7306317, -9.1510414",279377,237953,85.17,40436,14.47,988,0.35,53.6329,33.9299
2017-01,Lisboa e Vale do Tejo,ACES Lisboa Ocidental e Oeiras,"38.6914388, -9.3184304",241170,219170,90.88,21285,8.83,715,0.3,56.9104,33.7386
2017-01,Norte,ACES Alto Ave,"41.4417064, -8.1722408",268448,266478,99.27,1865,0.69,105,0.04,77.5966,72.0895
2017-01,Norte,ACES Gondomar,"41.1738444, -8.5612238",165207,161907,98.0,3253,1.97,47,0.03,75.3846,70.3569
2017-01,Norte,ACES Marão e Douro Norte,"41.2968711, -7.7483727",106624,106033,99.45,202,0.19,389,0.36,77.8705,8.93761
2017-01,Norte,ACES Porto Ocidental,"41.1741353, -8.6691662",164814,163657,99.3,924,0.56,233,0.14,69.4391,33.2472
2017-01,Norte,ACES Póvoa do Varzim / Vila do Conde,"41.355519, -8.746653",148124,144767,97.73,3352,2.26,5,0.0,75.2255,72.0979
2017-02,Alentejo,ACES Alentejo Litoral,"38.3841359, -8.5132031",91621,83978,91.66,7578,8.27,65,0.07,66.8275,54.7691
2017-02,Alentejo,ACES Baixo Alentejo,"38.0153039, -7.8627308",123429,122890,99.56,87,0.07,452,0.37,72.7058,6.87732
2017-02,Alentejo,ACES São Mamede,"39.2967086, -7.4284755",115178,110670,96.09,4391,3.81,117,0.1,74.4048,58.1854
2017-02,Algarve,ACES Algarve Central,"37.0274264, -7.9395984",234259,211981,90.49,21876,9.34,402,0.17,60.6696,30.1432
2017-02,Centro,ACES Baixo Mondego,"40.2150023, -8.4071805",379754,368322,96.99,9935,2.62,1497,0.39,68.3577,35.6893
2017-02,Centro,ACES Baixo Vouga,"40.6405055, -8.6537539",377509,370836,98.23,4569,1.21,2104,0.56,73.7018,37.1947
2017-02,Centro,ACES Dão Lafões,"40.6565861, -7.9124712",267712,263638,98.48,3699,1.38,375,0.14,70.0589,35.9931
2017-02,Lisboa e Vale do Tejo,ACES Arco Ribeirinho,"38.6672076, -9.0543329",216637,159798,73.76,56690,26.17,149,0.07,59.2073,44.1141
2017-02,Lisboa e Vale do Tejo,ACES Médio Tejo,"39.478072, -8.5404429",225415,197136,87.45,27632,12.26,647,0.29,70.25,61.5793
2017-02,Lisboa e Vale do Tejo,ACES Oeste Norte,"39.410844, -9.1396215",178929,162290,90.7,16323,9.12,316,0.18,70.1049,50.278
2017-02,Norte,ACES Aveiro Norte,"40.8472225, -8.4656674",115986,114206,98.47,1735,1.5,45,0.04,75.4117,73.4831
2017-02,Norte,ACES Gondomar,"41.1738444, -8.5612238",165303,162021,98.01,3235,1.96,47,0.03,75.1773,69.5917
2017-02,Norte,ACES Marão e Douro Norte,"41.2968711, -7.7483727",106606,106051,99.48,165,0.15,390,0.37,77.6138,8.40787
2017-02,Norte,ACES Matosinhos,"41.1918541, -8.6590693",171801,169610,98.72,1914,1.11,277,0.16,74.3511,63.9434
2017-02,Norte,ACES Nordeste,"41.8069684, -6.7587977",130841,130016,99.37,61,0.05,764,0.58,75.599,24.9697
2017-02,Norte,ACES Porto Ocidental,"41.1741353, -8.6691662",165203,163927,99.23,1029,0.62,247,0.15,69.1549,32.1848
2017-02,Norte,ACES Porto Oriental,"41.1694498, -8.6126428",116678,114399,98.05,2238,1.92,41,0.04,70.8865,60.158
2017-02,Norte,ACES Santo Tirso / Trofa,"41.3469246, -8.4822648",115497,115301,99.83,191,0.17,5,0.0,76.1137,4.88323
2017-03,Alentejo,ACES São Mamede,"39.2967086, -7.4284755",115241,110746,96.1,4378,3.8,117,0.1,74.4655,58.2647
2017-03,Algarve,ACES Algarve Central,"37.0274264, -7.9395984",235373,212554,90.31,22416,9.52,403,0.17,60.5972,28.1425
2017-03,Algarve,ACES Algarve Sotavento,"37.383008, -7.7293275",55145,55078,99.88,38,0.07,29,0.05,67.9101,4.16667
2017-03,Centro,ACES Baixo Mondego,"40.2150023, -8.4071805",380159,368911,97.04,9735,2.56,1513,0.4,68.423,34.539
2017-03,Centro,ACES Baixo Vouga,"40.6405055, -8.6537539",377980,371147,98.19,4713,1.25,2120,0.56,73.6796,36.9323
2017-03,Centro,ACES Beira Interior Sul,"39.8211367, -7.5036651",72514,67131,92.58,4890,6.74,493,0.68,70.254,47.0905
2017-03,Centro,ACES Cova da Beira,"40.2677741, -7.4995083",85124,82201,96.57,2801,3.29,122,0.14,67.5583,31.4061
2017-03,Centro,ACES Guarda,"40.5353285, -7.2724426",148860,141885,95.31,5606,3.77,1369,0.92,72.9424,47.5944
2017-03,Lisboa e Vale do Tejo,ACES Almada / Seixal,"38.6678522, -9.1875777",343710,293136,85.29,49787,14.49,787,0.23,63.6682,35.0933
2017-03,Lisboa e Vale do Tejo,ACES Oeste Norte,"39.410844, -9.1396215",179044,160078,89.41,18650,10.42,316,0.18,69.998,51.0841
2017-03,Norte,ACES Feira e Arouca,"40.9263169, -8.5478813",153206,150954,98.53,2084,1.36,168,0.11,74.3473,70.0133
2017-03,Norte,ACES Nordeste,"41.8069684, -6.7587977",131108,130265,99.36,38,0.03,805,0.61,75.312,25.2669
2017-04,Alentejo,ACES Alentejo Litoral,"38.3841359, -8.5132031",91915,84146,91.55,7703,8.38,66,0.07,65.4711,50.2229
2017-04,Centro,ACES Baixo Vouga,"40.6405055, -8.6537539",378240,372931,98.6,3180,0.84,2129,0.56,73.4568,30.1563
2017-04,Centro,ACES Guarda,"40.5353285, -7.2724426",148890,142154,95.48,5362,3.6,1374,0.92,72.763,46.3893
2017-04,Centro,ACES Pinhal Interior Sul,"39.7510898, -7.9203657",30554,30285,99.12,115,0.38,154,0.5,81.0368,22.3048
2017-04,Centro,ACES Pinhal Litoral,"39.7495331, -8.807683",261766,252990,96.65,7981,3.05,795,0.3,69.6842,46.427
2017-04,Lisboa e Vale do Tejo,ACES Estuário do Tejo,"38.9528113, -8.9911154",225027,167666,74.51,56202,24.98,1159,0.52,60.6232,47.1683
2017-04,Lisboa e Vale do Tejo,ACES Oeste Norte,"39.410844, -9.1396215",179125,160162,89.41,18646,10.41,317,0.18,69.7209,50.6474
2017-04,Lisboa e Vale do Tejo,ACES Sintra,"38.7519209, -9.2753636",356423,269149,75.51,86520,24.27,754,0.21,56.4233,43.0712
2017-04,Norte,ACES Alto Ave,"41.4417064, -8.1722408",268694,263731,98.15,4875,1.81,88,0.03,77.1236,70.0987
2017-04,Norte,ACES Alto Minho,"41.7056054, -8.8252713",243395,241318,99.15,1757,0.72,320,0.13,77.3378,66.105
2017-04,Norte,ACES Baixo Tâmega,"41.2719719, -8.0791631",168909,157123,93.02,11266,6.67,520,0.31,74.8964,62.2433
2017-04,Norte,ACES Barcelos / Esposende,"41.5317419, -8.6178922",155977,152764,97.94,2950,1.89,263,0.17,76.631,56.0224
2017-04,Norte,ACES Feira e Arouca,"40.9263169, -8.5478813",153230,149520,97.58,3536,2.31,174,0.11,74.2309,72.0755
2017-04,Norte,ACES Nordeste,"41.8069684, -6.7587977",131077,130325,99.43,32,0.02,720,0.55,75.1135,25.2996
2017-04,Norte,ACES Vale do Sousa Norte,"41.2793583, -8.2787457",159189,151161,94.96,8026,5.04,2,0.0,76.8328,71.2755
2017-04,Norte,ACES Vale do Sousa Sul,"41.1548155, -8.2163769",174909,171076,97.81,3792,2.17,41,0.02,76.2111,73.0237
2017-05,Centro,ACES Cova da Beira,"40.2677741, -7.4995083",85339,83965,98.39,997,1.17,377,0.44,67.5127,34.9747
2017-05,Centro,ACES Pinhal Interior Norte,"40.1151262, -8.2473136",128755,125819,97.72,2225,1.73,711,0.55,77.4417,42.073
2017-05,Centro,ACES Pinhal Interior Sul,"39.7510898, -7.9203657",30545,30323,99.27,13,0.04,209,0.68,80.7137,24.7748
2017-05,Lisboa e Vale do Tejo,ACES Arco Ribeirinho,"38.6672076, -9.0543329",217713,158218,72.67,59301,27.24,194,0.09,58.1682,42.4828
2017-05,Lisboa e Vale do Tejo,ACES Estuário do Tejo,"38.9528113, -8.9911154",225579,166041,73.61,58383,25.88,1155,0.51,60.2576,45.89
2017-05,Lisboa e Vale do Tejo,ACES Loures / Odivelas,"38.8012718, -9.1137868",354193,305888,86.36,48255,13.62,50,0.01,59.6784,36.725
2017-05,Norte,ACES Aveiro Norte,"40.8472225, -8.4656674",116177,114418,98.49,1705,1.47,54,0.05,75.1599,71.4286
2017-05,Norte,ACES Braga,"41.5518714, -8.4126362",186185,185739,99.76,446,0.24,0,0.0,73.8014,54.1109
2017-05,Norte,ACES Feira e Arouca,"40.9263169, -8.5478813",153263,149575,97.59,3519,2.3,169,0.11,74.1306,72.0174
2017-05,Norte,ACES Vale do Sousa Sul,"41.1548155, -8.2163769",174708,170887,97.81,3789,2.17,32,0.02,76.2576,72.9652
2017-06,Centro,ACES Pinhal Interior Norte,"40.1151262, -8.2473136",128806,123064,95.54,5032,3.91,710,0.55,77.2253,53.5839
2017-06,Norte,ACES Braga,"41.5518714, -8.4126362",186549,186001,99.71,547,0.29,1,0.0,73.7861,52.9197
2017-06,Norte,ACES Feira e Arouca,"40.9263169, -8.5478813",153299,149626,97.6,3503,2.29,170,0.11,74.0853,72.3387
2017-06,Norte,ACES Gaia,"41.1278433, -8.580396",152137,149504,98.27,2588,1.7,45,0.03,71.4679,62.4763
2017-06,Norte,ACES Porto Oriental,"41.1694498, -8.6126428",116987,113804,97.28,3143,2.69,40,0.03,70.2038,58.4669
2017-06,Norte,ACES Vale do Sousa Norte,"41.2793583, -8.2787457",159316,151316,94.98,7996,5.02,4,0.0,76.8116,70.8125
2017-07,Alentejo,ACES Alentejo Litoral,"38.3841359, -8.5132031",92609,83902,90.6,8639,9.33,68,0.07,64.7321,48.8052
2017-07,Algarve,ACES Algarve Barlavento,"37.1387554, -8.5445093",160000,95821,59.89,63316,39.57,863,0.54,58.8093,50.8173
2017-07,Centro,ACES Baixo Vouga,"40.6405055, -8.6537539",379538,373838,98.5,3533,0.93,2167,0.57,73.1524,29.9702
2017-07,Centro,ACES Dão Lafões,"40.6565861, -7.9124712",268502,264075,98.35,4043,1.51,384,0.14,69.7904,38.9115
2017-07,Centro,ACES Pinhal Litoral,"39.7495331, -8.807683",263072,253680,96.43,8609,3.27,783,0.3,69.487,48.4687
2017-07,Lisboa e Vale do Tejo,ACES Amadora,"38.7573081, -9.23429",171777,130822,76.16,40726,23.71,229,0.13,57.1185,41.1041
2017-07,Lisboa e Vale do Tejo,ACES Estuário do Tejo,"38.9528113, -8.9911154",226628,166192,73.33,59256,26.15,1180,0.52,59.9801,46.5149
2017-07,Norte,ACES Alto Ave,"41.4417064, -8.1722408",269159,265800,98.75,3269,1.21,90,0.03,76.818,67.5402
2017-07,Norte,ACES Ave / Famalicão,"41.3835805, -8.4157518",123235,118847,96.44,4347,3.53,41,0.03,73.4838,61.1719
2017-07,Norte,ACES Gerês / Cabreira,"41.6298661, -8.3596897",106218,103673,97.6,2539,2.39,6,0.01,76.0919,72.1626
2017-07,Norte,ACES Maia / Valongo,"41.2333945, -8.6187474",217351,215335,99.07,1887,0.87,129,0.06,72.2356,53.3532
2017-07,Norte,ACES Marão e Douro Norte,"41.2968711, -7.7483727",106524,106119,99.62,26,0.02,379,0.36,77.2554,5.13447
2017-07,Norte,ACES Matosinhos,"41.1918541, -8.6590693",172789,166960,96.63,5517,3.19,312,0.18,73.4495,63.0189
2017-07,Norte,ACES Nordeste,"41.8069684, -6.7587977",131310,130475,99.36,87,0.07,748,0.57,75.0737,26.9461
2017-07,Norte,ACES Porto Ocidental,"41.1741353, -8.6691662",166657,163094,97.86,3411,2.05,152,0.09,67.9679,52.2619
2017-08,Alentejo,ACES Alentejo Central,"38.8442031, -7.5826619",166330,166141,99.89,61,0.04,128,0.08,75.403,38.8298
2017-08,Centro,ACES Baixo Vouga,"40.6405055, -8.6537539",380145,374149,98.42,3803,1.0,2193,0.58,73.0964,30.2201
2017-08,Centro,ACES Pinhal Interior Sul,"39.7510898, -7.9203657",30571,30341,99.25,26,0.09,204,0.67,80.2165,25.6522
2017-08,Lisboa e Vale do Tejo,ACES Amadora,"38.7573081, -9.23429",172208,130714,75.9,41267,23.96,227,0.13,57.0243,40.7509
2017-08,Lisboa e Vale do Tejo,ACES Arco Ribeirinho,"38.6672076, -9.0543329",218747,158262,72.35,60298,27.57,187,0.09,57.8405,41.8555
2017-08,Lisboa e Vale do Tejo,ACES Cascais,"38.69904, -9.3818008",200576,165988,82.76,34481,17.19,107,0.05,53.4349,31.19
2017-08,Lisboa e Vale do Tejo,ACES Lisboa Central,"38.7306317, -9.1510414",284599,234452,82.38,49120,17.26,1027,0.36,52.56,34.3955
2017-08,Lisboa e Vale do Tejo,ACES Loures / Odivelas,"38.8012718, -9.1137868",356814,305660,85.66,51107,14.32,47,0.01,59.5838,37.4995
2017-08,Lisboa e Vale do Tejo,ACES Sintra,"38.7519209, -9.2753636",359697,264787,73.61,94143,26.17,767,0.21,56.0733,40.426
2017-08,Norte,ACES Ave / Famalicão,"41.3835805, -8.4157518",123293,118918,96.45,4321,3.5,54,0.04,73.2746,61.5965
2017-08,Norte,ACES Barcelos / Esposende,"41.5317419, -8.6178922",156419,151784,97.04,4375,2.8,260,0.17,76.2235,69.4864
2017-08,Norte,ACES Gaia,"41.1278433, -8.580396",152539,149513,98.02,2976,1.95,50,0.03,71.1728,59.6497
2017-08,Norte,ACES Porto Ocidental,"41.1741353, -8.6691662",166960,163356,97.84,3448,2.07,156,0.09,67.9129,52.7909
2017-08,Norte,ACES Póvoa do Varzim / Vila do Conde,"41.355519, -8.746653",148750,143570,96.52,5173,3.48,7,0.0,73.6506,69.9884
2017-08,Norte,ACES Santo Tirso / Trofa,"41.3469246, -8.4822648",115796,115702,99.92,83,0.07,11,0.01,75.0943,9.56284
2017-09,Centro,ACES Baixo Mondego,"40.2150023, -8.4071805",382705,371383,97.04,9779,2.56,1543,0.4,70.2414,36.2854
2017-09,Centro,ACES Dão Lafões,"40.6565861, -7.9124712",268842,259692,96.6,8743,3.25,407,0.15,70.749,54.2186
2017-09,Centro,ACES Pinhal Interior Norte,"40.1151262, -8.2473136",129181,124691,96.52,3792,2.94,698,0.54,76.9861,49.8888
2017-09,Lisboa e Vale do Tejo,ACES Almada / Seixal,"38.6678522, -9.1875777",346939,288966,83.29,57196,16.49,777,0.22,61.9504,35.065
2017-09,Lisboa e Vale do Tejo,ACES Amadora,"38.7573081, -9.23429",172627,130650,75.68,41744,24.18,233,0.13,56.5311,40.2477
2017-09,Lisboa e Vale do Tejo,ACES Arco Ribeirinho,"38.6672076, -9.0543329",219193,157617,71.91,61386,28.01,190,0.09,57.6598,41.7081
2017-09,Lisboa e Vale do Tejo,ACES Estuário do Tejo,"38.9528113, -8.9911154",227811,161274,70.79,65514,28.76,1023,0.45,59.3719,46.0055
2017-09,Lisboa e Vale do Tejo,ACES Oeste Sul,"39.0917759, -9.2600341",200680,148551,74.02,51524,25.67,605,0.3,65.6645,47.3327
2017-09,Lisboa e Vale do Tejo,ACES Sintra,"38.7519209, -9.2753636",360404,266580,73.97,93052,25.82,772,0.21,55.8102,40.1631
2017-09,Norte,ACES Alto Minho,"41.7056054, -8.8252713",244334,242071,99.07,1949,0.8,314,0.13,76.6199,62.7928
2017-09,Norte,ACES Barcelos / Esposende,"41.5317419, -8.6178922",156518,151882,97.04,4380,2.8,256,0.16,75.996,69.5859
2017-09,Norte,ACES Gondomar,"41.1738444, -8.5612238",166267,161297,97.01,4913,2.95,57,0.03,74.2355,51.006
2017-10,Alentejo,ACES Alentejo Litoral,"38.3841359, -8.5132031",93172,82042,88.05,11062,11.87,68,0.07,64.5331,54.0025
2017-10,Alentejo,ACES Baixo Alentejo,"38.0153039, -7.8627308",123751,121856,98.47,1397,1.13,498,0.4,72.5597,48.8384
2017-10,Centro,ACES Baixo Mondego,"40.2150023, -8.4071805",383191,371754,97.02,9903,2.58,1534,0.4,70.5705,36.2891
2017-10,Centro,ACES Cova da Beira,"40.2677741, -7.4995083",85581,83248,97.27,1339,1.56,994,1.16,67.4526,34.9485
2017-10,Centro,ACES Pinhal Interior Sul,"39.7510898, -7.9203657",30633,30386,99.19,31,0.1,216,0.71,80.064,25.5061
2017-10,Lisboa e Vale do Tejo,ACES Estuário do Tejo,"38.9528113, -8.9911154",228242,161351,70.69,65863,28.86,1028,0.45,59.25,46.1283
2017-10,Lisboa e Vale do Tejo,ACES Oeste Norte,"39.410844, -9.1396215",179914,158434,88.06,21164,11.76,316,0.18,68.9065,49.9012
2017-10,Lisboa e Vale do Tejo,ACES Sintra,"38.7519209, -9.2753636",361347,274783,76.04,85791,23.74,773,0.21,55.7605,39.5136
2017-10,Norte,ACES Ave / Famalicão,"41.3835805, -8.4157518",123381,118994,96.44,4345,3.52,42,0.03,72.9008,62.0611
2017-10,Norte,ACES Feira e Arouca,"40.9263169, -8.5478813",152455,148436,97.36,3867,2.54,152,0.1,74.4699,66.7164
2017-10,Norte,ACES Marão e Douro Norte,"41.2968711, -7.7483727",106582,106177,99.62,29,0.03,376,0.35,76.6274,8.82353
2017-11,Algarve,ACES Algarve Sotavento,"37.383008, -7.7293275",56080,54749,97.63,1291,2.3,40,0.07,66.3761,66.9638
2017-11,Centro,ACES Baixo Mondego,"40.2150023, -8.4071805",383559,372078,97.01,9938,2.59,1543,0.4,70.7384,35.4478
2017-11,Centro,ACES Beira Interior Sul,"39.8211367, -7.5036651",73009,69283,94.9,3116,4.27,610,0.84,68.8494,40.349
2017-11,Centro,ACES Pinhal Interior Norte,"40.1151262, -8.2473136",129242,126628,97.98,1900,1.47,714,0.55,76.6247,33.4987
2017-11,Centro,ACES Pinhal Interior Sul,"39.7510898, -7.9203657",30623,30383,99.22,32,0.1,208,0.68,79.9726,24.5833
2017-11,Lisboa e Vale do Tejo,ACES Cascais,"38.69904, -9.3818008",202607,169462,83.64,32960,16.27,185,0.09,54.0406,29.7149
2017-11,Lisboa e Vale do Tejo,ACES Lisboa Ocidental e Oeiras,"38.6914388, -9.3184304",246118,233995,95.07,11484,4.67,639,0.26,55.8246,28.7081
2017-11,Norte,ACES Alto Minho,"41.7056054, -8.8252713",244496,242238,99.08,1946,0.8,312,0.13,76.5809,62.7381
2017-11,Norte,ACES Alto Tâmega e Barroso,"41.741781, -7.4731648",90558,86994,96.06,3384,3.74,180,0.2,74.1387,52.125
2017-11,Norte,ACES Feira e Arouca,"40.9263169, -8.5478813",152585,148214,97.14,4220,2.77,151,0.1,74.3365,69.6935
2017-11,Norte,ACES Matosinhos,"41.1918541, -8.6590693",173406,170390,98.26,2752,1.59,264,0.15,73.2664,51.9722
2017-11,Norte,ACES Santo Tirso / Trofa,"41.3469246, -8.4822648",115957,114111,98.41,1831,1.58,15,0.01,74.5662,60.6519
2017-12,Centro,ACES Pinhal Interior Sul,"39.7510898, -7.9203657",30560,30340,99.28,31,0.1,189,0.62,79.8626,23.6364
2017-12,Lisboa e Vale do Tejo,ACES Almada / Seixal,"38.6678522, -9.1875777",342736,308770,90.09,33202,9.69,764,0.22,62.4981,32.1332
2017-12,Lisboa e Vale do Tejo,ACES Cascais,"38.69904, -9.3818008",197826,174000,87.96,23630,11.94,196,0.1,55.141,34.0468
2017-12,Norte,ACES Alto Minho,"41.7056054, -8.8252713",244470,243839,99.74,315,0.13,316,0.13,76.2823,37.401
2017-12,Norte,ACES Braga,"41.5518714, -8.4126362",187519,181739,96.92,5777,3.08,3,0.0,73.199,57.3133
2017-12,Norte,ACES Douro Sul,"41.0953745, -7.8123805",74215,71667,96.57,2233,3.01,315,0.42,73.2366,63.2837
2017-12,Norte,ACES Espinho / Gaia,"41.0022421, -8.642018",182966,178773,97.71,4112,2.25,81,0.04,73.9605,59.0985
2017-12,Norte,ACES Gaia,"41.1278433, -8.580396",153041,151174,98.78,1817,1.19,50,0.03,70.2225,44.2421
2017-12,Norte,ACES Maia / Valongo,"41.2333945, -8.6187474",218300,214756,98.38,3428,1.57,116,0.05,71.6846,58.1828
2018-01,Alentejo,ACES Baixo Alentejo,"38.0153039, -7.8627308",123694,121831,98.49,1371,1.11,492,0.4,72.4296,48.1999
2018-01,Algarve,ACES Algarve Barlavento,"37.1387554, -8.5445093",161122,112765,69.99,47556,29.52,801,0.5,58.2549,50.9608
2018-01,Algarve,ACES Algarve Central,"37.0274264, -7.9395984",241815,225136,93.1,16323,6.75,356,0.15,58.7346,29.2259
2018-01,Centro,ACES Pinhal Interior Norte,"40.1151262, -8.2473136",129127,127056,98.4,1360,1.05,711,0.55,76.3592,28.7645
2018-01,Centro,ACES Pinhal Interior Sul,"39.7510898, -7.9203657",30539,30318,99.28,36,0.12,185,0.61,79.8618,23.6364
2018-01,Lisboa e Vale do Tejo,ACES Almada / Seixal,"38.6678522, -9.1875777",343299,303410,88.38,39126,11.4,763,0.22,62.5067,34.3996
2018-01,Lisboa e Vale do Tejo,ACES Arco Ribeirinho,"38.6672076, -9.0543329",216695,168601,77.81,47910,22.11,184,0.08,58.4595,42.5604
2018-01,Lisboa e Vale do Tejo,ACES Lezíria,"39.2371689, -8.6908895",193643,171609,88.62,21526,11.12,508,0.26,68.2568,54.2838
2018-01,Lisboa e Vale do Tejo,ACES Oeste Sul,"39.0917759, -9.2600341",200547,173326,86.43,26605,13.27,616,0.31,65.3655,44.8791
2018-01,Norte,ACES Alto Minho,"41.7056054, -8.8252713",244467,243822,99.74,333,0.14,312,0.13,76.3513,38.162
2018-01,Norte,ACES Alto Tâmega e Barroso,"41.741781, -7.4731648",90368,88204,97.61,1985,2.2,179,0.2,74.1817,54.717
2018-01,Norte,ACES Baixo Tâmega,"41.2719719, -8.0791631",168635,164781,97.71,3272,1.94,582,0.35,74.7649,41.5413
2018-01,Norte,ACES Braga,"41.5518714, -8.4126362",187915,181666,96.67,6246,3.32,3,0.0,73.0373,56.6448
2018-01,Norte,ACES Espinho / Gaia,"41.0022421, -8.642018",183018,179415,98.03,3515,1.92,88,0.05,73.9111,56.4928
2018-01,Norte,ACES Maia / Valongo,"41.2333945, -8.6187474",218449,214883,98.37,3451,1.58,115,0.05,71.6036,57.8519
2018-01,Norte,ACES Porto Ocidental,"41.1741353, -8.6691662",168088,162608,96.74,5318,3.16,162,0.1,66.7178,56.1131
2018-01,Norte,ACES Santo Tirso / Trofa,"41.3469246, -8.4822648",115835,115766,99.94,51,0.04,18,0.02,74.0625,15.7676
2018-02,Centro,ACES Pinhal Interior Norte,"40.1151262, -8.2473136",129201,120822,93.51,7668,5.93,711,0.55,76.4298,52.011
2018-02,Lisboa e Vale do Tejo,ACES Arco Ribeirinho,"38.6672076, -9.0543329",216740,168072,77.55,48489,22.37,179,0.08,58.5874,43.0955
2018-02,Lisboa e Vale do Tejo,ACES Estuário do Tejo,"38.9528113, -8.9911154",225819,177941,78.8,46994,20.81,884,0.39,58.9206,48.0742
2018-02,Lisboa e Vale do Tejo,ACES Lisboa Norte,"38.7396924, -9.168506",254265,225140,88.55,28803,11.33,322,0.13,54.6825,36.1786
2018-02,Lisboa e Vale do Tejo,ACES Loures / Odivelas,"38.8012718, -9.1137868",356085,317305,89.11,38710,10.87,70,0.02,59.8907,39.1867
2018-02,Lisboa e Vale do Tejo,ACES Médio Tejo,"39.478072, -8.5404429",224814,201872,89.8,22502,10.01,440,0.2,69.3381,63.1726
2018-02,Lisboa e Vale do Tejo,ACES Oeste Norte,"39.410844, -9.1396215",178852,162252,90.72,16300,9.11,300,0.17,69.0618,49.0503
2018-02,Lisboa e Vale do Tejo,ACES Sintra,"38.7519209, -9.2753636",354446,276213,77.93,77438,21.85,795,0.22,57.0957,44.3835
2018-02,Norte,ACES Braga,"41.5518714, -8.4126362",188200,181586,96.49,6612,3.51,2,0.0,72.9654,55.8108
2018-02,Norte,ACES Santo Tirso / Trofa,"41.3469246, -8.4822648",115817,115754,99.95,44,0.04,19,0.02,74.0902,14.2857
2018-03,Alentejo,ACES Baixo Alentejo,"38.0153039, -7.8627308",123607,121733,98.48,1409,1.14,465,0.38,72.3574,46.8517
2018-03,Centro,ACES Dão Lafões,"40.6565861, -7.9124712",268616,260473,96.97,7733,2.88,410,0.15,71.0595,48.3669
2018-03,Centro,ACES Pinhal Interior Norte,"40.1151262, -8.2473136",129234,120915,93.56,7608,5.89,711,0.55,74.9739,54.4231
2018-03,Lisboa e Vale do Tejo,ACES Almada / Seixal,"38.6678522, -9.1875777",343587,299389,87.14,43447,12.65,751,0.22,62.2888,34.4577
2018-03,Lisboa e Vale do Tejo,ACES Arco Ribeirinho,"38.6672076, -9.0543329",217146,166319,76.59,50652,23.33,175,0.08,58.4933,43.9187
2018-03,Lisboa e Vale do Tejo,ACES Oeste Sul,"39.8211367, -7.5036651",200846,172661,85.97,27581,13.73,604,0.3,65.2537,44.368
2018-03,Norte,ACES Espinho / Gaia,"41.0022421, -8.642018",183095,181283,99.01,1716,0.94,96,0.05,73.6112,50.7998
2018-03,Norte,ACES Gaia,"41.1278433, -8.580396",153271,145134,94.69,8087,5.28,50,0.03,69.791,56.5811
2018-03,Norte,ACES Gerês / Cabreira,"41.6298661, -8.3596897",106390,104692,98.4,1694,1.59,4,0.0,74.0455,67.1272
2018-03,Norte,ACES Vale do Sousa Norte,"41.2793583, -8.2787457",159855,155216,97.1,4631,2.9,8,0.01,75.6457,67.7948
2018-04,Alentejo,ACES Alentejo Central,"38.8442031, -7.5826619",166334,164521,98.91,1658,1.0,155,0.09,74.9961,61.9786
2018-04,Centro,ACES Baixo Mondego,"40.2150023, -8.4071805",384493,372526,96.89,10164,2.64,1803,0.47,71.3416,37.0454
2018-04,Centro,ACES Beira Interior Sul,"39.8211367, -7.5036651",72952,70656,96.85,1463,2.01,833,1.14,68.587,55.0327
2018-04,Centro,ACES Guarda,"40.5353285, -7.2724426",149125,145180,97.35,2378,1.59,1567,1.05,72.1614,33.5779
2018-04,Centro,ACES Pinhal Litoral,"39.7495331, -8.807683",265406,244868,92.26,19774,7.45,764,0.29,68.102,56.1435
2018-04,Lisboa e Vale do Tejo,ACES Cascais,"38.69904, -9.3818008",200168,175352,87.6,23757,11.87,1059,0.53,54.9907,31.0848
2018-04,Lisboa e Vale do Tejo,ACES Lezíria,"39.2371689, -8.6908895",193843,169249,87.31,24080,12.42,514,0.27,68.3351,55.6653
2018-04,Lisboa e Vale do Tejo,ACES Lisboa Norte,"38.7396924, -9.168506",255728,224230,87.68,31194,12.2,304,0.12,54.4377,34.8012
2018-04,Norte,ACES Alto Ave,"41.4417064, -8.1722408",269970,266203,98.6,3685,1.36,82,0.03,75.9681,73.3139
2018-04,Norte,ACES Alto Minho,"41.7056054, -8.8252713",244683,244058,99.74,323,0.13,302,0.12,76.2849,37.0192
2018-04,Norte,ACES Ave / Famalicão,"41.3835805, -8.4157518",123373,122271,99.11,1052,0.85,50,0.04,72.3891,41.1549
2018-04,Norte,ACES Gerês / Cabreira,"41.6298661, -8.3596897",106343,106176,99.84,163,0.15,4,0.0,74.0352,65.3509
2018-04,Norte,ACES Matosinhos,"41.1918541, -8.6590693",173587,170215,98.06,3098,1.78,274,0.16,72.6664,52.21
2018-04,Norte,ACES Porto Ocidental,"41.1741353, -8.6691662",168854,162932,96.49,5695,3.37,227,0.13,65.8916,49.0182
2018-04,Norte,ACES Santo Tirso / Trofa,"41.3469246, -8.4822648",115708,112356,97.1,3333,2.88,19,0.02,73.8558,65.5515
2018-05,Centro,ACES Cova da Beira,"40.2677741, -7.4995083",85708,83241,97.12,1514,1.77,953,1.11,68.0309,38.6143
2018-05,Lisboa e Vale do Tejo,ACES Amadora,"38.7573081, -9.23429",171645,121615,70.85,49791,29.01,239,0.14,55.7602,39.1569
2018-05,Norte,ACES Alto Ave,"41.4417064, -8.1722408",270114,268043,99.23,1987,0.74,84,0.03,75.9307,72.4288
2018-05,Norte,ACES Alto Tâmega e Barroso,"41.741781, -7.4731648",90442,86643,95.8,3619,4.0,180,0.2,74.0613,62.8335
2018-05,Norte,ACES Douro Sul,"41.0953745, -7.8123805",73901,69938,94.64,3658,4.95,305,0.41,73.1198,45.9248
2018-05,Norte,ACES Espinho / Gaia,"41.0022421, -8.642018",183162,179843,98.19,3185,1.74,134,0.07,73.431,52.4699
2018-05,Norte,ACES Gaia,"41.1278433, -8.580396",153512,144026,93.82,8465,5.51,1021,0.67,69.686,50.6431
2018-06,Algarve,ACES Algarve Barlavento,"37.1387554, -8.5445093",163848,113690,69.39,49340,30.11,818,0.5,58.1032,49.0639
2018-06,Algarve,ACES Algarve Sotavento,"37.383008, -7.7293275",56896,55405,97.38,1438,2.53,53,0.09,65.7564,50.4359
2018-06,Centro,ACES Dão Lafões,"40.6565861, -7.9124712",268919,255752,95.1,12748,4.74,419,0.16,71.2484,60.4116
2018-06,Centro,ACES Pinhal Interior Norte,"40.1151262, -8.2473136",129454,122906,94.94,5844,4.51,704,0.54,74.6092,57.2672
2018-06,Lisboa e Vale do Tejo,ACES Almada / Seixal,"38.6678522, -9.1875777",345439,292140,84.57,52521,15.2,778,0.23,62.1956,37.1407
2018-06,Lisboa e Vale do Tejo,ACES Estuário do Tejo,"38.9528113, -8.9911154",228251,180589,79.12,46739,20.48,923,0.4,57.5082,46.8446
2018-06,Lisboa e Vale do Tejo,ACES Lezíria,"39.2371689, -8.6908895",194105,167325,86.2,26214,13.51,566,0.29,68.3784,55.905
2018-06,Lisboa e Vale do Tejo,ACES Lisboa Central,"38.7306317, -9.1510414",285974,240450,84.08,44481,15.55,1043,0.36,52.3198,32.4979
2018-06,Lisboa e Vale do Tejo,ACES Lisboa Norte,"38.7396924, -9.168506",257117,224870,87.46,31939,12.42,308,0.12,54.2613,33.0615
2018-06,Lisboa e Vale do Tejo,ACES Lisboa Ocidental e Oeiras,"38.6914388, -9.3184304",248037,234919,94.71,12560,5.06,558,0.22,55.5853,39.0274
2018-06,Lisboa e Vale do Tejo,ACES Médio Tejo,"39.478072, -8.5404429",225118,203607,90.44,21048,9.35,463,0.21,69.153,59.0193
2018-06,Lisboa e Vale do Tejo,ACES Sintra,"38.7519209, -9.2753636",358044,280008,78.2,77211,21.56,825,0.23,56.8015,42.119
2018-06,Norte,ACES Braga,"41.5518714, -8.4126362",190173,184918,97.24,5253,2.76,2,0.0,72.3863,47.5276
2018-06,Norte,ACES Maia / Valongo,"41.2333945, -8.6187474",218576,216518,99.06,1965,0.9,93,0.04,71.3587,57.9689
2018-06,Norte,ACES Nordeste,"41.8069684, -6.7587977",131540,129826,98.7,904,0.69,810,0.62,75.176,46.5578
2018-07,Centro,ACES Baixo Mondego,"40.2150023, -8.4071805",385286,373590,96.96,9536,2.48,2160,0.56,71.4885,34.9692
2018-07,Centro,ACES Guarda,"40.5353285, -7.2724426",149090,141819,95.12,5696,3.82,1575,1.06,72.0431,42.5497
2018-07,Centro,ACES Pinhal Interior Sul,"39.7510898, -7.9203657",30527,30313,99.3,34,0.11,180,0.59,79.7851,21.028
2018-07,Lisboa e Vale do Tejo,ACES Amadora,"38.7573081, -9.23429",172557,121525,70.43,50792,29.43,240,0.14,55.812,39.8773
2018-07,Lisboa e Vale do Tejo,ACES Arco Ribeirinho,"38.6672076, -9.0543329",218983,166395,75.99,52420,23.94,168,0.08,58.4244,44.1535
2018-07,Lisboa e Vale do Tejo,ACES Cascais,"38.69904, -9.3818008",202092,174739,86.47,26259,12.99,1094,0.54,54.6441,31.2801
2018-07,Norte,ACES Douro Sul,"41.0953745, -7.8123805",73905,70200,94.99,3401,4.6,304,0.41,73.239,43.3081
2018-08,Alentejo,ACES Baixo Alentejo,"38.0153039, -7.8627308",123710,120600,97.49,2677,2.16,433,0.35,72.1954,61.1897
2018-08,Algarve,ACES Algarve Barlavento,"37.1387554, -8.5445093",164985,111170,67.38,53000,32.12,815,0.49,58.0599,48.5156
2018-08,Algarve,ACES Algarve Sotavento,"37.383008, -7.7293275",57168,55513,97.11,1602,2.8,53,0.09,65.6674,50.0605
2018-08,Centro,ACES Pinhal Litoral,"39.7495331, -8.807683",267015,246206,92.21,20080,7.52,729,0.27,67.6495,53.0855
2018-08,Lisboa e Vale do Tejo,ACES Estuário do Tejo,"38.9528113, -8.9911154",229366,173510,75.65,54940,23.95,916,0.4,57.5266,45.4438
2018-08,Lisboa e Vale do Tejo,ACES Lisboa Norte,"38.7396924, -9.168506",258744,224961,86.94,33475,12.94,308,0.12,54.1944,32.0829
2018-08,Lisboa e Vale do Tejo,ACES Oeste Sul,"39.0917759, -9.2600341",202745,165421,81.59,36729,18.12,595,0.29,65.205,47.0612
2018-08,Lisboa e Vale do Tejo,ACES Sintra,"38.7519209, -9.2753636",360037,278743,77.42,80475,22.35,819,0.23,56.722,41.5122
2018-08,Norte,ACES Alto Ave,"41.4417064, -8.1722408",270302,268235,99.24,1984,0.73,83,0.03,76.134,70.7447
2018-08,Norte,ACES Braga,"41.5518714, -8.4126362",191337,184075,96.2,7256,3.79,6,0.0,72.3079,51.7127
2018-08,Norte,ACES Espinho / Gaia,"41.0022421, -8.642018",183515,178351,97.19,5055,2.75,109,0.06,73.4989,59.7055
2018-08,Norte,ACES Feira e Arouca,"40.9263169, -8.5478813",152807,151761,99.32,901,0.59,145,0.09,74.3487,63.6103
2018-08,Norte,ACES Póvoa do Varzim / Vila do Conde,"41.355519, -8.746653",150364,146692,97.56,3660,2.43,12,0.01,71.2092,73.0958
2018-09,Alentejo,ACES Alentejo Litoral,"38.3841359, -8.5132031",94443,85796,90.84,8454,8.95,193,0.2,63.5556,51.2564
2018-09,Centro,ACES Cova da Beira,"40.2677741, -7.4995083",85933,83242,96.87,1753,2.04,938,1.09,67.7993,38.1129
2018-09,Centro,ACES Guarda,"40.5353285, -7.2724426",148923,143905,96.63,3420,2.3,1598,1.07,72.0203,35.226
2018-09,Lisboa e Vale do Tejo,ACES Arco Ribeirinho,"38.6672076, -9.0543329",218425,171783,78.65,46476,21.28,166,0.08,58.5441,43.7901
2018-09,Lisboa e Vale do Tejo,ACES Lezíria,"39.2371689, -8.6908895",194213,171271,88.19,22378,11.52,564,0.29,68.5866,50.8758
2018-09,Lisboa e Vale do Tejo,ACES Lisboa Central,"38.7306317, -9.1510414",286581,238393,83.19,47124,16.44,1064,0.37,52.5384,33.5962
2018-09,Lisboa e Vale do Tejo,ACES Loures / Odivelas,"38.8012718, -9.1137868",359017,313217,87.24,45744,12.74,56,0.02,59.5003,37.2036
2018-09,Lisboa e Vale do Tejo,ACES Oeste Sul,"39.0917759, -9.2600341",202263,173555,85.81,28115,13.9,593,0.29,65.3795,46.9384
2018-09,Norte,ACES Alto Tâmega e Barroso,"41.741781, -7.4731648",90576,89745,99.08,643,0.71,188,0.21,73.8811,20.8145
2018-09,Norte,ACES Aveiro Norte,"40.8472225, -8.4656674",117460,117367,99.92,34,0.03,59,0.05,73.2782,26.8817
2018-09,Norte,ACES Braga,"41.5518714, -8.4126362",191729,186339,97.19,5385,2.81,5,0.0,72.2723,44.463
2018-09,Norte,ACES Feira e Arouca,"40.9263169, -8.5478813",152875,151811,99.3,913,0.6,151,0.1,74.2128,66.0094
2018-09,Norte,ACES Vale do Sousa Sul,"41.1548155, -8.2163769",173980,173952,99.98,1,0.0,27,0.02,75.8122,14.2857
2018-10,Alentejo,ACES Baixo Alentejo,"38.0153039, -7.8627308",123926,119681,96.57,3822,3.08,423,0.34,72.0124,62.8565
2018-10,Algarve,ACES Algarve Central,"37.0274264, -7.9395984",248621,236172,94.99,12228,4.92,221,0.09,58.553,30.8428
2018-10,Algarve,ACES Algarve Sotavento,"37.383008, -7.7293275",57431,56201,97.86,1179,2.05,51,0.09,65.8594,38.0797
2018-10,Centro,ACES Baixo Vouga,"40.6405055, -8.6537539",386144,371100,96.1,12719,3.29,2325,0.6,71.8561,47.1323
2018-10,Centro,ACES Dão Lafões,"40.6565861, -7.9124712",269974,265503,98.34,4039,1.5,432,0.16,71.4356,43.3032
2018-10,Centro,ACES Pinhal Litoral,"39.7495331, -8.807683",267749,263524,98.42,3517,1.31,708,0.26,67.626,44.5238
2018-10,Lisboa e Vale do Tejo,ACES Cascais,"38.69904, -9.3818008",202988,175951,86.68,25938,12.78,1099,0.54,54.5958,29.6224
2018-10,Lisboa e Vale do Tejo,ACES Lisboa Central,"38.7306317, -9.1510414",287225,246642,85.87,39504,13.75,1079,0.38,52.5144,28.6595
2018-10,Lisboa e Vale do Tejo,ACES Médio Tejo,"39.478072, -8.5404429",225393,208229,92.38,16652,7.39,512,0.23,69.6125,58.3254
2018-10,Lisboa e Vale do Tejo,ACES Oeste Sul,"39.0917759, -9.2600341",202762,169221,83.46,32954,16.25,587,0.29,65.4655,48.9417
2018-10,Norte,ACES Ave / Famalicão,"41.3835805, -8.4157518",123819,123218,99.51,558,0.45,43,0.03,72.0058,51.2479
2018-10,Norte,ACES Aveiro Norte,"40.8472225, -8.4656674",117641,117543,99.92,39,0.03,59,0.05,73.4764,28.5714
2018-11,Alentejo,ACES Alentejo Litoral,"38.3841359, -8.5132031",94820,86213,90.92,8130,8.57,477,0.5,63.9128,49.7215
2018-11,Alentejo,ACES São Mamede,"39.2967086, -7.4284755",115192,109466,95.03,5594,4.86,132,0.11,72.7812,72.8974
2018-11,Algarve,ACES Algarve Barlavento,"37.1387554, -8.5445093",165277,124867,75.55,39606,23.96,804,0.49,58.3783,48.4615
2018-11,Centro,ACES Dão Lafões,"40.6565861, -7.9124712",270012,265308,98.26,4270,1.58,434,0.16,71.469,46.898
2018-11,Lisboa e Vale do Tejo,ACES Cascais,"38.69904, -9.3818008",203471,176345,86.67,26043,12.8,1083,0.53,54.6758,30.0892
2018-11,Lisboa e Vale do Tejo,ACES Lezíria,"39.2371689, -8.6908895",194316,171191,88.1,22469,11.56,656,0.34,68.9104,51.5467
2018-11,Lisboa e Vale do Tejo,ACES Lisboa Norte,"38.7396924, -9.168506",259581,233320,89.88,25869,9.97,392,0.15,54.2923,30.7845
2018-11,Lisboa e Vale do Tejo,ACES Lisboa Ocidental e Oeiras,"38.6914388, -9.3184304",248540,231721,93.23,16281,6.55,538,0.22,55.8511,37.7824
2018-11,Norte,ACES Ave / Famalicão,"41.3835805, -8.4157518",123951,123406,99.56,527,0.43,18,0.01,72.2359,51.3761
2018-11,Norte,ACES Aveiro Norte,"40.8472225, -8.4656674",117761,117666,99.92,39,0.03,56,0.05,73.5841,27.3684
2018-11,Norte,ACES Braga,"41.5518714, -8.4126362",192716,189156,98.15,3553,1.84,7,0.0,72.4395,35.0183
2018-11,Norte,ACES Espinho / Gaia,"41.0022421, -8.642018",183739,181200,98.62,2446,1.33,93,0.05,73.3714,57.0309
2018-11,Norte,ACES Porto Oriental,"41.1694498, -8.6126428",117813,116438,98.83,1338,1.14,37,0.03,69.3554,47.3416
2018-11,Norte,ACES Vale do Sousa Norte,"41.2793583, -8.2787457",160156,155695,97.21,4453,2.78,8,0.0,76.7471,72.8985
2018-12,Alentejo,ACES Alentejo Litoral,"38.3841359, -8.5132031",94872,85432,90.05,8640,9.11,800,0.84,64.0071,51.0729
2018-12,Alentejo,ACES São Mamede,"39.2967086, -7.4284755",115169,108427,94.15,6607,5.74,135,0.12,72.7228,73.45
2018-12,Algarve,ACES Algarve Central,"37.0274264, -7.9395984",250003,239072,95.63,10694,4.28,237,0.09,58.5477,31.5708
2018-12,Centro,ACES Baixo Mondego,"40.2150023, -8.4071805",386842,376949,97.44,7054,1.82,2839,0.73,71.407,32.2013
2018-12,Centro,ACES Pinhal Interior Norte,"40.1151262, -8.2473136",130254,123913,95.13,5516,4.23,825,0.63,74.2669,58.1179
2018-12,Centro,ACES Pinhal Litoral,"39.7495331, -8.807683",268594,263452,98.09,4492,1.67,650,0.24,67.6608,47.8003
2018-12,Lisboa e Vale do Tejo,ACES Amadora,"38.7573081, -9.23429",172415,124882,72.43,47283,27.42,250,0.14,56.3671,41.2938
2018-12,Lisboa e Vale do Tejo,ACES Arco Ribeirinho,"38.6672076, -9.0543329",218767,170370,77.88,48245,22.05,152,0.07,58.7678,44.9151
2018-12,Lisboa e Vale do Tejo,ACES Arrábida,"38.5324373, -8.8627453",228906,170409,74.44,57752,25.23,745,0.33,62.1284,47.8966
2018-12,Lisboa e Vale do Tejo,ACES Cascais,"38.69904, -9.3818008",204055,181770,89.08,21214,10.4,1071,0.52,54.7266,28.5349
2018-12,Lisboa e Vale do Tejo,ACES Lezíria,"39.2371689, -8.6908895",194391,171023,87.98,22676,11.67,692,0.36,69.104,51.7015
2018-12,Lisboa e Vale do Tejo,ACES Lisboa Norte,"38.7396924, -9.168506",260957,235262,90.15,25308,9.7,387,0.15,54.3457,30.9231
2018-12,Norte,ACES Alto Ave,"41.4417064, -8.1722408",270925,270618,99.89,220,0.08,87,0.03,76.4073,20.5212
2018-12,Norte,ACES Barcelos / Esposende,"41.5317419, -8.6178922",157435,157083,99.78,290,0.18,62,0.04,76.0969,50.2841
2018-12,Norte,ACES Braga,"41.5518714, -8.4126362",193080,189169,97.97,3907,2.02,4,0.0,72.4912,34.6282
2018-12,Norte,ACES Gerês / Cabreira,"41.6298661, -8.3596897",106656,106597,99.94,56,0.05,3,0.0,74.0918,32.2034
2019-01,Alentejo,ACES Alentejo Litoral,"38.3841359, -8.5132031",94958,85248,89.77,8921,9.39,789,0.83,64.061,50.7552
2019-01,Alentejo,ACES Baixo Alentejo,"38.0153039, -7.8627308",124047,121671,98.08,1945,1.57,431,0.35,71.7948,52.0421
2019-01,Algarve,ACES Algarve Central,"37.0274264, -7.9395984",250951,239428,95.41,11285,4.5,238,0.09,58.4223,30.2899
2019-01,Centro,ACES Pinhal Interior Sul,"39.7510898, -7.9203657",30747,30572,99.43,7,0.02,168,0.55,78.7459,13.8728
2019-01,Norte,ACES Baixo Tâmega,"41.2719719, -8.0791631",168233,165100,98.14,2772,1.65,361,0.21,75.4278,63.9323
2019-01,Norte,ACES Douro Sul,"41.0953745, -7.8123805",73051,72833,99.7,91,0.12,127,0.17,73.524,21.1009
2019-01,Norte,ACES Espinho / Gaia,"41.0022421, -8.642018",183662,181122,98.62,2463,1.34,77,0.04,73.2008,67.3622
2019-01,Norte,ACES Gerês / Cabreira,"41.6298661, -8.3596897",106712,106662,99.95,47,0.04,3,0.0,74.0535,36.0
2019-01,Norte,ACES Gondomar,"41.1738444, -8.5612238",167793,167624,99.9,98,0.06,71,0.04,74.2559,30.2469
2019-01,Norte,ACES Porto Oriental,"41.1694498, -8.6126428",117780,116790,99.16,948,0.8,42,0.04,69.4963,52.8398
2019-01,Norte,ACES Vale do Sousa Norte,"41.2793583, -8.2787457",160097,153515,95.89,6574,4.11,8,0.0,77.2493,67.3503
2019-01,Norte,ACES Vale do Sousa Sul,"41.1548155, -8.2163769",173495,173467,99.98,3,0.0,25,0.01,76.3276,14.2857
2019-02,Alentejo,ACES Alentejo Litoral,"38.3841359, -8.5132031",95075,85316,89.74,8974,9.44,785,0.83,63.9666,49.6587
2019-02,Algarve,ACES Algarve Central,"37.0274264, -7.9395984",251602,238921,94.96,12438,4.94,243,0.1,58.3143,30.5284
2019-02,Algarve,ACES Algarve Sotavento,"37.383008, -7.7293275",57857,55650,96.19,2153,3.72,54,0.09,66.431,39.5465
2019-02,Centro,ACES Cova da Beira,"40.2677741, -7.4995083",86136,83945,97.46,1260,1.46,931,1.08,67.5328,36.4674
2019-02,Centro,ACES Dão Lafões,"40.6565861, -7.9124712",270189,265074,98.11,4693,1.74,422,0.16,71.6055,48.3641
2019-02,Lisboa e Vale do Tejo,ACES Almada / Seixal,"38.6678522, -9.1875777",346227,307087,88.7,38090,11.0,1050,0.3,63.0263,30.9172
2019-02,Lisboa e Vale do Tejo,ACES Amadora,"38.7573081, -9.23429",172464,120880,70.09,51339,29.77,245,0.14,56.2521,42.5811
2019-02,Lisboa e Vale do Tejo,ACES Arrábida,"38.5324373, -8.8627453",229524,168730,73.51,60039,26.16,755,0.33,62.2231,48.1618
2019-02,Norte,ACES Alto Ave,"41.4417064, -8.1722408",270956,270652,99.89,218,0.08,86,0.03,76.4481,19.0789
2019-02,Norte,ACES Alto Tâmega e Barroso,"41.741781, -7.4731648",90435,89459,98.92,810,0.9,166,0.18,74.0706,27.5051
2019-02,Norte,ACES Barcelos / Esposende,"41.5317419, -8.6178922",157620,157163,99.71,394,0.25,63,0.04,76.0606,52.193
2019-02,Norte,ACES Gondomar,"41.1738444, -8.5612238",167814,167639,99.9,103,0.06,72,0.04,74.231,31.25
2019-02,Norte,ACES Santo Tirso / Trofa,"41.3469246, -8.4822648",115646,115346,99.74,280,0.24,20,0.02,74.2678,29.4979
2019-03,Alentejo,ACES Alentejo Central,"38.8442031, -7.5826619",167017,165139,98.88,1696,1.02,182,0.11,74.8684,71.0403
2019-03,Algarve,ACES Algarve Barlavento,"37.1387554, -8.5445093",167735,126251,75.27,40497,24.14,987,0.59,58.5292,49.0032
2019-03,Algarve,ACES Algarve Sotavento,"37.383008, -7.7293275",58074,56524,97.33,1497,2.58,53,0.09,66.4049,27.4839
2019-03,Centro,ACES Beira Interior Sul,"39.8211367, -7.5036651",73332,70662,96.36,2116,2.89,554,0.76,69.7485,54.5318
2019-03,Centro,ACES Cova da Beira,"40.2677741, -7.4995083",86146,83885,97.38,1322,1.53,939,1.09,67.3717,36.9748
2019-03,Centro,ACES Guarda,"40.5353285, -7.2724426",148679,140969,94.81,6144,4.13,1566,1.05,71.6887,40.3502
2019-03,Lisboa e Vale do Tejo,ACES Estuário do Tejo,"38.9528113, -8.9911154",230333,194036,84.24,35375,15.36,922,0.4,60.2588,46.4722
2019-03,Lisboa e Vale do Tejo,ACES Lisboa Norte,"38.7396924, -9.168506",263398,237113,90.02,25836,9.81,449,0.17,53.9359,32.5128
2019-03,Lisboa e Vale do Tejo,ACES Médio Tejo,"39.478072, -8.5404429",225681,206317,91.42,18878,8.36,486,0.22,69.6018,62.988
2019-03,Lisboa e Vale do Tejo,ACES Oeste Sul,"39.0917759, -9.2600341",198960,179158,90.05,19223,9.66,579,0.29,67.1602,43.2482
2019-03,Norte,ACES Alto Ave,"41.4417064, -8.1722408",271000,270698,99.89,213,0.08,89,0.03,76.2594,19.5364
2019-03,Norte,ACES Douro Sul,"41.0953745, -7.8123805",72840,72589,99.66,99,0.14,152,0.21,73.6107,25.498
2019-03,Norte,ACES Gerês / Cabreira,"41.6298661, -8.3596897",106794,103369,96.79,3423,3.21,2,0.0,74.2167,66.7153
2019-03,Norte,ACES Maia / Valongo,"41.2333945, -8.6187474",219806,217042,98.74,2680,1.22,84,0.04,71.3784,47.6483
2019-03,Norte,ACES Vale do Sousa Sul,"41.1548155, -8.2163769",173470,171884,99.09,1561,0.9,25,0.01,76.2466,74.338
2019-04,Alentejo,ACES Alentejo Central,"38.8442031, -7.5826619",167036,163811,98.07,3041,1.82,184,0.11,76.2339,75.2022
2019-04,Centro,ACES Baixo Vouga,"40.6405055, -8.6537539",389003,378521,97.31,8079,2.08,2403,0.62,71.3259,27.3664
2019-04,Centro,ACES Pinhal Litoral,"39.7495331, -8.807683",269720,265757,98.53,3333,1.24,630,0.23,68.0189,34.2358
2019-04,Lisboa e Vale do Tejo,ACES Lisboa Norte,"38.7396924, -9.168506",264151,237611,89.95,26046,9.86,494,0.19,53.7992,32.3447
2019-04,Lisboa e Vale do Tejo,ACES Oeste Norte,"39.410844, -9.1396215",179483,152091,84.74,27106,15.1,286,0.16,68.285,54.4617
2019-04,Norte,ACES Barcelos / Esposende,"41.5317419, -8.6178922",157736,155334,98.48,2342,1.48,60,0.04,75.8995,71.262
2019-04,Norte,ACES Espinho / Gaia,"41.0022421, -8.642018",184011,178213,96.85,5712,3.1,86,0.05,72.9484,65.8158
2019-04,Norte,ACES Feira e Arouca,"40.9263169, -8.5478813",152952,151711,99.19,1098,0.72,143,0.09,74.2715,69.299
2019-04,Norte,ACES Gerês / Cabreira,"41.6298661, -8.3596897",106780,103351,96.79,3427,3.21,2,0.0,74.3175,65.9761
2019-04,Norte,ACES Matosinhos,"41.1918541, -8.6590693",174607,171465,98.2,2900,1.66,242,0.14,72.4776,57.1474
2019-04,Norte,ACES Porto Oriental,"41.1694498, -8.6126428",118014,116304,98.55,1669,1.41,41,0.03,69.4339,47.2791
2019-04,Norte,ACES Santo Tirso / Trofa,"41.3469246, -8.4822648",115565,115231,99.71,309,0.27,25,0.02,74.1061,29.249
2019-04,Norte,ACES Vale do Sousa Sul,"41.1548155, -8.2163769",173338,170106,98.14,3209,1.85,23,0.01,76.457,77.4134
2019-05,Algarve,ACES Algarve Sotavento,"37.383008, -7.7293275",58298,56667,97.2,1577,2.71,54,0.09,66.4705,20.6009
2019-05,Lisboa e Vale do Tejo,ACES Amadora,"38.7573081, -9.23429",173254,123940,71.54,48864,28.2,450,0.26,56.1809,42.8273
2019-05,Lisboa e Vale do Tejo,ACES Médio Tejo,"39.478072, -8.5404429",225655,207154,91.8,18043,8.0,458,0.2,69.9984,63.4286
2019-05,Norte,ACES Gaia,"41.1278433, -8.580396",155825,150893,96.83,4885,3.13,47,0.03,69.6696,49.786
2019-05,Norte,ACES Gerês / Cabreira,"41.6298661, -8.3596897",106675,103401,96.93,3271,3.07,3,0.0,74.7973,68.54
2019-05,Norte,ACES Marão e Douro Norte,"41.2968711, -7.7483727",105867,102537,96.85,2995,2.83,335,0.32,75.7094,67.1373
2019-05,Norte,ACES Porto Oriental,"41.1694498, -8.6126428",118023,116205,98.46,1778,1.51,40,0.03,69.6173,51.6786
2019-06,Alentejo,ACES Baixo Alentejo,"38.0153039, -7.8627308",124249,118801,95.62,5039,4.06,409,0.33,72.6469,62.4082
2019-06,Alentejo,ACES São Mamede,"39.2967086, -7.4284755",114930,107730,93.74,7062,6.14,138,0.12,72.2683,72.6667
2019-06,Algarve,ACES Algarve Barlavento,"37.1387554, -8.5445093",168877,124694,73.84,43177,25.57,1006,0.6,58.7179,49.57
2019-06,Centro,ACES Baixo Vouga,"40.6405055, -8.6537539",389808,377140,96.75,10249,2.63,2419,0.62,71.3028,34.4648
2019-06,Centro,ACES Pinhal Interior Sul,"39.7510898, -7.9203657",30793,30142,97.89,488,1.58,163,0.53,78.8101,53.7634
2019-06,Centro,ACES Pinhal Litoral,"39.7495331, -8.807683",269942,264219,97.88,5092,1.89,631,0.23,68.0217,46.917
2019-06,Lisboa e Vale do Tejo,ACES Amadora,"38.7573081, -9.23429",173724,122122,70.3,51158,29.45,444,0.26,55.7776,42.4906
2019-06,Lisboa e Vale do Tejo,ACES Estuário do Tejo,"38.9528113, -8.9911154",231342,193386,83.59,37074,16.03,882,0.38,60.2735,46.4064
2019-06,Lisboa e Vale do Tejo,ACES Oeste Norte,"39.410844, -9.1396215",179515,154564,86.1,24671,13.74,280,0.16,69.5953,60.963
2019-06,Norte,ACES Alto Ave,"41.4417064, -8.1722408",271389,271091,99.89,221,0.08,77,0.03,76.1026,19.1275
2019-06,Norte,ACES Porto Ocidental,"41.1741353, -8.6691662",171321,169686,99.05,1059,0.62,576,0.34,65.1385,33.4557
2019-06,Norte,ACES Porto Oriental,"41.1694498, -8.6126428",118061,116106,98.34,1915,1.62,40,0.03,69.4048,52.0716
2019-06,Norte,ACES Santo Tirso / Trofa,"41.3469246, -8.4822648",115504,115109,99.66,373,0.32,22,0.02,74.1005,27.2727
2019-07,Alentejo,ACES Alentejo Litoral,"38.3841359, -8.5132031",96090,84053,87.47,11931,12.42,106,0.11,62.9352,45.7492
2019-07,Alentejo,ACES Baixo Alentejo,"38.0153039, -7.8627308",124265,119945,96.52,3913,3.15,407,0.33,72.5951,60.366
2019-07,Alentejo,ACES São Mamede,"39.2967086, -7.4284755",114964,107737,93.71,7089,6.17,138,0.12,72.1406,72.4529
2019-07,Centro,ACES Guarda,"40.5353285, -7.2724426",148578,145332,97.82,1640,1.1,1606,1.08,71.6335,21.3971
2019-07,Lisboa e Vale do Tejo,ACES Almada / Seixal,"38.6678522, -9.1875777",348332,311843,89.52,35398,10.16,1091,0.31,62.8358,30.2588
2019-07,Lisboa e Vale do Tejo,ACES Lezíria,"39.2371689, -8.6908895",194813,177225,90.97,16773,8.61,815,0.42,69.259,52.5736
2019-07,Lisboa e Vale do Tejo,ACES Loures / Odivelas,"38.8012718, -9.1137868",362841,322744,88.95,40031,11.03,66,0.02,58.3638,35.232
2019-07,Norte,ACES Barcelos / Esposende,"41.5317419, -8.6178922",157869,155068,98.23,2741,1.74,60,0.04,75.9027,69.0851
2019-07,Norte,ACES Douro Sul,"41.0953745, -7.8123805",72702,72063,99.12,427,0.59,212,0.29,73.0694,29.6703
2019-07,Norte,ACES Matosinhos,"41.1918541, -8.6590693",175099,171461,97.92,3388,1.93,250,0.14,72.5088,58.2805
2019-07,Norte,ACES Santo Tirso / Trofa,"41.3469246, -8.4822648",115518,115085,99.63,410,0.35,23,0.02,73.9661,28.0066
2019-08,Alentejo,ACES Alentejo Litoral,"38.3841359, -8.5132031",96295,82643,85.82,13548,14.07,104,0.11,62.4944,49.9722
2019-08,Centro,ACES Pinhal Interior Norte,"40.1151262, -8.2473136",130609,124012,94.95,5802,4.44,795,0.61,73.7116,49.8639
2019-08,Lisboa e Vale do Tejo,ACES Almada / Seixal,"38.6678522, -9.1875777",349360,311257,89.09,37020,10.6,1083,0.31,62.7222,31.6983
2019-08,Lisboa e Vale do Tejo,ACES Lisboa Norte,"38.7396924, -9.168506",266682,240676,90.25,25427,9.53,579,0.22,53.4601,30.0442
2019-08,Lisboa e Vale do Tejo,ACES Loures / Odivelas,"38.8012718, -9.1137868",363794,323000,88.79,40727,11.2,67,0.02,58.2151,35.037
2019-08,Lisboa e Vale do Tejo,ACES Médio Tejo,"39.478072, -8.5404429",225826,207210,91.76,18175,8.05,441,0.2,69.8277,58.0898
2019-08,Norte,ACES Aveiro Norte,"40.8472225, -8.4656674",118353,118268,99.93,31,0.03,54,0.05,74.0993,29.7619
2019-08,Norte,ACES Barcelos / Esposende,"41.5317419, -8.6178922",157814,154704,98.03,3050,1.93,60,0.04,75.928,69.582
2019-08,Norte,ACES Maia / Valongo,"41.2333945, -8.6187474",220005,219110,99.59,812,0.37,83,0.04,71.2816,30.1676
2019-08,Norte,ACES Marão e Douro Norte,"41.2968711, -7.7483727",105898,105510,99.63,60,0.06,328,0.31,75.2705,7.2165
2019-08,Norte,ACES Santo Tirso / Trofa,"41.3469246, -8.4822648",115500,115020,99.58,453,0.39,27,0.02,73.8537,28.3537
2019-08,Norte,ACES Vale do Sousa Norte,"41.2793583, -8.2787457",160740,158747,98.76,1985,1.23,8,0.0,76.979,79.5785
2019-08,Norte,ACES Vale do Sousa Sul,"41.1548155, -8.2163769",173335,173314,99.99,2,0.0,19,0.01,76.5945,9.52381
2019-09,Alentejo,ACES Baixo Alentejo,"38.0153039, -7.8627308",124346,118861,95.59,5081,4.09,404,0.32,72.5033,63.9562
2019-09,Centro,ACES Baixo Vouga,"40.6405055, -8.6537539",391713,375317,95.81,14039,3.58,2357,0.6,71.281,45.5843
2019-09,Centro,ACES Pinhal Interior Sul,"39.7510898, -7.9203657",30912,30312,98.06,464,1.5,136,0.44,79.0276,57.6667
2019-09,Lisboa e Vale do Tejo,ACES Amadora,"38.7573081, -9.23429",173864,125174,72.0,48264,27.76,426,0.25,55.5055,39.8985
2019-09,Lisboa e Vale do Tejo,ACES Oeste Sul,"39.0917759, -9.2600341",201765,175015,86.74,26211,12.99,539,0.27,66.5279,48.9289
2019-09,Norte,ACES Alto Ave,"41.4417064, -8.1722408",271878,271617,99.9,184,0.07,77,0.03,75.3734,16.092
2019-09,Norte,ACES Alto Tâmega e Barroso,"41.741781, -7.4731648",90387,89694,99.23,515,0.57,178,0.2,73.7346,25.7184
2019-09,Norte,ACES Ave / Famalicão,"41.3835805, -8.4157518",124569,124047,99.58,380,0.31,142,0.11,73.5632,50.9579
2019-09,Norte,ACES Gondomar,"41.1738444, -8.5612238",168749,167031,98.98,1655,0.98,63,0.04,73.8239,69.2084
2019-09,Norte,ACES Marão e Douro Norte,"41.2968711, -7.7483727",105979,105607,99.65,41,0.04,331,0.31,75.264,5.64516
2019-09,Norte,ACES Póvoa do Varzim / Vila do Conde,"41.355519, -8.746653",151659,151609,99.97,38,0.03,12,0.01,71.1106,29.7872
2019-09,Norte,ACES Vale do Sousa Sul,"41.1548155, -8.2163769",173516,173491,99.99,6,0.0,19,0.01,76.7223,24.0
2019-10,Alentejo,ACES Alentejo Central,"38.8442031, -7.5826619",167278,165738,99.08,1303,0.78,237,0.14,75.4417,70.7103
2019-10,Algarve,ACES Algarve Sotavento,"37.383008, -7.7293275",58823,57056,97.0,1708,2.9,59,0.1,66.627,23.007
2019-10,Centro,ACES Baixo Vouga,"40.6405055, -8.6537539",392379,380564,96.99,9450,2.41,2365,0.6,71.4161,36.7092
2019-10,Centro,ACES Cova da Beira,"40.2677741, -7.4995083",86408,85142,98.53,334,0.39,932,1.08,67.8769,22.4425
2019-10,Centro,ACES Pinhal Interior Norte,"40.1151262, -8.2473136",130593,124186,95.09,5643,4.32,764,0.59,74.7902,56.3475
2019-10,Centro,ACES Pinhal Interior Sul,"39.7510898, -7.9203657",30918,30320,98.07,464,1.5,134,0.43,79.3164,57.6923
2019-10,Lisboa e Vale do Tejo,ACES Loures / Odivelas,"38.8012718, -9.1137868",364353,323118,88.68,41162,11.3,73,0.02,58.5602,37.1251
2019-10,Lisboa e Vale do Tejo,ACES Médio Tejo,"39.478072, -8.5404429",225426,209129,92.77,15859,7.04,438,0.19,70.2207,57.333
2019-10,Lisboa e Vale do Tejo,ACES Oeste Sul,"39.0917759, -9.2600341",202185,174993,86.55,26649,13.18,543,0.27,66.6898,48.8924
2019-10,Lisboa e Vale do Tejo,ACES Sintra,"38.7519209, -9.2753636",363713,279175,76.76,83759,23.03,779,0.21,58.0889,46.499
2019-10,Norte,ACES Alto Minho,"41.7056054, -8.8252713",247091,246513,99.77,313,0.13,265,0.11,76.0205,20.9139
2019-10,Norte,ACES Póvoa do Varzim / Vila do Conde,"41.355519, -8.746653",151670,151624,99.97,33,0.02,13,0.01,71.1792,34.6154
2019-11,Alentejo,ACES Alentejo Litoral,"38.3841359, -8.5132031",96664,85907,88.87,10664,11.03,93,0.1,61.9385,49.042
2019-11,Algarve,ACES Algarve Central,"37.0274264, -7.9395984",257543,231868,90.03,25323,9.83,352,0.14,57.2381,38.9519
2019-11,Centro,ACES Baixo Vouga,"40.6405055, -8.6537539",393127,381615,97.07,9140,2.32,2372,0.6,71.4378,36.0788
2019-11,Centro,ACES Guarda,"40.5353285, -7.2724426",148834,143682,96.54,3500,2.35,1652,1.11,71.5202,39.2401
2019-11,Lisboa e Vale do Tejo,ACES Almada / Seixal,"38.6678522, -9.1875777",350578,318848,90.95,30656,8.74,1074,0.31,63.122,31.5165
2019-11,Lisboa e Vale do Tejo,ACES Amadora,"38.7573081, -9.23429",174178,125021,71.78,48738,27.98,419,0.24,55.5537,40.4964
2019-11,Lisboa e Vale do Tejo,ACES Arco Ribeirinho,"38.6672076, -9.0543329",221759,180194,81.26,41379,18.66,186,0.08,59.345,45.6675
2019-11,Lisboa e Vale do Tejo,ACES Loures / Odivelas,"38.8012718, -9.1137868",365114,322712,88.39,42327,11.59,75,0.02,58.4888,37.9266
2019-11,Norte,ACES Alto Minho,"41.7056054, -8.8252713",247454,246909,99.78,271,0.11,274,0.11,76.132,18.315
2019-11,Norte,ACES Espinho / Gaia,"41.0022421, -8.642018",184240,178595,96.94,5535,3.0,110,0.06,72.6442,52.6297
2019-11,Norte,ACES Feira e Arouca,"40.9263169, -8.5478813",153466,152067,99.09,1257,0.82,142,0.09,73.9956,71.5308
2019-11,Norte,ACES Gerês / Cabreira,"41.6298661, -8.3596897",107242,103627,96.63,3614,3.37,1,0.0,75.8658,71.6149
2019-12,Alentejo,ACES São Mamede,"39.2967086, -7.4284755",115082,106018,92.12,8870,7.71,194,0.17,72.0903,70.7161
2019-12,Algarve,ACES Algarve Barlavento,"37.1387554, -8.5445093",172135,135179,78.53,35918,20.87,1038,0.6,59.0856,48.7688
2019-12,Algarve,ACES Algarve Sotavento,"37.383008, -7.7293275",59197,57126,96.5,2016,3.41,55,0.09,66.6537,23.9015
2019-12,Centro,ACES Baixo Mondego,"40.2150023, -8.4071805",389629,372596,95.63,14440,3.71,2593,0.67,70.9842,46.862
2019-12,Centro,ACES Baixo Vouga,"40.6405055, -8.6537539",393304,381826,97.08,9103,2.31,2375,0.6,71.656,35.6073
2019-12,Centro,ACES Cova da Beira,"40.2677741, -7.4995083",86443,85163,98.52,363,0.42,917,1.06,68.2689,22.6563
2019-12,Lisboa e Vale do Tejo,ACES Lisboa Central,"38.7306317, -9.1510414",291673,255034,87.44,35480,12.16,1159,0.4,52.1315,25.2709
2019-12,Lisboa e Vale do Tejo,ACES Lisboa Norte,"38.7396924, -9.168506",268535,245168,91.3,22659,8.44,708,0.26,53.9613,30.0963
2019-12,Lisboa e Vale do Tejo,ACES Médio Tejo,"39.478072, -8.5404429",225349,204358,90.69,20557,9.12,434,0.19,70.5657,60.4021
2019-12,Lisboa e Vale do Tejo,ACES Oeste Sul,"39.0917759, -9.2600341",202918,173397,85.45,28983,14.28,538,0.27,66.6787,49.497
2019-12,Norte,ACES Ave / Famalicão,"41.3835805, -8.4157518",124854,124336,99.59,369,0.3,149,0.12,74.1194,50.5792
2019-12,Norte,ACES Póvoa do Varzim / Vila do Conde,"41.355519, -8.746653",151769,151749,99.99,6,0.0,14,0.01,71.1199,45.0
2020-01,Algarve,ACES Algarve Barlavento,"37.1387554, -8.5445093",172340,134952,78.31,36347,21.09,1041,0.6,59.1661,48.5449
2020-01,Centro,ACES Beira Interior Sul,"39.8211367, -7.5036651",73894,71179,96.33,2183,2.95,532,0.72,69.0692,37.9882
2020-01,Centro,ACES Guarda,"40.5353285, -7.2724426",148590,142069,95.61,4935,3.32,1586,1.07,71.5142,40.213
2020-01,Lisboa e Vale do Tejo,ACES Lezíria,"39.2371689, -8.6908895",195287,175300,89.77,18908,9.68,1079,0.55,69.8113,53.4319
2020-01,Lisboa e Vale do Tejo,ACES Lisboa Ocidental e Oeiras,"38.6914388, -9.3184304",249787,222593,89.11,26655,10.67,539,0.22,56.0872,40.2589
2020-01,Lisboa e Vale do Tejo,ACES Loures / Odivelas,"38.8012718, -9.1137868",365888,323115,88.31,42695,11.67,78,0.02,58.5598,39.2149
2020-01,Lisboa e Vale do Tejo,ACES Oeste Norte,"39.410844, -9.1396215",180470,164222,91.0,15990,8.86,258,0.14,69.2588,44.1672
2020-01,Norte,ACES Douro Sul,"41.0953745, -7.8123805",72403,71868,99.26,289,0.4,246,0.34,73.4275,41.573
2020-01,Norte,ACES Feira e Arouca,"40.9263169, -8.5478813",153611,148839,96.89,4631,3.01,141,0.09,73.9791,71.9614
2020-01,Norte,ACES Porto Ocidental,"41.1741353, -8.6691662",173036,164791,95.24,7769,4.49,476,0.28,65.7838,40.9582
2020-02,Centro,ACES Baixo Mondego,"40.2150023, -8.4071805",389795,375107,96.23,12177,3.12,2511,0.64,70.8472,43.7432
2020-02,Centro,ACES Cova da Beira,"40.2677741, -7.4995083",86468,81979,94.81,3599,4.16,890,1.03,68.3336,49.2092
2020-02,Lisboa e Vale do Tejo,ACES Estuário do Tejo,"38.9528113, -8.9911154",233961,196737,84.09,36380,15.55,844,0.36,61.6768,48.4822
2020-02,Lisboa e Vale do Tejo,ACES Oeste Norte,"39.410844, -9.1396215",180637,165800,91.79,14581,8.07,256,0.14,69.2892,45.0782
2020-02,Lisboa e Vale do Tejo,ACES Oeste Sul,"39.0917759, -9.2600341",203413,174881,85.97,27980,13.76,552,0.27,66.1246,47.9216
2020-02,Norte,ACES Ave / Famalicão,"41.3835805, -8.4157518",124708,122743,98.42,1820,1.46,145,0.12,73.8613,29.5165
2020-02,Norte,ACES Aveiro Norte,"40.8472225, -8.4656674",118686,118607,99.93,25,0.02,54,0.05,74.7712,17.7215
2020-02,Norte,ACES Douro Sul,"41.0953745, -7.8123805",72138,71648,99.32,270,0.37,220,0.3,73.7848,45.8078
2020-02,Norte,ACES Espinho / Gaia,"41.0022421, -8.642018",184349,178367,96.76,5916,3.21,66,0.04,72.3698,56.8539
2020-03,Alentejo,ACES Alentejo Litoral,"38.3841359, -8.5132031",97042,79295,81.71,17649,18.19,98,0.1,60.8025,51.2906
2020-03,Alentejo,ACES Baixo Alentejo,"38.0153039, -7.8627308",124227,120783,97.23,3052,2.46,392,0.32,72.4979,60.2719
2020-03,Algarve,ACES Algarve Sotavento,"37.383008, -7.7293275",59580,57183,95.98,2338,3.92,59,0.1,66.091,20.5257
2020-03,Centro,ACES Baixo Vouga,"40.6405055, -8.6537539",393938,378404,96.06,13192,3.35,2342,0.59,71.1779,45.5224
2020-03,Lisboa e Vale do Tejo,ACES Lisboa Norte,"38.7396924, -9.168506",269867,238388,88.34,29045,10.76,2434,0.9,53.6453,35.1629
2020-03,Lisboa e Vale do Tejo,ACES Oeste Norte,"39.410844, -9.1396215",180636,167381,92.66,12999,7.2,256,0.14,69.0283,42.974
2020-03,Lisboa e Vale do Tejo,ACES Oeste Sul,"39.0917759, -9.2600341",203344,174790,85.96,28001,13.77,553,0.27,65.8928,47.7323
2020-03,Norte,ACES Douro Sul,"41.0953745, -7.8123805",71352,70897,99.36,248,0.35,207,0.29,74.0358,48.7912
2020-03,Norte,ACES Gaia,"41.1278433, -8.580396",157162,149776,95.3,7283,4.63,103,0.07,69.6581,47.4953
2020-03,Norte,ACES Gerês / Cabreira,"41.6298661, -8.3596897",107406,102457,95.39,4946,4.6,3,0.0,76.2069,71.8933
2020-03,Norte,ACES Nordeste,"41.8069684, -6.7587977",131695,130760,99.29,225,0.17,710,0.54,73.8555,15.508
2020-04,Alentejo,ACES Baixo Alentejo,"38.0153039, -7.8627308",124178,119093,95.91,4694,3.78,391,0.31,71.3584,62.8249
2020-04,Alentejo,ACES São Mamede,"39.2967086, -7.4284755",114602,105709,92.24,8704,7.59,189,0.16,71.0954,69.0776
2020-04,Algarve,ACES Algarve Barlavento,"37.1387554, -8.5445093",172939,135228,78.19,36674,21.21,1037,0.6,58.0431,47.0312
2020-04,Algarve,ACES Algarve Central,"37.0274264, -7.9395984",259018,228387,88.17,30289,11.69,342,0.13,56.2071,34.6262
2020-04,Centro,ACES Pinhal Interior Norte,"40.1151262, -8.2473136",130364,124003,95.12,5595,4.29,766,0.59,72.8246,49.3947
2020-04,Lisboa e Vale do Tejo,ACES Almada / Seixal,"38.6678522, -9.1875777",351698,314596,89.45,36037,10.25,1065,0.3,62.2436,37.5404
2020-04,Lisboa e Vale do Tejo,ACES Lisboa Norte,"38.7396924, -9.168506",269108,234954,87.31,31491,11.7,2663,0.99,53.0804,36.0974
2020-04,Lisboa e Vale do Tejo,ACES Lisboa Ocidental e Oeiras,"38.6914388, -9.3184304",248423,224980,90.56,22907,9.22,536,0.22,55.4215,37.0453
2020-04,Lisboa e Vale do Tejo,ACES Loures / Odivelas,"38.8012718, -9.1137868",366411,324226,88.49,42108,11.49,77,0.02,57.7293,38.0547
2020-04,Lisboa e Vale do Tejo,ACES Médio Tejo,"39.478072, -8.5404429",225137,202301,89.86,22372,9.94,464,0.21,69.7828,61.3811
2020-04,Lisboa e Vale do Tejo,ACES Oeste Norte,"39.410844, -9.1396215",180455,168259,93.24,11941,6.62,255,0.14,68.3655,46.1563
2020-04,Lisboa e Vale do Tejo,ACES Sintra,"38.7519209, -9.2753636",363657,270144,74.29,92796,25.52,717,0.2,57.1485,46.3435
2020-04,Norte,ACES Ave / Famalicão,"41.3835805, -8.4157518",124507,122689,98.54,1674,1.34,144,0.12,72.6082,30.8921
2020-04,Norte,ACES Baixo Tâmega,"41.2719719, -8.0791631",166993,159340,95.42,7322,4.38,331,0.2,74.5744,65.4515
2020-04,Norte,ACES Douro Sul,"41.0953745, -7.8123805",69770,69351,99.4,249,0.36,170,0.24,75.1154,51.7986
2020-04,Norte,ACES Matosinhos,"41.1918541, -8.6590693",176157,175525,99.64,487,0.28,145,0.08,71.6401,26.8987
2020-04,Norte,ACES Vale do Sousa Norte,"41.2793583, -8.2787457",161042,157492,97.8,3542,2.2,8,0.0,76.0379,74.507
2020-05,Alentejo,ACES Baixo Alentejo,"38.0153039, -7.8627308",124096,118016,95.1,5686,4.58,394,0.32,70.1828,63.7084
2020-05,Algarve,ACES Algarve Central,"37.0274264, -7.9395984",259215,228366,88.1,30503,11.77,346,0.13,55.3521,33.4371
2020-05,Centro,ACES Baixo Vouga,"40.6405055, -8.6537539",393573,373566,94.92,17657,4.49,2350,0.6,69.6563,49.3151
2020-05,Centro,ACES Cova da Beira,"40.2677741, -7.4995083",86242,80103,92.88,5969,6.92,170,0.2,67.185,58.7392
2020-05,Lisboa e Vale do Tejo,ACES Estuário do Tejo,"38.9528113, -8.9911154",231377,189122,81.74,41416,17.9,839,0.36,60.6769,51.7774
2020-05,Lisboa e Vale do Tejo,ACES Oeste Norte,"39.410844, -9.1396215",179942,168737,93.77,10951,6.09,254,0.14,67.6811,49.8684
2020-05,Lisboa e Vale do Tejo,ACES Sintra,"38.7519209, -9.2753636",357553,270029,75.52,86806,24.28,718,0.2,57.1878,48.3231
2020-05,Norte,ACES Aveiro Norte,"40.8472225, -8.4656674",118632,118555,99.94,22,0.02,55,0.05,72.7606,23.3766
2020-05,Norte,ACES Gerês / Cabreira,"41.6298661, -8.3596897",107300,102704,95.72,4593,4.28,3,0.0,74.5051,74.3037
2020-06,Alentejo,ACES Baixo Alentejo,"38.0153039, -7.8627308",124041,117967,95.1,5685,4.58,389,0.31,69.8519,62.7975
2020-06,Algarve,ACES Algarve Central,"37.0274264, -7.9395984",259778,228382,87.91,31053,11.95,343,0.13,54.9253,32.3003
2020-06,Centro,ACES Baixo Vouga,"40.6405055, -8.6537539",393689,375879,95.48,15466,3.93,2344,0.6,69.3258,44.3682
2020-06,Centro,ACES Beira Interior Sul,"39.8211367, -7.5036651",73542,67394,91.64,5993,8.15,155,0.21,66.9101,50.5287
2020-06,Lisboa e Vale do Tejo,ACES Almada / Seixal,"38.6678522, -9.1875777",348840,314471,90.15,33300,9.55,1069,0.31,61.4045,40.6105
2020-06,Lisboa e Vale do Tejo,ACES Lisboa Central,"38.7306317, -9.1510414",287513,247235,85.99,39142,13.61,1136,0.4,50.8057,32.0952
2020-06,Norte,ACES Baixo Tâmega,"41.2719719, -8.0791631",166841,156514,93.81,9995,5.99,332,0.2,73.6546,65.766
2020-06,Norte,ACES Matosinhos,"41.1918541, -8.6590693",176107,174614,99.15,1346,0.76,147,0.08,70.3436,39.8611
2020-07,Alentejo,ACES São Mamede,"39.2967086, -7.4284755",114440,103891,90.78,10366,9.06,183,0.16,69.924,68.4709
2020-07,Algarve,ACES Algarve Central,"37.0274264, -7.9395984",260329,228307,87.7,31678,12.17,344,0.13,54.6904,31.1817
2020-07,Centro,ACES Cova da Beira,"40.2677741, -7.4995083",86147,80372,93.3,5599,6.5,176,0.2,66.6883,50.5371
2020-07,Centro,ACES Dão Lafões,"40.6565861, -7.9124712",271667,257281,94.7,14014,5.16,372,0.14,69.4317,55.7347
2020-07,Centro,ACES Guarda,"40.5353285, -7.2724426",148170,142618,96.25,3909,2.64,1643,1.11,68.9928,38.7344
2020-07,Lisboa e Vale do Tejo,ACES Arco Ribeirinho,"38.6672076, -9.0543329",218809,169611,77.52,49014,22.4,184,0.08,57.8623,48.9156
2020-07,Lisboa e Vale do Tejo,ACES Médio Tejo,"39.478072, -8.5404429",223901,198982,88.87,24547,10.96,372,0.17,68.9768,61.6256
2020-07,Lisboa e Vale do Tejo,ACES Oeste Norte,"39.410844, -9.1396215",179922,162973,90.58,16690,9.28,259,0.14,66.9635,52.2262
2020-07,Norte,ACES Alto Tâmega e Barroso,"41.741781, -7.4731648",90191,86624,96.05,3398,3.77,169,0.19,71.1553,60.4313
2020-07,Norte,ACES Barcelos / Esposende,"41.5317419, -8.6178922",157995,154841,98.0,3093,1.96,61,0.04,72.3934,63.6498
2020-07,Norte,ACES Espinho / Gaia,"41.0022421, -8.642018",183916,173335,94.25,10512,5.72,69,0.04,69.8859,65.4599
2020-07,Norte,ACES Feira e Arouca,"40.9263169, -8.5478813",153606,145786,94.91,7680,5.0,140,0.09,71.5421,68.5934
2020-07,Norte,ACES Maia / Valongo,"41.2333945, -8.6187474",220707,219581,99.49,1052,0.48,74,0.03,68.6773,37.1226
2020-07,Norte,ACES Nordeste,"41.8069684, -6.7587977",131485,129136,98.21,1601,1.22,748,0.57,72.5054,48.8293
2020-07,Norte,ACES Vale do Sousa Sul,"41.1548155, -8.2163769",172846,172828,99.99,4,0.0,14,0.01,74.4698,16.6667
2020-08,Alentejo,ACES Alentejo Central,"38.8442031, -7.5826619",167119,159174,95.25,7681,4.6,264,0.16,71.4517,65.2738
2020-08,Algarve,ACES Algarve Barlavento,"37.1387554, -8.5445093",173273,128254,74.02,43991,25.39,1028,0.59,56.5031,29.8834
2020-08,Centro,ACES Baixo Mondego,"40.2150023, -8.4071805",389583,362444,93.03,24766,6.36,2373,0.61,68.4809,53.7821
2020-08,Centro,ACES Baixo Vouga,"40.6405055, -8.6537539",393881,369144,93.72,22394,5.69,2343,0.59,68.4197,49.1651
2020-08,Centro,ACES Beira Interior Sul,"39.8211367, -7.5036651",73435,67187,91.49,6090,8.29,158,0.22,66.3577,49.5554
2020-08,Centro,ACES Cova da Beira,"40.2677741, -7.4995083",85977,80150,93.22,5651,6.57,176,0.2,66.6667,49.8885
2020-08,Lisboa e Vale do Tejo,ACES Cascais,"38.69904, -9.3818008",209459,177296,84.64,30419,14.52,1744,0.83,53.9886,37.5701
2020-08,Lisboa e Vale do Tejo,ACES Lisboa Central,"38.7306317, -9.1510414",287767,246883,85.79,39756,13.82,1128,0.39,49.894,31.5671
2020-08,Lisboa e Vale do Tejo,ACES Lisboa Ocidental e Oeiras,"38.6914388, -9.3184304",246269,224158,91.02,21599,8.77,512,0.21,54.75,40.8873
2020-08,Norte,ACES Braga,"41.5518714, -8.4126362",200030,188196,94.08,11829,5.91,5,0.0,69.1695,64.366
2020-08,Norte,ACES Matosinhos,"41.1918541, -8.6590693",175903,174905,99.43,857,0.49,141,0.08,69.385,26.0782
2020-08,Norte,ACES Porto Oriental,"41.1694498, -8.6126428",118639,109683,92.45,8909,7.51,47,0.04,66.6509,66.1715
2020-08,Norte,ACES Vale do Sousa Norte,"41.2793583, -8.2787457",160527,157090,97.86,3429,2.14,8,0.0,74.1953,71.9814
2020-09,Alentejo,ACES São Mamede,"39.2967086, -7.4284755",114489,103992,90.83,10313,9.01,184,0.16,69.6207,67.4319
2020-09,Algarve,ACES Algarve Central,"37.0274264, -7.9395984",261315,229240,87.73,31743,12.15,332,0.13,54.2564,28.2797
2020-09,Centro,ACES Baixo Mondego,"40.2150023, -8.4071805",389693,358058,91.88,29274,7.51,2361,0.61,68.408,54.8415
2020-09,Centro,ACES Beira Interior Sul,"39.8211367, -7.5036651",73148,67168,91.82,5867,8.02,113,0.15,66.3964,50.3011
2020-09,Centro,ACES Guarda,"40.5353285, -7.2724426",148114,142518,96.22,3825,2.58,1771,1.2,68.5443,32.1831
2020-09,Centro,ACES Pinhal Litoral,"39.7495331, -8.807683",272851,259045,94.94,13032,4.78,774,0.28,66.2054,51.5426
2020-09,Lisboa e Vale do Tejo,ACES Almada / Seixal,"38.6678522, -9.1875777",350020,307524,87.86,41385,11.82,1111,0.32,59.8718,42.2453
2020-09,Lisboa e Vale do Tejo,ACES Cascais,"38.69904, -9.3818008",209950,175666,83.67,32549,15.5,1735,0.83,54.3392,38.8887
2020-09,Lisboa e Vale do Tejo,ACES Lisboa Central,"38.7306317, -9.1510414",288226,246514,85.53,40592,14.08,1120,0.39,49.7254,31.1942
2020-09,Lisboa e Vale do Tejo,ACES Sintra,"38.7519209, -9.2753636",357582,261090,73.02,95748,26.78,744,0.21,54.9248,45.7622
2020-09,Norte,ACES Gaia,"41.1278433, -8.580396",157688,141113,89.49,16466,10.44,109,0.07,66.6829,51.8767
2020-09,Norte,ACES Gerês / Cabreira,"41.6298661, -8.3596897",107527,101310,94.22,6201,5.77,16,0.01,72.0747,71.0907
2020-09,Norte,ACES Matosinhos,"41.1918541, -8.6590693",176083,174929,99.34,1009,0.57,145,0.08,69.1577,27.4935
2020-09,Norte,ACES Póvoa do Varzim / Vila do Conde,"41.355519, -8.746653",151833,148403,97.74,3412,2.25,18,0.01,67.8155,65.121
2020-09,Norte,ACES Vale do Sousa Sul,"41.1548155, -8.2163769",173033,173013,99.99,6,0.0,14,0.01,73.5744,15.0
2020-10,Algarve,ACES Algarve Central,"37.0274264, -7.9395984",262278,235134,89.65,26813,10.22,331,0.13,53.8029,25.6272
2020-10,Algarve,ACES Algarve Sotavento,"37.383008, -7.7293275",60320,58243,96.56,2019,3.35,58,0.1,61.943,23.7362
2020-10,Lisboa e Vale do Tejo,ACES Cascais,"38.69904, -9.3818008",210727,183487,87.07,25483,12.09,1757,0.83,54.4924,30.1887
2020-10,Lisboa e Vale do Tejo,ACES Lisboa Ocidental e Oeiras,"38.6914388, -9.3184304",246810,219230,88.83,27069,10.97,511,0.21,54.8004,39.5593
2020-10,Lisboa e Vale do Tejo,ACES Oeste Norte,"39.410844, -9.1396215",179771,167675,93.27,11839,6.59,257,0.14,66.1453,48.9377
2020-10,Norte,ACES Barcelos / Esposende,"41.5317419, -8.6178922",158306,152879,96.57,5366,3.39,61,0.04,70.6928,68.0428
2020-10,Norte,ACES Braga,"41.5518714, -8.4126362",200727,196710,98.0,4017,2.0,0,0.0,69.2567,63.9642
2020-10,Norte,ACES Santo Tirso / Trofa,"41.3469246, -8.4822648",115202,114268,99.19,908,0.79,26,0.02,71.2726,29.9006
2020-10,Norte,ACES Vale do Sousa Sul,"41.1548155, -8.2163769",173122,173104,99.99,5,0.0,13,0.01,73.568,22.2222
2020-11,Centro,ACES Baixo Mondego,"40.2150023, -8.4071805",390026,367063,94.11,20599,5.28,2364,0.61,68.2117,47.7589
2020-11,Centro,ACES Dão Lafões,"40.6565861, -7.9124712",272334,264191,97.01,7774,2.85,369,0.14,68.997,45.6265
2020-11,Centro,ACES Pinhal Interior Norte,"40.1151262, -8.2473136",130679,126290,96.64,3620,2.77,769,0.59,69.7733,42.5934
2020-11,Lisboa e Vale do Tejo,ACES Almada / Seixal,"38.6678522, -9.1875777",351036,312231,88.95,37681,10.73,1124,0.32,59.1161,40.7309
2020-11,Lisboa e Vale do Tejo,ACES Arco Ribeirinho,"38.6672076, -9.0543329",219699,167273,76.14,52226,23.77,200,0.09,56.9583,46.0149
2020-11,Lisboa e Vale do Tejo,ACES Arrábida,"38.5324373, -8.8627453",232458,183552,78.96,48476,20.85,430,0.18,60.4258,46.345
2020-11,Lisboa e Vale do Tejo,ACES Estuário do Tejo,"38.9528113, -8.9911154",231630,184482,79.65,46396,20.03,752,0.32,59.8975,45.3666
2020-11,Lisboa e Vale do Tejo,ACES Médio Tejo,"39.478072, -8.5404429",224162,202713,90.43,21093,9.41,356,0.16,69.1633,60.8104
2020-11,Norte,ACES Alto Ave,"41.4417064, -8.1722408",272500,263026,96.52,9399,3.45,75,0.03,74.0913,70.2269
2020-11,Norte,ACES Alto Minho,"41.7056054, -8.8252713",247721,244633,98.75,2853,1.15,235,0.09,72.9514,64.1723
2020-11,Norte,ACES Maia / Valongo,"41.2333945, -8.6187474",220934,213961,96.84,6900,3.12,73,0.03,68.2489,56.432
2020-11,Norte,ACES Porto Oriental,"41.1694498, -8.6126428",118594,111468,93.99,7085,5.97,41,0.03,66.7184,66.1659
2020-12,Centro,ACES Baixo Mondego,"40.2150023, -8.4071805",389789,367398,94.26,19971,5.12,2420,0.62,68.2043,47.7589
2020-12,Centro,ACES Cova da Beira,"40.2677741, -7.4995083",86218,85964,99.71,90,0.1,164,0.19,67.6534,35.0
2020-12,Centro,ACES Pinhal Litoral,"39.7495331, -8.807683",273465,261810,95.74,10862,3.97,793,0.29,66.3853,47.1505
2020-12,Lisboa e Vale do Tejo,ACES Arco Ribeirinho,"38.6672076, -9.0543329",220060,166230,75.54,53607,24.36,223,0.1,56.9583,46.0149
2020-12,Lisboa e Vale do Tejo,ACES Arrábida,"38.5324373, -8.8627453",232676,182033,78.23,50217,21.58,426,0.18,60.4258,46.345
2020-12,Lisboa e Vale do Tejo,ACES Médio Tejo,"39.478072, -8.5404429",224401,206377,91.97,17671,7.87,353,0.16,69.1633,60.8104
2020-12,Lisboa e Vale do Tejo,ACES Oeste Norte,"39.410844, -9.1396215",179954,168926,93.87,10768,5.98,260,0.14,66.368,54.2007
2020-12,Norte,ACES Alto Ave,"41.4417064, -8.1722408",272464,268089,98.39,4297,1.58,78,0.03,74.0917,70.2269
2020-12,Norte,ACES Feira e Arouca,"40.9263169, -8.5478813",153692,144533,94.04,9024,5.87,135,0.09,71.7886,65.635
2020-12,Norte,ACES Gaia,"41.1278433, -8.580396",158405,148770,93.92,9516,6.01,119,0.08,66.5895,47.2178
2020-12,Norte,ACES Gerês / Cabreira,"41.6298661, -8.3596897",107668,106329,98.76,1321,1.23,18,0.02,72.3982,67.8254
2020-12,Norte,ACES Marão e Douro Norte,"41.2968711, -7.7483727",105891,104100,98.31,1554,1.47,237,0.22,71.3521,63.8951
2020-12,Norte,ACES Nordeste,"41.8069684, -6.7587977",131398,125923,95.83,4674,3.56,801,0.61,72.073,55.9072
2020-12,Norte,ACES Porto Ocidental,"41.1741353, -8.6691662",174613,163766,93.79,10648,6.1,199,0.11,64.0878,47.2545
2020-12,Norte,ACES Póvoa do Varzim / Vila do Conde,"41.355519, -8.746653",151950,148341,97.62,3590,2.36,19,0.01,68.1182,60.5189
2021-01,Alentejo,ACES Alentejo Litoral,"38.3841359, -8.5132031",98487,83989,85.28,14385,14.61,113,0.11,59.5449,43.9854
2021-01,Algarve,ACES Algarve Sotavento,"37.383008, -7.7293275",61063,58415,95.66,2592,4.24,56,0.09,60.5064,22.1299
2021-01,Centro,ACES Beira Interior Sul,"39.8211367, -7.5036651",73568,68738,93.43,4604,6.26,226,0.31,66.2666,46.6667
2021-01,Lisboa e Vale do Tejo,ACES Médio Tejo,"39.478072, -8.5404429",224274,202968,90.5,20955,9.34,351,0.16,69.2862,60.3774
2021-01,Norte,ACES Baixo Tâmega,"41.2719719, -8.0791631",164836,160984,97.66,3554,2.16,298,0.18,72.2536,60.54
2021-01,Norte,ACES Douro Sul,"41.0953745, -7.8123805",69521,67684,97.36,1699,2.44,138,0.2,75.1241,67.5558
2021-01,Norte,ACES Espinho / Gaia,"41.0022421, -8.642018",184653,176751,95.72,7838,4.24,64,0.03,69.4319,60.4151
2021-01,Norte,ACES Gaia,"41.1278433, -8.580396",158519,148813,93.88,9576,6.04,130,0.08,65.7786,45.4976
2021-01,Norte,ACES Porto Ocidental,"41.1741353, -8.6691662",175028,163940,93.67,10890,6.22,198,0.11,63.5281,44.2035
2021-01,Norte,ACES Póvoa do Varzim / Vila do Conde,"41.355519, -8.746653",151826,148218,97.62,3589,2.36,19,0.01,67.9271,66.1863
2021-02,Alentejo,ACES Baixo Alentejo,"38.0153039, -7.8627308",123816,119155,96.24,4249,3.43,412,0.33,68.4467,49.6245
2021-02,Algarve,ACES Algarve Barlavento,"37.1387554, -8.5445093",177535,137205,77.28,39316,22.15,1014,0.57,54.6751,33.2747
2021-02,Centro,ACES Baixo Mondego,"40.2150023, -8.4071805",389558,370736,95.17,16381,4.21,2441,0.63,67.5548,42.3334
2021-02,Lisboa e Vale do Tejo,ACES Arco Ribeirinho,"38.6672076, -9.0543329",220794,168308,76.23,52258,23.67,228,0.1,57.3141,45.1797
2021-02,Lisboa e Vale do Tejo,ACES Arrábida,"38.5324373, -8.8627453",232951,180205,77.36,52317,22.46,429,0.18,61.5061,44.6366
2021-02,Lisboa e Vale do Tejo,ACES Cascais,"38.69904, -9.3818008",213184,186733,87.59,24570,11.53,1881,0.88,53.8863,26.6674
2021-02,Lisboa e Vale do Tejo,ACES Lisboa Central,"38.7306317, -9.1510414",292520,250709,85.71,40690,13.91,1121,0.38,48.1306,26.1941
2021-02,Lisboa e Vale do Tejo,ACES Sintra,"38.7519209, -9.2753636",360730,266647,73.92,93264,25.85,819,0.23,51.8538,40.8095
2021-02,Norte,ACES Ave / Famalicão,"41.3835805, -8.4157518",124684,122583,98.31,1961,1.57,140,0.11,70.6827,15.0881
2021-02,Norte,ACES Barcelos / Esposende,"41.5317419, -8.6178922",157973,150212,95.09,7689,4.87,72,0.05,71.4704,64.7501
2021-02,Norte,ACES Gaia,"41.1278433, -8.580396",158549,148640,93.75,9735,6.14,174,0.11,65.2089,45.1811
2021-02,Norte,ACES Gerês / Cabreira,"41.6298661, -8.3596897",107887,106577,98.79,1291,1.2,19,0.02,72.4499,66.4378
2021-02,Norte,ACES Porto Oriental,"41.1694498, -8.6126428",118148,112420,95.15,5681,4.81,47,0.04,65.8428,58.6243
2021-03,Centro,ACES Baixo Vouga,"40.6405055, -8.6537539",394253,363771,92.27,28208,7.15,2274,0.58,67.3836,46.9106
2021-03,Lisboa e Vale do Tejo,ACES Lezíria,"39.2371689, -8.6908895",196434,174393,88.78,20123,10.24,1918,0.98,70.4327,54.4374
2021-03,Norte,ACES Ave / Famalicão,"41.3835805, -8.4157518",124641,122582,98.35,1829,1.47,230,0.18,70.9478,10.1991
2021-03,Norte,ACES Braga,"41.5518714, -8.4126362",201917,198177,98.15,3740,1.85,0,0.0,72.2,42.8533
2021-03,Norte,ACES Espinho / Gaia,"41.0022421, -8.642018",184598,178224,96.55,6311,3.42,63,0.03,69.2102,55.2958
2021-03,Norte,ACES Maia / Valongo,"41.2333945, -8.6187474",221212,214044,96.76,7101,3.21,67,0.03,67.5774,54.6038
2021-03,Norte,ACES Nordeste,"41.8069684, -6.7587977",131208,127322,97.04,3066,2.34,820,0.62,72.1217,52.4852
2021-03,Norte,ACES Santo Tirso / Trofa,"41.3469246, -8.4822648",115108,112183,97.46,2900,2.52,25,0.02,72.1689,46.462
2021-03,Norte,ACES Vale do Sousa Sul,"41.1548155, -8.2163769",173399,167638,96.68,5749,3.32,12,0.01,71.9147,64.7457
2021-04,Alentejo,ACES Alentejo Litoral,"38.3841359, -8.5132031",99610,90832,91.19,8645,8.68,133,0.13,61.1063,42.8067
2021-04,Centro,ACES Guarda,"40.5353285, -7.2724426",151006,138953,92.02,9367,6.2,2686,1.78,68.4277,47.1889
2021-04,Lisboa e Vale do Tejo,ACES Amadora,"38.7573081, -9.23429",171592,126399,73.66,44800,26.11,393,0.23,50.7932,36.972
2021-04,Lisboa e Vale do Tejo,ACES Lisboa Ocidental e Oeiras,"38.6914388, -9.3184304",248769,220114,88.48,28227,11.35,428,0.17,56.4566,36.9171
2021-04,Norte,ACES Alto Ave,"41.4417064, -8.1722408",272756,269542,98.82,3144,1.15,70,0.03,74.5465,55.8668
2021-05,Centro,ACES Baixo Mondego,"40.2150023, -8.4071805",389802,367426,94.26,19946,5.12,2430,0.62,69.0399,46.9939
2021-05,Centro,ACES Beira Interior Sul,"39.8211367, -7.5036651",74027,63951,86.39,9805,13.25,271,0.37,68.0662,53.9363
2021-05,Lisboa e Vale do Tejo,ACES Loures / Odivelas,"38.8012718, -9.1137868",371790,309373,83.21,62250,16.74,167,0.04,55.6096,35.0617
2021-05,Norte,ACES Ave / Famalicão,"41.3835805, -8.4157518",124859,122721,98.29,1915,1.53,223,0.18,73.5782,51.0758
2021-05,Norte,ACES Baixo Tâmega,"41.2719719, -8.0791631",165037,164329,99.57,410,0.25,298,0.18,73.6133,20.4802
2021-05,Norte,ACES Braga,"41.5518714, -8.4126362",202158,201824,99.83,334,0.17,0,0.0,73.6591,7.16418
2021-05,Norte,ACES Gondomar,"41.1738444, -8.5612238",168271,158867,94.41,9335,5.55,69,0.04,72.6295,67.333
2021-05,Norte,ACES Maia / Valongo,"41.2333945, -8.6187474",221225,217210,98.19,3948,1.78,67,0.03,69.5919,52.4664
2021-05,Norte,ACES Marão e Douro Norte,"41.2968711, -7.7483727",105616,100356,95.02,5031,4.76,229,0.22,70.4622,61.9392
2021-05,Norte,ACES Póvoa do Varzim / Vila do Conde,"41.355519, -8.746653",152355,151222,99.26,1105,0.73,28,0.02,68.9467,42.6172
2021-06,Algarve,ACES Algarve Central,"37.0274264, -7.9395984",270218,240908,89.15,28963,10.72,347,0.13,54.8357,25.6781
2021-06,Centro,ACES Beira Interior Sul,"39.8211367, -7.5036651",74029,63508,85.79,10226,13.81,295,0.4,68.8068,53.1806
2021-06,Centro,ACES Dão Lafões,"40.6565861, -7.9124712",272865,265925,97.46,6567,2.41,373,0.14,71.687,30.8357
2021-06,Lisboa e Vale do Tejo,ACES Almada / Seixal,"38.6678522, -9.1875777",354986,305678,86.11,47662,13.43,1646,0.46,60.8505,40.757
2021-06,Lisboa e Vale do Tejo,ACES Amadora,"38.7573081, -9.23429",172035,125909,73.19,45734,26.58,392,0.23,52.4385,38.0054
2021-06,Lisboa e Vale do Tejo,ACES Arrábida,"38.5324373, -8.8627453",235794,176201,74.73,59142,25.08,451,0.19,63.8299,47.0559
2021-06,Norte,ACES Braga,"41.5518714, -8.4126362",202510,200112,98.82,637,0.31,1761,0.87,74.1528,43.3805
2021-06,Norte,ACES Porto Ocidental,"41.1741353, -8.6691662",178311,167885,94.15,10166,5.7,260,0.15,65.159,49.5683
2021-07,Alentejo,ACES São Mamede,"39.2967086, -7.4284755",114666,100651,87.78,13840,12.07,175,0.15,70.0713,64.7424
2021-07,Algarve,ACES Algarve Central,"37.0274264, -7.9395984",271407,241028,88.81,30025,11.06,354,0.13,55.4709,25.2905
2021-07,Centro,ACES Beira Interior Sul,"39.8211367, -7.5036651",74104,63602,85.83,10179,13.74,323,0.44,69.2648,52.9899
2021-07,Centro,ACES Pinhal Interior Sul,"39.7510898, -7.9203657",31251,26760,85.63,4326,13.84,165,0.53,77.4823,76.5531
2021-07,Lisboa e Vale do Tejo,ACES Almada / Seixal,"38.6678522, -9.1875777",356016,300011,84.27,54329,15.26,1676,0.47,61.601,42.274
2021-07,Lisboa e Vale do Tejo,ACES Arco Ribeirinho,"38.6672076, -9.0543329",224654,160875,71.61,63557,28.29,222,0.1,60.4436,47.4435
2021-07,Lisboa e Vale do Tejo,ACES Arrábida,"38.5324373, -8.8627453",236497,175749,74.31,60289,25.49,459,0.19,64.5239,48.0691
2021-07,Lisboa e Vale do Tejo,ACES Estuário do Tejo,"38.9528113, -8.9911154",235466,174811,74.24,59989,25.48,666,0.28,61.6161,43.7491
2021-07,Lisboa e Vale do Tejo,ACES Lisboa Norte,"38.7396924, -9.168506",271887,239745,88.18,26021,9.57,6121,2.25,55.6581,28.0443
2021-07,Lisboa e Vale do Tejo,ACES Loures / Odivelas,"38.8012718, -9.1137868",372094,305803,82.18,66119,17.77,172,0.05,56.3226,34.8961
2021-07,Lisboa e Vale do Tejo,ACES Oeste Sul,"39.0917759, -9.2600341",209722,165802,79.06,43415,20.7,505,0.24,63.1155,46.9308
2021-07,Norte,ACES Alto Ave,"41.4417064, -8.1722408",272964,264194,96.79,8696,3.19,74,0.03,76.7174,67.0239
2021-07,Norte,ACES Alto Minho,"41.7056054, -8.8252713",248508,243712,98.07,4621,1.86,175,0.07,75.5495,68.4606
2021-07,Norte,ACES Braga,"41.5518714, -8.4126362",202886,196565,96.88,4569,2.25,1752,0.86,74.5522,58.0171
2021-07,Norte,ACES Porto Ocidental,"41.1741353, -8.6691662",178758,166269,93.01,12217,6.83,272,0.15,65.7929,51.3092
2021-07,Norte,ACES Vale do Sousa Norte,"41.2793583, -8.2787457",160474,152156,94.82,8309,5.18,9,0.01,78.149,73.8399
2021-07,Norte,ACES Vale do Sousa Sul,"41.1548155, -8.2163769",173695,166436,95.82,7246,4.17,13,0.01,75.3908,69.3071
2021-08,Alentejo,ACES Alentejo Central,"38.8442031, -7.5826619",167255,159176,95.17,7800,4.66,279,0.17,75.4299,73.7209
2021-08,Alentejo,ACES Baixo Alentejo,"38.0153039, -7.8627308",124363,114748,92.27,9167,7.37,448,0.36,71.4694,60.1768
2021-08,Algarve,ACES Algarve Sotavento,"37.383008, -7.7293275",62604,58810,93.94,3718,5.94,76,0.12,63.0737,25.9425
2021-08,Centro,ACES Baixo Mondego,"40.2150023, -8.4071805",390441,356543,91.32,31647,8.11,2251,0.58,70.1715,55.1907
2021-08,Centro,ACES Baixo Vouga,"40.6405055, -8.6537539",396232,343230,86.62,50647,12.78,2355,0.59,70.2816,57.0901
2021-08,Lisboa e Vale do Tejo,ACES Arrábida,"38.5324373, -8.8627453",237333,179342,75.57,57535,24.24,456,0.19,64.8603,46.5753
2021-08,Lisboa e Vale do Tejo,ACES Loures / Odivelas,"38.8012718, -9.1137868",372892,304690,81.71,68034,18.24,168,0.05,56.6094,34.7991
2021-08,Lisboa e Vale do Tejo,ACES Sintra,"38.7519209, -9.2753636",366474,265349,72.41,100087,27.31,1038,0.28,55.2054,42.8884
2021-08,Norte,ACES Alto Tâmega e Barroso,"41.741781, -7.4731648",90453,83080,91.85,7164,7.92,209,0.23,72.4837,72.3381
2021-08,Norte,ACES Braga,"41.5518714, -8.4126362",203157,194833,95.9,6577,3.24,1747,0.86,74.963,59.4091
2021-08,Norte,ACES Douro Sul,"41.0953745, -7.8123805",68984,67987,98.55,956,1.39,41,0.06,79.2116,24.183
2021-08,Norte,ACES Gaia,"41.1278433, -8.580396",160027,151399,94.61,8406,5.25,222,0.14,68.4928,43.1668
2021-08,Norte,ACES Marão e Douro Norte,"41.2968711, -7.7483727",105668,97292,92.07,8140,7.7,236,0.22,71.4351,65.4641
2021-09,Alentejo,ACES Baixo Alentejo,"38.0153039, -7.8627308",124463,116487,93.59,7534,6.05,442,0.36,71.6285,58.0816
2021-09,Alentejo,ACES São Mamede,"39.2967086, -7.4284755",114845,101204,88.12,13464,11.72,177,0.15,70.2268,63.5924
2021-09,Algarve,ACES Algarve Barlavento,"37.1387554, -8.5445093",182992,135877,74.25,46158,25.22,957,0.52,56.9093,34.9924
2021-09,Lisboa e Vale do Tejo,ACES Almada / Seixal,"38.6678522, -9.1875777",357114,309496,86.67,45749,12.81,1869,0.52,62.173,41.1297
2021-09,Lisboa e Vale do Tejo,ACES Lisboa Norte,"38.7396924, -9.168506",271930,230611,84.81,36393,13.38,4926,1.81,56.4249,29.895
2021-09,Norte,ACES Gaia,"41.1278433, -8.580396",160070,159639,99.73,237,0.15,194,0.12,68.7389,28.1395
2021-09,Norte,ACES Gerês / Cabreira,"41.6298661, -8.3596897",106704,106601,99.9,73,0.07,30,0.03,79.2862,11.0092
2021-09,Norte,ACES Marão e Douro Norte,"41.2968711, -7.7483727",105749,102399,96.83,3115,2.95,235,0.22,71.5011,59.4627
2021-09,Norte,ACES Vale do Sousa Norte,"41.2793583, -8.2787457",160470,155293,96.77,5168,3.22,9,0.01,78.6933,71.3734
2021-10,Centro,ACES Baixo Mondego,"40.2150023, -8.4071805",391072,366392,93.69,22625,5.79,2055,0.53,70.2715,47.3177
2021-10,Centro,ACES Dão Lafões,"40.6565861, -7.9124712",274167,268102,97.79,5684,2.07,381,0.14,73.1452,16.7189
2021-10,Centro,ACES Guarda,"40.5353285, -7.2724426",151299,139328,92.09,10743,7.1,1228,0.81,70.6389,49.5781
2021-10,Lisboa e Vale do Tejo,ACES Amadora,"38.7573081, -9.23429",174601,127560,73.06,46651,26.72,390,0.22,53.8221,38.6663
2021-10,Lisboa e Vale do Tejo,ACES Lezíria,"39.2371689, -8.6908895",199732,174982,87.61,22799,11.41,1951,0.98,73.162,58.0805
2021-10,Lisboa e Vale do Tejo,ACES Lisboa Ocidental e Oeiras,"38.6914388, -9.3184304",251807,213730,84.88,37648,14.95,429,0.17,58.9463,40.9328
2021-10,Lisboa e Vale do Tejo,ACES Oeste Sul,"39.0917759, -9.2600341",211444,168104,79.5,42829,20.26,511,0.24,62.9978,45.4338
2021-10,Norte,ACES Gaia,"41.1278433, -8.580396",160291,159823,99.71,283,0.18,185,0.12,68.5466,28.2051
2021-10,Norte,ACES Porto Oriental,"41.1694498, -8.6126428",118963,110481,92.87,8419,7.08,63,0.05,69.7326,55.5294
2021-11,Alentejo,ACES Alentejo Litoral,"38.3841359, -8.5132031",102333,89900,87.85,12188,11.91,245,0.24,62.4285,42.2056
2021-11,Centro,ACES Pinhal Litoral,"39.7495331, -8.807683",277030,253780,91.61,22461,8.11,789,0.28,71.0214,50.6387
2021-11,Lisboa e Vale do Tejo,ACES Sintra,"38.7519209, -9.2753636",368805,258640,70.13,109162,29.6,1003,0.27,55.6398,43.5501
2021-11,Norte,ACES Gaia,"41.1278433, -8.580396",160548,160051,99.69,312,0.19,185,0.12,68.7558,29.3763
2021-11,Norte,ACES Matosinhos,"41.1918541, -8.6590693",177173,172216,97.2,4805,2.71,152,0.09,73.5088,37.125
2021-12,Alentejo,ACES Alentejo Litoral,"38.3841359, -8.5132031",102635,89818,87.51,12547,12.22,270,0.26,62.8246,42.2486
2021-12,Alentejo,ACES Baixo Alentejo,"38.0153039, -7.8627308",124506,112908,90.68,11158,8.96,440,0.35,72.5071,61.2055
2021-12,Alentejo,ACES São Mamede,"39.2967086, -7.4284755",114832,97140,84.59,17521,15.26,171,0.15,70.0293,64.9031
2021-12,Centro,ACES Baixo Mondego,"40.2150023, -8.4071805",391484,366353,93.58,23088,5.9,2043,0.52,71.2869,48.1974
2021-12,Centro,ACES Cova da Beira,"40.2677741, -7.4995083",87340,84742,97.03,2481,2.84,117,0.13,73.7013,61.0854
2021-12,Centro,ACES Pinhal Interior Sul,"39.7510898, -7.9203657",31270,26721,85.45,4345,13.9,204,0.65,78.676,77.3137
2021-12,Lisboa e Vale do Tejo,ACES Arco Ribeirinho,"38.6672076, -9.0543329",227282,165793,72.95,61268,26.96,221,0.1,61.5108,44.756
2021-12,Lisboa e Vale do Tejo,ACES Lisboa Ocidental e Oeiras,"38.6914388, -9.3184304",252478,212817,84.29,39238,15.54,423,0.17,59.701,40.1251
2021-12,Lisboa e Vale do Tejo,ACES Sintra,"38.7519209, -9.2753636",370071,256171,69.22,112896,30.51,1004,0.27,56.2646,43.9486
2021-12,Norte,ACES Aveiro Norte,"40.8472225, -8.4656674",119158,119090,99.94,26,0.02,42,0.04,75.1036,19.1176
2021-12,Norte,ACES Baixo Tâmega,"41.2719719, -8.0791631",164244,163432,99.51,574,0.35,238,0.14,75.9669,19.0887
2021-12,Norte,ACES Gerês / Cabreira,"41.6298661, -8.3596897",106832,105265,98.53,1559,1.46,8,0.01,79.8085,70.8201
2022-01,Alentejo,ACES Baixo Alentejo,"38.0153039, -7.8627308",124580,116228,93.3,7914,6.35,438,0.35,73.4396,57.4063
2022-01,Centro,ACES Dão Lafões,"40.6565861, -7.9124712",274470,259221,94.44,14858,5.41,391,0.14,73.3674,45.386
2022-01,Centro,ACES Pinhal Interior Sul,"39.7510898, -7.9203657",31312,26746,85.42,4357,13.91,209,0.67,79.6366,77.5416
2022-01,Lisboa e Vale do Tejo,ACES Almada / Seixal,"38.6678522, -9.1875777",359191,302098,84.11,55469,15.44,1624,0.45,63.3987,17.3527
2022-01,Lisboa e Vale do Tejo,ACES Lisboa Norte,"38.7396924, -9.168506",272938,230253,84.36,37779,13.84,4906,1.8,58.0222,32.9616
2022-01,Lisboa e Vale do Tejo,ACES Lisboa Ocidental e Oeiras,"38.6914388, -9.3184304",252879,209111,82.69,43349,17.14,419,0.17,59.9107,39.5348
2022-01,Norte,ACES Aveiro Norte,"40.8472225, -8.4656674",119249,119176,99.94,29,0.02,44,0.04,75.1172,22.2222
2022-01,Norte,ACES Douro Sul,"41.0953745, -7.8123805",69123,67375,97.47,1730,2.5,18,0.03,79.2081,70.1373
2022-01,Norte,ACES Feira e Arouca,"40.9263169, -8.5478813",154989,151717,97.89,3256,2.1,16,0.01,76.0499,73.6247
2022-01,Norte,ACES Póvoa do Varzim / Vila do Conde,"41.355519, -8.746653",153761,152972,99.49,752,0.49,37,0.02,70.7753,32.6557
2022-02,Lisboa e Vale do Tejo,ACES Amadora,"38.7573081, -9.23429",177131,123642,69.8,53088,29.97,401,0.23,55.853,40.031
2022-02,Lisboa e Vale do Tejo,ACES Oeste Norte,"39.410844, -9.1396215",181546,143260,78.91,38079,20.97,207,0.11,71.1864,50.4133
2022-02,Lisboa e Vale do Tejo,ACES Oeste Sul,"39.0917759, -9.2600341",213734,161813,75.71,51412,24.05,509,0.24,63.572,45.5547
2022-02,Lisboa e Vale do Tejo,ACES Sintra,"38.7519209, -9.2753636",371491,247553,66.64,122920,33.09,1018,0.27,56.9083,45.3364
2022-02,Norte,ACES Alto Ave,"41.4417064, -8.1722408",273157,268127,98.16,4953,1.81,77,0.03,77.4594,61.1652
2022-02,Norte,ACES Barcelos / Esposende,"41.5317419, -8.6178922",160445,158906,99.04,1483,0.92,56,0.03,74.7753,60.8187
2022-02,Norte,ACES Gerês / Cabreira,"41.6298661, -8.3596897",106916,106874,99.96,35,0.03,7,0.01,79.841,27.0833
2022-02,Norte,ACES Nordeste,"41.8069684, -6.7587977",132407,128051,96.71,3398,2.57,958,0.72,75.7934,36.2029
2022-02,Norte,ACES Póvoa do Varzim / Vila do Conde,"41.355519, -8.746653",154006,152981,99.33,991,0.64,34,0.02,70.9994,32.8431
2022-02,Norte,ACES Vale do Sousa Sul,"41.1548155, -8.2163769",174914,169979,97.18,4924,2.82,11,0.01,77.6588,74.2904
2022-03,Alentejo,ACES Alentejo Litoral,"38.3841359, -8.5132031",103197,89147,86.39,13475,13.06,575,0.56,62.7489,40.7813
2022-03,Algarve,ACES Algarve Barlavento,"37.1387554, -8.5445093",185838,135935,73.15,48989,26.36,914,0.49,57.2385,32.0696
2022-03,Centro,ACES Pinhal Litoral,"39.7495331, -8.807683",277729,247292,89.04,29683,10.69,754,0.27,72.4997,57.0529
2022-03,Lisboa e Vale do Tejo,ACES Almada / Seixal,"38.6678522, -9.1875777",360979,302595,83.83,56822,15.74,1562,0.43,63.6298,21.9156
2022-03,Lisboa e Vale do Tejo,ACES Cascais,"38.69904, -9.3818008",227572,183700,80.72,40444,17.77,3428,1.51,54.8449,22.7386
2022-03,Lisboa e Vale do Tejo,ACES Lisboa Norte,"38.7396924, -9.168506",273856,234442,85.61,34751,12.69,4663,1.7,57.4652,29.2326
2022-03,Lisboa e Vale do Tejo,ACES Lisboa Ocidental e Oeiras,"38.6914388, -9.3184304",250638,200282,79.91,50053,19.97,303,0.12,59.8347,38.8509
2022-03,Norte,ACES Alto Ave,"41.4417064, -8.1722408",272768,267750,98.16,4941,1.81,77,0.03,77.995,61.7899
2022-03,Norte,ACES Marão e Douro Norte,"41.2968711, -7.7483727",105647,103679,98.14,1714,1.62,254,0.24,74.4884,51.9837
2022-03,Norte,ACES Vale do Sousa Norte,"41.2793583, -8.2787457",162059,162054,100.0,0,0.0,5,0.0,78.6818,0.0
2022-04,Alentejo,ACES Baixo Alentejo,"38.0153039, -7.8627308",124412,112248,90.22,11728,9.43,436,0.35,74.2155,61.4107
2022-04,Algarve,ACES Algarve Barlavento,"37.1387554, -8.5445093",186059,134331,72.2,50761,27.28,967,0.52,57.1377,30.9014
2022-04,Centro,ACES Beira Interior Sul,"39.8211367, -7.5036651",75019,61030,81.35,13644,18.19,345,0.46,70.6834,53.0989
2022-04,Centro,ACES Dão Lafões,"40.6565861, -7.9124712",274935,262809,95.59,11737,4.27,389,0.14,73.6752,37.6711
2022-04,Lisboa e Vale do Tejo,ACES Cascais,"38.69904, -9.3818008",227497,183592,80.7,40493,17.8,3412,1.5,54.9539,22.7757
2022-04,Lisboa e Vale do Tejo,ACES Estuário do Tejo,"38.9528113, -8.9911154",238281,159878,67.1,77801,32.65,602,0.25,62.6188,44.666
2022-04,Lisboa e Vale do Tejo,ACES Lezíria,"39.2371689, -8.6908895",201555,166846,82.78,32751,16.25,1958,0.97,73.1726,60.0725
2022-04,Lisboa e Vale do Tejo,ACES Lisboa Central,"38.7306317, -9.1510414",307315,241357,78.54,64907,21.12,1051,0.34,52.3432,26.7504
2022-04,Lisboa e Vale do Tejo,ACES Sintra,"38.7519209, -9.2753636",371874,247844,66.65,123015,33.08,1015,0.27,57.634,46.1969
2022-04,Norte,ACES Alto Minho,"41.7056054, -8.8252713",249477,243590,97.64,5848,2.34,39,0.02,77.4821,70.3414
2022-04,Norte,ACES Alto Tâmega e Barroso,"41.741781, -7.4731648",90500,87606,96.8,2674,2.95,220,0.24,75.1768,59.7796
2022-04,Norte,ACES Barcelos / Esposende,"41.5317419, -8.6178922",160919,159368,99.04,1493,0.93,58,0.04,75.5169,62.0245
2022-04,Norte,ACES Douro Sul,"41.0953745, -7.8123805",68939,68587,99.49,339,0.49,13,0.02,78.803,37.7841
2022-04,Norte,ACES Porto Ocidental,"41.1741353, -8.6691662",178763,174711,97.73,3834,2.14,218,0.12,69.1055,34.8963
2022-04,Norte,ACES Vale do Sousa Norte,"41.2793583, -8.2787457",162081,162076,100.0,0,0.0,5,0.0,78.8441,0.0
2022-05,Alentejo,ACES Baixo Alentejo,"38.0153039, -7.8627308",124396,110656,88.95,13302,10.69,438,0.35,74.2155,61.4107
2022-05,Alentejo,ACES São Mamede,"39.2967086, -7.4284755",115278,92854,80.55,22220,19.28,204,0.18,71.2142,68.9123
2022-05,Centro,ACES Guarda,"40.5353285, -7.2724426",150246,128724,85.68,20322,13.53,1200,0.8,72.3178,52.5861
2022-05,Lisboa e Vale do Tejo,ACES Almada / Seixal,"38.6678522, -9.1875777",362707,301069,83.01,60128,16.58,1510,0.42,63.5781,24.7369
2022-05,Lisboa e Vale do Tejo,ACES Amadora,"38.7573081, -9.23429",177774,120955,68.04,56271,31.65,548,0.31,56.6571,42.9661
2022-05,Lisboa e Vale do Tejo,ACES Lisboa Central,"38.7306317, -9.1510414",307729,237112,77.05,69567,22.61,1050,0.34,52.3432,26.7504
2022-05,Lisboa e Vale do Tejo,ACES Loures / Odivelas,"38.8012718, -9.1137868",376861,286499,76.02,90216,23.94,146,0.04,56.8287,33.1899
2022-05,Lisboa e Vale do Tejo,ACES Sintra,"38.7519209, -9.2753636",372821,246750,66.18,125055,33.54,1016,0.27,57.634,46.1969
2022-05,Norte,ACES Alto Minho,"41.7056054, -8.8252713",249409,243100,97.47,6262,2.51,47,0.02,77.4821,70.3414
2022-05,Norte,ACES Ave / Famalicão,"41.3835805, -8.4157518",124881,121059,96.94,3764,3.01,58,0.05,78.3989,2.43161
2022-05,Norte,ACES Douro Sul,"41.0953745, -7.8123805",68845,68478,99.47,354,0.51,13,0.02,78.803,37.7841
2022-05,Norte,ACES Maia / Valongo,"41.2333945, -8.6187474",221768,213590,96.31,8111,3.66,67,0.03,73.3823,50.6566
2022-05,Norte,ACES Póvoa do Varzim / Vila do Conde,"41.355519, -8.746653",154559,150988,97.69,3537,2.29,34,0.02,71.6551,33.2911
2022-06,Alentejo,ACES Alentejo Central,"38.8442031, -7.5826619",167753,147820,88.12,18080,10.78,1853,1.1,76.9469,68.2956
2022-06,Algarve,ACES Algarve Sotavento,"37.383008, -7.7293275",63586,55504,87.29,7982,12.55,100,0.16,64.6734,40.4974
2022-06,Centro,ACES Baixo Mondego,"40.2150023, -8.4071805",392980,363934,92.61,27177,6.92,1869,0.48,72.1467,52.3032
2022-06,Centro,ACES Baixo Vouga,"40.6405055, -8.6537539",401899,359948,89.56,39558,9.84,2393,0.6,71.7189,53.7759
2022-06,Centro,ACES Beira Interior Sul,"39.8211367, -7.5036651",75160,60529,80.53,14251,18.96,380,0.51,70.7211,54.4261
2022-06,Centro,ACES Dão Lafões,"40.6565861, -7.9124712",275107,259396,94.29,15324,5.57,387,0.14,73.7942,44.6085
2022-06,Lisboa e Vale do Tejo,ACES Arco Ribeirinho,"38.6672076, -9.0543329",231134,155300,67.19,75609,32.71,225,0.1,60.9799,45.7849
2022-06,Lisboa e Vale do Tejo,ACES Estuário do Tejo,"38.9528113, -8.9911154",238919,157224,65.81,81096,33.94,599,0.25,62.309,44.0974
2022-06,Lisboa e Vale do Tejo,ACES Lezíria,"39.2371689, -8.6908895",202045,158682,78.54,41402,20.49,1961,0.97,72.9112,60.8161
2022-06,Lisboa e Vale do Tejo,ACES Sintra,"38.7519209, -9.2753636",373965,241420,64.56,131517,35.17,1028,0.27,57.7527,47.1847
2022-06,Norte,ACES Santo Tirso / Trofa,"41.3469246, -8.4822648",115714,113010,97.66,2663,2.3,41,0.04,76.1248,50.5036
2022-07,Alentejo,ACES Alentejo Central,"38.8442031, -7.5826619",167588,147333,87.91,18411,10.99,1844,1.1,76.9469,68.2956
2022-07,Algarve,ACES Algarve Barlavento,"37.1387554, -8.5445093",186952,132868,71.07,53099,28.4,985,0.53,56.483,29.6515
2022-07,Algarve,ACES Algarve Central,"37.0274264, -7.9395984",278646,242375,86.98,35900,12.88,371,0.13,58.6852,27.1688
2022-07,Algarve,ACES Algarve Sotavento,"37.383008, -7.7293275",63558,55466,87.27,7992,12.57,100,0.16,64.6734,40.4974
2022-07,Centro,ACES Cova da Beira,"40.2677741, -7.4995083",87758,82942,94.51,4662,5.31,154,0.18,74.4913,64.0816
2022-07,Lisboa e Vale do Tejo,ACES Arco Ribeirinho,"38.6672076, -9.0543329",231194,153549,66.42,77417,33.49,228,0.1,60.9799,45.7849
2022-07,Lisboa e Vale do Tejo,ACES Cascais,"38.69904, -9.3818008",227992,181085,79.43,43312,19.0,3595,1.58,55.0651,22.4259
2022-07,Lisboa e Vale do Tejo,ACES Estuário do Tejo,"38.9528113, -8.9911154",238959,154664,64.72,83706,35.03,589,0.25,62.309,44.0974
2022-07,Lisboa e Vale do Tejo,ACES Lezíria,"39.2371689, -8.6908895",201966,158694,78.57,41312,20.45,1960,0.97,72.9112,60.8161
2022-07,Lisboa e Vale do Tejo,ACES Médio Tejo,"39.478072, -8.5404429",225267,170105,75.51,54719,24.29,443,0.2,70.8832,63.0942
2022-07,Lisboa e Vale do Tejo,ACES Oeste Norte,"39.410844, -9.1396215",182548,145186,79.53,37166,20.36,196,0.11,71.7333,52.8194
2022-07,Norte,ACES Ave / Famalicão,"41.3835805, -8.4157518",124880,119535,95.72,5288,4.23,57,0.05,78.5671,67.0684
2022-07,Norte,ACES Baixo Tâmega,"41.2719719, -8.0791631",163315,158845,97.26,4356,2.67,114,0.07,77.4813,60.9509
2022-07,Norte,ACES Barcelos / Esposende,"41.5317419, -8.6178922",161210,160983,99.86,165,0.1,62,0.04,76.5456,45.8763
2022-07,Norte,ACES Espinho / Gaia,"41.0022421, -8.642018",184523,182498,98.9,1956,1.06,69,0.04,74.5812,27.3965
2022-07,Norte,ACES Gondomar,"41.1738444, -8.5612238",167522,162234,96.84,5215,3.11,73,0.04,76.8124,70.8972
2022-07,Norte,ACES Nordeste,"41.8069684, -6.7587977",132015,117386,88.92,13675,10.36,954,0.72,75.8234,57.185
2022-08,Algarve,ACES Algarve Sotavento,"37.383008, -7.7293275",63687,57048,89.58,6535,10.26,104,0.16,64.6842,40.6451
2022-08,Centro,ACES Beira Interior Sul,"39.8211367, -7.5036651",75242,61139,81.26,14027,18.64,76,0.1,70.5901,57.3631
2022-08,Centro,ACES Guarda,"40.5353285, -7.2724426",150506,134333,89.25,14913,9.91,1260,0.84,72.3613,51.909
2022-08,Lisboa e Vale do Tejo,ACES Amadora,"38.7573081, -9.23429",179168,123363,68.85,55276,30.85,529,0.3,56.3295,42.4859
2022-08,Lisboa e Vale do Tejo,ACES Arrábida,"38.5324373, -8.8627453",242929,187306,77.1,54933,22.61,690,0.28,63.9624,46.4764
2022-08,Lisboa e Vale do Tejo,ACES Lisboa Norte,"38.7396924, -9.168506",273488,225809,82.57,44092,16.12,3587,1.31,56.8333,34.1261
2022-08,Lisboa e Vale do Tejo,ACES Lisboa Ocidental e Oeiras,"38.6914388, -9.3184304",250143,208629,83.4,41349,16.53,165,0.07,58.3776,40.3146
2022-08,Norte,ACES Alto Minho,"41.7056054, -8.8252713",249636,242410,97.11,7180,2.88,46,0.02,77.7532,76.012
2022-08,Norte,ACES Aveiro Norte,"40.8472225, -8.4656674",119585,118106,98.76,1438,1.2,41,0.03,76.137,72.2243
2022-08,Norte,ACES Feira e Arouca,"40.9263169, -8.5478813",155443,151468,97.44,3963,2.55,12,0.01,76.4209,78.4991
2022-08,Norte,ACES Gaia,"41.1278433, -8.580396",162161,160163,98.77,1903,1.17,95,0.06,72.3307,55.7356
2022-08,Norte,ACES Nordeste,"41.8069684, -6.7587977",131887,120421,91.31,10496,7.96,970,0.74,75.3837,57.7386
2022-08,Norte,ACES Póvoa do Varzim / Vila do Conde,"41.355519, -8.746653",155079,154949,99.92,80,0.05,50,0.03,72.5888,65.5822
2022-08,Norte,ACES Vale do Sousa Norte,"41.2793583, -8.2787457",162083,162079,100.0,0,0.0,4,0.0,79.1634,0.0
2022-09,Centro,ACES Cova da Beira,"40.2677741, -7.4995083",87915,83647,95.15,4114,4.68,154,0.18,74.0838,63.7365
2022-09,Centro,ACES Pinhal Interior Sul,"39.7510898, -7.9203657",31400,25042,79.75,6158,19.61,200,0.64,81.0382,77.3935
2022-09,Lisboa e Vale do Tejo,ACES Arrábida,"38.5324373, -8.8627453",243080,185525,76.32,56851,23.39,704,0.29,63.8218,46.1438
2022-09,Lisboa e Vale do Tejo,ACES Médio Tejo,"39.478072, -8.5404429",225478,174850,77.55,50184,22.26,444,0.2,70.7172,61.739
2022-09,Lisboa e Vale do Tejo,ACES Oeste Norte,"39.410844, -9.1396215",182589,143151,78.4,39244,21.49,194,0.11,71.1664,56.5547
2022-09,Norte,ACES Douro Sul,"41.0953745, -7.8123805",68833,68580,99.63,242,0.35,11,0.02,78.4653,43.8735
2022-09,Norte,ACES Feira e Arouca,"40.9263169, -8.5478813",155502,150550,96.82,4940,3.18,12,0.01,76.3456,71.5469
2022-09,Norte,ACES Gaia,"41.1278433, -8.580396",162467,160474,98.77,1899,1.17,94,0.06,72.6749,61.3648
2022-09,Norte,ACES Matosinhos,"41.1918541, -8.6590693",176118,170461,96.79,5511,3.13,146,0.08,74.3966,30.0337
2022-09,Norte,ACES Vale do Sousa Norte,"41.2793583, -8.2787457",161226,161224,100.0,0,0.0,2,0.0,79.814,0.0
2022-10,Algarve,ACES Algarve Sotavento,"37.383008, -7.7293275",63974,55702,87.07,8158,12.75,114,0.18,64.7654,39.7365
2022-10,Centro,ACES Beira Interior Sul,"39.8211367, -7.5036651",75506,63513,84.12,11618,15.39,375,0.5,70.5401,53.0354
2022-10,Centro,ACES Guarda,"40.5353285, -7.2724426",150579,134489,89.31,14829,9.85,1261,0.84,71.7908,50.1989
2022-10,Lisboa e Vale do Tejo,ACES Oeste Sul,"39.0917759, -9.2600341",216077,144612,66.93,70971,32.85,494,0.23,63.0868,47.0505
2022-10,Norte,ACES Alto Ave,"41.4417064, -8.1722408",273160,268227,98.19,4845,1.77,88,0.03,78.301,64.0781
2022-10,Norte,ACES Baixo Tâmega,"41.2719719, -8.0791631",163403,160010,97.92,3276,2.0,117,0.07,77.4761,71.117
2022-10,Norte,ACES Braga,"41.5518714, -8.4126362",206765,200514,96.98,6250,3.02,1,0.0,75.2201,66.4269
2022-10,Norte,ACES Gerês / Cabreira,"41.6298661, -8.3596897",107657,105917,98.38,1728,1.61,12,0.01,79.1716,72.394
2022-10,Norte,ACES Gondomar,"41.1738444, -8.5612238",167868,165624,98.66,2180,1.3,64,0.04,76.9322,66.5775
2022-10,Norte,ACES Marão e Douro Norte,"41.2968711, -7.7483727",105853,103852,98.11,1795,1.7,206,0.19,75.6863,61.3226
2022-10,Norte,ACES Nordeste,"41.8069684, -6.7587977",132120,126295,95.59,4852,3.67,973,0.74,75.0454,43.9389
2022-11,Algarve,ACES Algarve Barlavento,"37.1387554, -8.5445093",188473,137011,72.7,50357,26.72,1105,0.59,55.8738,27.6004
2022-11,Algarve,ACES Algarve Sotavento,"37.383008, -7.7293275",64109,56577,88.25,7407,11.55,125,0.19,64.8988,38.8527
2022-11,Lisboa e Vale do Tejo,ACES Almada / Seixal,"38.6678522, -9.1875777",366598,310681,84.75,54441,14.85,1476,0.4,63.2121,27.1734
2022-11,Lisboa e Vale do Tejo,ACES Arrábida,"38.5324373, -8.8627453",244023,182250,74.69,61040,25.01,733,0.3,63.7649,46.4386
2022-11,Lisboa e Vale do Tejo,ACES Oeste Sul,"39.0917759, -9.2600341",216288,143457,66.33,72348,33.45,483,0.22,62.7482,46.9041
2022-11,Lisboa e Vale do Tejo,ACES Sintra,"38.7519209, -9.2753636",376708,253736,67.36,121902,32.36,1070,0.28,57.6805,46.4365
2022-11,Norte,ACES Braga,"41.5518714, -8.4126362",206978,200654,96.94,6321,3.05,3,0.0,75.3653,67.536
2022-11,Norte,ACES Espinho / Gaia,"41.0022421, -8.642018",184757,180977,97.95,3711,2.01,69,0.04,75.0666,47.2722
2022-11,Norte,ACES Gaia,"41.1278433, -8.580396",162873,160855,98.76,1930,1.18,88,0.05,72.9814,62.5
2022-11,Norte,ACES Marão e Douro Norte,"41.2968711, -7.7483727",106120,104208,98.2,1731,1.63,181,0.17,75.4544,61.5063
2022-11,Norte,ACES Nordeste,"41.8069684, -6.7587977",132140,126273,95.56,4899,3.71,968,0.73,74.6856,43.3129
2022-11,Norte,ACES Porto Oriental,"41.1694498, -8.6126428",120629,115182,95.48,5388,4.47,59,0.05,71.9634,58.3449
2022-12,Norte,ACES Braga,"41.5518714, -8.4126362",207134,202189,97.61,4939,2.38,6,0.0,75.1412,65.3679
2022-12,Norte,ACES Ave / Famalicão,"41.3835805, -8.4157518",124870,116665,93.43,8151,6.53,54,0.04,77.1715,72.1099
2022-12,Centro,ACES Beira Interior Sul,"39.8211367, -7.5036651",75552,63460,84.0,11699,15.48,393,0.52,70.656,57.148
2022-12,Centro,ACES Baixo Vouga,"40.6405055, -8.6537539",403994,367730,91.02,33931,8.4,2333,0.58,71.3367,53.4111
2022-12,Centro,ACES Baixo Mondego,"40.2150023, -8.4071805",394408,357306,90.59,35196,8.92,1906,0.48,71.7098,60.648
2022-12,Centro,ACES Guarda,"40.5353285, -7.2724426",150501,131315,87.25,16930,11.25,2256,1.5,71.5517,55.3683
2022-12,Lisboa e Vale do Tejo,ACES Lisboa Norte,"38.7396924, -9.168506",273379,208389,76.23,62759,22.96,2231,0.82,55.0993,37.3989
2022-12,Lisboa e Vale do Tejo,ACES Médio Tejo,"39.478072, -8.5404429",225416,170073,75.45,54884,24.35,459,0.2,70.2732,63.8031
2022-12,Lisboa e Vale do Tejo,ACES Arrábida,"38.5324373, -8.8627453",244296,182026,74.51,61527,25.19,743,0.3,63.2012,48.0118
2022-12,Alentejo,ACES São Mamede,"39.2967086, -7.4284755",115919,95843,82.68,19858,17.13,218,0.19,71.6164,69.7039
2022-12,Algarve,ACES Algarve Central,"37.0274264, -7.9395984",279361,235773,84.4,43144,15.44,444,0.16,58.5851,37.5269
2022-12,Algarve,ACES Algarve Sotavento,"37.383008, -7.7293275",64165,55234,86.08,8746,13.63,185,0.29,64.5367,44.5975
2022-12,Algarve,ACES Algarve Barlavento,"37.1387554, -8.5445093",188448,135448,71.88,51904,27.54,1096,0.58,55.3993,28.8636
2023-01,Norte,ACES Alto Minho,"41.7056054, -8.8252713",250300,242598,96.92,7670,3.06,32,0.01,77.096,71.7143
2023-01,Norte,ACES Aveiro Norte,"40.8472225, -8.4656674",119198,119168,99.97,10,0.01,20,0.02,76.4449,46.6667
2023-01,Norte,ACES Braga,"41.5518714, -8.4126362",207355,202921,97.86,4428,2.14,6,0.0,74.2034,57.0753
2023-01,Norte,ACES Póvoa do Varzim / Vila do Conde,"41.355519, -8.746653",155874,148267,95.12,7532,4.83,75,0.05,74.2184,63.1773
2023-01,Norte,ACES Maia / Valongo,"41.2333945, -8.6187474",222751,215709,96.84,6840,3.07,202,0.09,73.2135,48.2107
2023-01,Norte,ACES Nordeste,"41.8069684, -6.7587977",131863,124722,94.58,6198,4.7,943,0.72,73.0733,46.5474
2023-01,Centro,ACES Cova da Beira,"40.2677741, -7.4995083",87880,77921,88.67,9813,11.17,146,0.17,71.7316,69.6726
2023-01,Centro,ACES Dão Lafões,"40.6565861, -7.9124712",276574,259132,93.69,17066,6.17,376,0.14,71.3967,55.4511
2023-01,Lisboa e Vale do Tejo,ACES Lisboa Norte,"38.7396924, -9.168506",273151,204901,75.01,66038,24.18,2212,0.81,53.6623,34.9891
2023-01,Algarve,ACES Algarve Central,"37.0274264, -7.9395984",279597,229502,82.08,49658,17.76,437,0.16,58.0992,34.2356
2023-01,Algarve,ACES Algarve Sotavento,"37.383008, -7.7293275",64170,53473,83.33,10488,16.34,209,0.33,64.421,47.1583
2023-02,Norte,ACES Gerês / Cabreira,"41.6298661, -8.3596897",107766,106826,99.13,939,0.87,1,0.0,78.686,29.4118
2023-02,Norte,ACES Ave / Famalicão,"41.3835805, -8.4157518",124782,118157,94.69,6572,5.27,53,0.04,76.2296,68.8406
2023-02,Norte,ACES Porto Oriental,"41.1694498, -8.6126428",121084,113983,94.14,7045,5.82,56,0.05,70.9137,54.8732
2023-02,Norte,ACES Santo Tirso / Trofa,"41.3469246, -8.4822648",115937,114924,99.13,948,0.82,65,0.06,76.2158,11.939
2023-02,Norte,ACES Marão e Douro Norte,"41.2968711, -7.7483727",106191,104392,98.31,1619,1.52,180,0.17,74.7243,55.6976
2023-02,Norte,ACES Alto Ave,"41.4417064, -8.1722408",273367,267890,98.0,5398,1.97,79,0.03,77.802,65.6934
2023-02,Centro,ACES Baixo Vouga,"40.6405055, -8.6537539",404261,358995,88.8,42910,10.61,2356,0.58,70.7261,52.947
2023-02,Lisboa e Vale do Tejo,ACES Amadora,"38.7573081, -9.23429",181252,116505,64.28,64233,35.44,514,0.28,53.9553,41.5313
2023-02,Lisboa e Vale do Tejo,ACES Lisboa Norte,"38.7396924, -9.168506",272938,204377,74.88,66383,24.32,2178,0.8,53.4854,33.3469
2023-02,Alentejo,ACES Alentejo Litoral,"38.3841359, -8.5132031",105562,87754,83.13,17241,16.33,567,0.54,59.5773,39.6148
2023-02,Alentejo,ACES Alentejo Central,"38.8442031, -7.5826619",168277,143716,85.4,24066,14.3,495,0.29,75.1986,67.5449
2023-02,Alentejo,ACES São Mamede,"39.2967086, -7.4284755",115890,96956,83.66,18719,16.15,215,0.19,71.3979,68.3674
2023-03,Norte,ACES Alto Minho,"41.7056054, -8.8252713",250590,243540,97.19,7011,2.8,39,0.02,77.0197,69.1598
2023-03,Norte,ACES Espinho / Gaia,"41.0022421, -8.642018",184706,170390,92.25,14249,7.71,67,0.04,73.9597,66.1125
2023-03,Centro,ACES Cova da Beira,"40.2677741, -7.4995083",88106,79421,90.14,8537,9.69,148,0.17,71.7224,68.4362
2023-03,Centro,ACES Beira Interior Sul,"39.8211367, -7.5036651",75996,66689,87.75,8929,11.75,378,0.5,69.2441,47.877
2023-03,Centro,ACES Guarda,"40.5353285, -7.2724426",147195,127670,86.74,18996,12.91,529,0.36,72.9227,51.3981
2023-03,Lisboa e Vale do Tejo,ACES Oeste Norte,"39.410844, -9.1396215",184359,134951,73.2,49227,26.7,181,0.1,69.113,53.799
2023-03,Alentejo,ACES Alentejo Central,"38.8442031, -7.5826619",168313,143702,85.38,24090,14.31,521,0.31,75.1551,67.2749
2023-03,Algarve,ACES Algarve Sotavento,"37.383008, -7.7293275",64277,53996,84.01,10049,15.63,232,0.36,64.4857,44.6253
2023-04,Norte,ACES Baixo Tâmega,"41.2719719, -8.0791631",162540,162069,99.71,331,0.2,140,0.09,76.7374,29.5117
2023-04,Norte,ACES Matosinhos,"41.1918541, -8.6590693",176522,170411,96.54,5960,3.38,151,0.09,72.7269,36.7698
2023-04,Centro,ACES Cova da Beira,"40.2677741, -7.4995083",88239,74900,84.88,13194,14.95,145,0.16,71.5916,69.4857
2023-04,Lisboa e Vale do Tejo,ACES Lisboa Ocidental e Oeiras,"38.6914388, -9.3184304",251636,202673,80.54,48827,19.4,136,0.05,55.1535,37.8715
2023-04,Lisboa e Vale do Tejo,ACES Lisboa Central,"38.7306317, -9.1510414",309356,219647,71.0,88706,28.67,1003,0.32,48.776,30.9222
2023-04,Lisboa e Vale do Tejo,ACES Arrábida,"38.5324373, -8.8627453",246333,180657,73.34,64878,26.34,798,0.32,61.9962,44.1166
2023-04,Alentejo,ACES Alentejo Central,"38.8442031, -7.5826619",168453,143704,85.31,24223,14.38,526,0.31,75.0678,67.0249
2023-04,Algarve,ACES Algarve Central,"37.0274264, -7.9395984",280997,230136,81.9,50472,17.96,389,0.14,57.9323,31.3801
2023-05,Norte,ACES Aveiro Norte,"40.8472225, -8.4656674",119779,116407,97.18,3354,2.8,18,0.02,76.7864,76.809
2023-05,Norte,ACES Barcelos / Esposende,"41.5317419, -8.6178922",161253,159767,99.08,1434,0.89,52,0.03,76.8748,56.9586
2023-05,Norte,ACES Ave / Famalicão,"41.3835805, -8.4157518",124816,121148,97.06,3617,2.9,51,0.04,76.0359,65.7034
2023-05,Norte,ACES Alto Tâmega e Barroso,"41.741781, -7.4731648",91123,88009,96.58,2910,3.19,204,0.22,74.9995,65.675
2023-05,Norte,ACES Douro Sul,"41.0953745, -7.8123805",68678,61578,89.66,7100,10.34,0,0.0,78.1051,75.1249
2023-05,Norte,ACES Gondomar,"41.1738444, -8.5612238",168214,164020,97.51,4139,2.46,55,0.03,76.4904,73.6993
2023-05,Norte,ACES Nordeste,"41.8069684, -6.7587977",131046,124512,95.01,5670,4.33,864,0.66,74.1421,49.447
2023-05,Centro,ACES Pinhal Interior Sul,"39.7510898, -7.9203657",31432,26499,84.31,4933,15.69,0,0.0,78.9164,62.9434
2023-05,Centro,ACES Dão Lafões,"40.6565861, -7.9124712",277896,248920,89.57,28593,10.29,383,0.14,71.2913,63.761
2023-05,Centro,ACES Guarda,"40.5353285, -7.2724426",146855,126421,86.09,19911,13.56,523,0.36,73.4483,53.6202
2023-05,Lisboa e Vale do Tejo,ACES Estuário do Tejo,"38.9528113, -8.9911154",239581,132410,55.27,106591,44.49,580,0.24,56.3667,38.1454
2023-05,Lisboa e Vale do Tejo,ACES Lisboa Norte,"38.7396924, -9.168506",273517,200351,73.25,71038,25.97,2128,0.78,52.7128,32.9743
2023-05,Lisboa e Vale do Tejo,ACES Sintra,"38.7519209, -9.2753636",379721,250463,65.96,128206,33.76,1052,0.28,55.8564,44.2912
2023-05,Lisboa e Vale do Tejo,ACES Médio Tejo,"39.478072, -8.5404429",226338,158432,70.0,67405,29.78,501,0.22,69.0068,59.2079
2023-06,Norte,ACES Feira e Arouca,"40.9263169, -8.5478813",155333,151916,97.8,3410,2.2,7,0.0,75.6897,71.8174
2023-06,Norte,ACES Gerês / Cabreira,"41.6298661, -8.3596897",108107,107773,99.69,272,0.25,62,0.06,78.8589,10.8824
2023-06,Norte,ACES Ave / Famalicão,"41.3835805, -8.4157518",125051,122857,98.25,2144,1.71,50,0.04,76.2134,55.4892
2023-06,Norte,ACES Alto Tâmega e Barroso,"41.741781, -7.4731648",91335,90765,99.38,366,0.4,204,0.22,75.0005,27.1758
2023-06,Norte,ACES Alto Ave,"41.4417064, -8.1722408",271444,257338,94.8,14047,5.17,59,0.02,78.6174,76.8205
2023-06,Norte,ACES Maia / Valongo,"41.2333945, -8.6187474",223440,219882,98.41,3516,1.57,42,0.02,73.3579,27.7731
2023-06,Lisboa e Vale do Tejo,ACES Arco Ribeirinho,"38.6672076, -9.0543329",234262,137308,58.61,96707,41.28,247,0.11,57.0584,40.1374
2023-06,Lisboa e Vale do Tejo,ACES Lisboa Central,"38.7306317, -9.1510414",309208,223099,72.15,85122,27.53,987,0.32,48.8735,28.2943
2023-06,Alentejo,ACES Baixo Alentejo,"38.0153039, -7.8627308",123828,103443,83.54,20079,16.22,306,0.25,70.9981,62.2591
2023-07,Norte,ACES Vale do Sousa Sul,"41.1548155, -8.2163769",176860,176846,99.99,9,0.01,5,0.0,78.2903,35.7143
2023-07,Norte,ACES Ave / Famalicão,"41.3835805, -8.4157518",125213,122860,98.12,2305,1.84,48,0.04,76.2628,56.4811
2023-07,Norte,ACES Vale do Sousa Norte,"41.2793583, -8.2787457",161885,161874,99.99,0,0.0,11,0.01,79.2088,27.2727
2023-07,Norte,ACES Santo Tirso / Trofa,"41.3469246, -8.4822648",116422,115593,99.29,767,0.66,62,0.05,75.9324,14.7295
2023-07,Norte,ACES Gaia,"41.1278433, -8.580396",164940,161627,97.99,3257,1.97,56,0.03,72.1613,44.9442
2023-07,Norte,ACES Maia / Valongo,"41.2333945, -8.6187474",222996,217693,97.62,5021,2.25,282,0.13,73.4193,43.7111
2023-07,Norte,ACES Nordeste,"41.8069684, -6.7587977",130724,122450,93.67,7586,5.8,688,0.53,74.7831,56.0068
2023-07,Centro,ACES Pinhal Interior Sul,"39.7510898, -7.9203657",31453,24914,79.21,6537,20.78,2,0.01,78.8478,65.4381
2023-07,Centro,ACES Baixo Mondego,"40.2150023, -8.4071805",396847,361371,91.06,33785,8.51,1691,0.43,70.6086,43.3786
2023-07,Centro,ACES Pinhal Interior Norte,"40.1151262, -8.2473136",131630,115466,87.72,15770,11.98,394,0.3,73.4217,64.2415
2023-07,Centro,ACES Dão Lafões,"40.6565861, -7.9124712",278462,264005,94.81,14199,5.1,258,0.09,71.299,54.3021
2023-07,Lisboa e Vale do Tejo,ACES Oeste Norte,"39.410844, -9.1396215",186025,134253,72.17,51643,27.76,129,0.07,68.6309,54.8868
2023-07,Lisboa e Vale do Tejo,ACES Almada / Seixal,"38.6678522, -9.1875777",366452,290254,79.21,75052,20.48,1146,0.31,62.5869,37.2971
2023-07,Lisboa e Vale do Tejo,ACES Arrábida,"38.5324373, -8.8627453",244993,180364,73.62,63897,26.08,732,0.3,62.2523,43.9393
2023-08,Norte,ACES Matosinhos,"41.1918541, -8.6590693",176924,172085,97.26,4740,2.68,99,0.06,72.8539,25.6045
2023-08,Norte,ACES Santo Tirso / Trofa,"41.3469246, -8.4822648",116583,115766,99.3,755,0.65,62,0.05,75.7229,16.2437
2023-08,Centro,ACES Cova da Beira,"40.2677741, -7.4995083",88426,77380,87.51,10910,12.34,136,0.15,71.4617,67.0107
2023-08,Centro,ACES Pinhal Interior Norte,"40.1151262, -8.2473136",131752,112171,85.14,19187,14.56,394,0.3,73.3575,65.8036
2023-08,Lisboa e Vale do Tejo,ACES Cascais,"38.69904, -9.3818008",228200,175793,77.03,48687,21.34,3720,1.63,54.6994,17.1869
2023-08,Lisboa e Vale do Tejo,ACES Médio Tejo,"39.478072, -8.5404429",225691,150508,66.69,74776,33.13,407,0.18,68.958,58.2738
2023-08,Alentejo,ACES São Mamede,"39.2967086, -7.4284755",116069,99768,85.96,16112,13.88,189,0.16,71.5928,66.681
2023-09,Norte,ACES Alto Minho,"41.7056054, -8.8252713",250757,249692,99.58,1022,0.41,43,0.02,77.1863,26.1972
2023-09,Norte,ACES Feira e Arouca,"40.9263169, -8.5478813",155636,155311,99.79,319,0.2,6,0.0,75.7492,62.4615
2023-09,Norte,ACES Aveiro Norte,"40.8472225, -8.4656674",120259,120237,99.98,11,0.01,11,0.01,77.3298,50.0
2023-09,Norte,ACES Gerês / Cabreira,"41.6298661, -8.3596897",108344,106185,98.01,2029,1.87,130,0.12,78.4372,60.2309
2023-09,Norte,ACES Vale do Sousa Norte,"41.2793583, -8.2787457",161983,161971,99.99,0,0.0,12,0.01,79.0935,41.6667
2023-09,Norte,ACES Alto Tâmega e Barroso,"41.741781, -7.4731648",91487,90963,99.43,370,0.4,154,0.17,74.8795,31.7844
2023-09,Centro,ACES Beira Interior Sul,"39.8211367, -7.5036651",76514,65644,85.79,10582,13.83,288,0.38,67.9274,34.195
2023-09,Centro,ACES Baixo Vouga,"40.6405055, -8.6537539",399358,362251,90.71,35967,9.01,1140,0.29,71.0505,45.8997
2023-09,Centro,ACES Pinhal Litoral,"39.7495331, -8.807683",281045,198348,70.58,82169,29.24,528,0.19,69.1544,57.5378
2023-09,Centro,ACES Guarda,"40.5353285, -7.2724426",146673,125410,85.5,20727,14.13,536,0.37,73.4355,53.238
2023-09,Lisboa e Vale do Tejo,ACES Almada / Seixal,"38.6678522, -9.1875777",368615,297603,80.74,69873,18.96,1139,0.31,62.2199,38.2583
2023-09,Alentejo,ACES Alentejo Central,"38.8442031, -7.5826619",166491,145137,87.17,20799,12.49,555,0.33,75.8275,65.7441
2023-10,Norte,ACES Gerês / Cabreira,"41.6298661, -8.3596897",108417,106221,97.97,2067,1.91,129,0.12,78.2848,59.8819
2023-10,Norte,ACES Matosinhos,"41.1918541, -8.6590693",177120,172052,97.14,4970,2.81,98,0.06,72.5644,26.1247
2023-10,Norte,ACES Porto Oriental,"41.1694498, -8.6126428",123417,120731,97.82,2637,2.14,49,0.04,70.8322,18.5034
2023-10,Norte,ACES Póvoa do Varzim / Vila do Conde,"41.355519, -8.746653",156382,153745,98.31,2565,1.64,72,0.05,73.7451,54.9867
2023-10,Norte,ACES Alto Ave,"41.4417064, -8.1722408",272305,260294,95.59,11967,4.39,44,0.02,78.2982,75.3892
2023-10,Lisboa e Vale do Tejo,ACES Lezíria,"39.2371689, -8.6908895",204131,154233,75.56,48409,23.71,1489,0.73,69.2065,56.3598
2023-10,Alentejo,ACES Alentejo Litoral,"38.3841359, -8.5132031",105168,81566,77.56,22923,21.8,679,0.65,60.0706,42.9667
2023-10,Algarve,ACES Algarve Sotavento,"37.383008, -7.7293275",63922,52590,82.27,11056,17.3,276,0.43,65.5111,42.7903
2023-11,Norte,ACES Feira e Arouca,"40.9263169, -8.5478813",154687,154298,99.75,386,0.25,3,0.0,76.3988,60.9254
2023-11,Norte,ACES Porto Oriental,"41.1694498, -8.6126428",123563,121049,97.97,2465,1.99,49,0.04,70.7574,19.8886
2023-11,Centro,ACES Beira Interior Sul,"39.8211367, -7.5036651",76157,66024,86.69,9864,12.95,269,0.35,67.7154,46.1364
2023-11,Centro,ACES Guarda,"40.5353285, -7.2724426",145967,124616,85.37,20786,14.24,565,0.39,73.2344,53.1638
2023-11,Lisboa e Vale do Tejo,ACES Lisboa Ocidental e Oeiras,"38.6914388, -9.3184304",253013,219576,86.78,33326,13.17,111,0.04,56.6734,33.0113
2023-11,Algarve,ACES Algarve Central,"37.0274264, -7.9395984",276130,228429,82.73,47336,17.14,365,0.13,59.5317,32.8756
2023-11,Algarve,ACES Algarve Sotavento,"37.383008, -7.7293275",63958,52495,82.08,11189,17.49,274,0.43,65.3132,41.1672
2023-11,Algarve,ACES Algarve Barlavento,"37.1387554, -8.5445093",187580,126302,67.33,60501,32.25,777,0.41,56.0827,32.636
2023-12,Norte,ACES Gerês / Cabreira,"41.6298661, -8.3596897",108155,106015,98.02,2007,1.86,133,0.12,78.0785,59.3793
2023-12,Norte,ACES Póvoa do Varzim / Vila do Conde,"41.355519, -8.746653",156881,152640,97.3,4173,2.66,68,0.04,73.4963,57.0328
2023-12,Lisboa e Vale do Tejo,ACES Arco Ribeirinho,"38.6672076, -9.0543329",235732,145980,61.93,89539,37.98,213,0.09,56.5035,37.1064
2023-12,Lisboa e Vale do Tejo,ACES Lisboa Ocidental e Oeiras,"38.6914388, -9.3184304",253741,220944,87.07,32690,12.88,107,0.04,56.6734,33.0113
2023-12,Lisboa e Vale do Tejo,ACES Lisboa Norte,"38.7396924, -9.168506",272352,191549,70.33,78926,28.98,1877,0.69,51.9654,30.6716
2023-12,Lisboa e Vale do Tejo,ACES Lezíria,"39.2371689, -8.6908895",204455,149449,73.1,53561,26.2,1445,0.71,68.9551,56.6382
2023-12,Alentejo,ACES Alentejo Central,"38.8442031, -7.5826619",166884,144950,86.86,21390,12.82,544,0.33,75.3809,66.1499
2024-01,Norte,CSP da ULS Alto Minho,"41.696866, -8.832522",249284,242024,97.09,7233,2.9,27,0.01,75.9521,66.8316
2024-01,Norte,CSP da ULS Barcelos / Esposende,"41.533628173, -8.6240622256",161412,159827,99.02,1549,0.96,36,0.02,75.9567,62.9814
2024-01,Norte,CSP da ULS Braga,"41.629758698, -8.3591461276",319273,312152,97.77,6993,2.19,128,0.04,74.129,51.6695
2024-01,Centro,CSP da ULS Região de Aveiro,"40.6418, -8.65166",395114,364605,92.28,30021,7.6,488,0.12,69.2892,52.5952
2024-01,Lisboa e Vale do Tejo,CSP da ULS Médio Tejo,"39.446082196, -8.5086017608",180339,130452,72.34,49642,27.53,245,0.14,68.2983,58.7401
2024-01,Alentejo,CSP da ULS Baixo Alentejo,"38.014, -7.8675",121603,101622,83.57,19915,16.38,66,0.05,70.3007,62.3363
2024-01,Alentejo,CSP da ULS Alentejo Central,"38.574093, -7.911785",164834,143845,87.27,20882,12.67,107,0.06,72.4887,65.7153
2024-02,Norte,CSP da ULS Póvoa Varzim / Vila Conde,"41.355472362, -8.7448970377",156951,154491,98.43,2441,1.56,19,0.01,72.7762,68.1707
2024-02,Centro,CSP da ULS Cova da Beira,"40.279552, -7.501801",84586,67030,79.24,17455,20.64,101,0.12,70.3588,66.8148
2024-02,Centro,CSP da ULS Viseu Dão-Lafões,"40.659169, -7.915314",273710,256958,93.88,16657,6.09,95,0.03,72.8917,63.7357
2024-02,Lisboa e Vale do Tejo,CSP da ULS Arco Ribeirinho,"38.669538907, -9.0530283486",229250,145381,63.42,83683,36.5,186,0.08,53.9677,38.7688
2024-02,Lisboa e Vale do Tejo,CSP da ULS Loures / Odivelas,"38.821769, -9.176301",232051,160543,69.18,71382,30.76,126,0.05,53.2357,29.7715
2024-02,Alentejo,CSP da ULS Baixo Alentejo,"38.014, -7.8675",120989,100563,83.12,20365,16.83,61,0.05,70.861,64.0899
2024-02,Alentejo,CSP da ULS Litoral Alentejano,"38.039936, -8.731693",102524,80254,78.28,21870,21.33,400,0.39,56.4687,45.0516
2024-03,Norte,CSP da ULS Entre Douro e Vouga,"40.926349, -8.548039",273918,270797,98.86,3106,1.13,15,0.01,77.2034,67.9269
2024-03,Norte,CSP da ULS Tâmega e Sousa,"41.206266147, -8.2725028602",481027,480962,99.99,27,0.01,38,0.01,76.7795,32.3077
2024-03,Norte,CSP da ULS Trás-os-Montes Alto Douro,"41.2969, -7.74841",260221,253982,97.6,6108,2.35,131,0.05,75.0124,70.1535
2024-03,Centro,CSP da ULS Cova da Beira,"40.279552, -7.501801",84075,67737,80.57,16231,19.31,107,0.13,65.1616,65.063
2024-03,Centro,CSP da ULS Castelo Branco,"39.831269, -7.486884",99414,82412,82.9,16903,17.0,99,0.1,65.4013,62.3574
2024-03,Centro,CSP da ULS Coimbra,"40.21578, -8.41058",400754,362315,90.41,37857,9.45,582,0.15,71.6939,58.438
2024-03,Lisboa e Vale do Tejo,CSP da ULS Lisboa Ocidental,"38.698818794, -9.3815130504",469297,394385,84.04,72730,15.5,2182,0.46,56.4472,29.2116
2024-04,Norte,CSP da ULS Póvoa Varzim / Vila Conde,"41.355472362, -8.7448970377",156588,152376,97.31,4193,2.68,19,0.01,73.6972,71.1424
2024-04,Norte,CSP da ULS Entre Douro e Vouga,"40.926349, -8.548039",274088,271192,98.94,2882,1.05,14,0.01,78.1421,68.8411
2024-04,Norte,CSP da ULS Médio Ave,"41.383524892, -8.4155289584",241069,237555,98.54,3482,1.44,32,0.01,76.9983,66.492
2024-04,Norte,CSP da ULS Trás-os-Montes Alto Douro,"41.2969, -7.74841",260340,254218,97.65,5991,2.3,131,0.05,76.7347,71.3191
2024-04,Centro,CSP da ULS Guarda,"40.5314, -7.27322",140208,121809,86.88,18165,12.96,234,0.17,74.627,59.7859
2024-04,Lisboa e Vale do Tejo,CSP da ULS Lezíria,"39.237167, -8.688705",196998,149508,75.89,46804,23.76,686,0.35,70.6505,60.4338
2024-04,Lisboa e Vale do Tejo,CSP da ULS Amadora / Sintra,"38.75717, -9.23401",536868,367018,68.36,168710,31.42,1140,0.21,57.0293,40.8855
2024-04,Lisboa e Vale do Tejo,CSP da ULS Loures / Odivelas,"38.821769, -9.176301",229693,159744,69.55,69820,30.4,129,0.06,55.2694,29.7288
2024-04,Alentejo,CSP da ULS Litoral Alentejano,"38.039936, -8.731693",100778,76531,75.94,23879,23.69,368,0.37,60.7484,44.2776
2024-04,Algarve,CSP da ULS Algarve,"37.02745056, -7.937649",517579,406141,78.47,110377,21.33,1061,0.2,60.7043,36.2728
2024-05,Norte,CSP da ULS Barcelos / Esposende,"41.533628173, -8.6240622256",161321,159808,99.06,1488,0.92,25,0.02,77.3538,62.4587
2024-05,Norte,CSP da ULS Póvoa Varzim / Vila Conde,"41.355472362, -8.7448970377",156831,152570,97.28,4243,2.71,18,0.01,73.6755,70.1479
2024-05,Norte,CSP da ULS Entre Douro e Vouga,"40.926349, -8.548039",274348,266642,97.19,7692,2.8,14,0.01,78.2018,75.1752
2024-05,Norte,CSP da ULS Braga,"41.629758698, -8.3591461276",320382,311571,97.25,8722,2.72,89,0.03,75.6222,45.0351
2024-05,Centro,CSP da ULS Guarda,"40.5314, -7.27322",140021,119683,85.48,20104,14.36,234,0.17,74.7059,61.1565
2024-05,Centro,CSP da ULS Coimbra,"40.21578, -8.41058",402181,352139,87.56,49470,12.3,572,0.14,73.8008,60.4492
2024-05,Centro,CSP da ULS Região de Leiria,"39.7464482, -8.8044873",396863,291141,73.36,105374,26.55,348,0.09,63.7873,47.2967
2024-05,Lisboa e Vale do Tejo,CSP da ULS Arco Ribeirinho,"38.669538907, -9.0530283486",229789,145330,63.24,84281,36.68,178,0.08,58.0337,38.9704
2024-05,Lisboa e Vale do Tejo,CSP da ULS Estuário do Tejo,"38.891077, -9.039536",234572,125221,53.38,108982,46.46,369,0.16,56.855,30.5841
2024-05,Lisboa e Vale do Tejo,CSP da ULS Lisboa Ocidental,"38.698818794, -9.3815130504",472654,395861,83.75,74660,15.8,2133,0.45,58.1104,29.853
2024-06,Norte,CSP da ULS Póvoa Varzim / Vila Conde,"41.355472362, -8.7448970377",157055,152684,97.22,4355,2.77,16,0.01,73.841,69.0689
2024-06,Norte,CSP da ULS Braga,"41.629758698, -8.3591461276",321120,312068,97.18,8958,2.79,94,0.03,75.5157,44.1024
2024-06,Lisboa e Vale do Tejo,CSP da ULS Almada / Seixal,"38.6276044797217, -9.11368350111247",364896,301297,82.57,62978,17.26,621,0.17,62.466,27.3794
2024-06,Alentejo,CSP da ULS Alto Alentejo,"39.2991, -7.4278",108188,96105,88.83,12019,11.11,64,0.06,73.3945,68.2364
2024-07,Norte,CSP da ULS Tâmega e Sousa,"41.206266147, -8.2725028602",482106,478528,99.26,3542,0.73,36,0.01,77.9872,71.6322
2024-07,Norte,CSP da ULS Alto Ave,"41.426805082, -8.2945278754",286992,274200,95.54,12760,4.45,32,0.01,79.3405,75.8677
2024-07,Centro,CSP da ULS Guarda,"40.5314, -7.27322",140038,122943,87.79,15187,10.84,1908,1.36,74.9382,61.3103
2024-07,Lisboa e Vale do Tejo,CSP da ULS Estuário do Tejo,"38.891077, -9.039536",235620,125589,53.3,109676,46.55,355,0.15,57.6606,30.5677
2024-07,Lisboa e Vale do Tejo,CSP da ULS Santa Maria,"38.739567, -9.168651",345093,240095,69.57,103570,30.01,1428,0.41,53.7997,35.2826
2024-08,Norte,CSP da ULS São João,"41.169696, -8.612651",346363,334843,96.67,11512,3.32,8,0.0,74.0758,56.7449
2024-08,Norte,CSP da ULS Santo António,"41.160263, -8.681729",349240,334359,95.74,14787,4.23,94,0.03,73.4917,58.2011
2024-08,Norte,CSP da ULS Alto Ave,"41.426805082, -8.2945278754",287020,274265,95.56,12725,4.43,30,0.01,79.3405,75.8677
2024-08,Centro,CSP da ULS Região de Aveiro,"40.6418, -8.65166",393177,354433,90.15,38285,9.74,459,0.12,73.0871,56.2947
2024-08,Centro,CSP da ULS Guarda,"40.5314, -7.27322",139993,123022,87.88,16775,11.98,196,0.14,74.9382,61.3103
2024-08,Lisboa e Vale do Tejo,CSP da ULS Arco Ribeirinho,"38.669538907, -9.0530283486",232137,142438,61.36,89520,38.56,179,0.08,58.2749,39.4474
2024-08,Lisboa e Vale do Tejo,CSP da ULS Lisboa Ocidental,"38.698818794, -9.3815130504",476584,399275,83.78,75707,15.89,1602,0.34,58.7162,28.1372
2024-09,Norte,CSP da ULS Barcelos / Esposende,"41.533628173, -8.6240622256",161670,154971,95.86,6678,4.13,21,0.01,77.6001,69.2044
2024-09,Centro,CSP da ULS Guarda,"40.5314, -7.27322",140143,123194,87.91,16727,11.94,222,0.16,75.0334,59.1421
2024-09,Centro,CSP da ULS Baixo Mondego,"40.130297609, -8.860696177",108672,101757,93.64,6826,6.28,89,0.08,73.6307,57.6428
2024-09,Centro,CSP da ULS Coimbra,"40.21578, -8.41058",405369,366590,90.43,38235,9.43,544,0.13,73.9124,56.0819
2024-09,Lisboa e Vale do Tejo,CSP da ULS Arco Ribeirinho,"38.669538907, -9.0530283486",232916,143911,61.79,88829,38.14,176,0.08,58.6499,39.5124
2024-09,Lisboa e Vale do Tejo,CSP da ULS Estuário do Tejo,"38.891077, -9.039536",236981,123245,52.01,113386,47.85,350,0.15,57.8616,33.2674
2024-09,Lisboa e Vale do Tejo,CSP da ULS Oeste,"39.411452329, -9.1394549604",247598,138904,56.1,108459,43.8,235,0.09,61.6584,46.8701
2024-09,Lisboa e Vale do Tejo,CSP da ULS São José,"38.7365023, -9.1313583",427192,333174,77.99,93284,21.84,734,0.17,54.6385,23.8103
2024-09,Algarve,CSP da ULS Algarve,"37.02745056, -7.937649",525301,420751,80.1,103516,19.71,1034,0.2,61.1116,35.0164
2024-10,Centro,CSP da ULS Coimbra,"40.21578, -8.41058",406092,365711,90.06,39840,9.81,541,0.13,74.2738,57.1586
2024-10,Lisboa e Vale do Tejo,CSP da ULS Arco Ribeirinho,"38.669538907, -9.0530283486",233852,144182,61.66,89497,38.27,173,0.07,58.986,39.9777
2024-11,Norte,CSP da ULS Póvoa Varzim / Vila Conde,"41.355472362, -8.7448970377",157539,149105,94.65,8421,5.35,13,0.01,74.7269,69.7889
2024-11,Norte,CSP da ULS Médio Ave,"41.383524892, -8.4155289584",242635,240865,99.27,1756,0.72,14,0.01,77.258,69.0576
2024-11,Norte,CSP da ULS Gaia / Espinho,"41.127363348, -8.5796956622",351369,344137,97.94,7209,2.05,23,0.01,74.4132,62.4447
2024-11,Centro,CSP da ULS Castelo Branco,"39.831269, -7.486884",100689,83487,82.92,17104,16.99,98,0.1,74.7162,52.9357
2024-11,Lisboa e Vale do Tejo,CSP da ULS Almada / Seixal,"38.6276044797217, -9.11368350111247",369321,310689,84.12,58255,15.77,377,0.1,62.6712,23.3831
2024-11,Lisboa e Vale do Tejo,CSP da ULS Médio Tejo,"39.446082196, -8.5086017608",180507,129062,71.5,51226,28.38,219,0.12,71.0172,60.5664
2024-11,Alentejo,CSP da ULS Alto Alentejo,"39.2991, -7.4278",109408,94942,86.78,14403,13.16,63,0.06,74.4781,67.4271
2024-12,Norte,CSP da ULS Matosinhos,"41.1807, -8.66314",176994,171935,97.14,4997,2.82,62,0.04,73.3742,24.9852
2024-12,Norte,CSP da ULS Póvoa Varzim / Vila Conde,"41.355472362, -8.7448970377",157755,150909,95.66,6832,4.33,14,0.01,75.1133,70.0847
2024-12,Norte,CSP da ULS Braga,"41.629758698, -8.3591461276",324590,321122,98.93,3326,1.02,142,0.04,76.6786,53.4636
2024-12,Norte,CSP da ULS Tâmega e Sousa,"41.206266147, -8.2725028602",483654,483647,100.0,1,0.0,6,0.0,78.9759,66.5816
2024-12,Norte,CSP da ULS Gaia / Espinho,"41.127363348, -8.5796956622",351620,346478,98.54,5116,1.45,26,0.01,74.977,67.0167
2024-12,Norte,CSP da ULS Trás-os-Montes Alto Douro,"41.2969, -7.74841",261578,250408,95.73,11086,4.24,84,0.03,77.879,69.7254
2024-12,Norte,CSP da ULS Santo António,"41.160263, -8.681729",350441,335027,95.6,15314,4.37,100,0.03,73.7491,56.3283
2024-12,Centro,CSP da ULS Viseu Dão-Lafões,"40.659169, -7.915314",275623,268798,97.52,6812,2.47,13,0.0,75.7038,65.3919
2024-12,Alentejo,CSP da ULS Litoral Alentejano,"38.039936, -8.731693",102185,76386,74.75,25477,24.93,322,0.32,61.5717,46.1026
2024-12,Algarve,CSP da ULS Algarve,"37.02745056, -7.937649",529640,430147,81.21,98477,18.59,1016,0.19,61.5569,33.01
2025-01,Centro,CSP da ULS Castelo Branco,"39.831269, -7.486884",100932,84313,83.53,16473,16.32,146,0.14,75.10998,64.4744
2025-01,Centro,CSP da ULS Coimbra,"40.21578, -8.41058",407918,370848,90.91,36551,8.96,519,0.13,74.95354,59.78419
2025-01,Centro,CSP da ULS Guarda,"40.5314, -7.27322",140335,124148,88.47,15933,11.35,254,0.18,76.03805,64.90394
2025-01,Lisboa e Vale do Tejo,CSP da ULS Oeste,"39.411452329, -9.1394549604",249356,138414,55.51,110707,44.4,235,0.09,61.87419,48.31173
2025-01,Lisboa e Vale do Tejo,CSP da ULS São José,"38.7365023, -9.1313583",431801,331157,76.69,99909,23.14,735,0.17,54.94337,27.06272
2025-01,Norte,CSP da ULS Alto Minho,"41.696866, -8.832522",250776,247318,98.62,3422,1.36,36,0.01,79.20375,73.88664
2025-01,Norte,CSP da ULS Matosinhos,"41.1807, -8.66314",176950,171834,97.11,5056,2.86,60,0.03,73.1783,30.43393
2025-01,Norte,CSP da ULS Póvoa Varzim / Vila Conde,"41.355472362, -8.7448970377",157860,154303,97.75,3543,2.24,14,0.01,75.0,69.44054
2025-02,Centro,CSP da ULS Cova da Beira,"40.279552, -7.501801",84603,72515,85.71,11991,14.17,97,0.11,73.16525,61.67273
2025-02,Norte,CSP da ULS Barcelos / Esposende,"41.533628173, -8.6240622256",161648,161627,99.99,0,0.0,21,0.01,78.48164,23.80952
2025-02,Norte,CSP da ULS Médio Ave,"41.346844614, -8.482973945",243089,239658,98.59,3421,1.41,10,0.0,77.43542,73.88516
2025-03,Centro,CSP da ULS Viseu Dão-Lafões,"40.659169, -7.915314",276267,267902,96.97,8354,3.02,11,0.0,76.44525,66.81411
2025-03,Lisboa e Vale do Tejo,CSP da ULS Arco Ribeirinho,"38.6527214050293, -9.05825614929199",237395,145796,61.41,91435,38.52,164,0.07,59.06653,41.09215
2025-03,Lisboa e Vale do Tejo,CSP da ULS Médio Tejo,"39.605565, -8.404399",181924,125117,68.77,56578,31.1,229,0.13,70.36345,62.17786
2025-03,Lisboa e Vale do Tejo,CSP da ULS Santa Maria,"38.739567, -9.168651",350942,235310,67.05,114216,32.55,1416,0.4,55.89955,35.92431
2025-03,Norte,CSP da ULS Nordeste,"41.806816, -6.759102",126193,112253,88.95,13557,10.74,383,0.3,78.86333,78.30703
2025-04,Alentejo,CSP da ULS Alentejo Central,"38.568838, -7.903064",165489,150790,91.12,13108,7.92,1591,0.96,77.82632,74.80781
2025-04,Algarve,CSP da ULS Algarve,"37.02745056, -7.937649",535657,430101,80.29,104618,19.53,938,0.18,61.43745,38.1011
2025-04,Centro,CSP da ULS Cova da Beira,"40.279552, -7.501801",84826,72866,85.9,11863,13.99,97,0.11,73.72386,65.48495
2025-04,Centro,CSP da ULS Região de Aveiro,"40.6418, -8.65166",339700,328918,96.83,10354,3.05,428,0.13,74.00589,47.34743
2025-04,Lisboa e Vale do Tejo,CSP da ULS Almada / Seixal,"38.6276044797217, -9.11368350111247",372953,313265,84.0,59278,15.89,410,0.11,62.44647,35.70734
2025-04,Lisboa e Vale do Tejo,CSP da ULS Amadora / Sintra,"38.75717, -9.23401",556365,367532,66.06,187336,33.67,1497,0.27,58.01713,40.96477
2025-04,Lisboa e Vale do Tejo,CSP da ULS Lisboa Ocidental,"38.698818794, -9.3815130504",480940,413843,86.05,65614,13.64,1483,0.31,60.33268,28.9238
2025-04,Lisboa e Vale do Tejo,CSP da ULS Médio Tejo,"39.605565, -8.404399",182274,122192,67.04,59858,32.84,224,0.12,70.00724,62.15568
2025-04,Norte,CSP da ULS Matosinhos,"41.1807, -8.66314",177207,173253,97.77,3890,2.2,64,0.04,72.58178,34.39555
2025-05,Alentejo,CSP da ULS Litoral Alentejano,"38.039936, -8.731693",103015,75994,73.77,26711,25.93,310,0.3,61.7978,44.11014
2025-05,Lisboa e Vale do Tejo,CSP da ULS Almada / Seixal,"38.6276044797217, -9.11368350111247",374225,311774,83.31,62046,16.58,405,0.11,62.46162,36.45418
2025-05,Lisboa e Vale do Tejo,CSP da ULS Arrábida,"38.531, -8.8874",247409,155164,62.72,91501,36.98,744,0.3,62.79319,48.472
2025-05,Lisboa e Vale do Tejo,CSP da ULS Médio Tejo,"39.605565, -8.404399",180919,122074,67.47,58626,32.4,219,0.12,70.26349,62.80291
2025-05,Lisboa e Vale do Tejo,CSP da ULS Oeste,"39.411452329, -9.1394549604",251268,133133,52.98,117901,46.92,234,0.09,61.60673,49.17848
2025-05,Lisboa e Vale do Tejo,CSP da ULS Santa Maria,"38.739567, -9.168651",352572,233297,66.17,117862,33.43,1413,0.4,55.7523,35.50367
2025-05,Norte,CSP da ULS Tâmega e Sousa,"41.206266147, -8.2725028602",483747,481032,99.44,2713,0.56,2,0.0,79.13041,74.51197
2025-05,Norte,CSP da ULS Trás-os-Montes Alto Douro,"41.2969, -7.74841",261650,245902,93.98,15666,5.99,82,0.03,78.27059,75.09525
2025-06,Alentejo,CSP da ULS Baixo Alentejo,"38.014, -7.8675",121013,99405,82.14,21335,17.63,273,0.23,72.78639,64.19845
2025-06,Alentejo,CSP da ULS Litoral Alentejano,"38.039936, -8.731693",103251,75984,73.59,26969,26.12,298,0.29,61.74081,43.98724
2025-06,Algarve,CSP da ULS Algarve,"37.02745056, -7.937649",540168,428952,79.41,110286,20.42,930,0.17,61.20355,37.97026
2025-06,Lisboa e Vale do Tejo,CSP da ULS Arco Ribeirinho,"38.6527214050293, -9.05825614929199",240286,142535,59.32,97581,40.61,170,0.07,58.57395,41.59344
2025-06,Lisboa e Vale do Tejo,CSP da ULS Estuário do Tejo,"38.891077, -9.039536",242926,128542,52.91,114043,46.95,341,0.14,58.57133,48.09239
2025-06,Lisboa e Vale do Tejo,CSP da ULS Lisboa Ocidental,"38.698818794, -9.3815130504",484126,412827,85.27,69839,14.43,1460,0.3,60.15046,30.8139
2025-06,Lisboa e Vale do Tejo,CSP da ULS Oeste,"39.411452329, -9.1394549604",251917,141580,56.2,110103,43.71,234,0.09,61.37577,47.30434
2025-07,Alentejo,CSP da ULS Baixo Alentejo,"38.014, -7.8675",121125,102171,84.35,18636,15.39,318,0.26,72.67946,62.97879
2025-07,Centro,CSP da ULS Coimbra,"40.21578, -8.41058",411608,385203,93.58,25942,6.3,463,0.11,74.84354,54.91005
2025-07,Lisboa e Vale do Tejo,CSP da ULS Arrábida,"38.531, -8.8874",249702,156983,62.87,91917,36.81,802,0.32,62.61984,48.00418
2025-07,Lisboa e Vale do Tejo,CSP da ULS Médio Tejo,"39.605565, -8.404399",182372,124856,68.46,57299,31.42,217,0.12,69.70094,61.3523
2025-07,Norte,CSP da ULS Braga,"41.629758698, -8.3591461276",328816,321776,97.86,6904,2.1,136,0.04,75.51427,35.73864
2025-08,Alentejo,CSP da ULS Alentejo Central,"38.568838, -7.903064",166496,154339,92.7,12139,7.29,18,0.01,77.85172,74.77174
2025-08,Alentejo,CSP da ULS Baixo Alentejo,"38.014, -7.8675",121250,102909,84.87,17985,14.83,356,0.29,72.54186,62.54839
2025-08,Lisboa e Vale do Tejo,CSP da ULS Arrábida,"38.531, -8.8874",251134,156682,62.39,93642,37.29,810,0.32,62.43838,48.38119
2025-08,Lisboa e Vale do Tejo,CSP da ULS Médio Tejo,"39.605565, -8.404399",182875,123727,67.66,58944,32.23,204,0.11,69.50759,61.80662
2025-08,Norte,CSP da ULS Alto Minho,"41.696866, -8.832522",254544,253393,99.55,1121,0.44,30,0.01,78.93449,35.09991
2025-08,Norte,CSP da ULS Gaia / Espinho,"41.127363348, -8.5796956622",353468,351867,99.55,1524,0.43,77,0.02,74.98331,32.66708
2025-08,Norte,CSP da ULS Médio Ave,"41.346844614, -8.482973945",244004,243984,99.99,10,0.0,10,0.0,76.83071,5.0
2025-08,Norte,CSP da ULS São João,"41.169696, -8.612651",353034,335646,95.07,17383,4.92,5,0.0,73.4493,50.26455
2025-09,Alentejo,CSP da ULS Alto Alentejo,"39.3004940975133, -7.42635033349663",110843,83773,75.58,27006,24.36,64,0.06,73.37766,68.04385
2025-09,Algarve,CSP da ULS Algarve,"37.02745056, -7.937649",548059,444566,81.12,102546,18.71,947,0.17,60.72503,35.58888
2025-09,Centro,CSP da ULS Região de Leiria,"39.7418, -8.79444",411978,333396,80.93,78274,19.0,308,0.07,69.50444,56.20244
2025-09,Lisboa e Vale do Tejo,CSP da ULS Estuário do Tejo,"38.891077, -9.039536",245783,128289,52.2,117156,47.67,338,0.14,58.91294,47.9616
2025-09,Lisboa e Vale do Tejo,CSP da ULS Médio Tejo,"39.605565, -8.404399",183431,124163,67.69,59072,32.2,196,0.11,69.63163,61.80128
2025-09,Norte,CSP da ULS Alto Minho,"41.696866, -8.832522",255155,252137,98.82,2989,1.17,29,0.01,79.12916,61.1332
2025-09,Norte,CSP da ULS Braga,"41.629758698, -8.3591461276",325419,320411,98.46,4893,1.5,115,0.04,76.09144,30.89058
2025-09,Norte,CSP da ULS Entre Douro e Vouga,"40.926349, -8.548039",334569,332521,99.39,2033,0.61,15,0.0,79.08384,52.09961
2025-09,Norte,CSP da ULS Nordeste,"41.806816, -6.759102",126624,124374,98.22,2005,1.58,245,0.19,79.36252,75.15556
2025-09,Norte,CSP da ULS Póvoa Varzim / Vila Conde,"41.355472362, -8.7448970377",159278,154513,97.01,4750,2.98,15,0.01,75.06624,63.60965
2025-09,Norte,CSP da ULS São João,"41.169696, -8.612651",353500,339014,95.9,14481,4.1,5,0.0,73.50127,46.32749
2025-10,Alentejo,CSP da ULS Baixo Alentejo,"38.009362882, -7.8559468083",121508,104587,86.07,16521,13.6,400,0.33,72.66764,59.49412
2025-10,Centro,CSP da ULS Guarda,"40.5314, -7.27322",140421,129570,92.27,10580,7.53,271,0.19,76.04418,62.95272
2025-10,Centro,CSP da ULS Viseu Dão-Lafões,"40.659169, -7.915314",278948,275163,98.64,3775,1.35,10,0.0,76.41424,44.12153
2025-10,Lisboa e Vale do Tejo,CSP da ULS Arco Ribeirinho,"38.6527214050293, -9.05825614929199",244963,159874,65.26,84916,34.66,173,0.07,57.99692,37.37146
2025-10,Lisboa e Vale do Tejo,CSP da ULS Lisboa Ocidental,"38.698818794, -9.3815130504",490487,434221,88.53,54885,11.19,1381,0.28,60.7539,23.82789
2025-10,Lisboa e Vale do Tejo,CSP da ULS São José,"38.7365023, -9.1313583",444631,344207,77.41,99731,22.43,693,0.16,53.84307,22.43189
2025-10,Norte,CSP da ULS Nordeste,"41.806816, -6.759102",126802,124147,97.91,2400,1.89,255,0.2,79.63833,76.38418
2025-10,Norte,CSP da ULS Trás-os-Montes Alto Douro,"41.2969, -7.74841",262529,249130,94.9,13322,5.07,77,0.03,78.53609,72.08747
2025-11,Centro,CSP da ULS Viseu Dão-Lafões,"40.659169, -7.915314",279248,276124,98.88,3114,1.12,10,0.0,76.31568,38.15621
2025-11,Norte,CSP da ULS Alto Ave,"41.426805082, -8.2945278754",290514,280872,96.68,9619,3.31,23,0.01,79.58894,82.60734
2025-11,Norte,CSP da ULS Nordeste,"41.806816, -6.759102",126816,124158,97.9,2392,1.89,266,0.21,79.80302,76.33559
2025-11,Norte,CSP da ULS São João,"41.169696, -8.612651",354536,339029,95.63,15501,4.37,6,0.0,73.28339,43.79313
2025-12,Alentejo,CSP da ULS Baixo Alentejo,"38.009362882, -7.8559468083",121489,104770,86.24,16277,13.4,442,0.36,72.4971,60.12321
2025-12,Centro,CSP da ULS Região de Leiria,"39.7418, -8.79444",415241,335633,80.83,79290,19.09,318,0.08,69.7672,55.41152
2025-12,Lisboa e Vale do Tejo,CSP da ULS Estuário do Tejo,"38.891077, -9.039536",247252,131493,53.18,115409,46.68,350,0.14,58.71783,47.58248
2025-12,Lisboa e Vale do Tejo,CSP da ULS Lisboa Ocidental,"38.698818794, -9.3815130504",492133,434645,88.32,56130,11.41,1358,0.28,60.85895,23.95456
2025-12,Lisboa e Vale do Tejo,CSP da ULS Loures / Odivelas,"38.821769, -9.176301",241992,163741,67.66,78064,32.26,187,0.08,55.30968,32.36764
2025-12,Lisboa e Vale do Tejo,CSP da ULS Médio Tejo,"39.605565, -8.404399",184381,124382,67.46,59820,32.44,179,0.1,69.43611,60.82167
2025-12,Norte,CSP da ULS Braga,"41.629758698, -8.3591461276",327320,321457,98.21,5752,1.76,111,0.03,75.3382,30.29166
2025-12,Norte,CSP da ULS Santo António,"41.160263, -8.681729",355550,337813,95.01,17635,4.96,102,0.03,72.44354,51.93099
2025-12,Norte,CSP da ULS Trás-os-Montes Alto Douro,"41.2969, -7.74841",262229,243663,92.92,18490,7.05,76,0.03,78.47645,72.0349
2026-01,Alentejo,CSP da ULS Alto Alentejo,"39.3004940975133, -7.42635033349663",111049,85663,77.14,25314,22.8,72,0.06,72.75077,67.18793
2026-01,Centro,CSP da ULS Castelo Branco,"39.831269, -7.486884",102259,81801,79.99,20422,19.97,36,0.04,73.80279,61.52117
2026-01,Centro,CSP da ULS Região de Aveiro,"40.6418, -8.65166",345904,330989,95.69,14505,4.19,410,0.12,73.09861,42.81596
2026-01,Lisboa e Vale do Tejo,CSP da ULS Arco Ribeirinho,"38.6527214050293, -9.05825614929199",247088,159968,64.74,86946,35.19,174,0.07,57.57827,36.9674
2026-01,Lisboa e Vale do Tejo,CSP da ULS Estuário do Tejo,"38.891077, -9.039536",247655,130566,52.72,116740,47.14,349,0.14,58.52658,47.49635
2026-01,Lisboa e Vale do Tejo,CSP da ULS Lisboa Ocidental,"38.698818794, -9.3815130504",492986,436173,88.48,55462,11.25,1351,0.27,60.81268,23.93114
2026-01,Lisboa e Vale do Tejo,CSP da ULS Loures / Odivelas,"38.821769, -9.176301",242456,161984,66.81,80281,33.11,191,0.08,55.19311,32.67969
2026-01,Norte,CSP da ULS Gaia / Espinho,"41.127363348, -8.5796956622",353681,340126,96.17,13469,3.81,86,0.02,74.54542,70.47584
2026-01,Norte,CSP da ULS Tâmega e Sousa,"41.206266147, -8.2725028602",485897,482697,99.34,3198,0.66,2,0.0,78.95521,72.3125
2016-01,Alentejo,ACES Alentejo Litoral,"38.3841359, -8.5132031",92693,70120,75.65,22533,24.31,40,0.04,68.3476,59.1809
2016-01,Alentejo,ACES São Mamede,"39.2967086, -7.4284755",117937,109694,93.01,8148,6.91,95,0.08,72.0878,61.6602
2016-01,Algarve,ACES Algarve Central,"37.0274264, -7.9395984",237017,188455,79.51,47588,20.08,974,0.41,57.3794,37.0239
2016-01,Algarve,ACES Algarve Sotavento,"37.383008, -7.7293275",54989,54087,98.36,854,1.55,48,0.09,67.6075,17.3097
2016-01,Lisboa e Vale do Tejo,ACES Cascais,"38.69904, -9.3818008",194359,148422,76.36,45765,23.55,172,0.09,53.8191,30.6459
2016-01,Lisboa e Vale do Tejo,ACES Lisboa Norte,"38.7396924, -9.168506",251271,214138,85.22,36444,14.5,689,0.27,56.7793,25.503
2016-01,Norte,ACES Alto Tâmega e Barroso,"41.741781, -7.4731648",91608,86794,94.75,4741,5.18,73,0.08,73.9582,56.6525
2016-01,Norte,ACES Gondomar,"41.1738444, -8.5612238",164916,164803,99.93,59,0.04,54,0.03,75.225,15.3846
2016-01,Norte,ACES Marão e Douro Norte,"41.2968711, -7.7483727",108038,101238,93.71,6401,5.92,399,0.37,77.3539,60.9653
2016-01,Norte,ACES Porto Ocidental,"41.1741353, -8.6691662",165363,164171,99.28,805,0.49,387,0.23,66.0261,4.45804
2016-02,Alentejo,ACES Alentejo Central,"38.8442031, -7.5826619",166974,165636,99.2,1249,0.75,89,0.05,77.1088,60.5228
2016-02,Algarve,ACES Algarve Central,"37.0274264, -7.9395984",237971,189425,79.6,47555,19.98,991,0.42,57.3014,37.5668
2016-02,Centro,ACES Baixo Mondego,"40.2150023, -8.4071805",383418,365058,95.21,16603,4.33,1757,0.46,60.4442,23.8135
2016-02,Centro,ACES Baixo Vouga,"40.6405055, -8.6537539",382266,368539,96.41,11829,3.09,1898,0.5,72.4722,40.2842
2016-02,Centro,ACES Beira Interior Sul,"39.8211367, -7.5036651",73783,71931,97.49,1382,1.87,470,0.64,69.6413,26.7919
2016-02,Lisboa e Vale do Tejo,ACES Cascais,"38.69904, -9.3818008",195055,148904,76.34,45983,23.57,168,0.09,54.1182,29.4805
2016-02,Lisboa e Vale do Tejo,ACES Lisboa Central,"38.7306317, -9.1510414",276575,223619,80.85,51927,18.78,1029,0.37,54.5846,34.5068
2016-02,Lisboa e Vale do Tejo,ACES Lisboa Norte,"38.7396924, -9.168506",252268,214515,85.03,37466,14.85,287,0.11,57.1741,26.0636
2016-02,Lisboa e Vale do Tejo,ACES Lisboa Ocidental e Oeiras,"38.6914388, -9.3184304",238101,204472,85.88,32873,13.81,756,0.32,58.1312,32.8437
2016-02,Lisboa e Vale do Tejo,ACES Oeste Norte,"39.410844, -9.1396215",178614,158076,88.5,20280,11.35,258,0.14,71.3107,49.6985
2016-02,Lisboa e Vale do Tejo,ACES Sintra,"38.7519209, -9.2753636",354747,272177,76.72,81836,23.07,734,0.21,56.4489,39.2267
2016-02,Norte,ACES Espinho / Gaia,"41.0022421, -8.642018",184865,183410,99.21,1403,0.76,52,0.03,75.8293,17.5182
2016-02,Norte,ACES Porto Oriental,"41.1694498, -8.6126428",116556,114336,98.1,2015,1.73,205,0.18,71.9661,46.9697
2016-03,Lisboa e Vale do Tejo,ACES Amadora,"38.7573081, -9.23429",167308,126508,75.61,40592,24.26,208,0.12,58.4433,39.6625
2016-03,Lisboa e Vale do Tejo,ACES Arrábida,"38.5324373, -8.8627453",223432,158097,70.76,64750,28.98,585,0.26,61.5949,43.3213
2016-03,Lisboa e Vale do Tejo,ACES Lisboa Ocidental e Oeiras,"38.6914388, -9.3184304",238605,203313,85.21,34540,14.48,752,0.32,57.5188,36.3411
2016-03,Lisboa e Vale do Tejo,ACES Médio Tejo,"39.478072, -8.5404429",225776,194411,86.11,30826,13.65,539,0.24,69.7996,52.2093
2016-03,Lisboa e Vale do Tejo,ACES Sintra,"38.7519209, -9.2753636",355462,270737,76.16,83986,23.63,739,0.21,56.6151,40.5855
2016-03,Norte,ACES Barcelos / Esposende,"41.5317419, -8.6178922",156302,152521,97.58,3508,2.24,273,0.17,76.8416,56.7026
2016-03,Norte,ACES Santo Tirso / Trofa,"41.3469246, -8.4822648",115810,115381,99.63,350,0.3,79,0.07,75.7054,7.24832
2016-03,Norte,ACES Vale do Sousa Norte,"41.2793583, -8.2787457",160651,155702,96.92,4902,3.05,47,0.03,75.7914,52.997
2016-03,Norte,ACES Vale do Sousa Sul,"41.1548155, -8.2163769",177349,165816,93.5,11505,6.49,28,0.02,75.6485,69.067
2016-04,Alentejo,ACES Baixo Alentejo,"38.0153039, -7.8627308",125221,123376,98.53,1710,1.37,135,0.11,71.7755,66.0841
2016-04,Algarve,ACES Algarve Sotavento,"37.383008, -7.7293275",55362,52809,95.39,2502,4.52,51,0.09,67.3908,46.7603
2016-04,Centro,ACES Beira Interior Sul,"39.8211367, -7.5036651",73865,70162,94.99,3228,4.37,475,0.64,67.9686,24.6657
2016-04,Centro,ACES Pinhal Interior Sul,"39.7510898, -7.9203657",31307,30790,98.35,181,0.58,336,1.07,80.1189,27.5862
2016-04,Lisboa e Vale do Tejo,ACES Amadora,"38.7573081, -9.23429",167690,123665,73.75,43818,26.13,207,0.12,58.4433,39.6625
2016-04,Lisboa e Vale do Tejo,ACES Médio Tejo,"39.478072, -8.5404429",225880,194348,86.04,30968,13.71,564,0.25,69.7996,52.2093
2016-04,Lisboa e Vale do Tejo,ACES Oeste Norte,"39.410844, -9.1396215",178817,158095,88.41,20466,11.45,256,0.14,71.0287,50.7928
2016-04,Norte,ACES Gerês / Cabreira,"41.6298661, -8.3596897",106226,102287,96.29,3801,3.58,138,0.13,75.3558,65.0613
2016-04,Norte,ACES Marão e Douro Norte,"41.2968711, -7.7483727",108062,101696,94.11,6001,5.55,365,0.34,77.446,70.5175
2016-04,Norte,ACES Nordeste,"41.8069684, -6.7587977",134092,130039,96.98,3334,2.49,719,0.54,75.3147,53.7482
2016-04,Norte,ACES Porto Ocidental,"41.1741353, -8.6691662",166032,165247,99.53,502,0.3,283,0.17,66.658,6.00429
2016-05,Alentejo,ACES Baixo Alentejo,"38.0153039, -7.8627308",125113,123234,98.5,1747,1.4,132,0.11,71.7755,66.0841
2016-05,Alentejo,ACES São Mamede,"39.2967086, -7.4284755",117674,109791,93.3,7783,6.61,100,0.08,71.7894,62.2014
2016-05,Algarve,ACES Algarve Barlavento,"37.1387554, -8.5445093",161281,96376,59.76,62508,38.76,2397,1.49,60.2392,47.7451
2016-05,Centro,ACES Baixo Vouga,"40.6405055, -8.6537539",383061,373797,97.58,7272,1.9,1992,0.52,72.018,37.8515
2016-05,Centro,ACES Pinhal Interior Norte,"40.1151262, -8.2473136",130632,121727,93.18,8234,6.3,671,0.51,76.8059,38.3046
2016-05,Centro,ACES Pinhal Interior Sul,"39.7510898, -7.9203657",31259,30757,98.39,178,0.57,324,1.04,80.1189,27.5862
2016-05,Lisboa e Vale do Tejo,ACES Cascais,"38.69904, -9.3818008",196692,150753,76.64,45769,23.27,170,0.09,53.4067,28.8416
2016-05,Lisboa e Vale do Tejo,ACES Lezíria,"39.2371689, -8.6908895",194173,156617,80.66,37014,19.06,542,0.28,69.0776,50.5903
2016-05,Lisboa e Vale do Tejo,ACES Oeste Norte,"39.410844, -9.1396215",178892,156117,87.27,22518,12.59,257,0.14,71.0287,50.7928
2016-05,Norte,ACES Alto Minho,"41.7056054, -8.8252713",246679,244881,99.27,1304,0.53,494,0.2,76.0719,22.8837
2016-05,Norte,ACES Ave / Famalicão,"41.3835805, -8.4157518",124113,117934,95.02,6138,4.95,41,0.03,73.5575,31.6978
2016-05,Norte,ACES Aveiro Norte,"40.8472225, -8.4656674",116558,114670,98.38,1856,1.59,32,0.03,74.1894,60.2968
2016-05,Norte,ACES Baixo Tâmega,"41.2719719, -8.0791631",170379,137573,80.75,30808,18.08,1998,1.17,74.7844,56.6295
2016-05,Norte,ACES Douro Sul,"41.0953745, -7.8123805",74569,62526,83.85,11725,15.72,318,0.43,74.5418,65.2676
2016-06,Algarve,ACES Algarve Sotavento,"37.383008, -7.7293275",55647,53022,95.28,2574,4.63,51,0.09,67.1598,46.8821
2016-06,Centro,ACES Baixo Mondego,"40.2150023, -8.4071805",384489,370291,96.31,12520,3.26,1678,0.44,64.0254,28.4875
2016-06,Centro,ACES Pinhal Interior Sul,"39.7510898, -7.9203657",31255,30753,98.39,179,0.57,323,1.03,79.9699,24.0781
2016-06,Lisboa e Vale do Tejo,ACES Arco Ribeirinho,"38.6672076, -9.0543329",219260,155753,71.04,63367,28.9,140,0.06,59.0149,41.2214
2016-06,Lisboa e Vale do Tejo,ACES Estuário do Tejo,"38.9528113, -8.9911154",226247,154878,68.46,70214,31.03,1155,0.51,57.9061,39.3295
2016-06,Lisboa e Vale do Tejo,ACES Lisboa Central,"38.7306317, -9.1510414",278792,225878,81.02,51926,18.63,988,0.35,53.762,34.5837
2016-06,Lisboa e Vale do Tejo,ACES Oeste Sul,"39.0917759, -9.2600341",199164,141683,71.14,56984,28.61,497,0.25,66.0924,48.4928
2016-06,Norte,ACES Alto Minho,"41.7056054, -8.8252713",246800,245011,99.28,1292,0.52,497,0.2,76.2388,23.6449
2016-06,Norte,ACES Gondomar,"41.1738444, -8.5612238",166310,166158,99.91,98,0.06,54,0.03,74.8978,15.2493
2016-06,Norte,ACES Maia / Valongo,"41.2333945, -8.6187474",216553,211177,97.52,5249,2.42,127,0.06,72.4442,62.219
2016-07,Alentejo,ACES São Mamede,"39.2967086, -7.4284755",117732,111605,94.8,6024,5.12,103,0.09,71.8514,59.6464
2016-07,Algarve,ACES Algarve Central,"37.0274264, -7.9395984",240507,191720,79.71,47786,19.87,1001,0.42,58.1468,36.1515
2016-07,Centro,ACES Baixo Vouga,"40.6405055, -8.6537539",383772,374071,97.47,7577,1.97,2124,0.55,72.1404,43.9971
2016-07,Centro,ACES Pinhal Litoral,"39.7495331, -8.807683",265709,235709,88.71,29397,11.06,603,0.23,67.6668,53.142
2016-07,Lisboa e Vale do Tejo,ACES Arrábida,"38.5324373, -8.8627453",225081,159964,71.07,64471,28.64,646,0.29,62.0976,41.9201
2016-07,Lisboa e Vale do Tejo,ACES Estuário do Tejo,"38.9528113, -8.9911154",226727,154949,68.34,70625,31.15,1153,0.51,57.9061,39.3295
2016-07,Lisboa e Vale do Tejo,ACES Lisboa Central,"38.7306317, -9.1510414",279488,225741,80.77,52754,18.88,993,0.36,53.762,34.5837
2016-07,Lisboa e Vale do Tejo,ACES Lisboa Norte,"38.7396924, -9.168506",255817,215201,84.12,40341,15.77,275,0.11,55.736,25.1657
2016-07,Lisboa e Vale do Tejo,ACES Médio Tejo,"39.478072, -8.5404429",226394,193566,85.5,32305,14.27,523,0.23,69.6293,53.7577
2016-07,Lisboa e Vale do Tejo,ACES Oeste Sul,"39.0917759, -9.2600341",199438,141700,71.05,57244,28.7,494,0.25,66.0924,48.4928
2016-07,Lisboa e Vale do Tejo,ACES Sintra,"38.7519209, -9.2753636",358649,265192,73.94,92695,25.85,762,0.21,56.4981,39.5032
2016-07,Norte,ACES Alto Ave,"41.4417064, -8.1722408",269924,267743,99.19,2103,0.78,78,0.03,76.9358,61.7946
2016-07,Norte,ACES Feira e Arouca,"40.9263169, -8.5478813",155031,151610,97.79,3232,2.08,189,0.12,73.603,63.0858
2016-07,Norte,ACES Gaia,"41.1278433, -8.580396",152484,151606,99.42,787,0.52,91,0.06,71.0389,25.5759
2016-07,Norte,ACES Gerês / Cabreira,"41.6298661, -8.3596897",106308,101158,95.16,5144,4.84,6,0.01,75.2324,67.1956
2016-08,Alentejo,ACES São Mamede,"39.2967086, -7.4284755",117697,111740,94.94,5850,4.97,107,0.09,71.8514,59.6464
2016-08,Algarve,ACES Algarve Barlavento,"37.1387554, -8.5445093",162754,110348,67.8,51576,31.69,830,0.51,59.3417,41.9399
2016-08,Algarve,ACES Algarve Sotavento,"37.383008, -7.7293275",56037,53322,95.15,2665,4.76,50,0.09,67.1598,46.8821
2016-08,Centro,ACES Pinhal Interior Norte,"40.1151262, -8.2473136",130868,126139,96.39,4037,3.08,692,0.53,76.7562,44.4292
2016-08,Lisboa e Vale do Tejo,ACES Arco Ribeirinho,"38.6672076, -9.0543329",219805,159495,72.56,60168,27.37,142,0.06,59.0149,41.2214
2016-08,Lisboa e Vale do Tejo,ACES Arrábida,"38.5324373, -8.8627453",225512,165972,73.6,58888,26.11,652,0.29,62.0976,41.9201
2016-08,Lisboa e Vale do Tejo,ACES Cascais,"38.69904, -9.3818008",198338,151447,76.36,46883,23.64,8,0.0,52.762,28.2159
2016-08,Lisboa e Vale do Tejo,ACES Oeste Sul,"39.0917759, -9.2600341",199700,142790,71.5,56426,28.26,484,0.24,66.0924,48.4928
2016-08,Norte,ACES Matosinhos,"41.1918541, -8.6590693",172944,167783,97.02,4842,2.8,319,0.18,74.4576,56.1541
2016-08,Norte,ACES Santo Tirso / Trofa,"41.3469246, -8.4822648",115903,115607,99.74,288,0.25,8,0.01,75.5823,55.0108
2016-09,Alentejo,ACES Alentejo Litoral,"38.3841359, -8.5132031",93732,62375,66.55,31302,33.4,55,0.06,66.6474,60.0354
2016-09,Centro,ACES Pinhal Litoral,"39.7495331, -8.807683",266671,253510,95.06,12538,4.7,623,0.23,67.6966,43.7153
2016-09,Lisboa e Vale do Tejo,ACES Almada / Seixal,"38.6678522, -9.1875777",345049,287469,83.31,56800,16.46,780,0.23,63.5825,34.3655
2016-09,Lisboa e Vale do Tejo,ACES Estuário do Tejo,"38.9528113, -8.9911154",227720,159891,70.21,66681,29.28,1148,0.5,57.8084,40.5298
2016-09,Lisboa e Vale do Tejo,ACES Lisboa Ocidental e Oeiras,"38.6914388, -9.3184304",240445,212622,88.43,27069,11.26,754,0.31,56.3766,33.6728
2016-09,Lisboa e Vale do Tejo,ACES Médio Tejo,"39.478072, -8.5404429",226905,197213,86.91,29105,12.83,587,0.26,69.3326,57.702
2016-09,Norte,ACES Alto Tâmega e Barroso,"41.741781, -7.4731648",91647,87002,94.93,4523,4.94,122,0.13,73.3148,54.3577
2016-09,Norte,ACES Aveiro Norte,"40.8472225, -8.4656674",116793,116590,99.83,166,0.14,37,0.03,74.4179,10.9442
2016-09,Norte,ACES Santo Tirso / Trofa,"41.3469246, -8.4822648",116014,115722,99.75,283,0.24,9,0.01,75.2593,6.55271
2016-09,Norte,ACES Vale do Sousa Norte,"41.2793583, -8.2787457",159964,159826,99.91,106,0.07,32,0.02,76.1412,27.3973
2016-10,Centro,ACES Baixo Mondego,"40.2150023, -8.4071805",386506,374412,96.87,10356,2.68,1738,0.45,65.6038,29.3803
2016-10,Centro,ACES Cova da Beira,"40.2677741, -7.4995083",86474,83617,96.7,2728,3.15,129,0.15,66.6227,33.4796
2016-10,Centro,ACES Pinhal Interior Sul,"39.7510898, -7.9203657",31253,29598,94.7,177,0.57,1478,4.73,79.8816,64.1657
2016-10,Lisboa e Vale do Tejo,ACES Lisboa Ocidental e Oeiras,"38.6914388, -9.3184304",241010,213214,88.47,27054,11.23,742,0.31,56.3766,33.6728
2016-10,Norte,ACES Alto Tâmega e Barroso,"41.741781, -7.4731648",91611,87002,94.97,4494,4.91,115,0.13,73.3148,54.3577
2016-10,Norte,ACES Aveiro Norte,"40.8472225, -8.4656674",116843,116675,99.86,131,0.11,37,0.03,74.4179,10.9442
2016-10,Norte,ACES Braga,"41.5518714, -8.4126362",186203,186160,99.98,42,0.02,1,0.0,73.7038,40.3448
2016-10,Norte,ACES Porto Ocidental,"41.1741353, -8.6691662",167384,165243,98.72,1878,1.12,263,0.16,67.1124,21.4924
2016-10,Norte,ACES Vale do Sousa Norte,"41.2793583, -8.2787457",159923,159791,99.92,100,0.06,32,0.02,76.1412,27.3973
2016-11,Alentejo,ACES Baixo Alentejo,"38.0153039, -7.8627308",122606,120559,98.33,1930,1.57,117,0.1,71.6134,59.0869
2016-11,Algarve,ACES Algarve Sotavento,"37.383008, -7.7293275",54779,54025,98.62,712,1.3,42,0.08,66.9374,41.948
2016-11,Centro,ACES Pinhal Interior Sul,"39.7510898, -7.9203657",30564,29097,95.2,1311,4.29,156,0.51,79.8816,64.1657
2016-11,Lisboa e Vale do Tejo,ACES Lisboa Central,"38.7306317, -9.1510414",282296,232718,82.44,48591,17.21,987,0.35,53.3592,33.8725
2016-11,Lisboa e Vale do Tejo,ACES Lisboa Norte,"38.7396924, -9.168506",258256,220671,85.45,37295,14.44,290,0.11,54.9353,24.9249
2016-11,Norte,ACES Espinho / Gaia,"41.0022421, -8.642018",183737,179557,97.73,4130,2.25,50,0.03,74.5753,57.6045
2016-11,Norte,ACES Gaia,"41.1278433, -8.580396",150589,149358,99.18,1162,0.77,69,0.05,70.7159,30.9032
2016-11,Norte,ACES Matosinhos,"41.1918541, -8.6590693",171192,166996,97.55,3893,2.27,303,0.18,74.695,54.8338
2016-11,Norte,ACES Vale do Sousa Sul,"41.1548155, -8.2163769",175683,173462,98.74,2190,1.25,31,0.02,75.4197,44.7127
2016-12,Alentejo,ACES Baixo Alentejo,"38.0153039, -7.8627308",122829,122146,99.44,503,0.41,180,0.15,73.4041,45.0267
2016-12,Centro,ACES Pinhal Interior Norte,"40.1151262, -8.2473136",128355,124381,96.9,3351,2.61,623,0.49,78.3195,46.8358
2016-12,Lisboa e Vale do Tejo,ACES Almada / Seixal,"38.6678522, -9.1875777",342052,288737,84.41,52509,15.35,806,0.24,63.9788,35.4244
2016-12,Lisboa e Vale do Tejo,ACES Lezíria,"39.2371689, -8.6908895",193609,170751,88.19,22353,11.55,505,0.26,68.8347,55.5232
2016-12,Lisboa e Vale do Tejo,ACES Médio Tejo,"39.478072, -8.5404429",225472,198129,87.87,26677,11.83,666,0.3,70.0583,60.3457
2016-12,Lisboa e Vale do Tejo,ACES Oeste Sul,"39.0917759, -9.2600341",196980,149969,76.13,46488,23.6,523,0.27,66.6732,48.522
2016-12,Norte,ACES Nordeste,"41.8069684, -6.7587977",130823,130014,99.38,65,0.05,744,0.57,75.3677,24.5656
2016-12,Norte,ACES Porto Ocidental,"41.1741353, -8.6691662",164443,163393,99.36,811,0.49,239,0.15,68.9005,21.5823
2016-12,Norte,ACES Póvoa do Varzim / Vila do Conde,"41.355519, -8.746653",147990,146243,98.82,1743,1.18,4,0.0,75.144,70.3168
2016-12,Norte,ACES Vale do Sousa Sul,"41.1548155, -8.2163769",175690,175613,99.96,34,0.02,43,0.02,76.1872,22.5714
2017-01,Alentejo,ACES Alentejo Central,"38.8442031, -7.5826619",165945,165805,99.92,44,0.03,96,0.06,75.6379,33.0882
2017-01,Algarve,ACES Algarve Sotavento,"37.383008, -7.7293275",54901,54842,99.89,23,0.04,36,0.07,68.3267,5.17241
2017-01,Centro,ACES Beira Interior Sul,"39.8211367, -7.5036651",72391,67839,93.71,4065,5.62,487,0.67,70.2953,47.9877
2017-01,Centro,ACES Guarda,"40.5353285, -7.2724426",148622,140765,94.71,6479,4.36,1378,0.93,73.3828,52.5256
2017-01,Lisboa e Vale do Tejo,ACES Arco Ribeirinho,"38.6672076, -9.0543329",216363,156779,72.46,59437,27.47,147,0.07,59.554,45.5555
2017-01,Lisboa e Vale do Tejo,ACES Arrábida,"38.5324373, -8.8627453",223532,167173,74.79,55695,24.92,664,0.3,63.581,47.898
2017-01,Lisboa e Vale do Tejo,ACES Loures / Odivelas,"38.8012718, -9.1137868",351214,308617,87.87,42572,12.12,25,0.01,60.3943,36.6453
2017-01,Norte,ACES Alto Minho,"41.7056054, -8.8252713",243348,241818,99.37,1224,0.5,306,0.13,77.7719,60.355
2017-01,Norte,ACES Alto Tâmega e Barroso,"41.741781, -7.4731648",89909,87878,97.74,1919,2.13,112,0.12,75.6201,46.1648
2017-01,Norte,ACES Ave / Famalicão,"41.3835805, -8.4157518",123202,118970,96.56,4228,3.43,4,0.0,74.6504,52.7286
2017-01,Norte,ACES Aveiro Norte,"40.8472225, -8.4656674",115948,115896,99.96,8,0.01,44,0.04,75.5434,45.098
2017-01,Norte,ACES Barcelos / Esposende,"41.5317419, -8.6178922",155727,152475,97.91,2985,1.92,267,0.17,77.2689,57.2833
2017-01,Norte,ACES Braga,"41.5518714, -8.4126362",185177,185167,99.99,10,0.01,0,0.0,74.6784,8.33333
2017-01,Norte,ACES Porto Oriental,"41.1694498, -8.6126428",116524,115578,99.19,914,0.78,32,0.03,71.2069,49.1111
2017-01,Norte,ACES Vale do Sousa Sul,"41.1548155, -8.2163769",176156,175592,99.68,519,0.29,45,0.03,76.296,71.5564
2017-02,Centro,ACES Cova da Beira,"40.2677741, -7.4995083",85038,82114,96.56,2799,3.29,125,0.15,67.5863,30.7456
2017-02,Centro,ACES Pinhal Interior Norte,"40.1151262, -8.2473136",128501,125634,97.77,2151,1.67,716,0.56,77.9334,42.7476
2017-02,Lisboa e Vale do Tejo,ACES Sintra,"38.7519209, -9.2753636",354839,276390,77.89,77698,21.9,751,0.21,57.0433,44.5015
2017-02,Norte,ACES Alto Tâmega e Barroso,"41.741781, -7.4731648",89944,87927,97.76,1905,2.12,112,0.12,75.3958,45.169
2017-02,Norte,ACES Vale do Sousa Norte,"41.2793583, -8.2787457",159121,159111,99.99,5,0.0,5,0.0,77.0722,0.0
2017-02,Norte,ACES Vale do Sousa Sul,"41.1548155, -8.2163769",176366,175805,99.68,519,0.29,42,0.02,76.0317,72.0143
2017-03,Alentejo,ACES Baixo Alentejo,"38.0153039, -7.8627308",123517,122934,99.53,74,0.06,509,0.41,72.7433,5.84192
2017-03,Centro,ACES Pinhal Interior Norte,"40.1151262, -8.2473136",128713,125829,97.76,2176,1.69,708,0.55,77.7934,42.1783
2017-03,Lisboa e Vale do Tejo,ACES Lezíria,"39.2371689, -8.6908895",193684,172063,88.84,21116,10.9,505,0.26,69.1621,56.4782
2017-03,Lisboa e Vale do Tejo,ACES Lisboa Ocidental e Oeiras,"38.6914388, -9.3184304",242042,220000,90.89,21337,8.82,705,0.29,56.6351,32.0376
2017-03,Norte,ACES Aveiro Norte,"40.8472225, -8.4656674",116034,114268,98.48,1719,1.48,47,0.04,75.4035,73.0312
2017-03,Norte,ACES Espinho / Gaia,"41.0022421, -8.642018",183663,181084,98.6,2532,1.38,47,0.03,74.6642,66.7444
2017-03,Norte,ACES Gondomar,"41.1738444, -8.5612238",165472,160576,97.04,4847,2.93,49,0.03,75.008,64.5629
2017-03,Norte,ACES Marão e Douro Norte,"41.2968711, -7.7483727",106576,106105,99.56,84,0.08,387,0.36,77.4882,9.47368
2017-03,Norte,ACES Santo Tirso / Trofa,"41.3469246, -8.4822648",115528,115377,99.87,147,0.13,4,0.0,76.0771,5.50239
2017-03,Norte,ACES Vale do Sousa Norte,"41.2793583, -8.2787457",159183,155686,97.8,3495,2.2,2,0.0,77.0734,70.1574
2017-04,Alentejo,ACES Alentejo Central,"38.8442031, -7.5826619",166115,165959,99.91,55,0.03,101,0.06,75.5445,38.0645
2017-04,Algarve,ACES Algarve Barlavento,"37.1387554, -8.5445093",158583,107122,67.55,50584,31.9,877,0.55,59.295,48.9079
2017-04,Centro,ACES Baixo Mondego,"40.2150023, -8.4071805",380446,369422,97.1,9510,2.5,1514,0.4,68.3923,33.9986
2017-04,Lisboa e Vale do Tejo,ACES Almada / Seixal,"38.6678522, -9.1875777",344107,291536,84.72,51776,15.05,795,0.23,63.2619,36.5858
2017-04,Lisboa e Vale do Tejo,ACES Arrábida,"38.5324373, -8.8627453",224819,167121,74.34,57035,25.37,663,0.29,62.9547,46.9394
2017-04,Norte,ACES Braga,"41.5518714, -8.4126362",185757,185752,100.0,5,0.0,0,0.0,74.1604,40.0
2017-04,Norte,ACES Douro Sul,"41.0953745, -7.8123805",74726,71007,95.02,3350,4.48,369,0.49,73.1921,63.7537
2017-04,Norte,ACES Espinho / Gaia,"41.0022421, -8.642018",182527,180045,98.64,2424,1.33,58,0.03,74.7051,65.7131
2017-04,Norte,ACES Gondomar,"41.1738444, -8.5612238",165554,160682,97.06,4823,2.91,49,0.03,74.7659,64.6141
2017-04,Norte,ACES Porto Ocidental,"41.1741353, -8.6691662",165907,162457,97.92,3174,1.91,276,0.17,68.6068,52.4486
2017-04,Norte,ACES Porto Oriental,"41.1694498, -8.6126428",116900,113660,97.23,3206,2.74,34,0.03,70.4188,57.2531
2017-05,Alentejo,ACES Alentejo Central,"38.8442031, -7.5826619",166138,166006,99.92,29,0.02,103,0.06,75.4889,36.6412
2017-05,Algarve,ACES Algarve Barlavento,"37.1387554, -8.5445093",159045,105420,66.28,52741,33.16,884,0.56,58.9537,48.869
2017-05,Algarve,ACES Algarve Central,"37.0274264, -7.9395984",236733,213074,90.01,23268,9.83,391,0.17,59.9736,24.0068
2017-05,Algarve,ACES Algarve Sotavento,"37.383008, -7.7293275",55378,55280,99.82,63,0.11,35,0.06,67.3305,13.2653
2017-05,Centro,ACES Baixo Vouga,"40.6405055, -8.6537539",378627,373192,98.56,3289,0.87,2146,0.57,73.2724,30.2356
2017-05,Centro,ACES Pinhal Litoral,"39.7495331, -8.807683",262099,253084,96.56,8230,3.14,785,0.3,69.6318,49.798
2017-05,Lisboa e Vale do Tejo,ACES Arrábida,"38.5324373, -8.8627453",225245,167618,74.42,56965,25.29,662,0.29,62.6575,46.5531
2017-05,Lisboa e Vale do Tejo,ACES Lezíria,"39.2371689, -8.6908895",193770,162917,84.08,30334,15.65,519,0.27,68.6622,54.5452
2017-05,Lisboa e Vale do Tejo,ACES Médio Tejo,"39.478072, -8.5404429",225420,194387,86.23,30343,13.46,690,0.31,69.7113,60.6509
2017-05,Norte,ACES Alto Tâmega e Barroso,"41.741781, -7.4731648",90136,85135,94.45,4855,5.39,146,0.16,74.9287,58.194
2017-05,Norte,ACES Baixo Tâmega,"41.2719719, -8.0791631",168895,157177,93.06,11211,6.64,507,0.3,74.7555,61.9133
2017-05,Norte,ACES Barcelos / Esposende,"41.5317419, -8.6178922",156054,154276,98.86,1516,0.97,262,0.17,76.395,45.0506
2017-05,Norte,ACES Espinho / Gaia,"41.0022421, -8.642018",182063,178663,98.13,3342,1.84,58,0.03,74.8412,64.7717
2017-05,Norte,ACES Gondomar,"41.1738444, -8.5612238",165650,160819,97.08,4780,2.89,51,0.03,74.6499,65.3002
2017-05,Norte,ACES Maia / Valongo,"41.2333945, -8.6187474",217060,215048,99.07,1878,0.87,134,0.06,72.3141,54.0984
2017-05,Norte,ACES Marão e Douro Norte,"41.2968711, -7.7483727",106429,106034,99.63,11,0.01,384,0.36,77.3994,4.27136
2017-05,Norte,ACES Nordeste,"41.8069684, -6.7587977",131134,130364,99.41,42,0.03,728,0.56,75.0944,24.8408
2017-05,Norte,ACES Porto Ocidental,"41.1741353, -8.6691662",166066,162652,97.94,3240,1.95,174,0.1,68.2268,52.4744
2017-05,Norte,ACES Póvoa do Varzim / Vila do Conde,"41.355519, -8.746653",148429,143286,96.54,5138,3.46,5,0.0,74.1058,69.5974
2017-05,Norte,ACES Santo Tirso / Trofa,"41.3469246, -8.4822648",115650,115612,99.97,31,0.03,7,0.01,75.3703,1.91083
2017-06,Algarve,ACES Algarve Sotavento,"37.383008, -7.7293275",55446,55320,99.77,90,0.16,36,0.06,67.2413,14.2857
2017-06,Centro,ACES Beira Interior Sul,"39.8211367, -7.5036651",72643,67240,92.56,4882,6.72,521,0.72,69.7608,49.1024
2017-06,Lisboa e Vale do Tejo,ACES Loures / Odivelas,"38.8012718, -9.1137868",355163,305815,86.11,49301,13.88,47,0.01,59.5827,36.9017
2017-06,Lisboa e Vale do Tejo,ACES Médio Tejo,"39.478072, -8.5404429",225523,194897,86.42,29932,13.27,694,0.31,69.6117,60.3865
2017-06,Lisboa e Vale do Tejo,ACES Oeste Norte,"39.410844, -9.1396215",179460,161743,90.13,17389,9.69,328,0.18,69.3435,49.1741
2017-06,Lisboa e Vale do Tejo,ACES Sintra,"38.7519209, -9.2753636",358073,266747,74.5,90564,25.29,762,0.21,56.0394,42.7278
2017-06,Norte,ACES Alto Ave,"41.4417064, -8.1722408",268967,265634,98.76,3247,1.21,86,0.03,76.8792,68.2868
2017-06,Norte,ACES Alto Minho,"41.7056054, -8.8252713",243664,241553,99.13,1794,0.74,317,0.13,77.0261,64.6919
2017-06,Norte,ACES Aveiro Norte,"40.8472225, -8.4656674",116229,114480,98.5,1696,1.46,53,0.05,74.9658,71.6409
2017-06,Norte,ACES Gerês / Cabreira,"41.6298661, -8.3596897",106138,103600,97.61,2527,2.38,11,0.01,76.1124,72.6296
2017-06,Norte,ACES Gondomar,"41.1738444, -8.5612238",165756,160885,97.06,4815,2.9,56,0.03,74.6296,51.3769
2017-06,Norte,ACES Porto Ocidental,"41.1741353, -8.6691662",166343,162918,97.94,3269,1.97,156,0.09,68.1445,52.7145
2017-06,Norte,ACES Vale do Sousa Sul,"41.1548155, -8.2163769",174777,170949,97.81,3793,2.17,35,0.02,76.2427,72.9101
2017-07,Lisboa e Vale do Tejo,ACES Almada / Seixal,"38.6678522, -9.1875777",345696,292801,84.7,52114,15.08,781,0.23,62.6243,33.915
2017-07,Lisboa e Vale do Tejo,ACES Arrábida,"38.5324373, -8.8627453",226235,167477,74.03,58090,25.68,668,0.3,62.3957,46.7198
2017-07,Lisboa e Vale do Tejo,ACES Lisboa Ocidental e Oeiras,"38.6914388, -9.3184304",244207,223815,91.65,19713,8.07,679,0.28,55.9962,32.5535
2017-07,Lisboa e Vale do Tejo,ACES Loures / Odivelas,"38.8012718, -9.1137868",355992,305742,85.88,50201,14.1,49,0.01,59.5701,37.3027
2017-07,Lisboa e Vale do Tejo,ACES Médio Tejo,"39.478072, -8.5404429",225530,194807,86.38,30332,13.45,391,0.17,69.5737,59.933
2017-07,Lisboa e Vale do Tejo,ACES Oeste Norte,"39.410844, -9.1396215",179512,157467,87.72,21722,12.1,323,0.18,69.3067,51.9516
2017-07,Lisboa e Vale do Tejo,ACES Oeste Sul,"39.0917759, -9.2600341",199891,148610,74.35,50694,25.36,587,0.29,65.8042,47.8394
2017-07,Norte,ACES Douro Sul,"41.0953745, -7.8123805",74751,70923,94.88,3404,4.55,424,0.57,73.0847,63.1923
2017-07,Norte,ACES Feira e Arouca,"40.9263169, -8.5478813",152450,148774,97.59,3523,2.31,153,0.1,74.3698,71.8172
2017-07,Norte,ACES Porto Oriental,"41.1694498, -8.6126428",117061,113735,97.16,3292,2.81,34,0.03,70.2337,59.5789
2017-08,Alentejo,ACES Alentejo Litoral,"38.3841359, -8.5132031",92789,84872,91.47,7849,8.46,68,0.07,64.7301,48.7177
2017-08,Alentejo,ACES Baixo Alentejo,"38.0153039, -7.8627308",123650,121699,98.42,1442,1.17,509,0.41,72.6018,49.7181
2017-08,Centro,ACES Baixo Mondego,"40.2150023, -8.4071805",382078,371068,97.12,9460,2.48,1550,0.41,69.89,36.9435
2017-08,Centro,ACES Cova da Beira,"40.2677741, -7.4995083",85445,83360,97.56,1197,1.4,888,1.04,67.4734,34.8514
2017-08,Centro,ACES Pinhal Interior Norte,"40.1151262, -8.2473136",129071,124564,96.51,3805,2.95,702,0.54,77.146,49.7006
2017-08,Lisboa e Vale do Tejo,ACES Estuário do Tejo,"38.9528113, -8.9911154",227111,166353,73.25,59579,26.23,1179,0.52,59.7659,46.3498
2017-08,Lisboa e Vale do Tejo,ACES Lezíria,"39.2371689, -8.6908895",194031,161186,83.07,32337,16.67,508,0.26,68.5173,52.7724
2017-08,Lisboa e Vale do Tejo,ACES Oeste Sul,"39.0917759, -9.2600341",200265,148567,74.19,51098,25.52,600,0.3,65.778,47.3627
2017-08,Norte,ACES Douro Sul,"41.0953745, -7.8123805",74455,70648,94.89,3429,4.61,378,0.51,73.3591,63.6459
2017-08,Norte,ACES Feira e Arouca,"40.9263169, -8.5478813",152306,148640,97.59,3512,2.31,154,0.1,74.5542,71.5221
2017-08,Norte,ACES Gondomar,"41.1738444, -8.5612238",166104,161115,97.0,4932,2.97,57,0.03,74.384,51.2821
2017-08,Norte,ACES Porto Oriental,"41.1694498, -8.6126428",117133,113679,97.05,3420,2.92,34,0.03,70.2554,59.8147
2017-09,Lisboa e Vale do Tejo,ACES Arrábida,"38.5324373, -8.8627453",227206,161960,71.28,64556,28.41,690,0.3,62.0467,47.003
2017-09,Lisboa e Vale do Tejo,ACES Lisboa Norte,"38.7396924, -9.168506",258748,226559,87.56,31896,12.33,293,0.11,53.8789,26.9866
2017-09,Norte,ACES Baixo Tâmega,"41.2719719, -8.0791631",169040,157198,92.99,11318,6.7,524,0.31,74.7643,60.223
2017-09,Norte,ACES Douro Sul,"41.0953745, -7.8123805",74455,70616,94.84,3453,4.64,386,0.52,73.2275,63.428
2017-09,Norte,ACES Espinho / Gaia,"41.0022421, -8.642018",182736,179196,98.06,3466,1.9,74,0.04,74.3383,62.9096
2017-09,Norte,ACES Feira e Arouca,"40.9263169, -8.5478813",152359,148426,97.42,3780,2.48,153,0.1,74.4241,66.4718
2017-09,Norte,ACES Marão e Douro Norte,"41.2968711, -7.7483727",106572,105513,99.01,684,0.64,375,0.35,76.7675,52.8692
2017-10,Algarve,ACES Algarve Barlavento,"37.1387554, -8.5445093",161378,102085,63.26,58424,36.2,869,0.54,58.0432,49.5517
2017-10,Centro,ACES Beira Interior Sul,"39.8211367, -7.5036651",72940,69282,94.98,3075,4.22,583,0.8,69.0132,39.8196
2017-10,Centro,ACES Guarda,"40.5353285, -7.2724426",149235,143079,95.87,4619,3.1,1537,1.03,72.2421,46.4738
2017-10,Centro,ACES Pinhal Interior Norte,"40.1151262, -8.2473136",129206,124683,96.5,3824,2.96,699,0.54,76.8099,48.8536
2017-10,Lisboa e Vale do Tejo,ACES Arco Ribeirinho,"38.6672076, -9.0543329",219732,164190,74.72,55358,25.19,184,0.08,57.7844,40.2462
2017-10,Lisboa e Vale do Tejo,ACES Arrábida,"38.5324373, -8.8627453",227534,164447,72.27,62396,27.42,691,0.3,62.0165,47.199
2017-10,Lisboa e Vale do Tejo,ACES Cascais,"38.69904, -9.3818008",202002,166092,82.22,35739,17.69,171,0.08,54.1957,31.0638
2017-10,Lisboa e Vale do Tejo,ACES Lezíria,"39.2371689, -8.6908895",194259,161633,83.2,32114,16.53,512,0.26,68.3355,52.7626
2017-10,Lisboa e Vale do Tejo,ACES Médio Tejo,"39.478072, -8.5404429",225689,198459,87.93,26794,11.87,436,0.19,69.2909,61.5238
2017-10,Lisboa e Vale do Tejo,ACES Oeste Sul,"39.0917759, -9.2600341",201094,168871,83.98,31620,15.72,603,0.3,65.4308,45.9006
2017-10,Norte,ACES Alto Minho,"41.7056054, -8.8252713",244454,242206,99.08,1932,0.79,316,0.13,76.5575,63.4744
2017-10,Norte,ACES Nordeste,"41.8069684, -6.7587977",131625,129888,98.68,943,0.72,794,0.6,74.7645,56.913
2017-10,Norte,ACES Porto Oriental,"41.1694498, -8.6126428",117324,111854,95.34,5433,4.63,37,0.03,69.8183,61.0238
2017-11,Alentejo,ACES Baixo Alentejo,"38.0153039, -7.8627308",123751,121871,98.48,1384,1.12,496,0.4,72.5312,48.0319
2017-11,Algarve,ACES Algarve Barlavento,"37.1387554, -8.5445093",162093,107662,66.42,53596,33.06,835,0.52,57.8779,48.5769
2017-11,Algarve,ACES Algarve Central,"37.0274264, -7.9395984",241267,220229,91.28,20655,8.56,383,0.16,58.7807,24.4844
2017-11,Lisboa e Vale do Tejo,ACES Amadora,"38.7573081, -9.23429",173433,130466,75.23,42731,24.64,236,0.14,55.8634,39.4992
2017-11,Lisboa e Vale do Tejo,ACES Arrábida,"38.5324373, -8.8627453",227991,168345,73.84,58949,25.86,697,0.31,61.8419,45.1138
2017-11,Norte,ACES Baixo Tâmega,"41.2719719, -8.0791631",169018,163921,96.98,4559,2.7,538,0.32,74.6569,42.2684
2017-11,Norte,ACES Gondomar,"41.1738444, -8.5612238",166552,163150,97.96,3342,2.01,60,0.04,74.0891,52.514
2017-11,Norte,ACES Póvoa do Varzim / Vila do Conde,"41.355519, -8.746653",149090,145608,97.66,3476,2.33,6,0.0,72.7362,71.0511
2017-11,Norte,ACES Vale do Sousa Sul,"41.1548155, -8.2163769",174016,169272,97.27,4711,2.71,33,0.02,75.9327,72.5759
2017-12,Algarve,ACES Algarve Barlavento,"37.1387554, -8.5445093",160489,114332,71.24,45338,28.25,819,0.51,58.2762,50.988
2017-12,Centro,ACES Cova da Beira,"40.2677741, -7.4995083",85513,83213,97.31,1325,1.55,975,1.14,67.7577,38.4181
2017-12,Centro,ACES Pinhal Interior Norte,"40.1151262, -8.2473136",129120,126972,98.34,1435,1.11,713,0.55,76.3637,31.3488
2017-12,Lisboa e Vale do Tejo,ACES Estuário do Tejo,"38.9528113, -8.9911154",224950,175085,77.83,48950,21.76,915,0.41,59.3689,49.1909
2017-12,Lisboa e Vale do Tejo,ACES Lisboa Ocidental e Oeiras,"38.6914388, -9.3184304",244856,236947,96.77,7351,3.0,558,0.23,55.8349,32.9877
2017-12,Lisboa e Vale do Tejo,ACES Médio Tejo,"39.478072, -8.5404429",224786,202916,90.27,21424,9.53,446,0.2,69.1977,63.4286
2017-12,Lisboa e Vale do Tejo,ACES Oeste Sul,"39.0917759, -9.2600341",200024,170891,85.44,28482,14.24,651,0.33,65.2119,46.3498
2017-12,Norte,ACES Aveiro Norte,"40.8472225, -8.4656674",116641,116573,99.94,6,0.01,62,0.05,73.6693,29.4118
2017-12,Norte,ACES Matosinhos,"41.1918541, -8.6590693",173392,170375,98.26,2756,1.59,261,0.15,72.8145,54.3406
2017-12,Norte,ACES Porto Ocidental,"41.1741353, -8.6691662",168041,164209,97.72,3655,2.18,177,0.11,66.8829,53.4969
2018-01,Alentejo,ACES São Mamede,"39.2967086, -7.4284755",115449,109591,94.93,5722,4.96,136,0.12,72.9746,71.014
2018-01,Centro,ACES Baixo Vouga,"40.6405055, -8.6537539",381891,375506,98.33,4167,1.09,2218,0.58,72.3639,30.2256
2018-01,Centro,ACES Cova da Beira,"40.2677741, -7.4995083",85587,83237,97.25,1379,1.61,971,1.13,67.8775,38.4517
2018-01,Centro,ACES Guarda,"40.5353285, -7.2724426",149157,145337,97.44,2260,1.52,1560,1.05,71.9613,39.4082
2018-01,Centro,ACES Pinhal Litoral,"39.7495331, -8.807683",264870,250658,94.63,13434,5.07,778,0.29,68.5884,53.0326
2018-01,Lisboa e Vale do Tejo,ACES Arrábida,"38.5324373, -8.8627453",224932,167777,74.59,56437,25.09,718,0.32,62.7985,48.3318
2018-01,Lisboa e Vale do Tejo,ACES Lisboa Central,"38.7306317, -9.1510414",282970,240421,84.96,41518,14.67,1031,0.36,52.7256,33.6655
2018-01,Lisboa e Vale do Tejo,ACES Médio Tejo,"39.478072, -8.5404429",224876,203643,90.56,20798,9.25,435,0.19,69.3132,62.7131
2018-01,Norte,ACES Gaia,"41.1278433, -8.580396",153184,148648,97.04,4486,2.93,50,0.03,70.0715,53.5856
2018-01,Norte,ACES Gondomar,"41.1738444, -8.5612238",166551,165407,99.31,1086,0.65,58,0.03,73.8572,46.1471
2018-01,Norte,ACES Marão e Douro Norte,"41.2968711, -7.7483727",106532,106151,99.64,16,0.02,365,0.34,75.9783,3.90625
2018-01,Norte,ACES Nordeste,"41.8069684, -6.7587977",131671,128933,97.92,1942,1.47,796,0.6,74.8688,54.801
2018-01,Norte,ACES Vale do Sousa Sul,"41.1548155, -8.2163769",174386,172871,99.13,1483,0.85,32,0.02,75.5114,76.4356
2018-02,Alentejo,ACES Alentejo Litoral,"38.3841359, -8.5132031",93164,82307,88.35,10787,11.58,70,0.08,64.0481,56.4149
2018-02,Centro,ACES Dão Lafões,"40.6565861, -7.9124712",268506,260466,97.01,7637,2.84,403,0.15,71.917,48.7875
2018-02,Centro,ACES Guarda,"40.5353285, -7.2724426",149132,145265,97.41,2306,1.55,1561,1.05,72.1039,39.2913
2018-02,Centro,ACES Pinhal Interior Sul,"39.7510898, -7.9203657",30493,30285,99.32,26,0.09,182,0.6,79.9429,21.1538
2018-02,Lisboa e Vale do Tejo,ACES Arrábida,"38.5324373, -8.8627453",225215,167639,74.44,56853,25.24,723,0.32,62.8449,48.6133
2018-02,Lisboa e Vale do Tejo,ACES Lisboa Ocidental e Oeiras,"38.6914388, -9.3184304",245851,238463,96.99,6829,2.78,559,0.23,55.8725,33.4195
2018-02,Norte,ACES Aveiro Norte,"40.8472225, -8.4656674",116714,116641,99.94,13,0.01,60,0.05,73.3571,31.9444
2018-02,Norte,ACES Porto Ocidental,"41.1741353, -8.6691662",168301,162748,96.7,5390,3.2,163,0.1,66.593,55.8458
2018-03,Alentejo,ACES Alentejo Central,"38.8442031, -7.5826619",166313,164569,98.95,1602,0.96,142,0.09,74.9928,60.127
2018-03,Centro,ACES Baixo Mondego,"40.2150023, -8.4071805",384200,374109,97.37,8431,2.19,1660,0.43,71.1743,36.524
2018-03,Centro,ACES Cova da Beira,"40.2677741, -7.4995083",85632,83235,97.2,1440,1.68,957,1.12,67.9278,39.174
2018-03,Centro,ACES Pinhal Litoral,"39.7495331, -8.807683",265326,245375,92.48,19184,7.23,767,0.29,68.1277,56.5636
2018-03,Lisboa e Vale do Tejo,ACES Lezíria,"39.2371689, -8.6908895",193775,169350,87.4,23913,12.34,512,0.26,68.172,55.7542
2018-03,Lisboa e Vale do Tejo,ACES Lisboa Central,"38.7306317, -9.1510414",283966,238098,83.85,44843,15.79,1025,0.36,52.5937,34.7105
2018-03,Lisboa e Vale do Tejo,ACES Sintra,"38.7519209, -9.2753636",355383,279017,78.51,75572,21.26,794,0.22,56.8741,42.7863
2018-03,Norte,ACES Maia / Valongo,"41.2333945, -8.6187474",218453,215021,98.43,3325,1.52,107,0.05,71.3763,59.0035
2018-03,Norte,ACES Porto Ocidental,"41.1741353, -8.6691662",168592,162859,96.6,5555,3.29,178,0.11,65.8669,50.541
2018-04,Centro,ACES Pinhal Interior Norte,"40.1151262, -8.2473136",129304,124046,95.93,4546,3.52,712,0.55,74.9176,53.6224
2018-04,Lisboa e Vale do Tejo,ACES Amadora,"38.7573081, -9.23429",171267,124516,72.7,46511,27.16,240,0.14,55.8809,39.301
2018-04,Lisboa e Vale do Tejo,ACES Arco Ribeirinho,"38.6672076, -9.0543329",217617,166365,76.45,51077,23.47,175,0.08,58.6222,44.2402
2018-04,Lisboa e Vale do Tejo,ACES Estuário do Tejo,"38.9528113, -8.9911154",227075,178406,78.57,47758,21.03,911,0.4,57.5828,47.7069
2018-04,Lisboa e Vale do Tejo,ACES Lisboa Central,"38.7306317, -9.1510414",284627,240653,84.55,42946,15.09,1028,0.36,52.6001,32.5708
2018-04,Lisboa e Vale do Tejo,ACES Loures / Odivelas,"38.8012718, -9.1137868",357427,312803,87.52,44572,12.47,52,0.01,59.6423,37.4863
2018-04,Lisboa e Vale do Tejo,ACES Oeste Sul,"39.0917759, -9.2600341",201313,165721,82.32,34994,17.38,598,0.3,65.2245,46.8478
2018-04,Norte,ACES Braga,"41.5518714, -8.4126362",189183,183037,96.75,6144,3.25,2,0.0,72.6071,49.1542
2018-04,Norte,ACES Espinho / Gaia,"41.0022421, -8.642018",183095,181593,99.18,1388,0.76,114,0.06,73.5853,45.7086
2018-04,Norte,ACES Marão e Douro Norte,"41.2968711, -7.7483727",106333,105966,99.65,22,0.02,345,0.32,75.8193,4.85175
2018-05,Centro,ACES Baixo Vouga,"40.6405055, -8.6537539",383528,373557,97.4,7681,2.0,2290,0.6,72.0788,40.8986
2018-05,Centro,ACES Beira Interior Sul,"39.8211367, -7.5036651",72999,70678,96.82,1488,2.04,833,1.14,68.5935,54.2008
2018-05,Centro,ACES Pinhal Interior Norte,"40.1151262, -8.2473136",129411,122866,94.94,5834,4.51,711,0.55,74.7259,57.3568
2018-05,Centro,ACES Pinhal Litoral,"39.7495331, -8.807683",265771,246273,92.66,18735,7.05,763,0.29,67.8958,54.621
2018-05,Lisboa e Vale do Tejo,ACES Arco Ribeirinho,"38.6672076, -9.0543329",218022,166373,76.31,51480,23.61,169,0.08,58.5756,44.3031
2018-05,Lisboa e Vale do Tejo,ACES Oeste Norte,"39.410844, -9.1396215",179267,165368,92.25,13601,7.59,298,0.17,68.8244,44.078
2018-05,Lisboa e Vale do Tejo,ACES Oeste Sul,"39.0917759, -9.2600341",201666,167359,82.99,33711,16.72,596,0.3,65.1342,45.8247
2018-05,Norte,ACES Aveiro Norte,"40.8472225, -8.4656674",116872,116790,99.93,22,0.02,60,0.05,72.8965,30.4878
2018-05,Norte,ACES Gerês / Cabreira,"41.6298661, -8.3596897",106393,104608,98.32,1781,1.67,4,0.0,73.9375,63.4521
2018-05,Norte,ACES Gondomar,"41.1738444, -8.5612238",166896,166802,99.94,26,0.02,68,0.04,73.7535,21.2766
2018-06,Alentejo,ACES Alentejo Litoral,"38.3841359, -8.5132031",94265,86694,91.97,7385,7.83,186,0.2,63.1707,48.5186
2018-06,Algarve,ACES Algarve Central,"37.0274264, -7.9395984",245540,227556,92.68,17773,7.24,211,0.09,58.4908,28.6016
2018-06,Centro,ACES Cova da Beira,"40.2677741, -7.4995083",85775,83276,97.09,1545,1.8,954,1.11,67.9649,38.68
2018-06,Centro,ACES Pinhal Litoral,"39.7495331, -8.807683",266092,248084,93.23,17254,6.48,754,0.28,67.7651,53.8761
2018-06,Lisboa e Vale do Tejo,ACES Arco Ribeirinho,"38.6672076, -9.0543329",218500,166399,76.16,51937,23.77,164,0.08,58.4626,44.2585
2018-06,Lisboa e Vale do Tejo,ACES Arrábida,"38.5324373, -8.8627453",227256,167872,73.87,58662,25.81,722,0.32,62.2292,48.0282
2018-06,Norte,ACES Gaia,"41.1278433, -8.580396",153653,143992,93.71,8641,5.62,1020,0.66,69.6318,52.1789
2018-06,Norte,ACES Porto Ocidental,"41.1741353, -8.6691662",168953,162837,96.38,5821,3.45,295,0.17,65.3916,51.1198
2018-07,Centro,ACES Dão Lafões,"40.6565861, -7.9124712",269228,255876,95.04,12918,4.8,434,0.16,71.3475,61.6174
2018-07,Lisboa e Vale do Tejo,ACES Arrábida,"38.5324373, -8.8627453",227901,167825,73.64,59355,26.04,721,0.32,62.0391,47.42
2018-07,Lisboa e Vale do Tejo,ACES Lezíria,"39.2371689, -8.6908895",194214,168615,86.82,25043,12.89,556,0.29,68.3519,54.4787
2018-07,Lisboa e Vale do Tejo,ACES Lisboa Central,"38.7306317, -9.1510414",286714,238352,83.13,47310,16.5,1052,0.37,52.3191,34.0964
2018-07,Lisboa e Vale do Tejo,ACES Loures / Odivelas,"38.8012718, -9.1137868",359519,313643,87.24,45822,12.75,54,0.02,59.3817,36.1889
2018-07,Lisboa e Vale do Tejo,ACES Médio Tejo,"39.478072, -8.5404429",225320,202931,90.06,21926,9.73,463,0.21,69.2874,58.6423
2018-07,Norte,ACES Gaia,"41.1278433, -8.580396",153801,143892,93.56,8885,5.78,1024,0.67,69.6747,53.982
2018-07,Norte,ACES Porto Oriental,"41.1694498, -8.6126428",117410,114925,97.88,2451,2.09,34,0.03,69.2028,59.0085
2018-07,Norte,ACES Santo Tirso / Trofa,"41.3469246, -8.4822648",115783,115641,99.88,122,0.11,20,0.02,74.1357,22.082
2018-07,Norte,ACES Vale do Sousa Sul,"41.1548155, -8.2163769",174039,171233,98.39,2774,1.59,32,0.02,75.5977,76.5502
2018-08,Centro,ACES Pinhal Interior Norte,"40.1151262, -8.2473136",129585,121445,93.72,7430,5.73,710,0.55,74.46,56.7554
2018-08,Lisboa e Vale do Tejo,ACES Arrábida,"38.5324373, -8.8627453",228610,165686,72.48,62197,27.21,727,0.32,61.8558,47.9758
2018-08,Lisboa e Vale do Tejo,ACES Lezíria,"39.2371689, -8.6908895",194380,165232,85.0,28582,14.7,566,0.29,68.4425,52.2369
2018-08,Lisboa e Vale do Tejo,ACES Médio Tejo,"39.478072, -8.5404429",225471,203034,90.05,21955,9.74,482,0.21,69.3298,58.0811
2018-08,Norte,ACES Gaia,"41.1278433, -8.580396",153994,143865,93.42,9108,5.91,1021,0.66,69.7075,54.8492
2018-08,Norte,ACES Matosinhos,"41.1918541, -8.6590693",173930,171792,98.77,1901,1.09,237,0.14,72.6925,44.8778
2018-08,Norte,ACES Vale do Sousa Norte,"41.2793583, -8.2787457",160175,156797,97.89,3369,2.1,9,0.01,76.3655,75.1924
2018-08,Norte,ACES Vale do Sousa Sul,"41.1548155, -8.2163769",173940,171135,98.39,2777,1.6,28,0.02,75.7356,76.4349
2018-09,Centro,ACES Pinhal Interior Norte,"40.1151262, -8.2473136",129698,124840,96.25,4092,3.16,766,0.59,74.3308,54.0974
2018-09,Centro,ACES Pinhal Litoral,"39.7495331, -8.807683",267210,258133,96.6,8340,3.12,737,0.28,67.5578,49.5593
2018-09,Lisboa e Vale do Tejo,ACES Amadora,"38.7573081, -9.23429",171872,121863,70.9,49772,28.96,237,0.14,56.2462,41.109
2018-09,Lisboa e Vale do Tejo,ACES Cascais,"38.69904, -9.3818008",201999,172761,85.53,28136,13.93,1102,0.55,54.7131,33.3915
2018-09,Lisboa e Vale do Tejo,ACES Lisboa Ocidental e Oeiras,"38.6914388, -9.3184304",248534,229543,92.36,18441,7.42,550,0.22,55.6763,40.4697
2018-09,Lisboa e Vale do Tejo,ACES Sintra,"38.7519209, -9.2753636",358107,279550,78.06,77738,21.71,819,0.23,57.1408,42.5985
2018-09,Norte,ACES Alto Minho,"41.7056054, -8.8252713",245365,244730,99.74,324,0.13,311,0.13,76.1575,29.1339
2018-09,Norte,ACES Barcelos / Esposende,"41.5317419, -8.6178922",157337,155240,98.67,2035,1.29,62,0.04,75.4217,69.0033
2018-09,Norte,ACES Maia / Valongo,"41.2333945, -8.6187474",219097,216799,98.95,2207,1.01,91,0.04,71.3708,54.4386
2018-09,Norte,ACES Marão e Douro Norte,"41.2968711, -7.7483727",106117,105749,99.65,30,0.03,338,0.32,75.9993,6.98925
2018-09,Norte,ACES Nordeste,"41.8069684, -6.7587977",131639,130027,98.78,761,0.58,851,0.65,74.9888,39.1439
2018-09,Norte,ACES Porto Ocidental,"41.1741353, -8.6691662",169597,166898,98.41,2281,1.34,418,0.25,63.5612,51.6117
2018-10,Lisboa e Vale do Tejo,ACES Arco Ribeirinho,"38.6672076, -9.0543329",218906,171209,78.21,47540,21.72,157,0.07,58.531,43.9338
2018-10,Lisboa e Vale do Tejo,ACES Lezíria,"39.2371689, -8.6908895",194401,169446,87.16,24355,12.53,600,0.31,68.6592,51.5043
2018-10,Lisboa e Vale do Tejo,ACES Lisboa Norte,"38.7396924, -9.168506",258550,228765,88.48,29402,11.37,383,0.15,54.3933,32.1138
2018-10,Lisboa e Vale do Tejo,ACES Loures / Odivelas,"38.8012718, -9.1137868",359797,318852,88.62,40886,11.36,59,0.02,59.4453,35.9855
2018-10,Lisboa e Vale do Tejo,ACES Oeste Norte,"39.410844, -9.1396215",179446,152100,84.76,27044,15.07,302,0.17,69.034,53.5154
2018-10,Norte,ACES Alto Minho,"41.7056054, -8.8252713",245597,244953,99.74,332,0.14,312,0.13,76.281,28.4603
2018-10,Norte,ACES Braga,"41.5518714, -8.4126362",192316,189088,98.32,3221,1.67,7,0.0,72.293,33.6842
2018-10,Norte,ACES Gondomar,"41.1738444, -8.5612238",167562,167437,99.93,59,0.04,66,0.04,74.2364,27.6423
2018-10,Norte,ACES Marão e Douro Norte,"41.2968711, -7.7483727",106109,104160,98.16,1614,1.52,335,0.32,76.1367,54.6851
2018-10,Norte,ACES Matosinhos,"41.1918541, -8.6590693",173837,172949,99.49,648,0.37,240,0.14,72.7593,38.8952
2018-10,Norte,ACES Porto Oriental,"41.1694498, -8.6126428",117691,116350,98.86,1306,1.11,35,0.03,69.2636,46.4526
2018-10,Norte,ACES Póvoa do Varzim / Vila do Conde,"41.355519, -8.746653",150614,150573,99.97,28,0.02,13,0.01,71.2603,40.0
2018-10,Norte,ACES Vale do Sousa Sul,"41.1548155, -8.2163769",173803,173775,99.98,1,0.0,27,0.02,75.972,14.8148
2018-11,Algarve,ACES Algarve Central,"37.0274264, -7.9395984",249371,238692,95.72,10442,4.19,237,0.1,58.4599,31.3413
2018-11,Centro,ACES Baixo Vouga,"40.6405055, -8.6537539",386559,373663,96.66,10531,2.72,2365,0.61,71.8773,40.8964
2018-11,Centro,ACES Pinhal Interior Norte,"40.1151262, -8.2473136",130099,123764,95.13,5534,4.25,801,0.62,74.2824,57.5614
2018-11,Centro,ACES Pinhal Litoral,"39.7495331, -8.807683",268297,262338,97.78,5304,1.98,655,0.24,67.6134,49.4301
2018-11,Lisboa e Vale do Tejo,ACES Almada / Seixal,"38.6678522, -9.1875777",345378,310245,89.83,34225,9.91,908,0.26,62.8493,24.7232
2018-11,Lisboa e Vale do Tejo,ACES Arco Ribeirinho,"38.6672076, -9.0543329",218626,171052,78.24,47420,21.69,154,0.07,58.7035,44.6243
2018-11,Lisboa e Vale do Tejo,ACES Loures / Odivelas,"38.8012718, -9.1137868",359823,316129,87.86,43634,12.13,60,0.02,59.3501,36.8855
2018-11,Lisboa e Vale do Tejo,ACES Médio Tejo,"39.478072, -8.5404429",225492,209970,93.12,14987,6.65,535,0.24,69.7239,56.3828
2018-11,Lisboa e Vale do Tejo,ACES Sintra,"38.7519209, -9.2753636",358792,282349,78.69,75617,21.08,826,0.23,57.33,42.7288
2018-11,Norte,ACES Alto Ave,"41.4417064, -8.1722408",270793,270491,99.89,215,0.08,87,0.03,76.3881,20.462
2018-11,Norte,ACES Barcelos / Esposende,"41.5317419, -8.6178922",157394,157026,99.77,305,0.19,63,0.04,75.7969,49.4536
2018-11,Norte,ACES Douro Sul,"41.0953745, -7.8123805",73130,72939,99.74,81,0.11,110,0.15,73.4863,15.7068
2018-11,Norte,ACES Póvoa do Varzim / Vila do Conde,"41.355519, -8.746653",150645,150597,99.97,35,0.02,13,0.01,71.4543,34.0426
2018-11,Norte,ACES Santo Tirso / Trofa,"41.3469246, -8.4822648",115710,115457,99.78,232,0.2,21,0.02,74.278,26.5403
2018-12,Alentejo,ACES Baixo Alentejo,"38.0153039, -7.8627308",123987,119258,96.19,4295,3.46,434,0.35,71.9254,61.4718
2018-12,Lisboa e Vale do Tejo,ACES Lisboa Ocidental e Oeiras,"38.6914388, -9.3184304",248297,232027,93.45,15738,6.34,532,0.21,56.0426,37.4985
2018-12,Lisboa e Vale do Tejo,ACES Loures / Odivelas,"38.8012718, -9.1137868",359627,314830,87.54,44736,12.44,61,0.02,59.3981,36.4539
2018-12,Lisboa e Vale do Tejo,ACES Sintra,"38.7519209, -9.2753636",359178,281418,78.35,76927,21.42,833,0.23,57.4025,43.1635
2018-12,Norte,ACES Espinho / Gaia,"41.0022421, -8.642018",183640,181100,98.62,2444,1.33,96,0.05,73.3002,67.6378
2018-12,Norte,ACES Gondomar,"41.1738444, -8.5612238",167706,167571,99.92,67,0.04,68,0.04,74.3209,25.9259
2018-12,Norte,ACES Maia / Valongo,"41.2333945, -8.6187474",219617,216996,98.81,2528,1.15,93,0.04,71.3782,51.1255
2018-12,Norte,ACES Nordeste,"41.8069684, -6.7587977",131611,130077,98.83,665,0.51,869,0.66,74.8034,36.2451
2018-12,Norte,ACES Porto Ocidental,"41.1741353, -8.6691662",170250,169153,99.36,543,0.32,554,0.33,60.0395,24.8861
2018-12,Norte,ACES Porto Oriental,"41.1694498, -8.6126428",117689,116921,99.35,731,0.62,37,0.03,69.4729,52.474
2018-12,Norte,ACES Vale do Sousa Norte,"41.2793583, -8.2787457",160243,153554,95.83,6681,4.17,8,0.0,77.1124,66.6019
2019-01,Centro,ACES Guarda,"40.5353285, -7.2724426",148751,140551,94.49,6635,4.46,1565,1.05,71.8133,43.0854
2019-01,Lisboa e Vale do Tejo,ACES Amadora,"38.7573081, -9.23429",172642,119773,69.38,52628,30.48,241,0.14,56.0976,42.4437
2019-01,Lisboa e Vale do Tejo,ACES Arco Ribeirinho,"38.6672076, -9.0543329",218844,171583,78.4,47103,21.52,158,0.07,58.8011,45.024
2019-01,Lisboa e Vale do Tejo,ACES Lezíria,"39.2371689, -8.6908895",194501,170037,87.42,23779,12.23,685,0.35,69.1649,50.1589
2019-01,Lisboa e Vale do Tejo,ACES Lisboa Norte,"38.7396924, -9.168506",261777,234985,89.77,26400,10.08,392,0.15,54.2561,32.6315
2019-01,Lisboa e Vale do Tejo,ACES Oeste Norte,"39.410844, -9.1396215",179033,149030,83.24,29708,16.59,295,0.16,68.7693,55.3259
2019-01,Lisboa e Vale do Tejo,ACES Oeste Sul,"39.0917759, -9.2600341",197853,173424,87.65,23849,12.05,580,0.29,67.5325,46.9779
2019-01,Norte,ACES Alto Ave,"41.4417064, -8.1722408",270949,270636,99.88,230,0.08,83,0.03,76.3581,16.6134
2019-01,Norte,ACES Maia / Valongo,"41.2333945, -8.6187474",219654,217076,98.83,2488,1.13,90,0.04,71.3733,49.3597
2019-01,Norte,ACES Nordeste,"41.8069684, -6.7587977",131656,128561,97.65,2244,1.7,851,0.65,74.67,59.1599
2019-02,Alentejo,ACES Alentejo Central,"38.8442031, -7.5826619",166994,166714,99.83,93,0.06,187,0.11,74.9166,64.3796
2019-02,Centro,ACES Pinhal Litoral,"39.7495331, -8.807683",269111,266011,98.85,2461,0.91,639,0.24,67.8207,30.7049
2019-02,Lisboa e Vale do Tejo,ACES Lezíria,"39.2371689, -8.6908895",194657,173406,89.08,20602,10.58,649,0.33,69.1306,53.957
2019-02,Lisboa e Vale do Tejo,ACES Lisboa Central,"38.7306317, -9.1510414",287383,246332,85.72,39942,13.9,1109,0.39,52.6384,27.6774
2019-02,Lisboa e Vale do Tejo,ACES Lisboa Norte,"38.7396924, -9.168506",262355,235705,89.84,26203,9.99,447,0.17,54.204,32.6735
2019-02,Lisboa e Vale do Tejo,ACES Lisboa Ocidental e Oeiras,"38.6914388, -9.3184304",248224,229770,92.57,17920,7.22,534,0.22,56.1228,37.1562
2019-02,Norte,ACES Ave / Famalicão,"41.3835805, -8.4157518",124013,123283,99.41,718,0.58,12,0.01,72.3551,49.0411
2019-02,Norte,ACES Aveiro Norte,"40.8472225, -8.4656674",117841,117747,99.92,38,0.03,56,0.05,73.9154,25.5319
2019-02,Norte,ACES Gaia,"41.1278433, -8.580396",154950,149560,96.52,5343,3.45,47,0.03,69.5831,54.3482
2019-02,Norte,ACES Gerês / Cabreira,"41.6298661, -8.3596897",106758,106700,99.95,56,0.05,2,0.0,74.2714,38.5965
2019-02,Norte,ACES Porto Ocidental,"41.1741353, -8.6691662",170479,169205,99.25,574,0.34,700,0.41,65.4567,34.6154
2019-02,Norte,ACES Póvoa do Varzim / Vila do Conde,"41.355519, -8.746653",150699,150671,99.98,15,0.01,13,0.01,72.112,24.0
2019-02,Norte,ACES Vale do Sousa Sul,"41.1548155, -8.2163769",173540,171955,99.09,1560,0.9,25,0.01,76.3177,74.5741
2019-03,Alentejo,ACES Alentejo Litoral,"38.3841359, -8.5132031",95255,84605,88.82,10550,11.08,100,0.1,63.7951,49.7006
2019-03,Algarve,ACES Algarve Central,"37.0274264, -7.9395984",252643,237553,94.03,14804,5.86,286,0.11,58.2165,33.7309
2019-03,Lisboa e Vale do Tejo,ACES Arco Ribeirinho,"38.6672076, -9.0543329",219506,170966,77.89,48368,22.03,172,0.08,58.8266,45.2204
2019-03,Lisboa e Vale do Tejo,ACES Arrábida,"38.5324373, -8.8627453",230083,170521,74.11,58808,25.56,754,0.33,62.1845,47.5068
2019-03,Lisboa e Vale do Tejo,ACES Cascais,"38.69904, -9.3818008",206053,182557,88.6,22379,10.86,1117,0.54,54.9276,28.9922
2019-03,Lisboa e Vale do Tejo,ACES Loures / Odivelas,"38.8012718, -9.1137868",361083,312553,86.56,48411,13.41,119,0.03,58.6433,33.8265
2019-03,Lisboa e Vale do Tejo,ACES Oeste Norte,"39.410844, -9.1396215",179329,152095,84.81,26943,15.02,291,0.16,68.3844,53.7171
2019-03,Norte,ACES Ave / Famalicão,"41.3835805, -8.4157518",124067,123347,99.42,712,0.57,8,0.01,72.3536,48.8889
2019-03,Norte,ACES Feira e Arouca,"40.9263169, -8.5478813",153164,151938,99.2,1081,0.71,145,0.09,74.225,68.5971
2019-03,Norte,ACES Marão e Douro Norte,"41.2968711, -7.7483727",105874,104031,98.26,1509,1.43,334,0.32,75.7759,63.6167
2019-04,Algarve,ACES Algarve Barlavento,"37.1387554, -8.5445093",168445,126390,75.03,41049,24.37,1006,0.6,58.5825,48.836
2019-04,Lisboa e Vale do Tejo,ACES Amadora,"38.7573081, -9.23429",173517,123802,71.35,49271,28.4,444,0.26,55.9426,42.3321
2019-04,Lisboa e Vale do Tejo,ACES Cascais,"38.69904, -9.3818008",206997,182522,88.18,23301,11.26,1174,0.57,54.9713,29.144
2019-04,Lisboa e Vale do Tejo,ACES Lezíria,"39.2371689, -8.6908895",194919,169606,87.01,24649,12.65,664,0.34,69.0764,52.2581
2019-04,Norte,ACES Alto Minho,"41.7056054, -8.8252713",246043,242175,98.43,3598,1.46,270,0.11,76.1012,62.6359
2019-04,Norte,ACES Alto Tâmega e Barroso,"41.741781, -7.4731648",90395,89394,98.89,833,0.92,168,0.19,74.0174,27.0916
2019-04,Norte,ACES Baixo Tâmega,"41.2719719, -8.0791631",167849,161716,96.35,5781,3.44,352,0.21,75.3278,65.3251
2019-04,Norte,ACES Maia / Valongo,"41.2333945, -8.6187474",219891,216989,98.68,2818,1.28,84,0.04,71.3616,48.0179
2019-04,Norte,ACES Póvoa do Varzim / Vila do Conde,"41.355519, -8.746653",150941,150368,99.62,558,0.37,15,0.01,71.7113,42.4825
2019-05,Centro,ACES Guarda,"40.5353285, -7.2724426",148535,141086,94.99,5873,3.95,1576,1.06,71.6402,41.3613
2019-05,Lisboa e Vale do Tejo,ACES Arrábida,"38.5324373, -8.8627453",230347,168500,73.15,61088,26.52,759,0.33,62.3167,48.852
2019-05,Lisboa e Vale do Tejo,ACES Cascais,"38.69904, -9.3818008",206871,182458,88.2,23250,11.24,1163,0.56,54.7689,29.472
2019-05,Lisboa e Vale do Tejo,ACES Estuário do Tejo,"38.9528113, -8.9911154",230761,193964,84.05,35852,15.54,945,0.41,60.6162,47.0649
2019-05,Norte,ACES Barcelos / Esposende,"41.5317419, -8.6178922",157720,155368,98.51,2292,1.45,60,0.04,76.0619,72.1821
2019-05,Norte,ACES Feira e Arouca,"40.9263169, -8.5478813",152896,151645,99.18,1106,0.72,145,0.09,74.3896,70.024
2019-06,Alentejo,ACES Alentejo Central,"38.8442031, -7.5826619",166952,163824,98.13,2900,1.74,228,0.14,76.0123,76.4706
2019-06,Algarve,ACES Algarve Central,"37.0274264, -7.9395984",254511,234433,92.11,19741,7.76,337,0.13,57.9794,36.8856
2019-06,Centro,ACES Dão Lafões,"40.6565861, -7.9124712",270618,262066,96.84,8144,3.01,408,0.15,71.5388,62.7382
2019-06,Centro,ACES Guarda,"40.5353285, -7.2724426",148548,141029,94.94,5921,3.99,1598,1.08,71.4671,40.6304
2019-06,Lisboa e Vale do Tejo,ACES Lisboa Central,"38.7306317, -9.1510414",289434,244127,84.35,44108,15.24,1199,0.41,52.19,28.6845
2019-06,Lisboa e Vale do Tejo,ACES Loures / Odivelas,"38.8012718, -9.1137868",361853,313895,86.75,47888,13.23,70,0.02,58.4663,34.599
2019-06,Lisboa e Vale do Tejo,ACES Sintra,"38.7519209, -9.2753636",362498,273716,75.51,87933,24.26,849,0.23,57.6052,44.0495
2019-06,Norte,ACES Alto Tâmega e Barroso,"41.741781, -7.4731648",90442,89436,98.89,844,0.93,162,0.18,73.8341,28.444
2019-06,Norte,ACES Baixo Tâmega,"41.2719719, -8.0791631",167734,161678,96.39,5706,3.4,350,0.21,75.1869,65.7473
2019-06,Norte,ACES Gerês / Cabreira,"41.6298661, -8.3596897",106705,103422,96.92,3280,3.07,3,0.0,74.7378,68.5958
2019-06,Norte,ACES Gondomar,"41.1738444, -8.5612238",168244,165142,98.16,3035,1.8,67,0.04,73.8806,53.3527
2019-06,Norte,ACES Vale do Sousa Sul,"41.1548155, -8.2163769",173333,170159,98.17,3151,1.82,23,0.01,76.6184,79.1745
2019-07,Centro,ACES Baixo Vouga,"40.6405055, -8.6537539",390523,375527,96.16,12588,3.22,2408,0.62,71.2515,40.3871
2019-07,Centro,ACES Pinhal Interior Sul,"39.7510898, -7.9203657",30805,30169,97.94,476,1.55,160,0.52,78.919,54.7881
2019-07,Lisboa e Vale do Tejo,ACES Arco Ribeirinho,"38.6672076, -9.0543329",220793,173282,78.48,47339,21.44,172,0.08,58.8321,44.9443
2019-07,Lisboa e Vale do Tejo,ACES Estuário do Tejo,"38.9528113, -8.9911154",232132,205018,88.32,26226,11.3,888,0.38,60.7855,49.2746
2019-07,Lisboa e Vale do Tejo,ACES Oeste Norte,"39.410844, -9.1396215",179670,161231,89.74,18177,10.12,262,0.15,69.5806,53.4806
2019-07,Lisboa e Vale do Tejo,ACES Oeste Sul,"39.0917759, -9.2600341",201359,180229,89.51,20587,10.22,543,0.27,66.5327,46.5672
2019-07,Norte,ACES Baixo Tâmega,"41.2719719, -8.0791631",167702,163370,97.42,3986,2.38,346,0.21,75.0476,58.6851
2019-07,Norte,ACES Feira e Arouca,"40.9263169, -8.5478813",153016,151714,99.15,1155,0.75,147,0.1,74.0313,70.1997
2019-07,Norte,ACES Porto Oriental,"41.1694498, -8.6126428",118175,117137,99.12,998,0.84,40,0.03,69.3616,49.5635
2019-07,Norte,ACES Póvoa do Varzim / Vila do Conde,"41.355519, -8.746653",151433,151399,99.98,24,0.02,10,0.01,71.2902,37.1429
2019-08,Centro,ACES Pinhal Interior Sul,"39.7510898, -7.9203657",30853,30248,98.04,470,1.52,135,0.44,78.8513,57.5207
2019-08,Centro,ACES Pinhal Litoral,"39.7495331, -8.807683",270346,262365,97.05,7328,2.71,653,0.24,68.0905,54.2914
2019-08,Lisboa e Vale do Tejo,ACES Arrábida,"38.5324373, -8.8627453",232142,178307,76.81,53467,23.03,368,0.16,62.0874,48.1898
2019-08,Lisboa e Vale do Tejo,ACES Lisboa Central,"38.7306317, -9.1510414",290748,257153,88.45,32362,11.13,1233,0.42,51.7513,19.9613
2019-08,Norte,ACES Alto Tâmega e Barroso,"41.741781, -7.4731648",90456,89658,99.12,623,0.69,175,0.19,73.6413,26.2654
2019-08,Norte,ACES Ave / Famalicão,"41.3835805, -8.4157518",124443,123752,99.44,529,0.43,162,0.13,73.1692,45.7308
2019-08,Norte,ACES Braga,"41.5518714, -8.4126362",196795,196284,99.74,508,0.26,3,0.0,71.6187,0.974659
2019-08,Norte,ACES Matosinhos,"41.1918541, -8.6590693",175252,173057,98.75,1947,1.11,248,0.14,72.4734,47.0159
2019-09,Alentejo,ACES São Mamede,"39.2967086, -7.4284755",115037,107860,93.76,6994,6.08,183,0.16,72.0344,72.2129
2019-09,Centro,ACES Pinhal Interior Norte,"40.1151262, -8.2473136",130497,124070,95.07,5670,4.34,757,0.58,73.7841,57.2493
2019-09,Lisboa e Vale do Tejo,ACES Arrábida,"38.5324373, -8.8627453",231640,178310,76.98,52964,22.86,366,0.16,62.3718,49.2208
2019-09,Lisboa e Vale do Tejo,ACES Loures / Odivelas,"38.8012718, -9.1137868",363656,321995,88.54,41597,11.44,64,0.02,58.3989,36.3802
2019-09,Norte,ACES Baixo Tâmega,"41.2719719, -8.0791631",167647,164689,98.24,2607,1.56,351,0.21,75.0832,61.1168
2019-09,Norte,ACES Gaia,"41.1278433, -8.580396",156555,148955,95.15,7517,4.8,83,0.05,69.5375,53.586
2019-09,Norte,ACES Nordeste,"41.8069684, -6.7587977",131518,130728,99.4,177,0.13,613,0.47,73.9089,16.962
2019-09,Norte,ACES Vale do Sousa Norte,"41.2793583, -8.2787457",160838,158865,98.77,1963,1.22,10,0.01,77.113,79.3313
2019-10,Alentejo,ACES Baixo Alentejo,"38.0153039, -7.8627308",124416,118340,95.12,5677,4.56,399,0.32,72.6033,65.0484
2019-10,Alentejo,ACES São Mamede,"39.2967086, -7.4284755",115080,107917,93.78,6975,6.06,188,0.16,72.1171,71.1413
2019-10,Centro,ACES Baixo Mondego,"40.2150023, -8.4071805",389334,379274,97.42,7464,1.92,2596,0.67,70.9234,39.2672
2019-10,Centro,ACES Guarda,"40.5353285, -7.2724426",148971,142573,95.71,4780,3.21,1618,1.09,71.569,38.8082
2019-10,Lisboa e Vale do Tejo,ACES Amadora,"38.7573081, -9.23429",174191,125132,71.84,48637,27.92,422,0.24,55.5656,40.1948
2019-10,Lisboa e Vale do Tejo,ACES Arrábida,"38.5324373, -8.8627453",232079,178289,76.82,53419,23.02,371,0.16,62.5619,49.5573
2019-10,Lisboa e Vale do Tejo,ACES Lisboa Ocidental e Oeiras,"38.6914388, -9.3184304",250710,231353,92.28,18840,7.51,517,0.21,55.9585,35.4306
2019-10,Norte,ACES Barcelos / Esposende,"41.5317419, -8.6178922",157907,155541,98.5,2307,1.46,59,0.04,76.241,48.4163
2019-10,Norte,ACES Gaia,"41.1278433, -8.580396",156682,148906,95.04,7686,4.91,90,0.06,69.6765,48.4397
2019-10,Norte,ACES Porto Oriental,"41.1694498, -8.6126428",118503,114520,96.64,3944,3.33,39,0.03,69.4022,39.7033
2019-11,Alentejo,ACES Baixo Alentejo,"38.0153039, -7.8627308",124376,118381,95.18,5601,4.5,394,0.32,72.636,64.9325
2019-11,Centro,ACES Dão Lafões,"40.6565861, -7.9124712",271655,266320,98.04,4935,1.82,400,0.15,71.9016,41.8853
2019-11,Centro,ACES Pinhal Interior Norte,"40.1151262, -8.2473136",130594,124168,95.08,5659,4.33,767,0.59,74.6091,55.3069
2019-11,Lisboa e Vale do Tejo,ACES Lisboa Norte,"38.7396924, -9.168506",267908,243679,90.96,23558,8.79,671,0.25,54.0076,29.924
2019-11,Norte,ACES Ave / Famalicão,"41.3835805, -8.4157518",124800,124286,99.59,366,0.29,148,0.12,73.9783,50.677
2019-11,Norte,ACES Aveiro Norte,"40.8472225, -8.4656674",118474,116985,98.74,1436,1.21,53,0.04,74.5499,68.7207
2019-11,Norte,ACES Maia / Valongo,"41.2333945, -8.6187474",220231,218980,99.43,1169,0.53,82,0.04,71.5052,32.9864
2019-11,Norte,ACES Porto Ocidental,"41.1741353, -8.6691662",172914,169323,97.92,3098,1.79,493,0.29,65.4674,56.6471
2019-11,Norte,ACES Porto Oriental,"41.1694498, -8.6126428",118504,114560,96.67,3904,3.29,40,0.03,69.535,45.1343
2019-11,Norte,ACES Póvoa do Varzim / Vila do Conde,"41.355519, -8.746653",151850,151820,99.98,16,0.01,14,0.01,71.3637,31.0345
2019-11,Norte,ACES Vale do Sousa Norte,"41.2793583, -8.2787457",161062,159102,98.78,1950,1.21,10,0.01,77.4411,79.6022
2019-12,Alentejo,ACES Alentejo Litoral,"38.3841359, -8.5132031",96838,84269,87.02,12476,12.88,93,0.1,61.7454,49.7643
2019-12,Centro,ACES Pinhal Litoral,"39.7495331, -8.807683",271212,265700,97.97,4837,1.78,675,0.25,68.8731,48.4005
2019-12,Lisboa e Vale do Tejo,ACES Almada / Seixal,"38.6678522, -9.1875777",351275,319017,90.82,31189,8.88,1069,0.3,63.1976,31.896
2019-12,Norte,ACES Alto Ave,"41.4417064, -8.1722408",272309,270391,99.3,1850,0.68,68,0.02,76.2766,70.2294
2019-12,Norte,ACES Aveiro Norte,"40.8472225, -8.4656674",118571,118498,99.94,20,0.02,53,0.04,74.7248,19.1781
2019-12,Norte,ACES Braga,"41.5518714, -8.4126362",198480,196637,99.07,1839,0.93,4,0.0,72.102,70.1735
2019-12,Norte,ACES Gondomar,"41.1738444, -8.5612238",168835,168630,99.88,140,0.08,65,0.04,74.4822,24.878
2019-12,Norte,ACES Marão e Douro Norte,"41.2968711, -7.7483727",106025,102778,96.94,2911,2.75,336,0.32,75.3153,61.195
2019-12,Norte,ACES Santo Tirso / Trofa,"41.3469246, -8.4822648",115275,114658,99.46,592,0.51,25,0.02,74.2737,29.3821
2020-01,Alentejo,ACES Alentejo Central,"38.8442031, -7.5826619",167481,163353,97.54,3882,2.32,246,0.15,74.9476,76.5423
2020-01,Lisboa e Vale do Tejo,ACES Arco Ribeirinho,"38.6672076, -9.0543329",221933,175229,78.96,46520,20.96,184,0.08,59.3272,45.9458
2020-01,Lisboa e Vale do Tejo,ACES Sintra,"38.7519209, -9.2753636",363874,273256,75.1,89870,24.7,748,0.21,58.173,46.6443
2020-01,Norte,ACES Alto Minho,"41.7056054, -8.8252713",247630,247267,99.85,102,0.04,261,0.11,76.2515,18.1818
2020-01,Norte,ACES Baixo Tâmega,"41.2719719, -8.0791631",167317,162918,97.37,4067,2.43,332,0.2,75.5275,66.8105
2020-01,Norte,ACES Barcelos / Esposende,"41.5317419, -8.6178922",157876,152291,96.46,5527,3.5,58,0.04,76.2655,68.5228
2020-01,Norte,ACES Gerês / Cabreira,"41.6298661, -8.3596897",107289,103698,96.65,3589,3.35,2,0.0,76.6192,71.5599
2020-01,Norte,ACES Maia / Valongo,"41.2333945, -8.6187474",220390,219906,99.78,407,0.18,77,0.03,71.5392,42.5311
2020-02,Centro,ACES Guarda,"40.5353285, -7.2724426",148592,143686,96.7,3230,2.17,1676,1.13,71.4258,34.6493
2020-02,Centro,ACES Pinhal Interior Sul,"39.7510898, -7.9203657",30916,30330,98.1,450,1.46,136,0.44,79.661,61.0922
2020-02,Centro,ACES Pinhal Litoral,"39.7495331, -8.807683",271724,264182,97.22,6835,2.52,707,0.26,68.7105,49.7676
2020-02,Lisboa e Vale do Tejo,ACES Lisboa Norte,"38.7396924, -9.168506",269660,243537,90.31,25373,9.41,750,0.28,53.8771,31.034
2020-02,Norte,ACES Baixo Tâmega,"41.2719719, -8.0791631",167217,161353,96.49,5534,3.31,330,0.2,75.4564,64.3588
2020-02,Norte,ACES Póvoa do Varzim / Vila do Conde,"41.355519, -8.746653",151748,151727,99.99,7,0.0,14,0.01,70.8181,42.8571
2020-03,Alentejo,ACES Alentejo Central,"38.8442031, -7.5826619",167388,160273,95.75,6855,4.1,260,0.16,73.9336,71.9122
2020-03,Lisboa e Vale do Tejo,ACES Lisboa Central,"38.7306317, -9.1510414",291617,250994,86.07,39474,13.54,1149,0.39,51.7055,28.7005
2020-03,Lisboa e Vale do Tejo,ACES Médio Tejo,"39.478072, -8.5404429",225321,205902,91.38,18965,8.42,454,0.2,70.3929,61.168
2020-03,Lisboa e Vale do Tejo,ACES Sintra,"38.7519209, -9.2753636",364542,272137,74.65,91671,25.15,734,0.2,57.7829,46.2187
2020-03,Norte,ACES Alto Ave,"41.4417064, -8.1722408",272252,263167,96.66,9017,3.31,68,0.02,75.7746,71.1926
2020-03,Norte,ACES Alto Tâmega e Barroso,"41.741781, -7.4731648",90347,86783,96.06,3391,3.75,173,0.19,73.7288,61.1438
2020-03,Norte,ACES Baixo Tâmega,"41.2719719, -8.0791631",167099,161258,96.5,5511,3.3,330,0.2,75.2283,63.5165
2020-03,Norte,ACES Braga,"41.5518714, -8.4126362",199289,191450,96.07,7835,3.93,4,0.0,71.8479,67.4786
2020-03,Norte,ACES Maia / Valongo,"41.2333945, -8.6187474",220472,219794,99.69,602,0.27,76,0.03,71.1365,36.5782
2020-03,Norte,ACES Porto Oriental,"41.1694498, -8.6126428",118681,116245,97.95,2394,2.02,42,0.04,69.2141,60.6732
2020-03,Norte,ACES Póvoa do Varzim / Vila do Conde,"41.355519, -8.746653",151734,151694,99.97,26,0.02,14,0.01,70.647,35.7143
2020-03,Norte,ACES Santo Tirso / Trofa,"41.3469246, -8.4822648",115195,114476,99.38,695,0.6,24,0.02,73.8009,29.0503
2020-03,Norte,ACES Vale do Sousa Norte,"41.2793583, -8.2787457",161091,159170,98.81,1913,1.19,8,0.0,76.7852,77.0953
2020-04,Alentejo,ACES Alentejo Litoral,"38.3841359, -8.5132031",96806,77617,80.18,19091,19.72,98,0.1,60.3186,52.58
2020-04,Centro,ACES Baixo Vouga,"40.6405055, -8.6537539",393596,374921,95.26,16322,4.15,2353,0.6,70.489,49.3708
2020-04,Centro,ACES Dão Lafões,"40.6565861, -7.9124712",271727,264513,97.35,6832,2.51,382,0.14,71.378,45.1304
2020-04,Lisboa e Vale do Tejo,ACES Cascais,"38.69904, -9.3818008",210006,178035,84.78,30361,14.46,1610,0.77,54.8099,34.9134
2020-04,Norte,ACES Alto Ave,"41.4417064, -8.1722408",272010,263132,96.74,8811,3.24,67,0.02,75.0399,71.7761
2020-04,Norte,ACES Alto Minho,"41.7056054, -8.8252713",247567,247176,99.84,127,0.05,264,0.11,75.2809,17.9949
2020-04,Norte,ACES Aveiro Norte,"40.8472225, -8.4656674",118608,118528,99.93,26,0.02,54,0.05,73.737,22.8916
2020-04,Norte,ACES Feira e Arouca,"40.9263169, -8.5478813",153491,148856,96.98,4491,2.93,144,0.09,73.2701,70.9169
2020-04,Norte,ACES Porto Ocidental,"41.1741353, -8.6691662",173248,163112,94.15,9941,5.74,195,0.11,65.0668,43.6464
2020-04,Norte,ACES Póvoa do Varzim / Vila do Conde,"41.355519, -8.746653",151668,151632,99.98,22,0.01,14,0.01,69.9811,50.0
2020-04,Norte,ACES Santo Tirso / Trofa,"41.3469246, -8.4822648",115150,114412,99.36,713,0.62,25,0.02,73.2948,28.5088
2020-04,Norte,ACES Vale do Sousa Sul,"41.1548155, -8.2163769",173144,173130,99.99,0,0.0,14,0.01,75.903,14.2857
2020-05,Alentejo,ACES Alentejo Central,"38.8442031, -7.5826619",167224,156774,93.75,10190,6.09,260,0.16,72.367,68.8355
2020-05,Lisboa e Vale do Tejo,ACES Cascais,"38.69904, -9.3818008",208422,176852,84.85,29814,14.3,1756,0.84,54.5465,36.9542
2020-05,Norte,ACES Alto Minho,"41.7056054, -8.8252713",247506,245625,99.24,1615,0.65,266,0.11,74.4691,56.6259
2020-05,Norte,ACES Alto Tâmega e Barroso,"41.741781, -7.4731648",90227,86680,96.07,3372,3.74,175,0.19,72.2215,61.4366
2020-05,Norte,ACES Douro Sul,"41.0953745, -7.8123805",69714,67817,97.28,1750,2.51,147,0.21,74.712,65.2609
2020-05,Norte,ACES Espinho / Gaia,"41.0022421, -8.642018",184087,174987,95.06,9034,4.91,66,0.04,70.6437,64.2857
2020-06,Algarve,ACES Algarve Sotavento,"37.383008, -7.7293275",59780,57222,95.72,2499,4.18,59,0.1,64.0967,20.5629
2020-06,Centro,ACES Baixo Mondego,"40.2150023, -8.4071805",389477,370289,95.07,16601,4.26,2587,0.66,69.042,47.6493
2020-06,Centro,ACES Cova da Beira,"40.2677741, -7.4995083",86182,80379,93.27,5630,6.53,173,0.2,66.9811,50.3188
2020-06,Centro,ACES Pinhal Interior Norte,"40.1151262, -8.2473136",130312,123921,95.1,5625,4.32,766,0.59,71.5537,47.9962
2020-06,Lisboa e Vale do Tejo,ACES Arco Ribeirinho,"38.6672076, -9.0543329",218419,169739,77.71,48490,22.2,190,0.09,58.4189,49.3694
2020-06,Lisboa e Vale do Tejo,ACES Cascais,"38.69904, -9.3818008",208692,177995,85.29,28937,13.87,1760,0.84,54.5342,36.7494
2020-06,Lisboa e Vale do Tejo,ACES Lisboa Ocidental e Oeiras,"38.6914388, -9.3184304",246007,224511,91.26,20970,8.52,526,0.21,55.2718,40.3475
2020-06,Lisboa e Vale do Tejo,ACES Loures / Odivelas,"38.8012718, -9.1137868",364217,323938,88.94,40198,11.04,81,0.02,57.2825,38.058
2020-06,Lisboa e Vale do Tejo,ACES Oeste Norte,"39.410844, -9.1396215",179881,168491,93.67,11136,6.19,254,0.14,67.4446,49.6077
2020-06,Lisboa e Vale do Tejo,ACES Sintra,"38.7519209, -9.2753636",357589,264211,73.89,92649,25.91,729,0.2,56.7828,48.0628
2020-06,Norte,ACES Espinho / Gaia,"41.0022421, -8.642018",183918,174934,95.12,8916,4.85,68,0.04,70.3443,64.6037
2020-06,Norte,ACES Gerês / Cabreira,"41.6298661, -8.3596897",107293,102732,95.75,4557,4.25,4,0.0,73.9459,75.0
2020-06,Norte,ACES Gondomar,"41.1738444, -8.5612238",169058,168864,99.89,127,0.08,67,0.04,72.6508,20.6186
2020-06,Norte,ACES Marão e Douro Norte,"41.2968711, -7.7483727",105820,104029,98.31,1545,1.46,246,0.23,73.1993,65.2708
2020-06,Norte,ACES Porto Ocidental,"41.1741353, -8.6691662",173339,159866,92.23,13280,7.66,193,0.11,64.2034,48.0992
2020-06,Norte,ACES Porto Oriental,"41.1694498, -8.6126428",118626,116267,98.01,2314,1.95,45,0.04,67.4914,64.5586
2020-06,Norte,ACES Vale do Sousa Sul,"41.1548155, -8.2163769",172838,172821,99.99,3,0.0,14,0.01,75.05,11.7647
2020-07,Alentejo,ACES Alentejo Central,"38.8442031, -7.5826619",167086,158867,95.08,7956,4.76,263,0.16,71.6613,70.1302
2020-07,Alentejo,ACES Alentejo Litoral,"38.3841359, -8.5132031",96986,80677,83.18,16202,16.71,107,0.11,58.6332,47.4131
2020-07,Algarve,ACES Algarve Barlavento,"37.1387554, -8.5445093",173234,128503,74.18,43706,25.23,1025,0.59,56.6808,27.7542
2020-07,Centro,ACES Pinhal Interior Sul,"39.7510898, -7.9203657",30931,29647,95.85,1143,3.7,141,0.46,77.6244,68.1464
2020-07,Centro,ACES Pinhal Litoral,"39.7495331, -8.807683",272501,260002,95.41,11713,4.3,786,0.29,66.4184,52.984
2020-07,Lisboa e Vale do Tejo,ACES Oeste Sul,"39.0917759, -9.2600341",202598,171675,84.74,30381,15.0,542,0.27,63.9631,50.0922
2020-07,Norte,ACES Ave / Famalicão,"41.3835805, -8.4157518",124661,121112,97.15,3408,2.73,141,0.11,70.3468,43.9842
2020-07,Norte,ACES Baixo Tâmega,"41.2719719, -8.0791631",166770,156487,93.83,9951,5.97,332,0.2,73.0575,65.3506
2020-07,Norte,ACES Gaia,"41.1278433, -8.580396",157540,143044,90.8,14387,9.13,109,0.07,67.2329,51.0762
2020-07,Norte,ACES Gerês / Cabreira,"41.6298661, -8.3596897",107351,101096,94.17,6251,5.82,4,0.0,73.1076,73.7288
2020-07,Norte,ACES Gondomar,"41.1738444, -8.5612238",169160,168960,99.88,133,0.08,67,0.04,72.3216,23.0
2020-07,Norte,ACES Matosinhos,"41.1918541, -8.6590693",175849,174965,99.5,744,0.42,140,0.08,69.7663,26.1312
2020-08,Alentejo,ACES São Mamede,"39.2967086, -7.4284755",114485,103963,90.81,10339,9.03,183,0.16,69.7144,67.8072
2020-08,Algarve,ACES Algarve Sotavento,"37.383008, -7.7293275",59950,57218,95.44,2674,4.46,58,0.1,63.0129,19.9927
2020-08,Centro,ACES Dão Lafões,"40.6565861, -7.9124712",271689,258900,95.29,12413,4.57,376,0.14,69.038,54.0272
2020-08,Centro,ACES Pinhal Interior Sul,"39.7510898, -7.9203657",30942,29668,95.88,1132,3.66,142,0.46,77.3666,68.239
2020-08,Lisboa e Vale do Tejo,ACES Amadora,"38.7573081, -9.23429",169681,119885,70.65,49402,29.11,394,0.23,53.4261,42.9814
2020-08,Lisboa e Vale do Tejo,ACES Arco Ribeirinho,"38.6672076, -9.0543329",219193,167193,76.28,51810,23.64,190,0.09,57.267,48.1201
2020-08,Lisboa e Vale do Tejo,ACES Médio Tejo,"39.478072, -8.5404429",223879,196051,87.57,27462,12.27,366,0.16,68.8527,63.2502
2020-08,Norte,ACES Douro Sul,"41.0953745, -7.8123805",69560,65056,93.53,4380,6.3,124,0.18,73.7496,69.3538
2020-08,Norte,ACES Espinho / Gaia,"41.0022421, -8.642018",183883,173279,94.23,10535,5.73,69,0.04,69.5887,65.4343
2020-08,Norte,ACES Gondomar,"41.1738444, -8.5612238",169211,164099,96.98,5051,2.99,61,0.04,72.041,63.8693
2020-08,Norte,ACES Porto Ocidental,"41.1741353, -8.6691662",173685,158203,91.09,15288,8.8,194,0.11,63.5244,50.2358
2020-09,Alentejo,ACES Alentejo Central,"38.8442031, -7.5826619",167222,157135,93.97,9825,5.88,262,0.16,71.2358,71.2402
2020-09,Alentejo,ACES Baixo Alentejo,"38.0153039, -7.8627308",123926,115485,93.19,8057,6.5,384,0.31,69.2066,62.1163
2020-09,Centro,ACES Baixo Vouga,"40.6405055, -8.6537539",394138,366526,92.99,25278,6.41,2334,0.59,68.0744,49.4838
2020-09,Lisboa e Vale do Tejo,ACES Arco Ribeirinho,"38.6672076, -9.0543329",219415,166213,75.75,53011,24.16,191,0.09,57.1223,48.2764
2020-09,Lisboa e Vale do Tejo,ACES Lisboa Ocidental e Oeiras,"38.6914388, -9.3184304",246252,222135,90.21,23607,9.59,510,0.21,54.8337,40.2164
2020-09,Norte,ACES Alto Ave,"41.4417064, -8.1722408",272145,252940,92.94,19130,7.03,75,0.03,72.904,69.4402
2020-09,Norte,ACES Baixo Tâmega,"41.2719719, -8.0791631",165356,154520,93.45,10514,6.36,322,0.19,72.5176,65.7621
2020-09,Norte,ACES Douro Sul,"41.0953745, -7.8123805",69558,65078,93.56,4346,6.25,134,0.19,73.5846,69.1741
2020-09,Norte,ACES Gondomar,"41.1738444, -8.5612238",169179,163657,96.74,5461,3.23,61,0.04,71.9652,65.2251
2020-10,Centro,ACES Baixo Mondego,"40.2150023, -8.4071805",389932,374254,95.98,13308,3.41,2370,0.61,68.2005,39.653
2020-10,Centro,ACES Cova da Beira,"40.2677741, -7.4995083",86153,85028,98.69,1031,1.2,94,0.11,67.1228,59.3778
2020-10,Centro,ACES Dão Lafões,"40.6565861, -7.9124712",272193,264149,97.04,7674,2.82,370,0.14,68.6472,46.2954
2020-10,Centro,ACES Guarda,"40.5353285, -7.2724426",149779,143953,96.11,2636,1.76,3190,2.13,67.7507,34.9983
2020-10,Centro,ACES Pinhal Interior Sul,"39.7510898, -7.9203657",31042,28196,90.83,2700,8.7,146,0.47,76.9667,75.0527
2020-10,Lisboa e Vale do Tejo,ACES Amadora,"38.7573081, -9.23429",169954,119688,70.42,49869,29.34,397,0.23,52.5937,42.3069
2020-10,Lisboa e Vale do Tejo,ACES Sintra,"38.7519209, -9.2753636",358497,268137,74.79,89612,25.0,748,0.21,54.2268,43.89
2020-10,Norte,ACES Alto Ave,"41.4417064, -8.1722408",272662,261458,95.89,11129,4.08,75,0.03,73.1932,69.0378
2020-10,Norte,ACES Gondomar,"41.1738444, -8.5612238",169277,162710,96.12,6505,3.84,62,0.04,72.0444,64.5142
2020-10,Norte,ACES Matosinhos,"41.1918541, -8.6590693",176153,174811,99.24,1201,0.68,141,0.08,69.4653,32.7124
2020-10,Norte,ACES Nordeste,"41.8069684, -6.7587977",131468,124041,94.35,6628,5.04,799,0.61,71.7764,61.8689
2020-10,Norte,ACES Póvoa do Varzim / Vila do Conde,"41.355519, -8.746653",151816,150128,98.89,1669,1.1,19,0.01,67.8783,61.3744
2020-10,Norte,ACES Vale do Sousa Norte,"41.2793583, -8.2787457",160930,159053,98.83,1868,1.16,9,0.01,74.954,70.6979
2020-11,Algarve,ACES Algarve Barlavento,"37.1387554, -8.5445093",175307,134997,77.01,39268,22.4,1042,0.59,55.7875,33.1919
2020-11,Algarve,ACES Algarve Central,"37.0274264, -7.9395984",262880,238090,90.57,24453,9.3,337,0.13,53.8277,26.1648
2020-11,Lisboa e Vale do Tejo,ACES Lezíria,"39.2371689, -8.6908895",196103,176362,89.93,17976,9.17,1765,0.9,69.3781,50.5222
2020-11,Norte,ACES Aveiro Norte,"40.8472225, -8.4656674",118785,115260,97.03,3490,2.94,35,0.03,71.9982,69.1761
2020-11,Norte,ACES Gerês / Cabreira,"41.6298661, -8.3596897",107699,106345,98.74,1340,1.24,14,0.01,72.3973,67.8254
2020-11,Norte,ACES Póvoa do Varzim / Vila do Conde,"41.355519, -8.746653",151899,150124,98.83,1756,1.16,19,0.01,68.1182,60.5189
2020-11,Norte,ACES Vale do Sousa Norte,"41.2793583, -8.2787457",160903,158685,98.62,2209,1.37,9,0.01,75.8667,62.5789
2020-12,Alentejo,ACES Alentejo Central,"38.8442031, -7.5826619",167086,160812,96.25,6012,3.6,262,0.16,71.7639,74.3532
2020-12,Algarve,ACES Algarve Central,"37.0274264, -7.9395984",263983,239744,90.82,23885,9.05,354,0.13,53.8254,26.1689
2020-12,Centro,ACES Dão Lafões,"40.6565861, -7.9124712",272411,265544,97.48,6498,2.39,369,0.14,68.9962,45.6265
2020-12,Centro,ACES Guarda,"40.5353285, -7.2724426",150806,145626,96.57,2266,1.5,2914,1.93,67.821,37.9072
2020-12,Lisboa e Vale do Tejo,ACES Almada / Seixal,"38.6678522, -9.1875777",351266,313703,89.31,36452,10.38,1111,0.32,59.1161,40.7309
2020-12,Lisboa e Vale do Tejo,ACES Lezíria,"39.2371689, -8.6908895",196105,175738,89.61,18589,9.48,1778,0.91,69.3781,50.5222
2020-12,Lisboa e Vale do Tejo,ACES Lisboa Norte,"38.7396924, -9.168506",267882,241102,90.0,23607,8.81,3173,1.18,52.2427,26.2521
2020-12,Lisboa e Vale do Tejo,ACES Oeste Sul,"39.0917759, -9.2600341",205153,186366,90.84,18264,8.9,523,0.25,62.4157,38.1759
2020-12,Norte,ACES Ave / Famalicão,"41.3835805, -8.4157518",124803,121072,97.01,3589,2.88,142,0.11,70.7046,45.4279
2020-12,Norte,ACES Aveiro Norte,"40.8472225, -8.4656674",118724,116861,98.43,1830,1.54,33,0.03,71.999,69.1761
2020-12,Norte,ACES Baixo Tâmega,"41.2719719, -8.0791631",164857,161021,97.67,3535,2.14,301,0.18,73.046,66.2557
2020-12,Norte,ACES Barcelos / Esposende,"41.5317419, -8.6178922",158059,148532,93.97,9468,5.99,59,0.04,71.2944,62.4028
2020-12,Norte,ACES Espinho / Gaia,"41.0022421, -8.642018",184668,180168,97.56,4435,2.4,65,0.04,69.6316,61.2001
2020-12,Norte,ACES Santo Tirso / Trofa,"41.3469246, -8.4822648",115131,114148,99.15,957,0.83,26,0.02,71.9918,30.1754
2021-01,Alentejo,ACES Alentejo Central,"38.8442031, -7.5826619",166895,159585,95.62,7046,4.22,264,0.16,72.3203,72.7086
2021-01,Algarve,ACES Algarve Central,"37.0274264, -7.9395984",264994,239721,90.46,24919,9.4,354,0.13,53.4989,28.849
2021-01,Centro,ACES Guarda,"40.5353285, -7.2724426",150684,142816,94.78,4966,3.3,2902,1.93,67.6615,42.2471
2021-01,Lisboa e Vale do Tejo,ACES Estuário do Tejo,"38.9528113, -8.9911154",232393,182953,78.73,48720,20.96,720,0.31,60.0268,43.7035
2021-01,Lisboa e Vale do Tejo,ACES Lisboa Central,"38.7306317, -9.1510414",291928,250614,85.85,40193,13.77,1121,0.38,48.7071,26.6667
2021-01,Lisboa e Vale do Tejo,ACES Lisboa Norte,"38.7396924, -9.168506",268179,241031,89.88,21633,8.07,5515,2.06,52.195,26.5618
2021-01,Lisboa e Vale do Tejo,ACES Loures / Odivelas,"38.8012718, -9.1137868",368881,324158,87.88,44561,12.08,162,0.04,55.6713,32.0417
2021-01,Lisboa e Vale do Tejo,ACES Oeste Sul,"39.0917759, -9.2600341",205459,186276,90.66,18663,9.08,520,0.25,61.7661,39.217
2021-01,Lisboa e Vale do Tejo,ACES Sintra,"38.7519209, -9.2753636",359361,264639,73.64,93932,26.14,790,0.22,52.7581,42.4674
2021-01,Norte,ACES Santo Tirso / Trofa,"41.3469246, -8.4822648",115026,114016,99.12,984,0.86,26,0.02,72.3723,30.5743
2021-02,Centro,ACES Dão Lafões,"40.6565861, -7.9124712",271853,266353,97.98,5133,1.89,367,0.13,69.6983,28.0727
2021-02,Centro,ACES Guarda,"40.5353285, -7.2724426",150135,142528,94.93,4744,3.16,2863,1.91,67.3894,42.9078
2021-02,Centro,ACES Pinhal Interior Sul,"39.7510898, -7.9203657",31002,27752,89.52,3111,10.03,139,0.45,75.6242,72.3385
2021-02,Lisboa e Vale do Tejo,ACES Lezíria,"39.2371689, -8.6908895",196225,175889,89.64,18413,9.38,1923,0.98,70.261,53.314
2021-02,Norte,ACES Alto Tâmega e Barroso,"41.741781, -7.4731648",90051,87855,97.56,2018,2.24,178,0.2,69.1275,58.2463
2021-02,Norte,ACES Braga,"41.5518714, -8.4126362",201692,196504,97.43,5188,2.57,0,0.0,71.9414,54.0254
2021-02,Norte,ACES Gondomar,"41.1738444, -8.5612238",168434,161526,95.9,6838,4.06,70,0.04,70.8568,66.9079
2021-02,Norte,ACES Póvoa do Varzim / Vila do Conde,"41.355519, -8.746653",151951,149728,98.54,2204,1.45,19,0.01,67.4921,51.7769
2021-02,Norte,ACES Vale do Sousa Norte,"41.2793583, -8.2787457",160527,158705,98.86,1814,1.13,8,0.0,74.8883,67.7278
2021-03,Alentejo,ACES Alentejo Central,"38.8442031, -7.5826619",166625,159591,95.78,6773,4.06,261,0.16,72.2593,74.1825
2021-03,Centro,ACES Beira Interior Sul,"39.8211367, -7.5036651",73698,63839,86.62,9599,13.02,260,0.35,66.2781,51.6384
2021-03,Lisboa e Vale do Tejo,ACES Arco Ribeirinho,"38.6672076, -9.0543329",221716,168268,75.89,53219,24.0,229,0.1,57.2106,45.1448
2021-03,Lisboa e Vale do Tejo,ACES Arrábida,"38.5324373, -8.8627453",233858,183499,78.47,49922,21.35,437,0.19,61.3111,43.7777
2021-03,Lisboa e Vale do Tejo,ACES Loures / Odivelas,"38.8012718, -9.1137868",369995,323949,87.55,45886,12.4,160,0.04,54.8598,31.3882
2021-03,Lisboa e Vale do Tejo,ACES Sintra,"38.7519209, -9.2753636",361827,266701,73.71,94276,26.06,850,0.23,51.6898,40.9112
2021-03,Norte,ACES Baixo Tâmega,"41.2719719, -8.0791631",164782,164212,99.65,277,0.17,293,0.18,71.8939,23.6332
2021-03,Norte,ACES Gondomar,"41.1738444, -8.5612238",168443,161885,96.11,6489,3.85,69,0.04,71.024,66.57
2021-03,Norte,ACES Vale do Sousa Norte,"41.2793583, -8.2787457",160535,160524,99.99,3,0.0,8,0.0,75.2453,9.09091
2021-04,Algarve,ACES Algarve Barlavento,"37.1387554, -8.5445093",179554,137180,76.4,41376,23.04,998,0.56,55.4503,33.2964
2021-04,Algarve,ACES Algarve Central,"37.0274264, -7.9395984",268398,240058,89.44,27999,10.43,341,0.13,53.7398,26.4502
2021-04,Centro,ACES Pinhal Interior Sul,"39.7510898, -7.9203657",31097,27814,89.44,3137,10.09,146,0.47,76.4093,73.8958
2021-04,Lisboa e Vale do Tejo,ACES Lezíria,"39.2371689, -8.6908895",197046,171884,87.23,23215,11.78,1947,0.99,71.0438,48.775
2021-04,Lisboa e Vale do Tejo,ACES Lisboa Norte,"38.7396924, -9.168506",270268,240838,89.11,25007,9.25,4423,1.64,53.1096,25.9116
2021-04,Lisboa e Vale do Tejo,ACES Oeste Sul,"39.0917759, -9.2600341",207747,180536,86.9,26700,12.85,511,0.25,61.6081,41.0507
2021-04,Norte,ACES Aveiro Norte,"40.8472225, -8.4656674",118615,113150,95.39,3638,3.07,1827,1.54,73.5385,67.3193
2021-04,Norte,ACES Baixo Tâmega,"41.2719719, -8.0791631",164922,164274,99.61,360,0.22,288,0.17,72.8811,20.5247
2021-04,Norte,ACES Douro Sul,"41.0953745, -7.8123805",69311,67539,97.44,1731,2.5,41,0.06,76.5762,67.0243
2021-04,Norte,ACES Vale do Sousa Norte,"41.2793583, -8.2787457",160580,160567,99.99,5,0.0,8,0.0,76.1281,15.3846
2021-05,Algarve,ACES Algarve Barlavento,"37.1387554, -8.5445093",180205,134658,74.72,44553,24.72,994,0.55,56.153,36.0375
2021-05,Lisboa e Vale do Tejo,ACES Arrábida,"38.5324373, -8.8627453",235400,178366,75.77,56582,24.04,452,0.19,62.6603,45.6665
2021-05,Lisboa e Vale do Tejo,ACES Médio Tejo,"39.478072, -8.5404429",224449,195439,87.08,28635,12.76,375,0.17,70.1102,63.3252
2021-05,Lisboa e Vale do Tejo,ACES Sintra,"38.7519209, -9.2753636",363357,265975,73.2,96408,26.53,974,0.27,53.321,41.8264
2021-05,Norte,ACES Alto Ave,"41.4417064, -8.1722408",272753,269524,98.82,3148,1.15,81,0.03,75.6269,58.829
2021-05,Norte,ACES Alto Minho,"41.7056054, -8.8252713",248139,242072,97.55,5889,2.37,178,0.07,74.6809,69.0303
2021-05,Norte,ACES Nordeste,"41.8069684, -6.7587977",131656,128215,97.39,2557,1.94,884,0.67,73.1632,45.1163
2021-05,Norte,ACES Vale do Sousa Sul,"41.1548155, -8.2163769",173448,167795,96.74,5641,3.25,12,0.01,74.1438,67.6101
2021-06,Alentejo,ACES Alentejo Litoral,"38.3841359, -8.5132031",100411,91633,91.26,8623,8.59,155,0.15,62.288,40.9365
2021-06,Centro,ACES Cova da Beira,"40.2677741, -7.4995083",86700,84737,97.74,1906,2.2,57,0.07,71.0954,63.9328
2021-06,Centro,ACES Guarda,"40.5353285, -7.2724426",151126,138360,91.55,11549,7.64,1217,0.81,69.7206,46.3281
2021-06,Lisboa e Vale do Tejo,ACES Estuário do Tejo,"38.9528113, -8.9911154",234762,173703,73.99,60388,25.72,671,0.29,61.1057,45.4437
2021-06,Lisboa e Vale do Tejo,ACES Médio Tejo,"39.478072, -8.5404429",224663,189088,84.17,35187,15.66,388,0.17,70.3939,63.0889
2021-06,Lisboa e Vale do Tejo,ACES Oeste Sul,"39.0917759, -9.2600341",208835,173924,83.28,34402,16.47,509,0.24,62.8362,44.3569
2021-06,Norte,ACES Aveiro Norte,"40.8472225, -8.4656674",118696,116860,98.45,1796,1.51,40,0.03,74.9585,74.9727
2021-06,Norte,ACES Barcelos / Esposende,"41.5317419, -8.6178922",159997,155030,96.9,4877,3.05,90,0.06,73.3317,70.5799
2021-06,Norte,ACES Espinho / Gaia,"41.0022421, -8.642018",183618,177341,96.58,6213,3.38,64,0.03,72.0289,58.5789
2021-06,Norte,ACES Feira e Arouca,"40.9263169, -8.5478813",154400,148008,95.86,6342,4.11,50,0.03,74.204,70.3223
2021-06,Norte,ACES Gaia,"41.1278433, -8.580396",159406,151297,94.91,7865,4.93,244,0.15,67.3795,43.2319
2021-06,Norte,ACES Gerês / Cabreira,"41.6298661, -8.3596897",108155,106343,98.32,1788,1.65,24,0.02,75.8148,70.0605
2021-07,Algarve,ACES Algarve Sotavento,"37.383008, -7.7293275",62470,58784,94.1,3613,5.78,73,0.12,62.6877,25.3663
2021-07,Centro,ACES Baixo Mondego,"40.2150023, -8.4071805",390387,354862,90.9,33286,8.53,2239,0.57,69.7498,55.1527
2021-07,Lisboa e Vale do Tejo,ACES Cascais,"38.69904, -9.3818008",220441,183763,83.36,34100,15.47,2578,1.17,54.9757,28.8358
2021-07,Lisboa e Vale do Tejo,ACES Lezíria,"39.2371689, -8.6908895",198376,172243,86.83,24198,12.2,1935,0.98,72.7386,48.8327
2021-07,Lisboa e Vale do Tejo,ACES Lisboa Central,"38.7306317, -9.1510414",298133,239305,80.27,57728,19.36,1100,0.37,51.7301,30.8493
2021-07,Lisboa e Vale do Tejo,ACES Lisboa Ocidental e Oeiras,"38.6914388, -9.3184304",250976,211351,84.21,39191,15.62,434,0.17,58.8238,40.3079
2021-07,Norte,ACES Feira e Arouca,"40.9263169, -8.5478813",154450,148708,96.28,5690,3.68,52,0.03,75.0508,72.0829
2021-07,Norte,ACES Gondomar,"41.1738444, -8.5612238",168085,157071,93.45,10943,6.51,71,0.04,73.8406,68.5219
2021-07,Norte,ACES Marão e Douro Norte,"41.2968711, -7.7483727",105539,95785,90.76,9519,9.02,235,0.22,71.1197,66.2908
2021-07,Norte,ACES Póvoa do Varzim / Vila do Conde,"41.355519, -8.746653",152713,151125,98.96,1555,1.02,33,0.02,69.8971,39.2947
2021-08,Alentejo,ACES Alentejo Litoral,"38.3841359, -8.5132031",101423,89120,87.87,12084,11.91,219,0.22,62.968,43.8059
2021-08,Algarve,ACES Algarve Barlavento,"37.1387554, -8.5445093",182435,131780,72.23,49681,27.23,974,0.53,57.1061,35.6233
2021-08,Centro,ACES Cova da Beira,"40.2677741, -7.4995083",86981,82060,94.34,4809,5.53,112,0.13,71.8395,65.0071
2021-08,Lisboa e Vale do Tejo,ACES Arco Ribeirinho,"38.6672076, -9.0543329",225483,172166,76.35,53102,23.55,215,0.1,60.935,45.4319
2021-08,Lisboa e Vale do Tejo,ACES Lisboa Norte,"38.7396924, -9.168506",272455,232558,85.36,32302,11.86,7595,2.79,56.1443,30.9641
2021-08,Lisboa e Vale do Tejo,ACES Oeste Norte,"39.410844, -9.1396215",179943,151172,84.01,28545,15.86,226,0.13,70.3615,53.3861
2021-08,Lisboa e Vale do Tejo,ACES Oeste Sul,"39.0917759, -9.2600341",210382,171192,81.37,38685,18.39,505,0.24,63.1656,46.5643
2021-08,Norte,ACES Alto Ave,"41.4417064, -8.1722408",273024,262329,96.08,10622,3.89,73,0.03,77.1358,67.6952
2021-08,Norte,ACES Baixo Tâmega,"41.2719719, -8.0791631",165269,164395,99.47,590,0.36,284,0.17,74.9841,18.922
2021-08,Norte,ACES Feira e Arouca,"40.9263169, -8.5478813",154471,148700,96.26,5717,3.7,54,0.03,75.6315,71.8246
2021-09,Algarve,ACES Algarve Sotavento,"37.383008, -7.7293275",62769,58861,93.77,3829,6.1,79,0.13,63.2239,26.0235
2021-09,Centro,ACES Guarda,"40.5353285, -7.2724426",151321,140449,92.82,9653,6.38,1219,0.81,70.5445,49.0283
2021-09,Centro,ACES Pinhal Litoral,"39.7495331, -8.807683",276901,264210,95.42,11879,4.29,812,0.29,69.9951,41.9385
2021-09,Lisboa e Vale do Tejo,ACES Arco Ribeirinho,"38.6672076, -9.0543329",226042,167822,74.24,58002,25.66,218,0.1,61.1203,46.4127
2021-09,Lisboa e Vale do Tejo,ACES Loures / Odivelas,"38.8012718, -9.1137868",373983,304074,81.31,69734,18.65,175,0.05,56.5117,32.682
2021-09,Lisboa e Vale do Tejo,ACES Médio Tejo,"39.478072, -8.5404429",225155,191040,84.85,33715,14.97,400,0.18,70.6007,61.9229
2021-09,Lisboa e Vale do Tejo,ACES Oeste Norte,"39.410844, -9.1396215",180039,146441,81.34,33375,18.54,223,0.12,70.5357,53.3434
2021-09,Lisboa e Vale do Tejo,ACES Oeste Sul,"39.0917759, -9.2600341",211037,166989,79.13,43545,20.63,503,0.24,63.0709,46.6206
2021-09,Norte,ACES Ave / Famalicão,"41.3835805, -8.4157518",124719,124345,99.7,303,0.24,71,0.06,76.9721,3.75335
2021-09,Norte,ACES Barcelos / Esposende,"41.5317419, -8.6178922",160183,156752,97.86,3374,2.11,57,0.04,74.9757,68.3382
2021-09,Norte,ACES Gondomar,"41.1738444, -8.5612238",168248,162914,96.83,5262,3.13,72,0.04,74.2768,59.1293
2021-10,Alentejo,ACES Alentejo Litoral,"38.3841359, -8.5132031",102045,89993,88.19,11815,11.58,237,0.23,62.5734,41.9349
2021-10,Alentejo,ACES São Mamede,"39.2967086, -7.4284755",114739,101162,88.17,13399,11.68,178,0.16,70.2176,64.3683
2021-10,Algarve,ACES Algarve Barlavento,"37.1387554, -8.5445093",183552,130991,71.36,51626,28.13,935,0.51,56.6888,36.0039
2021-10,Algarve,ACES Algarve Central,"37.0274264, -7.9395984",273583,244283,89.29,28938,10.58,362,0.13,56.0408,24.5256
2021-10,Algarve,ACES Algarve Sotavento,"37.383008, -7.7293275",62923,58893,93.6,3952,6.28,78,0.12,63.36,26.3275
2021-10,Centro,ACES Cova da Beira,"40.2677741, -7.4995083",87204,84708,97.14,2382,2.73,114,0.13,72.3049,54.7276
2021-10,Lisboa e Vale do Tejo,ACES Lisboa Central,"38.7306317, -9.1510414",302557,250421,82.77,51058,16.88,1078,0.36,51.3987,24.5588
2021-10,Norte,ACES Alto Minho,"41.7056054, -8.8252713",248610,247927,99.73,525,0.21,158,0.06,76.2407,35.4319
2021-10,Norte,ACES Douro Sul,"41.0953745, -7.8123805",69115,68939,99.75,162,0.23,14,0.02,79.333,19.8864
2021-10,Norte,ACES Maia / Valongo,"41.2333945, -8.6187474",221702,217873,98.27,3769,1.7,60,0.03,71.7616,51.3711
2021-10,Norte,ACES Marão e Douro Norte,"41.2968711, -7.7483727",105781,99867,94.41,5682,5.37,232,0.22,71.5147,65.0321
2021-10,Norte,ACES Porto Ocidental,"41.1741353, -8.6691662",178501,172823,96.82,5425,3.04,253,0.14,66.4097,17.4886
2021-11,Centro,ACES Cova da Beira,"40.2677741, -7.4995083",87282,84124,96.38,3041,3.48,117,0.13,72.5622,56.6644
2021-11,Centro,ACES Guarda,"40.5353285, -7.2724426",151257,139821,92.44,10203,6.75,1233,0.82,70.6546,47.8094
2021-11,Lisboa e Vale do Tejo,ACES Almada / Seixal,"38.6678522, -9.1875777",357649,305312,85.37,50574,14.14,1763,0.49,62.4798,40.1124
2021-11,Lisboa e Vale do Tejo,ACES Arrábida,"38.5324373, -8.8627453",238831,185991,77.88,52245,21.88,595,0.25,65.1163,45.5648
2021-11,Lisboa e Vale do Tejo,ACES Lezíria,"39.2371689, -8.6908895",199969,175134,87.58,22877,11.44,1958,0.98,73.0738,57.7157
2021-11,Lisboa e Vale do Tejo,ACES Oeste Norte,"39.410844, -9.1396215",180456,145233,80.48,35012,19.4,211,0.12,71.1619,48.4619
2021-11,Lisboa e Vale do Tejo,ACES Oeste Sul,"39.0917759, -9.2600341",211910,168073,79.31,43330,20.45,507,0.24,63.0741,44.705
2021-11,Norte,ACES Alto Minho,"41.7056054, -8.8252713",248821,248116,99.72,546,0.22,159,0.06,76.2347,35.4196
2021-11,Norte,ACES Alto Tâmega e Barroso,"41.741781, -7.4731648",90576,87038,96.09,3324,3.67,214,0.24,73.2644,60.8475
2021-11,Norte,ACES Douro Sul,"41.0953745, -7.8123805",69151,68945,99.7,188,0.27,18,0.03,79.6069,21.8447
2021-11,Norte,ACES Espinho / Gaia,"41.0022421, -8.642018",184315,169987,92.23,14262,7.74,66,0.04,72.5394,63.4673
2021-11,Norte,ACES Gerês / Cabreira,"41.6298661, -8.3596897",106702,105132,98.53,1562,1.46,8,0.01,79.3025,70.8837
2021-11,Norte,ACES Nordeste,"41.8069684, -6.7587977",132324,126828,95.85,4574,3.46,922,0.7,75.0489,46.0222
2021-11,Norte,ACES Vale do Sousa Sul,"41.1548155, -8.2163769",174445,172631,98.96,1803,1.03,11,0.01,75.8117,73.2084
2021-12,Algarve,ACES Algarve Sotavento,"37.383008, -7.7293275",63133,58944,93.36,4110,6.51,79,0.13,64.3356,26.8561
2021-12,Lisboa e Vale do Tejo,ACES Almada / Seixal,"38.6678522, -9.1875777",358417,305553,85.25,51148,14.27,1716,0.48,63.0445,40.4767
2021-12,Norte,ACES Alto Minho,"41.7056054, -8.8252713",249161,248370,99.68,638,0.26,153,0.06,76.626,35.6183
2021-12,Norte,ACES Maia / Valongo,"41.2333945, -8.6187474",221825,216063,97.4,5702,2.57,60,0.03,72.1745,57.9139
2022-01,Alentejo,ACES São Mamede,"39.2967086, -7.4284755",114901,95818,83.39,18911,16.46,172,0.15,70.4012,65.4054
2022-01,Centro,ACES Beira Interior Sul,"39.8211367, -7.5036651",74593,64240,86.12,9765,13.09,588,0.79,70.6259,49.2992
2022-01,Centro,ACES Pinhal Litoral,"39.7495331, -8.807683",277443,253851,91.5,22806,8.22,786,0.28,72.0536,50.7058
2022-01,Lisboa e Vale do Tejo,ACES Arco Ribeirinho,"38.6672076, -9.0543329",228208,160930,70.52,67058,29.38,220,0.1,61.8659,46.0516
2022-01,Lisboa e Vale do Tejo,ACES Oeste Sul,"39.0917759, -9.2600341",213292,166560,78.09,46226,21.67,506,0.24,63.7412,44.069
2022-01,Lisboa e Vale do Tejo,ACES Sintra,"38.7519209, -9.2753636",370255,250295,67.6,118920,32.12,1040,0.28,57.1229,45.4397
2022-01,Norte,ACES Barcelos / Esposende,"41.5317419, -8.6178922",160264,156563,97.69,3642,2.27,59,0.04,74.566,68.9087
2022-01,Norte,ACES Gondomar,"41.1738444, -8.5612238",167841,162035,96.54,5732,3.42,74,0.04,75.3457,65.9717
2022-01,Norte,ACES Marão e Douro Norte,"41.2968711, -7.7483727",105715,99801,94.41,5670,5.36,244,0.23,73.5827,65.3365
2022-01,Norte,ACES Porto Oriental,"41.1694498, -8.6126428",119227,108969,91.4,10188,8.55,70,0.06,71.0798,58.5057
2022-02,Centro,ACES Baixo Mondego,"40.2150023, -8.4071805",392139,371119,94.64,19150,4.88,1870,0.48,71.4892,43.0277
2022-02,Centro,ACES Dão Lafões,"40.6565861, -7.9124712",274685,262716,95.64,11577,4.21,392,0.14,73.2809,38.439
2022-02,Centro,ACES Pinhal Litoral,"39.7495331, -8.807683",277809,255469,91.96,21559,7.76,781,0.28,72.0893,50.974
2022-02,Lisboa e Vale do Tejo,ACES Arco Ribeirinho,"38.6672076, -9.0543329",229657,161055,70.13,68381,29.78,221,0.1,61.2895,44.9001
2022-02,Lisboa e Vale do Tejo,ACES Arrábida,"38.5324373, -8.8627453",240294,185321,77.12,54341,22.61,632,0.26,64.5784,45.2721
2022-02,Lisboa e Vale do Tejo,ACES Estuário do Tejo,"38.9528113, -8.9911154",238340,167862,70.43,69867,29.31,611,0.26,62.7029,43.6506
2022-02,Lisboa e Vale do Tejo,ACES Lisboa Norte,"38.7396924, -9.168506",273777,233035,85.12,35438,12.94,5304,1.94,57.3175,30.4794
2022-02,Norte,ACES Alto Tâmega e Barroso,"41.741781, -7.4731648",90607,87018,96.04,3373,3.72,216,0.24,74.5037,60.3094
2022-02,Norte,ACES Feira e Arouca,"40.9263169, -8.5478813",155289,153417,98.79,1859,1.2,13,0.01,76.0065,77.5107
2022-02,Norte,ACES Porto Ocidental,"41.1741353, -8.6691662",178362,174180,97.66,3957,2.22,225,0.13,68.874,13.1163
2022-02,Norte,ACES Vale do Sousa Norte,"41.2793583, -8.2787457",161849,161679,99.89,165,0.1,5,0.0,78.0989,32.3529
2022-03,Alentejo,ACES Alentejo Central,"38.8442031, -7.5826619",168158,156164,92.87,10122,6.02,1872,1.11,76.5839,64.583
2022-03,Algarve,ACES Algarve Central,"37.0274264, -7.9395984",276979,242995,87.73,33617,12.14,367,0.13,58.2227,26.2185
2022-03,Centro,ACES Pinhal Interior Sul,"39.7510898, -7.9203657",31390,26828,85.47,4354,13.87,208,0.66,80.086,77.8338
2022-03,Lisboa e Vale do Tejo,ACES Lezíria,"39.2371689, -8.6908895",201254,168647,83.8,30641,15.23,1966,0.98,73.3362,60.2442
2022-03,Lisboa e Vale do Tejo,ACES Sintra,"38.7519209, -9.2753636",371204,248730,67.01,121465,32.72,1009,0.27,57.472,45.6588
2022-03,Norte,ACES Barcelos / Esposende,"41.5317419, -8.6178922",160748,159176,99.02,1516,0.94,56,0.03,75.3096,62.7438
2022-03,Norte,ACES Braga,"41.5518714, -8.4126362",205071,200584,97.81,4487,2.19,0,0.0,74.6658,58.4893
2022-03,Norte,ACES Gaia,"41.1278433, -8.580396",161529,158922,98.39,2452,1.52,155,0.1,71.142,51.9755
2022-04,Alentejo,ACES Alentejo Litoral,"38.3841359, -8.5132031",103392,89041,86.12,13777,13.33,574,0.56,62.3607,40.3038
2022-04,Algarve,ACES Algarve Central,"37.0274264, -7.9395984",277428,243718,87.85,33339,12.02,371,0.13,58.2739,26.3334
2022-04,Centro,ACES Baixo Mondego,"40.2150023, -8.4071805",392478,363239,92.55,27376,6.98,1863,0.47,71.8147,52.9532
2022-04,Centro,ACES Guarda,"40.5353285, -7.2724426",150266,131299,87.38,17781,11.83,1186,0.79,72.3178,52.5861
2022-04,Centro,ACES Pinhal Interior Sul,"39.7510898, -7.9203657",31436,26868,85.47,4363,13.88,205,0.65,80.1756,78.0867
2022-04,Lisboa e Vale do Tejo,ACES Lisboa Ocidental e Oeiras,"38.6914388, -9.3184304",249502,195650,78.42,53548,21.46,304,0.12,59.7374,38.7655
2022-04,Norte,ACES Feira e Arouca,"40.9263169, -8.5478813",155306,153475,98.82,1818,1.17,13,0.01,76.4838,79.0279
2022-04,Norte,ACES Maia / Valongo,"41.2333945, -8.6187474",221612,215139,97.08,6406,2.89,67,0.03,73.3823,50.6566
2022-04,Norte,ACES Póvoa do Varzim / Vila do Conde,"41.355519, -8.746653",154377,152797,98.98,1547,1.0,33,0.02,71.6551,33.2911
2022-05,Centro,ACES Baixo Vouga,"40.6405055, -8.6537539",401377,366597,91.33,32394,8.07,2386,0.59,71.4622,50.3754
2022-05,Lisboa e Vale do Tejo,ACES Estuário do Tejo,"38.9528113, -8.9911154",238483,159902,67.05,77983,32.7,598,0.25,62.6188,44.666
2022-05,Lisboa e Vale do Tejo,ACES Lezíria,"39.2371689, -8.6908895",201824,163823,81.17,36042,17.86,1959,0.97,73.1726,60.0725
2022-05,Lisboa e Vale do Tejo,ACES Oeste Sul,"39.0917759, -9.2600341",214411,150628,70.25,63284,29.52,499,0.23,63.718,46.0167
2022-05,Norte,ACES Alto Ave,"41.4417064, -8.1722408",272734,271045,99.38,1606,0.59,83,0.03,77.8412,61.2973
2022-05,Norte,ACES Marão e Douro Norte,"41.2968711, -7.7483727",105511,102052,96.72,3231,3.06,228,0.22,74.94,54.4248
2022-06,Centro,ACES Guarda,"40.5353285, -7.2724426",150196,124491,82.89,24497,16.31,1208,0.8,72.2579,52.4076
2022-06,Centro,ACES Pinhal Interior Norte,"40.1151262, -8.2473136",131697,121768,92.46,9191,6.98,738,0.56,74.4018,56.5718
2022-06,Centro,ACES Pinhal Litoral,"39.7495331, -8.807683",278293,236204,84.88,41342,14.86,747,0.27,72.8243,60.3963
2022-06,Lisboa e Vale do Tejo,ACES Cascais,"38.69904, -9.3818008",228279,180224,78.95,44421,19.46,3634,1.59,55.0651,22.4259
2022-06,Lisboa e Vale do Tejo,ACES Lisboa Ocidental e Oeiras,"38.6914388, -9.3184304",249562,192196,77.01,57075,22.87,291,0.12,59.0697,40.1281
2022-06,Norte,ACES Aveiro Norte,"40.8472225, -8.4656674",119526,115253,96.43,4234,3.54,39,0.03,76.0073,69.6934
2022-06,Norte,ACES Gaia,"41.1278433, -8.580396",162037,155891,96.21,5833,3.6,313,0.19,72.3319,54.6623
2022-06,Norte,ACES Gerês / Cabreira,"41.6298661, -8.3596897",107115,105599,98.58,1506,1.41,10,0.01,80.309,70.9402
2022-06,Norte,ACES Porto Ocidental,"41.1741353, -8.6691662",179144,173580,96.89,5343,2.98,221,0.12,69.8411,42.1204
2022-06,Norte,ACES Póvoa do Varzim / Vila do Conde,"41.355519, -8.746653",154751,150967,97.55,3751,2.42,33,0.02,72.5314,55.074
2022-07,Centro,ACES Baixo Mondego,"40.2150023, -8.4071805",393045,352821,89.77,38349,9.76,1875,0.48,72.1467,52.3032
2022-07,Centro,ACES Guarda,"40.5353285, -7.2724426",149247,124810,83.63,23207,15.55,1230,0.82,72.2579,52.4076
2022-07,Centro,ACES Pinhal Interior Norte,"40.1151262, -8.2473136",131631,118932,90.35,11956,9.08,743,0.56,74.4018,56.5718
2022-07,Centro,ACES Pinhal Litoral,"39.7495331, -8.807683",278297,233193,83.79,44347,15.94,757,0.27,72.8243,60.3963
2022-07,Lisboa e Vale do Tejo,ACES Lisboa Ocidental e Oeiras,"38.6914388, -9.3184304",249625,195652,78.38,53681,21.5,292,0.12,59.0697,40.1281
2022-07,Lisboa e Vale do Tejo,ACES Oeste Sul,"39.0917759, -9.2600341",214670,146135,68.07,68039,31.69,496,0.23,63.7641,46.5064
2022-07,Norte,ACES Alto Minho,"41.7056054, -8.8252713",249525,243175,97.46,6304,2.53,46,0.02,77.7754,75.665
2022-07,Norte,ACES Feira e Arouca,"40.9263169, -8.5478813",155434,152076,97.84,3346,2.15,12,0.01,76.7251,78.1342
2022-07,Norte,ACES Póvoa do Varzim / Vila do Conde,"41.355519, -8.746653",154776,149520,96.6,5220,3.37,36,0.02,72.5314,55.074
2022-08,Algarve,ACES Algarve Barlavento,"37.1387554, -8.5445093",187311,137999,73.67,48190,25.73,1122,0.6,56.2507,29.0543
2022-08,Centro,ACES Baixo Mondego,"40.2150023, -8.4071805",393649,367401,93.33,24373,6.19,1875,0.48,72.0411,57.4135
2022-08,Centro,ACES Pinhal Interior Sul,"39.7510898, -7.9203657",31529,25040,79.42,6289,19.95,200,0.63,80.5641,77.7974
2022-08,Lisboa e Vale do Tejo,ACES Cascais,"38.69904, -9.3818008",228279,187805,82.27,36626,16.04,3848,1.69,54.7662,21.7422
2022-08,Lisboa e Vale do Tejo,ACES Lisboa Central,"38.7306317, -9.1510414",308828,241744,78.28,66052,21.39,1032,0.33,50.7163,29.9016
2022-08,Lisboa e Vale do Tejo,ACES Oeste Sul,"39.0917759, -9.2600341",214958,151539,70.5,62921,29.27,498,0.23,63.5324,46.4697
2022-08,Norte,ACES Alto Ave,"41.4417064, -8.1722408",272579,265595,97.44,6896,2.53,88,0.03,78.1221,36.3173
2022-08,Norte,ACES Alto Tâmega e Barroso,"41.741781, -7.4731648",90604,87365,96.43,3008,3.32,231,0.25,75.5901,59.4336
2022-08,Norte,ACES Ave / Famalicão,"41.3835805, -8.4157518",124927,121304,97.1,3567,2.86,56,0.04,78.0998,69.0552
2022-08,Norte,ACES Gerês / Cabreira,"41.6298661, -8.3596897",107373,107254,99.89,107,0.1,12,0.01,79.8533,71.688
2022-08,Norte,ACES Santo Tirso / Trofa,"41.3469246, -8.4822648",115735,114663,99.07,1032,0.89,40,0.03,75.6315,15.6017
2022-09,Algarve,ACES Algarve Barlavento,"37.1387554, -8.5445093",187661,137973,73.52,48569,25.88,1119,0.6,55.9199,27.9579
2022-09,Centro,ACES Pinhal Interior Norte,"40.1151262, -8.2473136",131769,119822,90.93,11200,8.5,747,0.57,74.1487,59.1929
2022-09,Lisboa e Vale do Tejo,ACES Almada / Seixal,"38.6678522, -9.1875777",365348,310935,85.11,52915,14.48,1498,0.41,63.1757,29.1695
2022-09,Lisboa e Vale do Tejo,ACES Amadora,"38.7573081, -9.23429",179673,122229,68.03,56916,31.68,528,0.29,56.2639,42.6868
2022-09,Lisboa e Vale do Tejo,ACES Loures / Odivelas,"38.8012718, -9.1137868",377569,283828,75.17,93525,24.77,216,0.06,56.9072,33.523
2022-09,Norte,ACES Alto Ave,"41.4417064, -8.1722408",273005,267915,98.14,5002,1.83,88,0.03,78.2027,65.6711
2022-09,Norte,ACES Alto Minho,"41.7056054, -8.8252713",249826,243508,97.47,6279,2.51,39,0.02,77.7534,74.8733
2022-09,Norte,ACES Ave / Famalicão,"41.3835805, -8.4157518",124914,117816,94.32,7042,5.64,56,0.04,77.8776,72.4148
2022-09,Norte,ACES Barcelos / Esposende,"41.5317419, -8.6178922",161390,158221,98.04,3107,1.93,62,0.04,77.0087,59.9874
2022-10,Alentejo,ACES Alentejo Litoral,"38.3841359, -8.5132031",105287,89201,84.72,15531,14.75,555,0.53,60.9211,39.756
2022-10,Alentejo,ACES Baixo Alentejo,"38.0153039, -7.8627308",124240,106382,85.63,17410,14.01,448,0.36,73.1013,63.4002
2022-10,Alentejo,ACES São Mamede,"39.2967086, -7.4284755",115649,94387,81.62,21049,18.2,213,0.18,71.6366,69.3194
2022-10,Algarve,ACES Algarve Central,"37.0274264, -7.9395984",279928,247893,88.56,31592,11.29,443,0.16,58.7184,33.5841
2022-10,Lisboa e Vale do Tejo,ACES Arrábida,"38.5324373, -8.8627453",243683,185402,76.08,57559,23.62,722,0.3,63.8083,48.9914
2022-10,Lisboa e Vale do Tejo,ACES Oeste Norte,"39.410844, -9.1396215",182912,140252,76.68,42466,23.22,194,0.11,70.7749,57.28
2022-10,Norte,ACES Alto Minho,"41.7056054, -8.8252713",250064,243624,97.42,6403,2.56,37,0.01,77.8295,74.2584
2022-10,Norte,ACES Feira e Arouca,"40.9263169, -8.5478813",155529,152071,97.78,3446,2.22,12,0.01,76.4038,67.9005
2022-10,Norte,ACES Santo Tirso / Trofa,"41.3469246, -8.4822648",115428,114684,99.36,698,0.6,46,0.04,76.301,9.08096
2022-11,Alentejo,ACES Baixo Alentejo,"38.0153039, -7.8627308",124129,102446,82.53,21234,17.11,449,0.36,73.1035,64.0577
2022-11,Centro,ACES Baixo Mondego,"40.2150023, -8.4071805",394430,358089,90.79,34438,8.73,1903,0.48,72.1297,52.2249
2022-11,Centro,ACES Cova da Beira,"40.2677741, -7.4995083",88043,80773,91.74,7119,8.09,151,0.17,73.6524,68.5144
2022-11,Centro,ACES Pinhal Interior Sul,"39.7510898, -7.9203657",31401,26921,85.73,4382,13.95,98,0.31,81.0324,78.0259
2022-11,Lisboa e Vale do Tejo,ACES Amadora,"38.7573081, -9.23429",180434,122316,67.79,57605,31.93,513,0.28,55.6081,41.9044
2022-11,Lisboa e Vale do Tejo,ACES Lisboa Ocidental e Oeiras,"38.6914388, -9.3184304",250824,207163,82.59,43507,17.35,154,0.06,57.6411,37.9684
2022-11,Norte,ACES Alto Ave,"41.4417064, -8.1722408",273271,266236,97.43,6948,2.54,87,0.03,78.3941,70.8624
2022-11,Norte,ACES Ave / Famalicão,"41.3835805, -8.4157518",124957,114959,92.0,9943,7.96,55,0.04,77.7596,70.4851
2022-11,Norte,ACES Aveiro Norte,"40.8472225, -8.4656674",119189,119157,99.97,9,0.01,23,0.02,76.9902,46.875
2022-11,Norte,ACES Baixo Tâmega,"41.2719719, -8.0791631",162888,159514,97.93,3248,1.99,126,0.08,77.5632,70.3616
2022-11,Norte,ACES Vale do Sousa Sul,"41.1548155, -8.2163769",175661,166943,95.04,8707,4.96,11,0.01,78.7099,75.889
2022-12,Norte,ACES Matosinhos,"41.1918541, -8.6590693",175984,171482,97.44,4355,2.47,147,0.08,73.6834,56.6056
2022-12,Norte,ACES Gaia,"41.1278433, -8.580396",163171,161481,98.96,1512,0.93,178,0.11,72.7586,60.8876
2022-12,Centro,ACES Cova da Beira,"40.2677741, -7.4995083",87877,79265,90.2,8460,9.63,152,0.17,72.6023,72.5058
2022-12,Centro,ACES Pinhal Interior Sul,"39.7510898, -7.9203657",31421,26884,85.56,4467,14.22,70,0.22,80.7231,53.2217
2022-12,Centro,ACES Pinhal Interior Norte,"40.1151262, -8.2473136",132059,120060,90.91,11261,8.53,738,0.56,73.5906,61.8316
2022-12,Centro,ACES Dão Lafões,"40.6565861, -7.9124712",276570,260537,94.2,15654,5.66,379,0.14,71.8498,57.2539
2022-12,Lisboa e Vale do Tejo,ACES Cascais,"38.69904, -9.3818008",229481,181641,79.15,43774,19.08,4066,1.77,54.4773,24.7013
2022-12,Lisboa e Vale do Tejo,ACES Estuário do Tejo,"38.9528113, -8.9911154",238890,144785,60.61,93518,39.15,587,0.25,59.4634,43.3864
2022-12,Lisboa e Vale do Tejo,ACES Lisboa Central,"38.7306317, -9.1510414",309062,223953,72.46,84099,27.21,1010,0.33,49.9568,33.5545
2022-12,Lisboa e Vale do Tejo,ACES Loures / Odivelas,"38.8012718, -9.1137868",377673,279770,74.08,97670,25.86,233,0.06,56.2955,34.3251
2023-01,Norte,ACES Barcelos / Esposende,"41.5317419, -8.6178922",161267,157938,97.94,3267,2.03,62,0.04,76.7712,66.3161
2023-01,Norte,ACES Ave / Famalicão,"41.3835805, -8.4157518",124851,117227,93.89,7571,6.06,53,0.04,76.2883,68.8114
2023-01,Norte,ACES Vale do Sousa Norte,"41.2793583, -8.2787457",161272,157828,97.86,3442,2.13,2,0.0,79.6306,74.4483
2023-01,Norte,ACES Santo Tirso / Trofa,"41.3469246, -8.4822648",115876,114901,99.16,912,0.79,63,0.05,76.1366,12.3793
2023-01,Norte,ACES Alto Tâmega e Barroso,"41.741781, -7.4731648",90839,90014,99.09,609,0.67,216,0.24,75.1481,51.9713
2023-01,Norte,ACES Espinho / Gaia,"41.0022421, -8.642018",184813,180899,97.88,3846,2.08,68,0.04,74.2491,44.047
2023-01,Norte,ACES Gondomar,"41.1738444, -8.5612238",167651,165759,98.87,1829,1.09,63,0.04,76.3422,65.9259
2023-01,Centro,ACES Pinhal Interior Sul,"39.7510898, -7.9203657",31387,26814,85.43,4572,14.57,1,0.0,79.928,46.8401
2023-01,Centro,ACES Baixo Vouga,"40.6405055, -8.6537539",404273,355904,88.04,46019,11.38,2350,0.58,70.7576,54.3967
2023-01,Centro,ACES Pinhal Litoral,"39.7495331, -8.807683",279812,238940,85.39,40163,14.35,709,0.25,70.3872,56.7259
2023-01,Lisboa e Vale do Tejo,ACES Loures / Odivelas,"38.8012718, -9.1137868",378377,269733,71.29,108319,28.63,325,0.09,54.8985,32.9019
2023-01,Lisboa e Vale do Tejo,ACES Sintra,"38.7519209, -9.2753636",376995,252282,66.92,123655,32.8,1058,0.28,56.2976,45.4559
2023-01,Lisboa e Vale do Tejo,ACES Arrábida,"38.5324373, -8.8627453",244633,181371,74.14,62515,25.55,747,0.31,62.4074,44.5737
2023-01,Alentejo,ACES Alentejo Litoral,"38.3841359, -8.5132031",105451,87360,82.84,17529,16.62,562,0.53,59.5518,40.2631
2023-01,Alentejo,ACES São Mamede,"39.2967086, -7.4284755",116025,95884,82.64,19927,17.17,214,0.18,71.0058,68.2804
2023-02,Norte,ACES Baixo Tâmega,"41.2719719, -8.0791631",162679,162268,99.75,285,0.18,126,0.08,76.9686,25.3659
2023-02,Norte,ACES Vale do Sousa Norte,"41.2793583, -8.2787457",161240,159436,98.88,1802,1.12,2,0.0,79.7096,75.3189
2023-02,Norte,ACES Matosinhos,"41.1918541, -8.6590693",176134,171682,97.47,4304,2.44,148,0.08,72.8121,28.1124
2023-02,Norte,ACES Douro Sul,"41.0953745, -7.8123805",68695,67226,97.86,1452,2.11,17,0.02,78.2182,69.1207
2023-02,Centro,ACES Cova da Beira,"40.2677741, -7.4995083",87950,79470,90.36,8332,9.47,148,0.17,71.6938,68.9159
2023-02,Centro,ACES Pinhal Interior Sul,"39.7510898, -7.9203657",31398,26750,85.2,4648,14.8,0,0.0,79.5815,54.0116
2023-02,Lisboa e Vale do Tejo,ACES Cascais,"38.69904, -9.3818008",229751,181385,78.95,44308,19.29,4058,1.77,53.9162,17.4397
2023-02,Lisboa e Vale do Tejo,ACES Arco Ribeirinho,"38.6672076, -9.0543329",232246,140891,60.66,91116,39.23,239,0.1,57.6741,38.8077
2023-02,Lisboa e Vale do Tejo,ACES Lisboa Ocidental e Oeiras,"38.6914388, -9.3184304",250875,203038,80.93,47683,19.01,154,0.06,55.2407,38.7744
2023-02,Lisboa e Vale do Tejo,ACES Loures / Odivelas,"38.8012718, -9.1137868",377535,267470,70.85,109714,29.06,351,0.09,54.7578,33.8667
2023-02,Lisboa e Vale do Tejo,ACES Médio Tejo,"39.478072, -8.5404429",225309,168957,74.99,55847,24.79,505,0.22,69.4492,60.0291
2023-02,Lisboa e Vale do Tejo,ACES Lezíria,"39.2371689, -8.6908895",203307,153869,75.68,47459,23.34,1979,0.97,70.2283,59.4736
2023-03,Norte,ACES Braga,"41.5518714, -8.4126362",208021,203414,97.79,2833,1.36,1774,0.85,73.9817,65.2061
2023-03,Norte,ACES Ave / Famalicão,"41.3835805, -8.4157518",124758,120086,96.26,4619,3.7,53,0.04,76.0823,68.0796
2023-03,Norte,ACES Porto Ocidental,"41.1741353, -8.6691662",180684,172899,95.69,7589,4.2,196,0.11,68.6687,42.8443
2023-03,Norte,ACES Porto Oriental,"41.1694498, -8.6126428",121496,113905,93.75,7530,6.2,61,0.05,70.7116,52.2593
2023-03,Norte,ACES Santo Tirso / Trofa,"41.3469246, -8.4822648",115919,114862,99.09,991,0.85,66,0.06,76.3128,14.4254
2023-03,Norte,ACES Gondomar,"41.1738444, -8.5612238",168169,162731,96.77,5384,3.2,54,0.03,76.5121,73.3765
2023-03,Centro,ACES Baixo Mondego,"40.2150023, -8.4071805",394862,351439,89.0,41479,10.5,1944,0.49,71.1488,53.4146
2023-03,Centro,ACES Pinhal Litoral,"39.7495331, -8.807683",280435,236252,84.24,43527,15.52,656,0.23,70.1524,57.317
2023-03,Lisboa e Vale do Tejo,ACES Amadora,"38.7573081, -9.23429",181542,117897,64.94,63136,34.78,509,0.28,53.8492,40.9443
2023-03,Lisboa e Vale do Tejo,ACES Lisboa Ocidental e Oeiras,"38.6914388, -9.3184304",251132,205511,81.83,45478,18.11,143,0.06,55.2252,38.2314
2023-03,Lisboa e Vale do Tejo,ACES Sintra,"38.7519209, -9.2753636",378191,252041,66.64,125077,33.07,1073,0.28,56.2409,44.0352
2023-03,Lisboa e Vale do Tejo,ACES Médio Tejo,"39.478072, -8.5404429",225595,167269,74.15,57829,25.63,497,0.22,69.3773,60.167
2023-04,Norte,ACES Feira e Arouca,"40.9263169, -8.5478813",155200,148353,95.59,6835,4.4,12,0.01,75.451,70.8632
2023-04,Norte,ACES Porto Oriental,"41.1694498, -8.6126428",121915,116233,95.34,5622,4.61,60,0.05,70.5368,57.7086
2023-04,Norte,ACES Alto Ave,"41.4417064, -8.1722408",271246,256814,94.68,14373,5.3,59,0.02,78.3071,72.8659
2023-04,Norte,ACES Gondomar,"41.1738444, -8.5612238",168147,163873,97.46,4219,2.51,55,0.03,76.5271,73.6781
2023-04,Norte,ACES Nordeste,"41.8069684, -6.7587977",131384,124873,95.04,5652,4.3,859,0.65,73.7731,49.8848
2023-04,Lisboa e Vale do Tejo,ACES Amadora,"38.7573081, -9.23429",181758,117101,64.43,64157,35.3,500,0.28,53.5921,40.438
2023-04,Lisboa e Vale do Tejo,ACES Arco Ribeirinho,"38.6672076, -9.0543329",233030,136279,58.48,96510,41.42,241,0.1,57.2437,39.9593
2023-04,Lisboa e Vale do Tejo,ACES Estuário do Tejo,"38.9528113, -8.9911154",239107,132241,55.31,106286,44.45,580,0.24,56.7783,39.0732
2023-04,Lisboa e Vale do Tejo,ACES Lezíria,"39.2371689, -8.6908895",203752,152935,75.06,48824,23.96,1993,0.98,69.7721,58.5287
2023-05,Norte,ACES Alto Minho,"41.7056054, -8.8252713",251198,243813,97.06,7344,2.92,41,0.02,76.8093,68.0889
2023-05,Norte,ACES Porto Ocidental,"41.1741353, -8.6691662",181325,173317,95.58,7812,4.31,196,0.11,68.5725,39.8326
2023-05,Norte,ACES Porto Oriental,"41.1694498, -8.6126428",122193,118059,96.62,4077,3.34,57,0.05,70.5671,52.806
2023-05,Norte,ACES Alto Ave,"41.4417064, -8.1722408",270722,256098,94.6,14561,5.38,63,0.02,78.5313,72.1633
2023-05,Centro,ACES Baixo Mondego,"40.2150023, -8.4071805",396021,348959,88.12,45112,11.39,1950,0.49,70.8144,54.7509
2023-05,Centro,ACES Pinhal Litoral,"39.7495331, -8.807683",281565,215239,76.44,65669,23.32,657,0.23,69.6837,59.5694
2023-05,Lisboa e Vale do Tejo,ACES Oeste Norte,"39.410844, -9.1396215",184905,130181,70.4,54548,29.5,176,0.1,69.0062,55.2555
2023-05,Lisboa e Vale do Tejo,ACES Cascais,"38.69904, -9.3818008",230226,182095,79.09,43996,19.11,4135,1.8,53.8187,18.7028
2023-05,Lisboa e Vale do Tejo,ACES Loures / Odivelas,"38.8012718, -9.1137868",378745,260351,68.74,118065,31.17,329,0.09,54.0313,34.0364
2023-05,Algarve,ACES Algarve Barlavento,"37.1387554, -8.5445093",190614,129144,67.75,60417,31.7,1053,0.55,54.709,29.9409
2023-06,Norte,ACES Barcelos / Esposende,"41.5317419, -8.6178922",161486,159989,99.07,1435,0.89,62,0.04,76.8618,57.5636
2023-06,Norte,ACES Vale do Sousa Norte,"41.2793583, -8.2787457",161813,161804,99.99,0,0.0,9,0.01,79.4718,11.1111
2023-06,Norte,ACES Póvoa do Varzim / Vila do Conde,"41.355519, -8.746653",155371,153514,98.8,1783,1.15,74,0.05,74.8803,65.3139
2023-06,Norte,ACES Douro Sul,"41.0953745, -7.8123805",68721,68443,99.6,278,0.4,0,0.0,78.1477,50.1805
2023-06,Norte,ACES Gondomar,"41.1738444, -8.5612238",168212,167991,99.87,166,0.1,55,0.03,76.7094,18.0556
2023-06,Lisboa e Vale do Tejo,ACES Lisboa Ocidental e Oeiras,"38.6914388, -9.3184304",252798,218769,86.54,33894,13.41,135,0.05,56.2406,31.464
2023-06,Lisboa e Vale do Tejo,ACES Sintra,"38.7519209, -9.2753636",380391,256319,67.38,123024,32.34,1048,0.28,55.7926,44.0825
2023-06,Lisboa e Vale do Tejo,ACES Almada / Seixal,"38.6678522, -9.1875777",371734,301006,80.97,69221,18.62,1507,0.41,61.7332,34.7738
2023-06,Alentejo,ACES Alentejo Central,"38.8442031, -7.5826619",168504,148154,87.92,19721,11.7,629,0.37,75.1585,65.2627
2023-07,Norte,ACES Feira e Arouca,"40.9263169, -8.5478813",155430,153512,98.77,1912,1.23,6,0.0,75.6707,67.6747
2023-07,Norte,ACES Braga,"41.5518714, -8.4126362",210342,208867,99.3,1131,0.54,344,0.16,73.3207,10.2633
2023-07,Centro,ACES Beira Interior Sul,"39.8211367, -7.5036651",76117,65582,86.16,10203,13.4,332,0.44,68.6727,47.1481
2023-07,Lisboa e Vale do Tejo,ACES Arco Ribeirinho,"38.6672076, -9.0543329",232676,144936,62.29,87510,37.61,230,0.1,57.2794,39.1156
2023-07,Lisboa e Vale do Tejo,ACES Oeste Sul,"39.0917759, -9.2600341",219133,142194,64.89,76508,34.91,431,0.2,58.6623,43.1814
2023-07,Lisboa e Vale do Tejo,ACES Sintra,"38.7519209, -9.2753636",378131,249313,65.93,127886,33.82,932,0.25,56.1417,39.2233
2023-07,Alentejo,ACES Alentejo Litoral,"38.3841359, -8.5132031",106456,85475,80.29,20296,19.07,685,0.64,59.4997,41.59
2023-08,Norte,ACES Aveiro Norte,"40.8472225, -8.4656674",120170,120152,99.99,2,0.0,16,0.01,77.2963,50.0
2023-08,Norte,ACES Braga,"41.5518714, -8.4126362",210731,208850,99.11,1535,0.73,346,0.16,73.3281,14.3614
2023-08,Norte,ACES Ave / Famalicão,"41.3835805, -8.4157518",125458,125178,99.78,232,0.18,48,0.04,76.3339,4.64286
2023-08,Norte,ACES Vale do Sousa Norte,"41.2793583, -8.2787457",161952,161942,99.99,0,0.0,10,0.01,79.2648,30.0
2023-08,Norte,ACES Porto Oriental,"41.1694498, -8.6126428",122634,120685,98.41,1898,1.55,51,0.04,71.1573,16.7778
2023-08,Norte,ACES Alto Ave,"41.4417064, -8.1722408",271869,260452,95.8,11367,4.18,50,0.02,78.3719,76.9204
2023-08,Norte,ACES Nordeste,"41.8069684, -6.7587977",130730,122983,94.07,7112,5.44,635,0.49,74.8948,54.3565
2023-08,Centro,ACES Beira Interior Sul,"39.8211367, -7.5036651",76350,66411,86.98,9605,12.58,334,0.44,68.3969,52.2185
2023-08,Centro,ACES Baixo Vouga,"40.6405055, -8.6537539",400416,363702,90.83,35517,8.87,1197,0.3,71.0336,44.7949
2023-08,Centro,ACES Dão Lafões,"40.6565861, -7.9124712",278733,262853,94.3,15623,5.61,257,0.09,71.5456,54.3829
2023-08,Lisboa e Vale do Tejo,ACES Loures / Odivelas,"38.8012718, -9.1137868",377855,267099,70.69,110484,29.24,272,0.07,54.057,28.8752
2023-08,Lisboa e Vale do Tejo,ACES Sintra,"38.7519209, -9.2753636",379198,250162,65.97,128165,33.8,871,0.23,56.072,40.0136
2023-08,Alentejo,ACES Alentejo Litoral,"38.3841359, -8.5132031",104934,82513,78.63,21737,20.71,684,0.65,60.4266,42.9776
2023-08,Algarve,ACES Algarve Central,"37.0274264, -7.9395984",278009,234361,84.3,43285,15.57,363,0.13,59.2715,30.6085
2023-09,Norte,ACES Barcelos / Esposende,"41.5317419, -8.6178922",161915,160420,99.08,1446,0.89,49,0.03,76.5222,53.3779
2023-09,Norte,ACES Porto Oriental,"41.1694498, -8.6126428",123062,120802,98.16,2211,1.8,49,0.04,70.9415,17.4336
2023-09,Norte,ACES Nordeste,"41.8069684, -6.7587977",130786,123187,94.19,6955,5.32,644,0.49,74.7748,53.1781
2023-09,Centro,ACES Pinhal Interior Sul,"39.7510898, -7.9203657",31403,23157,73.74,8244,26.25,2,0.01,78.9638,65.3772
2023-09,Centro,ACES Baixo Mondego,"40.2150023, -8.4071805",390680,359399,91.99,29625,7.58,1656,0.42,71.8212,40.8842
2023-09,Lisboa e Vale do Tejo,ACES Oeste Norte,"39.410844, -9.1396215",186026,134370,72.23,51533,27.7,123,0.07,68.6452,53.6879
2023-09,Lisboa e Vale do Tejo,ACES Cascais,"38.69904, -9.3818008",228717,176291,77.08,48741,21.31,3685,1.61,54.5447,17.024
2023-09,Lisboa e Vale do Tejo,ACES Amadora,"38.7573081, -9.23429",180521,119345,66.11,60727,33.64,449,0.25,53.6298,37.1273
2023-09,Lisboa e Vale do Tejo,ACES Lisboa Ocidental e Oeiras,"38.6914388, -9.3184304",252805,217081,85.87,35615,14.09,109,0.04,56.008,34.7553
2023-09,Lisboa e Vale do Tejo,ACES Arrábida,"38.5324373, -8.8627453",246275,183219,74.4,62327,25.31,729,0.3,61.7854,43.8927
2023-09,Alentejo,ACES Alentejo Litoral,"38.3841359, -8.5132031",105147,80670,76.72,23804,22.64,673,0.64,60.2357,44.8421
2023-10,Norte,ACES Porto Ocidental,"41.1741353, -8.6691662",182788,177069,96.87,5586,3.06,133,0.07,68.3404,36.729
2023-10,Norte,ACES Santo Tirso / Trofa,"41.3469246, -8.4822648",116721,116107,99.47,554,0.47,60,0.05,75.4834,15.6812
2023-10,Norte,ACES Nordeste,"41.8069684, -6.7587977",130539,123009,94.23,6878,5.27,652,0.5,74.816,52.4303
2023-10,Centro,ACES Cova da Beira,"40.2677741, -7.4995083",88488,72556,82.0,15790,17.84,142,0.16,71.0839,67.8132
2023-10,Centro,ACES Pinhal Interior Norte,"40.1151262, -8.2473136",131983,107105,81.15,24493,18.56,385,0.29,73.0549,65.3067
2023-10,Centro,ACES Pinhal Litoral,"39.7495331, -8.807683",281597,197004,69.96,84070,29.85,523,0.19,68.6673,56.059
2023-10,Lisboa e Vale do Tejo,ACES Cascais,"38.69904, -9.3818008",229629,175863,76.59,50097,21.82,3669,1.6,54.3054,16.7597
2023-10,Lisboa e Vale do Tejo,ACES Amadora,"38.7573081, -9.23429",180958,119391,65.98,61108,33.77,459,0.25,53.6605,37.2635
2023-10,Lisboa e Vale do Tejo,ACES Oeste Sul,"39.0917759, -9.2600341",220329,133623,60.65,86290,39.16,416,0.19,57.9579,44.2968
2023-10,Lisboa e Vale do Tejo,ACES Médio Tejo,"39.478072, -8.5404429",226222,154825,68.44,70995,31.38,402,0.18,68.6016,55.2978
2023-10,Lisboa e Vale do Tejo,ACES Almada / Seixal,"38.6678522, -9.1875777",369532,301297,81.53,67101,18.16,1134,0.31,61.9538,34.8091
2023-10,Alentejo,ACES Baixo Alentejo,"38.0153039, -7.8627308",122684,100405,81.84,22129,18.04,150,0.12,71.7575,62.8439
2023-11,Norte,ACES Alto Minho,"41.7056054, -8.8252713",250163,242627,96.99,7494,3.0,42,0.02,77.342,67.8344
2023-11,Norte,ACES Gerês / Cabreira,"41.6298661, -8.3596897",108198,106042,98.01,2024,1.87,132,0.12,78.0785,59.3793
2023-11,Norte,ACES Porto Ocidental,"41.1741353, -8.6691662",182094,176406,96.88,5558,3.05,130,0.07,68.8979,36.8828
2023-11,Norte,ACES Alto Tâmega e Barroso,"41.741781, -7.4731648",89656,87833,97.97,1676,1.87,147,0.16,76.2448,65.8138
2023-11,Norte,ACES Douro Sul,"41.0953745, -7.8123805",68262,66683,97.69,1576,2.31,3,0.0,78.2558,76.4408
2023-11,Norte,ACES Gondomar,"41.1738444, -8.5612238",167084,166929,99.91,125,0.07,30,0.02,77.2605,14.1935
2023-11,Norte,ACES Maia / Valongo,"41.2333945, -8.6187474",219805,205757,93.61,14015,6.38,33,0.02,74.2526,60.7702
2023-11,Norte,ACES Nordeste,"41.8069684, -6.7587977",129004,118855,92.13,9515,7.38,634,0.49,75.6992,48.2018
2023-11,Centro,ACES Pinhal Interior Sul,"39.7510898, -7.9203657",31088,22735,73.13,8351,26.86,2,0.01,79.3039,67.1136
2023-11,Centro,ACES Pinhal Litoral,"39.7495331, -8.807683",281663,192613,68.38,88530,31.43,520,0.18,68.1119,55.7305
2023-11,Lisboa e Vale do Tejo,ACES Lisboa Norte,"38.7396924, -9.168506",272254,192819,70.82,77532,28.48,1903,0.7,51.9654,30.6716
2023-11,Alentejo,ACES São Mamede,"39.2967086, -7.4284755",114677,93064,81.15,21432,18.69,181,0.16,72.0519,67.6522
2023-12,Norte,ACES Vale do Sousa Sul,"41.1548155, -8.2163769",176187,173143,98.27,3040,1.73,4,0.0,77.9339,72.3445
2023-12,Norte,ACES Matosinhos,"41.1918541, -8.6590693",176760,173040,97.9,3625,2.05,95,0.05,72.7054,25.7075
2023-12,Norte,ACES Porto Oriental,"41.1694498, -8.6126428",123551,120809,97.78,2695,2.18,47,0.04,70.7574,19.8886
2023-12,Norte,ACES Gaia,"41.1278433, -8.580396",164920,160907,97.57,4009,2.43,4,0.0,72.1092,56.8686
2023-12,Norte,ACES Douro Sul,"41.0953745, -7.8123805",68218,66649,97.7,1565,2.29,4,0.01,78.2558,76.4408
2023-12,Norte,ACES Espinho / Gaia,"41.0022421, -8.642018",183922,178637,97.13,5240,2.85,45,0.02,72.8645,59.6461
2023-12,Centro,ACES Cova da Beira,"40.2677741, -7.4995083",86498,70551,81.56,15821,18.29,126,0.15,72.0163,66.9192
2023-12,Centro,ACES Baixo Vouga,"40.6405055, -8.6537539",398700,354464,88.9,43171,10.83,1065,0.27,71.1018,49.9901
2023-12,Centro,ACES Pinhal Litoral,"39.7495331, -8.807683",281878,192931,68.44,88426,31.37,521,0.18,68.1119,55.7305
2023-12,Lisboa e Vale do Tejo,ACES Cascais,"38.69904, -9.3818008",230211,179538,77.99,47260,20.53,3413,1.48,54.2439,17.0507
2023-12,Lisboa e Vale do Tejo,ACES Sintra,"38.7519209, -9.2753636",378963,244939,64.63,133304,35.18,720,0.19,55.9159,40.5638
2023-12,Lisboa e Vale do Tejo,ACES Arrábida,"38.5324373, -8.8627453",247387,178576,72.18,67993,27.48,818,0.33,61.1647,42.4254
2023-12,Alentejo,ACES Baixo Alentejo,"38.0153039, -7.8627308",122434,100134,81.79,22151,18.09,149,0.12,71.7055,62.7024
2023-12,Alentejo,ACES São Mamede,"39.2967086, -7.4284755",114518,93342,81.51,20995,18.33,181,0.16,72.0519,67.6522
2024-01,Norte,CSP da ULS São João,"41.169696, -8.612651",343760,339033,98.62,4669,1.36,58,0.02,71.7704,56.15
2024-01,Norte,CSP da ULS Médio Ave,"41.383524892, -8.4155289584",241491,237588,98.38,3872,1.6,31,0.01,75.7559,54.0912
2024-01,Norte,CSP da ULS Trás-os-Montes Alto Douro,"41.2969, -7.74841",261461,256121,97.96,5214,1.99,126,0.05,74.7448,67.4709
2024-01,Norte,CSP da ULS Santo António,"41.160263, -8.681729",349126,343900,98.5,5129,1.47,97,0.03,71.0047,37.7187
2024-01,Centro,CSP da ULS Cova da Beira,"40.279552, -7.501801",85716,61669,71.95,23948,27.94,99,0.12,69.9123,65.6174
2024-01,Centro,CSP da ULS Guarda,"40.5314, -7.27322",142705,122918,86.13,19512,13.67,275,0.19,69.2635,53.3505
2024-01,Lisboa e Vale do Tejo,CSP da ULS Arco Ribeirinho,"38.669538907, -9.0530283486",232951,146007,62.68,86753,37.24,191,0.08,54.5208,36.9819
2024-01,Lisboa e Vale do Tejo,CSP da ULS Estuário do Tejo,"38.891077, -9.039536",238711,130620,54.72,107712,45.12,379,0.16,49.7619,31.9682
2024-01,Lisboa e Vale do Tejo,CSP da ULS Almada / Seixal,"38.6276044797217, -9.11368350111247",368210,301157,81.79,66200,17.98,853,0.23,59.1494,33.0714
2024-01,Lisboa e Vale do Tejo,CSP da ULS Arrábida,"38.531, -8.8874",243814,178435,73.18,64702,26.54,677,0.28,58.3996,42.0151
2024-01,Lisboa e Vale do Tejo,CSP da ULS Lisboa Ocidental,"38.698818794, -9.3815130504",479507,398242,83.05,79023,16.48,2242,0.47,53.79,23.067
2024-01,Lisboa e Vale do Tejo,CSP da ULS São José,"38.7365023, -9.1313583",435733,315797,72.47,119217,27.36,719,0.17,49.9651,23.047
2024-02,Norte,CSP da ULS Barcelos / Esposende,"41.533628173, -8.6240622256",161534,161488,99.97,12,0.01,34,0.02,76.452,28.2609
2024-02,Norte,CSP da ULS Matosinhos,"41.1807, -8.66314",176513,171229,97.01,5229,2.96,55,0.03,71.6729,35.9387
2024-02,Norte,CSP da ULS Gaia / Espinho,"41.127363348, -8.5796956622",348969,346376,99.26,2567,0.74,26,0.01,70.1303,56.0524
2024-02,Norte,CSP da ULS Alto Ave,"41.426805082, -8.2945278754",287161,276489,96.28,10643,3.71,29,0.01,78.1605,72.0109
2024-02,Centro,CSP da ULS Baixo Mondego,"40.130297609, -8.860696177",108168,97720,90.34,10348,9.57,100,0.09,70.1501,62.2894
2024-02,Lisboa e Vale do Tejo,CSP da ULS Lezíria,"39.237167, -8.688705",198794,147093,73.99,50990,25.65,711,0.36,68.7984,60.316
2024-02,Lisboa e Vale do Tejo,CSP da ULS Oeste,"39.411452329, -9.1394549604",245660,142769,58.12,102654,41.79,237,0.1,59.8384,47.32
2024-02,Lisboa e Vale do Tejo,CSP da ULS Santa Maria,"38.739567, -9.168651",345279,241263,69.87,102574,29.71,1442,0.42,52.8555,37.7798
2024-03,Norte,CSP da ULS Barcelos / Esposende,"41.533628173, -8.6240622256",161055,159527,99.05,1499,0.93,29,0.02,76.6508,64.267
2024-03,Norte,CSP da ULS Matosinhos,"41.1807, -8.66314",176224,170825,96.94,5342,3.03,57,0.03,71.4063,34.636
2024-03,Norte,CSP da ULS São João,"41.169696, -8.612651",343560,338945,98.66,4559,1.33,56,0.02,72.661,37.3131
2024-03,Norte,CSP da ULS Gaia / Espinho,"41.127363348, -8.5796956622",347189,344563,99.24,2600,0.75,26,0.01,70.8248,54.4174
2024-03,Norte,CSP da ULS Alto Ave,"41.426805082, -8.2945278754",286409,274915,95.99,11465,4.0,29,0.01,78.0868,75.1262
2024-03,Centro,CSP da ULS Viseu Dão-Lafões,"40.659169, -7.915314",272486,253907,93.18,18485,6.78,94,0.03,73.203,63.4641
2024-03,Centro,CSP da ULS Baixo Mondego,"40.130297609, -8.860696177",107384,97123,90.44,10164,9.47,97,0.09,70.6157,61.5242
2024-03,Centro,CSP da ULS Região de Leiria,"39.7464482, -8.8044873",394983,289519,73.3,105127,26.62,337,0.09,57.6939,46.1788
2024-03,Lisboa e Vale do Tejo,CSP da ULS Almada / Seixal,"38.6276044797217, -9.11368350111247",362452,300820,83.0,60787,16.77,845,0.23,59.7078,36.3951
2024-03,Lisboa e Vale do Tejo,CSP da ULS Amadora / Sintra,"38.75717, -9.23401",535061,366627,68.52,167340,31.27,1094,0.2,55.0466,40.9424
2024-03,Lisboa e Vale do Tejo,CSP da ULS São José,"38.7365023, -9.1313583",420213,317232,75.49,102257,24.33,724,0.17,52.7284,26.4874
2024-03,Lisboa e Vale do Tejo,CSP da ULS Santa Maria,"38.739567, -9.168651",341463,235757,69.04,104268,30.54,1438,0.42,53.0043,37.2363
2024-03,Alentejo,CSP da ULS Baixo Alentejo,"38.014, -7.8675",120221,98932,82.29,21230,17.66,59,0.05,70.956,64.1646
2024-03,Alentejo,CSP da ULS Alentejo Central,"38.574093, -7.911785",159542,141451,88.66,18072,11.33,19,0.01,73.491,69.7695
2024-04,Norte,CSP da ULS Tâmega e Sousa,"41.206266147, -8.2725028602",481372,481307,99.99,31,0.01,34,0.01,77.904,51.6129
2024-04,Norte,CSP da ULS São João,"41.169696, -8.612651",344361,339750,98.66,4596,1.33,15,0.0,73.8176,36.7929
2024-04,Norte,CSP da ULS Alto Ave,"41.426805082, -8.2945278754",286458,274981,95.99,11448,4.0,29,0.01,79.2636,74.8777
2024-04,Centro,CSP da ULS Cova da Beira,"40.279552, -7.501801",84191,66624,79.13,17475,20.76,92,0.11,71.7651,64.7521
2024-04,Centro,CSP da ULS Região de Aveiro,"40.6418, -8.65166",390618,360844,92.38,29291,7.5,483,0.12,72.6357,53.849
2024-04,Centro,CSP da ULS Castelo Branco,"39.831269, -7.486884",99491,83720,84.15,15670,15.75,101,0.1,73.1674,60.9093
2024-04,Centro,CSP da ULS Baixo Mondego,"40.130297609, -8.860696177",107603,97643,90.74,9831,9.14,129,0.12,72.2721,61.5763
2024-04,Centro,CSP da ULS Região de Leiria,"39.7464482, -8.8044873",396020,289852,73.19,105812,26.72,356,0.09,62.4711,46.7495
2024-04,Lisboa e Vale do Tejo,CSP da ULS Santa Maria,"38.739567, -9.168651",342484,236430,69.03,104620,30.55,1434,0.42,53.9941,37.1707
2024-04,Lisboa e Vale do Tejo,CSP da ULS Médio Tejo,"39.446082196, -8.5086017608",177622,127751,71.92,49625,27.94,246,0.14,71.2063,60.3485
2024-04,Alentejo,CSP da ULS Alto Alentejo,"39.2991, -7.4278",107555,92763,86.25,14730,13.7,62,0.06,73.5717,68.6385
2024-05,Norte,CSP da ULS São João,"41.169696, -8.612651",344804,339915,98.58,4875,1.41,14,0.0,73.7697,35.5492
2024-05,Centro,CSP da ULS Região de Aveiro,"40.6418, -8.65166",391516,363355,92.81,27683,7.07,478,0.12,72.6578,52.5123
2024-05,Lisboa e Vale do Tejo,CSP da ULS Lezíria,"39.237167, -8.688705",197491,150628,76.27,46184,23.39,679,0.34,70.5602,59.3752
2024-05,Lisboa e Vale do Tejo,CSP da ULS Amadora / Sintra,"38.75717, -9.23401",538582,362379,67.28,175078,32.51,1125,0.21,56.9594,40.6514
2024-06,Norte,CSP da ULS Entre Douro e Vouga,"40.926349, -8.548039",274469,267214,97.36,7250,2.64,5,0.0,78.3167,77.2295
2024-06,Lisboa e Vale do Tejo,CSP da ULS Lezíria,"39.237167, -8.688705",197801,152468,77.08,44659,22.58,674,0.34,70.7342,59.3321
2024-06,Lisboa e Vale do Tejo,CSP da ULS Lisboa Ocidental,"38.698818794, -9.3815130504",473989,400897,84.58,70994,14.98,2098,0.44,58.2429,29.322
2024-06,Lisboa e Vale do Tejo,CSP da ULS Amadora / Sintra,"38.75717, -9.23401",540036,365370,67.66,173524,32.13,1142,0.21,56.9375,40.4148
2024-06,Lisboa e Vale do Tejo,CSP da ULS Santa Maria,"38.739567, -9.168651",344131,240969,70.02,101735,29.56,1427,0.41,53.5857,35.4472
2024-06,Lisboa e Vale do Tejo,CSP da ULS Médio Tejo,"39.446082196, -8.5086017608",178341,131410,73.68,46692,26.18,239,0.13,70.9641,60.0038
2024-06,Alentejo,CSP da ULS Alentejo Central,"38.574093, -7.911785",162241,145383,89.61,15137,9.33,1721,1.06,75.1234,69.9253
2024-06,Algarve,CSP da ULS Algarve,"37.02745056, -7.937649",520826,414614,79.61,105160,20.19,1052,0.2,60.5924,34.7151
2024-07,Norte,CSP da ULS Barcelos / Esposende,"41.533628173, -8.6240622256",161595,154868,95.84,6705,4.15,22,0.01,77.4968,70.0312
2024-07,Norte,CSP da ULS Matosinhos,"41.1807, -8.66314",176710,170557,96.52,6093,3.45,60,0.03,73.2234,41.5732
2024-07,Norte,CSP da ULS Nordeste,"41.806816, -6.759102",125387,111068,88.58,14112,11.25,207,0.17,77.4315,67.6514
2024-07,Norte,CSP da ULS São João,"41.169696, -8.612651",345804,336219,97.23,9577,2.77,8,0.0,74.0758,56.7449
2024-07,Norte,CSP da ULS Gaia / Espinho,"41.127363348, -8.5796956622",349630,344310,98.48,5291,1.51,29,0.01,73.4007,58.8534
2024-07,Centro,CSP da ULS Coimbra,"40.21578, -8.41058",403685,350957,86.94,52165,12.92,563,0.14,73.9958,59.3764
2024-07,Lisboa e Vale do Tejo,CSP da ULS Arco Ribeirinho,"38.669538907, -9.0530283486",231259,145801,63.05,85285,36.88,173,0.07,58.2749,39.4474
2024-07,Lisboa e Vale do Tejo,CSP da ULS Lezíria,"39.237167, -8.688705",198225,155054,78.22,42494,21.44,677,0.34,71.0571,60.1816
2024-07,Lisboa e Vale do Tejo,CSP da ULS Lisboa Ocidental,"38.698818794, -9.3815130504",475247,399113,83.98,74527,15.68,1607,0.34,58.7162,28.1372
2024-07,Lisboa e Vale do Tejo,CSP da ULS São José,"38.7365023, -9.1313583",424937,315943,74.35,108300,25.49,694,0.16,54.4729,28.5025
2024-08,Norte,CSP da ULS Trás-os-Montes Alto Douro,"41.2969, -7.74841",260870,253834,97.3,6944,2.66,92,0.04,76.7801,71.2921
2024-08,Centro,CSP da ULS Castelo Branco,"39.831269, -7.486884",100107,83183,83.09,16795,16.78,129,0.13,73.4627,56.9125
2024-08,Centro,CSP da ULS Baixo Mondego,"40.130297609, -8.860696177",108351,97613,90.09,10644,9.82,94,0.09,72.9984,62.0308
2024-08,Lisboa e Vale do Tejo,CSP da ULS Amadora / Sintra,"38.75717, -9.23401",542965,356453,65.65,185276,34.12,1236,0.23,57.2126,41.0824
2024-08,Lisboa e Vale do Tejo,CSP da ULS Médio Tejo,"39.446082196, -8.5086017608",179127,131137,73.21,47751,26.66,239,0.13,71.2645,59.9765
2024-08,Alentejo,CSP da ULS Litoral Alentejano,"38.039936, -8.731693",101495,77226,76.09,23924,23.57,345,0.34,60.7317,43.7832
2024-08,Alentejo,CSP da ULS Alto Alentejo,"39.2991, -7.4278",108561,95709,88.16,12789,11.78,63,0.06,73.5746,67.9002
2024-09,Norte,CSP da ULS Alto Minho,"41.696866, -8.832522",249339,239630,96.11,9681,3.88,28,0.01,78.3034,57.6063
2024-09,Norte,CSP da ULS Nordeste,"41.806816, -6.759102",125416,111168,88.64,14021,11.18,227,0.18,77.4271,66.3742
2024-09,Norte,CSP da ULS Entre Douro e Vouga,"40.926349, -8.548039",274396,264222,96.29,10168,3.71,6,0.0,78.7985,76.1549
2024-09,Norte,CSP da ULS Braga,"41.629758698, -8.3591461276",323125,315529,97.65,7479,2.31,117,0.04,75.8908,38.2411
2024-09,Norte,CSP da ULS São João,"41.169696, -8.612651",346723,329867,95.14,16847,4.86,9,0.0,74.2022,60.566
2024-09,Norte,CSP da ULS Gaia / Espinho,"41.127363348, -8.5796956622",350646,346851,98.92,3771,1.08,24,0.01,73.7482,54.361
2024-09,Centro,CSP da ULS Castelo Branco,"39.831269, -7.486884",100329,81801,81.53,18404,18.34,124,0.12,73.871,55.3163
2024-09,Centro,CSP da ULS Região de Leiria,"39.7464482, -8.8044873",399489,299882,75.07,99275,24.85,332,0.08,68.1138,54.4681
2024-09,Lisboa e Vale do Tejo,CSP da ULS Almada / Seixal,"38.6276044797217, -9.11368350111247",367332,310977,84.66,55973,15.24,382,0.1,62.5589,19.9681
2024-09,Lisboa e Vale do Tejo,CSP da ULS Amadora / Sintra,"38.75717, -9.23401",544149,358785,65.94,184055,33.82,1309,0.24,57.4074,40.4361
2024-09,Alentejo,CSP da ULS Alentejo Central,"38.574093, -7.911785",163562,151977,92.92,9933,6.07,1652,1.01,75.6753,72.0155
2024-10,Norte,CSP da ULS Alto Minho,"41.696866, -8.832522",249807,242973,97.26,6801,2.72,33,0.01,78.5394,54.7264
2024-10,Norte,CSP da ULS Braga,"41.629758698, -8.3591461276",323797,313982,96.97,9682,2.99,133,0.04,76.2357,45.1048
2024-10,Norte,CSP da ULS São João,"41.169696, -8.612651",347270,330025,95.03,17236,4.96,9,0.0,74.4444,59.5303
2024-10,Norte,CSP da ULS Médio Ave,"41.383524892, -8.4155289584",242545,239141,98.6,3391,1.4,13,0.01,77.2731,75.4232
2024-10,Lisboa e Vale do Tejo,CSP da ULS Estuário do Tejo,"38.891077, -9.039536",237718,122832,51.67,114537,48.18,349,0.15,58.322,34.7814
2024-10,Lisboa e Vale do Tejo,CSP da ULS Arrábida,"38.531, -8.8874",242997,165400,68.07,76870,31.63,727,0.3,62.3971,39.3044
2024-10,Alentejo,CSP da ULS Alentejo Central,"38.574093, -7.911785",164056,151983,92.64,10398,6.34,1675,1.02,76.2551,71.7717
2024-11,Norte,CSP da ULS Trás-os-Montes Alto Douro,"41.2969, -7.74841",261576,249352,95.33,12143,4.64,81,0.03,77.4426,69.244
2024-11,Centro,CSP da ULS Região de Aveiro,"40.6418, -8.65166",337476,325066,96.32,11964,3.55,446,0.13,73.2707,40.4029
2024-11,Centro,CSP da ULS Viseu Dão-Lafões,"40.659169, -7.915314",275334,268114,97.38,7206,2.62,14,0.01,75.3626,64.8892
2024-11,Lisboa e Vale do Tejo,CSP da ULS Arco Ribeirinho,"38.669538907, -9.0530283486",234598,145892,62.19,88534,37.74,172,0.07,58.9962,39.6895
2024-11,Lisboa e Vale do Tejo,CSP da ULS Lezíria,"39.237167, -8.688705",199859,164213,82.16,34974,17.5,672,0.34,71.7471,56.9882
2024-11,Lisboa e Vale do Tejo,CSP da ULS Arrábida,"38.531, -8.8874",243139,164834,67.79,77577,31.91,728,0.3,62.5934,39.424
2024-11,Lisboa e Vale do Tejo,CSP da ULS Amadora / Sintra,"38.75717, -9.23401",547350,366821,67.02,179183,32.74,1346,0.25,57.9249,39.8097
2024-11,Lisboa e Vale do Tejo,CSP da ULS Loures / Odivelas,"38.821769, -9.176301",233199,171619,73.59,61387,26.32,193,0.08,56.845,28.2673
2024-11,Alentejo,CSP da ULS Litoral Alentejano,"38.039936, -8.731693",102084,78355,76.76,23405,22.93,324,0.32,61.2368,44.3424
2024-12,Norte,CSP da ULS Entre Douro e Vouga,"40.926349, -8.548039",332420,321633,96.76,10772,3.24,15,0.0,79.5042,71.3544
2024-12,Norte,CSP da ULS São João,"41.169696, -8.612651",348067,335144,96.29,12920,3.71,3,0.0,74.7865,50.0271
2024-12,Norte,CSP da ULS Médio Ave,"41.383524892, -8.4155289584",242862,241111,99.28,1743,0.72,8,0.0,77.5057,69.3813
2024-12,Centro,CSP da ULS Castelo Branco,"39.831269, -7.486884",100781,85463,84.8,15137,15.02,181,0.18,74.8971,49.0077
2024-12,Centro,CSP da ULS Coimbra,"40.21578, -8.41058",407397,368399,90.43,38471,9.44,527,0.13,74.8071,55.6054
2024-12,Lisboa e Vale do Tejo,CSP da ULS Arrábida,"38.531, -8.8874",243392,164713,67.67,77954,32.03,725,0.3,62.8825,39.9192
2024-12,Lisboa e Vale do Tejo,CSP da ULS Oeste,"39.411452329, -9.1394549604",248908,138172,55.51,110506,44.4,230,0.09,61.7566,46.0645
2024-12,Alentejo,CSP da ULS Alentejo Central,"38.574093, -7.911785",164698,149064,90.51,13929,8.46,1705,1.04,77.1467,70.0205
2024-12,Alentejo,CSP da ULS Alto Alentejo,"39.2991, -7.4278",109532,88983,81.24,20488,18.71,61,0.06,74.3965,67.7892
2025-01,Alentejo,CSP da ULS Alto Alentejo,"39.3004940975133, -7.42635033349663",109703,86165,78.54,23475,21.4,63,0.06,74.46013,69.81605
2025-01,Alentejo,CSP da ULS Baixo Alentejo,"38.014, -7.8675",120760,106110,87.87,14453,11.97,197,0.16,73.07883,66.02048
2025-01,Centro,CSP da ULS Cova da Beira,"40.279552, -7.501801",84448,72506,85.86,11845,14.03,97,0.11,72.70273,61.34651
2025-01,Lisboa e Vale do Tejo,CSP da ULS Almada / Seixal,"38.6276044797217, -9.11368350111247",370594,312405,84.3,57817,15.6,372,0.1,62.79567,34.64572
2025-01,Lisboa e Vale do Tejo,CSP da ULS Estuário do Tejo,"38.891077, -9.039536",239285,120237,50.25,118704,49.61,344,0.14,58.97236,48.94496
2025-01,Lisboa e Vale do Tejo,CSP da ULS Lezíria,"39.232503, -8.715083",200497,163608,81.6,36245,18.08,644,0.32,72.36467,58.38326
2025-01,Lisboa e Vale do Tejo,CSP da ULS Santa Maria,"38.739567, -9.168651",349478,238089,68.13,109999,31.48,1390,0.4,55.93514,35.70281
2025-01,Norte,CSP da ULS Santo António,"41.160263, -8.681729",350580,335603,95.73,14879,4.24,98,0.03,73.84449,59.67817
2025-02,Alentejo,CSP da ULS Alentejo Central,"38.568838, -7.903064",165135,151522,91.76,13597,8.23,16,0.01,77.63285,74.90634
2025-02,Centro,CSP da ULS Baixo Mondego,"40.130297609, -8.860696177",109078,105906,97.09,3102,2.84,70,0.06,75.32225,53.90921
2025-02,Centro,CSP da ULS Guarda,"40.5314, -7.27322",140380,124488,88.68,15626,11.13,266,0.19,76.10771,64.81878
2025-02,Centro,CSP da ULS Viseu Dão-Lafões,"40.659169, -7.915314",276095,271910,98.48,4174,1.51,11,0.0,76.16654,58.66189
2025-02,Lisboa e Vale do Tejo,CSP da ULS Arco Ribeirinho,"38.6527214050293, -9.05825614929199",236568,147444,62.33,88965,37.61,159,0.07,59.15593,40.74997
2025-02,Lisboa e Vale do Tejo,CSP da ULS Loures / Odivelas,"38.821769, -9.176301",234739,171285,72.97,63276,26.96,178,0.08,57.12515,31.08393
2025-02,Lisboa e Vale do Tejo,CSP da ULS Oeste,"39.411452329, -9.1394549604",249718,136722,54.75,112762,45.16,234,0.09,61.92986,48.74774
2025-02,Lisboa e Vale do Tejo,CSP da ULS Santa Maria,"38.739567, -9.168651",350049,235420,67.25,113219,32.34,1410,0.4,55.98616,36.11826
2025-02,Norte,CSP da ULS Braga,"41.629758698, -8.3591461276",325656,318362,97.76,7143,2.19,151,0.05,76.54949,62.95585
2025-02,Norte,CSP da ULS Gaia / Espinho,"41.127363348, -8.5796956622",351948,349970,99.44,1942,0.55,36,0.01,75.45234,66.05479
2025-02,Norte,CSP da ULS Matosinhos,"41.1807, -8.66314",176989,171796,97.07,5130,2.9,63,0.04,73.05143,30.48334
2025-03,Alentejo,CSP da ULS Litoral Alentejano,"38.039936, -8.731693",102474,78215,76.33,23943,23.36,316,0.31,61.8674,44.11559
2025-03,Centro,CSP da ULS Cova da Beira,"40.279552, -7.501801",84711,72686,85.8,11927,14.08,98,0.12,73.48042,62.06237
2025-03,Lisboa e Vale do Tejo,CSP da ULS Loures / Odivelas,"38.821769, -9.176301",235295,169973,72.24,65150,27.69,172,0.07,57.04074,31.58201
2025-03,Lisboa e Vale do Tejo,CSP da ULS São José,"38.7365023, -9.1313583",433841,328749,75.78,104351,24.05,741,0.17,54.8429,28.12393
2025-03,Norte,CSP da ULS Barcelos / Esposende,"41.533628173, -8.6240622256",161542,161519,99.99,2,0.0,21,0.01,78.47928,17.3913
2025-03,Norte,CSP da ULS Matosinhos,"41.1807, -8.66314",177049,171798,97.03,5189,2.93,62,0.04,72.88886,30.62274
2025-03,Norte,CSP da ULS São João,"41.169696, -8.612651",349386,333525,95.46,15857,4.54,4,0.0,74.5588,60.05296
2025-04,Alentejo,CSP da ULS Alto Alentejo,"39.3004940975133, -7.42635033349663",110132,83055,75.41,27013,24.53,64,0.06,74.07747,68.89357
2025-04,Centro,CSP da ULS Baixo Mondego,"40.130297609, -8.860696177",109245,105986,97.02,3184,2.91,75,0.07,75.53115,54.5873
2025-04,Lisboa e Vale do Tejo,CSP da ULS Arrábida,"38.531, -8.8874",246457,156891,63.66,88843,36.05,723,0.29,62.76064,47.8474
2025-04,Lisboa e Vale do Tejo,CSP da ULS Estuário do Tejo,"38.891077, -9.039536",241339,118728,49.2,122268,50.66,343,0.14,58.60967,48.59678
2025-04,Lisboa e Vale do Tejo,CSP da ULS São José,"38.7365023, -9.1313583",434809,326782,75.16,107289,24.67,738,0.17,54.52555,28.36791
2025-04,Norte,CSP da ULS São João,"41.169696, -8.612651",349950,335386,95.84,14559,4.16,5,0.0,74.1906,56.41994
2025-05,Alentejo,CSP da ULS Baixo Alentejo,"38.014, -7.8675",121096,101325,83.67,19527,16.13,244,0.2,72.85872,63.59314
2025-05,Algarve,CSP da ULS Algarve,"37.02745056, -7.937649",537934,428732,79.7,108287,20.13,915,0.17,61.34712,38.19619
2025-05,Centro,CSP da ULS Castelo Branco,"39.831269, -7.486884",101534,85442,84.15,15935,15.69,157,0.15,74.93746,62.68332
2025-05,Centro,CSP da ULS Região de Aveiro,"40.6418, -8.65166",340614,329648,96.78,10540,3.09,426,0.13,73.88099,46.34324
2025-05,Lisboa e Vale do Tejo,CSP da ULS Arco Ribeirinho,"38.6527214050293, -9.05825614929199",239260,144204,60.27,94889,39.66,167,0.07,58.68846,41.30407
2025-05,Norte,CSP da ULS Braga,"41.629758698, -8.3591461276",327326,323402,98.8,3786,1.16,138,0.04,75.98296,33.28236
2025-06,Alentejo,CSP da ULS Alentejo Central,"38.568838, -7.903064",165914,150735,90.85,13566,8.18,1613,0.97,77.87408,74.59648
2025-06,Alentejo,CSP da ULS Alto Alentejo,"39.3004940975133, -7.42635033349663",110241,82873,75.17,27304,24.77,64,0.06,73.81827,68.38759
2025-06,Centro,CSP da ULS Baixo Mondego,"40.130297609, -8.860696177",109667,106204,96.84,3392,3.09,71,0.06,75.60068,53.99942
2025-06,Centro,CSP da ULS Castelo Branco,"39.831269, -7.486884",101611,84179,82.84,17275,17.0,157,0.15,75.14836,62.80978
2025-06,Centro,CSP da ULS Região de Aveiro,"40.6418, -8.65166",341412,326759,95.71,14221,4.17,432,0.13,73.60462,52.15314
2025-06,Lisboa e Vale do Tejo,CSP da ULS Amadora / Sintra,"38.75717, -9.23401",560713,366319,65.33,192870,34.4,1524,0.27,57.9744,41.23224
2025-06,Norte,CSP da ULS Braga,"41.629758698, -8.3591461276",327971,321736,98.1,6098,1.86,137,0.04,75.70182,35.86207
2025-06,Norte,CSP da ULS Matosinhos,"41.1807, -8.66314",177585,171500,96.57,6018,3.39,67,0.04,72.06859,44.97946
2025-07,Centro,CSP da ULS Cova da Beira,"40.279552, -7.501801",85380,76379,89.46,8905,10.43,96,0.11,74.02788,70.56994
2025-07,Lisboa e Vale do Tejo,CSP da ULS Almada / Seixal,"38.6276044797217, -9.11368350111247",376464,320258,85.07,55789,14.82,417,0.11,62.54994,34.55325
2025-07,Lisboa e Vale do Tejo,CSP da ULS Arco Ribeirinho,"38.6527214050293, -9.05825614929199",241742,153948,63.68,87622,36.25,172,0.07,58.45157,39.70772
2025-07,Lisboa e Vale do Tejo,CSP da ULS São José,"38.7365023, -9.1313583",439713,341388,77.64,97598,22.2,727,0.17,53.90539,23.83016
2025-07,Norte,CSP da ULS Alto Ave,"41.426805082, -8.2945278754",289443,278778,96.32,10638,3.68,27,0.01,79.54796,75.58368
2025-07,Norte,CSP da ULS Alto Minho,"41.696866, -8.832522",253984,250398,98.59,3556,1.4,30,0.01,78.99277,63.99888
2025-07,Norte,CSP da ULS Nordeste,"41.806816, -6.759102",126475,121254,95.87,4828,3.82,393,0.31,79.10891,77.99272
2025-07,Norte,CSP da ULS São João,"41.169696, -8.612651",352094,334116,94.89,17973,5.1,5,0.0,73.60165,54.75025
2025-08,Algarve,CSP da ULS Algarve,"37.02745056, -7.937649",545935,444885,81.49,100113,18.34,937,0.17,60.68103,35.72885
2025-08,Centro,CSP da ULS Baixo Mondego,"40.130297609, -8.860696177",110142,104817,95.17,5252,4.77,73,0.07,75.8539,58.32864
2025-08,Centro,CSP da ULS Coimbra,"40.21578, -8.41058",412255,387752,94.06,24045,5.83,458,0.11,74.8299,52.85883
2025-08,Centro,CSP da ULS Viseu Dão-Lafões,"40.659169, -7.915314",278030,272267,97.93,5753,2.07,10,0.0,76.35831,55.30106
2025-08,Lisboa e Vale do Tejo,CSP da ULS Arco Ribeirinho,"38.6527214050293, -9.05825614929199",242921,159850,65.8,82899,34.13,172,0.07,58.25104,37.63648
2025-08,Lisboa e Vale do Tejo,CSP da ULS Estuário do Tejo,"38.891077, -9.039536",244970,128348,52.39,116283,47.47,339,0.14,58.70147,47.85375
2025-08,Lisboa e Vale do Tejo,CSP da ULS Lisboa Ocidental,"38.698818794, -9.3815130504",487513,435452,89.32,50650,10.39,1411,0.29,60.24188,22.78865
2025-09,Alentejo,CSP da ULS Baixo Alentejo,"38.009362882, -7.8559468083",121420,102948,84.79,18100,14.91,372,0.31,72.57206,62.13729
2025-09,Centro,CSP da ULS Baixo Mondego,"40.130297609, -8.860696177",110485,108362,98.08,2047,1.85,76,0.07,75.93157,55.53462
2025-09,Centro,CSP da ULS Região de Aveiro,"40.6418, -8.65166",344165,333047,96.77,10696,3.11,422,0.12,73.45488,39.4722
2025-09,Lisboa e Vale do Tejo,CSP da ULS Almada / Seixal,"38.6276044797217, -9.11368350111247",378279,321812,85.07,56060,14.82,407,0.11,62.51444,33.19461
2025-09,Lisboa e Vale do Tejo,CSP da ULS Amadora / Sintra,"38.75717, -9.23401",568185,384343,67.64,182406,32.1,1436,0.25,57.92339,40.10183
2025-09,Lisboa e Vale do Tejo,CSP da ULS Oeste,"39.411452329, -9.1394549604",254903,137056,53.77,117616,46.14,231,0.09,61.40218,47.95116
2025-09,Norte,CSP da ULS Médio Ave,"41.346844614, -8.482973945",244041,244021,99.99,10,0.0,10,0.0,76.91699,5.0
2025-09,Norte,CSP da ULS Tâmega e Sousa,"41.206266147, -8.2725028602",485169,485160,100.0,7,0.0,2,0.0,79.08687,55.55556
2025-10,Alentejo,CSP da ULS Alentejo Central,"38.568838, -7.903064",166879,155591,93.24,11272,6.75,16,0.01,77.51784,73.71545
2025-10,Alentejo,CSP da ULS Litoral Alentejano,"38.039936, -8.731693",105572,76731,72.68,28581,27.07,260,0.25,61.13363,42.80018
2025-10,Centro,CSP da ULS Região de Leiria,"39.7418, -8.79444",413390,332904,80.53,80164,19.39,322,0.08,69.62892,55.68795
2025-10,Lisboa e Vale do Tejo,CSP da ULS Almada / Seixal,"38.6276044797217, -9.11368350111247",379158,319661,84.31,59085,15.58,412,0.11,62.50112,34.24879
2025-10,Lisboa e Vale do Tejo,CSP da ULS Arrábida,"38.531, -8.8874",253124,160864,63.55,91760,36.25,500,0.2,62.62346,48.71017
2025-10,Norte,CSP da ULS Braga,"41.629758698, -8.3591461276",326122,320737,98.35,5272,1.62,113,0.03,75.90196,30.26927
2025-10,Norte,CSP da ULS Gaia / Espinho,"41.127363348, -8.5796956622",353920,340214,96.13,13628,3.85,78,0.02,74.98926,67.21144
2025-10,Norte,CSP da ULS Médio Ave,"41.346844614, -8.482973945",244168,244148,99.99,10,0.0,10,0.0,76.88149,5.0
2025-11,Alentejo,CSP da ULS Alto Alentejo,"39.3004940975133, -7.42635033349663",111132,86739,78.05,24322,21.89,71,0.06,73.02667,67.6456
2025-11,Centro,CSP da ULS Coimbra,"40.21578, -8.41058",414463,387269,93.44,26779,6.46,415,0.1,74.82091,54.64808
2025-11,Centro,CSP da ULS Região de Leiria,"39.7418, -8.79444",414627,336751,81.22,77552,18.7,324,0.08,69.90042,55.31743
2025-11,Lisboa e Vale do Tejo,CSP da ULS Arrábida,"38.531, -8.8874",253671,160848,63.41,92317,36.39,506,0.2,62.80261,48.61618
2025-11,Lisboa e Vale do Tejo,CSP da ULS Estuário do Tejo,"38.891077, -9.039536",247082,130674,52.89,116060,46.97,348,0.14,58.86345,47.81029
2025-11,Lisboa e Vale do Tejo,CSP da ULS Lezíria,"39.232503, -8.715083",205342,165012,80.36,39719,19.34,611,0.3,72.43915,60.27523
2025-11,Lisboa e Vale do Tejo,CSP da ULS Lisboa Ocidental,"38.698818794, -9.3815130504",491333,433785,88.29,56178,11.43,1370,0.28,60.90086,23.98172
2025-11,Lisboa e Vale do Tejo,CSP da ULS São José,"38.7365023, -9.1313583",445785,343179,76.98,101911,22.86,695,0.16,53.72388,22.55716
2025-11,Norte,CSP da ULS Alto Minho,"41.696866, -8.832522",256004,254270,99.32,1704,0.67,30,0.01,79.03705,42.32987
2025-11,Norte,CSP da ULS Braga,"41.629758698, -8.3591461276",326782,320977,98.22,5695,1.74,110,0.03,75.73336,30.64599
2025-11,Norte,CSP da ULS Santo António,"41.160263, -8.681729",355410,336190,94.59,19117,5.38,103,0.03,72.63639,53.60562
2025-11,Norte,CSP da ULS Tâmega e Sousa,"41.206266147, -8.2725028602",485613,485596,100.0,15,0.0,2,0.0,79.14677,41.17647
2025-12,Alentejo,CSP da ULS Litoral Alentejano,"38.039936, -8.731693",106110,76743,72.32,29108,27.43,259,0.24,60.74263,42.23789
2025-12,Lisboa e Vale do Tejo,CSP da ULS Arco Ribeirinho,"38.6527214050293, -9.05825614929199",246287,159724,64.85,86388,35.08,175,0.07,57.8439,37.06202
2025-12,Lisboa e Vale do Tejo,CSP da ULS Oeste,"39.411452329, -9.1394549604",256976,137194,53.39,119546,46.52,236,0.09,61.22712,48.13661
2025-12,Lisboa e Vale do Tejo,CSP da ULS Santa Maria,"38.739567, -9.168651",357999,242916,67.85,113605,31.73,1478,0.41,54.56915,32.84499
2025-12,Norte,CSP da ULS Barcelos / Esposende,"41.533628173, -8.6240622256",162755,162741,99.99,0,0.0,14,0.01,78.37793,0.0
2025-12,Norte,CSP da ULS Matosinhos,"41.1807, -8.66314",178274,174067,97.64,4140,2.32,67,0.04,72.33753,30.44925
2026-01,Alentejo,CSP da ULS Litoral Alentejano,"38.039936, -8.731693",106305,74664,70.24,31386,29.52,255,0.24,60.63497,43.30457
2026-01,Algarve,CSP da ULS Algarve,"37.02745056, -7.937649",554327,448371,80.89,105020,18.95,936,0.17,60.46359,34.27649
2026-01,Lisboa e Vale do Tejo,CSP da ULS Almada / Seixal,"38.6276044797217, -9.11368350111247",380634,319561,83.95,60645,15.93,428,0.11,62.14158,33.8824
2026-01,Lisboa e Vale do Tejo,CSP da ULS Oeste,"39.4062582, -9.12709",257496,137077,53.23,120185,46.67,234,0.09,61.02231,48.05803
2026-01,Norte,CSP da ULS Alto Minho,"41.696866, -8.832522",256424,254464,99.24,1928,0.75,32,0.01,78.88731,47.5
2026-01,Norte,CSP da ULS Matosinhos,"41.1807, -8.66314",178292,173981,97.58,4244,2.38,67,0.04,72.28535,30.17861
2026-01,Norte,CSP da ULS Médio Ave,"41.346844614, -8.482973945",244960,243306,99.32,1644,0.67,10,0.0,76.60924,64.99395
2016-01,Alentejo,ACES Baixo Alentejo,"38.0153039, -7.8627308",125192,121945,97.41,3109,2.48,138,0.11,72.3389,65.1212
2016-01,Centro,ACES Cova da Beira,"40.2677741, -7.4995083",86099,83032,96.44,2926,3.4,141,0.16,66.3332,21.5932
2016-01,Centro,ACES Pinhal Interior Sul,"39.7510898, -7.9203657",31368,30809,98.22,192,0.61,367,1.17,80.1705,30.3089
2016-01,Centro,ACES Pinhal Litoral,"39.7495331, -8.807683",263922,240461,91.11,22938,8.69,523,0.2,67.7962,44.4235
2016-01,Lisboa e Vale do Tejo,ACES Estuário do Tejo,"38.9528113, -8.9911154",224031,156537,69.87,66398,29.64,1096,0.49,57.9433,41.2767
2016-01,Lisboa e Vale do Tejo,ACES Lisboa Ocidental e Oeiras,"38.6914388, -9.3184304",237481,201890,85.01,34776,14.64,815,0.34,57.7669,33.8603
2016-01,Lisboa e Vale do Tejo,ACES Loures / Odivelas,"38.8012718, -9.1137868",345648,284996,82.45,60085,17.38,567,0.16,57.9999,29.1909
2016-01,Norte,ACES Alto Ave,"41.4417064, -8.1722408",269051,267055,99.26,1922,0.71,74,0.03,77.4179,60.2268
2016-01,Norte,ACES Alto Minho,"41.7056054, -8.8252713",246980,244917,99.16,1521,0.62,542,0.22,76.1177,23.1783
2016-01,Norte,ACES Baixo Tâmega,"41.2719719, -8.0791631",172097,144150,83.76,25798,14.99,2149,1.25,74.5683,53.4238
2016-01,Norte,ACES Braga,"41.5518714, -8.4126362",183377,180557,98.46,2819,1.54,1,0.0,74.5636,70.3408
2016-01,Norte,ACES Douro Sul,"41.0953745, -7.8123805",74429,62435,83.89,11658,15.66,336,0.45,75.3308,64.2946
2016-01,Norte,ACES Feira e Arouca,"40.9263169, -8.5478813",155668,152162,97.75,3356,2.16,150,0.1,74.0101,63.2756
2016-01,Norte,ACES Gaia,"41.1278433, -8.580396",151364,149915,99.04,1377,0.91,72,0.05,71.2364,34.2832
2016-01,Norte,ACES Porto Oriental,"41.1694498, -8.6126428",116395,114171,98.09,1773,1.52,451,0.39,71.6272,43.7805
2016-01,Norte,ACES Santo Tirso / Trofa,"41.3469246, -8.4822648",115709,113780,98.33,1692,1.46,237,0.2,75.9645,30.2865
2016-02,Alentejo,ACES Alentejo Litoral,"38.3841359, -8.5132031",92855,70796,76.24,22013,23.71,46,0.05,68.5586,60.2753
2016-02,Alentejo,ACES São Mamede,"39.2967086, -7.4284755",117884,109642,93.01,8146,6.91,96,0.08,72.4696,61.5123
2016-02,Algarve,ACES Algarve Sotavento,"37.383008, -7.7293275",55092,52577,95.43,2466,4.48,49,0.09,67.9837,30.1153
2016-02,Lisboa e Vale do Tejo,ACES Arco Ribeirinho,"38.6672076, -9.0543329",218049,154700,70.95,63202,28.99,147,0.07,59.9954,41.9843
2016-02,Lisboa e Vale do Tejo,ACES Estuário do Tejo,"38.9528113, -8.9911154",224625,157042,69.91,66468,29.59,1115,0.5,58.181,41.3514
2016-02,Lisboa e Vale do Tejo,ACES Lezíria,"39.2371689, -8.6908895",193963,157205,81.05,36206,18.67,552,0.28,69.3194,50.76
2016-02,Norte,ACES Barcelos / Esposende,"41.5317419, -8.6178922",156261,155197,99.32,785,0.5,279,0.18,77.2347,22.8013
2016-02,Norte,ACES Braga,"41.5518714, -8.4126362",183781,180954,98.46,2827,1.54,0,0.0,74.8874,54.7292
2016-02,Norte,ACES Gaia,"41.1278433, -8.580396",151665,151135,99.65,467,0.31,63,0.04,71.5328,48.6649
2016-02,Norte,ACES Nordeste,"41.8069684, -6.7587977",134078,130051,97.0,3340,2.49,687,0.51,75.6113,47.1556
2016-02,Norte,ACES Porto Ocidental,"41.1741353, -8.6691662",165683,164422,99.24,873,0.53,388,0.23,66.1213,7.40151
2016-02,Norte,ACES Santo Tirso / Trofa,"41.3469246, -8.4822648",115790,115356,99.63,356,0.31,78,0.07,76.3015,30.0
2016-02,Norte,ACES Vale do Sousa Sul,"41.1548155, -8.2163769",177285,173111,97.65,4143,2.34,31,0.02,75.9635,63.3173
2016-03,Alentejo,ACES São Mamede,"39.2967086, -7.4284755",117837,109604,93.01,8139,6.91,94,0.08,71.7894,62.2014
2016-03,Algarve,ACES Algarve Sotavento,"37.383008, -7.7293275",55239,52684,95.37,2504,4.53,51,0.09,67.3908,46.7603
2016-03,Centro,ACES Baixo Mondego,"40.2150023, -8.4071805",383648,365604,95.3,16246,4.23,1798,0.47,60.2772,27.1946
2016-03,Centro,ACES Cova da Beira,"40.2677741, -7.4995083",86273,83106,96.33,3027,3.51,140,0.16,66.7057,30.9949
2016-03,Centro,ACES Guarda,"40.5353285, -7.2724426",152275,140762,92.44,10176,6.68,1337,0.88,71.8385,55.3625
2016-03,Lisboa e Vale do Tejo,ACES Arco Ribeirinho,"38.6672076, -9.0543329",218325,155254,71.11,62924,28.82,147,0.07,59.4543,43.9891
2016-03,Lisboa e Vale do Tejo,ACES Cascais,"38.69904, -9.3818008",195609,149106,76.23,46338,23.69,165,0.08,53.4067,28.8416
2016-03,Lisboa e Vale do Tejo,ACES Lisboa Norte,"38.7396924, -9.168506",252962,213194,84.28,39466,15.6,302,0.12,56.3325,26.5566
2016-03,Lisboa e Vale do Tejo,ACES Loures / Odivelas,"38.8012718, -9.1137868",347525,285814,82.24,61491,17.69,220,0.06,58.027,30.1097
2016-03,Norte,ACES Alto Ave,"41.4417064, -8.1722408",269299,267255,99.24,1966,0.73,78,0.03,77.0948,60.9964
2016-03,Norte,ACES Aveiro Norte,"40.8472225, -8.4656674",116576,111444,95.6,5082,4.36,50,0.04,74.1894,60.2968
2016-03,Norte,ACES Baixo Tâmega,"41.2719719, -8.0791631",170822,137999,80.79,30817,18.04,2006,1.17,74.7844,56.6295
2016-03,Norte,ACES Douro Sul,"41.0953745, -7.8123805",74512,65091,87.36,9084,12.19,337,0.45,74.5418,65.2676
2016-03,Norte,ACES Matosinhos,"41.1918541, -8.6590693",172471,170374,98.78,1752,1.02,345,0.2,74.5912,33.8755
2016-04,Centro,ACES Dão Lafões,"40.6565861, -7.9124712",272178,256298,94.17,15520,5.7,360,0.13,68.9096,46.5561
2016-04,Centro,ACES Pinhal Interior Norte,"40.1151262, -8.2473136",130549,121620,93.16,8259,6.33,670,0.51,76.8059,38.3046
2016-04,Lisboa e Vale do Tejo,ACES Estuário do Tejo,"38.9528113, -8.9911154",225429,156590,69.46,67710,30.04,1129,0.5,57.7126,42.0353
2016-04,Lisboa e Vale do Tejo,ACES Lisboa Ocidental e Oeiras,"38.6914388, -9.3184304",238899,199094,83.34,39055,16.35,750,0.31,57.5188,36.3411
2016-04,Norte,ACES Alto Ave,"41.4417064, -8.1722408",269436,267359,99.23,1996,0.74,81,0.03,77.0948,60.9964
2016-04,Norte,ACES Gaia,"41.1278433, -8.580396",152092,151375,99.53,651,0.43,66,0.04,71.0825,23.9847
2016-04,Norte,ACES Gondomar,"41.1738444, -8.5612238",165950,165806,99.91,91,0.05,53,0.03,75.0861,14.6269
2016-04,Norte,ACES Vale do Sousa Sul,"41.1548155, -8.2163769",177315,166603,93.96,10683,6.02,29,0.02,75.6485,69.067
2016-05,Alentejo,ACES Alentejo Central,"38.8442031, -7.5826619",167283,165856,99.15,1324,0.79,103,0.06,75.9221,58.7857
2016-05,Algarve,ACES Algarve Sotavento,"37.383008, -7.7293275",55451,52901,95.4,2499,4.51,51,0.09,67.3908,46.7603
2016-05,Centro,ACES Cova da Beira,"40.2677741, -7.4995083",86351,83139,96.28,3081,3.57,131,0.15,66.7057,30.9949
2016-05,Centro,ACES Dão Lafões,"40.6565861, -7.9124712",272217,257648,94.65,14213,5.22,356,0.13,68.9096,46.5561
2016-05,Centro,ACES Guarda,"40.5353285, -7.2724426",152527,140783,92.3,10384,6.81,1360,0.89,71.8385,55.3625
2016-05,Lisboa e Vale do Tejo,ACES Amadora,"38.7573081, -9.23429",168125,121787,72.44,46131,27.44,207,0.12,58.4433,39.6625
2016-05,Lisboa e Vale do Tejo,ACES Arrábida,"38.5324373, -8.8627453",224241,154629,68.96,68962,30.75,650,0.29,61.5949,43.3213
2016-05,Lisboa e Vale do Tejo,ACES Estuário do Tejo,"38.9528113, -8.9911154",225839,154918,68.6,69779,30.9,1142,0.51,57.7126,42.0353
2016-05,Lisboa e Vale do Tejo,ACES Lisboa Ocidental e Oeiras,"38.6914388, -9.3184304",239662,199577,83.27,39334,16.41,751,0.31,57.5188,36.3411
2016-05,Lisboa e Vale do Tejo,ACES Médio Tejo,"39.478072, -8.5404429",226083,191775,84.83,33764,14.93,544,0.24,69.7996,52.2093
2016-05,Lisboa e Vale do Tejo,ACES Oeste Sul,"39.0917759, -9.2600341",198958,141529,71.14,56934,28.62,495,0.25,66.467,48.45
2016-05,Lisboa e Vale do Tejo,ACES Sintra,"38.7519209, -9.2753636",357066,263926,73.92,92381,25.87,759,0.21,56.6151,40.5855
2016-05,Norte,ACES Espinho / Gaia,"41.0022421, -8.642018",185167,184054,99.4,1070,0.58,43,0.02,75.3599,55.6113
2016-05,Norte,ACES Gaia,"41.1278433, -8.580396",152159,151488,99.56,595,0.39,76,0.05,71.0825,23.9847
2016-05,Norte,ACES Nordeste,"41.8069684, -6.7587977",133967,130004,97.04,3232,2.41,731,0.55,75.3147,53.7482
2016-05,Norte,ACES Póvoa do Varzim / Vila do Conde,"41.355519, -8.746653",148947,147213,98.84,1732,1.16,2,0.0,74.6829,73.5933
2016-05,Norte,ACES Santo Tirso / Trofa,"41.3469246, -8.4822648",115854,113869,98.29,1912,1.65,73,0.06,75.7054,7.24832
2016-06,Algarve,ACES Algarve Barlavento,"37.1387554, -8.5445093",161902,99658,61.55,61413,37.93,831,0.51,59.3417,41.9399
2016-06,Algarve,ACES Algarve Central,"37.0274264, -7.9395984",239989,190580,79.41,48417,20.17,992,0.41,58.1468,36.1515
2016-06,Centro,ACES Pinhal Interior Norte,"40.1151262, -8.2473136",130678,121790,93.2,8216,6.29,672,0.51,76.7562,44.4292
2016-06,Centro,ACES Pinhal Litoral,"39.7495331, -8.807683",265376,235511,88.75,29270,11.03,595,0.22,67.6668,53.142
2016-06,Lisboa e Vale do Tejo,ACES Amadora,"38.7573081, -9.23429",168583,121761,72.23,46616,27.65,206,0.12,58.2802,38.7724
2016-06,Lisboa e Vale do Tejo,ACES Arrábida,"38.5324373, -8.8627453",224645,156637,69.73,67354,29.98,654,0.29,62.0976,41.9201
2016-06,Lisboa e Vale do Tejo,ACES Médio Tejo,"39.478072, -8.5404429",226198,193767,85.66,31906,14.11,525,0.23,69.6293,53.7577
2016-06,Norte,ACES Alto Ave,"41.4417064, -8.1722408",269748,267639,99.22,2041,0.76,68,0.03,76.9358,61.7946
2016-06,Norte,ACES Alto Tâmega e Barroso,"41.741781, -7.4731648",91715,82916,90.41,8718,9.51,81,0.09,73.6081,57.569
2016-06,Norte,ACES Douro Sul,"41.0953745, -7.8123805",74568,62548,83.88,11703,15.69,317,0.43,73.9978,59.2072
2016-06,Norte,ACES Espinho / Gaia,"41.0022421, -8.642018",185234,184122,99.4,1066,0.58,46,0.02,75.0342,54.8659
2016-06,Norte,ACES Feira e Arouca,"40.9263169, -8.5478813",154974,151549,97.79,3243,2.09,182,0.12,73.603,63.0858
2016-06,Norte,ACES Marão e Douro Norte,"41.2968711, -7.7483727",107969,101742,94.23,5899,5.46,328,0.3,77.5568,69.6254
2016-06,Norte,ACES Santo Tirso / Trofa,"41.3469246, -8.4822648",115821,113942,98.38,1872,1.62,7,0.01,75.5823,55.0108
2016-07,Alentejo,ACES Alentejo Litoral,"38.3841359, -8.5132031",93486,70644,75.57,22795,24.38,47,0.05,67.5503,58.2045
2016-07,Centro,ACES Dão Lafões,"40.6565861, -7.9124712",272330,261153,95.9,10820,3.97,357,0.13,69.0049,45.3996
2016-07,Centro,ACES Pinhal Interior Sul,"39.7510898, -7.9203657",31257,30759,98.41,176,0.56,322,1.03,79.9699,24.0781
2016-07,Lisboa e Vale do Tejo,ACES Cascais,"38.69904, -9.3818008",197757,150888,76.3,46701,23.62,168,0.08,52.762,28.2159
2016-07,Norte,ACES Ave / Famalicão,"41.3835805, -8.4157518",124208,118198,95.16,5970,4.81,40,0.03,73.8084,41.2995
2016-07,Norte,ACES Gondomar,"41.1738444, -8.5612238",166681,166539,99.91,92,0.06,50,0.03,74.8978,15.2493
2016-07,Norte,ACES Porto Oriental,"41.1694498, -8.6126428",116930,111753,95.57,5143,4.4,34,0.03,71.2785,60.1372
2016-07,Norte,ACES Santo Tirso / Trofa,"41.3469246, -8.4822648",115899,114005,98.37,1886,1.63,8,0.01,75.5823,55.0108
2016-07,Norte,ACES Vale do Sousa Sul,"41.1548155, -8.2163769",177572,169603,95.51,7941,4.47,28,0.02,75.6433,69.5859
2016-08,Alentejo,ACES Alentejo Litoral,"38.3841359, -8.5132031",93604,67039,71.62,26511,28.32,54,0.06,67.5503,58.2045
2016-08,Alentejo,ACES Baixo Alentejo,"38.0153039, -7.8627308",125152,121941,97.43,3053,2.44,158,0.13,71.965,55.0195
2016-08,Centro,ACES Baixo Mondego,"40.2150023, -8.4071805",385461,372950,96.75,10799,2.8,1712,0.44,64.0254,28.4875
2016-08,Lisboa e Vale do Tejo,ACES Lisboa Norte,"38.7396924, -9.168506",256410,215359,83.99,40776,15.9,275,0.11,55.736,25.1657
2016-08,Lisboa e Vale do Tejo,ACES Médio Tejo,"39.478072, -8.5404429",226515,193770,85.54,32221,14.22,524,0.23,69.6293,53.7577
2016-08,Lisboa e Vale do Tejo,ACES Oeste Norte,"39.410844, -9.1396215",179299,161289,89.96,17753,9.9,257,0.14,70.9074,52.6448
2016-08,Lisboa e Vale do Tejo,ACES Sintra,"38.7519209, -9.2753636",359570,266012,73.98,92796,25.81,762,0.21,56.4981,39.5032
2016-08,Norte,ACES Barcelos / Esposende,"41.5317419, -8.6178922",156533,153228,97.89,3016,1.93,289,0.18,76.4618,40.1163
2016-08,Norte,ACES Braga,"41.5518714, -8.4126362",185397,183406,98.93,1986,1.07,5,0.0,74.063,69.9973
2016-08,Norte,ACES Gondomar,"41.1738444, -8.5612238",166883,166727,99.91,104,0.06,52,0.03,74.8978,15.2493
2016-08,Norte,ACES Porto Ocidental,"41.1741353, -8.6691662",167218,165040,98.7,1915,1.15,263,0.16,67.1318,5.60613
2016-08,Norte,ACES Póvoa do Varzim / Vila do Conde,"41.355519, -8.746653",149281,147543,98.84,1734,1.16,4,0.0,73.9355,72.1138
2016-08,Norte,ACES Vale do Sousa Norte,"41.2793583, -8.2787457",161114,160951,99.9,132,0.08,31,0.02,75.8895,50.9766
2016-09,Centro,ACES Beira Interior Sul,"39.8211367, -7.5036651",74091,69766,94.16,3803,5.13,522,0.7,67.5658,35.1976
2016-09,Centro,ACES Cova da Beira,"40.2677741, -7.4995083",86461,83709,96.82,2623,3.03,129,0.15,66.6227,33.4796
2016-09,Centro,ACES Pinhal Interior Norte,"40.1151262, -8.2473136",131032,126604,96.62,3726,2.84,702,0.54,76.4816,39.1388
2016-09,Centro,ACES Pinhal Interior Sul,"39.7510898, -7.9203657",31245,29549,94.57,178,0.57,1518,4.86,79.8816,64.1657
2016-09,Lisboa e Vale do Tejo,ACES Arco Ribeirinho,"38.6672076, -9.0543329",220180,162208,73.67,57825,26.26,147,0.07,58.1322,40.7248
2016-09,Lisboa e Vale do Tejo,ACES Arrábida,"38.5324373, -8.8627453",226018,167318,74.03,58051,25.68,649,0.29,61.4362,42.5932
2016-09,Lisboa e Vale do Tejo,ACES Loures / Odivelas,"38.8012718, -9.1137868",353162,299919,84.92,53239,15.07,4,0.0,57.988,29.2873
2016-09,Lisboa e Vale do Tejo,ACES Oeste Norte,"39.410844, -9.1396215",179445,161681,90.1,17506,9.76,258,0.14,70.0752,48.1195
2016-09,Lisboa e Vale do Tejo,ACES Sintra,"38.7519209, -9.2753636",360669,271958,75.4,87946,24.38,765,0.21,55.6872,39.3247
2016-09,Norte,ACES Douro Sul,"41.0953745, -7.8123805",75417,67005,88.85,8017,10.63,395,0.52,73.0107,54.9024
2016-09,Norte,ACES Gaia,"41.1278433, -8.580396",152947,151853,99.28,1017,0.66,77,0.05,70.7159,30.9032
2016-09,Norte,ACES Porto Oriental,"41.1694498, -8.6126428",117562,113778,96.78,3751,3.19,33,0.03,70.5494,56.8856
2016-10,Lisboa e Vale do Tejo,ACES Lisboa Norte,"38.7396924, -9.168506",257770,220722,85.63,36761,14.26,287,0.11,54.9353,24.9249
2016-10,Norte,ACES Alto Minho,"41.7056054, -8.8252713",246177,245739,99.82,69,0.03,369,0.15,76.1968,18.9873
2016-10,Norte,ACES Barcelos / Esposende,"41.5317419, -8.6178922",156763,155123,98.95,1363,0.87,277,0.18,76.0826,39.9571
2016-10,Norte,ACES Espinho / Gaia,"41.0022421, -8.642018",185607,182987,98.59,2566,1.38,54,0.03,74.5753,57.6045
2016-10,Norte,ACES Marão e Douro Norte,"41.2968711, -7.7483727",108204,105557,97.55,2199,2.03,448,0.41,77.4239,60.4698
2016-10,Norte,ACES Nordeste,"41.8069684, -6.7587977",133374,132565,99.39,53,0.04,756,0.57,74.4394,29.7693
2016-10,Norte,ACES Porto Oriental,"41.1694498, -8.6126428",117636,113973,96.89,3627,3.08,36,0.03,70.5494,56.8856
2016-10,Norte,ACES Santo Tirso / Trofa,"41.3469246, -8.4822648",115965,115682,99.76,274,0.24,9,0.01,75.2593,6.55271
2016-10,Norte,ACES Vale do Sousa Sul,"41.1548155, -8.2163769",178211,177695,99.71,481,0.27,35,0.02,75.4197,44.7127
2016-11,Algarve,ACES Algarve Central,"37.0274264, -7.9395984",230433,200478,87.0,29246,12.69,709,0.31,58.2867,33.0101
2016-11,Centro,ACES Beira Interior Sul,"39.8211367, -7.5036651",72333,66879,92.46,4978,6.88,476,0.66,67.5658,35.1976
2016-11,Centro,ACES Cova da Beira,"40.2677741, -7.4995083",84788,82072,96.8,2593,3.06,123,0.15,66.6227,33.4796
2016-11,Centro,ACES Dão Lafões,"40.6565861, -7.9124712",266909,262469,98.34,4088,1.53,352,0.13,68.8119,21.1522
2016-11,Centro,ACES Guarda,"40.5353285, -7.2724426",148404,138296,93.19,8754,5.9,1354,0.91,71.0538,55.1585
2016-11,Centro,ACES Pinhal Litoral,"39.7495331, -8.807683",259276,248006,95.65,10686,4.12,584,0.23,67.6966,43.7153
2016-11,Lisboa e Vale do Tejo,ACES Estuário do Tejo,"38.9528113, -8.9911154",228499,160364,70.18,66991,29.32,1144,0.5,57.8084,40.5298
2016-11,Lisboa e Vale do Tejo,ACES Lezíria,"39.2371689, -8.6908895",194487,173087,89.0,20890,10.74,510,0.26,68.5397,48.4467
2016-11,Lisboa e Vale do Tejo,ACES Lisboa Ocidental e Oeiras,"38.6914388, -9.3184304",241284,214538,88.92,26015,10.78,731,0.3,56.3766,33.6728
2016-11,Lisboa e Vale do Tejo,ACES Loures / Odivelas,"38.8012718, -9.1137868",354510,305640,86.21,48846,13.78,24,0.01,57.988,29.2873
2016-11,Lisboa e Vale do Tejo,ACES Médio Tejo,"39.478072, -8.5404429",227051,197929,87.17,28484,12.55,638,0.28,69.3326,57.702
2016-11,Norte,ACES Alto Ave,"41.4417064, -8.1722408",268039,266060,99.26,1861,0.69,118,0.04,76.6899,54.0073
2016-11,Norte,ACES Aveiro Norte,"40.8472225, -8.4656674",115773,115734,99.97,1,0.0,38,0.03,74.4179,10.9442
2016-11,Norte,ACES Baixo Tâmega,"41.2719719, -8.0791631",168862,153696,91.02,14646,8.67,520,0.31,73.8669,53.7268
2016-11,Norte,ACES Feira e Arouca,"40.9263169, -8.5478813",152666,150596,98.64,1910,1.25,160,0.1,73.5103,64.1604
2016-11,Norte,ACES Santo Tirso / Trofa,"41.3469246, -8.4822648",115009,114738,99.76,262,0.23,9,0.01,75.2593,6.55271
2016-12,Centro,ACES Baixo Vouga,"40.6405055, -8.6537539",376856,369975,98.17,4795,1.27,2086,0.55,74.0911,39.8447
2016-12,Centro,ACES Guarda,"40.5353285, -7.2724426",148394,141530,95.37,5511,3.71,1353,0.91,73.3167,48.8378
2016-12,Centro,ACES Pinhal Interior Sul,"39.7510898, -7.9203657",30493,30255,99.22,116,0.38,122,0.4,81.8827,28.7129
2016-12,Lisboa e Vale do Tejo,ACES Amadora,"38.7573081, -9.23429",168182,132583,78.83,35398,21.05,201,0.12,58.7054,41.5652
2016-12,Lisboa e Vale do Tejo,ACES Arco Ribeirinho,"38.6672076, -9.0543329",216109,160733,74.38,55234,25.56,142,0.07,58.6503,43.642
2016-12,Lisboa e Vale do Tejo,ACES Cascais,"38.69904, -9.3818008",195164,165753,84.93,29375,15.05,36,0.02,53.8384,28.1289
2016-12,Norte,ACES Alto Minho,"41.7056054, -8.8252713",243319,241844,99.39,1178,0.48,297,0.12,77.7523,48.4592
2016-12,Norte,ACES Ave / Famalicão,"41.3835805, -8.4157518",123172,119420,96.95,3750,3.04,2,0.0,74.3745,49.8002
2016-12,Norte,ACES Barcelos / Esposende,"41.5317419, -8.6178922",155681,154150,99.02,1259,0.81,272,0.17,76.7663,39.5255
2016-12,Norte,ACES Gaia,"41.1278433, -8.580396",151003,149768,99.18,1166,0.77,69,0.05,72.4573,41.5994
2016-12,Norte,ACES Gondomar,"41.1738444, -8.5612238",165062,165003,99.96,12,0.01,47,0.03,75.3402,13.6986
2016-12,Norte,ACES Vale do Sousa Norte,"41.2793583, -8.2787457",158785,158740,99.97,12,0.01,33,0.02,77.0905,28.125
2017-01,Alentejo,ACES Alentejo Litoral,"38.3841359, -8.5132031",91449,82643,90.37,8745,9.56,61,0.07,67.3896,57.4658
2017-01,Centro,ACES Baixo Vouga,"40.6405055, -8.6537539",377159,370625,98.27,4449,1.18,2085,0.55,73.8477,37.8412
2017-01,Centro,ACES Pinhal Interior Sul,"39.7510898, -7.9203657",30537,30263,99.1,116,0.38,158,0.52,81.5425,24.7273
2017-01,Lisboa e Vale do Tejo,ACES Lezíria,"39.2371689, -8.6908895",193557,172388,89.06,20669,10.68,500,0.26,69.3705,58.0505
2017-01,Lisboa e Vale do Tejo,ACES Sintra,"38.7519209, -9.2753636",354173,278392,78.6,75029,21.18,752,0.21,57.3443,45.2937
2017-01,Norte,ACES Feira e Arouca,"40.9263169, -8.5478813",153000,150899,98.63,1928,1.26,173,0.11,74.6657,71.9791
2017-01,Norte,ACES Gaia,"41.1278433, -8.580396",151154,149866,99.15,1219,0.81,69,0.05,72.2931,44.0
2017-01,Norte,ACES Matosinhos,"41.1918541, -8.6590693",171550,171032,99.7,244,0.14,274,0.16,74.6604,23.6893
2017-01,Norte,ACES Nordeste,"41.8069684, -6.7587977",130847,130006,99.36,75,0.06,766,0.59,75.5918,25.8683
2017-02,Alentejo,ACES Alentejo Central,"38.8442031, -7.5826619",166045,165930,99.93,16,0.01,99,0.06,75.5626,28.0702
2017-02,Algarve,ACES Algarve Barlavento,"37.1387554, -8.5445093",157714,108501,68.8,48356,30.66,857,0.54,60.2762,50.1362
2017-02,Centro,ACES Pinhal Litoral,"39.7495331, -8.807683",260946,252346,96.7,7813,2.99,787,0.3,69.7183,46.7308
2017-02,Lisboa e Vale do Tejo,ACES Lezíria,"39.2371689, -8.6908895",193609,172319,89.0,20782,10.73,508,0.26,69.1838,57.6505
2017-02,Lisboa e Vale do Tejo,ACES Lisboa Ocidental e Oeiras,"38.6914388, -9.3184304",241628,219647,90.9,21273,8.8,708,0.29,56.6635,32.7965
2017-02,Lisboa e Vale do Tejo,ACES Loures / Odivelas,"38.8012718, -9.1137868",351858,307021,87.26,44806,12.73,31,0.01,60.1754,35.4239
2017-02,Norte,ACES Alto Ave,"41.4417064, -8.1722408",268443,265107,98.76,3239,1.21,97,0.04,77.4202,70.054
2017-02,Norte,ACES Baixo Tâmega,"41.2719719, -8.0791631",168844,157085,93.04,11257,6.67,502,0.3,74.9359,58.0626
2017-02,Norte,ACES Barcelos / Esposende,"41.5317419, -8.6178922",155837,152595,97.92,2976,1.91,266,0.17,77.0555,57.4028
2017-02,Norte,ACES Braga,"41.5518714, -8.4126362",185268,185256,99.99,12,0.01,0,0.0,74.5403,25.0
2017-02,Norte,ACES Gaia,"41.1278433, -8.580396",151401,149030,98.43,2308,1.52,63,0.04,71.9804,66.3433
2017-02,Norte,ACES Gerês / Cabreira,"41.6298661, -8.3596897",105931,104911,99.04,1018,0.96,2,0.0,76.9746,65.0183
2017-02,Norte,ACES Maia / Valongo,"41.2333945, -8.6187474",216555,214521,99.06,1891,0.87,143,0.07,72.6587,53.884
2017-02,Norte,ACES Póvoa do Varzim / Vila do Conde,"41.355519, -8.746653",148160,144801,97.73,3354,2.26,5,0.0,74.8974,71.0926
2017-03,Alentejo,ACES Alentejo Litoral,"38.3841359, -8.5132031",91756,81706,89.05,9986,10.88,64,0.07,66.2769,57.0415
2017-03,Centro,ACES Pinhal Litoral,"39.7495331, -8.807683",261307,252525,96.64,7985,3.06,797,0.31,69.7322,46.5268
2017-03,Lisboa e Vale do Tejo,ACES Lisboa Norte,"38.7396924, -9.168506",254168,224956,88.51,28922,11.38,290,0.11,55.5805,28.7645
2017-03,Lisboa e Vale do Tejo,ACES Loures / Odivelas,"38.8012718, -9.1137868",352656,306999,87.05,45622,12.94,35,0.01,60.1758,35.9172
2017-03,Lisboa e Vale do Tejo,ACES Oeste Sul,"39.0917759, -9.2600341",197980,151917,76.73,45529,23.0,534,0.27,66.965,49.2261
2017-03,Norte,ACES Alto Ave,"41.4417064, -8.1722408",268596,265290,98.77,3218,1.2,88,0.03,77.3467,70.5598
2017-03,Norte,ACES Gerês / Cabreira,"41.6298661, -8.3596897",105973,105780,99.82,192,0.18,1,0.0,76.8337,36.3985
2017-03,Norte,ACES Maia / Valongo,"41.2333945, -8.6187474",216780,214754,99.07,1885,0.87,141,0.07,72.5933,53.679
2017-04,Alentejo,ACES Baixo Alentejo,"38.0153039, -7.8627308",123512,122933,99.53,72,0.06,507,0.41,72.6912,7.59931
2017-04,Centro,ACES Dão Lafões,"40.6565861, -7.9124712",267958,264069,98.55,3503,1.31,386,0.14,69.8149,35.2442
2017-04,Lisboa e Vale do Tejo,ACES Lisboa Norte,"38.7396924, -9.168506",254952,225084,88.28,29577,11.6,291,0.11,55.2268,28.4727
2017-04,Lisboa e Vale do Tejo,ACES Lisboa Ocidental e Oeiras,"38.6914388, -9.3184304",242546,219973,90.69,21867,9.02,706,0.29,56.3442,31.5053
2017-04,Lisboa e Vale do Tejo,ACES Loures / Odivelas,"38.8012718, -9.1137868",353359,306976,86.87,46346,13.12,37,0.01,59.8905,36.0361
2017-04,Norte,ACES Alto Tâmega e Barroso,"41.741781, -7.4731648",90136,85154,94.47,4830,5.36,152,0.17,74.873,58.4682
2017-04,Norte,ACES Gerês / Cabreira,"41.6298661, -8.3596897",106008,104307,98.4,1695,1.6,6,0.01,76.5019,72.6399
2017-04,Norte,ACES Santo Tirso / Trofa,"41.3469246, -8.4822648",115614,115459,99.87,150,0.13,5,0.0,75.6496,5.84112
2017-05,Alentejo,ACES Alentejo Litoral,"38.3841359, -8.5132031",92113,84035,91.23,8013,8.7,65,0.07,64.9015,49.4612
2017-05,Alentejo,ACES Baixo Alentejo,"38.0153039, -7.8627308",123588,122995,99.52,67,0.05,526,0.43,72.7088,7.78342
2017-05,Alentejo,ACES São Mamede,"39.2967086, -7.4284755",115310,110906,96.18,4283,3.71,121,0.1,74.1859,58.0023
2017-05,Centro,ACES Guarda,"40.5353285, -7.2724426",148923,141587,95.07,5954,4.0,1382,0.93,72.6187,48.3774
2017-05,Lisboa e Vale do Tejo,ACES Amadora,"38.7573081, -9.23429",170790,132388,77.52,38177,22.35,225,0.13,57.5285,40.6218
2017-05,Lisboa e Vale do Tejo,ACES Lisboa Ocidental e Oeiras,"38.6914388, -9.3184304",243044,220162,90.59,22184,9.13,698,0.29,56.1291,31.1655
2017-05,Lisboa e Vale do Tejo,ACES Oeste Sul,"39.0917759, -9.2600341",198876,150256,75.55,48064,24.17,556,0.28,66.1972,48.3916
2017-05,Norte,ACES Alto Ave,"41.4417064, -8.1722408",268877,265560,98.77,3229,1.2,88,0.03,76.9139,69.2702
2017-05,Norte,ACES Ave / Famalicão,"41.3835805, -8.4157518",123207,118779,96.41,4413,3.58,15,0.01,73.5658,62.0159
2017-05,Norte,ACES Vale do Sousa Norte,"41.2793583, -8.2787457",159219,151196,94.96,8020,5.04,3,0.0,76.7474,71.0385
2017-06,Alentejo,ACES Alentejo Central,"38.8442031, -7.5826619",166191,166038,99.91,43,0.03,110,0.07,75.4173,40.1316
2017-06,Centro,ACES Cova da Beira,"40.2677741, -7.4995083",85352,83427,97.74,1053,1.23,872,1.02,67.404,32.5364
2017-06,Centro,ACES Guarda,"40.5353285, -7.2724426",148950,142458,95.64,5087,3.42,1405,0.94,72.5532,44.818
2017-06,Lisboa e Vale do Tejo,ACES Amadora,"38.7573081, -9.23429",171183,130853,76.44,40099,23.42,231,0.13,57.2705,41.1609
2017-06,Lisboa e Vale do Tejo,ACES Lisboa Ocidental e Oeiras,"38.6914388, -9.3184304",243576,220377,90.48,22505,9.24,694,0.28,56.0455,30.8342
2017-06,Norte,ACES Alto Tâmega e Barroso,"41.741781, -7.4731648",90189,85167,94.43,4874,5.4,148,0.16,74.8453,57.8566
2017-06,Norte,ACES Ave / Famalicão,"41.3835805, -8.4157518",123192,118818,96.45,4351,3.53,23,0.02,73.5076,62.1628
2017-06,Norte,ACES Barcelos / Esposende,"41.5317419, -8.6178922",156229,151810,97.17,4160,2.66,259,0.17,76.2902,69.6085
2017-06,Norte,ACES Maia / Valongo,"41.2333945, -8.6187474",217230,215213,99.07,1884,0.87,133,0.06,72.3442,54.0902
2017-06,Norte,ACES Matosinhos,"41.1918541, -8.6590693",172579,168442,97.6,3840,2.23,297,0.17,73.4628,64.265
2017-06,Norte,ACES Santo Tirso / Trofa,"41.3469246, -8.4822648",115671,115634,99.97,29,0.03,8,0.01,75.297,3.21543
2017-07,Alentejo,ACES Alentejo Central,"38.8442031, -7.5826619",166216,166071,99.91,31,0.02,114,0.07,75.4005,42.3611
2017-07,Alentejo,ACES São Mamede,"39.2967086, -7.4284755",115333,111024,96.26,4181,3.63,128,0.11,73.6633,58.1244
2017-07,Algarve,ACES Algarve Central,"37.0274264, -7.9395984",238087,211809,88.96,25881,10.87,397,0.17,59.69,23.2856
2017-07,Centro,ACES Cova da Beira,"40.2677741, -7.4995083",85365,83376,97.67,1106,1.3,883,1.03,67.4554,33.9698
2017-07,Centro,ACES Guarda,"40.5353285, -7.2724426",149074,140813,94.46,5144,3.45,3117,2.09,72.3815,48.7701
2017-07,Centro,ACES Pinhal Interior Norte,"40.1151262, -8.2473136",128926,124458,96.53,3751,2.91,717,0.56,77.1027,50.7947
2017-07,Centro,ACES Pinhal Interior Sul,"39.7510898, -7.9203657",30573,30351,99.27,18,0.06,204,0.67,80.0608,25.2252
2017-07,Lisboa e Vale do Tejo,ACES Arco Ribeirinho,"38.6672076, -9.0543329",218332,158184,72.45,59953,27.46,195,0.09,57.9225,42.1782
2017-07,Lisboa e Vale do Tejo,ACES Cascais,"38.69904, -9.3818008",199945,165594,82.82,34295,17.15,56,0.03,53.3184,31.2032
2017-07,Lisboa e Vale do Tejo,ACES Lisboa Norte,"38.7396924, -9.168506",257103,226463,88.08,30353,11.81,287,0.11,54.3922,27.2546
2017-07,Norte,ACES Braga,"41.5518714, -8.4126362",186709,186136,99.69,572,0.31,1,0.0,73.6616,54.025
2017-07,Norte,ACES Gaia,"41.1278433, -8.580396",152348,149524,98.15,2777,1.82,47,0.03,71.3528,61.8491
2017-07,Norte,ACES Gondomar,"41.1738444, -8.5612238",165885,160960,97.03,4870,2.94,55,0.03,74.4951,51.4112
2017-07,Norte,ACES Vale do Sousa Norte,"41.2793583, -8.2787457",159462,151484,95.0,7974,5.0,4,0.0,76.7645,70.8877
2017-08,Algarve,ACES Algarve Barlavento,"37.1387554, -8.5445093",160406,94829,59.12,64703,40.34,874,0.54,58.5969,50.9683
2017-08,Centro,ACES Dão Lafões,"40.6565861, -7.9124712",268798,259678,96.61,8720,3.24,400,0.15,70.4625,55.2167
2017-08,Centro,ACES Guarda,"40.5353285, -7.2724426",149273,140849,94.36,5281,3.54,3143,2.11,72.2787,48.5147
2017-08,Norte,ACES Braga,"41.5518714, -8.4126362",186939,186372,99.7,565,0.3,2,0.0,73.7056,53.1915
2017-08,Norte,ACES Maia / Valongo,"41.2333945, -8.6187474",217508,213938,98.36,3440,1.58,130,0.06,72.2703,56.0818
2017-08,Norte,ACES Marão e Douro Norte,"41.2968711, -7.7483727",106533,105479,99.01,676,0.63,378,0.35,77.0676,52.552
2017-08,Norte,ACES Nordeste,"41.8069684, -6.7587977",131430,130504,99.3,138,0.1,788,0.6,74.9262,26.8108
2017-08,Norte,ACES Vale do Sousa Sul,"41.1548155, -8.2163769",174211,167843,96.34,6335,3.64,33,0.02,76.2846,72.5302
2017-09,Alentejo,ACES Alentejo Central,"38.8442031, -7.5826619",166420,166221,99.88,73,0.04,126,0.08,75.2408,38.191
2017-09,Alentejo,ACES Alentejo Litoral,"38.3841359, -8.5132031",92936,84320,90.73,8547,9.2,69,0.07,64.6528,50.398
2017-09,Centro,ACES Cova da Beira,"40.2677741, -7.4995083",85492,83325,97.47,1268,1.48,899,1.05,67.3217,34.8247
2017-09,Centro,ACES Guarda,"40.5353285, -7.2724426",149303,142486,95.43,5297,3.55,1520,1.02,72.0921,45.2531
2017-09,Centro,ACES Pinhal Interior Sul,"39.7510898, -7.9203657",30631,30393,99.22,26,0.08,212,0.69,79.9909,26.0504
2017-09,Lisboa e Vale do Tejo,ACES Cascais,"38.69904, -9.3818008",201387,166147,82.5,35131,17.44,109,0.05,52.9049,30.3263
2017-09,Norte,ACES Alto Tâmega e Barroso,"41.741781, -7.4731648",90450,85284,94.29,4990,5.52,176,0.19,74.4362,55.6487
2017-09,Norte,ACES Aveiro Norte,"40.8472225, -8.4656674",116449,114712,98.51,1679,1.44,58,0.05,74.2147,70.3512
2017-09,Norte,ACES Braga,"41.5518714, -8.4126362",187067,184850,98.81,2214,1.18,3,0.0,73.5535,27.33
2017-09,Norte,ACES Gerês / Cabreira,"41.6298661, -8.3596897",106375,103793,97.57,2575,2.42,7,0.01,75.815,71.1858
2017-09,Norte,ACES Nordeste,"41.8069684, -6.7587977",131485,130550,99.29,138,0.1,797,0.61,74.7549,26.0963
2017-09,Norte,ACES Porto Ocidental,"41.1741353, -8.6691662",167276,163540,97.77,3575,2.14,161,0.1,67.5618,52.2216
2017-09,Norte,ACES Póvoa do Varzim / Vila do Conde,"41.355519, -8.746653",148854,143675,96.52,5173,3.48,6,0.0,73.2803,69.9749
2017-09,Norte,ACES Santo Tirso / Trofa,"41.3469246, -8.4822648",115901,115782,99.9,105,0.09,14,0.01,74.8587,11.2821
2017-10,Alentejo,ACES Alentejo Central,"38.8442031, -7.5826619",166522,164572,98.83,1835,1.1,115,0.07,75.2025,51.1544
2017-10,Lisboa e Vale do Tejo,ACES Almada / Seixal,"38.6678522, -9.1875777",347466,288168,82.93,58521,16.84,777,0.22,62.0276,35.4127
2017-10,Lisboa e Vale do Tejo,ACES Amadora,"38.7573081, -9.23429",172957,130518,75.46,42205,24.4,234,0.14,56.227,39.8695
2017-10,Lisboa e Vale do Tejo,ACES Lisboa Central,"38.7306317, -9.1510414",285908,234005,81.85,50877,17.79,1026,0.36,52.2086,34.061
2017-10,Norte,ACES Barcelos / Esposende,"41.5317419, -8.6178922",156563,151251,96.61,5056,3.23,256,0.16,75.8485,69.3901
2017-10,Norte,ACES Espinho / Gaia,"41.0022421, -8.642018",182891,178793,97.76,4021,2.2,77,0.04,74.2593,64.4618
2017-10,Norte,ACES Gerês / Cabreira,"41.6298661, -8.3596897",106462,103880,97.57,2573,2.42,9,0.01,75.5896,71.1589
2017-10,Norte,ACES Gondomar,"41.1738444, -8.5612238",166439,161455,97.01,4924,2.96,60,0.04,74.1093,54.6057
2017-10,Norte,ACES Santo Tirso / Trofa,"41.3469246, -8.4822648",115947,115811,99.88,121,0.1,15,0.01,74.8187,13.3005
2017-10,Norte,ACES Vale do Sousa Norte,"41.2793583, -8.2787457",159778,150150,93.97,9621,6.02,7,0.0,76.1965,69.7445
2017-10,Norte,ACES Vale do Sousa Sul,"41.1548155, -8.2163769",173938,169168,97.26,4737,2.72,33,0.02,76.1197,72.1174
2017-11,Alentejo,ACES Alentejo Litoral,"38.3841359, -8.5132031",93375,82757,88.63,10552,11.3,66,0.07,64.1165,52.5005
2017-11,Alentejo,ACES São Mamede,"39.2967086, -7.4284755",115617,109898,95.05,5586,4.83,133,0.12,72.9473,59.4155
2017-11,Centro,ACES Baixo Vouga,"40.6405055, -8.6537539",381510,375018,98.3,4288,1.12,2204,0.58,72.6611,30.6993
2017-11,Centro,ACES Cova da Beira,"40.2677741, -7.4995083",85670,83255,97.18,1425,1.66,990,1.16,67.6195,35.0579
2017-11,Lisboa e Vale do Tejo,ACES Almada / Seixal,"38.6678522, -9.1875777",348099,305131,87.66,42201,12.12,767,0.22,61.9328,29.1323
2017-11,Lisboa e Vale do Tejo,ACES Estuário do Tejo,"38.9528113, -8.9911154",228743,165940,72.54,61779,27.01,1024,0.45,58.8165,46.5864
2017-11,Lisboa e Vale do Tejo,ACES Lezíria,"39.2371689, -8.6908895",194333,168674,86.8,25153,12.94,506,0.26,68.1356,50.8763
2017-11,Lisboa e Vale do Tejo,ACES Oeste Norte,"39.410844, -9.1396215",180092,162737,90.36,17042,9.46,313,0.17,68.642,47.0929
2017-11,Lisboa e Vale do Tejo,ACES Oeste Sul,"39.0917759, -9.2600341",201605,169923,84.29,31091,15.42,591,0.29,65.0413,44.5767
2017-11,Lisboa e Vale do Tejo,ACES Sintra,"38.7519209, -9.2753636",362237,273233,75.43,88224,24.36,780,0.22,55.6045,40.0535
2017-11,Norte,ACES Ave / Famalicão,"41.3835805, -8.4157518",123339,120394,97.61,2871,2.33,74,0.06,72.7484,58.9334
2017-11,Norte,ACES Barcelos / Esposende,"41.5317419, -8.6178922",156609,152381,97.3,3974,2.54,254,0.16,75.5913,63.5289
2017-11,Norte,ACES Douro Sul,"41.0953745, -7.8123805",74420,71730,96.39,2362,3.17,328,0.44,73.2001,60.1565
2017-11,Norte,ACES Gerês / Cabreira,"41.6298661, -8.3596897",106500,103917,97.57,2573,2.42,10,0.01,75.1082,71.0238
2017-11,Norte,ACES Marão e Douro Norte,"41.2968711, -7.7483727",106626,106243,99.64,15,0.01,368,0.35,76.5129,4.66321
2017-11,Norte,ACES Vale do Sousa Norte,"41.2793583, -8.2787457",159886,151841,94.97,8038,5.03,7,0.0,76.0513,68.0423
2017-12,Alentejo,ACES Alentejo Litoral,"38.3841359, -8.5132031",92851,82748,89.12,10038,10.81,65,0.07,64.2339,54.8394
2017-12,Centro,ACES Pinhal Litoral,"39.7495331, -8.807683",264592,256918,97.1,6898,2.61,776,0.29,68.5933,43.7286
2017-12,Lisboa e Vale do Tejo,ACES Arco Ribeirinho,"38.6672076, -9.0543329",216379,168476,77.86,47720,22.05,183,0.08,58.4189,42.3827
2017-12,Lisboa e Vale do Tejo,ACES Lezíria,"39.2371689, -8.6908895",193550,171692,88.71,21355,11.03,503,0.26,68.0988,53.7646
2017-12,Norte,ACES Alto Ave,"41.4417064, -8.1722408",269835,266578,98.79,3157,1.17,100,0.04,76.0749,66.8407
2017-12,Norte,ACES Ave / Famalicão,"41.3835805, -8.4157518",123380,122247,99.08,1057,0.86,76,0.06,72.4486,42.6302
2017-12,Norte,ACES Feira e Arouca,"40.9263169, -8.5478813",152683,150162,98.35,2368,1.55,153,0.1,74.1358,66.019
2017-12,Norte,ACES Gondomar,"41.1738444, -8.5612238",166530,165399,99.32,1072,0.64,59,0.04,73.9291,44.2087
2017-12,Norte,ACES Marão e Douro Norte,"41.2968711, -7.7483727",106586,106195,99.63,21,0.02,370,0.35,76.1253,5.56962
2017-12,Norte,ACES Póvoa do Varzim / Vila do Conde,"41.355519, -8.746653",149103,147254,98.76,1844,1.24,5,0.0,72.1291,74.1482
2018-01,Algarve,ACES Algarve Sotavento,"37.383008, -7.7293275",56294,54271,96.41,1980,3.52,43,0.08,66.0492,64.2787
2018-01,Centro,ACES Baixo Mondego,"40.2150023, -8.4071805",383673,372868,97.18,9277,2.42,1528,0.4,70.9099,36.4248
2018-01,Centro,ACES Dão Lafões,"40.6565861, -7.9124712",268648,260484,96.96,7762,2.89,402,0.15,71.6296,47.6669
2018-01,Lisboa e Vale do Tejo,ACES Sintra,"38.7519209, -9.2753636",354244,276121,77.95,77329,21.83,794,0.22,56.8968,44.175
2018-01,Norte,ACES Feira e Arouca,"40.9263169, -8.5478813",152409,151648,99.5,609,0.4,152,0.1,74.3575,53.937
2018-01,Norte,ACES Matosinhos,"41.1918541, -8.6590693",173425,170263,98.18,2883,1.66,279,0.16,72.7775,53.209
2018-01,Norte,ACES Porto Oriental,"41.1694498, -8.6126428",117426,113343,96.52,4049,3.45,34,0.03,69.2306,64.843
2018-01,Norte,ACES Póvoa do Varzim / Vila do Conde,"41.355519, -8.746653",149231,147361,98.75,1863,1.25,7,0.0,71.8747,74.2246
2018-01,Norte,ACES Vale do Sousa Norte,"41.2793583, -8.2787457",159923,155075,96.97,4841,3.03,7,0.0,75.8072,67.2855
2018-02,Algarve,ACES Algarve Barlavento,"37.1387554, -8.5445093",161605,113821,70.43,46984,29.07,800,0.5,58.1817,50.3851
2018-02,Algarve,ACES Algarve Sotavento,"37.383008, -7.7293275",56389,54283,96.27,2062,3.66,44,0.08,66.0863,63.8348
2018-02,Centro,ACES Baixo Mondego,"40.2150023, -8.4071805",383933,374190,97.46,8219,2.14,1524,0.4,71.1835,35.8945
2018-02,Centro,ACES Pinhal Litoral,"39.7495331, -8.807683",264913,247032,93.25,17109,6.46,772,0.29,68.5195,56.4632
2018-02,Lisboa e Vale do Tejo,ACES Lezíria,"39.2371689, -8.6908895",193600,171461,88.56,21636,11.18,503,0.26,68.424,54.8647
2018-02,Lisboa e Vale do Tejo,ACES Oeste Sul,"39.0917759, -9.2600341",200623,171476,85.47,28543,14.23,604,0.3,65.4454,46.2589
2018-02,Norte,ACES Alto Ave,"41.4417064, -8.1722408",269663,266458,98.81,3118,1.16,87,0.03,76.1634,66.7603
2018-02,Norte,ACES Douro Sul,"41.0953745, -7.8123805",73982,72249,97.66,1427,1.93,306,0.41,73.2266,57.5303
2018-02,Norte,ACES Gondomar,"41.1738444, -8.5612238",166666,166570,99.94,37,0.02,59,0.04,73.8356,28.4211
2018-02,Norte,ACES Marão e Douro Norte,"41.2968711, -7.7483727",106556,106168,99.64,25,0.02,363,0.34,75.9333,5.12821
2018-03,Alentejo,ACES Alentejo Litoral,"39.7495331, -8.807683",93541,85273,91.16,8195,8.76,73,0.08,63.5046,53.3119
2018-03,Algarve,ACES Algarve Sotavento,"37.383008, -7.7293275",56504,55325,97.91,1134,2.01,45,0.08,65.842,52.8862
2018-03,Lisboa e Vale do Tejo,ACES Arrábida,"38.5324373, -8.8627453",225599,167564,74.28,57317,25.41,718,0.32,62.6161,48.6026
2018-03,Lisboa e Vale do Tejo,ACES Lisboa Norte,"38.7396924, -9.168506",255023,225541,88.44,29172,11.44,310,0.12,54.4714,35.1592
2018-03,Lisboa e Vale do Tejo,ACES Lisboa Ocidental e Oeiras,"38.6914388, -9.3184304",246408,238552,96.81,7299,2.96,557,0.23,55.6768,33.9613
2018-03,Norte,ACES Alto Tâmega e Barroso,"41.741781, -7.4731648",90351,88121,97.53,2057,2.28,173,0.19,74.0341,54.4939
2018-03,Norte,ACES Ave / Famalicão,"41.3835805, -8.4157518",123371,122294,99.13,1026,0.83,51,0.04,72.3251,41.5042
2018-03,Norte,ACES Douro Sul,"41.0953745, -7.8123805",73966,72215,97.63,1444,1.95,307,0.42,73.1286,57.1102
2018-03,Norte,ACES Feira e Arouca,"40.9263169, -8.5478813",152344,151514,99.46,683,0.45,147,0.1,74.3403,59.9278
2018-03,Norte,ACES Marão e Douro Norte,"41.2968711, -7.7483727",106371,105994,99.65,23,0.02,354,0.33,75.8714,5.24934
2018-03,Norte,ACES Póvoa do Varzim / Vila do Conde,"41.355519, -8.746653",149381,147503,98.74,1870,1.25,8,0.01,71.4627,73.6954
2018-04,Centro,ACES Baixo Vouga,"40.6405055, -8.6537539",382991,374473,97.78,6235,1.63,2283,0.6,72.2298,37.0405
2018-04,Lisboa e Vale do Tejo,ACES Sintra,"38.7519209, -9.2753636",356366,281566,79.01,74006,20.77,794,0.22,56.974,42.4525
2018-04,Norte,ACES Aveiro Norte,"40.8472225, -8.4656674",116785,116707,99.93,20,0.02,58,0.05,73.0424,28.2051
2018-04,Norte,ACES Barcelos / Esposende,"41.5317419, -8.6178922",156749,152468,97.27,4205,2.68,76,0.05,75.09,64.1439
2018-05,Alentejo,ACES Alentejo Central,"38.8442031, -7.5826619",166386,163446,98.23,2780,1.67,160,0.1,74.8777,58.2341
2018-05,Alentejo,ACES Alentejo Litoral,"38.3841359, -8.5132031",93973,84720,90.15,9060,9.64,193,0.21,63.2244,51.3884
2018-05,Algarve,ACES Algarve Barlavento,"37.1387554, -8.5445093",163323,114814,70.3,47699,29.21,810,0.5,58.1638,49.1032
2018-05,Centro,ACES Baixo Mondego,"40.2150023, -8.4071805",384583,371310,96.55,11160,2.9,2113,0.55,71.385,40.1763
2018-05,Centro,ACES Dão Lafões,"40.6565861, -7.9124712",268664,257424,95.82,10823,4.03,417,0.16,71.1906,60.5195
2018-05,Centro,ACES Guarda,"40.5353285, -7.2724426",149103,145161,97.36,2386,1.6,1556,1.04,72.132,33.842
2018-05,Lisboa e Vale do Tejo,ACES Médio Tejo,"39.478072, -8.5404429",225138,202576,89.98,22110,9.82,452,0.2,69.13,59.1908
2018-05,Norte,ACES Alto Minho,"41.7056054, -8.8252713",244624,244077,99.78,240,0.1,307,0.13,76.1717,33.0896
2018-05,Norte,ACES Braga,"41.5518714, -8.4126362",189755,184832,97.41,4921,2.59,2,0.0,72.4146,46.4975
2018-05,Norte,ACES Matosinhos,"41.1918541, -8.6590693",173678,170220,98.01,3180,1.83,278,0.16,72.4378,51.1419
2018-05,Norte,ACES Póvoa do Varzim / Vila do Conde,"41.355519, -8.746653",149802,145648,97.23,4147,2.77,7,0.0,71.324,64.0347
2018-06,Alentejo,ACES São Mamede,"39.2967086, -7.4284755",115236,105158,91.25,8619,7.48,1459,1.27,73.0432,71.1054
2018-06,Centro,ACES Guarda,"40.5353285, -7.2724426",149060,141859,95.17,5642,3.79,1559,1.05,72.0449,43.3839
2018-06,Lisboa e Vale do Tejo,ACES Oeste Norte,"39.410844, -9.1396215",179468,165461,92.2,13708,7.64,299,0.17,68.7534,44.1934
2018-06,Lisboa e Vale do Tejo,ACES Oeste Sul,"39.0917759, -9.2600341",202067,167293,82.79,34177,16.91,597,0.3,65.2578,46.1583
2018-06,Norte,ACES Alto Tâmega e Barroso,"41.741781, -7.4731648",90465,86625,95.76,3657,4.04,183,0.2,73.9883,62.3526
2018-06,Norte,ACES Barcelos / Esposende,"41.5317419, -8.6178922",157058,150353,95.73,6636,4.23,69,0.04,75.0705,66.8158
2018-06,Norte,ACES Espinho / Gaia,"41.0022421, -8.642018",183317,179940,98.16,3252,1.77,125,0.07,73.4959,52.9307
2018-06,Norte,ACES Porto Oriental,"41.1694498, -8.6126428",117480,115154,98.02,2292,1.95,34,0.03,69.0166,59.6046
2018-06,Norte,ACES Póvoa do Varzim / Vila do Conde,"41.355519, -8.746653",149955,144572,96.41,5372,3.58,11,0.01,71.4346,70.0353
2018-06,Norte,ACES Vale do Sousa Norte,"41.2793583, -8.2787457",160063,158519,99.04,1535,0.96,9,0.01,75.8709,68.0052
2018-07,Alentejo,ACES Alentejo Central,"38.8442031, -7.5826619",166647,166401,99.85,71,0.04,175,0.11,74.8167,61.1614
2018-07,Alentejo,ACES Alentejo Litoral,"38.3841359, -8.5132031",94467,86807,91.89,7473,7.91,187,0.2,63.2992,48.282
2018-07,Alentejo,ACES São Mamede,"39.2967086, -7.4284755",115253,105166,91.25,8638,7.49,1449,1.26,73.0802,71.1184
2018-07,Algarve,ACES Algarve Central,"37.0274264, -7.9395984",246392,227389,92.29,18795,7.63,208,0.08,58.4727,28.9588
2018-07,Centro,ACES Beira Interior Sul,"39.8211367, -7.5036651",73116,70769,96.79,1493,2.04,854,1.17,68.7409,54.3247
2018-07,Centro,ACES Cova da Beira,"40.2677741, -7.4995083",85816,83253,97.01,1610,1.88,953,1.11,67.8867,38.8456
2018-07,Centro,ACES Pinhal Interior Norte,"40.1151262, -8.2473136",129513,123019,94.99,5789,4.47,705,0.54,74.5926,56.6046
2018-07,Centro,ACES Pinhal Litoral,"39.7495331, -8.807683",266458,246009,92.33,19714,7.4,735,0.28,67.7535,53.4785
2018-07,Lisboa e Vale do Tejo,ACES Almada / Seixal,"38.6678522, -9.1875777",346152,293829,84.88,51531,14.89,792,0.23,62.3109,36.2212
2018-07,Norte,ACES Alto Ave,"41.4417064, -8.1722408",270259,268169,99.23,2006,0.74,84,0.03,76.0822,71.9828
2018-07,Norte,ACES Alto Tâmega e Barroso,"41.741781, -7.4731648",90493,86593,95.69,3717,4.11,183,0.2,74.1091,61.3579
2018-07,Norte,ACES Baixo Tâmega,"41.2719719, -8.0791631",168458,166043,98.57,2018,1.2,397,0.24,75.2637,41.8981
2018-07,Norte,ACES Braga,"41.5518714, -8.4126362",190702,183344,96.14,7356,3.86,2,0.0,72.4692,54.1242
2018-07,Norte,ACES Maia / Valongo,"41.2333945, -8.6187474",218755,216631,99.03,2031,0.93,93,0.04,71.3729,57.3987
2018-07,Norte,ACES Marão e Douro Norte,"41.2968711, -7.7483727",106169,104207,98.15,1615,1.52,347,0.33,75.8861,62.9893
2018-07,Norte,ACES Nordeste,"41.8069684, -6.7587977",131537,129937,98.78,771,0.59,829,0.63,75.1306,42.8929
2018-08,Alentejo,ACES Alentejo Central,"38.8442031, -7.5826619",166665,166465,99.88,23,0.01,177,0.11,74.8789,63.0553
2018-08,Alentejo,ACES São Mamede,"39.2967086, -7.4284755",115272,105136,91.21,8693,7.54,1443,1.25,72.9505,70.4204
2018-08,Lisboa e Vale do Tejo,ACES Lisboa Central,"38.7306317, -9.1510414",287497,235874,82.04,50571,17.59,1052,0.37,52.2926,34.5482
2018-08,Lisboa e Vale do Tejo,ACES Loures / Odivelas,"38.8012718, -9.1137868",360092,313383,87.03,46652,12.96,57,0.02,59.3586,35.7348
2018-08,Norte,ACES Ave / Famalicão,"41.3835805, -8.4157518",123466,116909,94.69,6409,5.19,148,0.12,72.1973,65.2532
2018-08,Norte,ACES Barcelos / Esposende,"41.5317419, -8.6178922",157224,148675,94.56,8478,5.39,71,0.05,75.3789,69.3297
2018-08,Norte,ACES Douro Sul,"41.0953745, -7.8123805",73896,70184,94.98,3412,4.62,300,0.41,73.0778,42.938
2018-08,Norte,ACES Gerês / Cabreira,"41.6298661, -8.3596897",106485,101001,94.85,5480,5.15,4,0.0,73.7529,69.0623
2018-08,Norte,ACES Marão e Douro Norte,"41.2968711, -7.7483727",106144,102514,96.58,3288,3.1,342,0.32,76.0526,69.582
2018-08,Norte,ACES Porto Ocidental,"41.1741353, -8.6691662",169447,162933,96.16,6127,3.62,387,0.23,64.4248,48.0541
2018-09,Alentejo,ACES São Mamede,"39.2967086, -7.4284755",115199,107445,93.27,7626,6.62,128,0.11,72.9521,69.2804
2018-09,Centro,ACES Baixo Mondego,"40.2150023, -8.4071805",385995,372312,96.46,11395,2.95,2288,0.59,71.39,40.133
2018-09,Centro,ACES Dão Lafões,"40.6565861, -7.9124712",269612,263746,97.82,5434,2.02,432,0.16,71.3242,52.0625
2018-09,Lisboa e Vale do Tejo,ACES Oeste Norte,"39.410844, -9.1396215",179304,148723,82.94,30278,16.89,303,0.17,69.0595,55.5617
2018-09,Norte,ACES Ave / Famalicão,"41.3835805, -8.4157518",123526,122585,99.24,789,0.64,152,0.12,71.9708,48.5654
2018-09,Norte,ACES Gaia,"41.1278433, -8.580396",153857,148327,96.41,5480,3.56,50,0.03,69.676,48.481
2018-09,Norte,ACES Gerês / Cabreira,"41.6298661, -8.3596897",106507,106103,99.62,401,0.38,3,0.0,73.664,62.3762
2018-09,Norte,ACES Porto Oriental,"41.1694498, -8.6126428",117570,116372,98.98,1163,0.99,35,0.03,69.1628,45.6594
2018-10,Alentejo,ACES Alentejo Litoral,"38.3841359, -8.5132031",94719,86063,90.86,8454,8.93,202,0.21,63.6438,49.9375
2018-10,Algarve,ACES Algarve Barlavento,"37.1387554, -8.5445093",165009,120776,73.19,43434,26.32,799,0.48,58.3616,48.2551
2018-10,Centro,ACES Baixo Mondego,"40.2150023, -8.4071805",386292,375583,97.23,8237,2.13,2472,0.64,71.4276,32.8662
2018-10,Lisboa e Vale do Tejo,ACES Estuário do Tejo,"38.9528113, -8.9911154",228729,184770,80.78,43075,18.83,884,0.39,58.8402,45.0558
2018-10,Norte,ACES Barcelos / Esposende,"41.5317419, -8.6178922",157418,157092,99.79,264,0.17,62,0.04,75.5174,50.1538
2018-10,Norte,ACES Gaia,"41.1278433, -8.580396",154162,148425,96.28,5687,3.69,50,0.03,69.505,47.4638
2018-10,Norte,ACES Nordeste,"41.8069684, -6.7587977",131656,130058,98.79,724,0.55,874,0.66,74.8648,38.1101
2018-10,Norte,ACES Porto Ocidental,"41.1741353, -8.6691662",169802,168613,99.3,748,0.44,441,0.26,62.6239,32.5758
2018-10,Norte,ACES Vale do Sousa Norte,"41.2793583, -8.2787457",160263,155658,97.13,4597,2.87,8,0.0,76.4871,70.1129
2018-11,Centro,ACES Guarda,"40.5353285, -7.2724426",148878,140620,94.45,6677,4.48,1581,1.06,71.8943,44.3947
2018-11,Centro,ACES Pinhal Interior Sul,"39.7510898, -7.9203657",30638,30438,99.35,30,0.1,170,0.55,79.2056,20.0
2018-11,Norte,ACES Alto Minho,"41.7056054, -8.8252713",245756,245113,99.74,334,0.14,309,0.13,76.3087,28.3048
2018-11,Norte,ACES Alto Tâmega e Barroso,"41.741781, -7.4731648",90659,89762,99.01,714,0.79,183,0.2,73.7376,24.0535
2018-11,Norte,ACES Baixo Tâmega,"41.2719719, -8.0791631",168324,166814,99.1,1151,0.68,359,0.21,75.4263,49.2379
2018-11,Norte,ACES Gaia,"41.1278433, -8.580396",154416,148572,96.22,5793,3.75,51,0.03,69.5151,52.8937
2018-11,Norte,ACES Gerês / Cabreira,"41.6298661, -8.3596897",106603,106541,99.94,59,0.06,3,0.0,73.8547,36.0656
2018-11,Norte,ACES Vale do Sousa Sul,"41.1548155, -8.2163769",173482,173456,99.99,1,0.0,25,0.01,76.1072,11.5385
2018-12,Algarve,ACES Algarve Barlavento,"37.1387554, -8.5445093",165585,124218,75.02,40447,24.43,920,0.56,58.379,49.2844
2018-12,Centro,ACES Pinhal Interior Sul,"39.7510898, -7.9203657",30651,30457,99.37,28,0.09,166,0.54,78.9632,18.0412
2018-12,Lisboa e Vale do Tejo,ACES Almada / Seixal,"38.6678522, -9.1875777",345582,310442,89.83,34092,9.87,1048,0.3,62.9324,24.8485
2018-12,Lisboa e Vale do Tejo,ACES Oeste Sul,"39.0917759, -9.2600341",200931,172354,85.78,27990,13.93,587,0.29,66.3976,40.1589
2018-12,Norte,ACES Alto Minho,"41.7056054, -8.8252713",245895,245268,99.75,324,0.13,303,0.12,76.3976,26.4753
2018-12,Norte,ACES Aveiro Norte,"40.8472225, -8.4656674",117697,117598,99.92,43,0.04,56,0.05,73.7817,30.303
2018-12,Norte,ACES Baixo Tâmega,"41.2719719, -8.0791631",168286,166781,99.11,1144,0.68,361,0.21,75.455,48.3721
2018-12,Norte,ACES Feira e Arouca,"40.9263169, -8.5478813",153079,151936,99.25,992,0.65,151,0.1,74.4699,67.8322
2018-12,Norte,ACES Marão e Douro Norte,"41.2968711, -7.7483727",106095,104168,98.18,1586,1.49,341,0.32,76.2938,55.826
2018-12,Norte,ACES Póvoa do Varzim / Vila do Conde,"41.355519, -8.746653",150684,150627,99.96,41,0.03,16,0.01,72.0418,32.1429
2018-12,Norte,ACES Vale do Sousa Sul,"41.1548155, -8.2163769",173432,173404,99.98,3,0.0,25,0.01,76.321,14.2857
2019-01,Centro,ACES Beira Interior Sul,"39.8211367, -7.5036651",73305,70436,96.09,2008,2.74,861,1.17,69.4764,53.8006
2019-01,Lisboa e Vale do Tejo,ACES Almada / Seixal,"38.6678522, -9.1875777",346059,310365,89.69,34647,10.01,1047,0.3,62.9855,26.089
2019-01,Lisboa e Vale do Tejo,ACES Arrábida,"38.5324373, -8.8627453",229310,168857,73.64,59704,26.04,749,0.33,62.156,48.0323
2019-01,Lisboa e Vale do Tejo,ACES Lisboa Ocidental e Oeiras,"38.6914388, -9.3184304",248339,228809,92.14,18999,7.65,531,0.21,56.0543,38.2282
2019-01,Norte,ACES Póvoa do Varzim / Vila do Conde,"41.355519, -8.746653",150757,150740,99.99,5,0.0,12,0.01,72.094,29.4118
2019-02,Centro,ACES Baixo Mondego,"40.2150023, -8.4071805",387272,380589,98.27,4242,1.1,2441,0.63,71.2218,21.4243
2019-02,Centro,ACES Beira Interior Sul,"39.8211367, -7.5036651",73267,70641,96.42,1976,2.7,650,0.89,69.7531,54.4588
2019-02,Centro,ACES Guarda,"40.5353285, -7.2724426",148650,138837,93.4,8251,5.55,1562,1.05,71.8,45.7807
2019-02,Centro,ACES Pinhal Interior Sul,"39.7510898, -7.9203657",30752,30582,99.45,5,0.02,165,0.54,78.8209,14.1176
2019-02,Lisboa e Vale do Tejo,ACES Médio Tejo,"39.478072, -8.5404429",225554,203885,90.39,21147,9.38,522,0.23,69.7332,62.3471
2019-02,Norte,ACES Espinho / Gaia,"41.0022421, -8.642018",183828,182939,99.52,810,0.44,79,0.04,73.1122,40.5405
2019-02,Norte,ACES Marão e Douro Norte,"41.2968711, -7.7483727",105908,105519,99.63,57,0.05,332,0.31,76.0519,7.37913
2019-02,Norte,ACES Nordeste,"41.8069684, -6.7587977",131245,128537,97.94,2160,1.65,548,0.42,74.7085,63.2939
2019-02,Norte,ACES Porto Oriental,"41.1694498, -8.6126428",117871,116658,98.97,1171,0.99,42,0.04,69.5483,47.5559
2019-02,Norte,ACES Vale do Sousa Norte,"41.2793583, -8.2787457",160205,160196,99.99,1,0.0,8,0.0,77.266,0.0
2019-03,Alentejo,ACES São Mamede,"39.2967086, -7.4284755",114971,107725,93.7,7110,6.18,136,0.12,72.5096,73.2956
2019-03,Centro,ACES Pinhal Interior Norte,"40.1151262, -8.2473136",130413,128566,98.58,1044,0.8,803,0.62,73.965,21.1549
2019-03,Lisboa e Vale do Tejo,ACES Lezíria,"39.2371689, -8.6908895",194799,171397,87.99,22755,11.68,647,0.33,69.0763,50.4748
2019-03,Lisboa e Vale do Tejo,ACES Lisboa Ocidental e Oeiras,"38.6914388, -9.3184304",248812,229090,92.07,19192,7.71,530,0.21,55.9201,36.8624
2019-03,Norte,ACES Alto Tâmega e Barroso,"41.741781, -7.4731648",90404,89407,98.9,831,0.92,166,0.18,73.9392,27.027
2019-03,Norte,ACES Barcelos / Esposende,"41.5317419, -8.6178922",157647,153737,97.52,3849,2.44,61,0.04,75.9152,71.5601
2019-03,Norte,ACES Gondomar,"41.1738444, -8.5612238",167836,167652,99.89,113,0.07,71,0.04,74.043,31.5217
2019-03,Norte,ACES Matosinhos,"41.1918541, -8.6590693",174391,171439,98.31,2709,1.55,243,0.14,72.5152,58.1978
2019-03,Norte,ACES Porto Ocidental,"41.1741353, -8.6691662",170713,169269,99.15,690,0.4,754,0.44,65.2557,32.687
2019-03,Norte,ACES Vale do Sousa Norte,"41.2793583, -8.2787457",160337,160326,99.99,3,0.0,8,0.0,77.1787,18.1818
2019-04,Alentejo,ACES Alentejo Litoral,"38.3841359, -8.5132031",95581,84607,88.52,10871,11.37,103,0.11,63.5948,48.8424
2019-04,Centro,ACES Beira Interior Sul,"39.8211367, -7.5036651",73369,70660,96.31,2152,2.93,557,0.76,69.4095,54.079
2019-04,Centro,ACES Guarda,"40.5353285, -7.2724426",148702,141070,94.87,6065,4.08,1567,1.05,71.5252,40.1783
2019-04,Centro,ACES Pinhal Interior Norte,"40.1151262, -8.2473136",130408,128521,98.55,1088,0.83,799,0.61,73.938,21.2665
2019-04,Lisboa e Vale do Tejo,ACES Arco Ribeirinho,"38.6672076, -9.0543329",219976,171204,77.83,48594,22.09,178,0.08,58.7485,45.0258
2019-04,Lisboa e Vale do Tejo,ACES Estuário do Tejo,"38.9528113, -8.9911154",230807,193968,84.04,35914,15.56,925,0.4,60.2997,46.3762
2019-04,Lisboa e Vale do Tejo,ACES Loures / Odivelas,"38.8012718, -9.1137868",361896,312615,86.38,49193,13.59,88,0.02,58.5311,33.7716
2019-04,Lisboa e Vale do Tejo,ACES Médio Tejo,"39.478072, -8.5404429",225727,206927,91.67,18318,8.12,482,0.21,69.7728,62.9928
2019-04,Norte,ACES Ave / Famalicão,"41.3835805, -8.4157518",124056,123353,99.43,695,0.56,8,0.01,72.6325,47.9374
2019-04,Norte,ACES Aveiro Norte,"40.8472225, -8.4656674",118022,117950,99.94,16,0.01,56,0.05,73.9902,26.3889
2019-04,Norte,ACES Braga,"41.5518714, -8.4126362",194804,189819,97.44,4983,2.56,2,0.0,71.9586,27.8034
2019-04,Norte,ACES Douro Sul,"41.0953745, -7.8123805",72830,72512,99.56,159,0.22,159,0.22,73.6135,24.7649
2019-04,Norte,ACES Porto Ocidental,"41.1741353, -8.6691662",171046,169552,99.13,972,0.57,522,0.31,65.1869,31.5648
2019-05,Alentejo,ACES Alentejo Litoral,"38.3841359, -8.5132031",95525,84551,88.51,10870,11.38,104,0.11,63.6408,49.5597
2019-05,Alentejo,ACES Baixo Alentejo,"38.0153039, -7.8627308",124135,120194,96.83,3533,2.85,408,0.33,72.8239,60.8376
2019-05,Centro,ACES Baixo Vouga,"40.6405055, -8.6537539",389175,379588,97.54,7164,1.84,2423,0.62,71.4899,28.1396
2019-05,Centro,ACES Cova da Beira,"40.2677741, -7.4995083",86087,83819,97.37,1314,1.53,954,1.11,67.5894,39.7883
2019-05,Centro,ACES Pinhal Interior Sul,"39.7510898, -7.9203657",30798,30154,97.91,481,1.56,163,0.53,78.985,53.5826
2019-05,Lisboa e Vale do Tejo,ACES Lisboa Central,"38.7306317, -9.1510414",288826,246192,85.24,41442,14.35,1192,0.41,52.4146,28.4665
2019-05,Lisboa e Vale do Tejo,ACES Loures / Odivelas,"38.8012718, -9.1137868",361181,312593,86.55,48519,13.43,69,0.02,58.8437,35.1137
2019-05,Norte,ACES Alto Minho,"41.7056054, -8.8252713",246121,242425,98.5,3402,1.38,294,0.12,76.248,63.2747
2019-05,Norte,ACES Aveiro Norte,"40.8472225, -8.4656674",118131,118064,99.94,14,0.01,53,0.04,74.1704,22.3881
2019-05,Norte,ACES Braga,"41.5518714, -8.4126362",195349,192956,98.78,2391,1.22,2,0.0,72.0388,13.0222
2019-05,Norte,ACES Douro Sul,"41.0953745, -7.8123805",72793,72440,99.52,177,0.24,176,0.24,73.5194,27.4788
2019-05,Norte,ACES Gondomar,"41.1738444, -8.5612238",168079,165175,98.27,2838,1.69,66,0.04,74.1206,51.8085
2019-05,Norte,ACES Maia / Valongo,"41.2333945, -8.6187474",219809,216812,98.64,2914,1.33,83,0.04,71.5548,49.95
2019-05,Norte,ACES Vale do Sousa Norte,"41.2793583, -8.2787457",160566,156912,97.72,3646,2.27,8,0.0,77.3203,74.6032
2019-06,Centro,ACES Baixo Mondego,"40.2150023, -8.4071805",388059,373302,96.2,12168,3.14,2589,0.67,70.9873,47.3897
2019-06,Centro,ACES Pinhal Interior Norte,"40.1151262, -8.2473136",130401,125716,96.41,3882,2.98,803,0.62,73.8317,42.4766
2019-06,Lisboa e Vale do Tejo,ACES Cascais,"38.69904, -9.3818008",207574,180730,87.07,25686,12.37,1158,0.56,55.1784,31.8693
2019-06,Lisboa e Vale do Tejo,ACES Lezíria,"39.2371689, -8.6908895",194578,167731,86.2,26133,13.43,714,0.37,69.1753,54.6529
2019-06,Lisboa e Vale do Tejo,ACES Lisboa Norte,"38.7396924, -9.168506",265105,238538,89.98,26041,9.82,526,0.2,53.6967,32.4287
2019-06,Lisboa e Vale do Tejo,ACES Médio Tejo,"39.478072, -8.5404429",225724,207218,91.8,18052,8.0,454,0.2,69.7489,61.8718
2019-06,Norte,ACES Alto Minho,"41.7056054, -8.8252713",246272,242613,98.51,3356,1.36,303,0.12,75.9988,62.804
2019-06,Norte,ACES Aveiro Norte,"40.8472225, -8.4656674",118206,118136,99.94,16,0.01,54,0.05,73.9677,27.1429
2019-06,Norte,ACES Espinho / Gaia,"41.0022421, -8.642018",183835,176581,96.05,7156,3.89,98,0.05,72.7517,67.866
2019-06,Norte,ACES Maia / Valongo,"41.2333945, -8.6187474",219881,216749,98.58,3049,1.39,83,0.04,71.355,49.3295
2019-06,Norte,ACES Matosinhos,"41.1918541, -8.6590693",174900,171497,98.05,3160,1.81,243,0.14,72.4412,58.4362
2019-06,Norte,ACES Nordeste,"41.8069684, -6.7587977",131312,127438,97.05,3266,2.49,608,0.46,73.9273,64.1456
2019-06,Norte,ACES Póvoa do Varzim / Vila do Conde,"41.355519, -8.746653",151240,150546,99.54,684,0.45,10,0.01,71.4183,57.3487
2019-07,Alentejo,ACES Alentejo Central,"38.8442031, -7.5826619",167006,165452,99.07,1316,0.79,238,0.14,75.8927,73.1613
2019-07,Centro,ACES Cova da Beira,"40.2677741, -7.4995083",86214,84419,97.92,857,0.99,938,1.09,67.6364,30.825
2019-07,Lisboa e Vale do Tejo,ACES Amadora,"38.7573081, -9.23429",174300,124637,71.51,49225,28.24,438,0.25,55.5559,40.9477
2019-07,Lisboa e Vale do Tejo,ACES Lisboa Ocidental e Oeiras,"38.6914388, -9.3184304",250209,240003,95.92,9689,3.87,517,0.21,55.7148,20.106
2019-07,Norte,ACES Alto Ave,"41.4417064, -8.1722408",271487,271182,99.89,226,0.08,79,0.03,75.965,18.0921
2019-07,Norte,ACES Alto Minho,"41.7056054, -8.8252713",246450,244177,99.08,1972,0.8,301,0.12,76.0474,55.7464
2019-07,Norte,ACES Ave / Famalicão,"41.3835805, -8.4157518",124360,123643,99.42,708,0.57,9,0.01,73.146,46.014
2019-07,Norte,ACES Espinho / Gaia,"41.0022421, -8.642018",183968,176618,96.0,7249,3.94,101,0.05,72.7501,63.9732
2019-07,Norte,ACES Gaia,"41.1278433, -8.580396",156243,150764,96.49,5425,3.47,54,0.03,69.4631,49.4516
2019-07,Norte,ACES Marão e Douro Norte,"41.2968711, -7.7483727",105803,104000,98.3,1475,1.39,328,0.31,74.8839,62.8397
2019-08,Alentejo,ACES Alentejo Central,"38.8442031, -7.5826619",167119,165523,99.04,1342,0.8,254,0.15,75.673,73.7134
2019-08,Alentejo,ACES São Mamede,"39.2967086, -7.4284755",114999,107774,93.72,7072,6.15,153,0.13,72.038,72.1938
2019-08,Centro,ACES Dão Lafões,"40.6565861, -7.9124712",271119,265492,97.92,5217,1.92,410,0.15,71.531,51.0839
2019-08,Lisboa e Vale do Tejo,ACES Amadora,"38.7573081, -9.23429",174700,125287,71.72,48974,28.03,439,0.25,55.324,40.8415
2019-08,Lisboa e Vale do Tejo,ACES Arco Ribeirinho,"38.6672076, -9.0543329",221502,180672,81.57,40663,18.36,167,0.08,58.8618,43.8477
2019-08,Lisboa e Vale do Tejo,ACES Cascais,"38.69904, -9.3818008",208965,186290,89.15,21345,10.21,1330,0.64,54.9795,29.5788
2019-08,Lisboa e Vale do Tejo,ACES Estuário do Tejo,"38.9528113, -8.9911154",232871,201533,86.54,30486,13.09,852,0.37,60.4841,46.7005
2019-08,Lisboa e Vale do Tejo,ACES Sintra,"38.7519209, -9.2753636",364623,283931,77.87,79891,21.91,801,0.22,57.379,45.0411
2019-08,Norte,ACES Alto Minho,"41.7056054, -8.8252713",246575,245914,99.73,358,0.15,303,0.12,75.9707,20.5749
2019-08,Norte,ACES Feira e Arouca,"40.9263169, -8.5478813",153152,151791,99.11,1215,0.79,146,0.1,73.9207,69.0669
2019-08,Norte,ACES Gerês / Cabreira,"41.6298661, -8.3596897",106858,105099,98.35,1758,1.65,1,0.0,75.0182,65.9466
2019-08,Norte,ACES Póvoa do Varzim / Vila do Conde,"41.355519, -8.746653",151511,151470,99.97,29,0.02,12,0.01,71.0589,34.1463
2019-09,Centro,ACES Beira Interior Sul,"39.8211367, -7.5036651",73584,71580,97.28,1450,1.97,554,0.75,69.353,44.8397
2019-09,Centro,ACES Cova da Beira,"40.2677741, -7.4995083",86345,85099,98.56,323,0.37,923,1.07,67.7017,21.3483
2019-09,Centro,ACES Guarda,"40.5353285, -7.2724426",148941,142578,95.73,4744,3.19,1619,1.09,71.3809,43.3359
2019-09,Centro,ACES Pinhal Litoral,"39.7495331, -8.807683",270531,265140,98.01,4725,1.75,666,0.25,68.2253,47.4129
2019-09,Lisboa e Vale do Tejo,ACES Arco Ribeirinho,"38.6672076, -9.0543329",220999,180370,81.62,40449,18.3,180,0.08,59.1347,45.0543
2019-09,Lisboa e Vale do Tejo,ACES Cascais,"38.69904, -9.3818008",208259,184625,88.65,22296,10.71,1338,0.64,55.2879,31.5626
2019-09,Lisboa e Vale do Tejo,ACES Lezíria,"39.2371689, -8.6908895",195283,179278,91.8,15126,7.75,879,0.45,69.3214,51.9126
2019-09,Lisboa e Vale do Tejo,ACES Lisboa Central,"38.7306317, -9.1510414",290088,257091,88.63,31794,10.96,1203,0.41,51.928,21.6141
2019-09,Norte,ACES Aveiro Norte,"40.8472225, -8.4656674",118417,118334,99.93,29,0.02,54,0.05,74.2047,31.3253
2019-09,Norte,ACES Barcelos / Esposende,"41.5317419, -8.6178922",157848,155177,98.31,2612,1.65,59,0.04,75.9701,70.4358
2019-09,Norte,ACES Braga,"41.5518714, -8.4126362",197324,196409,99.54,914,0.46,1,0.0,71.7685,4.37637
2019-09,Norte,ACES Gerês / Cabreira,"41.6298661, -8.3596897",107014,103456,96.68,3557,3.32,1,0.0,75.2444,70.8263
2019-09,Norte,ACES Maia / Valongo,"41.2333945, -8.6187474",220054,219049,99.54,922,0.42,83,0.04,71.3816,32.2
2019-09,Norte,ACES Santo Tirso / Trofa,"41.3469246, -8.4822648",115472,114957,99.55,489,0.42,26,0.02,74.0014,28.22
2019-10,Alentejo,ACES Alentejo Litoral,"38.3841359, -8.5132031",96588,85899,88.93,10598,10.97,91,0.09,62.1814,48.8541
2019-10,Algarve,ACES Algarve Barlavento,"37.1387554, -8.5445093",171026,136498,79.81,33508,19.59,1020,0.6,59.079,48.851
2019-10,Algarve,ACES Algarve Central,"37.0274264, -7.9395984",256611,235503,91.77,20769,8.09,339,0.13,57.411,38.8204
2019-10,Centro,ACES Dão Lafões,"40.6565861, -7.9124712",271511,269344,99.2,1761,0.65,406,0.15,71.7769,36.616
2019-10,Centro,ACES Pinhal Litoral,"39.7495331, -8.807683",270710,265414,98.04,4619,1.71,677,0.25,68.5368,49.0834
2019-10,Lisboa e Vale do Tejo,ACES Cascais,"38.69904, -9.3818008",208896,184576,88.36,22983,11.0,1337,0.64,55.4599,32.2828
2019-10,Lisboa e Vale do Tejo,ACES Lezíria,"39.2371689, -8.6908895",195520,178553,91.32,16057,8.21,910,0.47,69.4997,52.9238
2019-10,Norte,ACES Alto Ave,"41.4417064, -8.1722408",272009,271797,99.92,142,0.05,70,0.03,75.0986,13.369
2019-10,Norte,ACES Baixo Tâmega,"41.2719719, -8.0791631",167650,164707,98.24,2593,1.55,350,0.21,75.2829,62.9489
2019-10,Norte,ACES Braga,"41.5518714, -8.4126362",197632,196259,99.31,1372,0.69,1,0.0,71.851,14.4524
2019-10,Norte,ACES Espinho / Gaia,"41.0022421, -8.642018",184204,181664,98.62,2428,1.32,112,0.06,72.5628,49.9634
2019-10,Norte,ACES Feira e Arouca,"40.9263169, -8.5478813",153337,151955,99.1,1239,0.81,143,0.09,74.0367,71.7518
2019-11,Alentejo,ACES São Mamede,"39.2967086, -7.4284755",115120,106063,92.13,8866,7.7,191,0.17,72.0205,70.826
2019-11,Algarve,ACES Algarve Sotavento,"37.383008, -7.7293275",59029,57051,96.65,1923,3.26,55,0.09,66.565,23.0303
2019-11,Centro,ACES Cova da Beira,"40.2677741, -7.4995083",86438,85169,98.53,344,0.4,925,1.07,68.2497,22.9495
2019-11,Centro,ACES Pinhal Interior Sul,"39.7510898, -7.9203657",30948,30355,98.08,458,1.48,135,0.44,79.4274,59.2282
2019-11,Lisboa e Vale do Tejo,ACES Lezíria,"39.2371689, -8.6908895",195590,177371,90.69,17309,8.85,910,0.47,69.5172,54.7126
2019-11,Lisboa e Vale do Tejo,ACES Lisboa Central,"38.7306317, -9.1510414",291112,256718,88.19,33227,11.41,1167,0.4,52.1486,24.0688
2019-11,Lisboa e Vale do Tejo,ACES Oeste Norte,"39.410844, -9.1396215",180399,167805,93.02,12333,6.84,261,0.14,68.8624,37.1708
2019-11,Norte,ACES Barcelos / Esposende,"41.5317419, -8.6178922",157968,155603,98.5,2307,1.46,58,0.04,76.2127,48.3589
2019-11,Norte,ACES Braga,"41.5518714, -8.4126362",198099,196259,99.07,1839,0.93,1,0.0,71.9663,70.9397
2019-11,Norte,ACES Marão e Douro Norte,"41.2968711, -7.7483727",106011,102758,96.93,2919,2.75,334,0.32,75.3287,61.0206
2019-11,Norte,ACES Matosinhos,"41.1918541, -8.6590693",175894,173216,98.48,2489,1.42,189,0.11,72.5355,51.9656
2019-11,Norte,ACES Nordeste,"41.8069684, -6.7587977",131709,129991,98.7,1078,0.82,640,0.49,74.0731,52.9174
2019-12,Algarve,ACES Algarve Central,"37.0274264, -7.9395984",258161,231961,89.85,25850,10.01,350,0.14,57.0156,36.9504
2019-12,Centro,ACES Pinhal Interior Sul,"39.7510898, -7.9203657",30932,30338,98.08,458,1.48,136,0.44,79.6683,59.9327
2019-12,Lisboa e Vale do Tejo,ACES Cascais,"38.69904, -9.3818008",209774,183783,87.61,24435,11.65,1556,0.74,55.571,32.4927
2019-12,Norte,ACES Alto Minho,"41.7056054, -8.8252713",247532,247135,99.84,128,0.05,269,0.11,76.2406,15.8038
2019-12,Norte,ACES Baixo Tâmega,"41.2719719, -8.0791631",167469,163015,97.34,4117,2.46,337,0.2,75.5847,66.2326
2019-12,Norte,ACES Douro Sul,"41.0953745, -7.8123805",72479,71962,99.29,276,0.38,241,0.33,73.4309,41.5861
2019-12,Norte,ACES Espinho / Gaia,"41.0022421, -8.642018",184251,178550,96.91,5632,3.06,69,0.04,72.7144,52.7627
2019-12,Norte,ACES Gaia,"41.1278433, -8.580396",157080,148590,94.6,8390,5.34,100,0.06,69.9949,52.3439
2019-12,Norte,ACES Gerês / Cabreira,"41.6298661, -8.3596897",107295,103662,96.61,3632,3.39,1,0.0,76.5805,70.8505
2019-12,Norte,ACES Maia / Valongo,"41.2333945, -8.6187474",220382,219026,99.38,1275,0.58,81,0.04,71.7014,33.1858
2019-12,Norte,ACES Porto Ocidental,"41.1741353, -8.6691662",173071,166257,96.06,6323,3.65,491,0.28,65.7632,41.5908
2020-01,Centro,ACES Baixo Mondego,"40.2150023, -8.4071805",389478,373027,95.78,13909,3.57,2542,0.65,70.9618,46.2876
2020-01,Centro,ACES Cova da Beira,"40.2677741, -7.4995083",86468,82867,95.84,2700,3.12,901,1.04,68.3602,48.3343
2020-01,Centro,ACES Pinhal Litoral,"39.7495331, -8.807683",271439,265783,97.92,4979,1.83,677,0.25,68.804,47.7902
2020-01,Lisboa e Vale do Tejo,ACES Arrábida,"38.5324373, -8.8627453",232634,176535,75.89,55711,23.95,388,0.17,62.3701,49.5267
2020-01,Lisboa e Vale do Tejo,ACES Estuário do Tejo,"38.9528113, -8.9911154",233559,197881,84.72,34842,14.92,836,0.36,61.6673,48.202
2020-01,Lisboa e Vale do Tejo,ACES Oeste Sul,"39.0917759, -9.2600341",203166,171773,84.55,30845,15.18,548,0.27,66.3694,48.9886
2020-01,Norte,ACES Alto Ave,"41.4417064, -8.1722408",272276,265230,97.41,6977,2.56,69,0.03,76.2251,72.2072
2020-01,Norte,ACES Gondomar,"41.1738444, -8.5612238",169002,168828,99.9,109,0.06,65,0.04,74.4802,20.6897
2020-01,Norte,ACES Matosinhos,"41.1918541, -8.6590693",176122,175617,99.71,318,0.18,187,0.11,72.5276,30.6931
2020-01,Norte,ACES Porto Oriental,"41.1694498, -8.6126428",118594,114516,96.56,4038,3.4,40,0.03,69.5443,51.104
2020-01,Norte,ACES Vale do Sousa Norte,"41.2793583, -8.2787457",161064,157644,97.88,3411,2.12,9,0.01,77.5748,74.32
2020-01,Norte,ACES Vale do Sousa Sul,"41.1548155, -8.2163769",173346,173333,99.99,0,0.0,13,0.01,77.0823,7.69231
2020-02,Alentejo,ACES São Mamede,"39.2967086, -7.4284755",114880,106777,92.95,7915,6.89,188,0.16,71.7679,70.785
2020-02,Algarve,ACES Algarve Barlavento,"37.1387554, -8.5445093",172913,135615,78.43,36263,20.97,1035,0.6,59.1072,47.9195
2020-02,Algarve,ACES Algarve Sotavento,"37.383008, -7.7293275",59528,57220,96.12,2251,3.78,57,0.1,66.3352,19.7574
2020-02,Centro,ACES Baixo Vouga,"40.6405055, -8.6537539",393970,381252,96.77,10358,2.63,2360,0.6,71.5202,41.2565
2020-02,Centro,ACES Pinhal Interior Norte,"40.1151262, -8.2473136",130454,124105,95.13,5589,4.28,760,0.58,73.928,52.0554
2020-02,Lisboa e Vale do Tejo,ACES Arco Ribeirinho,"38.6672076, -9.0543329",222553,173245,77.84,49119,22.07,189,0.08,59.1792,45.7674
2020-02,Lisboa e Vale do Tejo,ACES Arrábida,"38.5324373, -8.8627453",233200,180130,77.24,52680,22.59,390,0.17,62.2303,48.6471
2020-02,Lisboa e Vale do Tejo,ACES Sintra,"38.7519209, -9.2753636",364789,272264,74.64,91787,25.16,738,0.2,57.9831,46.3067
2020-02,Norte,ACES Alto Ave,"41.4417064, -8.1722408",272336,264947,97.29,7321,2.69,68,0.02,76.0627,72.6621
2020-02,Norte,ACES Alto Tâmega e Barroso,"41.741781, -7.4731648",90445,86840,96.01,3431,3.79,174,0.19,73.9256,59.7118
2020-02,Norte,ACES Barcelos / Esposende,"41.5317419, -8.6178922",157990,154163,97.58,3765,2.38,62,0.04,76.1308,63.0259
2020-02,Norte,ACES Braga,"41.5518714, -8.4126362",199135,193280,97.06,5851,2.94,4,0.0,71.9562,66.2114
2020-02,Norte,ACES Gaia,"41.1278433, -8.580396",157156,149889,95.38,7164,4.56,103,0.07,69.8669,47.984
2020-02,Norte,ACES Gerês / Cabreira,"41.6298661, -8.3596897",107370,102449,95.42,4915,4.58,6,0.01,76.5512,73.2981
2020-02,Norte,ACES Matosinhos,"41.1918541, -8.6590693",176220,175645,99.67,381,0.22,194,0.11,72.4146,24.5217
2020-02,Norte,ACES Nordeste,"41.8069684, -6.7587977",131747,130824,99.3,223,0.17,700,0.53,74.0199,15.7096
2020-02,Norte,ACES Porto Ocidental,"41.1741353, -8.6691662",173314,163321,94.23,9790,5.65,203,0.12,65.686,42.2496
2020-02,Norte,ACES Porto Oriental,"41.1694498, -8.6126428",118638,116246,97.98,2349,1.98,43,0.04,69.4676,61.1622
2020-02,Norte,ACES Santo Tirso / Trofa,"41.3469246, -8.4822648",115217,114515,99.39,678,0.59,24,0.02,74.0715,28.5552
2020-02,Norte,ACES Vale do Sousa Norte,"41.2793583, -8.2787457",161059,159115,98.79,1935,1.2,9,0.01,77.4101,78.3951
2020-03,Centro,ACES Baixo Mondego,"40.2150023, -8.4071805",389845,375179,96.24,12144,3.12,2522,0.65,70.6124,42.9935
2020-03,Centro,ACES Beira Interior Sul,"39.8211367, -7.5036651",73796,69298,93.9,4361,5.91,137,0.19,68.5064,45.2969
2020-03,Centro,ACES Cova da Beira,"40.2677741, -7.4995083",86321,83008,96.16,3260,3.78,53,0.06,68.4534,60.1871
2020-03,Centro,ACES Dão Lafões,"40.6565861, -7.9124712",271829,264648,97.36,6800,2.5,381,0.14,72.0669,45.4596
2020-03,Centro,ACES Pinhal Interior Sul,"39.7510898, -7.9203657",30904,30313,98.09,453,1.47,138,0.45,79.3295,60.7445
2020-03,Lisboa e Vale do Tejo,ACES Amadora,"38.7573081, -9.23429",174901,124756,71.33,49744,28.44,401,0.23,55.5678,40.7088
2020-03,Lisboa e Vale do Tejo,ACES Estuário do Tejo,"38.9528113, -8.9911154",233952,192984,82.49,40125,17.15,843,0.36,61.4746,49.0334
2020-03,Lisboa e Vale do Tejo,ACES Loures / Odivelas,"38.8012718, -9.1137868",366606,324358,88.48,42173,11.5,75,0.02,58.3149,38.2986
2020-03,Norte,ACES Ave / Famalicão,"41.3835805, -8.4157518",124594,122764,98.53,1685,1.35,145,0.12,73.5742,32.7869
2020-03,Norte,ACES Barcelos / Esposende,"41.5317419, -8.6178922",157992,156000,98.74,1930,1.22,62,0.04,75.7733,55.2367
2020-03,Norte,ACES Gondomar,"41.1738444, -8.5612238",169117,168947,99.9,104,0.06,66,0.04,74.3905,20.0
2020-03,Norte,ACES Marão e Douro Norte,"41.2968711, -7.7483727",105862,104121,98.36,1502,1.42,239,0.23,75.0005,60.7122
2020-03,Norte,ACES Porto Ocidental,"41.1741353, -8.6691662",173319,163276,94.21,9843,5.68,200,0.12,65.5791,43.8757
2020-03,Norte,ACES Vale do Sousa Sul,"41.1548155, -8.2163769",173170,173158,99.99,0,0.0,12,0.01,76.7082,8.33333
2020-04,Alentejo,ACES Alentejo Central,"38.8442031, -7.5826619",167131,158451,94.81,8422,5.04,258,0.15,73.1981,73.4923
2020-04,Centro,ACES Beira Interior Sul,"39.8211367, -7.5036651",73618,67472,91.65,6006,8.16,140,0.19,67.8199,51.1961
2020-04,Lisboa e Vale do Tejo,ACES Amadora,"38.7573081, -9.23429",174422,123577,70.85,50443,28.92,402,0.23,54.8589,40.3623
2020-04,Lisboa e Vale do Tejo,ACES Arrábida,"38.5324373, -8.8627453",232959,183649,78.83,48892,20.99,418,0.18,61.2528,47.4154
2020-04,Lisboa e Vale do Tejo,ACES Lezíria,"39.2371689, -8.6908895",195228,178408,91.38,15380,7.88,1440,0.74,69.2203,44.7339
2020-04,Norte,ACES Barcelos / Esposende,"41.5317419, -8.6178922",157962,154784,97.99,3116,1.97,62,0.04,75.0041,62.7753
2020-04,Norte,ACES Gaia,"41.1278433, -8.580396",157120,149667,95.26,7352,4.68,101,0.06,68.9855,46.9949
2020-04,Norte,ACES Gerês / Cabreira,"41.6298661, -8.3596897",107271,102416,95.47,4850,4.52,5,0.0,75.5992,72.2966
2020-04,Norte,ACES Gondomar,"41.1738444, -8.5612238",169085,168902,99.89,116,0.07,67,0.04,73.8942,20.2186
2020-04,Norte,ACES Porto Oriental,"41.1694498, -8.6126428",118624,116181,97.94,2401,2.02,42,0.04,68.5632,61.8599
2020-05,Alentejo,ACES Alentejo Litoral,"38.3841359, -8.5132031",96757,80546,83.25,16111,16.65,100,0.1,59.4255,49.8189
2020-05,Algarve,ACES Algarve Barlavento,"37.1387554, -8.5445093",173060,132331,76.47,39694,22.94,1035,0.6,57.1637,19.0493
2020-05,Algarve,ACES Algarve Sotavento,"37.383008, -7.7293275",59628,57150,95.84,2420,4.06,58,0.1,64.4641,20.3793
2020-05,Centro,ACES Beira Interior Sul,"39.8211367, -7.5036651",73529,67415,91.68,5969,8.12,145,0.2,67.1413,50.7687
2020-05,Centro,ACES Guarda,"40.5353285, -7.2724426",148215,142600,96.21,3965,2.68,1650,1.11,69.7158,38.6969
2020-05,Centro,ACES Pinhal Interior Sul,"39.7510898, -7.9203657",30934,29619,95.75,1173,3.79,142,0.46,78.2304,69.3536
2020-05,Lisboa e Vale do Tejo,ACES Lisboa Ocidental e Oeiras,"38.6914388, -9.3184304",246118,224961,91.4,20625,8.38,532,0.22,55.2509,40.0749
2020-05,Norte,ACES Ave / Famalicão,"41.3835805, -8.4157518",124478,121044,97.24,3291,2.64,143,0.11,71.6246,47.35
2020-05,Norte,ACES Braga,"41.5518714, -8.4126362",199341,188171,94.4,11165,5.6,5,0.0,70.4131,67.0545
2020-05,Norte,ACES Porto Oriental,"41.1694498, -8.6126428",118592,116126,97.92,2421,2.04,45,0.04,67.77,62.4493
2020-05,Norte,ACES Póvoa do Varzim / Vila do Conde,"41.355519, -8.746653",151689,149905,98.82,1770,1.17,14,0.01,69.2155,68.8341
2020-05,Norte,ACES Vale do Sousa Sul,"41.1548155, -8.2163769",172787,172770,99.99,3,0.0,14,0.01,75.3865,11.7647
2020-06,Alentejo,ACES Alentejo Central,"38.8442031, -7.5826619",167203,158947,95.06,7990,4.78,266,0.16,72.1076,70.6153
2020-06,Alentejo,ACES São Mamede,"39.2967086, -7.4284755",114420,103868,90.78,10367,9.06,185,0.16,70.2395,68.7423
2020-06,Centro,ACES Pinhal Interior Sul,"39.7510898, -7.9203657",30910,29618,95.82,1149,3.72,143,0.46,77.9295,69.2724
2020-06,Lisboa e Vale do Tejo,ACES Amadora,"38.7573081, -9.23429",170015,123415,72.59,46202,27.18,398,0.23,54.9149,42.9684
2020-06,Norte,ACES Alto Tâmega e Barroso,"41.741781, -7.4731648",90209,86653,96.06,3385,3.75,171,0.19,71.7708,61.1798
2020-06,Norte,ACES Ave / Famalicão,"41.3835805, -8.4157518",124536,121052,97.2,3341,2.68,143,0.11,71.2472,46.0368
2020-06,Norte,ACES Aveiro Norte,"40.8472225, -8.4656674",118628,118568,99.95,8,0.01,52,0.04,72.3326,25.0
2020-06,Norte,ACES Braga,"41.5518714, -8.4126362",199423,188192,94.37,11226,5.63,5,0.0,70.1044,67.2334
2020-06,Norte,ACES Feira e Arouca,"40.9263169, -8.5478813",153590,148963,96.99,4483,2.92,144,0.09,72.0223,69.2025
2020-06,Norte,ACES Gaia,"41.1278433, -8.580396",157330,149570,95.07,7660,4.87,100,0.06,67.7979,44.6578
2020-06,Norte,ACES Maia / Valongo,"41.2333945, -8.6187474",220649,219664,99.55,911,0.41,74,0.03,69.1923,36.7513
2020-07,Alentejo,ACES Baixo Alentejo,"38.0153039, -7.8627308",123994,115034,92.77,8572,6.91,388,0.31,69.4929,64.783
2020-07,Lisboa e Vale do Tejo,ACES Arrábida,"38.5324373, -8.8627453",230922,180150,78.01,50350,21.8,422,0.18,60.4871,49.2397
2020-07,Lisboa e Vale do Tejo,ACES Estuário do Tejo,"38.9528113, -8.9911154",231375,187898,81.21,42637,18.43,840,0.36,59.9864,51.6836
2020-07,Lisboa e Vale do Tejo,ACES Lezíria,"39.2371689, -8.6908895",195149,170698,87.47,22723,11.64,1728,0.89,68.3191,55.9916
2020-07,Lisboa e Vale do Tejo,ACES Lisboa Norte,"38.7396924, -9.168506",267515,230832,86.29,35679,13.34,1004,0.38,52.3386,31.7412
2020-07,Lisboa e Vale do Tejo,ACES Loures / Odivelas,"38.8012718, -9.1137868",364730,322154,88.33,42464,11.64,112,0.03,56.7451,37.2637
2020-07,Lisboa e Vale do Tejo,ACES Sintra,"38.7519209, -9.2753636",357529,263667,73.75,93123,26.05,739,0.21,55.9767,47.1272
2020-07,Norte,ACES Alto Minho,"41.7056054, -8.8252713",247399,244108,98.67,3021,1.22,270,0.11,73.5746,65.7951
2020-07,Norte,ACES Douro Sul,"41.0953745, -7.8123805",69628,66195,95.07,3306,4.75,127,0.18,73.9674,67.2399
2020-07,Norte,ACES Marão e Douro Norte,"41.2968711, -7.7483727",105820,104046,98.32,1527,1.44,247,0.23,72.7065,66.5163
2020-08,Centro,ACES Pinhal Interior Norte,"40.1151262, -8.2473136",130382,123952,95.07,5658,4.34,772,0.59,70.5136,47.2006
2020-08,Lisboa e Vale do Tejo,ACES Arrábida,"38.5324373, -8.8627453",231274,180141,77.89,50710,21.93,423,0.18,60.1851,48.8205
2020-08,Lisboa e Vale do Tejo,ACES Estuário do Tejo,"38.9528113, -8.9911154",231699,183944,79.39,46918,20.25,837,0.36,59.4832,50.7409
2020-08,Lisboa e Vale do Tejo,ACES Loures / Odivelas,"38.8012718, -9.1137868",365121,321973,88.18,43029,11.78,119,0.03,56.204,36.6852
2020-08,Lisboa e Vale do Tejo,ACES Oeste Norte,"39.410844, -9.1396215",179647,162927,90.69,16460,9.16,260,0.14,66.69,52.1742
2020-08,Norte,ACES Aveiro Norte,"40.8472225, -8.4656674",118618,118548,99.94,18,0.02,52,0.04,71.0354,28.5714
2020-08,Norte,ACES Nordeste,"41.8069684, -6.7587977",131486,127845,97.23,2893,2.2,748,0.57,72.0958,54.518
2020-09,Algarve,ACES Algarve Barlavento,"37.1387554, -8.5445093",173822,127993,73.63,44791,25.77,1038,0.6,56.2588,31.2634
2020-09,Centro,ACES Cova da Beira,"40.2677741, -7.4995083",86071,80207,93.19,5688,6.61,176,0.2,66.7863,49.7188
2020-09,Centro,ACES Dão Lafões,"40.6565861, -7.9124712",271902,257464,94.69,14066,5.17,372,0.14,68.8401,55.4401
2020-09,Centro,ACES Pinhal Interior Norte,"40.1151262, -8.2473136",130450,124011,95.06,5669,4.35,770,0.59,70.2024,46.8706
2020-09,Centro,ACES Pinhal Interior Sul,"39.7510898, -7.9203657",30985,29306,94.58,1537,4.96,142,0.46,77.2341,69.6663
2020-09,Lisboa e Vale do Tejo,ACES Arrábida,"38.5324373, -8.8627453",231759,180133,77.72,51200,22.09,426,0.18,60.0093,48.555
2020-09,Norte,ACES Alto Minho,"41.7056054, -8.8252713",247575,241316,97.47,5988,2.42,271,0.11,72.9557,66.3415
2020-09,Norte,ACES Barcelos / Esposende,"41.5317419, -8.6178922",158207,149651,94.59,8494,5.37,62,0.04,71.1959,66.6823
2020-09,Norte,ACES Espinho / Gaia,"41.0022421, -8.642018",183929,173262,94.2,10599,5.76,68,0.04,69.4595,64.2636
2020-09,Norte,ACES Maia / Valongo,"41.2333945, -8.6187474",220922,219518,99.36,1330,0.6,74,0.03,68.0924,37.8917
2020-09,Norte,ACES Nordeste,"41.8069684, -6.7587977",131466,126779,96.43,3931,2.99,756,0.58,71.8604,59.1423
2020-09,Norte,ACES Porto Ocidental,"41.1741353, -8.6691662",173927,155019,89.13,18710,10.76,198,0.11,63.4862,51.415
2020-10,Alentejo,ACES Alentejo Central,"38.8442031, -7.5826619",167333,158374,94.65,8698,5.2,261,0.16,71.2226,71.0794
2020-10,Centro,ACES Pinhal Interior Norte,"40.1151262, -8.2473136",130549,127548,97.7,2236,1.71,765,0.59,69.688,41.3862
2020-10,Lisboa e Vale do Tejo,ACES Lezíria,"39.2371689, -8.6908895",195865,176244,89.98,17852,9.11,1769,0.9,68.4228,51.7309
2020-10,Lisboa e Vale do Tejo,ACES Lisboa Norte,"38.7396924, -9.168506",268027,230913,86.15,33291,12.42,3823,1.43,51.7611,29.1946
2020-10,Lisboa e Vale do Tejo,ACES Loures / Odivelas,"38.8012718, -9.1137868",367063,321969,87.71,44968,12.25,126,0.03,55.6353,35.2959
2020-10,Norte,ACES Alto Minho,"41.7056054, -8.8252713",247740,243144,98.14,4324,1.75,272,0.11,72.8357,60.339
2020-10,Norte,ACES Alto Tâmega e Barroso,"41.741781, -7.4731648",90324,88042,97.47,2113,2.34,169,0.19,69.8183,49.6283
2020-10,Norte,ACES Espinho / Gaia,"41.0022421, -8.642018",184422,177395,96.19,6961,3.77,66,0.04,69.3384,61.2068
2020-10,Norte,ACES Marão e Douro Norte,"41.2968711, -7.7483727",105988,104196,98.31,1553,1.47,239,0.23,71.4783,64.5647
2020-10,Norte,ACES Porto Oriental,"41.1694498, -8.6126428",118742,112045,94.36,6655,5.6,42,0.04,66.5342,67.3935
2020-11,Alentejo,ACES Alentejo Central,"38.8442031, -7.5826619",167105,160032,95.77,6810,4.08,263,0.16,71.7465,74.3532
2020-11,Centro,ACES Baixo Vouga,"40.6405055, -8.6537539",394488,370378,93.89,21784,5.52,2326,0.59,67.9993,47.5797
2020-11,Centro,ACES Cova da Beira,"40.2677741, -7.4995083",86212,85972,99.72,131,0.15,109,0.13,67.6534,35.0
2020-11,Centro,ACES Pinhal Interior Sul,"39.7510898, -7.9203657",31074,27280,87.79,3662,11.78,132,0.42,76.7072,74.8023
2020-11,Centro,ACES Pinhal Litoral,"39.7495331, -8.807683",273334,261787,95.78,10767,3.94,780,0.29,66.385,47.1505
2020-11,Lisboa e Vale do Tejo,ACES Amadora,"38.7573081, -9.23429",169894,124476,73.27,45018,26.5,400,0.24,52.2332,40.0348
2020-11,Lisboa e Vale do Tejo,ACES Lisboa Norte,"38.7396924, -9.168506",267648,241210,90.12,24719,9.24,1719,0.64,52.245,26.2521
2020-11,Norte,ACES Alto Tâmega e Barroso,"41.741781, -7.4731648",90328,86520,95.78,3633,4.02,175,0.19,70.0909,52.7144
2020-11,Norte,ACES Espinho / Gaia,"41.0022421, -8.642018",184721,180288,97.6,4367,2.36,66,0.04,69.6311,61.2001
2020-11,Norte,ACES Marão e Douro Norte,"41.2968711, -7.7483727",105984,104191,98.31,1558,1.47,235,0.22,71.3512,63.8951
2020-12,Centro,ACES Pinhal Interior Sul,"39.7510898, -7.9203657",31061,27354,88.07,3572,11.5,135,0.43,76.7072,74.8023
2020-12,Lisboa e Vale do Tejo,ACES Amadora,"38.7573081, -9.23429",169941,122901,72.32,46645,27.45,395,0.23,52.2332,40.0348
2020-12,Lisboa e Vale do Tejo,ACES Lisboa Ocidental e Oeiras,"38.6914388, -9.3184304",246858,224766,91.05,21616,8.76,476,0.19,55.1999,37.073
2020-12,Norte,ACES Matosinhos,"41.1918541, -8.6590693",176312,175096,99.31,1074,0.61,142,0.08,70.122,56.1154
2020-12,Norte,ACES Vale do Sousa Norte,"41.2793583, -8.2787457",160722,158835,98.83,1878,1.17,9,0.01,75.8667,62.5789
2021-01,Alentejo,ACES Baixo Alentejo,"38.0153039, -7.8627308",124019,119380,96.26,4236,3.42,403,0.32,69.1152,50.8515
2021-01,Lisboa e Vale do Tejo,ACES Oeste Norte,"39.410844, -9.1396215",179906,166975,92.81,12676,7.05,255,0.14,66.8834,52.0622
2021-01,Norte,ACES Alto Tâmega e Barroso,"41.741781, -7.4731648",90075,86289,95.8,3613,4.01,173,0.19,69.7974,54.2337
2021-01,Norte,ACES Feira e Arouca,"40.9263169, -8.5478813",153654,143131,93.15,10390,6.76,133,0.09,72.1231,67.9179
2021-01,Norte,ACES Gerês / Cabreira,"41.6298661, -8.3596897",107742,106406,98.76,1318,1.22,18,0.02,72.8927,66.193
2021-02,Algarve,ACES Algarve Sotavento,"37.383008, -7.7293275",61223,58407,95.4,2760,4.51,56,0.09,59.507,22.1591
2021-02,Centro,ACES Pinhal Litoral,"39.7495331, -8.807683",273676,263686,96.35,9204,3.36,786,0.29,66.2619,40.1702
2021-02,Lisboa e Vale do Tejo,ACES Amadora,"38.7573081, -9.23429",170398,126588,74.29,43407,25.47,403,0.24,50.2218,36.6766
2021-02,Lisboa e Vale do Tejo,ACES Oeste Sul,"39.0917759, -9.2600341",205917,184335,89.52,21060,10.23,522,0.25,60.9998,38.5645
2021-02,Norte,ACES Aveiro Norte,"40.8472225, -8.4656674",118533,113297,95.58,3419,2.88,1817,1.53,72.4229,65.4125
2021-02,Norte,ACES Maia / Valongo,"41.2333945, -8.6187474",221167,217657,98.41,3442,1.56,68,0.03,66.9395,52.1937
2021-02,Norte,ACES Matosinhos,"41.1918541, -8.6590693",176277,174826,99.18,1308,0.74,143,0.08,69.5831,26.1888
2021-02,Norte,ACES Nordeste,"41.8069684, -6.7587977",131101,127225,97.04,3057,2.33,819,0.62,71.9911,52.5542
2021-03,Alentejo,ACES Alentejo Litoral,"38.3841359, -8.5132031",99124,90507,91.31,8494,8.57,123,0.12,60.3376,41.8708
2021-03,Algarve,ACES Algarve Central,"37.0274264, -7.9395984",267073,240169,89.93,26564,9.95,340,0.13,53.0445,27.0277
2021-03,Algarve,ACES Algarve Sotavento,"37.383008, -7.7293275",61490,58505,95.15,2929,4.76,56,0.09,59.8211,23.4841
2021-03,Centro,ACES Dão Lafões,"40.6565861, -7.9124712",272086,266365,97.9,5351,1.97,370,0.14,69.7173,27.8273
2021-03,Centro,ACES Pinhal Interior Norte,"40.1151262, -8.2473136",130412,125946,96.58,3730,2.86,736,0.56,70.3333,42.1182
2021-03,Lisboa e Vale do Tejo,ACES Estuário do Tejo,"38.9528113, -8.9911154",233107,182813,78.42,49624,21.29,670,0.29,59.0077,44.2054
2021-03,Norte,ACES Alto Ave,"41.4417064, -8.1722408",272465,267479,98.17,4911,1.8,75,0.03,73.4107,61.523
2021-03,Norte,ACES Alto Minho,"41.7056054, -8.8252713",247715,243186,98.17,4351,1.76,178,0.07,72.5759,66.0777
2021-03,Norte,ACES Barcelos / Esposende,"41.5317419, -8.6178922",158045,149530,94.61,8440,5.34,75,0.05,71.6062,63.8905
2021-03,Norte,ACES Gaia,"41.1278433, -8.580396",158842,150982,95.05,7668,4.83,192,0.12,65.4153,41.0873
2021-03,Norte,ACES Gerês / Cabreira,"41.6298661, -8.3596897",107983,106724,98.83,1240,1.15,19,0.02,72.8816,67.0635
2021-03,Norte,ACES Porto Ocidental,"41.1741353, -8.6691662",177367,172066,97.01,5057,2.85,244,0.14,63.29,40.8178
2021-04,Centro,ACES Baixo Mondego,"40.2150023, -8.4071805",389767,365711,93.83,21637,5.55,2419,0.62,68.4057,47.2417
2021-04,Centro,ACES Baixo Vouga,"40.6405055, -8.6537539",394576,363929,92.23,28375,7.19,2272,0.58,68.1786,47.5328
2021-04,Centro,ACES Dão Lafões,"40.6565861, -7.9124712",272390,266423,97.81,5591,2.05,376,0.14,70.3722,27.492
2021-04,Lisboa e Vale do Tejo,ACES Cascais,"38.69904, -9.3818008",216487,187018,86.39,27549,12.73,1920,0.89,54.0573,26.6109
2021-04,Lisboa e Vale do Tejo,ACES Estuário do Tejo,"38.9528113, -8.9911154",234047,182571,78.01,50809,21.71,667,0.28,59.7471,44.2806
2021-04,Lisboa e Vale do Tejo,ACES Loures / Odivelas,"38.8012718, -9.1137868",370888,324051,87.37,46675,12.58,162,0.04,55.2655,31.7206
2021-04,Lisboa e Vale do Tejo,ACES Oeste Norte,"39.410844, -9.1396215",179948,161186,89.57,18519,10.29,243,0.14,67.606,49.6622
2021-04,Lisboa e Vale do Tejo,ACES Sintra,"38.7519209, -9.2753636",363673,267956,73.68,94811,26.07,906,0.25,52.4459,40.4737
2021-04,Norte,ACES Barcelos / Esposende,"41.5317419, -8.6178922",158132,149577,94.59,8474,5.36,81,0.05,72.6088,65.1666
2021-04,Norte,ACES Espinho / Gaia,"41.0022421, -8.642018",184734,176910,95.76,7758,4.2,66,0.04,70.0254,59.6011
2021-04,Norte,ACES Nordeste,"41.8069684, -6.7587977",131464,130052,98.93,574,0.44,838,0.64,72.5934,20.1276
2021-04,Norte,ACES Póvoa do Varzim / Vila do Conde,"41.355519, -8.746653",152256,149634,98.28,2597,1.71,25,0.02,68.4077,51.6597
2021-05,Algarve,ACES Algarve Sotavento,"37.383008, -7.7293275",62013,58655,94.59,3296,5.32,62,0.1,61.9322,25.1042
2021-05,Centro,ACES Baixo Vouga,"40.6405055, -8.6537539",394537,359174,91.04,33101,8.39,2262,0.57,68.9807,51.9852
2021-05,Centro,ACES Dão Lafões,"40.6565861, -7.9124712",272627,265896,97.53,6359,2.33,372,0.14,71.18,30.6778
2021-05,Centro,ACES Guarda,"40.5353285, -7.2724426",151098,140435,92.94,9449,6.25,1214,0.8,69.1882,47.3507
2021-05,Lisboa e Vale do Tejo,ACES Cascais,"38.69904, -9.3818008",217504,187402,86.16,28150,12.94,1952,0.9,54.667,27.4291
2021-05,Lisboa e Vale do Tejo,ACES Estuário do Tejo,"38.9528113, -8.9911154",234211,176980,75.56,56562,24.15,669,0.29,60.2937,45.1194
2021-05,Lisboa e Vale do Tejo,ACES Lisboa Central,"38.7306317, -9.1510414",295640,244142,82.58,50390,17.04,1108,0.37,49.7047,29.8759
2021-05,Lisboa e Vale do Tejo,ACES Oeste Norte,"39.410844, -9.1396215",179875,152550,84.81,27091,15.06,234,0.13,68.4681,53.2165
2021-05,Norte,ACES Douro Sul,"41.0953745, -7.8123805",69244,67682,97.74,1520,2.2,42,0.06,77.6675,66.0051
2021-05,Norte,ACES Matosinhos,"41.1918541, -8.6590693",176672,173614,98.27,2909,1.65,149,0.08,71.4172,35.3499
2021-05,Norte,ACES Porto Oriental,"41.1694498, -8.6126428",118535,113858,96.05,4624,3.9,53,0.04,67.8577,53.5561
2021-05,Norte,ACES Santo Tirso / Trofa,"41.3469246, -8.4822648",115081,112129,97.43,2925,2.54,27,0.02,73.7107,47.8567
2021-06,Alentejo,ACES Alentejo Central,"38.8442031, -7.5826619",166885,156955,94.05,9663,5.79,267,0.16,74.4683,75.3904
2021-06,Alentejo,ACES São Mamede,"39.2967086, -7.4284755",114636,101649,88.67,12813,11.18,174,0.15,69.8376,64.893
2021-06,Algarve,ACES Algarve Barlavento,"37.1387554, -8.5445093",180991,136429,75.38,43559,24.07,1003,0.55,56.4848,35.1345
2021-06,Algarve,ACES Algarve Sotavento,"37.383008, -7.7293275",62201,58720,94.4,3419,5.5,62,0.1,62.3318,25.6535
2021-06,Centro,ACES Pinhal Interior Sul,"39.7510898, -7.9203657",31177,26695,85.62,4327,13.88,155,0.5,77.2493,76.6176
2021-06,Lisboa e Vale do Tejo,ACES Lisboa Central,"38.7306317, -9.1510414",296466,241137,81.34,54229,18.29,1100,0.37,50.806,30.4377
2021-06,Lisboa e Vale do Tejo,ACES Lisboa Norte,"38.7396924, -9.168506",271099,240951,88.88,25774,9.51,4374,1.61,54.9786,26.2465
2021-06,Lisboa e Vale do Tejo,ACES Lisboa Ocidental e Oeiras,"38.6914388, -9.3184304",250052,214472,85.77,35147,14.06,433,0.17,58.228,39.8566
2021-06,Lisboa e Vale do Tejo,ACES Loures / Odivelas,"38.8012718, -9.1137868",371419,305943,82.37,65298,17.58,178,0.05,56.0079,34.9624
2021-06,Norte,ACES Alto Minho,"41.7056054, -8.8252713",248333,242215,97.54,5941,2.39,177,0.07,75.1492,68.8573
2021-06,Norte,ACES Alto Tâmega e Barroso,"41.741781, -7.4731648",90361,84165,93.14,6008,6.65,188,0.21,71.3748,70.2755
2021-06,Norte,ACES Gondomar,"41.1738444, -8.5612238",168144,157015,93.38,11057,6.58,72,0.04,73.2605,68.0058
2021-06,Norte,ACES Maia / Valongo,"41.2333945, -8.6187474",221376,217216,98.12,4095,1.85,65,0.03,70.238,51.5144
2021-06,Norte,ACES Matosinhos,"41.1918541, -8.6590693",176741,173519,98.18,3075,1.74,147,0.08,72.2283,36.0956
2021-06,Norte,ACES Nordeste,"41.8069684, -6.7587977",131691,126747,96.25,4046,3.07,898,0.68,73.6001,50.0
2021-06,Norte,ACES Póvoa do Varzim / Vila do Conde,"41.355519, -8.746653",152523,151191,99.13,1300,0.85,32,0.02,69.3851,42.5019
2021-07,Alentejo,ACES Baixo Alentejo,"38.0153039, -7.8627308",124296,115543,92.96,8308,6.68,445,0.36,70.8679,60.1965
2021-07,Centro,ACES Baixo Vouga,"40.6405055, -8.6537539",395695,351213,88.76,42164,10.66,2318,0.59,69.9529,55.7237
2021-07,Centro,ACES Cova da Beira,"40.2677741, -7.4995083",86836,81861,94.27,4917,5.66,58,0.07,71.2743,68.2412
2021-07,Lisboa e Vale do Tejo,ACES Oeste Norte,"39.410844, -9.1396215",179799,146353,81.4,33212,18.47,234,0.13,69.8452,55.0352
2021-07,Norte,ACES Ave / Famalicão,"41.3835805, -8.4157518",124709,122754,98.43,1878,1.51,77,0.06,75.7018,55.7033
2021-07,Norte,ACES Matosinhos,"41.1918541, -8.6590693",176895,173582,98.13,3163,1.79,150,0.08,73.1558,32.1363
2021-07,Norte,ACES Porto Oriental,"41.1694498, -8.6126428",118841,110687,93.14,8097,6.81,57,0.05,69.1344,56.8433
2021-08,Algarve,ACES Algarve Central,"37.0274264, -7.9395984",272193,239136,87.86,32705,12.02,352,0.13,55.8956,24.975
2021-08,Centro,ACES Dão Lafões,"40.6565861, -7.9124712",273594,261500,95.58,11721,4.28,373,0.14,72.8148,43.7195
2021-08,Centro,ACES Pinhal Interior Norte,"40.1151262, -8.2473136",130952,121604,92.86,8569,6.54,779,0.59,73.4995,56.4278
2021-08,Centro,ACES Pinhal Interior Sul,"39.7510898, -7.9203657",31201,26707,85.6,4315,13.83,179,0.57,77.8433,76.8151
2021-08,Lisboa e Vale do Tejo,ACES Almada / Seixal,"38.6678522, -9.1875777",356297,300249,84.27,54115,15.19,1933,0.54,62.028,42.366
2021-08,Lisboa e Vale do Tejo,ACES Amadora,"38.7573081, -9.23429",173676,126265,72.7,47019,27.07,392,0.23,53.7403,38.1726
2021-08,Lisboa e Vale do Tejo,ACES Cascais,"38.69904, -9.3818008",221677,186718,84.23,31926,14.4,3033,1.37,55.0702,25.6215
2021-08,Norte,ACES Alto Minho,"41.7056054, -8.8252713",248428,243554,98.04,4698,1.89,176,0.07,76.028,68.9181
2021-08,Norte,ACES Gerês / Cabreira,"41.6298661, -8.3596897",107662,105882,98.35,1750,1.63,30,0.03,78.2828,71.7647
2021-08,Norte,ACES Maia / Valongo,"41.2333945, -8.6187474",221459,215370,97.25,6027,2.72,62,0.03,71.4615,52.2746
2021-08,Norte,ACES Matosinhos,"41.1918541, -8.6590693",176941,171277,96.8,5514,3.12,150,0.08,73.8308,44.8976
2021-08,Norte,ACES Nordeste,"41.8069684, -6.7587977",132031,125589,95.12,5513,4.18,929,0.7,74.6861,51.0096
2021-08,Norte,ACES Santo Tirso / Trofa,"41.3469246, -8.4822648",115388,112017,97.08,3338,2.89,33,0.03,75.9416,46.6028
2021-09,Alentejo,ACES Alentejo Central,"38.8442031, -7.5826619",167530,161914,96.65,5317,3.17,299,0.18,75.6024,67.6759
2021-09,Alentejo,ACES Alentejo Litoral,"38.3841359, -8.5132031",101743,90066,88.52,11452,11.26,225,0.22,62.7837,41.9308
2021-09,Centro,ACES Beira Interior Sul,"39.8211367, -7.5036651",74344,66261,89.13,7719,10.38,364,0.49,69.8593,46.1807
2021-09,Centro,ACES Dão Lafões,"40.6565861, -7.9124712",273910,268079,97.87,5461,1.99,370,0.14,73.0509,16.4895
2021-09,Lisboa e Vale do Tejo,ACES Arrábida,"38.5324373, -8.8627453",237937,182817,76.83,54620,22.96,500,0.21,65.074,46.5584
2021-09,Lisboa e Vale do Tejo,ACES Lezíria,"39.2371689, -8.6908895",199447,176632,88.56,20888,10.47,1927,0.97,73.1478,53.6291
2021-09,Lisboa e Vale do Tejo,ACES Lisboa Central,"38.7306317, -9.1510414",301162,246741,81.93,53343,17.71,1078,0.36,51.8022,26.6185
2021-09,Lisboa e Vale do Tejo,ACES Sintra,"38.7519209, -9.2753636",367159,263717,71.83,102432,27.9,1010,0.28,55.404,43.1707
2021-09,Norte,ACES Alto Ave,"41.4417064, -8.1722408",273090,264228,96.75,8770,3.21,92,0.03,77.3071,66.328
2021-09,Norte,ACES Maia / Valongo,"41.2333945, -8.6187474",221609,217731,98.25,3815,1.72,63,0.03,71.7207,50.7629
2021-09,Norte,ACES Porto Ocidental,"41.1741353, -8.6691662",178437,172509,96.68,5667,3.18,261,0.15,66.6764,18.5104
2021-10,Lisboa e Vale do Tejo,ACES Arrábida,"38.5324373, -8.8627453",238352,184146,77.26,53646,22.51,560,0.23,64.972,46.541
2021-10,Lisboa e Vale do Tejo,ACES Lisboa Norte,"38.7396924, -9.168506",271564,235517,86.73,31906,11.75,4141,1.52,56.3819,28.9927
2021-10,Lisboa e Vale do Tejo,ACES Médio Tejo,"39.478072, -8.5404429",225229,186298,82.71,38531,17.11,400,0.18,70.4412,63.1219
2021-10,Norte,ACES Alto Tâmega e Barroso,"41.741781, -7.4731648",90540,85760,94.72,4570,5.05,210,0.23,73.1489,67.0704
2021-10,Norte,ACES Ave / Famalicão,"41.3835805, -8.4157518",124727,124369,99.71,289,0.23,69,0.06,77.0972,2.7933
2021-10,Norte,ACES Braga,"41.5518714, -8.4126362",203764,198283,97.31,5481,2.69,0,0.0,75.1369,51.103
2021-10,Norte,ACES Feira e Arouca,"40.9263169, -8.5478813",154711,152478,98.56,2211,1.43,22,0.01,75.8084,72.5034
2021-10,Norte,ACES Matosinhos,"41.1918541, -8.6590693",177057,172417,97.38,4487,2.53,153,0.09,73.8045,38.9871
2021-10,Norte,ACES Santo Tirso / Trofa,"41.3469246, -8.4822648",115543,111966,96.9,3541,3.06,36,0.03,75.9553,64.6432
2021-10,Norte,ACES Vale do Sousa Norte,"41.2793583, -8.2787457",160531,153640,95.71,6883,4.29,8,0.0,77.9469,71.8473
2021-11,Alentejo,ACES Alentejo Central,"38.8442031, -7.5826619",167754,160048,95.41,7408,4.42,298,0.18,75.6522,59.0984
2021-11,Alentejo,ACES Baixo Alentejo,"38.0153039, -7.8627308",124502,115273,92.59,8792,7.06,437,0.35,72.083,57.1123
2021-11,Alentejo,ACES São Mamede,"39.2967086, -7.4284755",114719,100269,87.4,14279,12.45,171,0.15,70.2264,64.1982
2021-11,Algarve,ACES Algarve Central,"37.0274264, -7.9395984",274283,246055,89.71,27863,10.16,365,0.13,56.3734,25.6809
2021-11,Algarve,ACES Algarve Sotavento,"37.383008, -7.7293275",63054,58934,93.47,4042,6.41,78,0.12,63.6534,26.8447
2021-11,Centro,ACES Baixo Vouga,"40.6405055, -8.6537539",397788,372845,93.73,22595,5.68,2348,0.59,70.4635,44.595
2021-11,Centro,ACES Beira Interior Sul,"39.8211367, -7.5036651",74338,65505,88.12,8445,11.36,388,0.52,69.9329,45.3754
2021-11,Lisboa e Vale do Tejo,ACES Lisboa Central,"38.7306317, -9.1510414",303690,251692,82.88,50931,16.77,1067,0.35,51.4551,23.0308
2021-11,Lisboa e Vale do Tejo,ACES Lisboa Norte,"38.7396924, -9.168506",271621,236460,87.06,31535,11.61,3626,1.33,56.4715,28.8852
2021-11,Norte,ACES Alto Ave,"41.4417064, -8.1722408",273092,263074,96.33,9942,3.64,76,0.03,76.3637,67.2791
2021-11,Norte,ACES Aveiro Norte,"40.8472225, -8.4656674",119065,119005,99.95,18,0.02,42,0.04,75.2698,16.6667
2021-11,Norte,ACES Baixo Tâmega,"41.2719719, -8.0791631",164318,163511,99.51,558,0.34,249,0.15,75.5728,18.4539
2021-11,Norte,ACES Barcelos / Esposende,"41.5317419, -8.6178922",160157,158606,99.03,1492,0.93,59,0.04,74.693,60.9425
2021-11,Norte,ACES Maia / Valongo,"41.2333945, -8.6187474",221726,217898,98.27,3771,1.7,57,0.03,71.5785,51.9979
2021-11,Norte,ACES Porto Oriental,"41.1694498, -8.6126428",118827,108885,91.63,9876,8.31,66,0.06,69.8025,58.7116
2021-11,Norte,ACES Vale do Sousa Norte,"41.2793583, -8.2787457",160673,151167,94.08,9498,5.91,8,0.0,77.2386,70.6817
2021-12,Alentejo,ACES Alentejo Central,"38.8442031, -7.5826619",167924,159925,95.24,7696,4.58,303,0.18,76.2267,61.5952
2021-12,Algarve,ACES Algarve Barlavento,"37.1387554, -8.5445093",184378,133660,72.49,49785,27.0,933,0.51,56.9877,33.6915
2021-12,Centro,ACES Baixo Vouga,"40.6405055, -8.6537539",398318,374421,94.0,21532,5.41,2365,0.59,70.8298,42.8338
2021-12,Centro,ACES Beira Interior Sul,"39.8211367, -7.5036651",74517,65342,87.69,8673,11.64,502,0.67,70.031,44.7302
2021-12,Centro,ACES Dão Lafões,"40.6565861, -7.9124712",274504,260993,95.08,13125,4.78,386,0.14,73.6124,41.9288
2021-12,Lisboa e Vale do Tejo,ACES Estuário do Tejo,"38.9528113, -8.9911154",237524,172485,72.62,64417,27.12,622,0.26,62.5979,43.6123
2021-12,Lisboa e Vale do Tejo,ACES Loures / Odivelas,"38.8012718, -9.1137868",375783,299478,79.69,76036,20.23,269,0.07,56.1207,32.2377
2021-12,Lisboa e Vale do Tejo,ACES Médio Tejo,"39.478072, -8.5404429",225776,185045,81.96,40351,17.87,380,0.17,70.4189,62.9079
2021-12,Lisboa e Vale do Tejo,ACES Oeste Sul,"39.0917759, -9.2600341",212474,168124,79.13,43843,20.63,507,0.24,63.4953,44.221
2021-12,Norte,ACES Alto Ave,"41.4417064, -8.1722408",273221,264951,96.97,8195,3.0,75,0.03,76.7111,65.5418
2021-12,Norte,ACES Alto Tâmega e Barroso,"41.741781, -7.4731648",90605,87046,96.07,3345,3.69,214,0.24,73.2785,60.4931
2021-12,Norte,ACES Espinho / Gaia,"41.0022421, -8.642018",184374,171064,92.78,13244,7.18,66,0.04,72.7352,62.6869
2021-12,Norte,ACES Gondomar,"41.1738444, -8.5612238",167805,163935,97.69,3799,2.26,71,0.04,74.8303,62.3514
2021-12,Norte,ACES Marão e Douro Norte,"41.2968711, -7.7483727",105790,99842,94.38,5659,5.35,289,0.27,72.5572,64.61
2022-01,Algarve,ACES Algarve Sotavento,"37.383008, -7.7293275",63359,59008,93.13,4271,6.74,80,0.13,64.6985,26.4537
2022-01,Centro,ACES Baixo Mondego,"40.2150023, -8.4071805",391758,364878,93.14,25029,6.39,1851,0.47,71.549,47.0026
2022-01,Centro,ACES Cova da Beira,"40.2677741, -7.4995083",87434,84599,96.76,2715,3.11,120,0.14,73.7968,61.5873
2022-01,Centro,ACES Guarda,"40.5353285, -7.2724426",150930,133714,88.59,15919,10.55,1297,0.86,71.547,54.3368
2022-01,Lisboa e Vale do Tejo,ACES Cascais,"38.69904, -9.3818008",226183,181779,80.37,41057,18.15,3347,1.48,54.5963,23.8098
2022-01,Lisboa e Vale do Tejo,ACES Lisboa Central,"38.7306317, -9.1510414",305562,247036,80.85,57468,18.81,1058,0.35,52.6027,24.5958
2022-01,Norte,ACES Alto Ave,"41.4417064, -8.1722408",273382,260918,95.44,12390,4.53,74,0.03,77.2373,66.8422
2022-01,Norte,ACES Espinho / Gaia,"41.0022421, -8.642018",184311,170942,92.75,13303,7.22,66,0.04,73.2684,62.8422
2022-01,Norte,ACES Gaia,"41.1278433, -8.580396",161250,157866,97.9,3219,2.0,165,0.1,70.251,59.9687
2022-01,Norte,ACES Gerês / Cabreira,"41.6298661, -8.3596897",106871,105281,98.51,1583,1.48,7,0.01,79.6697,70.5329
2022-01,Norte,ACES Nordeste,"41.8069684, -6.7587977",132413,126760,95.73,4684,3.54,969,0.73,75.8089,43.5067
2022-01,Norte,ACES Santo Tirso / Trofa,"41.3469246, -8.4822648",115581,111805,96.73,3745,3.24,31,0.03,75.5686,61.2503
2022-02,Alentejo,ACES Baixo Alentejo,"38.0153039, -7.8627308",124554,116136,93.24,7981,6.41,437,0.35,73.882,56.9918
2022-02,Alentejo,ACES São Mamede,"39.2967086, -7.4284755",114988,96930,84.3,17857,15.53,201,0.17,70.4734,66.0852
2022-02,Algarve,ACES Algarve Barlavento,"37.1387554, -8.5445093",185548,134526,72.5,50105,27.0,917,0.49,56.9701,33.0439
2022-02,Centro,ACES Guarda,"40.5353285, -7.2724426",150633,131574,87.35,17867,11.86,1192,0.79,71.8408,55.7124
2022-02,Lisboa e Vale do Tejo,ACES Cascais,"38.69904, -9.3818008",227226,183057,80.56,40765,17.94,3404,1.5,54.4084,22.3748
2022-02,Norte,ACES Aveiro Norte,"40.8472225, -8.4656674",119300,119229,99.94,30,0.03,41,0.03,75.1687,24.2857
2022-02,Norte,ACES Espinho / Gaia,"41.0022421, -8.642018",184405,182749,99.1,1591,0.86,65,0.04,73.4145,29.6498
2022-02,Norte,ACES Marão e Douro Norte,"41.2968711, -7.7483727",105748,103739,98.1,1766,1.67,243,0.23,73.926,51.3191
2022-02,Norte,ACES Porto Oriental,"41.1694498, -8.6126428",119336,113945,95.48,5322,4.46,69,0.06,71.1105,42.2049
2022-03,Alentejo,ACES São Mamede,"39.2967086, -7.4284755",115260,92224,80.01,22833,19.81,203,0.18,71.0391,67.1196
2022-03,Centro,ACES Cova da Beira,"40.2677741, -7.4995083",87585,84222,96.16,3239,3.7,124,0.14,74.0558,63.2957
2022-03,Centro,ACES Dão Lafões,"40.6565861, -7.9124712",274704,262767,95.65,11554,4.21,383,0.14,73.6064,38.2456
2022-03,Centro,ACES Pinhal Interior Norte,"40.1151262, -8.2473136",131505,124814,94.91,5945,4.52,746,0.57,74.677,52.1948
2022-03,Lisboa e Vale do Tejo,ACES Estuário do Tejo,"38.9528113, -8.9911154",238313,162995,68.4,74713,31.35,605,0.25,62.9388,44.7943
2022-03,Lisboa e Vale do Tejo,ACES Lisboa Central,"38.7306317, -9.1510414",306969,241324,78.62,64591,21.04,1054,0.34,52.3983,26.7703
2022-03,Lisboa e Vale do Tejo,ACES Oeste Sul,"39.0917759, -9.2600341",213894,160390,74.99,52993,24.78,511,0.24,63.8119,45.8307
2022-03,Norte,ACES Alto Tâmega e Barroso,"41.741781, -7.4731648",90504,87644,96.84,2645,2.92,215,0.24,75.0508,59.3031
2022-03,Norte,ACES Aveiro Norte,"40.8472225, -8.4656674",119354,118863,99.59,449,0.38,42,0.04,75.7306,66.0981
2022-03,Norte,ACES Gondomar,"41.1738444, -8.5612238",167630,163966,97.81,3590,2.14,74,0.04,75.9974,66.1732
2022-03,Norte,ACES Maia / Valongo,"41.2333945, -8.6187474",221396,218448,98.67,2882,1.3,66,0.03,73.4819,33.1184
2022-03,Norte,ACES Porto Ocidental,"41.1741353, -8.6691662",178635,173302,97.01,5115,2.86,218,0.12,69.1028,30.6264
2022-03,Norte,ACES Porto Oriental,"41.1694498, -8.6126428",119156,112259,94.21,6838,5.74,59,0.05,71.4743,46.025
2022-04,Alentejo,ACES São Mamede,"39.2967086, -7.4284755",115227,92619,80.38,22404,19.44,204,0.18,71.2142,68.9123
2022-04,Algarve,ACES Algarve Sotavento,"37.383008, -7.7293275",63427,57288,90.32,6043,9.53,96,0.15,65.3129,33.8655
2022-04,Lisboa e Vale do Tejo,ACES Arrábida,"38.5324373, -8.8627453",240855,181697,75.44,58512,24.29,646,0.27,64.8768,45.5458
2022-04,Lisboa e Vale do Tejo,ACES Loures / Odivelas,"38.8012718, -9.1137868",376097,286594,76.2,89359,23.76,144,0.04,56.8287,33.1899
2022-04,Norte,ACES Baixo Tâmega,"41.2719719, -8.0791631",163299,163106,99.88,72,0.04,121,0.07,77.153,21.2435
2022-04,Norte,ACES Gondomar,"41.1738444, -8.5612238",167553,165560,98.81,1919,1.15,74,0.04,76.1681,65.1279
2022-04,Norte,ACES Nordeste,"41.8069684, -6.7587977",132090,123039,93.15,8090,6.12,961,0.73,75.9308,55.1983
2022-04,Norte,ACES Porto Oriental,"41.1694498, -8.6126428",119332,112167,94.0,7107,5.96,58,0.05,71.524,45.4571
2022-04,Norte,ACES Santo Tirso / Trofa,"41.3469246, -8.4822648",115606,114810,99.31,760,0.66,36,0.03,75.8222,15.2893
2022-04,Norte,ACES Vale do Sousa Sul,"41.1548155, -8.2163769",175031,170151,97.21,4869,2.78,11,0.01,78.1924,75.3893
2022-05,Alentejo,ACES Alentejo Central,"38.8442031, -7.5826619",167649,151080,90.12,14706,8.77,1863,1.11,76.7601,65.5294
2022-05,Alentejo,ACES Alentejo Litoral,"38.3841359, -8.5132031",103529,89134,86.1,13825,13.35,570,0.55,62.3607,40.3038
2022-05,Centro,ACES Dão Lafões,"40.6565861, -7.9124712",275053,262756,95.53,11910,4.33,387,0.14,73.6752,37.6711
2022-05,Centro,ACES Pinhal Litoral,"39.7495331, -8.807683",277987,243893,87.74,33357,12.0,737,0.27,72.476,57.2953
2022-05,Lisboa e Vale do Tejo,ACES Arrábida,"38.5324373, -8.8627453",241433,181600,75.22,59183,24.51,650,0.27,64.8768,45.5458
2022-05,Lisboa e Vale do Tejo,ACES Cascais,"38.69904, -9.3818008",228270,182457,79.93,42320,18.54,3493,1.53,54.9539,22.7757
2022-05,Lisboa e Vale do Tejo,ACES Oeste Norte,"39.410844, -9.1396215",182012,141917,77.97,39894,21.92,201,0.11,71.6347,53.2268
2022-05,Norte,ACES Alto Tâmega e Barroso,"41.741781, -7.4731648",90504,87560,96.75,2723,3.01,221,0.24,75.1768,59.7796
2022-05,Norte,ACES Baixo Tâmega,"41.2719719, -8.0791631",163355,161518,98.88,1715,1.05,122,0.07,77.153,21.2435
2022-05,Norte,ACES Braga,"41.5518714, -8.4126362",205544,200425,97.51,5119,2.49,0,0.0,74.7716,56.5172
2022-05,Norte,ACES Feira e Arouca,"40.9263169, -8.5478813",155425,152023,97.81,3390,2.18,12,0.01,76.4838,79.0279
2022-05,Norte,ACES Gerês / Cabreira,"41.6298661, -8.3596897",107063,105539,98.58,1509,1.41,15,0.01,80.0471,29.0323
2022-05,Norte,ACES Porto Oriental,"41.1694498, -8.6126428",119519,110634,92.57,8821,7.38,64,0.05,71.524,45.4571
2022-05,Norte,ACES Santo Tirso / Trofa,"41.3469246, -8.4822648",115687,113082,97.75,2566,2.22,39,0.03,75.8222,15.2893
2022-05,Norte,ACES Vale do Sousa Norte,"41.2793583, -8.2787457",162023,162018,100.0,0,0.0,5,0.0,78.8441,0.0
2022-06,Alentejo,ACES Baixo Alentejo,"38.0153039, -7.8627308",124396,109175,87.76,14784,11.88,437,0.35,74.2538,62.6364
2022-06,Algarve,ACES Algarve Barlavento,"37.1387554, -8.5445093",186975,132940,71.1,53068,28.38,967,0.52,56.483,29.6515
2022-06,Lisboa e Vale do Tejo,ACES Almada / Seixal,"38.6678522, -9.1875777",363587,298878,82.2,63196,17.38,1513,0.42,63.4327,25.3732
2022-06,Lisboa e Vale do Tejo,ACES Arrábida,"38.5324373, -8.8627453",242081,183152,75.66,58250,24.06,679,0.28,64.5148,45.849
2022-06,Lisboa e Vale do Tejo,ACES Lisboa Norte,"38.7396924, -9.168506",273711,223382,81.61,46642,17.04,3687,1.35,57.3649,31.5005
2022-06,Lisboa e Vale do Tejo,ACES Oeste Norte,"39.410844, -9.1396215",182248,141868,77.84,40183,22.05,197,0.11,71.7333,52.8194
2022-06,Norte,ACES Alto Minho,"41.7056054, -8.8252713",249495,243138,97.45,6312,2.53,45,0.02,77.7754,75.665
2022-06,Norte,ACES Douro Sul,"41.0953745, -7.8123805",68816,68438,99.45,365,0.53,13,0.02,78.752,44.9735
2022-06,Norte,ACES Espinho / Gaia,"41.0022421, -8.642018",184563,182651,98.96,1844,1.0,68,0.04,74.5812,27.3965
2022-07,Alentejo,ACES São Mamede,"39.2967086, -7.4284755",115363,93098,80.7,22063,19.12,202,0.18,71.6428,68.924
2022-07,Centro,ACES Dão Lafões,"40.6565861, -7.9124712",275160,259461,94.29,15314,5.57,385,0.14,73.7942,44.6085
2022-07,Centro,ACES Pinhal Interior Sul,"39.7510898, -7.9203657",31483,26398,83.85,4881,15.5,204,0.65,80.5959,78.5654
2022-07,Lisboa e Vale do Tejo,ACES Almada / Seixal,"38.6678522, -9.1875777",363836,309342,85.02,52969,14.56,1525,0.42,63.4327,25.3732
2022-07,Lisboa e Vale do Tejo,ACES Arrábida,"38.5324373, -8.8627453",242380,179759,74.16,61938,25.55,683,0.28,64.5148,45.849
2022-07,Lisboa e Vale do Tejo,ACES Sintra,"38.7519209, -9.2753636",373930,243319,65.07,129566,34.65,1045,0.28,57.7527,47.1847
2022-07,Norte,ACES Alto Ave,"41.4417064, -8.1722408",272563,270798,99.35,1680,0.62,85,0.03,78.1372,36.6686
2022-07,Norte,ACES Gaia,"41.1278433, -8.580396",161981,155809,96.19,6036,3.73,136,0.08,72.3319,54.6623
2022-08,Alentejo,ACES Alentejo Central,"38.8442031, -7.5826619",167410,150914,90.15,14648,8.75,1848,1.1,76.7691,68.6188
2022-08,Norte,ACES Barcelos / Esposende,"41.5317419, -8.6178922",161263,159670,99.01,1529,0.95,64,0.04,76.6634,40.9692
2022-08,Norte,ACES Braga,"41.5518714, -8.4126362",206007,200131,97.15,5875,2.85,1,0.0,75.4023,54.9499
2022-08,Norte,ACES Maia / Valongo,"41.2333945, -8.6187474",222107,217207,97.79,4847,2.18,53,0.02,73.6438,55.4627
2022-08,Norte,ACES Porto Ocidental,"41.1741353, -8.6691662",179418,175848,98.01,3345,1.86,225,0.13,69.6066,42.4726
2022-09,Alentejo,ACES Baixo Alentejo,"38.0153039, -7.8627308",124109,108501,87.42,15160,12.22,448,0.36,73.362,62.4163
2022-09,Alentejo,ACES São Mamede,"39.2967086, -7.4284755",115518,94295,81.63,21017,18.19,206,0.18,71.4804,69.0557
2022-09,Centro,ACES Baixo Vouga,"40.6405055, -8.6537539",402945,373127,92.6,27445,6.81,2373,0.59,71.7103,47.2683
2022-09,Lisboa e Vale do Tejo,ACES Arco Ribeirinho,"38.6672076, -9.0543329",231944,154532,66.62,77174,33.27,238,0.1,59.9084,44.8637
2022-09,Lisboa e Vale do Tejo,ACES Cascais,"38.69904, -9.3818008",228222,187376,82.1,36882,16.16,3964,1.74,54.6558,17.8844
2022-09,Lisboa e Vale do Tejo,ACES Lisboa Ocidental e Oeiras,"38.6914388, -9.3184304",250481,209792,83.76,40529,16.18,160,0.06,57.898,36.8545
2022-09,Lisboa e Vale do Tejo,ACES Oeste Sul,"39.0917759, -9.2600341",215467,146284,67.89,68687,31.88,496,0.23,63.3846,47.6258
2022-09,Lisboa e Vale do Tejo,ACES Sintra,"38.7519209, -9.2753636",375206,253700,67.62,120474,32.11,1032,0.28,57.5356,46.537
2022-09,Norte,ACES Alto Tâmega e Barroso,"41.741781, -7.4731648",90712,89862,99.06,618,0.68,232,0.26,75.6135,55.4007
2022-09,Norte,ACES Gerês / Cabreira,"41.6298661, -8.3596897",107488,107112,99.65,364,0.34,12,0.01,79.1651,71.2948
2022-09,Norte,ACES Gondomar,"41.1738444, -8.5612238",167843,167545,99.82,222,0.13,76,0.05,76.7488,15.1515
2022-09,Norte,ACES Porto Oriental,"41.1694498, -8.6126428",120231,117061,97.36,3111,2.59,59,0.05,71.8808,49.4634
2022-10,Centro,ACES Pinhal Interior Norte,"40.1151262, -8.2473136",131894,119875,90.89,11282,8.55,737,0.56,74.1489,58.6038
2022-10,Centro,ACES Pinhal Litoral,"39.7495331, -8.807683",279796,247357,88.41,31673,11.32,766,0.27,72.1857,56.0255
2022-10,Lisboa e Vale do Tejo,ACES Estuário do Tejo,"38.9528113, -8.9911154",239501,149957,62.61,88951,37.14,593,0.25,61.3363,44.1943
2022-10,Lisboa e Vale do Tejo,ACES Lezíria,"39.2371689, -8.6908895",202834,162720,80.22,38169,18.82,1945,0.96,72.0195,61.055
2022-10,Lisboa e Vale do Tejo,ACES Lisboa Ocidental e Oeiras,"38.6914388, -9.3184304",250633,209899,83.75,40575,16.19,159,0.06,57.8488,41.9457
2022-10,Lisboa e Vale do Tejo,ACES Médio Tejo,"39.478072, -8.5404429",225579,173611,76.96,51524,22.84,444,0.2,70.7562,63.4189
2022-10,Norte,ACES Alto Tâmega e Barroso,"41.741781, -7.4731648",90804,90106,99.23,466,0.51,232,0.26,75.7067,55.0071
2022-10,Norte,ACES Ave / Famalicão,"41.3835805, -8.4157518",124954,114583,91.7,10315,8.26,56,0.04,77.8342,72.3192
2022-10,Norte,ACES Douro Sul,"41.0953745, -7.8123805",68865,68584,99.59,267,0.39,14,0.02,78.4491,45.1957
2022-10,Norte,ACES Vale do Sousa Sul,"41.1548155, -8.2163769",175590,170656,97.19,4923,2.8,11,0.01,78.539,73.728
2022-11,Lisboa e Vale do Tejo,ACES Arco Ribeirinho,"38.6672076, -9.0543329",232152,149608,64.44,82301,35.45,243,0.1,59.7492,34.1572
2022-11,Norte,ACES Alto Minho,"41.7056054, -8.8252713",250215,240953,96.3,9225,3.69,37,0.01,77.9476,73.9553
2022-11,Norte,ACES Feira e Arouca,"40.9263169, -8.5478813",155622,152089,97.73,3520,2.26,13,0.01,76.3703,72.3748
2022-11,Norte,ACES Gondomar,"41.1738444, -8.5612238",167860,164027,97.72,3767,2.24,66,0.04,77.0863,69.6858
2022-12,Norte,ACES Alto Minho,"41.7056054, -8.8252713",250232,241045,96.33,9154,3.66,33,0.01,77.8242,76.102
2022-12,Norte,ACES Feira e Arouca,"40.9263169, -8.5478813",155697,149145,95.79,6539,4.2,13,0.01,76.0708,71.9542
2022-12,Norte,ACES Gerês / Cabreira,"41.6298661, -8.3596897",107527,106010,98.59,1505,1.4,12,0.01,79.1922,79.196
2022-12,Lisboa e Vale do Tejo,ACES Oeste Norte,"39.410844, -9.1396215",183094,136885,74.76,46020,25.13,189,0.1,69.7341,56.045
2022-12,Lisboa e Vale do Tejo,ACES Amadora,"38.7573081, -9.23429",180618,118954,65.86,61149,33.86,515,0.29,54.922,42.0143
2022-12,Lisboa e Vale do Tejo,ACES Arco Ribeirinho,"38.6672076, -9.0543329",231980,146454,63.13,85286,36.76,240,0.1,59.0784,37.6989
2022-12,Lisboa e Vale do Tejo,ACES Lisboa Ocidental e Oeiras,"38.6914388, -9.3184304",250977,205325,81.81,45500,18.13,152,0.06,56.6195,43.7974
2022-12,Lisboa e Vale do Tejo,ACES Sintra,"38.7519209, -9.2753636",376348,251839,66.92,123446,32.8,1063,0.28,57.1933,47.9394
2022-12,Lisboa e Vale do Tejo,ACES Lezíria,"39.2371689, -8.6908895",203006,154794,76.25,46257,22.79,1955,0.96,70.8521,61.0764
2022-12,Lisboa e Vale do Tejo,ACES Almada / Seixal,"38.6678522, -9.1875777",366709,313442,85.47,51794,14.12,1473,0.4,62.9265,37.72
2023-01,Norte,ACES Vale do Sousa Sul,"41.1548155, -8.2163769",175768,168691,95.97,7071,4.02,6,0.0,78.2491,75.9644
2023-01,Norte,ACES Gerês / Cabreira,"41.6298661, -8.3596897",107607,104777,97.37,2819,2.62,11,0.01,78.7854,75.1058
2023-01,Norte,ACES Baixo Tâmega,"41.2719719, -8.0791631",162705,159297,97.91,3283,2.02,125,0.08,76.9974,69.1811
2023-01,Norte,ACES Matosinhos,"41.1918541, -8.6590693",176144,171722,97.49,4272,2.43,150,0.09,72.7274,28.3582
2023-01,Norte,ACES Douro Sul,"41.0953745, -7.8123805",68681,67232,97.89,1432,2.09,17,0.02,77.9837,69.0821
2023-01,Centro,ACES Guarda,"40.5353285, -7.2724426",150105,131308,87.48,16547,11.02,2250,1.5,71.2515,51.4271
2023-01,Lisboa e Vale do Tejo,ACES Oeste Sul,"39.0917759, -9.2600341",216577,140411,64.83,75688,34.95,478,0.22,60.9732,45.6445
2023-01,Lisboa e Vale do Tejo,ACES Lisboa Ocidental e Oeiras,"38.6914388, -9.3184304",251155,203054,80.85,47942,19.09,159,0.06,55.2507,38.8152
2023-01,Alentejo,ACES Baixo Alentejo,"38.0153039, -7.8627308",123905,100606,81.2,22846,18.44,453,0.37,71.4911,63.5521
2023-02,Norte,ACES Alto Minho,"41.7056054, -8.8252713",250309,242519,96.89,7756,3.1,34,0.01,77.1491,71.2104
2023-02,Norte,ACES Feira e Arouca,"40.9263169, -8.5478813",155438,151927,97.74,3498,2.25,13,0.01,75.369,69.886
2023-02,Norte,ACES Vale do Sousa Sul,"41.1548155, -8.2163769",176000,172238,97.86,3756,2.13,6,0.0,78.2789,78.1765
2023-02,Norte,ACES Aveiro Norte,"40.8472225, -8.4656674",119300,119267,99.97,10,0.01,23,0.02,76.6605,42.4242
2023-02,Norte,ACES Barcelos / Esposende,"41.5317419, -8.6178922",161198,157974,98.0,3168,1.97,56,0.03,76.8271,68.1762
2023-02,Norte,ACES Braga,"41.5518714, -8.4126362",207575,206120,99.3,1450,0.7,5,0.0,74.1945,55.0
2023-02,Norte,ACES Porto Ocidental,"41.1741353, -8.6691662",180362,174854,96.95,5309,2.94,199,0.11,68.8046,38.0857
2023-02,Norte,ACES Espinho / Gaia,"41.0022421, -8.642018",184743,177445,96.05,7230,3.91,68,0.04,74.1982,58.4133
2023-02,Norte,ACES Gondomar,"41.1738444, -8.5612238",168021,167789,99.86,171,0.1,61,0.04,76.4134,15.2174
2023-02,Centro,ACES Pinhal Interior Norte,"40.1151262, -8.2473136",131899,117884,89.37,13267,10.06,748,0.57,73.0688,59.8259
2023-02,Centro,ACES Dão Lafões,"40.6565861, -7.9124712",276683,260862,94.28,15447,5.58,374,0.14,71.4367,58.6886
2023-02,Lisboa e Vale do Tejo,ACES Oeste Sul,"39.0917759, -9.2600341",216892,145583,67.12,70835,32.66,474,0.22,60.639,45.1162
2023-02,Lisboa e Vale do Tejo,ACES Lisboa Central,"38.7306317, -9.1510414",308908,226317,73.26,81595,26.41,996,0.32,48.9853,29.4215
2023-02,Algarve,ACES Algarve Sotavento,"37.383008, -7.7293275",64162,53879,83.97,10066,15.69,217,0.34,64.5495,45.9444
2023-03,Norte,ACES Aveiro Norte,"40.8472225, -8.4656674",119397,119367,99.97,10,0.01,20,0.02,76.69,46.6667
2023-03,Norte,ACES Gerês / Cabreira,"41.6298661, -8.3596897",107730,107711,99.98,19,0.02,0,0.0,78.716,16.0
2023-03,Norte,ACES Barcelos / Esposende,"41.5317419, -8.6178922",161169,159297,98.84,1820,1.13,52,0.03,76.8737,72.0085
2023-03,Norte,ACES Baixo Tâmega,"41.2719719, -8.0791631",162659,160971,98.96,1559,0.96,129,0.08,76.8985,55.2133
2023-03,Norte,ACES Alto Tâmega e Barroso,"41.741781, -7.4731648",90950,88915,97.76,1833,2.02,202,0.22,74.9269,61.5723
2023-03,Norte,ACES Maia / Valongo,"41.2333945, -8.6187474",222656,217528,97.7,5109,2.29,19,0.01,73.2413,44.7805
2023-03,Centro,ACES Pinhal Interior Sul,"39.7510898, -7.9203657",31398,26695,85.02,4703,14.98,0,0.0,79.4216,59.8129
2023-03,Centro,ACES Pinhal Interior Norte,"40.1151262, -8.2473136",131960,119494,90.55,11713,8.88,753,0.57,73.1547,57.725
2023-03,Lisboa e Vale do Tejo,ACES Lisboa Central,"38.7306317, -9.1510414",309276,222666,72.0,85606,27.68,1004,0.32,48.8462,29.6167
2023-03,Alentejo,ACES São Mamede,"39.2967086, -7.4284755",116155,99042,85.27,16900,14.55,213,0.18,71.2868,68.0575
2023-04,Norte,ACES Aveiro Norte,"40.8472225, -8.4656674",119696,119665,99.97,11,0.01,20,0.02,76.6024,48.3871
2023-04,Norte,ACES Gerês / Cabreira,"41.6298661, -8.3596897",107929,107852,99.93,77,0.07,0,0.0,78.6341,5.95238
2023-04,Norte,ACES Douro Sul,"41.0953745, -7.8123805",68680,61702,89.84,6978,10.16,0,0.0,78.1814,74.348
2023-04,Norte,ACES Espinho / Gaia,"41.0022421, -8.642018",184633,168793,91.42,15774,8.54,66,0.04,73.7425,66.7487
2023-04,Centro,ACES Baixo Vouga,"40.6405055, -8.6537539",405045,350938,86.64,51739,12.77,2368,0.58,70.463,55.2042
2023-04,Centro,ACES Baixo Mondego,"40.2150023, -8.4071805",395872,350280,88.48,43652,11.03,1940,0.49,70.8924,54.4438
2023-04,Centro,ACES Pinhal Litoral,"39.7495331, -8.807683",281138,221420,78.76,59058,21.01,660,0.23,69.9343,59.5114
2023-04,Centro,ACES Guarda,"40.5353285, -7.2724426",146885,129113,87.9,17234,11.73,538,0.37,73.2539,50.5571
2023-04,Lisboa e Vale do Tejo,ACES Oeste Norte,"39.410844, -9.1396215",184535,135084,73.2,49269,26.7,182,0.1,69.1083,54.1486
2023-04,Lisboa e Vale do Tejo,ACES Oeste Sul,"39.0917759, -9.2600341",218442,141514,64.78,76456,35.0,472,0.22,59.7138,45.2839
2023-04,Lisboa e Vale do Tejo,ACES Lisboa Norte,"38.7396924, -9.168506",273302,204941,74.99,66224,24.23,2137,0.78,53.0073,32.0768
2023-04,Lisboa e Vale do Tejo,ACES Almada / Seixal,"38.6678522, -9.1875777",369636,303521,82.11,64609,17.48,1506,0.41,61.9453,34.7637
2023-04,Alentejo,ACES Alentejo Litoral,"38.3841359, -8.5132031",106000,83878,79.13,21509,20.29,613,0.58,59.6189,43.3776
2023-04,Alentejo,ACES São Mamede,"39.2967086, -7.4284755",116210,100694,86.65,15299,13.16,217,0.19,71.388,67.1415
2023-05,Norte,ACES Braga,"41.5518714, -8.4126362",209194,200148,95.68,7301,3.49,1745,0.83,73.5497,57.2597
2023-05,Norte,ACES Baixo Tâmega,"41.2719719, -8.0791631",162551,162096,99.72,328,0.2,127,0.08,76.6875,27.9018
2023-05,Norte,ACES Vale do Sousa Norte,"41.2793583, -8.2787457",161630,159804,98.87,1807,1.12,19,0.01,79.4649,76.7327
2023-05,Norte,ACES Gaia,"41.1278433, -8.580396",164278,156684,95.38,7525,4.58,69,0.04,72.1597,60.3766
2023-05,Centro,ACES Beira Interior Sul,"39.8211367, -7.5036651",76063,66900,87.95,8809,11.58,354,0.47,68.9188,45.995
2023-05,Centro,ACES Baixo Vouga,"40.6405055, -8.6537539",405576,343160,84.61,60038,14.8,2378,0.59,70.2464,55.8084
2023-05,Lisboa e Vale do Tejo,ACES Oeste Sul,"39.0917759, -9.2600341",218948,137048,62.59,81428,37.19,472,0.22,59.2975,46.7568
2023-05,Lisboa e Vale do Tejo,ACES Lisboa Ocidental e Oeiras,"38.6914388, -9.3184304",252341,198487,78.66,53721,21.29,133,0.05,55.1712,39.0636
2023-05,Alentejo,ACES Baixo Alentejo,"38.0153039, -7.8627308",123858,104357,84.26,19198,15.5,303,0.24,70.7625,61.8213
2023-05,Alentejo,ACES Alentejo Central,"38.8442031, -7.5826619",168549,143437,85.1,24486,14.53,626,0.37,75.0691,67.7823
2023-06,Norte,ACES Vale do Sousa Sul,"41.1548155, -8.2163769",176783,176770,99.99,7,0.0,6,0.0,78.4692,30.7692
2023-06,Norte,ACES Matosinhos,"41.1918541, -8.6590693",176788,172278,97.45,4411,2.5,99,0.06,72.9892,24.5657
2023-06,Norte,ACES Porto Ocidental,"41.1741353, -8.6691662",181558,174937,96.35,6419,3.54,202,0.11,68.7642,32.4328
2023-06,Norte,ACES Santo Tirso / Trofa,"41.3469246, -8.4822648",116173,115195,99.16,916,0.79,62,0.05,76.1301,17.0121
2023-06,Norte,ACES Gaia,"41.1278433, -8.580396",164604,161479,98.1,3059,1.86,66,0.04,72.3548,46.6881
2023-06,Centro,ACES Beira Interior Sul,"39.8211367, -7.5036651",76077,65460,86.04,10264,13.49,353,0.46,68.886,48.1677
2023-06,Centro,ACES Dão Lafões,"40.6565861, -7.9124712",278374,265416,95.35,12584,4.52,374,0.13,71.3461,51.5271
2023-06,Centro,ACES Guarda,"40.5353285, -7.2724426",146844,126220,85.96,20101,13.69,523,0.36,73.6136,54.7028
2023-06,Lisboa e Vale do Tejo,ACES Amadora,"38.7573081, -9.23429",182516,118385,64.86,63633,34.86,498,0.27,53.5626,39.1833
2023-06,Lisboa e Vale do Tejo,ACES Loures / Odivelas,"38.8012718, -9.1137868",379332,263620,69.5,115379,30.42,333,0.09,53.5104,32.4824
2023-06,Lisboa e Vale do Tejo,ACES Lezíria,"39.2371689, -8.6908895",204259,152600,74.71,49584,24.28,2075,1.02,69.6094,58.1777
2023-06,Alentejo,ACES Alentejo Litoral,"38.3841359, -8.5132031",106354,86050,80.91,19559,18.39,745,0.7,59.5029,40.7088
2023-07,Norte,ACES Aveiro Norte,"40.8472225, -8.4656674",120009,119993,99.99,0,0.0,16,0.01,77.0842,31.25
2023-07,Norte,ACES Matosinhos,"41.1918541, -8.6590693",176842,172164,97.35,4580,2.59,98,0.06,72.9498,25.0534
2023-07,Centro,ACES Cova da Beira,"40.2677741, -7.4995083",88388,79477,89.92,8775,9.93,136,0.15,71.5222,69.1729
2023-07,Lisboa e Vale do Tejo,ACES Estuário do Tejo,"38.9528113, -8.9911154",239004,131465,55.01,107047,44.79,492,0.21,55.9431,36.4264
2023-07,Lisboa e Vale do Tejo,ACES Lisboa Central,"38.7306317, -9.1510414",306552,221188,72.15,84624,27.61,740,0.24,49.2908,27.5069
2023-07,Alentejo,ACES São Mamede,"39.2967086, -7.4284755",116005,101509,87.5,14307,12.33,189,0.16,71.7457,67.2806
2023-08,Norte,ACES Feira e Arouca,"40.9263169, -8.5478813",155490,155176,99.8,308,0.2,6,0.0,75.7579,64.0127
2023-08,Norte,ACES Gerês / Cabreira,"41.6298661, -8.3596897",108197,106102,98.06,1995,1.84,100,0.09,78.5743,61.7801
2023-08,Norte,ACES Barcelos / Esposende,"41.5317419, -8.6178922",161810,160324,99.08,1437,0.89,49,0.03,76.7691,55.249
2023-08,Norte,ACES Porto Ocidental,"41.1741353, -8.6691662",182063,176156,96.76,5759,3.16,148,0.08,68.4785,35.3578
2023-08,Norte,ACES Douro Sul,"41.0953745, -7.8123805",68832,68536,99.57,296,0.43,0,0.0,78.1758,52.3649
2023-08,Norte,ACES Gondomar,"41.1738444, -8.5612238",168338,168138,99.88,165,0.1,35,0.02,76.9143,21.0
2023-08,Lisboa e Vale do Tejo,ACES Amadora,"38.7573081, -9.23429",180245,119288,66.18,60501,33.57,456,0.25,53.961,37.3772
2023-08,Lisboa e Vale do Tejo,ACES Arco Ribeirinho,"38.6672076, -9.0543329",233563,147779,63.27,85560,36.63,224,0.1,57.087,38.4069
2023-08,Lisboa e Vale do Tejo,ACES Lisboa Norte,"38.7396924, -9.168506",271374,201215,74.15,68184,25.13,1975,0.73,52.5824,30.6005
2023-08,Lisboa e Vale do Tejo,ACES Lezíria,"39.2371689, -8.6908895",203397,152456,74.95,49449,24.31,1492,0.73,69.7331,57.5807
2023-09,Norte,ACES Braga,"41.5518714, -8.4126362",211140,207112,98.09,3681,1.74,347,0.16,73.1927,39.0927
2023-09,Norte,ACES Baixo Tâmega,"41.2719719, -8.0791631",161608,161530,99.95,28,0.02,50,0.03,76.8997,29.4872
2023-09,Norte,ACES Ave / Famalicão,"41.3835805, -8.4157518",125633,125266,99.71,321,0.26,46,0.04,76.3597,7.90191
2023-09,Norte,ACES Matosinhos,"41.1918541, -8.6590693",177035,172043,97.18,4892,2.76,100,0.06,72.5698,25.9615
2023-09,Norte,ACES Douro Sul,"41.0953745, -7.8123805",68864,68846,99.97,15,0.02,3,0.0,77.9173,61.1111
2023-09,Norte,ACES Alto Ave,"41.4417064, -8.1722408",272032,258463,95.01,13525,4.97,44,0.02,78.279,75.982
2023-09,Norte,ACES Maia / Valongo,"41.2333945, -8.6187474",222107,211330,95.15,10587,4.77,190,0.09,73.5826,56.0546
2023-09,Centro,ACES Cova da Beira,"40.2677741, -7.4995083",88530,78156,88.28,10233,11.56,141,0.16,71.1676,65.828
2023-09,Lisboa e Vale do Tejo,ACES Estuário do Tejo,"38.9528113, -8.9911154",239947,128077,53.38,111375,46.42,495,0.21,55.3497,35.5627
2023-09,Lisboa e Vale do Tejo,ACES Lisboa Central,"38.7306317, -9.1510414",305773,217191,71.03,87920,28.75,662,0.22,49.1258,26.3823
2023-09,Lisboa e Vale do Tejo,ACES Lisboa Norte,"38.7396924, -9.168506",271873,197393,72.6,72532,26.68,1948,0.72,52.3031,31.3386
2023-09,Alentejo,ACES Baixo Alentejo,"38.0153039, -7.8627308",122580,100375,81.89,22000,17.95,205,0.17,71.7417,63.1344
2023-09,Algarve,ACES Algarve Sotavento,"37.383008, -7.7293275",63778,52597,82.47,10922,17.13,259,0.41,65.7562,43.878
2023-10,Norte,ACES Feira e Arouca,"40.9263169, -8.5478813",155450,155092,99.77,355,0.23,3,0.0,75.9466,60.8939
2023-10,Norte,ACES Braga,"41.5518714, -8.4126362",211503,207080,97.91,4102,1.94,321,0.15,73.1522,38.406
2023-10,Norte,ACES Baixo Tâmega,"41.2719719, -8.0791631",161627,161527,99.94,46,0.03,54,0.03,76.8226,29.0
2023-10,Norte,ACES Ave / Famalicão,"41.3835805, -8.4157518",125719,123465,98.21,2208,1.76,46,0.04,76.535,64.0195
2023-10,Norte,ACES Vale do Sousa Norte,"41.2793583, -8.2787457",162133,162120,99.99,0,0.0,13,0.01,78.9056,46.1538
2023-10,Norte,ACES Marão e Douro Norte,"41.2968711, -7.7483727",105900,105729,99.84,76,0.07,95,0.09,74.1202,9.35672
2023-10,Norte,ACES Douro Sul,"41.0953745, -7.8123805",68792,68770,99.97,19,0.03,3,0.0,77.8608,54.5455
2023-10,Norte,ACES Gondomar,"41.1738444, -8.5612238",168493,168312,99.89,149,0.09,32,0.02,76.7522,17.6796
2023-10,Norte,ACES Maia / Valongo,"41.2333945, -8.6187474",219744,209083,95.15,10589,4.82,72,0.03,74.2004,56.4769
2023-10,Centro,ACES Beira Interior Sul,"39.8211367, -7.5036651",76647,66530,86.8,9841,12.84,276,0.36,67.6204,45.725
2023-10,Lisboa e Vale do Tejo,ACES Oeste Norte,"39.410844, -9.1396215",186656,136333,73.04,50200,26.89,123,0.07,68.3337,52.0597
2023-10,Lisboa e Vale do Tejo,ACES Arco Ribeirinho,"38.6672076, -9.0543329",234921,145740,62.04,88962,37.87,219,0.09,56.6833,37.5876
2023-10,Lisboa e Vale do Tejo,ACES Lisboa Ocidental e Oeiras,"38.6914388, -9.3184304",252870,218765,86.51,33994,13.44,111,0.04,56.327,33.4526
2023-10,Lisboa e Vale do Tejo,ACES Loures / Odivelas,"38.8012718, -9.1137868",377604,263026,69.66,114159,30.23,419,0.11,53.8461,27.5079
2023-10,Algarve,ACES Algarve Barlavento,"37.1387554, -8.5445093",188579,132004,70.0,55758,29.57,817,0.43,55.8985,32.7259
2023-11,Norte,ACES Póvoa do Varzim / Vila do Conde,"41.355519, -8.746653",156631,154036,98.34,2524,1.61,71,0.05,73.4963,57.0328
2023-11,Norte,ACES Marão e Douro Norte,"41.2968711, -7.7483727",104140,103972,99.84,72,0.07,96,0.09,75.055,8.33333
2023-11,Centro,ACES Baixo Mondego,"40.2150023, -8.4071805",390377,359259,92.03,29510,7.56,1608,0.41,71.5665,43.4452
2023-11,Centro,ACES Dão-Lafões,"40.6565861, -7.9124712",275071,256706,93.32,18131,6.59,234,0.09,72.6652,59.4228
2023-11,Lisboa e Vale do Tejo,ACES Amadora,"38.7573081, -9.23429",181009,116589,64.41,63906,35.31,514,0.28,53.62,37.4589
2023-11,Lisboa e Vale do Tejo,ACES Estuário do Tejo,"38.9528113, -8.9911154",240537,128603,53.46,111448,46.33,486,0.2,54.4361,32.881
2023-11,Lisboa e Vale do Tejo,ACES Lisboa Central,"38.7306317, -9.1510414",306968,213799,69.65,92520,30.14,649,0.21,48.8834,25.0319
2023-11,Lisboa e Vale do Tejo,ACES Médio Tejo,"39.478072, -8.5404429",226256,154876,68.45,70986,31.37,394,0.17,68.449,54.1104
2023-11,Lisboa e Vale do Tejo,ACES Almada / Seixal,"38.6678522, -9.1875777",369907,302090,81.67,66722,18.04,1095,0.3,61.7699,33.9694
2023-12,Norte,ACES Feira e Arouca,"40.9263169, -8.5478813",154800,152871,98.75,1926,1.24,3,0.0,76.3988,60.9254
2023-12,Norte,ACES Aveiro Norte,"40.8472225, -8.4656674",120187,120175,99.99,1,0.0,11,0.01,77.4538,33.3333
2023-12,Norte,ACES Vale do Sousa Norte,"41.2793583, -8.2787457",161722,161710,99.99,0,0.0,12,0.01,78.8909,18.1818
2023-12,Norte,ACES Alto Ave,"41.4417064, -8.1722408",270864,258758,95.53,12078,4.46,28,0.01,78.6635,74.3273
2023-12,Lisboa e Vale do Tejo,ACES Oeste Sul,"39.0917759, -9.2600341",220696,128670,58.3,91619,41.51,407,0.18,57.824,45.3828
2023-12,Lisboa e Vale do Tejo,ACES Loures / Odivelas,"38.8012718, -9.1137868",377394,263371,69.79,113622,30.11,401,0.11,53.8731,26.7665
2023-12,Lisboa e Vale do Tejo,ACES Almada / Seixal,"38.6678522, -9.1875777",370367,302931,81.79,66374,17.92,1062,0.29,61.7699,33.9694
2024-01,Norte,CSP da ULS Gaia / Espinho,"41.127363348, -8.5796956622",348674,342766,98.31,5887,1.69,21,0.01,71.4143,58.2706
2024-01,Norte,CSP da ULS Alto Ave,"41.426805082, -8.2945278754",287368,275179,95.76,12160,4.23,29,0.01,77.8292,73.6538
2024-01,Centro,CSP da ULS Baixo Mondego,"40.130297609, -8.860696177",108821,97432,89.53,11287,10.37,102,0.09,69.0531,55.0021
2024-02,Norte,CSP da ULS Nordeste,"41.806816, -6.759102",126265,115339,91.35,10630,8.42,296,0.23,74.3151,66.0626
2024-02,Norte,CSP da ULS Tâmega e Sousa,"41.206266147, -8.2725028602",481644,481581,99.99,25,0.01,38,0.01,76.8692,31.746
2024-02,Norte,CSP da ULS Trás-os-Montes Alto Douro,"41.2969, -7.74841",261136,256398,98.19,4611,1.77,127,0.05,75.0,69.7748
2024-02,Norte,CSP da ULS Santo António,"41.160263, -8.681729",349213,342382,98.04,6739,1.93,92,0.03,71.2467,46.9701
2024-02,Centro,CSP da ULS Região de Aveiro,"40.6418, -8.65166",392701,366609,93.36,25597,6.52,495,0.13,70.8147,55.1893
2024-02,Lisboa e Vale do Tejo,CSP da ULS Estuário do Tejo,"38.891077, -9.039536",235253,129907,55.22,104965,44.62,381,0.16,50.3322,32.5793
2024-02,Lisboa e Vale do Tejo,CSP da ULS Almada / Seixal,"38.6276044797217, -9.11368350111247",364398,300241,82.39,63325,17.38,832,0.23,60.5088,36.8767
2024-02,Lisboa e Vale do Tejo,CSP da ULS Lisboa Ocidental,"38.698818794, -9.3815130504",473486,400242,84.53,70984,14.99,2260,0.48,55.9725,28.4761
2024-02,Lisboa e Vale do Tejo,CSP da ULS São José,"38.7365023, -9.1313583",425757,320615,75.3,104429,24.53,713,0.17,52.2038,26.5498
2024-02,Algarve,CSP da ULS Algarve,"37.02745056, -7.937649",521938,415055,79.52,105789,20.27,1094,0.21,56.8519,35.4974
2024-03,Norte,CSP da ULS Alto Minho,"41.696866, -8.832522",246954,240248,97.28,6677,2.7,29,0.01,76.4588,65.6427
2024-03,Norte,CSP da ULS Nordeste,"41.806816, -6.759102",125121,113254,90.52,11574,9.25,293,0.23,74.754,66.3352
2024-03,Centro,CSP da ULS Região de Aveiro,"40.6418, -8.65166",389864,360166,92.38,29206,7.49,492,0.13,71.1302,54.2932
2024-03,Lisboa e Vale do Tejo,CSP da ULS Arrábida,"38.531, -8.8874",238138,175093,73.53,62332,26.17,713,0.3,59.5692,41.4291
2024-03,Lisboa e Vale do Tejo,CSP da ULS Loures / Odivelas,"38.821769, -9.176301",229030,159729,69.74,69172,30.2,129,0.06,53.8135,29.7716
2024-03,Alentejo,CSP da ULS Litoral Alentejano,"38.039936, -8.731693",100544,77445,77.03,22725,22.6,374,0.37,57.5967,44.4521
2024-04,Norte,CSP da ULS Braga,"41.629758698, -8.3591461276",319554,312976,97.94,6471,2.03,107,0.03,75.7615,38.1981
2024-04,Lisboa e Vale do Tejo,CSP da ULS São José,"38.7365023, -9.1313583",421534,314866,74.7,105943,25.13,725,0.17,54.2752,27.7525
2024-05,Norte,CSP da ULS Matosinhos,"41.1807, -8.66314",176391,170239,96.51,6091,3.45,61,0.03,73.0343,42.1164
2024-05,Norte,CSP da ULS Nordeste,"41.806816, -6.759102",125222,112457,89.81,12470,9.96,295,0.24,77.1109,67.9671
2024-05,Norte,CSP da ULS Tâmega e Sousa,"41.206266147, -8.2725028602",481723,479838,99.61,1850,0.38,35,0.01,77.7704,66.5782
2024-05,Centro,CSP da ULS Cova da Beira,"40.279552, -7.501801",84328,67595,80.16,16638,19.73,95,0.11,71.4789,63.6766
2024-05,Centro,CSP da ULS Baixo Mondego,"40.130297609, -8.860696177",108015,95962,88.84,11937,11.05,116,0.11,72.4233,62.5156
2024-05,Lisboa e Vale do Tejo,CSP da ULS Oeste,"39.411452329, -9.1394549604",245950,140344,57.06,105369,42.84,237,0.1,61.7516,47.5465
2024-05,Lisboa e Vale do Tejo,CSP da ULS Santa Maria,"38.739567, -9.168651",343496,242125,70.49,99943,29.1,1428,0.42,53.6609,35.8248
2024-05,Lisboa e Vale do Tejo,CSP da ULS Médio Tejo,"39.446082196, -8.5086017608",177983,131000,73.6,46738,26.26,245,0.14,71.05,60.3248
2024-05,Alentejo,CSP da ULS Baixo Alentejo,"38.014, -7.8675",120285,102904,85.55,17319,14.4,62,0.05,72.3266,63.0919
2024-05,Alentejo,CSP da ULS Litoral Alentejano,"38.039936, -8.731693",101034,76909,76.12,23764,23.52,361,0.36,60.5479,43.9337
2024-05,Alentejo,CSP da ULS Alto Alentejo,"39.2991, -7.4278",107780,93258,86.53,14459,13.42,63,0.06,73.3633,68.0622
2024-06,Norte,CSP da ULS Médio Ave,"41.383524892, -8.4155289584",241683,239791,99.22,1878,0.78,14,0.01,76.7882,61.7905
2024-06,Norte,CSP da ULS Gaia / Espinho,"41.127363348, -8.5796956622",348983,343718,98.49,5236,1.5,29,0.01,73.0973,57.4359
2024-06,Norte,CSP da ULS Trás-os-Montes Alto Douro,"41.2969, -7.74841",260531,249291,95.69,11137,4.27,103,0.04,76.5933,70.9411
2024-06,Norte,CSP da ULS Santo António,"41.160263, -8.681729",348697,337206,96.7,11398,3.27,93,0.03,73.1779,58.78
2024-06,Norte,CSP da ULS Alto Ave,"41.426805082, -8.2945278754",286881,274001,95.51,12850,4.48,30,0.01,78.9686,75.3339
2024-06,Centro,CSP da ULS Cova da Beira,"40.279552, -7.501801",84211,68629,81.5,15485,18.39,97,0.12,71.3514,61.8983
2024-06,Centro,CSP da ULS Região de Aveiro,"40.6418, -8.65166",392140,354895,90.5,36770,9.38,475,0.12,72.684,56.6653
2024-06,Alentejo,CSP da ULS Litoral Alentejano,"38.039936, -8.731693",101147,76937,76.06,23854,23.58,356,0.35,60.5327,43.7712
2024-07,Norte,CSP da ULS Alto Minho,"41.696866, -8.832522",248660,241707,97.2,6922,2.78,31,0.01,78.2502,62.3328
2024-07,Norte,CSP da ULS Póvoa Varzim / Vila Conde,"41.355472362, -8.7448970377",156955,150849,96.11,6091,3.88,15,0.01,74.3742,71.1759
2024-07,Centro,CSP da ULS Região de Aveiro,"40.6418, -8.65166",392655,355600,90.56,36587,9.32,468,0.12,73.0871,56.2947
2024-07,Centro,CSP da ULS Baixo Mondego,"40.130297609, -8.860696177",108227,97463,90.05,10667,9.86,97,0.09,72.9984,62.0308
2024-07,Alentejo,CSP da ULS Baixo Alentejo,"38.014, -7.8675",120346,102580,85.24,17714,14.72,52,0.04,72.3364,62.7153
2024-07,Algarve,CSP da ULS Algarve,"37.02745056, -7.937649",522330,413055,79.08,108238,20.72,1037,0.2,61.0024,35.004
2024-08,Norte,CSP da ULS Barcelos / Esposende,"41.533628173, -8.6240622256",161695,154983,95.85,6691,4.14,21,0.01,77.4968,70.0312
2024-08,Norte,CSP da ULS Póvoa Varzim / Vila Conde,"41.355472362, -8.7448970377",157205,151040,96.08,6150,3.91,15,0.01,74.3742,71.1759
2024-08,Norte,CSP da ULS Braga,"41.629758698, -8.3591461276",322455,315266,97.77,7079,2.2,110,0.03,75.8323,44.6102
2024-08,Norte,CSP da ULS Médio Ave,"41.383524892, -8.4155289584",242180,238661,98.55,3505,1.45,14,0.01,77.0574,67.443
2024-08,Lisboa e Vale do Tejo,CSP da ULS Almada / Seixal,"38.6276044797217, -9.11368350111247",366537,299741,81.78,66428,18.12,368,0.1,62.7131,30.1408
2024-08,Lisboa e Vale do Tejo,CSP da ULS Arrábida,"38.531, -8.8874",241512,165077,68.35,75699,31.34,736,0.3,62.1514,41.6373
2024-08,Lisboa e Vale do Tejo,CSP da ULS São José,"38.7365023, -9.1313583",425953,314533,73.84,110702,25.99,718,0.17,54.4729,28.5025
2024-08,Alentejo,CSP da ULS Baixo Alentejo,"38.014, -7.8675",120417,104698,86.95,15656,13.0,63,0.05,72.3364,62.7153
2024-09,Norte,CSP da ULS Médio Ave,"41.383524892, -8.4155289584",242340,238892,98.58,3435,1.42,13,0.01,77.0244,75.1463
2024-09,Norte,CSP da ULS Alto Ave,"41.426805082, -8.2945278754",287401,271266,94.39,16105,5.6,30,0.01,79.5425,76.1202
2024-09,Centro,CSP da ULS Cova da Beira,"40.279552, -7.501801",84090,70827,84.23,13170,15.66,93,0.11,71.4969,57.7697
2024-09,Centro,CSP da ULS Região de Aveiro,"40.6418, -8.65166",393809,353327,89.72,40026,10.16,456,0.12,73.3457,56.6919
2024-09,Lisboa e Vale do Tejo,CSP da ULS Arrábida,"38.531, -8.8874",242117,158929,65.64,82432,34.05,756,0.31,62.0923,39.93
2024-09,Lisboa e Vale do Tejo,CSP da ULS Lisboa Ocidental,"38.698818794, -9.3815130504",477423,414524,86.83,61316,12.84,1583,0.33,59.144,25.816
2024-09,Lisboa e Vale do Tejo,CSP da ULS Loures / Odivelas,"38.821769, -9.176301",232148,167173,72.01,64782,27.91,193,0.08,56.2852,28.9527
2024-09,Alentejo,CSP da ULS Alto Alentejo,"39.2991, -7.4278",108812,95850,88.09,12898,11.85,64,0.06,73.8347,67.5127
2024-10,Norte,CSP da ULS Matosinhos,"41.1807, -8.66314",176975,170617,96.41,6300,3.56,58,0.03,73.2448,37.8578
2024-10,Norte,CSP da ULS Póvoa Varzim / Vila Conde,"41.355472362, -8.7448970377",157391,147506,93.72,9872,6.27,13,0.01,74.5494,70.5109
2024-10,Norte,CSP da ULS Nordeste,"41.806816, -6.759102",125631,115412,91.87,9991,7.95,228,0.18,77.5191,64.8106
2024-10,Centro,CSP da ULS Guarda,"40.5314, -7.27322",140348,124947,89.03,15164,10.8,237,0.17,75.4475,58.3092
2024-10,Centro,CSP da ULS Baixo Mondego,"40.130297609, -8.860696177",108438,102967,94.95,5388,4.97,83,0.08,74.1705,60.9317
2024-10,Centro,CSP da ULS Região de Leiria,"39.7464482, -8.8044873",400405,297014,74.18,103064,25.74,327,0.08,68.6025,54.8979
2024-10,Alentejo,CSP da ULS Baixo Alentejo,"38.014, -7.8675",120596,107646,89.26,12783,10.6,167,0.14,72.8009,62.6409
2024-10,Alentejo,CSP da ULS Alto Alentejo,"39.2991, -7.4278",109044,94829,86.96,14151,12.98,64,0.06,74.4828,67.6187
2024-10,Algarve,CSP da ULS Algarve,"37.02745056, -7.937649",527066,423246,80.3,102798,19.5,1022,0.19,61.4871,33.9527
2024-11,Norte,CSP da ULS Matosinhos,"41.1807, -8.66314",177066,171965,97.12,5042,2.85,59,0.03,73.2365,26.0145
2024-11,Norte,CSP da ULS Braga,"41.629758698, -8.3591461276",324133,313955,96.86,10035,3.1,143,0.04,76.3798,44.8228
2024-11,Norte,CSP da ULS São João,"41.169696, -8.612651",347735,331933,95.46,15793,4.54,9,0.0,74.4277,59.5051
2024-11,Norte,CSP da ULS Santo António,"41.160263, -8.681729",349989,334622,95.61,15268,4.36,99,0.03,73.4529,56.7543
2024-11,Centro,CSP da ULS Região de Leiria,"39.7464482, -8.8044873",401055,297615,74.21,103113,25.71,327,0.08,68.7611,54.7511
2024-11,Alentejo,CSP da ULS Alentejo Central,"38.574093, -7.911785",164446,150505,91.52,12244,7.45,1697,1.03,76.7018,70.4899
2024-12,Norte,CSP da ULS Barcelos / Esposende,"41.533628173, -8.6240622256",161678,159815,98.85,1842,1.14,21,0.01,78.4164,63.8218
2024-12,Norte,CSP da ULS Nordeste,"41.806816, -6.759102",126005,114650,90.99,11129,8.83,226,0.18,78.1421,70.9379
2024-12,Centro,CSP da ULS Baixo Mondego,"40.130297609, -8.860696177",108807,105206,96.69,3532,3.25,69,0.06,74.6891,52.902
2024-12,Lisboa e Vale do Tejo,CSP da ULS Estuário do Tejo,"38.891077, -9.039536",238670,119343,50.0,118981,49.85,346,0.14,58.9328,36.2206
2024-12,Lisboa e Vale do Tejo,CSP da ULS Amadora / Sintra,"38.75717, -9.23401",548825,371349,67.66,176140,32.09,1336,0.24,58.2965,39.0498
2024-12,Alentejo,CSP da ULS Baixo Alentejo,"38.014, -7.8675",120694,107888,89.39,12627,10.46,179,0.15,73.084,61.7367
2025-01,Algarve,CSP da ULS Algarve,"37.02745056, -7.937649",530832,430034,81.01,99779,18.8,1019,0.19,61.71406,38.47299
2025-01,Centro,CSP da ULS Baixo Mondego,"40.130297609, -8.860696177",108930,104330,95.78,4531,4.16,69,0.06,75.06747,59.6087
2025-01,Centro,CSP da ULS Viseu Dão-Lafões,"40.659169, -7.915314",275814,268293,97.27,7509,2.72,12,0.0,75.95699,64.57918
2025-01,Lisboa e Vale do Tejo,CSP da ULS Médio Tejo,"39.605565, -8.404399",181305,123524,68.13,57557,31.75,224,0.12,70.77411,63.41767
2025-01,Norte,CSP da ULS Braga,"41.629758698, -8.3591461276",325188,321587,98.89,3451,1.06,150,0.05,76.64766,55.73452
2025-01,Norte,CSP da ULS Gaia / Espinho,"41.127363348, -8.5796956622",351738,346537,98.52,5172,1.47,29,0.01,75.25431,69.29437
2025-01,Norte,CSP da ULS Médio Ave,"41.346844614, -8.482973945",242935,239493,98.58,3432,1.41,10,0.0,77.49028,74.31726
2025-01,Norte,CSP da ULS São João,"41.169696, -8.612651",348506,333549,95.71,14954,4.29,3,0.0,74.83056,62.71311
2025-01,Norte,CSP da ULS Trás-os-Montes Alto Douro,"41.2969, -7.74841",261200,251310,96.21,9808,3.75,82,0.03,78.11256,69.76744
2025-02,Alentejo,CSP da ULS Alto Alentejo,"39.3004940975133, -7.42635033349663",109847,86473,78.72,23310,21.22,64,0.06,74.46084,68.82139
2025-02,Alentejo,CSP da ULS Litoral Alentejano,"38.039936, -8.731693",102513,80273,78.31,21919,21.38,321,0.31,61.86337,42.07284
2025-02,Algarve,CSP da ULS Algarve,"37.02745056, -7.937649",531877,429279,80.71,101599,19.1,999,0.19,61.73081,38.57093
2025-02,Centro,CSP da ULS Região de Aveiro,"40.6418, -8.65166",338589,329689,97.37,8469,2.5,431,0.13,74.07654,41.65169
2025-02,Lisboa e Vale do Tejo,CSP da ULS Almada / Seixal,"38.6276044797217, -9.11368350111247",371338,308382,83.05,62571,16.85,385,0.1,62.7528,35.11182
2025-02,Lisboa e Vale do Tejo,CSP da ULS Amadora / Sintra,"38.75717, -9.23401",552663,367733,66.54,183517,33.21,1413,0.26,58.206,41.17666
2025-02,Lisboa e Vale do Tejo,CSP da ULS Lezíria,"39.232503, -8.715083",201068,166385,82.75,34041,16.93,642,0.32,72.28649,58.73771
2025-03,Alentejo,CSP da ULS Alentejo Central,"38.568838, -7.903064",165292,151621,91.73,13658,8.26,13,0.01,77.80715,74.74947
2025-03,Alentejo,CSP da ULS Baixo Alentejo,"38.014, -7.8675",120879,104601,86.53,16067,13.29,211,0.17,73.14505,66.02777
2025-03,Centro,CSP da ULS Baixo Mondego,"40.130297609, -8.860696177",109178,105960,97.05,3147,2.88,71,0.07,75.52712,55.12741
2025-03,Lisboa e Vale do Tejo,CSP da ULS Arrábida,"38.531, -8.8874",245575,156767,63.84,88093,35.87,715,0.29,62.86348,48.27943
2025-03,Lisboa e Vale do Tejo,CSP da ULS Lezíria,"39.232503, -8.715083",201380,166251,82.56,34491,17.13,638,0.32,72.32545,59.62595
2025-03,Norte,CSP da ULS Póvoa Varzim / Vila Conde,"41.355472362, -8.7448970377",157756,154145,97.71,3598,2.28,13,0.01,75.71122,65.35586
2025-04,Centro,CSP da ULS Região de Leiria,"39.7418, -8.79444",404724,297513,73.51,106901,26.41,310,0.08,69.30377,58.51545
2025-04,Lisboa e Vale do Tejo,CSP da ULS Lezíria,"39.232503, -8.715083",201654,164156,81.4,36861,18.28,637,0.32,72.2376,61.43794
2025-04,Lisboa e Vale do Tejo,CSP da ULS Santa Maria,"38.739567, -9.168651",351721,233325,66.34,116990,33.26,1406,0.4,55.78257,35.62958
2025-04,Norte,CSP da ULS Barcelos / Esposende,"41.533628173, -8.6240622256",161479,161457,99.99,2,0.0,20,0.01,78.44302,22.72727
2025-04,Norte,CSP da ULS Braga,"41.629758698, -8.3591461276",326602,321621,98.47,4840,1.48,141,0.04,76.21111,49.34752
2025-04,Norte,CSP da ULS Entre Douro e Vouga,"40.926349, -8.548039",332624,323546,97.27,9060,2.72,18,0.01,79.11756,69.74003
2025-04,Norte,CSP da ULS Médio Ave,"41.346844614, -8.482973945",243216,241462,99.28,1744,0.72,10,0.0,77.23834,74.05929
2025-04,Norte,CSP da ULS Nordeste,"41.806816, -6.759102",126070,112212,89.01,13487,10.7,371,0.29,78.88157,77.58695
2025-05,Alentejo,CSP da ULS Alto Alentejo,"39.3004940975133, -7.42635033349663",110218,82922,75.23,27232,24.71,64,0.06,74.01332,68.75481
2025-05,Centro,CSP da ULS Baixo Mondego,"40.130297609, -8.860696177",109478,106067,96.88,3336,3.05,75,0.07,75.63803,53.97244
2025-05,Centro,CSP da ULS Coimbra,"40.21578, -8.41058",410249,377162,91.93,32616,7.95,471,0.11,74.94253,58.53054
2025-05,Centro,CSP da ULS Região de Leiria,"39.7418, -8.79444",405976,295517,72.79,110154,27.13,305,0.08,69.26198,58.05774
2025-05,Centro,CSP da ULS Viseu Dão-Lafões,"40.659169, -7.915314",276637,268035,96.89,8591,3.11,11,0.0,76.52511,65.5894
2025-05,Lisboa e Vale do Tejo,CSP da ULS Estuário do Tejo,"38.891077, -9.039536",242167,125864,51.97,115962,47.89,341,0.14,58.57156,47.97039
2025-05,Norte,CSP da ULS Barcelos / Esposende,"41.533628173, -8.6240622256",161600,161577,99.99,3,0.0,20,0.01,78.43874,21.73913
2025-05,Norte,CSP da ULS Matosinhos,"41.1807, -8.66314",177445,173192,97.6,4187,2.36,66,0.04,72.34692,34.14061
2025-05,Norte,CSP da ULS Póvoa Varzim / Vila Conde,"41.355472362, -8.7448970377",158012,154221,97.6,3779,2.39,12,0.01,75.3158,69.03192
2025-05,Norte,CSP da ULS São João,"41.169696, -8.612651",350514,333719,95.21,16790,4.79,5,0.0,73.9688,56.25484
2025-06,Centro,CSP da ULS Cova da Beira,"40.279552, -7.501801",85054,73017,85.85,11946,14.05,91,0.11,73.78136,64.85005
2025-06,Centro,CSP da ULS Guarda,"40.5314, -7.27322",140129,128011,91.35,11865,8.47,253,0.18,76.0592,62.84865
2025-06,Norte,CSP da ULS Barcelos / Esposende,"41.533628173, -8.6240622256",161843,161823,99.99,0,0.0,20,0.01,78.36484,20.0
2025-06,Norte,CSP da ULS São João,"41.169696, -8.612651",351176,334047,95.12,17124,4.88,5,0.0,73.73596,55.74756
2025-06,Norte,CSP da ULS Tâmega e Sousa,"41.206266147, -8.2725028602",484008,482223,99.63,1782,0.37,3,0.0,79.01006,74.28571
2025-06,Norte,CSP da ULS Trás-os-Montes Alto Douro,"41.2969, -7.74841",261739,241796,92.38,19862,7.59,81,0.03,78.26537,76.23728
2025-07,Alentejo,CSP da ULS Alentejo Central,"38.568838, -7.903064",166232,154145,92.73,12069,7.26,18,0.01,77.96333,75.20477
2025-07,Alentejo,CSP da ULS Litoral Alentejano,"38.039936, -8.731693",103942,78951,75.96,24722,23.78,269,0.26,61.64496,41.97911
2025-07,Centro,CSP da ULS Baixo Mondego,"40.130297609, -8.860696177",109829,104690,95.32,5066,4.61,73,0.07,75.78235,58.45495
2025-07,Centro,CSP da ULS Castelo Branco,"39.831269, -7.486884",101772,81037,79.63,20572,20.21,163,0.16,75.08549,64.71666
2025-07,Centro,CSP da ULS Guarda,"40.5314, -7.27322",140080,129370,92.35,10448,7.46,262,0.19,76.1215,63.72549
2025-07,Lisboa e Vale do Tejo,CSP da ULS Amadora / Sintra,"38.75717, -9.23401",563956,382790,67.88,179667,31.86,1499,0.27,57.9641,40.06712
2025-07,Lisboa e Vale do Tejo,CSP da ULS Lezíria,"39.232503, -8.715083",203563,175104,86.02,27832,13.67,627,0.31,72.24741,57.97814
2025-07,Lisboa e Vale do Tejo,CSP da ULS Lisboa Ocidental,"38.698818794, -9.3815130504",485830,435576,89.66,48832,10.05,1422,0.29,60.35877,24.39805
2025-07,Lisboa e Vale do Tejo,CSP da ULS Loures / Odivelas,"38.821769, -9.176301",237511,168208,70.82,69119,29.1,184,0.08,56.10266,31.56573
2025-07,Norte,CSP da ULS Matosinhos,"41.1807, -8.66314",177774,171313,96.37,6392,3.6,69,0.04,71.97059,43.80127
2025-07,Norte,CSP da ULS Médio Ave,"41.346844614, -8.482973945",243771,243751,99.99,10,0.0,10,0.0,76.92383,5.0
2025-07,Norte,CSP da ULS Póvoa Varzim / Vila Conde,"41.355472362, -8.7448970377",158452,154359,97.42,4081,2.58,12,0.01,75.14263,67.55436
2025-07,Norte,CSP da ULS Santo António,"41.160263, -8.681729",353281,332559,94.13,20619,5.84,103,0.03,72.96515,54.68102
2025-07,Norte,CSP da ULS Trás-os-Montes Alto Douro,"41.2969, -7.74841",261879,248287,94.81,13511,5.16,81,0.03,78.4683,74.57328
2025-08,Centro,CSP da ULS Cova da Beira,"40.279552, -7.501801",85515,76355,89.29,9064,10.6,96,0.11,74.13319,70.03275
2025-08,Centro,CSP da ULS Guarda,"40.5314, -7.27322",140173,129350,92.28,10557,7.53,266,0.19,75.98468,63.76236
2025-08,Centro,CSP da ULS Região de Leiria,"39.7418, -8.79444",410649,331396,80.7,78949,19.23,304,0.07,69.18828,56.55811
2025-08,Lisboa e Vale do Tejo,CSP da ULS Almada / Seixal,"38.6276044797217, -9.11368350111247",377424,320903,85.02,56107,14.87,414,0.11,62.39031,33.53798
2025-08,Lisboa e Vale do Tejo,CSP da ULS Lezíria,"39.232503, -8.715083",204216,171574,84.02,32019,15.68,623,0.31,72.08691,58.95166
2025-08,Norte,CSP da ULS Alto Ave,"41.426805082, -8.2945278754",289666,279046,96.33,10594,3.66,26,0.01,79.5171,75.2919
2025-08,Norte,CSP da ULS Braga,"41.629758698, -8.3591461276",327732,319950,97.63,7653,2.34,129,0.04,75.63192,34.92675
2025-08,Norte,CSP da ULS Santo António,"41.160263, -8.681729",353887,334391,94.49,19398,5.48,98,0.03,72.75712,54.44194
2025-08,Norte,CSP da ULS Trás-os-Montes Alto Douro,"41.2969, -7.74841",262078,247382,94.39,14615,5.58,81,0.03,78.48961,74.27191
2025-09,Alentejo,CSP da ULS Alentejo Central,"38.568838, -7.903064",166656,154436,92.67,12203,7.32,17,0.01,77.74518,74.33715
2025-09,Centro,CSP da ULS Guarda,"40.5314, -7.27322",140323,129533,92.31,10519,7.5,271,0.19,75.98612,63.21594
2025-09,Lisboa e Vale do Tejo,CSP da ULS Arco Ribeirinho,"38.6527214050293, -9.05825614929199",243954,159910,65.55,83872,34.38,172,0.07,58.18351,37.60054
2025-09,Lisboa e Vale do Tejo,CSP da ULS Lezíria,"39.232503, -8.715083",204658,168480,82.32,35555,17.37,623,0.3,72.18091,59.5196
2025-09,Lisboa e Vale do Tejo,CSP da ULS Lisboa Ocidental,"38.698818794, -9.3815130504",488910,434268,88.82,53240,10.89,1402,0.29,60.59377,23.55331
2025-09,Norte,CSP da ULS Alto Ave,"41.426805082, -8.2945278754",289887,280095,96.62,9764,3.37,28,0.01,79.5648,80.44322
2025-09,Norte,CSP da ULS Barcelos / Esposende,"41.533628173, -8.6240622256",162324,162305,99.99,1,0.0,18,0.01,78.42155,21.05263
2025-09,Norte,CSP da ULS Matosinhos,"41.1807, -8.66314",177894,172228,96.81,5597,3.15,69,0.04,72.02098,39.85175
2025-10,Alentejo,CSP da ULS Alto Alentejo,"39.3004940975133, -7.42635033349663",111057,83906,75.55,27086,24.39,65,0.06,73.02556,67.71035
2025-10,Lisboa e Vale do Tejo,CSP da ULS Estuário do Tejo,"38.891077, -9.039536",246633,129976,52.7,116316,47.16,341,0.14,58.92885,47.82482
2025-10,Lisboa e Vale do Tejo,CSP da ULS Lezíria,"39.232503, -8.715083",205040,164942,80.44,39479,19.25,619,0.3,72.26395,60.46436
2025-10,Norte,CSP da ULS Alto Minho,"41.696866, -8.832522",255615,252391,98.74,3193,1.25,31,0.01,79.09082,59.30521
2025-10,Norte,CSP da ULS São João,"41.169696, -8.612651",353958,337189,95.26,16762,4.74,7,0.0,73.37707,47.83231
2025-10,Norte,CSP da ULS Tâmega e Sousa,"41.206266147, -8.2725028602",485469,484432,99.79,1035,0.21,2,0.0,79.10969,61.81292
2025-11,Alentejo,CSP da ULS Baixo Alentejo,"38.009362882, -7.8559468083",121507,104800,86.25,16285,13.4,422,0.35,72.7168,60.01676
2025-11,Centro,CSP da ULS Cova da Beira,"40.279552, -7.501801",85900,76684,89.27,9131,10.63,85,0.1,74.27008,69.57465
2025-11,Centro,CSP da ULS Região de Aveiro,"40.6418, -8.65166",345288,333697,96.64,11168,3.23,423,0.12,73.54325,35.60521
2025-11,Lisboa e Vale do Tejo,CSP da ULS Almada / Seixal,"38.6276044797217, -9.11368350111247",379710,319587,84.17,59714,15.73,409,0.11,62.44871,34.09344
2025-11,Lisboa e Vale do Tejo,CSP da ULS Amadora / Sintra,"38.75717, -9.23401",572001,381549,66.7,189056,33.05,1396,0.24,57.68609,39.81108
2025-11,Lisboa e Vale do Tejo,CSP da ULS Arco Ribeirinho,"38.6527214050293, -9.05825614929199",245706,159745,65.01,85790,34.92,171,0.07,58.04539,37.30645
2025-11,Norte,CSP da ULS Médio Ave,"41.346844614, -8.482973945",244332,242641,99.31,1681,0.69,10,0.0,76.99114,65.1094
2025-12,Alentejo,CSP da ULS Alto Alentejo,"39.3004940975133, -7.42635033349663",111064,86814,78.17,24179,21.77,71,0.06,73.00475,67.07765
2025-12,Algarve,CSP da ULS Algarve,"37.02745056, -7.937649",553140,449742,81.31,102463,18.52,935,0.17,60.60853,34.49583
2025-12,Lisboa e Vale do Tejo,CSP da ULS Amadora / Sintra,"38.752326416, -9.274985919",573440,380345,66.33,191692,33.43,1403,0.24,57.40339,39.60641
2025-12,Lisboa e Vale do Tejo,CSP da ULS Arrábida,"38.531, -8.8874",254412,157970,62.09,95970,37.72,472,0.19,62.70066,48.76817
2025-12,Lisboa e Vale do Tejo,CSP da ULS Lezíria,"39.232503, -8.715083",205390,165801,80.72,38975,18.98,614,0.3,72.29466,61.0321
2026-01,Centro,CSP da ULS Guarda,"40.5314, -7.27322",140398,125819,89.62,14327,10.2,252,0.18,76.18912,64.97016
2026-01,Centro,CSP da ULS Região de Leiria,"39.7418, -8.79444",415987,334506,80.41,81167,19.51,314,0.08,69.54688,55.23864
2026-01,Lisboa e Vale do Tejo,CSP da ULS Amadora / Sintra,"38.752326416, -9.274985919",575047,380547,66.18,193115,33.58,1385,0.24,57.12455,39.44627
2026-01,Lisboa e Vale do Tejo,CSP da ULS Santa Maria,"38.739567, -9.168651",358220,241659,67.46,115108,32.13,1453,0.41,54.46625,32.87892
2026-01,Lisboa e Vale do Tejo,CSP da ULS São José,"38.7365023, -9.1313583",448017,344730,76.95,102600,22.9,687,0.15,53.37565,22.20705
2026-01,Norte,CSP da ULS Alto Ave,"41.426805082, -8.2945278754",290575,284288,97.84,6266,2.16,21,0.01,79.58771,81.62876
2026-01,Norte,CSP da ULS Barcelos / Esposende,"41.533628173, -8.6240622256",162739,162725,99.99,0,0.0,14,0.01,78.29408,7.14286
2026-01,Norte,CSP da ULS Braga,"41.629758698, -8.3591461276",327657,321401,98.09,6129,1.87,127,0.04,75.10232,30.72251
2026-01,Norte,CSP da ULS Nordeste,"41.806816, -6.759102",126665,124069,97.95,2351,1.86,245,0.19,79.87368,77.31125
2026-01,Norte,CSP da ULS São João,"41.169696, -8.612651",355162,336806,94.83,18351,5.17,5,0.0,72.70401,43.22292
